{"result": 1, "total": 2, "records": 100, "thead": ["省份", "流域", "断面名称", "监测时间", "水质类别", "水温<br/><span class='unit'>(℃)</span>", "pH<br/><span class='unit'>(无量纲)</span>", "溶解氧<br/><span class='unit'>(mg/L)</span>", "电导率<br/><span class='unit'>(μS/cm)</span>", "浊度<br/><span class='unit'>(NTU)</span>", "高锰酸盐指数<br/><span class='unit'>(mg/L)</span>", "氨氮<br/><span class='unit'>(mg/L)</span>", "总磷<br/><span class='unit'>(mg/L)</span>", "总氮<br/><span class='unit'>(mg/L)</span>", "叶绿素α<br/><span class='unit'>(mg/L)</span>", "藻密度<br/><span class='unit'>(cells/L)</span>", "站点情况"], "tbody": [["北京市", "海河流域", "<span data-toggle='tooltip' data-placement='right' title='所在地市:门头沟区&#10;所属河流:永定河'>沿河城</span>", null, "", "--", "--", "--", "--", "--", "--", "--", "--", "--", "*", "*", "停站"], ["北京市", "淮河流域", "<span data-toggle='tooltip' data-placement='right' title='所在地市:房山区&#10;所属河流:小清河'>八间房漫水桥</span>", "03-27 08:00", "Ⅲ", "<span data-toggle='tooltip' data-placement='right' title='原始值：13.8'>13.8</span>", "<span data-toggle='tooltip' data-placement='right' title='原始值：7.83'>7.83</span>", "<span data-toggle='tooltip' data-placement='right' title='原始值：8.64'>8.64</span>", "<span data-toggle='tooltip' data-placement='right' title='原始值：1118'>1118.0</span>", "<span data-toggle='tooltip' data-placement='right' title='原始值：11.66'>11.7</span>", "<span data-toggle='tooltip' data-placement='right' title='原始值：5.508'>5.51</span>", "<span data-toggle='tooltip' data-placement='right' title='原始值：0.005'>0.005</span>", "<span data-toggle='tooltip' data-placement='right' title='原始值：0.047'>0.047</span>", "<span data-toggle='tooltip' data-placement='right' title='原始值：4.45'>4.45</span>", "*", "*", "正常"], ["北京市", "海河流域", "<span data-toggle='tooltip' data-placement='right' title='所在地市:密云区&#10;所属河流:潮河'>古北口</span>", "03-27 08:00", "Ⅱ", "<span data-toggle='tooltip' data-placement='right' title='原始值：11.18518'>11.2</span>", "<span data-toggle='tooltip' data-placement='right' title='原始值：7.83085'>7.83</span>", "<span data-toggle='tooltip' data-placement='right' title='原始值：10.60756'>10.61</span>", "<span data-toggle='tooltip' data-placement='right' title='原始值：637.876'>637.9</span>", "<span data-toggle='tooltip' data-placement='right' title='原始值：4.11905'>4.1</span>", "<span data-toggle='tooltip' data-placement='right' title='原始值：0.8275'>0.83</span>", "<span data-toggle='tooltip' data-placement='right' title='原始值：0.17'>0.170</span>", "<span data-toggle='tooltip' data-placement='right' title='原始值：0.0021'>0.002</span>", "<span data-toggle='tooltip' data-placement='right' title='原始值：8.4042'>8.40</span>", "*", "*", "正常"], ["天津市", "海河流域", "<span data-toggle='tooltip' data-placement='right' title='所在地市:河北区&#10;所属河流:海河'>三岔口</span>", "03-27 08:00", "Ⅲ", "<span data-toggle='tooltip' data-placement='right' title='原始值：12.16'>12.2</span>", "<span data-toggle='tooltip' data-placement='right' title='原始值：7.837'>7.84</span>", "<span data-toggle='tooltip' data-placement='right' title='原始值：9.859'>9.86</span>", "<span data-toggle='tooltip' data-placement='right' title='原始值：667.9189'>667.9</span>", "<span data-toggle='tooltip' data-placement='right' title='原始值：16.565'>16.6</span>", "<span data-toggle='tooltip' data-placement='right' title='原始值：4.54'>4.54</span>", "<span data-toggle='tooltip' data-placement='right' title='原始值：0.26'>0.260</span>", "<span data-toggle='tooltip' data-placement='right' title='原始值：0.0358'>0.036</span>", "<span data-toggle='tooltip' data-placement='right' title='原始值：1.1998'>1.20</span>", "*", "*", "正常"], ["天津市", "海河流域", "<span data-toggle='tooltip' data-placement='right' title='所在地市:蓟州区&#10;所属河流:果河'>果河桥</span>", null, "", "--", "--", "--", "--", "--", "--", "--", "--", "--", "*", "*", "维护"], ["河北省", "海河流域", "<span data-toggle='tooltip' data-placement='right' title='所在地市:石家庄市&#10;所属河流:滹沱河'>岗南水库</span>", "03-27 08:00", "Ⅰ", "<span data-toggle='tooltip' data-placement='right' title='原始值：14.41011'>14.4</span>", "<span data-toggle='tooltip' data-placement='right' title='原始值：8.75419'>8.75</span>", "<span data-toggle='tooltip' data-placement='right' title='原始值：14.10388'>14.10</span>", "<span data-toggle='tooltip' data-placement='right' title='原始值：485.6464'>485.6</span>", "<span data-toggle='tooltip' data-placement='right' title='原始值：3.29843'>3.3</span>", "<span data-toggle='tooltip' data-placement='right' title='原始值：1.71823'>1.72</span>", "<span data-toggle='tooltip' data-placement='right' title='原始值：0.06'>0.060</span>", "<span data-toggle='tooltip' data-placement='right' title='原始值：0.00935'>0.009</span>", "<span data-toggle='tooltip' data-placement='right' title='原始值：2.41468'>2.41</span>", "*", "*", "正常"], ["河北省", "海河流域", "<span data-toggle='tooltip' data-placement='right' title='所在地市:张家口市&#10;所属河流:永定河'>八号桥</span>", "03-27 08:00", "Ⅲ", "<span data-toggle='tooltip' data-placement='right' title='原始值：10.78234'>10.8</span>", "<span data-toggle='tooltip' data-placement='right' title='原始值：8.26142'>8.26</span>", "<span data-toggle='tooltip' data-placement='right' title='原始值：9.95002'>9.95</span>", "<span data-toggle='tooltip' data-placement='right' title='原始值：1332.67'>1332.7</span>", "<span data-toggle='tooltip' data-placement='right' title='原始值：32.22575'>32.2</span>", "<span data-toggle='tooltip' data-placement='right' title='原始值：5.67'>5.67</span>", "<span data-toggle='tooltip' data-placement='right' title='原始值：0.2'>0.200</span>", "<span data-toggle='tooltip' data-placement='right' title='原始值：0.161'>0.161</span>", "<span data-toggle='tooltip' data-placement='right' title='原始值：6.61'>6.61</span>", "*", "*", "正常"], ["山西省", "黄河流域", "<span data-toggle='tooltip' data-placement='right' title='所在地市:运城市&#10;所属河流:汾河'>河津大桥</span>", null, "", "--", "--", "--", "--", "--", "--", "--", "--", "--", "*", "*", "停站"], ["山西省", "黄河流域", "<span data-toggle='tooltip' data-placement='right' title='所在地市:忻州市&#10;所属河流:黄河'>万家寨水库</span>", null, "", "--", "--", "--", "--", "--", "--", "--", "--", "--", "*", "*", "停站"], ["内蒙古自治区", "黄河流域", "<span data-toggle='tooltip' data-placement='right' title='所在地市:包头市&#10;所属河流:黄河'>画匠营子</span>", "03-27 08:00", "Ⅱ", "<span data-toggle='tooltip' data-placement='right' title='原始值：11.4115'>11.4</span>", "<span data-toggle='tooltip' data-placement='right' title='原始值：8.13432'>8.13</span>", "<span data-toggle='tooltip' data-placement='right' title='原始值：10.52876'>10.53</span>", "<span data-toggle='tooltip' data-placement='right' title='原始值：1508.961'>1509.0</span>", "<span data-toggle='tooltip' data-placement='right' title='原始值：587.1412'>587.1</span>", "<span data-toggle='tooltip' data-placement='right' title='原始值：3.66674'>3.67</span>", "<span data-toggle='tooltip' data-placement='right' title='原始值：0.06862'>0.069</span>", "*", "*", "*", "*", "正常"], ["内蒙古自治区", "黄河流域", "<span data-toggle='tooltip' data-placement='right' title='所在地市:乌海市&#10;所属河流:黄河'>海勃湾</span>", "03-27 08:00", "Ⅱ", "<span data-toggle='tooltip' data-placement='right' title='原始值：11.40866'>11.4</span>", "<span data-toggle='tooltip' data-placement='right' title='原始值：8.06751'>8.07</span>", "<span data-toggle='tooltip' data-placement='right' title='原始值：10.1074'>10.11</span>", "<span data-toggle='tooltip' data-placement='right' title='原始值：1087.017'>1087.0</span>", "<span data-toggle='tooltip' data-placement='right' title='原始值：21.79035'>21.8</span>", "<span data-toggle='tooltip' data-placement='right' title='原始值：2.59'>2.59</span>", "<span data-toggle='tooltip' data-placement='right' title='原始值：0.13'>0.130</span>", "*", "*", "*", "*", "正常"], ["内蒙古自治区", "松花江流域", "<span data-toggle='tooltip' data-placement='right' title='所在地市:呼伦贝尔市&#10;所属河流:额尔古纳河'>黑山头</span>", null, "", "--", "--", "--", "--", "--", "--", "--", "--", "--", "*", "*", "停站"], ["辽宁省", "辽河流域", "<span data-toggle='tooltip' data-placement='right' title='所在地市:抚顺市&#10;所属河流:浑河'>大伙房水库</span>", "03-27 08:00", "Ⅱ", "<span data-toggle='tooltip' data-placement='right' title='原始值：5.92605'>5.9</span>", "<span data-toggle='tooltip' data-placement='right' title='原始值：7.89195'>7.89</span>", "<span data-toggle='tooltip' data-placement='right' title='原始值：10.81813'>10.82</span>", "<span data-toggle='tooltip' data-placement='right' title='原始值：321.5212'>321.5</span>", "<span data-toggle='tooltip' data-placement='right' title='原始值：8.44298'>8.4</span>", "<span data-toggle='tooltip' data-placement='right' title='原始值：3.51215'>3.51</span>", "<span data-toggle='tooltip' data-placement='right' title='原始值：0.32'>0.320</span>", "<span data-toggle='tooltip' data-placement='right' title='原始值：0.00979'>0.010</span>", "<span data-toggle='tooltip' data-placement='right' title='原始值：3.07326'>3.07</span>", "<span data-toggle='tooltip' data-placement='right' title='原始值：0.0027'>0.003</span>", "*", "正常"], ["辽宁省", "辽河流域", "<span data-toggle='tooltip' data-placement='right' title='所在地市:丹东市&#10;所属河流:鸭绿江'>江桥</span>", "03-27 08:00", "Ⅱ", "<span data-toggle='tooltip' data-placement='right' title='原始值：6.9'>6.9</span>", "<span data-toggle='tooltip' data-placement='right' title='原始值：6.44'>6.44</span>", "<span data-toggle='tooltip' data-placement='right' title='原始值：11.56'>11.56</span>", "<span data-toggle='tooltip' data-placement='right' title='原始值：147'>147.0</span>", "<span data-toggle='tooltip' data-placement='right' title='原始值：7.12488'>7.1</span>", "<span data-toggle='tooltip' data-placement='right' title='原始值：1.05'>1.05</span>", "<span data-toggle='tooltip' data-placement='right' title='原始值：0.0452'>0.045</span>", "<span data-toggle='tooltip' data-placement='right' title='原始值：0.02254'>0.023</span>", "<span data-toggle='tooltip' data-placement='right' title='原始值：1.77232'>1.77</span>", "*", "*", "正常"], ["辽宁省", "辽河流域", "<span data-toggle='tooltip' data-placement='right' title='所在地市:营口市&#10;所属河流:大辽河'>辽河公园</span>", "03-27 08:00", "Ⅳ", "<span data-toggle='tooltip' data-placement='right' title='原始值：10.06158'>10.1</span>", "<span data-toggle='tooltip' data-placement='right' title='原始值：7.80768'>7.81</span>", "<span data-toggle='tooltip' data-placement='right' title='原始值：10.05419'>10.05</span>", "<span data-toggle='tooltip' data-placement='right' title='原始值：16114.57'>16114.6</span>", "<span data-toggle='tooltip' data-placement='right' title='原始值：134.7292'>134.7</span>", "<span data-toggle='tooltip' data-placement='right' title='原始值：6.26078'>6.26</span>", "<span data-toggle='tooltip' data-placement='right' title='原始值：1.45531'>1.455</span>", "<span data-toggle='tooltip' data-placement='right' title='原始值：0.13172'>0.132</span>", "<span data-toggle='tooltip' data-placement='right' title='原始值：6.56878'>6.57</span>", "*", "*", "正常"], ["辽宁省", "辽河流域", "<span data-toggle='tooltip' data-placement='right' title='所在地市:辽阳市&#10;所属河流:太子河'>汤河水库</span>", null, "", "--", "--", "--", "--", "--", "--", "--", "--", "--", "*", "*", "停站"], ["辽宁省", "辽河流域", "<span data-toggle='tooltip' data-placement='right' title='所在地市:盘锦市&#10;所属河流:辽河'>盘锦兴安(兴安)</span>", null, "", "--", "--", "--", "--", "--", "--", "--", "--", "--", "*", "*", "停站"], ["辽宁省", "辽河流域", "<span data-toggle='tooltip' data-placement='right' title='所在地市:铁岭市&#10;所属河流:辽河'>珠尔山</span>", "03-27 08:00", "Ⅲ", "<span data-toggle='tooltip' data-placement='right' title='原始值：8.65634'>8.7</span>", "<span data-toggle='tooltip' data-placement='right' title='原始值：7.7251'>7.73</span>", "<span data-toggle='tooltip' data-placement='right' title='原始值：10.12718'>10.13</span>", "<span data-toggle='tooltip' data-placement='right' title='原始值：554.3656'>554.4</span>", "<span data-toggle='tooltip' data-placement='right' title='原始值：9.86857'>9.9</span>", "<span data-toggle='tooltip' data-placement='right' title='原始值：2.82811'>2.83</span>", "<span data-toggle='tooltip' data-placement='right' title='原始值：0.95'>0.950</span>", "<span data-toggle='tooltip' data-placement='right' title='原始值：0.0858'>0.086</span>", "<span data-toggle='tooltip' data-placement='right' title='原始值：5.69681'>5.70</span>", "*", "*", "正常"], ["吉林省", "松花江流域", "<span data-toggle='tooltip' data-placement='right' title='所在地市:长春市&#10;所属河流:松花江'>松花江村</span>", null, "", "--", "--", "--", "--", "--", "--", "--", "--", "--", "*", "*", "停站"], ["吉林省", "松花江流域", "<span data-toggle='tooltip' data-placement='right' title='所在地市:白城市&#10;所属河流:嫩江'>白沙滩</span>", "03-27 08:00", "Ⅱ", "<span data-toggle='tooltip' data-placement='right' title='原始值：4.36507'>4.4</span>", "<span data-toggle='tooltip' data-placement='right' title='原始值：6.84305'>6.84</span>", "<span data-toggle='tooltip' data-placement='right' title='原始值：12.7136'>12.71</span>", "<span data-toggle='tooltip' data-placement='right' title='原始值：248.0204'>248.0</span>", "<span data-toggle='tooltip' data-placement='right' title='原始值：23.63455'>23.6</span>", "<span data-toggle='tooltip' data-placement='right' title='原始值：3.4895'>3.49</span>", "<span data-toggle='tooltip' data-placement='right' title='原始值：0.12806'>0.128</span>", "<span data-toggle='tooltip' data-placement='right' title='原始值：0.05125'>0.051</span>", "<span data-toggle='tooltip' data-placement='right' title='原始值：1.61723'>1.62</span>", "*", "*", "正常"], ["吉林省", "松花江流域", "<span data-toggle='tooltip' data-placement='right' title='所在地市:延边朝鲜族自治州&#10;所属河流:图们江'>圈河</span>", "03-27 08:00", "Ⅲ", "<span data-toggle='tooltip' data-placement='right' title='原始值：9.7'>9.7</span>", "<span data-toggle='tooltip' data-placement='right' title='原始值：7.11'>7.11</span>", "<span data-toggle='tooltip' data-placement='right' title='原始值：10.5025'>10.50</span>", "<span data-toggle='tooltip' data-placement='right' title='原始值：239.0038'>239.0</span>", "<span data-toggle='tooltip' data-placement='right' title='原始值：172.0039'>172.0</span>", "<span data-toggle='tooltip' data-placement='right' title='原始值：3.42'>3.42</span>", "<span data-toggle='tooltip' data-placement='right' title='原始值：0.48975'>0.490</span>", "<span data-toggle='tooltip' data-placement='right' title='原始值：0.11585'>0.116</span>", "<span data-toggle='tooltip' data-placement='right' title='原始值：1.62452'>1.62</span>", "*", "*", "正常"], ["黑龙江省", "松花江流域", "<span data-toggle='tooltip' data-placement='right' title='所在地市:大庆市&#10;所属河流:松花江'>肇源</span>", null, "", "--", "--", "--", "--", "--", "--", "--", "--", "--", "*", "*", "停站"], ["黑龙江省", "松花江流域", "<span data-toggle='tooltip' data-placement='right' title='所在地市:佳木斯市&#10;所属河流:乌苏里江'>乌苏镇</span>", null, "", "--", "--", "--", "--", "--", "--", "--", "--", "--", "*", "*", "停站"], ["黑龙江省", "松花江流域", "<span data-toggle='tooltip' data-placement='right' title='所在地市:佳木斯市&#10;所属河流:松花江'>同江</span>", "03-27 08:00", "Ⅳ", "<span data-toggle='tooltip' data-placement='right' title='原始值：1.70279'>1.7</span>", "<span data-toggle='tooltip' data-placement='right' title='原始值：7.02714'>7.03</span>", "<span data-toggle='tooltip' data-placement='right' title='原始值：9.76301'>9.76</span>", "<span data-toggle='tooltip' data-placement='right' title='原始值：291.519'>291.5</span>", "<span data-toggle='tooltip' data-placement='right' title='原始值：38.952'>39.0</span>", "<span data-toggle='tooltip' data-placement='right' title='原始值：8.52868'>8.53</span>", "<span data-toggle='tooltip' data-placement='right' title='原始值：0.4992'>0.499</span>", "<span data-toggle='tooltip' data-placement='right' title='原始值：0.10303'>0.103</span>", "<span data-toggle='tooltip' data-placement='right' title='原始值：4.13753'>4.14</span>", "*", "*", "正常"], ["黑龙江省", "松花江流域", "<span data-toggle='tooltip' data-placement='right' title='所在地市:黑河市&#10;所属河流:黑龙江'>黑河下(黑河)</span>", null, "", "--", "--", "--", "--", "--", "--", "--", "--", "--", "*", "*", "停站"], ["上海市", "长江流域", "<span data-toggle='tooltip' data-placement='right' title='所在地市:青浦区&#10;所属河流:淀山湖'>急水港桥</span>", "03-27 08:00", "Ⅳ", "<span data-toggle='tooltip' data-placement='right' title='原始值：17.3'>17.3</span>", "<span data-toggle='tooltip' data-placement='right' title='原始值：7.52'>7.52</span>", "<span data-toggle='tooltip' data-placement='right' title='原始值：8.92'>8.92</span>", "<span data-toggle='tooltip' data-placement='right' title='原始值：377'>377.0</span>", "<span data-toggle='tooltip' data-placement='right' title='原始值：11.6'>11.6</span>", "<span data-toggle='tooltip' data-placement='right' title='原始值：3.76562'>3.77</span>", "<span data-toggle='tooltip' data-placement='right' title='原始值：0.20683'>0.207</span>", "<span data-toggle='tooltip' data-placement='right' title='原始值：0.05968'>0.060</span>", "<span data-toggle='tooltip' data-placement='right' title='原始值：3.30811'>3.31</span>", "<span data-toggle='tooltip' data-placement='right' title='原始值：0.02249'>0.022</span>", "<span data-toggle='tooltip' data-placement='right' title='原始值：1.02042E+07'>10204200</span>", "正常"], ["江苏省", "长江流域", "<span data-toggle='tooltip' data-placement='right' title='所在地市:南京市&#10;所属河流:长江'>林山</span>", "03-27 08:00", "Ⅱ", "<span data-toggle='tooltip' data-placement='right' title='原始值：18.6763'>18.7</span>", "<span data-toggle='tooltip' data-placement='right' title='原始值：7.53544'>7.54</span>", "<span data-toggle='tooltip' data-placement='right' title='原始值：7.89852'>7.90</span>", "<span data-toggle='tooltip' data-placement='right' title='原始值：324.213'>324.2</span>", "<span data-toggle='tooltip' data-placement='right' title='原始值：21.0985'>21.1</span>", "<span data-toggle='tooltip' data-placement='right' title='原始值：2.31'>2.31</span>", "<span data-toggle='tooltip' data-placement='right' title='原始值：0.11441'>0.114</span>", "*", "*", "*", "*", "正常"], ["江苏省", "太湖流域", "<span data-toggle='tooltip' data-placement='right' title='所在地市:无锡市&#10;所属河流:太湖'>沙渚</span>", "03-27 08:00", "Ⅱ", "<span data-toggle='tooltip' data-placement='right' title='原始值：23.57864'>23.6</span>", "<span data-toggle='tooltip' data-placement='right' title='原始值：7.933699'>7.93</span>", "<span data-toggle='tooltip' data-placement='right' title='原始值：8.540086'>8.54</span>", "<span data-toggle='tooltip' data-placement='right' title='原始值：535.4247'>535.4</span>", "<span data-toggle='tooltip' data-placement='right' title='原始值：126.1073'>126.1</span>", "<span data-toggle='tooltip' data-placement='right' title='原始值：3.783106'>3.78</span>", "<span data-toggle='tooltip' data-placement='right' title='原始值：0.16'>0.160</span>", "<span data-toggle='tooltip' data-placement='right' title='原始值：0.0694'>0.069</span>", "<span data-toggle='tooltip' data-placement='right' title='原始值：1.725'>1.72</span>", "<span data-toggle='tooltip' data-placement='right' title='原始值：0.034403'>0.034</span>", "*", "正常"], ["江苏省", "淮河流域", "<span data-toggle='tooltip' data-placement='right' title='所在地市:徐州市&#10;所属河流:武河'>小红圈</span>", "03-27 08:00", "Ⅲ", "<span data-toggle='tooltip' data-placement='right' title='原始值：17.12'>17.1</span>", "<span data-toggle='tooltip' data-placement='right' title='原始值：8.78'>8.78</span>", "<span data-toggle='tooltip' data-placement='right' title='原始值：9.69'>9.69</span>", "<span data-toggle='tooltip' data-placement='right' title='原始值：546.6'>546.6</span>", "<span data-toggle='tooltip' data-placement='right' title='原始值：27.61'>27.6</span>", "<span data-toggle='tooltip' data-placement='right' title='原始值：5.97'>5.97</span>", "<span data-toggle='tooltip' data-placement='right' title='原始值：0.048'>0.048</span>", "*", "*", "*", "*", "正常"], ["江苏省", "淮河流域", "<span data-toggle='tooltip' data-placement='right' title='所在地市:徐州市&#10;所属河流:沿河'>李集桥</span>", "03-27 08:00", "Ⅲ", "<span data-toggle='tooltip' data-placement='right' title='原始值：13.61'>13.6</span>", "<span data-toggle='tooltip' data-placement='right' title='原始值：7.87'>7.87</span>", "<span data-toggle='tooltip' data-placement='right' title='原始值：10.17'>10.17</span>", "<span data-toggle='tooltip' data-placement='right' title='原始值：1197.8'>1197.8</span>", "<span data-toggle='tooltip' data-placement='right' title='原始值：15.25'>15.2</span>", "<span data-toggle='tooltip' data-placement='right' title='原始值：4.89'>4.89</span>", "<span data-toggle='tooltip' data-placement='right' title='原始值：0.002'>0.002</span>", "<span data-toggle='tooltip' data-placement='right' title='原始值：0.04'>0.040</span>", "<span data-toggle='tooltip' data-placement='right' title='原始值：1.835'>1.84</span>", "*", "*", "正常"], ["江苏省", "淮河流域", "<span data-toggle='tooltip' data-placement='right' title='所在地市:徐州市&#10;所属河流:邳苍分洪道'>艾山西大桥</span>", "03-27 08:00", "", "<span data-toggle='tooltip' data-placement='right' title='原始值：16.4875'>16.5</span>", "<span data-toggle='tooltip' data-placement='right' title='原始值：8.13304'>8.13</span>", "<span data-toggle='tooltip' data-placement='right' title='原始值：11.0444'>11.04</span>", "<span data-toggle='tooltip' data-placement='right' title='原始值：613.876'>613.9</span>", "<span data-toggle='tooltip' data-placement='right' title='原始值：344.804'>344.8</span>", "<span data-toggle='tooltip' data-placement='right' title='原始值：3.74'>3.74</span>", "<span data-toggle='tooltip' data-placement='right' title='极值过滤'>--</span>", "<span data-toggle='tooltip' data-placement='right' title='原始值：0.03229'>0.032</span>", "<span data-toggle='tooltip' data-placement='right' title='原始值：7.38698'>7.39</span>", "*", "*", "维护"], ["江苏省", "太湖流域", "<span data-toggle='tooltip' data-placement='right' title='所在地市:苏州市&#10;所属河流:太湖'>兰山嘴(老)</span>", "03-27 08:00", "", "<span data-toggle='tooltip' data-placement='right' title='原始值：17.87923'>17.9</span>", "<span data-toggle='tooltip' data-placement='right' title='原始值：7.79046'>7.79</span>", "<span data-toggle='tooltip' data-placement='right' title='原始值：9.02183'>9.02</span>", "<span data-toggle='tooltip' data-placement='right' title='原始值：395.8934'>395.9</span>", "<span data-toggle='tooltip' data-placement='right' title='原始值：120.3453'>120.3</span>", "<span data-toggle='tooltip' data-placement='right' title='原始值：3.03'>3.03</span>", "<span data-toggle='tooltip' data-placement='right' title='原始值：0.12784'>0.128</span>", "<span data-toggle='tooltip' data-placement='right' title='极值过滤'>--</span>", "<span data-toggle='tooltip' data-placement='right' title='原始值：13.54831'>13.55</span>", "<span data-toggle='tooltip' data-placement='right' title='原始值：0.05031'>0.050</span>", "*", "维护"], ["江苏省", "太湖流域", "<span data-toggle='tooltip' data-placement='right' title='所在地市:苏州市&#10;所属河流:太湖'>西山</span>", "03-27 08:00", "Ⅲ", "<span data-toggle='tooltip' data-placement='right' title='原始值：16.65552'>16.7</span>", "<span data-toggle='tooltip' data-placement='right' title='原始值：7.60619'>7.61</span>", "<span data-toggle='tooltip' data-placement='right' title='原始值：10.13246'>10.13</span>", "<span data-toggle='tooltip' data-placement='right' title='原始值：458.1197'>458.1</span>", "<span data-toggle='tooltip' data-placement='right' title='原始值：51.85903'>51.9</span>", "<span data-toggle='tooltip' data-placement='right' title='原始值：2.48'>2.48</span>", "<span data-toggle='tooltip' data-placement='right' title='原始值：0.24'>0.240</span>", "<span data-toggle='tooltip' data-placement='right' title='原始值：0.0423'>0.042</span>", "<span data-toggle='tooltip' data-placement='right' title='原始值：1.666'>1.67</span>", "<span data-toggle='tooltip' data-placement='right' title='原始值：0.00621'>0.006</span>", "*", "正常"], ["江苏省", "淮河流域", "<span data-toggle='tooltip' data-placement='right' title='所在地市:连云港市&#10;所属河流:新沭河'>大兴桥</span>", "03-27 08:00", "Ⅲ", "<span data-toggle='tooltip' data-placement='right' title='原始值：16.4'>16.4</span>", "<span data-toggle='tooltip' data-placement='right' title='原始值：8.78'>8.78</span>", "<span data-toggle='tooltip' data-placement='right' title='原始值：9.87'>9.87</span>", "<span data-toggle='tooltip' data-placement='right' title='原始值：1021.6'>1021.6</span>", "<span data-toggle='tooltip' data-placement='right' title='原始值：663.43'>663.4</span>", "<span data-toggle='tooltip' data-placement='right' title='原始值：4.88'>4.88</span>", "<span data-toggle='tooltip' data-placement='right' title='原始值：0.06'>0.060</span>", "*", "*", "*", "*", "正常"], ["江苏省", "淮河流域", "<span data-toggle='tooltip' data-placement='right' title='所在地市:淮安市&#10;所属河流:淮河'>淮河大桥</span>", "03-27 08:00", "Ⅲ", "<span data-toggle='tooltip' data-placement='right' title='原始值：15.24673'>15.2</span>", "<span data-toggle='tooltip' data-placement='right' title='原始值：8.02789'>8.03</span>", "<span data-toggle='tooltip' data-placement='right' title='原始值：9.1879'>9.19</span>", "<span data-toggle='tooltip' data-placement='right' title='原始值：680.6523'>680.7</span>", "<span data-toggle='tooltip' data-placement='right' title='原始值：22.40653'>22.4</span>", "<span data-toggle='tooltip' data-placement='right' title='原始值：3.46'>3.46</span>", "<span data-toggle='tooltip' data-placement='right' title='原始值：0.42'>0.420</span>", "<span data-toggle='tooltip' data-placement='right' title='原始值：0.103'>0.103</span>", "<span data-toggle='tooltip' data-placement='right' title='原始值：2.86'>2.86</span>", "*", "*", "正常"], ["江苏省", "长江流域", "<span data-toggle='tooltip' data-placement='right' title='所在地市:扬州市&#10;所属河流:夹江'>三江营</span>", "03-27 08:00", "Ⅱ", "<span data-toggle='tooltip' data-placement='right' title='原始值：14.71'>14.7</span>", "<span data-toggle='tooltip' data-placement='right' title='原始值：7.76'>7.76</span>", "<span data-toggle='tooltip' data-placement='right' title='原始值：9.12'>9.12</span>", "<span data-toggle='tooltip' data-placement='right' title='原始值：307.91'>307.9</span>", "<span data-toggle='tooltip' data-placement='right' title='原始值：40.8'>40.8</span>", "<span data-toggle='tooltip' data-placement='right' title='原始值：1.71'>1.71</span>", "<span data-toggle='tooltip' data-placement='right' title='原始值：0.1'>0.100</span>", "<span data-toggle='tooltip' data-placement='right' title='原始值：0.079'>0.079</span>", "<span data-toggle='tooltip' data-placement='right' title='原始值：2.3'>2.30</span>", "*", "*", "正常"], ["江苏省", "淮河流域", "<span data-toggle='tooltip' data-placement='right' title='所在地市:宿迁市&#10;所属河流:新濉河'>大屈</span>", "03-27 08:00", "Ⅲ", "<span data-toggle='tooltip' data-placement='right' title='原始值：16.5'>16.5</span>", "<span data-toggle='tooltip' data-placement='right' title='原始值：8.59'>8.59</span>", "<span data-toggle='tooltip' data-placement='right' title='原始值：9.19'>9.19</span>", "<span data-toggle='tooltip' data-placement='right' title='原始值：878.3'>878.3</span>", "<span data-toggle='tooltip' data-placement='right' title='原始值：35.85'>35.8</span>", "<span data-toggle='tooltip' data-placement='right' title='原始值：5.52'>5.52</span>", "<span data-toggle='tooltip' data-placement='right' title='原始值：0.08'>0.080</span>", "<span data-toggle='tooltip' data-placement='right' title='原始值：0.047'>0.047</span>", "<span data-toggle='tooltip' data-placement='right' title='原始值：2.206'>2.21</span>", "*", "*", "正常"], ["浙江省", "浙闽片河流", "<span data-toggle='tooltip' data-placement='right' title='所在地市:杭州市&#10;所属河流:新安江'>街口(鸠坑口)</span>", "03-27 08:00", "Ⅱ", "<span data-toggle='tooltip' data-placement='right' title='原始值：17.36'>17.4</span>", "<span data-toggle='tooltip' data-placement='right' title='原始值：8.57'>8.57</span>", "<span data-toggle='tooltip' data-placement='right' title='原始值：9.73'>9.73</span>", "<span data-toggle='tooltip' data-placement='right' title='原始值：124.61'>124.6</span>", "<span data-toggle='tooltip' data-placement='right' title='原始值：4.53'>4.5</span>", "<span data-toggle='tooltip' data-placement='right' title='原始值：2.081'>2.08</span>", "<span data-toggle='tooltip' data-placement='right' title='原始值：0.001'>0.001</span>", "<span data-toggle='tooltip' data-placement='right' title='原始值：0.065'>0.065</span>", "<span data-toggle='tooltip' data-placement='right' title='原始值：1.879'>1.88</span>", "*", "*", "正常"], ["浙江省", "太湖流域", "<span data-toggle='tooltip' data-placement='right' title='所在地市:嘉兴市&#10;所属河流:斜路港河'>斜路港</span>", "03-27 08:00", "Ⅲ", "<span data-toggle='tooltip' data-placement='right' title='原始值：17.1'>17.1</span>", "<span data-toggle='tooltip' data-placement='right' title='原始值：7.43'>7.43</span>", "<span data-toggle='tooltip' data-placement='right' title='原始值：7.36'>7.36</span>", "<span data-toggle='tooltip' data-placement='right' title='原始值：712'>712.0</span>", "<span data-toggle='tooltip' data-placement='right' title='原始值：131.6'>131.6</span>", "<span data-toggle='tooltip' data-placement='right' title='原始值：5.24'>5.24</span>", "<span data-toggle='tooltip' data-placement='right' title='原始值：0.60966'>0.610</span>", "<span data-toggle='tooltip' data-placement='right' title='原始值：0.06622'>0.066</span>", "<span data-toggle='tooltip' data-placement='right' title='原始值：2.70542'>2.71</span>", "*", "*", "正常"], ["浙江省", "太湖流域", "<span data-toggle='tooltip' data-placement='right' title='所在地市:嘉兴市&#10;所属河流:京杭运河'>王江泾</span>", "03-27 08:00", "Ⅲ", "<span data-toggle='tooltip' data-placement='right' title='原始值：17.51'>17.5</span>", "<span data-toggle='tooltip' data-placement='right' title='原始值：7.29'>7.29</span>", "<span data-toggle='tooltip' data-placement='right' title='原始值：6.45'>6.45</span>", "<span data-toggle='tooltip' data-placement='right' title='原始值：760.09'>760.1</span>", "<span data-toggle='tooltip' data-placement='right' title='原始值：65.45'>65.4</span>", "<span data-toggle='tooltip' data-placement='right' title='原始值：5.724'>5.72</span>", "<span data-toggle='tooltip' data-placement='right' title='原始值：0.25'>0.250</span>", "<span data-toggle='tooltip' data-placement='right' title='原始值：0.076'>0.076</span>", "<span data-toggle='tooltip' data-placement='right' title='原始值：3.791'>3.79</span>", "*", "*", "正常"], ["浙江省", "太湖流域", "<span data-toggle='tooltip' data-placement='right' title='所在地市:湖州市&#10;所属河流:西苕溪'>新港口(新塘港)</span>", "03-27 08:00", "Ⅱ", "<span data-toggle='tooltip' data-placement='right' title='原始值：16.1678'>16.2</span>", "<span data-toggle='tooltip' data-placement='right' title='原始值：7.39864'>7.40</span>", "<span data-toggle='tooltip' data-placement='right' title='原始值：8.13175'>8.13</span>", "<span data-toggle='tooltip' data-placement='right' title='原始值：262.446'>262.4</span>", "<span data-toggle='tooltip' data-placement='right' title='原始值：87.83089'>87.8</span>", "<span data-toggle='tooltip' data-placement='right' title='原始值：2.25695'>2.26</span>", "<span data-toggle='tooltip' data-placement='right' title='原始值：0.32433'>0.324</span>", "<span data-toggle='tooltip' data-placement='right' title='原始值：0.05714'>0.057</span>", "<span data-toggle='tooltip' data-placement='right' title='原始值：11.76471'>11.76</span>", "<span data-toggle='tooltip' data-placement='right' title='原始值：0.04139'>0.041</span>", "*", "正常"], ["安徽省", "巢湖流域", "<span data-toggle='tooltip' data-placement='right' title='所在地市:合肥市&#10;所属河流:巢湖'>湖滨(老)</span>", "03-27 08:00", "Ⅴ", "<span data-toggle='tooltip' data-placement='right' title='原始值：16.43236'>16.4</span>", "<span data-toggle='tooltip' data-placement='right' title='原始值：7.19066'>7.19</span>", "<span data-toggle='tooltip' data-placement='right' title='原始值：9.76491'>9.76</span>", "<span data-toggle='tooltip' data-placement='right' title='原始值：308.0667'>308.1</span>", "<span data-toggle='tooltip' data-placement='right' title='原始值：221.6705'>221.7</span>", "<span data-toggle='tooltip' data-placement='right' title='原始值：0.68'>0.68</span>", "<span data-toggle='tooltip' data-placement='right' title='原始值：0.35'>0.350</span>", "<span data-toggle='tooltip' data-placement='right' title='原始值：0.1231'>0.123</span>", "<span data-toggle='tooltip' data-placement='right' title='原始值：2.427'>2.43</span>", "<span data-toggle='tooltip' data-placement='right' title='原始值：0.02803'>0.028</span>", "*", "正常"], ["安徽省", "巢湖流域", "<span data-toggle='tooltip' data-placement='right' title='所在地市:芜湖市&#10;所属河流:巢湖'>裕溪口(老)</span>", "03-27 08:00", "Ⅲ", "<span data-toggle='tooltip' data-placement='right' title='原始值：15.96822'>16.0</span>", "<span data-toggle='tooltip' data-placement='right' title='原始值：7.52416'>7.52</span>", "<span data-toggle='tooltip' data-placement='right' title='原始值：7.81529'>7.82</span>", "<span data-toggle='tooltip' data-placement='right' title='原始值：271.7437'>271.7</span>", "<span data-toggle='tooltip' data-placement='right' title='原始值：72.3782'>72.4</span>", "<span data-toggle='tooltip' data-placement='right' title='原始值：3.19'>3.19</span>", "<span data-toggle='tooltip' data-placement='right' title='原始值：0.12'>0.120</span>", "<span data-toggle='tooltip' data-placement='right' title='原始值：0.0385'>0.038</span>", "<span data-toggle='tooltip' data-placement='right' title='原始值：2.954'>2.95</span>", "<span data-toggle='tooltip' data-placement='right' title='原始值：0.03299'>0.033</span>", "*", "正常"], ["安徽省", "淮河流域", "<span data-toggle='tooltip' data-placement='right' title='所在地市:蚌埠市&#10;所属河流:淮河'>蚌埠闸上(蚌埠闸)</span>", "03-27 08:00", "Ⅱ", "<span data-toggle='tooltip' data-placement='right' title='原始值：17.17'>17.2</span>", "<span data-toggle='tooltip' data-placement='right' title='原始值：7.29'>7.29</span>", "<span data-toggle='tooltip' data-placement='right' title='原始值：9.69'>9.69</span>", "<span data-toggle='tooltip' data-placement='right' title='原始值：470.15'>470.2</span>", "<span data-toggle='tooltip' data-placement='right' title='原始值：104.37'>104.4</span>", "<span data-toggle='tooltip' data-placement='right' title='原始值：2.332'>2.33</span>", "<span data-toggle='tooltip' data-placement='right' title='原始值：0.092'>0.092</span>", "<span data-toggle='tooltip' data-placement='right' title='原始值：0.075'>0.075</span>", "<span data-toggle='tooltip' data-placement='right' title='原始值：2.476'>2.48</span>", "*", "*", "正常"], ["安徽省", "淮河流域", "<span data-toggle='tooltip' data-placement='right' title='所在地市:淮南市&#10;所属河流:淮河'>石头埠(老)</span>", "03-27 08:00", "Ⅴ", "<span data-toggle='tooltip' data-placement='right' title='原始值：17.13008'>17.1</span>", "<span data-toggle='tooltip' data-placement='right' title='原始值：6.18561'>6.19</span>", "<span data-toggle='tooltip' data-placement='right' title='原始值：2.67516'>2.68</span>", "<span data-toggle='tooltip' data-placement='right' title='原始值：430.8655'>430.9</span>", "<span data-toggle='tooltip' data-placement='right' title='原始值：32.6408'>32.6</span>", "<span data-toggle='tooltip' data-placement='right' title='原始值：3.07'>3.07</span>", "<span data-toggle='tooltip' data-placement='right' title='原始值：0.22'>0.220</span>", "*", "*", "*", "*", "正常"], ["安徽省", "淮河流域", "<span data-toggle='tooltip' data-placement='right' title='所在地市:淮北市&#10;所属河流:沱河'>小王桥</span>", "03-27 08:00", "Ⅲ", "<span data-toggle='tooltip' data-placement='right' title='原始值：14.21'>14.2</span>", "<span data-toggle='tooltip' data-placement='right' title='原始值：8.07'>8.07</span>", "<span data-toggle='tooltip' data-placement='right' title='原始值：10.35'>10.35</span>", "<span data-toggle='tooltip' data-placement='right' title='原始值：1727.21'>1727.2</span>", "<span data-toggle='tooltip' data-placement='right' title='原始值：13.75'>13.8</span>", "<span data-toggle='tooltip' data-placement='right' title='原始值：5.405'>5.40</span>", "<span data-toggle='tooltip' data-placement='right' title='原始值：0.034'>0.034</span>", "<span data-toggle='tooltip' data-placement='right' title='原始值：0.057'>0.057</span>", "<span data-toggle='tooltip' data-placement='right' title='原始值：1.218'>1.22</span>", "*", "*", "正常"], ["安徽省", "长江流域", "<span data-toggle='tooltip' data-placement='right' title='所在地市:安庆市&#10;所属河流:长江'>皖河口</span>", "03-27 08:00", "Ⅱ", "<span data-toggle='tooltip' data-placement='right' title='原始值：16.05'>16.0</span>", "<span data-toggle='tooltip' data-placement='right' title='原始值：7.507'>7.51</span>", "<span data-toggle='tooltip' data-placement='right' title='原始值：8.71'>8.71</span>", "<span data-toggle='tooltip' data-placement='right' title='原始值：286.71'>286.7</span>", "<span data-toggle='tooltip' data-placement='right' title='原始值：40.91'>40.9</span>", "<span data-toggle='tooltip' data-placement='right' title='原始值：1.655'>1.66</span>", "<span data-toggle='tooltip' data-placement='right' title='原始值：0.021'>0.021</span>", "<span data-toggle='tooltip' data-placement='right' title='原始值：0.0542'>0.054</span>", "<span data-toggle='tooltip' data-placement='right' title='原始值：2.157'>2.16</span>", "*", "*", "正常"], ["安徽省", "淮河流域", "<span data-toggle='tooltip' data-placement='right' title='所在地市:滁州市&#10;所属河流:淮河'>小柳巷</span>", "03-27 08:00", "Ⅱ", "<span data-toggle='tooltip' data-placement='right' title='原始值：13.9'>13.9</span>", "<span data-toggle='tooltip' data-placement='right' title='原始值：7.89'>7.89</span>", "<span data-toggle='tooltip' data-placement='right' title='原始值：9.3'>9.30</span>", "<span data-toggle='tooltip' data-placement='right' title='原始值：565.1'>565.1</span>", "<span data-toggle='tooltip' data-placement='right' title='原始值：52.38'>52.4</span>", "<span data-toggle='tooltip' data-placement='right' title='原始值：2.849'>2.85</span>", "<span data-toggle='tooltip' data-placement='right' title='原始值：0.37'>0.370</span>", "<span data-toggle='tooltip' data-placement='right' title='原始值：0.073'>0.073</span>", "<span data-toggle='tooltip' data-placement='right' title='原始值：2.766'>2.77</span>", "*", "*", "正常"], ["安徽省", "淮河流域", "<span data-toggle='tooltip' data-placement='right' title='所在地市:阜阳市&#10;所属河流:黑茨河'>张大桥</span>", null, "", "--", "--", "--", "--", "--", "--", "--", "--", "--", "*", "*", "停站"], ["安徽省", "淮河流域", "<span data-toggle='tooltip' data-placement='right' title='所在地市:阜阳市&#10;所属河流:淮河'>王家坝</span>", "03-27 08:00", "Ⅲ", "<span data-toggle='tooltip' data-placement='right' title='原始值：14.56984'>14.6</span>", "<span data-toggle='tooltip' data-placement='right' title='原始值：7.55145'>7.55</span>", "<span data-toggle='tooltip' data-placement='right' title='原始值：8.67041'>8.67</span>", "<span data-toggle='tooltip' data-placement='right' title='原始值：317.9527'>318.0</span>", "<span data-toggle='tooltip' data-placement='right' title='原始值：33.33296'>33.3</span>", "<span data-toggle='tooltip' data-placement='right' title='原始值：3.24'>3.24</span>", "<span data-toggle='tooltip' data-placement='right' title='原始值：0.196'>0.196</span>", "<span data-toggle='tooltip' data-placement='right' title='原始值：0.1202'>0.120</span>", "<span data-toggle='tooltip' data-placement='right' title='原始值：1.6779'>1.68</span>", "*", "*", "正常"], ["安徽省", "淮河流域", "<span data-toggle='tooltip' data-placement='right' title='所在地市:阜阳市&#10;所属河流:颍河'>界首七渡口(七渡口)</span>", "03-27 08:00", "Ⅲ", "<span data-toggle='tooltip' data-placement='right' title='原始值：13.88442'>13.9</span>", "<span data-toggle='tooltip' data-placement='right' title='原始值：7.61449'>7.61</span>", "<span data-toggle='tooltip' data-placement='right' title='原始值：6.93858'>6.94</span>", "<span data-toggle='tooltip' data-placement='right' title='原始值：824.5189'>824.5</span>", "<span data-toggle='tooltip' data-placement='right' title='原始值：16.9017'>16.9</span>", "<span data-toggle='tooltip' data-placement='right' title='原始值：4.41'>4.41</span>", "<span data-toggle='tooltip' data-placement='right' title='原始值：0.64'>0.640</span>", "<span data-toggle='tooltip' data-placement='right' title='原始值：0.09462'>0.095</span>", "<span data-toggle='tooltip' data-placement='right' title='原始值：5.32791'>5.33</span>", "*", "*", "正常"], ["安徽省", "淮河流域", "<span data-toggle='tooltip' data-placement='right' title='所在地市:阜阳市&#10;所属河流:泉河'>许庄(徐庄)</span>", "03-27 08:00", "Ⅱ", "<span data-toggle='tooltip' data-placement='right' title='原始值：14.6'>14.6</span>", "<span data-toggle='tooltip' data-placement='right' title='原始值：7.66'>7.66</span>", "<span data-toggle='tooltip' data-placement='right' title='原始值：8.65'>8.65</span>", "<span data-toggle='tooltip' data-placement='right' title='原始值：1004.3'>1004.3</span>", "<span data-toggle='tooltip' data-placement='right' title='原始值：15.74'>15.7</span>", "<span data-toggle='tooltip' data-placement='right' title='原始值：3.53'>3.53</span>", "<span data-toggle='tooltip' data-placement='right' title='原始值：0.01'>0.010</span>", "<span data-toggle='tooltip' data-placement='right' title='原始值：0.037'>0.037</span>", "<span data-toggle='tooltip' data-placement='right' title='原始值：2.441'>2.44</span>", "*", "*", "正常"], ["安徽省", "淮河流域", "<span data-toggle='tooltip' data-placement='right' title='所在地市:宿州市&#10;所属河流:奎河'>杨庄</span>", "03-27 08:00", "Ⅲ", "<span data-toggle='tooltip' data-placement='right' title='原始值：16.29'>16.3</span>", "<span data-toggle='tooltip' data-placement='right' title='原始值：7.41'>7.41</span>", "<span data-toggle='tooltip' data-placement='right' title='原始值：9.27'>9.27</span>", "<span data-toggle='tooltip' data-placement='right' title='原始值：1074.7'>1074.7</span>", "<span data-toggle='tooltip' data-placement='right' title='原始值：59.89'>59.9</span>", "<span data-toggle='tooltip' data-placement='right' title='原始值：4.95'>4.95</span>", "<span data-toggle='tooltip' data-placement='right' title='原始值：0.164'>0.164</span>", "*", "*", "*", "*", "正常"], ["安徽省", "淮河流域", "<span data-toggle='tooltip' data-placement='right' title='所在地市:宿州市&#10;所属河流:新汴河'>泗县公路桥</span>", "03-27 08:00", "Ⅲ", "<span data-toggle='tooltip' data-placement='right' title='原始值：16.4'>16.4</span>", "<span data-toggle='tooltip' data-placement='right' title='原始值：8.33'>8.33</span>", "<span data-toggle='tooltip' data-placement='right' title='原始值：9.17'>9.17</span>", "<span data-toggle='tooltip' data-placement='right' title='原始值：948.2'>948.2</span>", "<span data-toggle='tooltip' data-placement='right' title='原始值：44.44'>44.4</span>", "<span data-toggle='tooltip' data-placement='right' title='原始值：5.14'>5.14</span>", "<span data-toggle='tooltip' data-placement='right' title='原始值：0.12'>0.120</span>", "*", "*", "*", "*", "正常"], ["安徽省", "淮河流域", "<span data-toggle='tooltip' data-placement='right' title='所在地市:亳州市&#10;所属河流:包河'>颜集</span>", "03-27 08:00", "", "<span data-toggle='tooltip' data-placement='right' title='原始值：13.3'>13.3</span>", "<span data-toggle='tooltip' data-placement='right' title='原始值：8.2'>8.20</span>", "<span data-toggle='tooltip' data-placement='right' title='原始值：9.42'>9.42</span>", "<span data-toggle='tooltip' data-placement='right' title='原始值：1659.3'>1659.3</span>", "<span data-toggle='tooltip' data-placement='right' title='原始值：80.52'>80.5</span>", "<span data-toggle='tooltip' data-placement='right' title='原始值：4.42'>4.42</span>", "<span data-toggle='tooltip' data-placement='right' title='极值过滤'>--</span>", "<span data-toggle='tooltip' data-placement='right' title='原始值：0.217'>0.217</span>", "<span data-toggle='tooltip' data-placement='right' title='原始值：4.47'>4.47</span>", "*", "*", "维护"], ["福建省", "浙闽片河流", "<span data-toggle='tooltip' data-placement='right' title='所在地市:福州市&#10;所属河流:闽江'>白岩潭</span>", "03-27 08:00", "Ⅱ", "<span data-toggle='tooltip' data-placement='right' title='原始值：18.63'>18.6</span>", "<span data-toggle='tooltip' data-placement='right' title='原始值：7.51'>7.51</span>", "<span data-toggle='tooltip' data-placement='right' title='原始值：8.92'>8.92</span>", "<span data-toggle='tooltip' data-placement='right' title='原始值：1069.2'>1069.2</span>", "<span data-toggle='tooltip' data-placement='right' title='原始值：107.96'>108.0</span>", "<span data-toggle='tooltip' data-placement='right' title='原始值：2.84'>2.84</span>", "<span data-toggle='tooltip' data-placement='right' title='原始值：0.232'>0.232</span>", "*", "*", "*", "*", "正常"], ["江西省", "长江流域", "<span data-toggle='tooltip' data-placement='right' title='所在地市:南昌市&#10;所属河流:赣江南支'>滁槎</span>", "03-27 08:00", "Ⅱ", "<span data-toggle='tooltip' data-placement='right' title='原始值：18.78369'>18.8</span>", "<span data-toggle='tooltip' data-placement='right' title='原始值：6.7805'>6.78</span>", "<span data-toggle='tooltip' data-placement='right' title='原始值：7.71415'>7.71</span>", "<span data-toggle='tooltip' data-placement='right' title='原始值：219.5571'>219.6</span>", "<span data-toggle='tooltip' data-placement='right' title='原始值：21.58992'>21.6</span>", "<span data-toggle='tooltip' data-placement='right' title='原始值：2.87'>2.87</span>", "<span data-toggle='tooltip' data-placement='right' title='原始值：0.45'>0.450</span>", "<span data-toggle='tooltip' data-placement='right' title='原始值：0.04044'>0.040</span>", "<span data-toggle='tooltip' data-placement='right' title='原始值：2.0675'>2.07</span>", "*", "*", "正常"], ["江西省", "长江流域", "<span data-toggle='tooltip' data-placement='right' title='所在地市:九江市&#10;所属河流:长江'>姚港(河西水厂)</span>", null, "", "--", "--", "--", "--", "--", "--", "--", "--", "--", "*", "*", "停站"], ["江西省", "长江流域", "<span data-toggle='tooltip' data-placement='right' title='所在地市:九江市&#10;所属河流:鄱阳湖'>蛤蟆石</span>", "03-27 08:00", "Ⅳ", "<span data-toggle='tooltip' data-placement='right' title='原始值：17.07'>17.1</span>", "<span data-toggle='tooltip' data-placement='right' title='原始值：7.24'>7.24</span>", "<span data-toggle='tooltip' data-placement='right' title='原始值：9.15'>9.15</span>", "<span data-toggle='tooltip' data-placement='right' title='原始值：158.35'>158.4</span>", "<span data-toggle='tooltip' data-placement='right' title='原始值：21.73'>21.7</span>", "<span data-toggle='tooltip' data-placement='right' title='原始值：2.003'>2.00</span>", "<span data-toggle='tooltip' data-placement='right' title='原始值：0.089'>0.089</span>", "<span data-toggle='tooltip' data-placement='right' title='原始值：0.0505'>0.050</span>", "<span data-toggle='tooltip' data-placement='right' title='原始值：1.439'>1.44</span>", "<span data-toggle='tooltip' data-placement='right' title='原始值：0.00262'>0.003</span>", "<span data-toggle='tooltip' data-placement='right' title='原始值：1881850'>1881850</span>", "正常"], ["山东省", "黄河流域", "<span data-toggle='tooltip' data-placement='right' title='所在地市:济南市&#10;所属河流:黄河'>泺口</span>", "03-27 08:00", "", "<span data-toggle='tooltip' data-placement='right' title='原始值：13.0667'>13.1</span>", "<span data-toggle='tooltip' data-placement='right' title='原始值：8.53273'>8.53</span>", "<span data-toggle='tooltip' data-placement='right' title='原始值：9.78853'>9.79</span>", "<span data-toggle='tooltip' data-placement='right' title='原始值：1079.97'>1080.0</span>", "<span data-toggle='tooltip' data-placement='right' title='原始值：401.862'>401.9</span>", "<span data-toggle='tooltip' data-placement='right' title='原始值：2.88'>2.88</span>", "<span data-toggle='tooltip' data-placement='right' title='原始值：0.14969'>0.150</span>", "<span data-toggle='tooltip' data-placement='right' title='极值过滤'>--</span>", "<span data-toggle='tooltip' data-placement='right' title='原始值：4.451'>4.45</span>", "*", "*", "维护"], ["山东省", "淮河流域", "<span data-toggle='tooltip' data-placement='right' title='所在地市:枣庄市&#10;所属河流:京杭大运河（韩庄运河）'>台儿庄大桥</span>", "03-27 08:00", "Ⅱ", "<span data-toggle='tooltip' data-placement='right' title='原始值：13.91258'>13.9</span>", "<span data-toggle='tooltip' data-placement='right' title='原始值：8.01063'>8.01</span>", "<span data-toggle='tooltip' data-placement='right' title='原始值：10.41419'>10.41</span>", "<span data-toggle='tooltip' data-placement='right' title='原始值：754.0247'>754.0</span>", "<span data-toggle='tooltip' data-placement='right' title='原始值：12.56499'>12.6</span>", "<span data-toggle='tooltip' data-placement='right' title='原始值：3.97861'>3.98</span>", "<span data-toggle='tooltip' data-placement='right' title='原始值：0.10458'>0.105</span>", "<span data-toggle='tooltip' data-placement='right' title='原始值：0.06663'>0.067</span>", "<span data-toggle='tooltip' data-placement='right' title='原始值：3.01035'>3.01</span>", "*", "*", "正常"], ["山东省", "淮河流域", "<span data-toggle='tooltip' data-placement='right' title='所在地市:临沂市&#10;所属河流:沭河'>清泉寺</span>", "03-27 08:00", "Ⅲ", "<span data-toggle='tooltip' data-placement='right' title='原始值：16.32463'>16.3</span>", "<span data-toggle='tooltip' data-placement='right' title='原始值：8.02262'>8.02</span>", "<span data-toggle='tooltip' data-placement='right' title='原始值：9.79216'>9.79</span>", "<span data-toggle='tooltip' data-placement='right' title='原始值：1103.627'>1103.6</span>", "<span data-toggle='tooltip' data-placement='right' title='原始值：7.4313'>7.4</span>", "<span data-toggle='tooltip' data-placement='right' title='原始值：5.06'>5.06</span>", "<span data-toggle='tooltip' data-placement='right' title='原始值：0.21'>0.210</span>", "*", "*", "*", "*", "正常"], ["山东省", "淮河流域", "<span data-toggle='tooltip' data-placement='right' title='所在地市:临沂市&#10;所属河流:沂河'>重坊桥</span>", null, "", "--", "--", "--", "--", "--", "--", "--", "--", "--", "*", "*", "停站"], ["山东省", "淮河流域", "<span data-toggle='tooltip' data-placement='right' title='所在地市:临沂市&#10;所属河流:白马河'>捷庄(涝沟桥)</span>", "03-27 08:00", "Ⅲ", "<span data-toggle='tooltip' data-placement='right' title='原始值：18.1'>18.1</span>", "<span data-toggle='tooltip' data-placement='right' title='原始值：7.58'>7.58</span>", "<span data-toggle='tooltip' data-placement='right' title='原始值：10.54388'>10.54</span>", "<span data-toggle='tooltip' data-placement='right' title='原始值：869.4998'>869.5</span>", "<span data-toggle='tooltip' data-placement='right' title='原始值：3.95315'>4.0</span>", "<span data-toggle='tooltip' data-placement='right' title='原始值：5.57'>5.57</span>", "<span data-toggle='tooltip' data-placement='right' title='原始值：0.08648'>0.086</span>", "<span data-toggle='tooltip' data-placement='right' title='原始值：0.06988'>0.070</span>", "<span data-toggle='tooltip' data-placement='right' title='原始值：5.18943'>5.19</span>", "*", "*", "正常"], ["山东省", "海河流域", "<span data-toggle='tooltip' data-placement='right' title='所在地市:聊城市&#10;所属河流:卫运河'>秤勾湾(秤钩湾)</span>", null, "", "--", "--", "--", "--", "--", "--", "--", "--", "--", "*", "*", "停站"], ["河南省", "长江流域", "<span data-toggle='tooltip' data-placement='right' title='所在地市:南阳市&#10;所属河流:丹江口水库'>陶岔</span>", "03-27 08:00", "Ⅱ", "<span data-toggle='tooltip' data-placement='right' title='原始值：17.3'>17.3</span>", "<span data-toggle='tooltip' data-placement='right' title='原始值：7.90255'>7.90</span>", "<span data-toggle='tooltip' data-placement='right' title='原始值：8.65472'>8.65</span>", "<span data-toggle='tooltip' data-placement='right' title='原始值：272.5447'>272.5</span>", "<span data-toggle='tooltip' data-placement='right' title='原始值：1.29139'>1.3</span>", "<span data-toggle='tooltip' data-placement='right' title='原始值：2.14'>2.14</span>", "<span data-toggle='tooltip' data-placement='right' title='原始值：0.02159'>0.022</span>", "<span data-toggle='tooltip' data-placement='right' title='原始值：0.00655'>0.007</span>", "<span data-toggle='tooltip' data-placement='right' title='原始值：1.10144'>1.10</span>", "<span data-toggle='tooltip' data-placement='right' title='原始值：0.00387'>0.004</span>", "<span data-toggle='tooltip' data-placement='right' title='原始值：352367.2'>352367</span>", "正常"], ["河南省", "淮河流域", "<span data-toggle='tooltip' data-placement='right' title='所在地市:商丘市&#10;所属河流:浍河'>黄口</span>", "03-27 08:00", "Ⅲ", "<span data-toggle='tooltip' data-placement='right' title='原始值：14.2'>14.2</span>", "<span data-toggle='tooltip' data-placement='right' title='原始值：7.54'>7.54</span>", "<span data-toggle='tooltip' data-placement='right' title='原始值：8.86937'>8.87</span>", "<span data-toggle='tooltip' data-placement='right' title='原始值：2146.968'>2147.0</span>", "<span data-toggle='tooltip' data-placement='right' title='原始值：37.19511'>37.2</span>", "<span data-toggle='tooltip' data-placement='right' title='原始值：4.17'>4.17</span>", "<span data-toggle='tooltip' data-placement='right' title='原始值：0.06469'>0.065</span>", "<span data-toggle='tooltip' data-placement='right' title='原始值：0.1284'>0.128</span>", "<span data-toggle='tooltip' data-placement='right' title='原始值：6.07616'>6.08</span>", "*", "*", "正常"], ["河南省", "淮河流域", "<span data-toggle='tooltip' data-placement='right' title='所在地市:信阳市&#10;所属河流:史灌河'>蒋集</span>", null, "", "--", "--", "--", "--", "--", "--", "--", "--", "--", "*", "*", "停站"], ["河南省", "淮河流域", "<span data-toggle='tooltip' data-placement='right' title='所在地市:信阳市&#10;所属河流:淮河'>息县大埠口</span>", null, "", "*", "--", "*", "*", "*", "*", "*", "*", "*", "*", "*", "维护"], ["河南省", "淮河流域", "<span data-toggle='tooltip' data-placement='right' title='所在地市:信阳市&#10;所属河流:淮河'>淮滨水文站(淮滨)</span>", "03-27 08:00", "Ⅲ", "<span data-toggle='tooltip' data-placement='right' title='原始值：15.2'>15.2</span>", "<span data-toggle='tooltip' data-placement='right' title='原始值：7.08'>7.08</span>", "<span data-toggle='tooltip' data-placement='right' title='原始值：8.95'>8.95</span>", "<span data-toggle='tooltip' data-placement='right' title='原始值：252'>252.0</span>", "<span data-toggle='tooltip' data-placement='right' title='原始值：102.4961'>102.5</span>", "<span data-toggle='tooltip' data-placement='right' title='原始值：3.26703'>3.27</span>", "<span data-toggle='tooltip' data-placement='right' title='原始值：0.20041'>0.200</span>", "<span data-toggle='tooltip' data-placement='right' title='原始值：0.16819'>0.168</span>", "<span data-toggle='tooltip' data-placement='right' title='原始值：1.35491'>1.35</span>", "*", "*", "正常"], ["河南省", "淮河流域", "<span data-toggle='tooltip' data-placement='right' title='所在地市:周口市&#10;所属河流:沙河'>沈丘闸</span>", "03-27 08:00", "Ⅳ", "<span data-toggle='tooltip' data-placement='right' title='原始值：13.65002'>13.7</span>", "<span data-toggle='tooltip' data-placement='right' title='原始值：7.5642'>7.56</span>", "<span data-toggle='tooltip' data-placement='right' title='原始值：6.47764'>6.48</span>", "<span data-toggle='tooltip' data-placement='right' title='原始值：933.2364'>933.2</span>", "<span data-toggle='tooltip' data-placement='right' title='原始值：10.53803'>10.5</span>", "<span data-toggle='tooltip' data-placement='right' title='原始值：4.2'>4.20</span>", "<span data-toggle='tooltip' data-placement='right' title='原始值：1.01'>1.010</span>", "*", "*", "*", "*", "正常"], ["河南省", "淮河流域", "<span data-toggle='tooltip' data-placement='right' title='所在地市:周口市&#10;所属河流:涡河'>鹿邑付桥(鹿邑付桥闸)</span>", "03-27 08:00", "Ⅳ", "<span data-toggle='tooltip' data-placement='right' title='原始值：16.28144'>16.3</span>", "<span data-toggle='tooltip' data-placement='right' title='原始值：8.76024'>8.76</span>", "<span data-toggle='tooltip' data-placement='right' title='原始值：13.05162'>13.05</span>", "<span data-toggle='tooltip' data-placement='right' title='原始值：1507.656'>1507.7</span>", "<span data-toggle='tooltip' data-placement='right' title='原始值：3.45657'>3.5</span>", "<span data-toggle='tooltip' data-placement='right' title='原始值：7.465'>7.46</span>", "<span data-toggle='tooltip' data-placement='right' title='原始值：0.09'>0.090</span>", "<span data-toggle='tooltip' data-placement='right' title='原始值：0.0447'>0.045</span>", "<span data-toggle='tooltip' data-placement='right' title='原始值：0.79073'>0.79</span>", "*", "*", "正常"], ["河南省", "淮河流域", "<span data-toggle='tooltip' data-placement='right' title='所在地市:驻马店市&#10;所属河流:洪河'>新蔡班台(班台)</span>", "03-27 08:00", "Ⅲ", "<span data-toggle='tooltip' data-placement='right' title='原始值：16.64469'>16.6</span>", "<span data-toggle='tooltip' data-placement='right' title='原始值：7.26013'>7.26</span>", "<span data-toggle='tooltip' data-placement='right' title='原始值：7.55836'>7.56</span>", "<span data-toggle='tooltip' data-placement='right' title='原始值：625.3514'>625.4</span>", "<span data-toggle='tooltip' data-placement='right' title='原始值：7.72727'>7.7</span>", "<span data-toggle='tooltip' data-placement='right' title='原始值：3.88'>3.88</span>", "<span data-toggle='tooltip' data-placement='right' title='原始值：0.48'>0.480</span>", "<span data-toggle='tooltip' data-placement='right' title='原始值：0.16783'>0.168</span>", "<span data-toggle='tooltip' data-placement='right' title='原始值：3.62473'>3.62</span>", "*", "*", "正常"], ["河南省", "黄河流域", "<span data-toggle='tooltip' data-placement='right' title='所在地市:济源市&#10;所属河流:黄河'>小浪底水库(小浪底)</span>", "03-27 08:00", "Ⅱ", "<span data-toggle='tooltip' data-placement='right' title='原始值：7.78416'>7.8</span>", "<span data-toggle='tooltip' data-placement='right' title='原始值：8.34327'>8.34</span>", "<span data-toggle='tooltip' data-placement='right' title='原始值：15.92182'>15.92</span>", "<span data-toggle='tooltip' data-placement='right' title='原始值：865.719'>865.7</span>", "<span data-toggle='tooltip' data-placement='right' title='原始值：4.3075'>4.3</span>", "<span data-toggle='tooltip' data-placement='right' title='原始值：1.12'>1.12</span>", "<span data-toggle='tooltip' data-placement='right' title='原始值：0.11'>0.110</span>", "<span data-toggle='tooltip' data-placement='right' title='原始值：0.027'>0.027</span>", "<span data-toggle='tooltip' data-placement='right' title='原始值：4.0925'>4.09</span>", "*", "*", "正常"], ["湖北省", "长江流域", "<span data-toggle='tooltip' data-placement='right' title='所在地市:武汉市&#10;所属河流:汉江'>宗关</span>", "03-27 08:00", "Ⅱ", "<span data-toggle='tooltip' data-placement='right' title='原始值：15.26'>15.3</span>", "<span data-toggle='tooltip' data-placement='right' title='原始值：7.825906'>7.83</span>", "<span data-toggle='tooltip' data-placement='right' title='原始值：9.492948'>9.49</span>", "<span data-toggle='tooltip' data-placement='right' title='原始值：334.2838'>334.3</span>", "<span data-toggle='tooltip' data-placement='right' title='原始值：10.95116'>11.0</span>", "<span data-toggle='tooltip' data-placement='right' title='原始值：2.09'>2.09</span>", "<span data-toggle='tooltip' data-placement='right' title='原始值：0.094'>0.094</span>", "<span data-toggle='tooltip' data-placement='right' title='原始值：0.052'>0.052</span>", "<span data-toggle='tooltip' data-placement='right' title='原始值：2.450599'>2.45</span>", "<span data-toggle='tooltip' data-placement='right' title='原始值：0.0018281'>0.002</span>", "*", "正常"], ["湖北省", "长江流域", "<span data-toggle='tooltip' data-placement='right' title='所在地市:十堰市&#10;所属河流:丹江口水库'>坝上中(胡家岭)</span>", "03-27 08:00", "Ⅱ", "<span data-toggle='tooltip' data-placement='right' title='原始值：13.04'>13.0</span>", "<span data-toggle='tooltip' data-placement='right' title='原始值：8.121306'>8.12</span>", "<span data-toggle='tooltip' data-placement='right' title='原始值：10.40442'>10.40</span>", "<span data-toggle='tooltip' data-placement='right' title='原始值：246.876'>246.9</span>", "<span data-toggle='tooltip' data-placement='right' title='原始值：2.867475'>2.9</span>", "<span data-toggle='tooltip' data-placement='right' title='原始值：2.2'>2.20</span>", "<span data-toggle='tooltip' data-placement='right' title='原始值：0.083'>0.083</span>", "<span data-toggle='tooltip' data-placement='right' title='原始值：0.009'>0.009</span>", "<span data-toggle='tooltip' data-placement='right' title='原始值：1.208'>1.21</span>", "<span data-toggle='tooltip' data-placement='right' title='原始值：0.0055245'>0.006</span>", "<span data-toggle='tooltip' data-placement='right' title='原始值：7868000'>7868000</span>", "正常"], ["湖北省", "长江流域", "<span data-toggle='tooltip' data-placement='right' title='所在地市:宜昌市&#10;所属河流:长江'>南津关</span>", "03-27 08:00", "Ⅱ", "<span data-toggle='tooltip' data-placement='right' title='原始值：14.12'>14.1</span>", "<span data-toggle='tooltip' data-placement='right' title='原始值：7.915032'>7.92</span>", "<span data-toggle='tooltip' data-placement='right' title='原始值：8.994165'>8.99</span>", "<span data-toggle='tooltip' data-placement='right' title='原始值：445.744'>445.7</span>", "<span data-toggle='tooltip' data-placement='right' title='原始值：2.105337'>2.1</span>", "<span data-toggle='tooltip' data-placement='right' title='原始值：1.11'>1.11</span>", "<span data-toggle='tooltip' data-placement='right' title='原始值：0.111'>0.111</span>", "<span data-toggle='tooltip' data-placement='right' title='原始值：0.052'>0.052</span>", "<span data-toggle='tooltip' data-placement='right' title='原始值：1.6359'>1.64</span>", "<span data-toggle='tooltip' data-placement='right' title='原始值：0.0164487'>0.016</span>", "*", "正常"], ["湖南省", "长江流域", "<span data-toggle='tooltip' data-placement='right' title='所在地市:长沙市&#10;所属河流:湘江'>新港</span>", "03-27 08:00", "Ⅱ", "<span data-toggle='tooltip' data-placement='right' title='原始值：15.83'>15.8</span>", "<span data-toggle='tooltip' data-placement='right' title='原始值：7.19'>7.19</span>", "<span data-toggle='tooltip' data-placement='right' title='原始值：8.71'>8.71</span>", "<span data-toggle='tooltip' data-placement='right' title='原始值：250.03'>250.0</span>", "<span data-toggle='tooltip' data-placement='right' title='原始值：36.88'>36.9</span>", "<span data-toggle='tooltip' data-placement='right' title='原始值：1.84'>1.84</span>", "<span data-toggle='tooltip' data-placement='right' title='原始值：0.15'>0.150</span>", "<span data-toggle='tooltip' data-placement='right' title='原始值：0.06'>0.060</span>", "<span data-toggle='tooltip' data-placement='right' title='原始值：1.95'>1.95</span>", "*", "*", "正常"], ["湖南省", "长江流域", "<span data-toggle='tooltip' data-placement='right' title='所在地市:岳阳市&#10;所属河流:洞庭湖'>岳阳楼</span>", "03-27 08:00", "Ⅴ", "<span data-toggle='tooltip' data-placement='right' title='原始值：14.84'>14.8</span>", "<span data-toggle='tooltip' data-placement='right' title='原始值：7.472816'>7.47</span>", "<span data-toggle='tooltip' data-placement='right' title='原始值：7.755186'>7.76</span>", "<span data-toggle='tooltip' data-placement='right' title='原始值：234.8121'>234.8</span>", "<span data-toggle='tooltip' data-placement='right' title='原始值：57.5062'>57.5</span>", "<span data-toggle='tooltip' data-placement='right' title='原始值：1.5'>1.50</span>", "<span data-toggle='tooltip' data-placement='right' title='原始值：0.008'>0.008</span>", "<span data-toggle='tooltip' data-placement='right' title='原始值：0.144'>0.144</span>", "<span data-toggle='tooltip' data-placement='right' title='原始值：3.368'>3.37</span>", "<span data-toggle='tooltip' data-placement='right' title='原始值：0.0031406'>0.003</span>", "<span data-toggle='tooltip' data-placement='right' title='原始值：195.012'>195</span>", "正常"], ["湖南省", "长江流域", "<span data-toggle='tooltip' data-placement='right' title='所在地市:岳阳市&#10;所属河流:长江'>城陵矶</span>", "03-27 08:00", "Ⅲ", "<span data-toggle='tooltip' data-placement='right' title='原始值：15.81'>15.8</span>", "<span data-toggle='tooltip' data-placement='right' title='原始值：7.580827'>7.58</span>", "<span data-toggle='tooltip' data-placement='right' title='原始值：9.741939'>9.74</span>", "<span data-toggle='tooltip' data-placement='right' title='原始值：246.979'>247.0</span>", "<span data-toggle='tooltip' data-placement='right' title='原始值：54.06242'>54.1</span>", "<span data-toggle='tooltip' data-placement='right' title='原始值：2.33'>2.33</span>", "<span data-toggle='tooltip' data-placement='right' title='原始值：0.005'>0.005</span>", "<span data-toggle='tooltip' data-placement='right' title='原始值：0.113'>0.113</span>", "<span data-toggle='tooltip' data-placement='right' title='原始值：1.8957'>1.90</span>", "*", "*", "正常"], ["广东省", "珠江流域", "<span data-toggle='tooltip' data-placement='right' title='所在地市:清远市&#10;所属河流:北江'>七星岗</span>", "03-27 08:00", "Ⅱ", "<span data-toggle='tooltip' data-placement='right' title='原始值：22.26846'>22.3</span>", "<span data-toggle='tooltip' data-placement='right' title='原始值：7.333'>7.33</span>", "<span data-toggle='tooltip' data-placement='right' title='原始值：7.9861'>7.99</span>", "<span data-toggle='tooltip' data-placement='right' title='原始值：291.5053'>291.5</span>", "<span data-toggle='tooltip' data-placement='right' title='原始值：8.01294'>8.0</span>", "<span data-toggle='tooltip' data-placement='right' title='原始值：2.72'>2.72</span>", "<span data-toggle='tooltip' data-placement='right' title='原始值：0.13024'>0.130</span>", "<span data-toggle='tooltip' data-placement='right' title='原始值：0.03184'>0.032</span>", "<span data-toggle='tooltip' data-placement='right' title='原始值：1.7478'>1.75</span>", "*", "*", "正常"], ["广东省", "珠江流域", "<span data-toggle='tooltip' data-placement='right' title='所在地市:中山市&#10;所属河流:西江'>横栏</span>", "03-27 08:00", "Ⅰ", "<span data-toggle='tooltip' data-placement='right' title='原始值：21.9'>21.9</span>", "<span data-toggle='tooltip' data-placement='right' title='原始值：7.72'>7.72</span>", "<span data-toggle='tooltip' data-placement='right' title='原始值：7.81'>7.81</span>", "<span data-toggle='tooltip' data-placement='right' title='原始值：306'>306.0</span>", "<span data-toggle='tooltip' data-placement='right' title='原始值：6'>6.0</span>", "<span data-toggle='tooltip' data-placement='right' title='原始值：1.58'>1.58</span>", "<span data-toggle='tooltip' data-placement='right' title='原始值：0.1002'>0.100</span>", "*", "*", "*", "*", "正常"], ["广西壮族自治区", "珠江流域", "<span data-toggle='tooltip' data-placement='right' title='所在地市:南宁市&#10;所属河流:邕江'>老口</span>", "03-27 08:00", "Ⅱ", "<span data-toggle='tooltip' data-placement='right' title='原始值：21.85073'>21.9</span>", "<span data-toggle='tooltip' data-placement='right' title='原始值：7.55802'>7.56</span>", "<span data-toggle='tooltip' data-placement='right' title='原始值：7.65165'>7.65</span>", "<span data-toggle='tooltip' data-placement='right' title='原始值：266.6864'>266.7</span>", "<span data-toggle='tooltip' data-placement='right' title='原始值：13.79288'>13.8</span>", "<span data-toggle='tooltip' data-placement='right' title='原始值：1.77869'>1.78</span>", "<span data-toggle='tooltip' data-placement='right' title='原始值：0.13321'>0.133</span>", "<span data-toggle='tooltip' data-placement='right' title='原始值：0.03632'>0.036</span>", "<span data-toggle='tooltip' data-placement='right' title='原始值：1.02202'>1.02</span>", "*", "*", "正常"], ["广西壮族自治区", "珠江流域", "<span data-toggle='tooltip' data-placement='right' title='所在地市:桂林市&#10;所属河流:漓江'>阳朔</span>", "03-27 08:00", "Ⅱ", "<span data-toggle='tooltip' data-placement='right' title='原始值：17.8'>17.8</span>", "<span data-toggle='tooltip' data-placement='right' title='原始值：7.46'>7.46</span>", "<span data-toggle='tooltip' data-placement='right' title='原始值：9.296'>9.30</span>", "<span data-toggle='tooltip' data-placement='right' title='原始值：154.909'>154.9</span>", "<span data-toggle='tooltip' data-placement='right' title='原始值：3.048'>3.0</span>", "<span data-toggle='tooltip' data-placement='right' title='原始值：1.065'>1.06</span>", "<span data-toggle='tooltip' data-placement='right' title='原始值：0.015'>0.015</span>", "<span data-toggle='tooltip' data-placement='right' title='原始值：0.038'>0.038</span>", "<span data-toggle='tooltip' data-placement='right' title='原始值：1.852'>1.85</span>", "*", "*", "正常"], ["广西壮族自治区", "珠江流域", "<span data-toggle='tooltip' data-placement='right' title='所在地市:梧州市&#10;所属河流:浔江'>界首</span>", null, "", "--", "--", "--", "--", "--", "--", "--", "--", "--", "*", "*", "停站"], ["广西壮族自治区", "珠江流域", "<span data-toggle='tooltip' data-placement='right' title='所在地市:贵港市&#10;所属河流:浔江'>石嘴</span>", null, "", "--", "--", "--", "--", "--", "--", "--", "--", "--", "*", "*", "停站"], ["广西壮族自治区", "珠江流域", "<span data-toggle='tooltip' data-placement='right' title='所在地市:崇左市&#10;所属河流:平而河'>平而关</span>", "03-27 08:00", "Ⅰ", "<span data-toggle='tooltip' data-placement='right' title='原始值：21.59841'>21.6</span>", "<span data-toggle='tooltip' data-placement='right' title='原始值：7.21746'>7.22</span>", "<span data-toggle='tooltip' data-placement='right' title='原始值：7.66684'>7.67</span>", "<span data-toggle='tooltip' data-placement='right' title='原始值：262.9664'>263.0</span>", "<span data-toggle='tooltip' data-placement='right' title='原始值：22.42024'>22.4</span>", "<span data-toggle='tooltip' data-placement='right' title='原始值：1.555'>1.56</span>", "<span data-toggle='tooltip' data-placement='right' title='原始值：0.01'>0.010</span>", "*", "*", "*", "*", "正常"], ["重庆市", "长江流域", "<span data-toggle='tooltip' data-placement='right' title='所在地市:永川区&#10;所属河流:长江'>朱沱</span>", "03-27 08:00", "Ⅱ", "<span data-toggle='tooltip' data-placement='right' title='原始值：15.79'>15.8</span>", "<span data-toggle='tooltip' data-placement='right' title='原始值：7.79'>7.79</span>", "<span data-toggle='tooltip' data-placement='right' title='原始值：9.42'>9.42</span>", "<span data-toggle='tooltip' data-placement='right' title='原始值：420.16'>420.2</span>", "<span data-toggle='tooltip' data-placement='right' title='原始值：34.27'>34.3</span>", "<span data-toggle='tooltip' data-placement='right' title='原始值：1.246'>1.25</span>", "<span data-toggle='tooltip' data-placement='right' title='原始值：0.037'>0.037</span>", "<span data-toggle='tooltip' data-placement='right' title='原始值：0.064'>0.064</span>", "<span data-toggle='tooltip' data-placement='right' title='原始值：1.588'>1.59</span>", "*", "*", "正常"], ["四川省", "长江流域", "<span data-toggle='tooltip' data-placement='right' title='所在地市:攀枝花市&#10;所属河流:金沙江'>龙洞</span>", "03-27 08:00", "", "<span data-toggle='tooltip' data-placement='right' title='原始值：14.3'>14.3</span>", "<span data-toggle='tooltip' data-placement='right' title='原始值：8.302096'>8.30</span>", "<span data-toggle='tooltip' data-placement='right' title='原始值：9.0687'>9.07</span>", "<span data-toggle='tooltip' data-placement='right' title='原始值：720.511'>720.5</span>", "<span data-toggle='tooltip' data-placement='right' title='原始值：3.01458'>3.0</span>", "<span data-toggle='tooltip' data-placement='right' title='原始值：1.18'>1.18</span>", "<span data-toggle='tooltip' data-placement='right' title='原始值：0.008'>0.008</span>", "<span data-toggle='tooltip' data-placement='right' title='原始值：0.0002363'>0.0002</span>", "<span data-toggle='tooltip' data-placement='right' title='原始值：0.604266'>0.60</span>", "*", "*", "维护"], ["四川省", "长江流域", "<span data-toggle='tooltip' data-placement='right' title='所在地市:泸州市&#10;所属河流:沱江'>沱江大桥(沱江二桥)</span>", "03-27 08:00", "Ⅱ", "<span data-toggle='tooltip' data-placement='right' title='原始值：18.34'>18.3</span>", "<span data-toggle='tooltip' data-placement='right' title='原始值：8.020723'>8.02</span>", "<span data-toggle='tooltip' data-placement='right' title='原始值：7.801225'>7.80</span>", "<span data-toggle='tooltip' data-placement='right' title='原始值：645.7483'>645.7</span>", "<span data-toggle='tooltip' data-placement='right' title='原始值：28.30072'>28.3</span>", "<span data-toggle='tooltip' data-placement='right' title='原始值：2.26'>2.26</span>", "<span data-toggle='tooltip' data-placement='right' title='原始值：0.011'>0.011</span>", "<span data-toggle='tooltip' data-placement='right' title='原始值：0.0881265'>0.088</span>", "<span data-toggle='tooltip' data-placement='right' title='原始值：3.818759'>3.82</span>", "*", "*", "正常"], ["四川省", "长江流域", "<span data-toggle='tooltip' data-placement='right' title='所在地市:广元市&#10;所属河流:嘉陵江'>清风峡</span>", "03-27 08:00", "Ⅰ", "<span data-toggle='tooltip' data-placement='right' title='原始值：13.19999'>13.2</span>", "<span data-toggle='tooltip' data-placement='right' title='原始值：8.17999'>8.18</span>", "<span data-toggle='tooltip' data-placement='right' title='原始值：10.9162'>10.92</span>", "<span data-toggle='tooltip' data-placement='right' title='原始值：409.4908'>409.5</span>", "<span data-toggle='tooltip' data-placement='right' title='原始值：80.45926'>80.5</span>", "<span data-toggle='tooltip' data-placement='right' title='原始值：0.71'>0.71</span>", "<span data-toggle='tooltip' data-placement='right' title='原始值：0.10033'>0.100</span>", "*", "*", "*", "*", "正常"], ["四川省", "长江流域", "<span data-toggle='tooltip' data-placement='right' title='所在地市:乐山市&#10;所属河流:岷江'>岷江大桥</span>", null, "", "--", "--", "--", "--", "--", "--", "--", "--", "--", "*", "*", "停站"], ["四川省", "长江流域", "<span data-toggle='tooltip' data-placement='right' title='所在地市:宜宾市&#10;所属河流:岷江'>凉姜沟</span>", "03-27 08:00", "Ⅲ", "<span data-toggle='tooltip' data-placement='right' title='原始值：15.88'>15.9</span>", "<span data-toggle='tooltip' data-placement='right' title='原始值：7.763791'>7.76</span>", "<span data-toggle='tooltip' data-placement='right' title='原始值：8.530924'>8.53</span>", "<span data-toggle='tooltip' data-placement='right' title='原始值：349.7662'>349.8</span>", "<span data-toggle='tooltip' data-placement='right' title='原始值：27.80441'>27.8</span>", "<span data-toggle='tooltip' data-placement='right' title='原始值：1.53'>1.53</span>", "<span data-toggle='tooltip' data-placement='right' title='原始值：0.159'>0.159</span>", "<span data-toggle='tooltip' data-placement='right' title='原始值：0.109576'>0.110</span>", "<span data-toggle='tooltip' data-placement='right' title='原始值：2.052005'>2.05</span>", "*", "*", "正常"], ["云南省", "滇池流域", "<span data-toggle='tooltip' data-placement='right' title='所在地市:昆明市&#10;所属河流:滇池'>西苑隧道</span>", "03-27 08:00", "Ⅳ", "<span data-toggle='tooltip' data-placement='right' title='原始值：17.48'>17.5</span>", "<span data-toggle='tooltip' data-placement='right' title='原始值：8.3967'>8.40</span>", "<span data-toggle='tooltip' data-placement='right' title='原始值：8.6'>8.60</span>", "<span data-toggle='tooltip' data-placement='right' title='原始值：748.421'>748.4</span>", "<span data-toggle='tooltip' data-placement='right' title='原始值：15.617'>15.6</span>", "<span data-toggle='tooltip' data-placement='right' title='原始值：7.74721'>7.75</span>", "<span data-toggle='tooltip' data-placement='right' title='原始值：0.01984'>0.020</span>", "<span data-toggle='tooltip' data-placement='right' title='原始值：0.09454'>0.095</span>", "<span data-toggle='tooltip' data-placement='right' title='原始值：4.28178'>4.28</span>", "<span data-toggle='tooltip' data-placement='right' title='原始值：0.03664'>0.037</span>", "<span data-toggle='tooltip' data-placement='right' title='原始值：3.179289E+07'>31792890</span>", "正常"], ["云南省", "滇池流域", "<span data-toggle='tooltip' data-placement='right' title='所在地市:昆明市&#10;所属河流:滇池'>观音山</span>", "03-27 08:00", "Ⅳ", "<span data-toggle='tooltip' data-placement='right' title='原始值：15.72705'>15.7</span>", "<span data-toggle='tooltip' data-placement='right' title='原始值：8.8468'>8.85</span>", "<span data-toggle='tooltip' data-placement='right' title='原始值：8.575'>8.58</span>", "<span data-toggle='tooltip' data-placement='right' title='原始值：438.895'>438.9</span>", "<span data-toggle='tooltip' data-placement='right' title='原始值：17.465'>17.5</span>", "<span data-toggle='tooltip' data-placement='right' title='原始值：6.73659'>6.74</span>", "<span data-toggle='tooltip' data-placement='right' title='原始值：0.43'>0.430</span>", "<span data-toggle='tooltip' data-placement='right' title='原始值：0.0761'>0.076</span>", "<span data-toggle='tooltip' data-placement='right' title='原始值：1.473'>1.47</span>", "<span data-toggle='tooltip' data-placement='right' title='原始值：0.02461'>0.025</span>", "<span data-toggle='tooltip' data-placement='right' title='原始值：3.987355E+07'>39873550</span>", "正常"], ["云南省", "西南诸河", "<span data-toggle='tooltip' data-placement='right' title='所在地市:红河哈尼族彝族自治州&#10;所属河流:红河'>河口县医院(河口)</span>", "03-27 08:00", "Ⅱ", "<span data-toggle='tooltip' data-placement='right' title='原始值：22.41326'>22.4</span>", "<span data-toggle='tooltip' data-placement='right' title='原始值：7.87206'>7.87</span>", "<span data-toggle='tooltip' data-placement='right' title='原始值：8.11666'>8.12</span>", "<span data-toggle='tooltip' data-placement='right' title='原始值：298.7513'>298.8</span>", "<span data-toggle='tooltip' data-placement='right' title='原始值：56.813'>56.8</span>", "<span data-toggle='tooltip' data-placement='right' title='原始值：1.76731'>1.77</span>", "<span data-toggle='tooltip' data-placement='right' title='原始值：0.07087'>0.071</span>", "<span data-toggle='tooltip' data-placement='right' title='原始值：0.04751'>0.048</span>", "<span data-toggle='tooltip' data-placement='right' title='原始值：0.86478'>0.86</span>", "*", "*", "正常"], ["云南省", "西南诸河", "<span data-toggle='tooltip' data-placement='right' title='所在地市:西双版纳傣族自治州&#10;所属河流:澜沧江'>橄榄坝</span>", "03-27 08:00", "Ⅱ", "<span data-toggle='tooltip' data-placement='right' title='原始值：19.427'>19.4</span>", "<span data-toggle='tooltip' data-placement='right' title='原始值：7.562'>7.56</span>", "<span data-toggle='tooltip' data-placement='right' title='原始值：7.093'>7.09</span>", "<span data-toggle='tooltip' data-placement='right' title='原始值：517.59'>517.6</span>", "<span data-toggle='tooltip' data-placement='right' title='原始值：5.43'>5.4</span>", "<span data-toggle='tooltip' data-placement='right' title='原始值：0.818'>0.82</span>", "<span data-toggle='tooltip' data-placement='right' title='原始值：0.039'>0.039</span>", "*", "*", "*", "*", "正常"], ["陕西省", "黄河流域", "<span data-toggle='tooltip' data-placement='right' title='所在地市:渭南市&#10;所属河流:渭河'>潼关吊桥</span>", "03-27 08:00", "Ⅱ", "<span data-toggle='tooltip' data-placement='right' title='原始值：13.79961'>13.8</span>", "<span data-toggle='tooltip' data-placement='right' title='原始值：8.35'>8.35</span>", "<span data-toggle='tooltip' data-placement='right' title='原始值：8.00125'>8.00</span>", "<span data-toggle='tooltip' data-placement='right' title='原始值：1521.125'>1521.1</span>", "<span data-toggle='tooltip' data-placement='right' title='原始值：152.4612'>152.5</span>", "<span data-toggle='tooltip' data-placement='right' title='原始值：2.32'>2.32</span>", "<span data-toggle='tooltip' data-placement='right' title='原始值：0.3'>0.300</span>", "<span data-toggle='tooltip' data-placement='right' title='原始值：0.09627'>0.096</span>", "<span data-toggle='tooltip' data-placement='right' title='原始值：7.35179'>7.35</span>", "*", "*", "正常"]]}