{"result": 1, "total": 2, "records": 100, "thead": ["省份", "流域", "断面名称", "监测时间", "水质类别", "水温<br/><span class='unit'>(℃)</span>", "pH<br/><span class='unit'>(无量纲)</span>", "溶解氧<br/><span class='unit'>(mg/L)</span>", "电导率<br/><span class='unit'>(μS/cm)</span>", "浊度<br/><span class='unit'>(NTU)</span>", "高锰酸盐指数<br/><span class='unit'>(mg/L)</span>", "氨氮<br/><span class='unit'>(mg/L)</span>", "总磷<br/><span class='unit'>(mg/L)</span>", "总氮<br/><span class='unit'>(mg/L)</span>", "叶绿素α<br/><span class='unit'>(mg/L)</span>", "藻密度<br/><span class='unit'>(cells/L)</span>", "站点情况"], "tbody": [["北京市", "海河流域", "<span data-toggle='tooltip' data-placement='right' title='所在地市:门头沟区&#10;所属河流:永定河'>沿河城</span>", null, "", "--", "--", "--", "--", "--", "--", "--", "--", "--", "*", "*", "停站"], ["北京市", "淮河流域", "<span data-toggle='tooltip' data-placement='right' title='所在地市:房山区&#10;所属河流:小清河'>八间房漫水桥</span>", "03-06 08:00", "Ⅱ", "<span data-toggle='tooltip' data-placement='right' title='原始值：5.3'>5.3</span>", "<span data-toggle='tooltip' data-placement='right' title='原始值：7.99'>7.99</span>", "<span data-toggle='tooltip' data-placement='right' title='原始值：8.89'>8.89</span>", "<span data-toggle='tooltip' data-placement='right' title='原始值：979.9'>979.9</span>", "<span data-toggle='tooltip' data-placement='right' title='原始值：2.66'>2.7</span>", "<span data-toggle='tooltip' data-placement='right' title='原始值：3.933'>3.93</span>", "<span data-toggle='tooltip' data-placement='right' title='原始值：0.028'>0.028</span>", "<span data-toggle='tooltip' data-placement='right' title='原始值：0.034'>0.034</span>", "<span data-toggle='tooltip' data-placement='right' title='原始值：3.7'>3.70</span>", "*", "*", "正常"], ["北京市", "海河流域", "<span data-toggle='tooltip' data-placement='right' title='所在地市:密云区&#10;所属河流:潮河'>古北口</span>", null, "", "--", "--", "--", "--", "--", "--", "--", "--", "--", "*", "*", "停站"], ["天津市", "海河流域", "<span data-toggle='tooltip' data-placement='right' title='所在地市:河北区&#10;所属河流:海河'>三岔口</span>", "03-06 08:00", "Ⅱ", "<span data-toggle='tooltip' data-placement='right' title='原始值：6.58'>6.6</span>", "<span data-toggle='tooltip' data-placement='right' title='原始值：7.9479'>7.95</span>", "<span data-toggle='tooltip' data-placement='right' title='原始值：9.294'>9.29</span>", "<span data-toggle='tooltip' data-placement='right' title='原始值：650.3737'>650.4</span>", "<span data-toggle='tooltip' data-placement='right' title='原始值：50.842'>50.8</span>", "<span data-toggle='tooltip' data-placement='right' title='原始值：3.06'>3.06</span>", "<span data-toggle='tooltip' data-placement='right' title='原始值：0.32'>0.320</span>", "<span data-toggle='tooltip' data-placement='right' title='原始值：0.0071'>0.007</span>", "<span data-toggle='tooltip' data-placement='right' title='原始值：1.4594'>1.46</span>", "*", "*", "正常"], ["天津市", "海河流域", "<span data-toggle='tooltip' data-placement='right' title='所在地市:蓟州区&#10;所属河流:果河'>果河桥</span>", "03-06 08:00", "Ⅱ", "<span data-toggle='tooltip' data-placement='right' title='原始值：5.8'>5.8</span>", "<span data-toggle='tooltip' data-placement='right' title='原始值：8.08'>8.08</span>", "<span data-toggle='tooltip' data-placement='right' title='原始值：11.978'>11.98</span>", "<span data-toggle='tooltip' data-placement='right' title='原始值：781.268'>781.3</span>", "<span data-toggle='tooltip' data-placement='right' title='原始值：21.9'>21.9</span>", "<span data-toggle='tooltip' data-placement='right' title='原始值：1.6649'>1.66</span>", "<span data-toggle='tooltip' data-placement='right' title='原始值：0.24'>0.240</span>", "<span data-toggle='tooltip' data-placement='right' title='原始值：0.0391'>0.039</span>", "<span data-toggle='tooltip' data-placement='right' title='原始值：10.2441'>10.24</span>", "*", "*", "正常"], ["河北省", "海河流域", "<span data-toggle='tooltip' data-placement='right' title='所在地市:石家庄市&#10;所属河流:滹沱河'>岗南水库</span>", null, "", "--", "--", "--", "--", "--", "--", "--", "--", "--", "*", "*", "停站"], ["河北省", "海河流域", "<span data-toggle='tooltip' data-placement='right' title='所在地市:张家口市&#10;所属河流:永定河'>八号桥</span>", "03-06 08:00", "Ⅲ", "<span data-toggle='tooltip' data-placement='right' title='原始值：6.17407'>6.2</span>", "<span data-toggle='tooltip' data-placement='right' title='原始值：8.30972'>8.31</span>", "<span data-toggle='tooltip' data-placement='right' title='原始值：10.69401'>10.69</span>", "<span data-toggle='tooltip' data-placement='right' title='原始值：1170.677'>1170.7</span>", "<span data-toggle='tooltip' data-placement='right' title='原始值：20.35823'>20.4</span>", "<span data-toggle='tooltip' data-placement='right' title='原始值：3.84'>3.84</span>", "<span data-toggle='tooltip' data-placement='right' title='原始值：0.22'>0.220</span>", "<span data-toggle='tooltip' data-placement='right' title='原始值：0.1375'>0.138</span>", "<span data-toggle='tooltip' data-placement='right' title='原始值：6.56'>6.56</span>", "*", "*", "正常"], ["山西省", "黄河流域", "<span data-toggle='tooltip' data-placement='right' title='所在地市:运城市&#10;所属河流:汾河'>河津大桥</span>", "03-06 08:00", "劣Ⅴ", "<span data-toggle='tooltip' data-placement='right' title='原始值：14.18947'>14.2</span>", "<span data-toggle='tooltip' data-placement='right' title='原始值：7.89575'>7.90</span>", "<span data-toggle='tooltip' data-placement='right' title='原始值：8.71467'>8.71</span>", "<span data-toggle='tooltip' data-placement='right' title='原始值：1697.24'>1697.2</span>", "<span data-toggle='tooltip' data-placement='right' title='原始值：55.39718'>55.4</span>", "<span data-toggle='tooltip' data-placement='right' title='原始值：6.075'>6.08</span>", "<span data-toggle='tooltip' data-placement='right' title='原始值：10.17999'>10.180</span>", "*", "*", "*", "*", "正常"], ["山西省", "黄河流域", "<span data-toggle='tooltip' data-placement='right' title='所在地市:忻州市&#10;所属河流:黄河'>万家寨水库</span>", null, "", "--", "--", "--", "--", "--", "--", "--", "--", "--", "*", "*", "停站"], ["内蒙古自治区", "黄河流域", "<span data-toggle='tooltip' data-placement='right' title='所在地市:包头市&#10;所属河流:黄河'>画匠营子</span>", "03-06 08:00", "Ⅱ", "<span data-toggle='tooltip' data-placement='right' title='原始值：4.77564'>4.8</span>", "<span data-toggle='tooltip' data-placement='right' title='原始值：7.84838'>7.85</span>", "<span data-toggle='tooltip' data-placement='right' title='原始值：10.62228'>10.62</span>", "<span data-toggle='tooltip' data-placement='right' title='原始值：989.7797'>989.8</span>", "<span data-toggle='tooltip' data-placement='right' title='原始值：369.4157'>369.4</span>", "<span data-toggle='tooltip' data-placement='right' title='原始值：2.74662'>2.75</span>", "<span data-toggle='tooltip' data-placement='right' title='原始值：0.07674'>0.077</span>", "*", "*", "*", "*", "正常"], ["内蒙古自治区", "黄河流域", "<span data-toggle='tooltip' data-placement='right' title='所在地市:乌海市&#10;所属河流:黄河'>海勃湾</span>", "03-06 08:00", "Ⅱ", "<span data-toggle='tooltip' data-placement='right' title='原始值：10.02963'>10.0</span>", "<span data-toggle='tooltip' data-placement='right' title='原始值：8.09427'>8.09</span>", "<span data-toggle='tooltip' data-placement='right' title='原始值：8.54888'>8.55</span>", "<span data-toggle='tooltip' data-placement='right' title='原始值：1081.131'>1081.1</span>", "<span data-toggle='tooltip' data-placement='right' title='原始值：22.47976'>22.5</span>", "<span data-toggle='tooltip' data-placement='right' title='原始值：1.94'>1.94</span>", "<span data-toggle='tooltip' data-placement='right' title='原始值：0.21'>0.210</span>", "*", "*", "*", "*", "正常"], ["内蒙古自治区", "松花江流域", "<span data-toggle='tooltip' data-placement='right' title='所在地市:呼伦贝尔市&#10;所属河流:额尔古纳河'>黑山头</span>", null, "", "--", "--", "--", "--", "--", "--", "--", "--", "--", "*", "*", "停站"], ["辽宁省", "辽河流域", "<span data-toggle='tooltip' data-placement='right' title='所在地市:抚顺市&#10;所属河流:浑河'>大伙房水库</span>", "03-06 08:00", "Ⅱ", "<span data-toggle='tooltip' data-placement='right' title='原始值：5.62438'>5.6</span>", "<span data-toggle='tooltip' data-placement='right' title='原始值：7.7089'>7.71</span>", "<span data-toggle='tooltip' data-placement='right' title='原始值：10.68815'>10.69</span>", "<span data-toggle='tooltip' data-placement='right' title='原始值：321.2951'>321.3</span>", "<span data-toggle='tooltip' data-placement='right' title='原始值：10.74231'>10.7</span>", "<span data-toggle='tooltip' data-placement='right' title='原始值：2.54332'>2.54</span>", "<span data-toggle='tooltip' data-placement='right' title='原始值：0.14'>0.140</span>", "<span data-toggle='tooltip' data-placement='right' title='原始值：0.01332'>0.013</span>", "<span data-toggle='tooltip' data-placement='right' title='原始值：2.81879'>2.82</span>", "<span data-toggle='tooltip' data-placement='right' title='原始值：0.01525'>0.015</span>", "*", "正常"], ["辽宁省", "辽河流域", "<span data-toggle='tooltip' data-placement='right' title='所在地市:丹东市&#10;所属河流:鸭绿江'>江桥</span>", "03-06 08:00", "Ⅱ", "<span data-toggle='tooltip' data-placement='right' title='原始值：5'>5.0</span>", "<span data-toggle='tooltip' data-placement='right' title='原始值：6.40875'>6.41</span>", "<span data-toggle='tooltip' data-placement='right' title='原始值：12.35996'>12.36</span>", "<span data-toggle='tooltip' data-placement='right' title='原始值：151'>151.0</span>", "<span data-toggle='tooltip' data-placement='right' title='原始值：22.125'>22.1</span>", "<span data-toggle='tooltip' data-placement='right' title='原始值：2.12'>2.12</span>", "<span data-toggle='tooltip' data-placement='right' title='原始值：0.06779'>0.068</span>", "<span data-toggle='tooltip' data-placement='right' title='原始值：0.01966'>0.020</span>", "<span data-toggle='tooltip' data-placement='right' title='原始值：1.95232'>1.95</span>", "*", "*", "正常"], ["辽宁省", "辽河流域", "<span data-toggle='tooltip' data-placement='right' title='所在地市:营口市&#10;所属河流:大辽河'>辽河公园</span>", "03-06 08:00", "劣Ⅴ", "<span data-toggle='tooltip' data-placement='right' title='原始值：5.62426'>5.6</span>", "<span data-toggle='tooltip' data-placement='right' title='原始值：7.88222'>7.88</span>", "<span data-toggle='tooltip' data-placement='right' title='原始值：9.06485'>9.06</span>", "<span data-toggle='tooltip' data-placement='right' title='原始值：1104.024'>1104.0</span>", "<span data-toggle='tooltip' data-placement='right' title='原始值：74.41809'>74.4</span>", "<span data-toggle='tooltip' data-placement='right' title='原始值：5.38077'>5.38</span>", "<span data-toggle='tooltip' data-placement='right' title='原始值：2.10577'>2.106</span>", "<span data-toggle='tooltip' data-placement='right' title='原始值：0.15354'>0.154</span>", "<span data-toggle='tooltip' data-placement='right' title='原始值：8.73786'>8.74</span>", "*", "*", "正常"], ["辽宁省", "辽河流域", "<span data-toggle='tooltip' data-placement='right' title='所在地市:辽阳市&#10;所属河流:太子河'>汤河水库</span>", null, "", "--", "--", "--", "--", "--", "--", "--", "--", "--", "*", "*", "停站"], ["辽宁省", "辽河流域", "<span data-toggle='tooltip' data-placement='right' title='所在地市:盘锦市&#10;所属河流:辽河'>盘锦兴安(兴安)</span>", null, "", "--", "--", "--", "--", "--", "--", "--", "--", "--", "*", "*", "停站"], ["辽宁省", "辽河流域", "<span data-toggle='tooltip' data-placement='right' title='所在地市:铁岭市&#10;所属河流:辽河'>珠尔山</span>", "03-06 08:00", "Ⅳ", "<span data-toggle='tooltip' data-placement='right' title='原始值：1.82394'>1.8</span>", "<span data-toggle='tooltip' data-placement='right' title='原始值：7.78341'>7.78</span>", "<span data-toggle='tooltip' data-placement='right' title='原始值：12.28796'>12.29</span>", "<span data-toggle='tooltip' data-placement='right' title='原始值：634.6537'>634.7</span>", "<span data-toggle='tooltip' data-placement='right' title='原始值：5.00953'>5.0</span>", "<span data-toggle='tooltip' data-placement='right' title='原始值：2.77514'>2.78</span>", "<span data-toggle='tooltip' data-placement='right' title='原始值：1.08'>1.080</span>", "<span data-toggle='tooltip' data-placement='right' title='原始值：0.07617'>0.076</span>", "<span data-toggle='tooltip' data-placement='right' title='原始值：8.16755'>8.17</span>", "*", "*", "正常"], ["吉林省", "松花江流域", "<span data-toggle='tooltip' data-placement='right' title='所在地市:长春市&#10;所属河流:松花江'>松花江村</span>", null, "", "--", "--", "--", "--", "--", "--", "--", "--", "--", "*", "*", "停站"], ["吉林省", "松花江流域", "<span data-toggle='tooltip' data-placement='right' title='所在地市:白城市&#10;所属河流:嫩江'>白沙滩</span>", "03-06 08:00", "Ⅲ", "<span data-toggle='tooltip' data-placement='right' title='原始值：3.63913'>3.6</span>", "<span data-toggle='tooltip' data-placement='right' title='原始值：6.65536'>6.66</span>", "<span data-toggle='tooltip' data-placement='right' title='原始值：12.63863'>12.64</span>", "<span data-toggle='tooltip' data-placement='right' title='原始值：343.2065'>343.2</span>", "<span data-toggle='tooltip' data-placement='right' title='原始值：23.90443'>23.9</span>", "<span data-toggle='tooltip' data-placement='right' title='原始值：5.67146'>5.67</span>", "<span data-toggle='tooltip' data-placement='right' title='原始值：0.22853'>0.229</span>", "<span data-toggle='tooltip' data-placement='right' title='原始值：0.04301'>0.043</span>", "<span data-toggle='tooltip' data-placement='right' title='原始值：1.50459'>1.50</span>", "*", "*", "正常"], ["吉林省", "松花江流域", "<span data-toggle='tooltip' data-placement='right' title='所在地市:延边朝鲜族自治州&#10;所属河流:图们江'>圈河</span>", "03-06 08:00", "Ⅲ", "<span data-toggle='tooltip' data-placement='right' title='原始值：7.4'>7.4</span>", "<span data-toggle='tooltip' data-placement='right' title='原始值：6.99031'>6.99</span>", "<span data-toggle='tooltip' data-placement='right' title='原始值：11.15031'>11.15</span>", "<span data-toggle='tooltip' data-placement='right' title='原始值：301.0313'>301.0</span>", "<span data-toggle='tooltip' data-placement='right' title='原始值：9'>9.0</span>", "<span data-toggle='tooltip' data-placement='right' title='原始值：2.67'>2.67</span>", "<span data-toggle='tooltip' data-placement='right' title='原始值：0.56308'>0.563</span>", "<span data-toggle='tooltip' data-placement='right' title='原始值：0.06011'>0.060</span>", "<span data-toggle='tooltip' data-placement='right' title='原始值：3.26318'>3.26</span>", "*", "*", "正常"], ["黑龙江省", "松花江流域", "<span data-toggle='tooltip' data-placement='right' title='所在地市:大庆市&#10;所属河流:松花江'>肇源</span>", null, "", "--", "--", "--", "--", "--", "--", "--", "--", "--", "*", "*", "停站"], ["黑龙江省", "松花江流域", "<span data-toggle='tooltip' data-placement='right' title='所在地市:佳木斯市&#10;所属河流:乌苏里江'>乌苏镇</span>", null, "", "--", "--", "--", "--", "--", "--", "--", "--", "--", "*", "*", "停站"], ["黑龙江省", "松花江流域", "<span data-toggle='tooltip' data-placement='right' title='所在地市:佳木斯市&#10;所属河流:松花江'>同江</span>", "03-06 04:00", "Ⅲ", "<span data-toggle='tooltip' data-placement='right' title='原始值：1.78458'>1.8</span>", "<span data-toggle='tooltip' data-placement='right' title='原始值：7.37443'>7.37</span>", "<span data-toggle='tooltip' data-placement='right' title='原始值：10.1926'>10.19</span>", "<span data-toggle='tooltip' data-placement='right' title='原始值：342.015'>342.0</span>", "<span data-toggle='tooltip' data-placement='right' title='原始值：13.3142'>13.3</span>", "<span data-toggle='tooltip' data-placement='right' title='原始值：4.90635'>4.91</span>", "<span data-toggle='tooltip' data-placement='right' title='原始值：0.32273'>0.323</span>", "<span data-toggle='tooltip' data-placement='right' title='原始值：0.04883'>0.049</span>", "<span data-toggle='tooltip' data-placement='right' title='原始值：1.71412'>1.71</span>", "*", "*", "正常"], ["黑龙江省", "松花江流域", "<span data-toggle='tooltip' data-placement='right' title='所在地市:黑河市&#10;所属河流:黑龙江'>黑河下(黑河)</span>", null, "", "--", "--", "--", "--", "--", "--", "--", "--", "--", "*", "*", "停站"], ["上海市", "长江流域", "<span data-toggle='tooltip' data-placement='right' title='所在地市:青浦区&#10;所属河流:淀山湖'>急水港桥</span>", "03-06 08:00", "Ⅳ", "<span data-toggle='tooltip' data-placement='right' title='原始值：12.2'>12.2</span>", "<span data-toggle='tooltip' data-placement='right' title='原始值：7.42'>7.42</span>", "<span data-toggle='tooltip' data-placement='right' title='原始值：7.19'>7.19</span>", "<span data-toggle='tooltip' data-placement='right' title='原始值：675'>675.0</span>", "<span data-toggle='tooltip' data-placement='right' title='原始值：73.1'>73.1</span>", "<span data-toggle='tooltip' data-placement='right' title='原始值：3.75'>3.75</span>", "<span data-toggle='tooltip' data-placement='right' title='原始值：0.1645'>0.164</span>", "<span data-toggle='tooltip' data-placement='right' title='原始值：0.08348'>0.083</span>", "<span data-toggle='tooltip' data-placement='right' title='原始值：3.20869'>3.21</span>", "<span data-toggle='tooltip' data-placement='right' title='原始值：0.00902'>0.009</span>", "<span data-toggle='tooltip' data-placement='right' title='原始值：3572511'>3572511</span>", "正常"], ["江苏省", "长江流域", "<span data-toggle='tooltip' data-placement='right' title='所在地市:南京市&#10;所属河流:长江'>林山</span>", "03-06 08:00", "", "<span data-toggle='tooltip' data-placement='right' title='原始值：12.8794'>12.9</span>", "<span data-toggle='tooltip' data-placement='right' title='原始值：7.89047'>7.89</span>", "<span data-toggle='tooltip' data-placement='right' title='原始值：8.74625'>8.75</span>", "<span data-toggle='tooltip' data-placement='right' title='原始值：386.344'>386.3</span>", "<span data-toggle='tooltip' data-placement='right' title='原始值：18.7929'>18.8</span>", "<span data-toggle='tooltip' data-placement='right' title='原始值：1.51'>1.51</span>", "<span data-toggle='tooltip' data-placement='right' title='极值过滤'>--</span>", "*", "*", "*", "*", "维护"], ["江苏省", "太湖流域", "<span data-toggle='tooltip' data-placement='right' title='所在地市:无锡市&#10;所属河流:太湖'>沙渚</span>", "03-06 08:00", "Ⅱ", "<span data-toggle='tooltip' data-placement='right' title='原始值：16.2493'>16.2</span>", "<span data-toggle='tooltip' data-placement='right' title='原始值：7.189741'>7.19</span>", "<span data-toggle='tooltip' data-placement='right' title='原始值：9.771445'>9.77</span>", "<span data-toggle='tooltip' data-placement='right' title='原始值：492.5755'>492.6</span>", "<span data-toggle='tooltip' data-placement='right' title='原始值：138.1701'>138.2</span>", "<span data-toggle='tooltip' data-placement='right' title='原始值：3.930988'>3.93</span>", "<span data-toggle='tooltip' data-placement='right' title='原始值：0.14'>0.140</span>", "<span data-toggle='tooltip' data-placement='right' title='原始值：0.0864'>0.086</span>", "<span data-toggle='tooltip' data-placement='right' title='原始值：1.89'>1.89</span>", "<span data-toggle='tooltip' data-placement='right' title='原始值：0.042165'>0.042</span>", "*", "正常"], ["江苏省", "淮河流域", "<span data-toggle='tooltip' data-placement='right' title='所在地市:徐州市&#10;所属河流:武河'>小红圈</span>", "03-06 08:00", "Ⅲ", "<span data-toggle='tooltip' data-placement='right' title='原始值：10.69'>10.7</span>", "<span data-toggle='tooltip' data-placement='right' title='原始值：8.88'>8.88</span>", "<span data-toggle='tooltip' data-placement='right' title='原始值：13.64'>13.64</span>", "<span data-toggle='tooltip' data-placement='right' title='原始值：387.5'>387.5</span>", "<span data-toggle='tooltip' data-placement='right' title='原始值：23.86'>23.9</span>", "<span data-toggle='tooltip' data-placement='right' title='原始值：4.87'>4.87</span>", "<span data-toggle='tooltip' data-placement='right' title='原始值：0.091'>0.091</span>", "*", "*", "*", "*", "正常"], ["江苏省", "淮河流域", "<span data-toggle='tooltip' data-placement='right' title='所在地市:徐州市&#10;所属河流:沿河'>李集桥</span>", "03-06 08:00", "Ⅲ", "<span data-toggle='tooltip' data-placement='right' title='原始值：10.29'>10.3</span>", "<span data-toggle='tooltip' data-placement='right' title='原始值：7.77'>7.77</span>", "<span data-toggle='tooltip' data-placement='right' title='原始值：10.18'>10.18</span>", "<span data-toggle='tooltip' data-placement='right' title='原始值：1217.9'>1217.9</span>", "<span data-toggle='tooltip' data-placement='right' title='原始值：21.17'>21.2</span>", "<span data-toggle='tooltip' data-placement='right' title='原始值：5.52'>5.52</span>", "<span data-toggle='tooltip' data-placement='right' title='原始值：0.042'>0.042</span>", "<span data-toggle='tooltip' data-placement='right' title='原始值：0.042'>0.042</span>", "<span data-toggle='tooltip' data-placement='right' title='原始值：1.58'>1.58</span>", "*", "*", "正常"], ["江苏省", "淮河流域", "<span data-toggle='tooltip' data-placement='right' title='所在地市:徐州市&#10;所属河流:邳苍分洪道'>艾山西大桥</span>", "03-06 08:00", "Ⅴ", "<span data-toggle='tooltip' data-placement='right' title='原始值：10.9325'>10.9</span>", "<span data-toggle='tooltip' data-placement='right' title='原始值：8.4537'>8.45</span>", "<span data-toggle='tooltip' data-placement='right' title='原始值：14.8422'>14.84</span>", "<span data-toggle='tooltip' data-placement='right' title='原始值：803.182'>803.2</span>", "<span data-toggle='tooltip' data-placement='right' title='原始值：15.4926'>15.5</span>", "<span data-toggle='tooltip' data-placement='right' title='原始值：6.96'>6.96</span>", "<span data-toggle='tooltip' data-placement='right' title='原始值：1.7'>1.700</span>", "<span data-toggle='tooltip' data-placement='right' title='原始值：0.05329'>0.053</span>", "<span data-toggle='tooltip' data-placement='right' title='原始值：10.96886'>10.97</span>", "*", "*", "正常"], ["江苏省", "太湖流域", "<span data-toggle='tooltip' data-placement='right' title='所在地市:苏州市&#10;所属河流:太湖'>兰山嘴(老)</span>", "03-06 08:00", "劣Ⅴ", "<span data-toggle='tooltip' data-placement='right' title='原始值：11.57859'>11.6</span>", "<span data-toggle='tooltip' data-placement='right' title='原始值：7.8179'>7.82</span>", "<span data-toggle='tooltip' data-placement='right' title='原始值：10.73999'>10.74</span>", "<span data-toggle='tooltip' data-placement='right' title='原始值：372.854'>372.9</span>", "<span data-toggle='tooltip' data-placement='right' title='原始值：565.1471'>565.1</span>", "<span data-toggle='tooltip' data-placement='right' title='原始值：6.78'>6.78</span>", "<span data-toggle='tooltip' data-placement='right' title='原始值：0.12465'>0.125</span>", "<span data-toggle='tooltip' data-placement='right' title='原始值：0.49235'>0.492</span>", "<span data-toggle='tooltip' data-placement='right' title='原始值：15.73994'>15.74</span>", "<span data-toggle='tooltip' data-placement='right' title='原始值：0.05204'>0.052</span>", "*", "正常"], ["江苏省", "太湖流域", "<span data-toggle='tooltip' data-placement='right' title='所在地市:苏州市&#10;所属河流:太湖'>西山</span>", "03-06 08:00", "Ⅲ", "<span data-toggle='tooltip' data-placement='right' title='原始值：11.74822'>11.7</span>", "<span data-toggle='tooltip' data-placement='right' title='原始值：8.18826'>8.19</span>", "<span data-toggle='tooltip' data-placement='right' title='原始值：10.82813'>10.83</span>", "<span data-toggle='tooltip' data-placement='right' title='原始值：261.164'>261.2</span>", "<span data-toggle='tooltip' data-placement='right' title='原始值：119.4532'>119.5</span>", "<span data-toggle='tooltip' data-placement='right' title='原始值：2.07'>2.07</span>", "<span data-toggle='tooltip' data-placement='right' title='原始值：0.31'>0.310</span>", "<span data-toggle='tooltip' data-placement='right' title='原始值：0.0333'>0.033</span>", "<span data-toggle='tooltip' data-placement='right' title='原始值：1.214'>1.21</span>", "<span data-toggle='tooltip' data-placement='right' title='原始值：0.00948'>0.009</span>", "*", "正常"], ["江苏省", "淮河流域", "<span data-toggle='tooltip' data-placement='right' title='所在地市:连云港市&#10;所属河流:新沭河'>大兴桥</span>", "03-06 08:00", "Ⅲ", "<span data-toggle='tooltip' data-placement='right' title='原始值：11.5'>11.5</span>", "<span data-toggle='tooltip' data-placement='right' title='原始值：8.93'>8.93</span>", "<span data-toggle='tooltip' data-placement='right' title='原始值：13.22'>13.22</span>", "<span data-toggle='tooltip' data-placement='right' title='原始值：1025.4'>1025.4</span>", "<span data-toggle='tooltip' data-placement='right' title='原始值：138.57'>138.6</span>", "<span data-toggle='tooltip' data-placement='right' title='原始值：5.96'>5.96</span>", "<span data-toggle='tooltip' data-placement='right' title='原始值：0.198'>0.198</span>", "*", "*", "*", "*", "正常"], ["江苏省", "淮河流域", "<span data-toggle='tooltip' data-placement='right' title='所在地市:淮安市&#10;所属河流:淮河'>淮河大桥</span>", "03-06 08:00", "Ⅲ", "<span data-toggle='tooltip' data-placement='right' title='原始值：11.57926'>11.6</span>", "<span data-toggle='tooltip' data-placement='right' title='原始值：8.39614'>8.40</span>", "<span data-toggle='tooltip' data-placement='right' title='原始值：11.38007'>11.38</span>", "<span data-toggle='tooltip' data-placement='right' title='原始值：615.9902'>616.0</span>", "<span data-toggle='tooltip' data-placement='right' title='原始值：26.50161'>26.5</span>", "<span data-toggle='tooltip' data-placement='right' title='原始值：4.1'>4.10</span>", "<span data-toggle='tooltip' data-placement='right' title='原始值：0.23'>0.230</span>", "<span data-toggle='tooltip' data-placement='right' title='原始值：0.03975'>0.040</span>", "<span data-toggle='tooltip' data-placement='right' title='原始值：2.555'>2.56</span>", "*", "*", "正常"], ["江苏省", "长江流域", "<span data-toggle='tooltip' data-placement='right' title='所在地市:扬州市&#10;所属河流:夹江'>三江营</span>", "03-06 08:00", "Ⅱ", "<span data-toggle='tooltip' data-placement='right' title='原始值：12.93'>12.9</span>", "<span data-toggle='tooltip' data-placement='right' title='原始值：7.97'>7.97</span>", "<span data-toggle='tooltip' data-placement='right' title='原始值：10.08'>10.08</span>", "<span data-toggle='tooltip' data-placement='right' title='原始值：357.64'>357.6</span>", "<span data-toggle='tooltip' data-placement='right' title='原始值：38.88'>38.9</span>", "<span data-toggle='tooltip' data-placement='right' title='原始值：1.83'>1.83</span>", "<span data-toggle='tooltip' data-placement='right' title='原始值：0.08'>0.080</span>", "<span data-toggle='tooltip' data-placement='right' title='原始值：0.072'>0.072</span>", "<span data-toggle='tooltip' data-placement='right' title='原始值：2.167'>2.17</span>", "*", "*", "正常"], ["江苏省", "淮河流域", "<span data-toggle='tooltip' data-placement='right' title='所在地市:宿迁市&#10;所属河流:新濉河'>大屈</span>", "03-06 08:00", "Ⅲ", "<span data-toggle='tooltip' data-placement='right' title='原始值：10.7'>10.7</span>", "<span data-toggle='tooltip' data-placement='right' title='原始值：8.12'>8.12</span>", "<span data-toggle='tooltip' data-placement='right' title='原始值：9.27'>9.27</span>", "<span data-toggle='tooltip' data-placement='right' title='原始值：991.5'>991.5</span>", "<span data-toggle='tooltip' data-placement='right' title='原始值：13.8'>13.8</span>", "<span data-toggle='tooltip' data-placement='right' title='原始值：5.42'>5.42</span>", "<span data-toggle='tooltip' data-placement='right' title='原始值：0.1'>0.100</span>", "<span data-toggle='tooltip' data-placement='right' title='原始值：0.056'>0.056</span>", "<span data-toggle='tooltip' data-placement='right' title='原始值：3.219'>3.22</span>", "*", "*", "正常"], ["浙江省", "浙闽片河流", "<span data-toggle='tooltip' data-placement='right' title='所在地市:杭州市&#10;所属河流:新安江'>街口(鸠坑口)</span>", "03-06 08:00", "Ⅱ", "<span data-toggle='tooltip' data-placement='right' title='原始值：14.21'>14.2</span>", "<span data-toggle='tooltip' data-placement='right' title='原始值：7.3'>7.30</span>", "<span data-toggle='tooltip' data-placement='right' title='原始值：9.18'>9.18</span>", "<span data-toggle='tooltip' data-placement='right' title='原始值：184.98'>185.0</span>", "<span data-toggle='tooltip' data-placement='right' title='原始值：5.63'>5.6</span>", "<span data-toggle='tooltip' data-placement='right' title='原始值：0.881'>0.88</span>", "<span data-toggle='tooltip' data-placement='right' title='原始值：0.085'>0.085</span>", "<span data-toggle='tooltip' data-placement='right' title='原始值：0.026'>0.026</span>", "<span data-toggle='tooltip' data-placement='right' title='原始值：1.156'>1.16</span>", "*", "*", "正常"], ["浙江省", "太湖流域", "<span data-toggle='tooltip' data-placement='right' title='所在地市:嘉兴市&#10;所属河流:斜路港河'>斜路港</span>", "03-06 08:00", "Ⅴ", "<span data-toggle='tooltip' data-placement='right' title='原始值：12.3'>12.3</span>", "<span data-toggle='tooltip' data-placement='right' title='原始值：7.81'>7.81</span>", "<span data-toggle='tooltip' data-placement='right' title='原始值：10.01'>10.01</span>", "<span data-toggle='tooltip' data-placement='right' title='原始值：644'>644.0</span>", "<span data-toggle='tooltip' data-placement='right' title='原始值：497.5'>497.5</span>", "<span data-toggle='tooltip' data-placement='right' title='原始值：13.56'>13.56</span>", "<span data-toggle='tooltip' data-placement='right' title='原始值：1.34438'>1.344</span>", "<span data-toggle='tooltip' data-placement='right' title='原始值：0.39551'>0.396</span>", "<span data-toggle='tooltip' data-placement='right' title='原始值：3.78271'>3.78</span>", "*", "*", "正常"], ["浙江省", "太湖流域", "<span data-toggle='tooltip' data-placement='right' title='所在地市:嘉兴市&#10;所属河流:京杭运河'>王江泾</span>", "03-06 08:00", "Ⅳ", "<span data-toggle='tooltip' data-placement='right' title='原始值：13.05'>13.0</span>", "<span data-toggle='tooltip' data-placement='right' title='原始值：6.84'>6.84</span>", "<span data-toggle='tooltip' data-placement='right' title='原始值：3.63'>3.63</span>", "<span data-toggle='tooltip' data-placement='right' title='原始值：669.17'>669.2</span>", "<span data-toggle='tooltip' data-placement='right' title='原始值：46.05'>46.0</span>", "<span data-toggle='tooltip' data-placement='right' title='原始值：6.553'>6.55</span>", "<span data-toggle='tooltip' data-placement='right' title='原始值：0.78'>0.780</span>", "<span data-toggle='tooltip' data-placement='right' title='原始值：0.083'>0.083</span>", "<span data-toggle='tooltip' data-placement='right' title='原始值：3.406'>3.41</span>", "*", "*", "正常"], ["浙江省", "太湖流域", "<span data-toggle='tooltip' data-placement='right' title='所在地市:湖州市&#10;所属河流:西苕溪'>新港口(新塘港)</span>", "03-06 08:00", "Ⅲ", "<span data-toggle='tooltip' data-placement='right' title='原始值：12.3618'>12.4</span>", "<span data-toggle='tooltip' data-placement='right' title='原始值：7.86734'>7.87</span>", "<span data-toggle='tooltip' data-placement='right' title='原始值：8.58321'>8.58</span>", "<span data-toggle='tooltip' data-placement='right' title='原始值：457.643'>457.6</span>", "<span data-toggle='tooltip' data-placement='right' title='原始值：116.584'>116.6</span>", "<span data-toggle='tooltip' data-placement='right' title='原始值：3.17862'>3.18</span>", "<span data-toggle='tooltip' data-placement='right' title='原始值：0.53536'>0.535</span>", "<span data-toggle='tooltip' data-placement='right' title='原始值：0.08458'>0.085</span>", "<span data-toggle='tooltip' data-placement='right' title='原始值：12.15534'>12.16</span>", "<span data-toggle='tooltip' data-placement='right' title='原始值：0.01692'>0.017</span>", "*", "正常"], ["安徽省", "巢湖流域", "<span data-toggle='tooltip' data-placement='right' title='所在地市:合肥市&#10;所属河流:巢湖'>湖滨(老)</span>", null, "", "--", "--", "--", "--", "--", "--", "--", "--", "--", "--", "*", "维护"], ["安徽省", "巢湖流域", "<span data-toggle='tooltip' data-placement='right' title='所在地市:芜湖市&#10;所属河流:巢湖'>裕溪口(老)</span>", "03-06 08:00", "Ⅳ", "<span data-toggle='tooltip' data-placement='right' title='原始值：12.45588'>12.5</span>", "<span data-toggle='tooltip' data-placement='right' title='原始值：7.48529'>7.49</span>", "<span data-toggle='tooltip' data-placement='right' title='原始值：7.93011'>7.93</span>", "<span data-toggle='tooltip' data-placement='right' title='原始值：281.5758'>281.6</span>", "<span data-toggle='tooltip' data-placement='right' title='原始值：76.3417'>76.3</span>", "<span data-toggle='tooltip' data-placement='right' title='原始值：2.98'>2.98</span>", "<span data-toggle='tooltip' data-placement='right' title='原始值：0.08'>0.080</span>", "<span data-toggle='tooltip' data-placement='right' title='原始值：0.0839'>0.084</span>", "<span data-toggle='tooltip' data-placement='right' title='原始值：3.281'>3.28</span>", "<span data-toggle='tooltip' data-placement='right' title='原始值：0.02589'>0.026</span>", "*", "正常"], ["安徽省", "淮河流域", "<span data-toggle='tooltip' data-placement='right' title='所在地市:蚌埠市&#10;所属河流:淮河'>蚌埠闸上(蚌埠闸)</span>", "03-06 08:00", "Ⅱ", "<span data-toggle='tooltip' data-placement='right' title='原始值：13.6'>13.6</span>", "<span data-toggle='tooltip' data-placement='right' title='原始值：7.34'>7.34</span>", "<span data-toggle='tooltip' data-placement='right' title='原始值：10.53'>10.53</span>", "<span data-toggle='tooltip' data-placement='right' title='原始值：618.72'>618.7</span>", "<span data-toggle='tooltip' data-placement='right' title='原始值：80.35'>80.4</span>", "<span data-toggle='tooltip' data-placement='right' title='原始值：2.906'>2.91</span>", "<span data-toggle='tooltip' data-placement='right' title='原始值：0.095'>0.095</span>", "<span data-toggle='tooltip' data-placement='right' title='原始值：0.078'>0.078</span>", "<span data-toggle='tooltip' data-placement='right' title='原始值：2.455'>2.46</span>", "*", "*", "正常"], ["安徽省", "淮河流域", "<span data-toggle='tooltip' data-placement='right' title='所在地市:淮南市&#10;所属河流:淮河'>石头埠(老)</span>", "03-06 08:00", "Ⅳ", "<span data-toggle='tooltip' data-placement='right' title='原始值：13.1225'>13.1</span>", "<span data-toggle='tooltip' data-placement='right' title='原始值：6.9696'>6.97</span>", "<span data-toggle='tooltip' data-placement='right' title='原始值：4.33491'>4.33</span>", "<span data-toggle='tooltip' data-placement='right' title='原始值：619.2715'>619.3</span>", "<span data-toggle='tooltip' data-placement='right' title='原始值：20.63036'>20.6</span>", "<span data-toggle='tooltip' data-placement='right' title='原始值：3.9'>3.90</span>", "<span data-toggle='tooltip' data-placement='right' title='原始值：0.21'>0.210</span>", "*", "*", "*", "*", "正常"], ["安徽省", "淮河流域", "<span data-toggle='tooltip' data-placement='right' title='所在地市:淮北市&#10;所属河流:沱河'>小王桥</span>", "03-06 08:00", "Ⅳ", "<span data-toggle='tooltip' data-placement='right' title='原始值：10.12'>10.1</span>", "<span data-toggle='tooltip' data-placement='right' title='原始值：8.02'>8.02</span>", "<span data-toggle='tooltip' data-placement='right' title='原始值：8.63'>8.63</span>", "<span data-toggle='tooltip' data-placement='right' title='原始值：1641.39'>1641.4</span>", "<span data-toggle='tooltip' data-placement='right' title='原始值：16.47'>16.5</span>", "<span data-toggle='tooltip' data-placement='right' title='原始值：6.169'>6.17</span>", "<span data-toggle='tooltip' data-placement='right' title='原始值：0.031'>0.031</span>", "<span data-toggle='tooltip' data-placement='right' title='原始值：0.058'>0.058</span>", "<span data-toggle='tooltip' data-placement='right' title='原始值：1.435'>1.44</span>", "*", "*", "正常"], ["安徽省", "长江流域", "<span data-toggle='tooltip' data-placement='right' title='所在地市:安庆市&#10;所属河流:长江'>皖河口</span>", "03-06 08:00", "Ⅱ", "<span data-toggle='tooltip' data-placement='right' title='原始值：13.25'>13.2</span>", "<span data-toggle='tooltip' data-placement='right' title='原始值：7.692'>7.69</span>", "<span data-toggle='tooltip' data-placement='right' title='原始值：8.94'>8.94</span>", "<span data-toggle='tooltip' data-placement='right' title='原始值：316.92'>316.9</span>", "<span data-toggle='tooltip' data-placement='right' title='原始值：36.61'>36.6</span>", "<span data-toggle='tooltip' data-placement='right' title='原始值：1.488'>1.49</span>", "<span data-toggle='tooltip' data-placement='right' title='原始值：0.051'>0.051</span>", "<span data-toggle='tooltip' data-placement='right' title='原始值：0.0689'>0.069</span>", "<span data-toggle='tooltip' data-placement='right' title='原始值：2.015'>2.02</span>", "*", "*", "正常"], ["安徽省", "淮河流域", "<span data-toggle='tooltip' data-placement='right' title='所在地市:滁州市&#10;所属河流:淮河'>小柳巷</span>", "03-06 08:00", "Ⅲ", "<span data-toggle='tooltip' data-placement='right' title='原始值：10.7'>10.7</span>", "<span data-toggle='tooltip' data-placement='right' title='原始值：8.59'>8.59</span>", "<span data-toggle='tooltip' data-placement='right' title='原始值：11.41'>11.41</span>", "<span data-toggle='tooltip' data-placement='right' title='原始值：655.9'>655.9</span>", "<span data-toggle='tooltip' data-placement='right' title='原始值：47.59'>47.6</span>", "<span data-toggle='tooltip' data-placement='right' title='原始值：4.556'>4.56</span>", "<span data-toggle='tooltip' data-placement='right' title='原始值：0.097'>0.097</span>", "<span data-toggle='tooltip' data-placement='right' title='原始值：0.051'>0.051</span>", "<span data-toggle='tooltip' data-placement='right' title='原始值：2.5'>2.50</span>", "*", "*", "正常"], ["安徽省", "淮河流域", "<span data-toggle='tooltip' data-placement='right' title='所在地市:阜阳市&#10;所属河流:黑茨河'>张大桥</span>", "03-06 08:00", "Ⅲ", "<span data-toggle='tooltip' data-placement='right' title='原始值：11.8'>11.8</span>", "<span data-toggle='tooltip' data-placement='right' title='原始值：8.24'>8.24</span>", "<span data-toggle='tooltip' data-placement='right' title='原始值：11.02'>11.02</span>", "<span data-toggle='tooltip' data-placement='right' title='原始值：2110.1'>2110.1</span>", "<span data-toggle='tooltip' data-placement='right' title='原始值：7.7'>7.7</span>", "<span data-toggle='tooltip' data-placement='right' title='原始值：4.62'>4.62</span>", "<span data-toggle='tooltip' data-placement='right' title='原始值：0.04'>0.040</span>", "<span data-toggle='tooltip' data-placement='right' title='原始值：0.096'>0.096</span>", "<span data-toggle='tooltip' data-placement='right' title='原始值：10.066'>10.07</span>", "*", "*", "正常"], ["安徽省", "淮河流域", "<span data-toggle='tooltip' data-placement='right' title='所在地市:阜阳市&#10;所属河流:淮河'>王家坝</span>", "03-06 08:00", "Ⅲ", "<span data-toggle='tooltip' data-placement='right' title='原始值：17.53257'>17.5</span>", "<span data-toggle='tooltip' data-placement='right' title='原始值：7.44948'>7.45</span>", "<span data-toggle='tooltip' data-placement='right' title='原始值：9.47491'>9.47</span>", "<span data-toggle='tooltip' data-placement='right' title='原始值：478.4395'>478.4</span>", "<span data-toggle='tooltip' data-placement='right' title='原始值：16.87126'>16.9</span>", "<span data-toggle='tooltip' data-placement='right' title='原始值：3.36'>3.36</span>", "<span data-toggle='tooltip' data-placement='right' title='原始值：0.746'>0.746</span>", "<span data-toggle='tooltip' data-placement='right' title='原始值：0.09485'>0.095</span>", "<span data-toggle='tooltip' data-placement='right' title='原始值：2.32138'>2.32</span>", "*", "*", "正常"], ["安徽省", "淮河流域", "<span data-toggle='tooltip' data-placement='right' title='所在地市:阜阳市&#10;所属河流:颍河'>界首七渡口(七渡口)</span>", "03-06 08:00", "Ⅲ", "<span data-toggle='tooltip' data-placement='right' title='原始值：11.19315'>11.2</span>", "<span data-toggle='tooltip' data-placement='right' title='原始值：8.07725'>8.08</span>", "<span data-toggle='tooltip' data-placement='right' title='原始值：7.10156'>7.10</span>", "<span data-toggle='tooltip' data-placement='right' title='原始值：840.5275'>840.5</span>", "<span data-toggle='tooltip' data-placement='right' title='原始值：18.2059'>18.2</span>", "<span data-toggle='tooltip' data-placement='right' title='原始值：4.28'>4.28</span>", "<span data-toggle='tooltip' data-placement='right' title='原始值：0.53'>0.530</span>", "<span data-toggle='tooltip' data-placement='right' title='原始值：0.10497'>0.105</span>", "<span data-toggle='tooltip' data-placement='right' title='原始值：5.32459'>5.32</span>", "*", "*", "正常"], ["安徽省", "淮河流域", "<span data-toggle='tooltip' data-placement='right' title='所在地市:阜阳市&#10;所属河流:泉河'>许庄(徐庄)</span>", "03-06 08:00", "", "<span data-toggle='tooltip' data-placement='right' title='原始值：11.1'>11.1</span>", "<span data-toggle='tooltip' data-placement='right' title='原始值：7.82'>7.82</span>", "<span data-toggle='tooltip' data-placement='right' title='原始值：10.04'>10.04</span>", "<span data-toggle='tooltip' data-placement='right' title='原始值：1028.2'>1028.2</span>", "<span data-toggle='tooltip' data-placement='right' title='原始值：17'>17.0</span>", "<span data-toggle='tooltip' data-placement='right' title='原始值：3.77'>3.77</span>", "<span data-toggle='tooltip' data-placement='right' title='极值过滤'>--</span>", "<span data-toggle='tooltip' data-placement='right' title='原始值：0.036'>0.036</span>", "<span data-toggle='tooltip' data-placement='right' title='原始值：2.049'>2.05</span>", "*", "*", "维护"], ["安徽省", "淮河流域", "<span data-toggle='tooltip' data-placement='right' title='所在地市:宿州市&#10;所属河流:奎河'>杨庄</span>", "03-06 08:00", "Ⅳ", "<span data-toggle='tooltip' data-placement='right' title='原始值：12.19'>12.2</span>", "<span data-toggle='tooltip' data-placement='right' title='原始值：7.37'>7.37</span>", "<span data-toggle='tooltip' data-placement='right' title='原始值：9.53'>9.53</span>", "<span data-toggle='tooltip' data-placement='right' title='原始值：1022.8'>1022.8</span>", "<span data-toggle='tooltip' data-placement='right' title='原始值：66.88'>66.9</span>", "<span data-toggle='tooltip' data-placement='right' title='原始值：4.56'>4.56</span>", "<span data-toggle='tooltip' data-placement='right' title='原始值：1.213'>1.213</span>", "*", "*", "*", "*", "正常"], ["安徽省", "淮河流域", "<span data-toggle='tooltip' data-placement='right' title='所在地市:宿州市&#10;所属河流:新汴河'>泗县公路桥</span>", "03-06 08:00", "Ⅲ", "<span data-toggle='tooltip' data-placement='right' title='原始值：11.8'>11.8</span>", "<span data-toggle='tooltip' data-placement='right' title='原始值：8.21'>8.21</span>", "<span data-toggle='tooltip' data-placement='right' title='原始值：10.28'>10.28</span>", "<span data-toggle='tooltip' data-placement='right' title='原始值：953.9'>953.9</span>", "<span data-toggle='tooltip' data-placement='right' title='原始值：64.73'>64.7</span>", "<span data-toggle='tooltip' data-placement='right' title='原始值：5.74'>5.74</span>", "<span data-toggle='tooltip' data-placement='right' title='原始值：0.06'>0.060</span>", "*", "*", "*", "*", "正常"], ["安徽省", "淮河流域", "<span data-toggle='tooltip' data-placement='right' title='所在地市:亳州市&#10;所属河流:包河'>颜集</span>", "03-06 08:00", "Ⅲ", "<span data-toggle='tooltip' data-placement='right' title='原始值：10'>10.0</span>", "<span data-toggle='tooltip' data-placement='right' title='原始值：8.18'>8.18</span>", "<span data-toggle='tooltip' data-placement='right' title='原始值：10.09'>10.09</span>", "<span data-toggle='tooltip' data-placement='right' title='原始值：1704.9'>1704.9</span>", "<span data-toggle='tooltip' data-placement='right' title='原始值：58.64'>58.6</span>", "<span data-toggle='tooltip' data-placement='right' title='原始值：3.51'>3.51</span>", "<span data-toggle='tooltip' data-placement='right' title='原始值：0.39'>0.390</span>", "<span data-toggle='tooltip' data-placement='right' title='原始值：0.137'>0.137</span>", "<span data-toggle='tooltip' data-placement='right' title='原始值：6.038'>6.04</span>", "*", "*", "正常"], ["福建省", "浙闽片河流", "<span data-toggle='tooltip' data-placement='right' title='所在地市:福州市&#10;所属河流:闽江'>白岩潭</span>", "03-06 08:00", "Ⅱ", "<span data-toggle='tooltip' data-placement='right' title='原始值：16.61'>16.6</span>", "<span data-toggle='tooltip' data-placement='right' title='原始值：7.41'>7.41</span>", "<span data-toggle='tooltip' data-placement='right' title='原始值：10.14'>10.14</span>", "<span data-toggle='tooltip' data-placement='right' title='原始值：2471.4'>2471.4</span>", "<span data-toggle='tooltip' data-placement='right' title='原始值：240.8'>240.8</span>", "<span data-toggle='tooltip' data-placement='right' title='原始值：1.74'>1.74</span>", "<span data-toggle='tooltip' data-placement='right' title='原始值：0.309'>0.309</span>", "*", "*", "*", "*", "正常"], ["江西省", "长江流域", "<span data-toggle='tooltip' data-placement='right' title='所在地市:南昌市&#10;所属河流:赣江南支'>滁槎</span>", "03-06 04:00", "Ⅱ", "<span data-toggle='tooltip' data-placement='right' title='原始值：13.18059'>13.2</span>", "<span data-toggle='tooltip' data-placement='right' title='原始值：6.90319'>6.90</span>", "<span data-toggle='tooltip' data-placement='right' title='原始值：7.97653'>7.98</span>", "<span data-toggle='tooltip' data-placement='right' title='原始值：117.5851'>117.6</span>", "<span data-toggle='tooltip' data-placement='right' title='原始值：24.23646'>24.2</span>", "<span data-toggle='tooltip' data-placement='right' title='原始值：2.44'>2.44</span>", "<span data-toggle='tooltip' data-placement='right' title='原始值：0.49'>0.490</span>", "<span data-toggle='tooltip' data-placement='right' title='原始值：0.059'>0.059</span>", "<span data-toggle='tooltip' data-placement='right' title='原始值：2.125'>2.12</span>", "*", "*", "正常"], ["江西省", "长江流域", "<span data-toggle='tooltip' data-placement='right' title='所在地市:九江市&#10;所属河流:长江'>姚港(河西水厂)</span>", "03-06 08:00", "Ⅱ", "<span data-toggle='tooltip' data-placement='right' title='原始值：12.75'>12.8</span>", "<span data-toggle='tooltip' data-placement='right' title='原始值：7.68'>7.68</span>", "<span data-toggle='tooltip' data-placement='right' title='原始值：9.79'>9.79</span>", "<span data-toggle='tooltip' data-placement='right' title='原始值：361.53'>361.5</span>", "<span data-toggle='tooltip' data-placement='right' title='原始值：31.83'>31.8</span>", "<span data-toggle='tooltip' data-placement='right' title='原始值：1.369'>1.37</span>", "<span data-toggle='tooltip' data-placement='right' title='原始值：0.09'>0.090</span>", "<span data-toggle='tooltip' data-placement='right' title='原始值：0.073'>0.073</span>", "<span data-toggle='tooltip' data-placement='right' title='原始值：2.055'>2.06</span>", "*", "*", "正常"], ["江西省", "长江流域", "<span data-toggle='tooltip' data-placement='right' title='所在地市:九江市&#10;所属河流:鄱阳湖'>蛤蟆石</span>", "03-06 08:00", "Ⅳ", "<span data-toggle='tooltip' data-placement='right' title='原始值：13.04'>13.0</span>", "<span data-toggle='tooltip' data-placement='right' title='原始值：7.39'>7.39</span>", "<span data-toggle='tooltip' data-placement='right' title='原始值：9.6'>9.60</span>", "<span data-toggle='tooltip' data-placement='right' title='原始值：212.58'>212.6</span>", "<span data-toggle='tooltip' data-placement='right' title='原始值：12.29'>12.3</span>", "<span data-toggle='tooltip' data-placement='right' title='原始值：1.595'>1.60</span>", "<span data-toggle='tooltip' data-placement='right' title='原始值：0.148'>0.148</span>", "<span data-toggle='tooltip' data-placement='right' title='原始值：0.0507'>0.051</span>", "<span data-toggle='tooltip' data-placement='right' title='原始值：1.816'>1.82</span>", "<span data-toggle='tooltip' data-placement='right' title='原始值：0.00333'>0.003</span>", "<span data-toggle='tooltip' data-placement='right' title='原始值：1357550'>1357550</span>", "正常"], ["山东省", "黄河流域", "<span data-toggle='tooltip' data-placement='right' title='所在地市:济南市&#10;所属河流:黄河'>泺口</span>", "03-06 04:00", "Ⅱ", "<span data-toggle='tooltip' data-placement='right' title='原始值：8.83466'>8.8</span>", "<span data-toggle='tooltip' data-placement='right' title='原始值：8.38759'>8.39</span>", "<span data-toggle='tooltip' data-placement='right' title='原始值：13.1745'>13.17</span>", "<span data-toggle='tooltip' data-placement='right' title='原始值：1063.59'>1063.6</span>", "<span data-toggle='tooltip' data-placement='right' title='原始值：905.217'>905.2</span>", "<span data-toggle='tooltip' data-placement='right' title='原始值：2.99'>2.99</span>", "<span data-toggle='tooltip' data-placement='right' title='原始值：0.1046'>0.105</span>", "<span data-toggle='tooltip' data-placement='right' title='原始值：0.00887'>0.009</span>", "<span data-toggle='tooltip' data-placement='right' title='原始值：4.344'>4.34</span>", "*", "*", "正常"], ["山东省", "淮河流域", "<span data-toggle='tooltip' data-placement='right' title='所在地市:枣庄市&#10;所属河流:京杭大运河（韩庄运河）'>台儿庄大桥</span>", "03-06 08:00", "Ⅱ", "<span data-toggle='tooltip' data-placement='right' title='原始值：9.68006'>9.7</span>", "<span data-toggle='tooltip' data-placement='right' title='原始值：7.97738'>7.98</span>", "<span data-toggle='tooltip' data-placement='right' title='原始值：10.88362'>10.88</span>", "<span data-toggle='tooltip' data-placement='right' title='原始值：935.084'>935.1</span>", "<span data-toggle='tooltip' data-placement='right' title='原始值：8.87021'>8.9</span>", "<span data-toggle='tooltip' data-placement='right' title='原始值：3.75283'>3.75</span>", "<span data-toggle='tooltip' data-placement='right' title='原始值：0.13137'>0.131</span>", "<span data-toggle='tooltip' data-placement='right' title='原始值：0.0513'>0.051</span>", "<span data-toggle='tooltip' data-placement='right' title='原始值：6.21999'>6.22</span>", "*", "*", "正常"], ["山东省", "淮河流域", "<span data-toggle='tooltip' data-placement='right' title='所在地市:临沂市&#10;所属河流:沭河'>清泉寺</span>", "03-06 08:00", "Ⅲ", "<span data-toggle='tooltip' data-placement='right' title='原始值：11.41824'>11.4</span>", "<span data-toggle='tooltip' data-placement='right' title='原始值：7.45545'>7.46</span>", "<span data-toggle='tooltip' data-placement='right' title='原始值：8.57162'>8.57</span>", "<span data-toggle='tooltip' data-placement='right' title='原始值：1276.73'>1276.7</span>", "<span data-toggle='tooltip' data-placement='right' title='原始值：25.56599'>25.6</span>", "<span data-toggle='tooltip' data-placement='right' title='原始值：5.26'>5.26</span>", "<span data-toggle='tooltip' data-placement='right' title='原始值：0.15'>0.150</span>", "*", "*", "*", "*", "正常"], ["山东省", "淮河流域", "<span data-toggle='tooltip' data-placement='right' title='所在地市:临沂市&#10;所属河流:沂河'>重坊桥</span>", "03-06 08:00", "Ⅲ", "<span data-toggle='tooltip' data-placement='right' title='原始值：11.50841'>11.5</span>", "<span data-toggle='tooltip' data-placement='right' title='原始值：7.62795'>7.63</span>", "<span data-toggle='tooltip' data-placement='right' title='原始值：11.44486'>11.44</span>", "<span data-toggle='tooltip' data-placement='right' title='原始值：859.2056'>859.2</span>", "<span data-toggle='tooltip' data-placement='right' title='原始值：16.54206'>16.5</span>", "<span data-toggle='tooltip' data-placement='right' title='原始值：4.08'>4.08</span>", "<span data-toggle='tooltip' data-placement='right' title='原始值：0.05329'>0.053</span>", "*", "*", "*", "*", "正常"], ["山东省", "淮河流域", "<span data-toggle='tooltip' data-placement='right' title='所在地市:临沂市&#10;所属河流:白马河'>捷庄(涝沟桥)</span>", "03-06 08:00", "Ⅲ", "<span data-toggle='tooltip' data-placement='right' title='原始值：11.3'>11.3</span>", "<span data-toggle='tooltip' data-placement='right' title='原始值：7.6'>7.60</span>", "<span data-toggle='tooltip' data-placement='right' title='原始值：8.37951'>8.38</span>", "<span data-toggle='tooltip' data-placement='right' title='原始值：957'>957.0</span>", "<span data-toggle='tooltip' data-placement='right' title='原始值：13.40137'>13.4</span>", "<span data-toggle='tooltip' data-placement='right' title='原始值：4.58'>4.58</span>", "<span data-toggle='tooltip' data-placement='right' title='原始值：0.54408'>0.544</span>", "<span data-toggle='tooltip' data-placement='right' title='原始值：0.1279'>0.128</span>", "<span data-toggle='tooltip' data-placement='right' title='原始值：8.54267'>8.54</span>", "*", "*", "正常"], ["山东省", "海河流域", "<span data-toggle='tooltip' data-placement='right' title='所在地市:聊城市&#10;所属河流:卫运河'>秤勾湾(秤钩湾)</span>", null, "", "--", "--", "--", "--", "--", "--", "--", "--", "--", "*", "*", "停站"], ["河南省", "长江流域", "<span data-toggle='tooltip' data-placement='right' title='所在地市:南阳市&#10;所属河流:丹江口水库'>陶岔</span>", "03-06 08:00", "Ⅰ", "<span data-toggle='tooltip' data-placement='right' title='原始值：15.1'>15.1</span>", "<span data-toggle='tooltip' data-placement='right' title='原始值：7.88923'>7.89</span>", "<span data-toggle='tooltip' data-placement='right' title='原始值：9.12147'>9.12</span>", "<span data-toggle='tooltip' data-placement='right' title='原始值：285.5748'>285.6</span>", "<span data-toggle='tooltip' data-placement='right' title='原始值：1.73398'>1.7</span>", "<span data-toggle='tooltip' data-placement='right' title='原始值：1.67'>1.67</span>", "<span data-toggle='tooltip' data-placement='right' title='原始值：0.03231'>0.032</span>", "<span data-toggle='tooltip' data-placement='right' title='原始值：0.00792'>0.008</span>", "<span data-toggle='tooltip' data-placement='right' title='原始值：1.03003'>1.03</span>", "<span data-toggle='tooltip' data-placement='right' title='原始值：0.0048'>0.005</span>", "<span data-toggle='tooltip' data-placement='right' title='原始值：114500.3'>114500</span>", "正常"], ["河南省", "淮河流域", "<span data-toggle='tooltip' data-placement='right' title='所在地市:商丘市&#10;所属河流:浍河'>黄口</span>", "03-06 08:00", "Ⅱ", "<span data-toggle='tooltip' data-placement='right' title='原始值：11.3'>11.3</span>", "<span data-toggle='tooltip' data-placement='right' title='原始值：7.915'>7.92</span>", "<span data-toggle='tooltip' data-placement='right' title='原始值：11.18492'>11.18</span>", "<span data-toggle='tooltip' data-placement='right' title='原始值：2454.992'>2455.0</span>", "<span data-toggle='tooltip' data-placement='right' title='原始值：62.5029'>62.5</span>", "<span data-toggle='tooltip' data-placement='right' title='原始值：3.74'>3.74</span>", "<span data-toggle='tooltip' data-placement='right' title='原始值：0.08045'>0.080</span>", "<span data-toggle='tooltip' data-placement='right' title='原始值：0.0958'>0.096</span>", "<span data-toggle='tooltip' data-placement='right' title='原始值：3.15386'>3.15</span>", "*", "*", "正常"], ["河南省", "淮河流域", "<span data-toggle='tooltip' data-placement='right' title='所在地市:信阳市&#10;所属河流:史灌河'>蒋集</span>", null, "", "--", "--", "--", "--", "--", "--", "--", "--", "--", "*", "*", "停站"], ["河南省", "淮河流域", "<span data-toggle='tooltip' data-placement='right' title='所在地市:信阳市&#10;所属河流:淮河'>息县大埠口</span>", null, "", "*", "--", "*", "*", "*", "*", "*", "*", "*", "*", "*", "维护"], ["河南省", "淮河流域", "<span data-toggle='tooltip' data-placement='right' title='所在地市:信阳市&#10;所属河流:淮河'>淮滨水文站(淮滨)</span>", "03-06 08:00", "Ⅲ", "<span data-toggle='tooltip' data-placement='right' title='原始值：12.3'>12.3</span>", "<span data-toggle='tooltip' data-placement='right' title='原始值：7.45'>7.45</span>", "<span data-toggle='tooltip' data-placement='right' title='原始值：9.9'>9.90</span>", "<span data-toggle='tooltip' data-placement='right' title='原始值：308'>308.0</span>", "<span data-toggle='tooltip' data-placement='right' title='原始值：66.10791'>66.1</span>", "<span data-toggle='tooltip' data-placement='right' title='原始值：2.75698'>2.76</span>", "<span data-toggle='tooltip' data-placement='right' title='原始值：0.25714'>0.257</span>", "<span data-toggle='tooltip' data-placement='right' title='原始值：0.10981'>0.110</span>", "<span data-toggle='tooltip' data-placement='right' title='原始值：1.70488'>1.70</span>", "*", "*", "正常"], ["河南省", "淮河流域", "<span data-toggle='tooltip' data-placement='right' title='所在地市:周口市&#10;所属河流:沙河'>沈丘闸</span>", "03-06 08:00", "劣Ⅴ", "<span data-toggle='tooltip' data-placement='right' title='原始值：10.89399'>10.9</span>", "<span data-toggle='tooltip' data-placement='right' title='原始值：7.63502'>7.64</span>", "<span data-toggle='tooltip' data-placement='right' title='原始值：8.94277'>8.94</span>", "<span data-toggle='tooltip' data-placement='right' title='原始值：984.4'>984.4</span>", "<span data-toggle='tooltip' data-placement='right' title='原始值：9.1543'>9.2</span>", "<span data-toggle='tooltip' data-placement='right' title='原始值：4.53'>4.53</span>", "<span data-toggle='tooltip' data-placement='right' title='原始值：3.01'>3.010</span>", "*", "*", "*", "*", "正常"], ["河南省", "淮河流域", "<span data-toggle='tooltip' data-placement='right' title='所在地市:周口市&#10;所属河流:涡河'>鹿邑付桥(鹿邑付桥闸)</span>", "03-06 08:00", "Ⅲ", "<span data-toggle='tooltip' data-placement='right' title='原始值：13.03964'>13.0</span>", "<span data-toggle='tooltip' data-placement='right' title='原始值：8.56848'>8.57</span>", "<span data-toggle='tooltip' data-placement='right' title='原始值：12.4046'>12.40</span>", "<span data-toggle='tooltip' data-placement='right' title='原始值：1557.308'>1557.3</span>", "<span data-toggle='tooltip' data-placement='right' title='原始值：3.09178'>3.1</span>", "<span data-toggle='tooltip' data-placement='right' title='原始值：5.275'>5.28</span>", "<span data-toggle='tooltip' data-placement='right' title='原始值：0.05'>0.050</span>", "<span data-toggle='tooltip' data-placement='right' title='原始值：0.0493'>0.049</span>", "<span data-toggle='tooltip' data-placement='right' title='原始值：0.73171'>0.73</span>", "*", "*", "正常"], ["河南省", "淮河流域", "<span data-toggle='tooltip' data-placement='right' title='所在地市:驻马店市&#10;所属河流:洪河'>新蔡班台(班台)</span>", "03-06 04:00", "Ⅲ", "<span data-toggle='tooltip' data-placement='right' title='原始值：14.42239'>14.4</span>", "<span data-toggle='tooltip' data-placement='right' title='原始值：7.43005'>7.43</span>", "<span data-toggle='tooltip' data-placement='right' title='原始值：9.88796'>9.89</span>", "<span data-toggle='tooltip' data-placement='right' title='原始值：609.2659'>609.3</span>", "<span data-toggle='tooltip' data-placement='right' title='原始值：13.01198'>13.0</span>", "<span data-toggle='tooltip' data-placement='right' title='原始值：3.73'>3.73</span>", "<span data-toggle='tooltip' data-placement='right' title='原始值：0.57'>0.570</span>", "<span data-toggle='tooltip' data-placement='right' title='原始值：0.15072'>0.151</span>", "<span data-toggle='tooltip' data-placement='right' title='原始值：4.63424'>4.63</span>", "*", "*", "正常"], ["河南省", "黄河流域", "<span data-toggle='tooltip' data-placement='right' title='所在地市:济源市&#10;所属河流:黄河'>小浪底水库(小浪底)</span>", "03-06 08:00", "Ⅱ", "<span data-toggle='tooltip' data-placement='right' title='原始值：6.35042'>6.4</span>", "<span data-toggle='tooltip' data-placement='right' title='原始值：8.27401'>8.27</span>", "<span data-toggle='tooltip' data-placement='right' title='原始值：16.57869'>16.58</span>", "<span data-toggle='tooltip' data-placement='right' title='原始值：936.8733'>936.9</span>", "<span data-toggle='tooltip' data-placement='right' title='原始值：8.40636'>8.4</span>", "<span data-toggle='tooltip' data-placement='right' title='原始值：0.7325'>0.73</span>", "<span data-toggle='tooltip' data-placement='right' title='原始值：0.24'>0.240</span>", "<span data-toggle='tooltip' data-placement='right' title='原始值：0.04227'>0.042</span>", "<span data-toggle='tooltip' data-placement='right' title='原始值：4.2225'>4.22</span>", "*", "*", "正常"], ["湖北省", "长江流域", "<span data-toggle='tooltip' data-placement='right' title='所在地市:武汉市&#10;所属河流:汉江'>宗关</span>", "03-06 08:00", "Ⅱ", "<span data-toggle='tooltip' data-placement='right' title='原始值：12.62'>12.6</span>", "<span data-toggle='tooltip' data-placement='right' title='原始值：7.838809'>7.84</span>", "<span data-toggle='tooltip' data-placement='right' title='原始值：10.1491'>10.15</span>", "<span data-toggle='tooltip' data-placement='right' title='原始值：310.3791'>310.4</span>", "<span data-toggle='tooltip' data-placement='right' title='原始值：17.15387'>17.2</span>", "<span data-toggle='tooltip' data-placement='right' title='原始值：1.87'>1.87</span>", "<span data-toggle='tooltip' data-placement='right' title='原始值：0.067'>0.067</span>", "<span data-toggle='tooltip' data-placement='right' title='原始值：0.054'>0.054</span>", "<span data-toggle='tooltip' data-placement='right' title='原始值：2.519264'>2.52</span>", "<span data-toggle='tooltip' data-placement='right' title='原始值：0.0018359'>0.002</span>", "*", "正常"], ["湖北省", "长江流域", "<span data-toggle='tooltip' data-placement='right' title='所在地市:十堰市&#10;所属河流:丹江口水库'>坝上中(胡家岭)</span>", "03-06 08:00", "Ⅱ", "<span data-toggle='tooltip' data-placement='right' title='原始值：11.78'>11.8</span>", "<span data-toggle='tooltip' data-placement='right' title='原始值：8.175671'>8.18</span>", "<span data-toggle='tooltip' data-placement='right' title='原始值：11.14455'>11.14</span>", "<span data-toggle='tooltip' data-placement='right' title='原始值：259.108'>259.1</span>", "<span data-toggle='tooltip' data-placement='right' title='原始值：3.516418'>3.5</span>", "<span data-toggle='tooltip' data-placement='right' title='原始值：2.31'>2.31</span>", "<span data-toggle='tooltip' data-placement='right' title='原始值：0.1'>0.100</span>", "<span data-toggle='tooltip' data-placement='right' title='原始值：0.011'>0.011</span>", "<span data-toggle='tooltip' data-placement='right' title='原始值：1.207'>1.21</span>", "<span data-toggle='tooltip' data-placement='right' title='原始值：0.0121821'>0.012</span>", "<span data-toggle='tooltip' data-placement='right' title='原始值：6701000'>6701000</span>", "正常"], ["湖北省", "长江流域", "<span data-toggle='tooltip' data-placement='right' title='所在地市:宜昌市&#10;所属河流:长江'>南津关</span>", "03-06 08:00", "Ⅱ", "<span data-toggle='tooltip' data-placement='right' title='原始值：13.08'>13.1</span>", "<span data-toggle='tooltip' data-placement='right' title='原始值：7.902961'>7.90</span>", "<span data-toggle='tooltip' data-placement='right' title='原始值：9.380209'>9.38</span>", "<span data-toggle='tooltip' data-placement='right' title='原始值：425.735'>425.7</span>", "<span data-toggle='tooltip' data-placement='right' title='原始值：2.120608'>2.1</span>", "<span data-toggle='tooltip' data-placement='right' title='原始值：1.02'>1.02</span>", "<span data-toggle='tooltip' data-placement='right' title='原始值：0.064'>0.064</span>", "<span data-toggle='tooltip' data-placement='right' title='原始值：0.05'>0.050</span>", "<span data-toggle='tooltip' data-placement='right' title='原始值：1.653'>1.65</span>", "<span data-toggle='tooltip' data-placement='right' title='原始值：0.0042023'>0.004</span>", "*", "正常"], ["湖南省", "长江流域", "<span data-toggle='tooltip' data-placement='right' title='所在地市:长沙市&#10;所属河流:湘江'>新港</span>", "03-06 08:00", "Ⅱ", "<span data-toggle='tooltip' data-placement='right' title='原始值：13.93'>13.9</span>", "<span data-toggle='tooltip' data-placement='right' title='原始值：7.05'>7.05</span>", "<span data-toggle='tooltip' data-placement='right' title='原始值：7.71'>7.71</span>", "<span data-toggle='tooltip' data-placement='right' title='原始值：269.31'>269.3</span>", "<span data-toggle='tooltip' data-placement='right' title='原始值：39.64'>39.6</span>", "<span data-toggle='tooltip' data-placement='right' title='原始值：2.43'>2.43</span>", "<span data-toggle='tooltip' data-placement='right' title='原始值：0.38'>0.380</span>", "<span data-toggle='tooltip' data-placement='right' title='原始值：0.052'>0.052</span>", "<span data-toggle='tooltip' data-placement='right' title='原始值：2.39'>2.39</span>", "*", "*", "正常"], ["湖南省", "长江流域", "<span data-toggle='tooltip' data-placement='right' title='所在地市:岳阳市&#10;所属河流:洞庭湖'>岳阳楼</span>", "03-06 08:00", "Ⅳ", "<span data-toggle='tooltip' data-placement='right' title='原始值：12.33'>12.3</span>", "<span data-toggle='tooltip' data-placement='right' title='原始值：7.945498'>7.95</span>", "<span data-toggle='tooltip' data-placement='right' title='原始值：8.564108'>8.56</span>", "<span data-toggle='tooltip' data-placement='right' title='原始值：269.2243'>269.2</span>", "<span data-toggle='tooltip' data-placement='right' title='原始值：45.00996'>45.0</span>", "<span data-toggle='tooltip' data-placement='right' title='原始值：1.78'>1.78</span>", "<span data-toggle='tooltip' data-placement='right' title='原始值：0.018'>0.018</span>", "<span data-toggle='tooltip' data-placement='right' title='原始值：0.094'>0.094</span>", "<span data-toggle='tooltip' data-placement='right' title='原始值：2.982'>2.98</span>", "<span data-toggle='tooltip' data-placement='right' title='原始值：0.0028125'>0.003</span>", "<span data-toggle='tooltip' data-placement='right' title='原始值：308.753'>309</span>", "正常"], ["湖南省", "长江流域", "<span data-toggle='tooltip' data-placement='right' title='所在地市:岳阳市&#10;所属河流:长江'>城陵矶</span>", "03-06 08:00", "Ⅲ", "<span data-toggle='tooltip' data-placement='right' title='原始值：13'>13.0</span>", "<span data-toggle='tooltip' data-placement='right' title='原始值：7.668731'>7.67</span>", "<span data-toggle='tooltip' data-placement='right' title='原始值：10.34649'>10.35</span>", "<span data-toggle='tooltip' data-placement='right' title='原始值：276.285'>276.3</span>", "<span data-toggle='tooltip' data-placement='right' title='原始值：63.70254'>63.7</span>", "<span data-toggle='tooltip' data-placement='right' title='原始值：2.59'>2.59</span>", "<span data-toggle='tooltip' data-placement='right' title='原始值：0.005'>0.005</span>", "<span data-toggle='tooltip' data-placement='right' title='原始值：0.112'>0.112</span>", "<span data-toggle='tooltip' data-placement='right' title='原始值：1.9362'>1.94</span>", "*", "*", "正常"], ["广东省", "珠江流域", "<span data-toggle='tooltip' data-placement='right' title='所在地市:清远市&#10;所属河流:北江'>七星岗</span>", "03-06 08:00", "", "<span data-toggle='tooltip' data-placement='right' title='原始值：19.71781'>19.7</span>", "<span data-toggle='tooltip' data-placement='right' title='原始值：7.27004'>7.27</span>", "<span data-toggle='tooltip' data-placement='right' title='原始值：7.53107'>7.53</span>", "<span data-toggle='tooltip' data-placement='right' title='原始值：297.4208'>297.4</span>", "<span data-toggle='tooltip' data-placement='right' title='原始值：7.85281'>7.9</span>", "<span data-toggle='tooltip' data-placement='right' title='极值过滤'>--</span>", "<span data-toggle='tooltip' data-placement='right' title='原始值：0.09865'>0.099</span>", "<span data-toggle='tooltip' data-placement='right' title='原始值：0.03048'>0.030</span>", "<span data-toggle='tooltip' data-placement='right' title='原始值：2.0271'>2.03</span>", "*", "*", "维护"], ["广东省", "珠江流域", "<span data-toggle='tooltip' data-placement='right' title='所在地市:中山市&#10;所属河流:西江'>横栏</span>", "03-06 08:00", "Ⅱ", "<span data-toggle='tooltip' data-placement='right' title='原始值：20.7'>20.7</span>", "<span data-toggle='tooltip' data-placement='right' title='原始值：7.62'>7.62</span>", "<span data-toggle='tooltip' data-placement='right' title='原始值：7.33'>7.33</span>", "<span data-toggle='tooltip' data-placement='right' title='原始值：318'>318.0</span>", "<span data-toggle='tooltip' data-placement='right' title='原始值：8.3'>8.3</span>", "<span data-toggle='tooltip' data-placement='right' title='原始值：1.56'>1.56</span>", "<span data-toggle='tooltip' data-placement='right' title='原始值：0.002'>0.002</span>", "*", "*", "*", "*", "正常"], ["广西壮族自治区", "珠江流域", "<span data-toggle='tooltip' data-placement='right' title='所在地市:南宁市&#10;所属河流:邕江'>老口</span>", "03-06 08:00", "Ⅰ", "<span data-toggle='tooltip' data-placement='right' title='原始值：20.05512'>20.1</span>", "<span data-toggle='tooltip' data-placement='right' title='原始值：7.69932'>7.70</span>", "<span data-toggle='tooltip' data-placement='right' title='原始值：8.21581'>8.22</span>", "<span data-toggle='tooltip' data-placement='right' title='原始值：292.2762'>292.3</span>", "<span data-toggle='tooltip' data-placement='right' title='原始值：5.89128'>5.9</span>", "<span data-toggle='tooltip' data-placement='right' title='原始值：1.48236'>1.48</span>", "<span data-toggle='tooltip' data-placement='right' title='原始值：0.14466'>0.145</span>", "<span data-toggle='tooltip' data-placement='right' title='原始值：0.0152'>0.015</span>", "<span data-toggle='tooltip' data-placement='right' title='原始值：1.08955'>1.09</span>", "*", "*", "正常"], ["广西壮族自治区", "珠江流域", "<span data-toggle='tooltip' data-placement='right' title='所在地市:桂林市&#10;所属河流:漓江'>阳朔</span>", "03-06 08:00", "Ⅱ", "<span data-toggle='tooltip' data-placement='right' title='原始值：16.3'>16.3</span>", "<span data-toggle='tooltip' data-placement='right' title='原始值：7.41'>7.41</span>", "<span data-toggle='tooltip' data-placement='right' title='原始值：9.445'>9.44</span>", "<span data-toggle='tooltip' data-placement='right' title='原始值：177.283'>177.3</span>", "<span data-toggle='tooltip' data-placement='right' title='原始值：1.331'>1.3</span>", "<span data-toggle='tooltip' data-placement='right' title='原始值：1.196'>1.20</span>", "<span data-toggle='tooltip' data-placement='right' title='原始值：0.024'>0.024</span>", "<span data-toggle='tooltip' data-placement='right' title='原始值：0.061'>0.061</span>", "<span data-toggle='tooltip' data-placement='right' title='原始值：1.911'>1.91</span>", "*", "*", "正常"], ["广西壮族自治区", "珠江流域", "<span data-toggle='tooltip' data-placement='right' title='所在地市:梧州市&#10;所属河流:浔江'>界首</span>", null, "", "--", "--", "--", "--", "--", "--", "--", "--", "--", "*", "*", "停站"], ["广西壮族自治区", "珠江流域", "<span data-toggle='tooltip' data-placement='right' title='所在地市:贵港市&#10;所属河流:浔江'>石嘴</span>", "03-06 08:00", "Ⅱ", "<span data-toggle='tooltip' data-placement='right' title='原始值：20.57076'>20.6</span>", "<span data-toggle='tooltip' data-placement='right' title='原始值：7.9684'>7.97</span>", "<span data-toggle='tooltip' data-placement='right' title='原始值：8.44596'>8.45</span>", "<span data-toggle='tooltip' data-placement='right' title='原始值：302.0074'>302.0</span>", "<span data-toggle='tooltip' data-placement='right' title='原始值：7.49113'>7.5</span>", "<span data-toggle='tooltip' data-placement='right' title='原始值：0.86'>0.86</span>", "<span data-toggle='tooltip' data-placement='right' title='原始值：0.19'>0.190</span>", "<span data-toggle='tooltip' data-placement='right' title='原始值：0.01324'>0.013</span>", "<span data-toggle='tooltip' data-placement='right' title='原始值：1.2264'>1.23</span>", "*", "*", "正常"], ["广西壮族自治区", "珠江流域", "<span data-toggle='tooltip' data-placement='right' title='所在地市:崇左市&#10;所属河流:平而河'>平而关</span>", "03-06 08:00", "Ⅱ", "<span data-toggle='tooltip' data-placement='right' title='原始值：19.88708'>19.9</span>", "<span data-toggle='tooltip' data-placement='right' title='原始值：7.87667'>7.88</span>", "<span data-toggle='tooltip' data-placement='right' title='原始值：8.53252'>8.53</span>", "<span data-toggle='tooltip' data-placement='right' title='原始值：248.0664'>248.1</span>", "<span data-toggle='tooltip' data-placement='right' title='原始值：22.02415'>22.0</span>", "<span data-toggle='tooltip' data-placement='right' title='原始值：1.285'>1.28</span>", "<span data-toggle='tooltip' data-placement='right' title='原始值：0.34'>0.340</span>", "*", "*", "*", "*", "正常"], ["重庆市", "长江流域", "<span data-toggle='tooltip' data-placement='right' title='所在地市:永川区&#10;所属河流:长江'>朱沱</span>", "03-06 08:00", "Ⅱ", "<span data-toggle='tooltip' data-placement='right' title='原始值：14.46'>14.5</span>", "<span data-toggle='tooltip' data-placement='right' title='原始值：7.81'>7.81</span>", "<span data-toggle='tooltip' data-placement='right' title='原始值：10.2'>10.20</span>", "<span data-toggle='tooltip' data-placement='right' title='原始值：443.44'>443.4</span>", "<span data-toggle='tooltip' data-placement='right' title='原始值：93.97'>94.0</span>", "<span data-toggle='tooltip' data-placement='right' title='原始值：1.121'>1.12</span>", "<span data-toggle='tooltip' data-placement='right' title='原始值：0.013'>0.013</span>", "<span data-toggle='tooltip' data-placement='right' title='原始值：0.048'>0.048</span>", "<span data-toggle='tooltip' data-placement='right' title='原始值：1.558'>1.56</span>", "*", "*", "正常"], ["四川省", "长江流域", "<span data-toggle='tooltip' data-placement='right' title='所在地市:攀枝花市&#10;所属河流:金沙江'>龙洞</span>", "03-06 08:00", "Ⅰ", "<span data-toggle='tooltip' data-placement='right' title='原始值：13.16'>13.2</span>", "<span data-toggle='tooltip' data-placement='right' title='原始值：8.274082'>8.27</span>", "<span data-toggle='tooltip' data-placement='right' title='原始值：9.151202'>9.15</span>", "<span data-toggle='tooltip' data-placement='right' title='原始值：813.313'>813.3</span>", "<span data-toggle='tooltip' data-placement='right' title='原始值：4.093501'>4.1</span>", "<span data-toggle='tooltip' data-placement='right' title='原始值：0.72'>0.72</span>", "<span data-toggle='tooltip' data-placement='right' title='原始值：0.103'>0.103</span>", "<span data-toggle='tooltip' data-placement='right' title='原始值：0.0055709'>0.006</span>", "<span data-toggle='tooltip' data-placement='right' title='原始值：0.914303'>0.91</span>", "*", "*", "正常"], ["四川省", "长江流域", "<span data-toggle='tooltip' data-placement='right' title='所在地市:泸州市&#10;所属河流:沱江'>沱江大桥(沱江二桥)</span>", "03-06 08:00", "Ⅱ", "<span data-toggle='tooltip' data-placement='right' title='原始值：16.34'>16.3</span>", "<span data-toggle='tooltip' data-placement='right' title='原始值：8.099297'>8.10</span>", "<span data-toggle='tooltip' data-placement='right' title='原始值：9.389518'>9.39</span>", "<span data-toggle='tooltip' data-placement='right' title='原始值：580.1556'>580.2</span>", "<span data-toggle='tooltip' data-placement='right' title='原始值：11.90827'>11.9</span>", "<span data-toggle='tooltip' data-placement='right' title='原始值：2.38'>2.38</span>", "<span data-toggle='tooltip' data-placement='right' title='原始值：0.013'>0.013</span>", "<span data-toggle='tooltip' data-placement='right' title='原始值：0.0667944'>0.067</span>", "<span data-toggle='tooltip' data-placement='right' title='原始值：3.613916'>3.61</span>", "*", "*", "正常"], ["四川省", "长江流域", "<span data-toggle='tooltip' data-placement='right' title='所在地市:广元市&#10;所属河流:嘉陵江'>清风峡</span>", "03-06 08:00", "Ⅰ", "<span data-toggle='tooltip' data-placement='right' title='原始值：10.68981'>10.7</span>", "<span data-toggle='tooltip' data-placement='right' title='原始值：8.08352'>8.08</span>", "<span data-toggle='tooltip' data-placement='right' title='原始值：9.06518'>9.07</span>", "<span data-toggle='tooltip' data-placement='right' title='原始值：441.4352'>441.4</span>", "<span data-toggle='tooltip' data-placement='right' title='原始值：43.90835'>43.9</span>", "<span data-toggle='tooltip' data-placement='right' title='原始值：0.7'>0.70</span>", "<span data-toggle='tooltip' data-placement='right' title='原始值：0.10068'>0.101</span>", "*", "*", "*", "*", "正常"], ["四川省", "长江流域", "<span data-toggle='tooltip' data-placement='right' title='所在地市:乐山市&#10;所属河流:岷江'>岷江大桥</span>", null, "", "--", "--", "--", "--", "--", "--", "--", "--", "--", "*", "*", "停站"], ["四川省", "长江流域", "<span data-toggle='tooltip' data-placement='right' title='所在地市:宜宾市&#10;所属河流:岷江'>凉姜沟</span>", null, "", "--", "--", "--", "--", "--", "--", "--", "--", "--", "*", "*", "停站"], ["云南省", "滇池流域", "<span data-toggle='tooltip' data-placement='right' title='所在地市:昆明市&#10;所属河流:滇池'>西苑隧道</span>", "03-06 08:00", "Ⅳ", "<span data-toggle='tooltip' data-placement='right' title='原始值：14.47'>14.5</span>", "<span data-toggle='tooltip' data-placement='right' title='原始值：8.39705'>8.40</span>", "<span data-toggle='tooltip' data-placement='right' title='原始值：9.206'>9.21</span>", "<span data-toggle='tooltip' data-placement='right' title='原始值：733.57'>733.6</span>", "<span data-toggle='tooltip' data-placement='right' title='原始值：19.492'>19.5</span>", "<span data-toggle='tooltip' data-placement='right' title='原始值：7.14875'>7.15</span>", "<span data-toggle='tooltip' data-placement='right' title='原始值：0.02054'>0.021</span>", "<span data-toggle='tooltip' data-placement='right' title='原始值：0.09399'>0.094</span>", "<span data-toggle='tooltip' data-placement='right' title='原始值：4.55955'>4.56</span>", "<span data-toggle='tooltip' data-placement='right' title='原始值：0.05269'>0.053</span>", "<span data-toggle='tooltip' data-placement='right' title='原始值：3.261678E+07'>32616780</span>", "正常"], ["云南省", "滇池流域", "<span data-toggle='tooltip' data-placement='right' title='所在地市:昆明市&#10;所属河流:滇池'>观音山</span>", "03-06 08:00", "Ⅳ", "<span data-toggle='tooltip' data-placement='right' title='原始值：13.98098'>14.0</span>", "<span data-toggle='tooltip' data-placement='right' title='原始值：8.70909'>8.71</span>", "<span data-toggle='tooltip' data-placement='right' title='原始值：7.819'>7.82</span>", "<span data-toggle='tooltip' data-placement='right' title='原始值：456.066'>456.1</span>", "<span data-toggle='tooltip' data-placement='right' title='原始值：31.221'>31.2</span>", "<span data-toggle='tooltip' data-placement='right' title='原始值：5.6878'>5.69</span>", "<span data-toggle='tooltip' data-placement='right' title='原始值：0.54'>0.540</span>", "<span data-toggle='tooltip' data-placement='right' title='原始值：0.0707'>0.071</span>", "<span data-toggle='tooltip' data-placement='right' title='原始值：1.687'>1.69</span>", "<span data-toggle='tooltip' data-placement='right' title='原始值：0.02038'>0.020</span>", "<span data-toggle='tooltip' data-placement='right' title='原始值：2.39247E+07'>23924700</span>", "正常"], ["云南省", "西南诸河", "<span data-toggle='tooltip' data-placement='right' title='所在地市:红河哈尼族彝族自治州&#10;所属河流:红河'>河口县医院(河口)</span>", "03-06 08:00", "Ⅱ", "<span data-toggle='tooltip' data-placement='right' title='原始值：21.44009'>21.4</span>", "<span data-toggle='tooltip' data-placement='right' title='原始值：7.95297'>7.95</span>", "<span data-toggle='tooltip' data-placement='right' title='原始值：7.83907'>7.84</span>", "<span data-toggle='tooltip' data-placement='right' title='原始值：180.9409'>180.9</span>", "<span data-toggle='tooltip' data-placement='right' title='原始值：32.81803'>32.8</span>", "<span data-toggle='tooltip' data-placement='right' title='原始值：1.23754'>1.24</span>", "<span data-toggle='tooltip' data-placement='right' title='原始值：0.11672'>0.117</span>", "<span data-toggle='tooltip' data-placement='right' title='原始值：0.03057'>0.031</span>", "<span data-toggle='tooltip' data-placement='right' title='原始值：0.92995'>0.93</span>", "*", "*", "正常"], ["云南省", "西南诸河", "<span data-toggle='tooltip' data-placement='right' title='所在地市:西双版纳傣族自治州&#10;所属河流:澜沧江'>橄榄坝</span>", "03-06 08:00", "Ⅱ", "<span data-toggle='tooltip' data-placement='right' title='原始值：16.461'>16.5</span>", "<span data-toggle='tooltip' data-placement='right' title='原始值：7.567'>7.57</span>", "<span data-toggle='tooltip' data-placement='right' title='原始值：6.612'>6.61</span>", "<span data-toggle='tooltip' data-placement='right' title='原始值：567.256'>567.3</span>", "<span data-toggle='tooltip' data-placement='right' title='原始值：3.87'>3.9</span>", "<span data-toggle='tooltip' data-placement='right' title='原始值：0.69'>0.69</span>", "<span data-toggle='tooltip' data-placement='right' title='原始值：0.102'>0.102</span>", "*", "*", "*", "*", "正常"], ["陕西省", "黄河流域", "<span data-toggle='tooltip' data-placement='right' title='所在地市:渭南市&#10;所属河流:渭河'>潼关吊桥</span>", "03-06 08:00", "Ⅲ", "<span data-toggle='tooltip' data-placement='right' title='原始值：12.3'>12.3</span>", "<span data-toggle='tooltip' data-placement='right' title='原始值：8.40969'>8.41</span>", "<span data-toggle='tooltip' data-placement='right' title='原始值：9.82937'>9.83</span>", "<span data-toggle='tooltip' data-placement='right' title='原始值：1602.001'>1602.0</span>", "<span data-toggle='tooltip' data-placement='right' title='原始值：136.5072'>136.5</span>", "<span data-toggle='tooltip' data-placement='right' title='原始值：4.31'>4.31</span>", "<span data-toggle='tooltip' data-placement='right' title='原始值：0.29'>0.290</span>", "<span data-toggle='tooltip' data-placement='right' title='原始值：0.11747'>0.117</span>", "<span data-toggle='tooltip' data-placement='right' title='原始值：8.56481'>8.56</span>", "*", "*", "正常"]]}