{"result": 1, "total": 2, "records": 100, "thead": ["省份", "流域", "断面名称", "监测时间", "水质类别", "水温<br/><span class='unit'>(℃)</span>", "pH<br/><span class='unit'>(无量纲)</span>", "溶解氧<br/><span class='unit'>(mg/L)</span>", "电导率<br/><span class='unit'>(μS/cm)</span>", "浊度<br/><span class='unit'>(NTU)</span>", "高锰酸盐指数<br/><span class='unit'>(mg/L)</span>", "氨氮<br/><span class='unit'>(mg/L)</span>", "总磷<br/><span class='unit'>(mg/L)</span>", "总氮<br/><span class='unit'>(mg/L)</span>", "叶绿素α<br/><span class='unit'>(mg/L)</span>", "藻密度<br/><span class='unit'>(cells/L)</span>", "站点情况"], "tbody": [["北京市", "海河流域", "<span data-toggle='tooltip' data-placement='right' title='所在地市:门头沟区&#10;所属河流:永定河'>沿河城</span>", null, "", "--", "--", "--", "--", "--", "--", "--", "--", "--", "*", "*", "停站"], ["北京市", "淮河流域", "<span data-toggle='tooltip' data-placement='right' title='所在地市:房山区&#10;所属河流:小清河'>八间房漫水桥</span>", "03-22 08:00", "", "<span data-toggle='tooltip' data-placement='right' title='原始值：9'>9.0</span>", "<span data-toggle='tooltip' data-placement='right' title='原始值：7.84'>7.84</span>", "<span data-toggle='tooltip' data-placement='right' title='原始值：10.05'>10.05</span>", "<span data-toggle='tooltip' data-placement='right' title='原始值：1149.7'>1149.7</span>", "<span data-toggle='tooltip' data-placement='right' title='原始值：5.69'>5.7</span>", "<span data-toggle='tooltip' data-placement='right' title='原始值：3.505'>3.50</span>", "<span data-toggle='tooltip' data-placement='right' title='极值过滤'>--</span>", "<span data-toggle='tooltip' data-placement='right' title='原始值：0.042'>0.042</span>", "<span data-toggle='tooltip' data-placement='right' title='原始值：4.07'>4.07</span>", "*", "*", "维护"], ["北京市", "海河流域", "<span data-toggle='tooltip' data-placement='right' title='所在地市:密云区&#10;所属河流:潮河'>古北口</span>", null, "", "--", "--", "--", "--", "--", "--", "--", "--", "--", "*", "*", "停站"], ["天津市", "海河流域", "<span data-toggle='tooltip' data-placement='right' title='所在地市:河北区&#10;所属河流:海河'>三岔口</span>", "03-22 08:00", "", "<span data-toggle='tooltip' data-placement='right' title='原始值：10.05'>10.0</span>", "<span data-toggle='tooltip' data-placement='right' title='原始值：7.8843'>7.88</span>", "<span data-toggle='tooltip' data-placement='right' title='原始值：9.248'>9.25</span>", "<span data-toggle='tooltip' data-placement='right' title='原始值：694.9694'>695.0</span>", "<span data-toggle='tooltip' data-placement='right' title='原始值：12.447'>12.4</span>", "<span data-toggle='tooltip' data-placement='right' title='原始值：2.68'>2.68</span>", "<span data-toggle='tooltip' data-placement='right' title='原始值：0.25'>0.250</span>", "<span data-toggle='tooltip' data-placement='right' title='原始值：0.0503'>0.050</span>", "<span data-toggle='tooltip' data-placement='right' title='原始值：1.0282'>1.03</span>", "*", "*", "维护"], ["天津市", "海河流域", "<span data-toggle='tooltip' data-placement='right' title='所在地市:蓟州区&#10;所属河流:果河'>果河桥</span>", "03-22 08:00", "Ⅱ", "<span data-toggle='tooltip' data-placement='right' title='原始值：9.5'>9.5</span>", "<span data-toggle='tooltip' data-placement='right' title='原始值：8.39'>8.39</span>", "<span data-toggle='tooltip' data-placement='right' title='原始值：10.328'>10.33</span>", "<span data-toggle='tooltip' data-placement='right' title='原始值：789.401'>789.4</span>", "<span data-toggle='tooltip' data-placement='right' title='原始值：5.7'>5.7</span>", "<span data-toggle='tooltip' data-placement='right' title='原始值：1.5299'>1.53</span>", "<span data-toggle='tooltip' data-placement='right' title='原始值：0.24'>0.240</span>", "<span data-toggle='tooltip' data-placement='right' title='原始值：0.0564'>0.056</span>", "<span data-toggle='tooltip' data-placement='right' title='原始值：10.3556'>10.36</span>", "*", "*", "正常"], ["河北省", "海河流域", "<span data-toggle='tooltip' data-placement='right' title='所在地市:石家庄市&#10;所属河流:滹沱河'>岗南水库</span>", "03-22 08:00", "Ⅱ", "<span data-toggle='tooltip' data-placement='right' title='原始值：12.76505'>12.8</span>", "<span data-toggle='tooltip' data-placement='right' title='原始值：8.78706'>8.79</span>", "<span data-toggle='tooltip' data-placement='right' title='原始值：14.35637'>14.36</span>", "<span data-toggle='tooltip' data-placement='right' title='原始值：471.4463'>471.4</span>", "<span data-toggle='tooltip' data-placement='right' title='原始值：5.34956'>5.3</span>", "<span data-toggle='tooltip' data-placement='right' title='原始值：2.23138'>2.23</span>", "<span data-toggle='tooltip' data-placement='right' title='原始值：0.04'>0.040</span>", "<span data-toggle='tooltip' data-placement='right' title='原始值：0.00609'>0.006</span>", "<span data-toggle='tooltip' data-placement='right' title='原始值：3.03527'>3.04</span>", "*", "*", "正常"], ["河北省", "海河流域", "<span data-toggle='tooltip' data-placement='right' title='所在地市:张家口市&#10;所属河流:永定河'>八号桥</span>", "03-22 08:00", "Ⅲ", "<span data-toggle='tooltip' data-placement='right' title='原始值：5.84297'>5.8</span>", "<span data-toggle='tooltip' data-placement='right' title='原始值：8.47875'>8.48</span>", "<span data-toggle='tooltip' data-placement='right' title='原始值：10.80803'>10.81</span>", "<span data-toggle='tooltip' data-placement='right' title='原始值：1243.458'>1243.5</span>", "<span data-toggle='tooltip' data-placement='right' title='原始值：24.10553'>24.1</span>", "<span data-toggle='tooltip' data-placement='right' title='原始值：5.18'>5.18</span>", "<span data-toggle='tooltip' data-placement='right' title='原始值：0.3'>0.300</span>", "<span data-toggle='tooltip' data-placement='right' title='原始值：0.118'>0.118</span>", "<span data-toggle='tooltip' data-placement='right' title='原始值：6.4'>6.40</span>", "*", "*", "正常"], ["山西省", "黄河流域", "<span data-toggle='tooltip' data-placement='right' title='所在地市:运城市&#10;所属河流:汾河'>河津大桥</span>", "03-22 08:00", "Ⅳ", "<span data-toggle='tooltip' data-placement='right' title='原始值：11.2845'>11.3</span>", "<span data-toggle='tooltip' data-placement='right' title='原始值：8.20744'>8.21</span>", "<span data-toggle='tooltip' data-placement='right' title='原始值：9.87289'>9.87</span>", "<span data-toggle='tooltip' data-placement='right' title='原始值：1349.363'>1349.4</span>", "<span data-toggle='tooltip' data-placement='right' title='原始值：17.87544'>17.9</span>", "<span data-toggle='tooltip' data-placement='right' title='原始值：8.95'>8.95</span>", "<span data-toggle='tooltip' data-placement='right' title='原始值：1.11'>1.110</span>", "*", "*", "*", "*", "正常"], ["山西省", "黄河流域", "<span data-toggle='tooltip' data-placement='right' title='所在地市:忻州市&#10;所属河流:黄河'>万家寨水库</span>", null, "", "--", "--", "--", "--", "--", "--", "--", "--", "--", "*", "*", "停站"], ["内蒙古自治区", "黄河流域", "<span data-toggle='tooltip' data-placement='right' title='所在地市:包头市&#10;所属河流:黄河'>画匠营子</span>", "03-22 08:00", "Ⅲ", "<span data-toggle='tooltip' data-placement='right' title='原始值：8.28115'>8.3</span>", "<span data-toggle='tooltip' data-placement='right' title='原始值：8.24794'>8.25</span>", "<span data-toggle='tooltip' data-placement='right' title='原始值：11.11298'>11.11</span>", "<span data-toggle='tooltip' data-placement='right' title='原始值：1410.021'>1410.0</span>", "<span data-toggle='tooltip' data-placement='right' title='原始值：875.7358'>875.7</span>", "<span data-toggle='tooltip' data-placement='right' title='原始值：4.43732'>4.44</span>", "<span data-toggle='tooltip' data-placement='right' title='原始值：0.07663'>0.077</span>", "*", "*", "*", "*", "正常"], ["内蒙古自治区", "黄河流域", "<span data-toggle='tooltip' data-placement='right' title='所在地市:乌海市&#10;所属河流:黄河'>海勃湾</span>", "03-22 08:00", "Ⅲ", "<span data-toggle='tooltip' data-placement='right' title='原始值：10.27711'>10.3</span>", "<span data-toggle='tooltip' data-placement='right' title='原始值：8.3349'>8.33</span>", "<span data-toggle='tooltip' data-placement='right' title='原始值：7.30485'>7.30</span>", "<span data-toggle='tooltip' data-placement='right' title='原始值：1178.005'>1178.0</span>", "<span data-toggle='tooltip' data-placement='right' title='原始值：38.12567'>38.1</span>", "<span data-toggle='tooltip' data-placement='right' title='原始值：5.12'>5.12</span>", "<span data-toggle='tooltip' data-placement='right' title='原始值：0.25'>0.250</span>", "*", "*", "*", "*", "正常"], ["内蒙古自治区", "松花江流域", "<span data-toggle='tooltip' data-placement='right' title='所在地市:呼伦贝尔市&#10;所属河流:额尔古纳河'>黑山头</span>", null, "", "--", "--", "--", "--", "--", "--", "--", "--", "--", "*", "*", "停站"], ["辽宁省", "辽河流域", "<span data-toggle='tooltip' data-placement='right' title='所在地市:抚顺市&#10;所属河流:浑河'>大伙房水库</span>", "03-22 04:00", "Ⅱ", "<span data-toggle='tooltip' data-placement='right' title='原始值：5.6538'>5.7</span>", "<span data-toggle='tooltip' data-placement='right' title='原始值：7.98218'>7.98</span>", "<span data-toggle='tooltip' data-placement='right' title='原始值：11.08739'>11.09</span>", "<span data-toggle='tooltip' data-placement='right' title='原始值：324.7892'>324.8</span>", "<span data-toggle='tooltip' data-placement='right' title='原始值：6.75117'>6.8</span>", "<span data-toggle='tooltip' data-placement='right' title='原始值：2.81818'>2.82</span>", "<span data-toggle='tooltip' data-placement='right' title='原始值：0.23'>0.230</span>", "<span data-toggle='tooltip' data-placement='right' title='原始值：0.0125'>0.012</span>", "<span data-toggle='tooltip' data-placement='right' title='原始值：3.09876'>3.10</span>", "<span data-toggle='tooltip' data-placement='right' title='原始值：0.00817'>0.008</span>", "*", "正常"], ["辽宁省", "辽河流域", "<span data-toggle='tooltip' data-placement='right' title='所在地市:丹东市&#10;所属河流:鸭绿江'>江桥</span>", "03-22 08:00", "Ⅰ", "<span data-toggle='tooltip' data-placement='right' title='原始值：6.2'>6.2</span>", "<span data-toggle='tooltip' data-placement='right' title='原始值：6.40999'>6.41</span>", "<span data-toggle='tooltip' data-placement='right' title='原始值：12.09968'>12.10</span>", "<span data-toggle='tooltip' data-placement='right' title='原始值：149'>149.0</span>", "<span data-toggle='tooltip' data-placement='right' title='原始值：13.03127'>13.0</span>", "<span data-toggle='tooltip' data-placement='right' title='原始值：1.05'>1.05</span>", "<span data-toggle='tooltip' data-placement='right' title='原始值：0.04336'>0.043</span>", "<span data-toggle='tooltip' data-placement='right' title='原始值：0.0173'>0.017</span>", "<span data-toggle='tooltip' data-placement='right' title='原始值：1.80345'>1.80</span>", "*", "*", "正常"], ["辽宁省", "辽河流域", "<span data-toggle='tooltip' data-placement='right' title='所在地市:营口市&#10;所属河流:大辽河'>辽河公园</span>", "03-22 08:00", "Ⅴ", "<span data-toggle='tooltip' data-placement='right' title='原始值：10.63524'>10.6</span>", "<span data-toggle='tooltip' data-placement='right' title='原始值：8.02206'>8.02</span>", "<span data-toggle='tooltip' data-placement='right' title='原始值：12.26254'>12.26</span>", "<span data-toggle='tooltip' data-placement='right' title='原始值：968.5226'>968.5</span>", "<span data-toggle='tooltip' data-placement='right' title='原始值：75.20837'>75.2</span>", "<span data-toggle='tooltip' data-placement='right' title='原始值：6.16898'>6.17</span>", "<span data-toggle='tooltip' data-placement='right' title='原始值：1.66212'>1.662</span>", "<span data-toggle='tooltip' data-placement='right' title='原始值：0.13978'>0.140</span>", "<span data-toggle='tooltip' data-placement='right' title='原始值：8.31974'>8.32</span>", "*", "*", "正常"], ["辽宁省", "辽河流域", "<span data-toggle='tooltip' data-placement='right' title='所在地市:辽阳市&#10;所属河流:太子河'>汤河水库</span>", null, "", "--", "--", "--", "--", "--", "--", "--", "--", "--", "*", "*", "停站"], ["辽宁省", "辽河流域", "<span data-toggle='tooltip' data-placement='right' title='所在地市:盘锦市&#10;所属河流:辽河'>盘锦兴安(兴安)</span>", null, "", "--", "--", "--", "--", "--", "--", "--", "--", "--", "*", "*", "停站"], ["辽宁省", "辽河流域", "<span data-toggle='tooltip' data-placement='right' title='所在地市:铁岭市&#10;所属河流:辽河'>珠尔山</span>", "03-22 08:00", "Ⅲ", "<span data-toggle='tooltip' data-placement='right' title='原始值：2.31274'>2.3</span>", "<span data-toggle='tooltip' data-placement='right' title='原始值：7.68873'>7.69</span>", "<span data-toggle='tooltip' data-placement='right' title='原始值：12.14386'>12.14</span>", "<span data-toggle='tooltip' data-placement='right' title='原始值：529.7473'>529.7</span>", "<span data-toggle='tooltip' data-placement='right' title='原始值：13.97963'>14.0</span>", "<span data-toggle='tooltip' data-placement='right' title='原始值：3.14679'>3.15</span>", "<span data-toggle='tooltip' data-placement='right' title='原始值：0.78'>0.780</span>", "<span data-toggle='tooltip' data-placement='right' title='原始值：0.09643'>0.096</span>", "<span data-toggle='tooltip' data-placement='right' title='原始值：5.54764'>5.55</span>", "*", "*", "正常"], ["吉林省", "松花江流域", "<span data-toggle='tooltip' data-placement='right' title='所在地市:长春市&#10;所属河流:松花江'>松花江村</span>", null, "", "--", "--", "--", "--", "--", "--", "--", "--", "--", "*", "*", "停站"], ["吉林省", "松花江流域", "<span data-toggle='tooltip' data-placement='right' title='所在地市:白城市&#10;所属河流:嫩江'>白沙滩</span>", "03-22 08:00", "Ⅲ", "<span data-toggle='tooltip' data-placement='right' title='原始值：4.22989'>4.2</span>", "<span data-toggle='tooltip' data-placement='right' title='原始值：6.84715'>6.85</span>", "<span data-toggle='tooltip' data-placement='right' title='原始值：12.67878'>12.68</span>", "<span data-toggle='tooltip' data-placement='right' title='原始值：243.1133'>243.1</span>", "<span data-toggle='tooltip' data-placement='right' title='原始值：22.15882'>22.2</span>", "<span data-toggle='tooltip' data-placement='right' title='原始值：4.13301'>4.13</span>", "<span data-toggle='tooltip' data-placement='right' title='原始值：0.12646'>0.126</span>", "<span data-toggle='tooltip' data-placement='right' title='原始值：0.04606'>0.046</span>", "<span data-toggle='tooltip' data-placement='right' title='原始值：1.47885'>1.48</span>", "*", "*", "正常"], ["吉林省", "松花江流域", "<span data-toggle='tooltip' data-placement='right' title='所在地市:延边朝鲜族自治州&#10;所属河流:图们江'>圈河</span>", "03-22 08:00", "Ⅱ", "<span data-toggle='tooltip' data-placement='right' title='原始值：8.29688'>8.3</span>", "<span data-toggle='tooltip' data-placement='right' title='原始值：7.1'>7.10</span>", "<span data-toggle='tooltip' data-placement='right' title='原始值：11.68001'>11.68</span>", "<span data-toggle='tooltip' data-placement='right' title='原始值：211'>211.0</span>", "<span data-toggle='tooltip' data-placement='right' title='原始值：101.0313'>101.0</span>", "<span data-toggle='tooltip' data-placement='right' title='原始值：2.95'>2.95</span>", "<span data-toggle='tooltip' data-placement='right' title='原始值：0.4768'>0.477</span>", "<span data-toggle='tooltip' data-placement='right' title='原始值：0.09445'>0.094</span>", "<span data-toggle='tooltip' data-placement='right' title='原始值：4.25834'>4.26</span>", "*", "*", "正常"], ["黑龙江省", "松花江流域", "<span data-toggle='tooltip' data-placement='right' title='所在地市:大庆市&#10;所属河流:松花江'>肇源</span>", null, "", "--", "--", "--", "--", "--", "--", "--", "--", "--", "*", "*", "停站"], ["黑龙江省", "松花江流域", "<span data-toggle='tooltip' data-placement='right' title='所在地市:佳木斯市&#10;所属河流:乌苏里江'>乌苏镇</span>", null, "", "--", "--", "--", "--", "--", "--", "--", "--", "--", "*", "*", "停站"], ["黑龙江省", "松花江流域", "<span data-toggle='tooltip' data-placement='right' title='所在地市:佳木斯市&#10;所属河流:松花江'>同江</span>", "03-22 08:00", "Ⅲ", "<span data-toggle='tooltip' data-placement='right' title='原始值：1.81088'>1.8</span>", "<span data-toggle='tooltip' data-placement='right' title='原始值：7.03949'>7.04</span>", "<span data-toggle='tooltip' data-placement='right' title='原始值：10.4874'>10.49</span>", "<span data-toggle='tooltip' data-placement='right' title='原始值：322.509'>322.5</span>", "<span data-toggle='tooltip' data-placement='right' title='原始值：23.5581'>23.6</span>", "<span data-toggle='tooltip' data-placement='right' title='原始值：5.72106'>5.72</span>", "<span data-toggle='tooltip' data-placement='right' title='原始值：0.23209'>0.232</span>", "<span data-toggle='tooltip' data-placement='right' title='原始值：0.06982'>0.070</span>", "<span data-toggle='tooltip' data-placement='right' title='原始值：2.72632'>2.73</span>", "*", "*", "正常"], ["黑龙江省", "松花江流域", "<span data-toggle='tooltip' data-placement='right' title='所在地市:黑河市&#10;所属河流:黑龙江'>黑河下(黑河)</span>", null, "", "--", "--", "--", "--", "--", "--", "--", "--", "--", "*", "*", "停站"], ["上海市", "长江流域", "<span data-toggle='tooltip' data-placement='right' title='所在地市:青浦区&#10;所属河流:淀山湖'>急水港桥</span>", "03-22 08:00", "Ⅳ", "<span data-toggle='tooltip' data-placement='right' title='原始值：12.6'>12.6</span>", "<span data-toggle='tooltip' data-placement='right' title='原始值：7.4'>7.40</span>", "<span data-toggle='tooltip' data-placement='right' title='原始值：7.06'>7.06</span>", "<span data-toggle='tooltip' data-placement='right' title='原始值：727'>727.0</span>", "<span data-toggle='tooltip' data-placement='right' title='原始值：125.7'>125.7</span>", "<span data-toggle='tooltip' data-placement='right' title='原始值：3.20312'>3.20</span>", "<span data-toggle='tooltip' data-placement='right' title='原始值：0.54072'>0.541</span>", "<span data-toggle='tooltip' data-placement='right' title='原始值：0.06845'>0.068</span>", "<span data-toggle='tooltip' data-placement='right' title='原始值：4.2034'>4.20</span>", "<span data-toggle='tooltip' data-placement='right' title='原始值：0.00594'>0.006</span>", "<span data-toggle='tooltip' data-placement='right' title='原始值：3251979'>3251979</span>", "正常"], ["江苏省", "长江流域", "<span data-toggle='tooltip' data-placement='right' title='所在地市:南京市&#10;所属河流:长江'>林山</span>", "03-22 08:00", "Ⅱ", "<span data-toggle='tooltip' data-placement='right' title='原始值：16.2246'>16.2</span>", "<span data-toggle='tooltip' data-placement='right' title='原始值：7.4819'>7.48</span>", "<span data-toggle='tooltip' data-placement='right' title='原始值：8.48541'>8.49</span>", "<span data-toggle='tooltip' data-placement='right' title='原始值：346.958'>347.0</span>", "<span data-toggle='tooltip' data-placement='right' title='原始值：10.2006'>10.2</span>", "<span data-toggle='tooltip' data-placement='right' title='原始值：2.18'>2.18</span>", "<span data-toggle='tooltip' data-placement='right' title='原始值：0.14369'>0.144</span>", "*", "*", "*", "*", "正常"], ["江苏省", "太湖流域", "<span data-toggle='tooltip' data-placement='right' title='所在地市:无锡市&#10;所属河流:太湖'>沙渚</span>", "03-22 08:00", "Ⅱ", "<span data-toggle='tooltip' data-placement='right' title='原始值：18.60217'>18.6</span>", "<span data-toggle='tooltip' data-placement='right' title='原始值：8.116596'>8.12</span>", "<span data-toggle='tooltip' data-placement='right' title='原始值：9.603455'>9.60</span>", "<span data-toggle='tooltip' data-placement='right' title='原始值：403.1512'>403.2</span>", "<span data-toggle='tooltip' data-placement='right' title='原始值：54.38223'>54.4</span>", "<span data-toggle='tooltip' data-placement='right' title='原始值：2.311805'>2.31</span>", "<span data-toggle='tooltip' data-placement='right' title='原始值：0.16'>0.160</span>", "<span data-toggle='tooltip' data-placement='right' title='原始值：0.0493'>0.049</span>", "<span data-toggle='tooltip' data-placement='right' title='原始值：1.754'>1.75</span>", "<span data-toggle='tooltip' data-placement='right' title='原始值：0.032791'>0.033</span>", "*", "正常"], ["江苏省", "淮河流域", "<span data-toggle='tooltip' data-placement='right' title='所在地市:徐州市&#10;所属河流:武河'>小红圈</span>", null, "", "--", "--", "--", "--", "--", "--", "--", "*", "*", "*", "*", "维护"], ["江苏省", "淮河流域", "<span data-toggle='tooltip' data-placement='right' title='所在地市:徐州市&#10;所属河流:沿河'>李集桥</span>", null, "", "--", "--", "--", "--", "--", "--", "--", "--", "--", "*", "*", "维护"], ["江苏省", "淮河流域", "<span data-toggle='tooltip' data-placement='right' title='所在地市:徐州市&#10;所属河流:邳苍分洪道'>艾山西大桥</span>", null, "", "--", "--", "--", "--", "--", "--", "--", "--", "--", "*", "*", "维护"], ["江苏省", "太湖流域", "<span data-toggle='tooltip' data-placement='right' title='所在地市:苏州市&#10;所属河流:太湖'>兰山嘴(老)</span>", "03-22 08:00", "Ⅲ", "<span data-toggle='tooltip' data-placement='right' title='原始值：11.72194'>11.7</span>", "<span data-toggle='tooltip' data-placement='right' title='原始值：7.73424'>7.73</span>", "<span data-toggle='tooltip' data-placement='right' title='原始值：10.01286'>10.01</span>", "<span data-toggle='tooltip' data-placement='right' title='原始值：402.7523'>402.8</span>", "<span data-toggle='tooltip' data-placement='right' title='原始值：65.23082'>65.2</span>", "<span data-toggle='tooltip' data-placement='right' title='原始值：3.2'>3.20</span>", "<span data-toggle='tooltip' data-placement='right' title='原始值：0.73404'>0.734</span>", "<span data-toggle='tooltip' data-placement='right' title='原始值：0.1555'>0.156</span>", "<span data-toggle='tooltip' data-placement='right' title='原始值：6.12191'>6.12</span>", "<span data-toggle='tooltip' data-placement='right' title='原始值：0.06586'>0.066</span>", "*", "正常"], ["江苏省", "太湖流域", "<span data-toggle='tooltip' data-placement='right' title='所在地市:苏州市&#10;所属河流:太湖'>西山</span>", "03-22 08:00", "Ⅴ", "<span data-toggle='tooltip' data-placement='right' title='原始值：11.83744'>11.8</span>", "<span data-toggle='tooltip' data-placement='right' title='原始值：7.90089'>7.90</span>", "<span data-toggle='tooltip' data-placement='right' title='原始值：10.78432'>10.78</span>", "<span data-toggle='tooltip' data-placement='right' title='原始值：437.9699'>438.0</span>", "<span data-toggle='tooltip' data-placement='right' title='原始值：314.1252'>314.1</span>", "<span data-toggle='tooltip' data-placement='right' title='原始值：3.82'>3.82</span>", "<span data-toggle='tooltip' data-placement='right' title='原始值：0.42'>0.420</span>", "<span data-toggle='tooltip' data-placement='right' title='原始值：0.1151'>0.115</span>", "<span data-toggle='tooltip' data-placement='right' title='原始值：1.866'>1.87</span>", "<span data-toggle='tooltip' data-placement='right' title='原始值：0.0077'>0.008</span>", "*", "正常"], ["江苏省", "淮河流域", "<span data-toggle='tooltip' data-placement='right' title='所在地市:连云港市&#10;所属河流:新沭河'>大兴桥</span>", "03-22 08:00", "Ⅲ", "<span data-toggle='tooltip' data-placement='right' title='原始值：12.6'>12.6</span>", "<span data-toggle='tooltip' data-placement='right' title='原始值：8.4'>8.40</span>", "<span data-toggle='tooltip' data-placement='right' title='原始值：9.55'>9.55</span>", "<span data-toggle='tooltip' data-placement='right' title='原始值：916.4'>916.4</span>", "<span data-toggle='tooltip' data-placement='right' title='原始值：139.69'>139.7</span>", "<span data-toggle='tooltip' data-placement='right' title='原始值：4.65'>4.65</span>", "<span data-toggle='tooltip' data-placement='right' title='原始值：0.093'>0.093</span>", "*", "*", "*", "*", "正常"], ["江苏省", "淮河流域", "<span data-toggle='tooltip' data-placement='right' title='所在地市:淮安市&#10;所属河流:淮河'>淮河大桥</span>", "03-22 08:00", "Ⅲ", "<span data-toggle='tooltip' data-placement='right' title='原始值：13.06937'>13.1</span>", "<span data-toggle='tooltip' data-placement='right' title='原始值：8.03313'>8.03</span>", "<span data-toggle='tooltip' data-placement='right' title='原始值：9.83986'>9.84</span>", "<span data-toggle='tooltip' data-placement='right' title='原始值：596.6663'>596.7</span>", "<span data-toggle='tooltip' data-placement='right' title='原始值：22.66408'>22.7</span>", "<span data-toggle='tooltip' data-placement='right' title='原始值：3.26'>3.26</span>", "<span data-toggle='tooltip' data-placement='right' title='原始值：0.6'>0.600</span>", "<span data-toggle='tooltip' data-placement='right' title='原始值：0.07275'>0.073</span>", "<span data-toggle='tooltip' data-placement='right' title='原始值：3.0775'>3.08</span>", "*", "*", "正常"], ["江苏省", "长江流域", "<span data-toggle='tooltip' data-placement='right' title='所在地市:扬州市&#10;所属河流:夹江'>三江营</span>", "03-22 08:00", "Ⅱ", "<span data-toggle='tooltip' data-placement='right' title='原始值：12.8'>12.8</span>", "<span data-toggle='tooltip' data-placement='right' title='原始值：7.86'>7.86</span>", "<span data-toggle='tooltip' data-placement='right' title='原始值：10.06'>10.06</span>", "<span data-toggle='tooltip' data-placement='right' title='原始值：338.1'>338.1</span>", "<span data-toggle='tooltip' data-placement='right' title='原始值：25.04'>25.0</span>", "<span data-toggle='tooltip' data-placement='right' title='原始值：1.47'>1.47</span>", "<span data-toggle='tooltip' data-placement='right' title='原始值：0.095'>0.095</span>", "<span data-toggle='tooltip' data-placement='right' title='原始值：0.067'>0.067</span>", "<span data-toggle='tooltip' data-placement='right' title='原始值：2.1'>2.10</span>", "*", "*", "正常"], ["江苏省", "淮河流域", "<span data-toggle='tooltip' data-placement='right' title='所在地市:宿迁市&#10;所属河流:新濉河'>大屈</span>", null, "", "--", "--", "--", "--", "--", "--", "--", "--", "--", "*", "*", "维护"], ["浙江省", "浙闽片河流", "<span data-toggle='tooltip' data-placement='right' title='所在地市:杭州市&#10;所属河流:新安江'>街口(鸠坑口)</span>", "03-22 08:00", "Ⅱ", "<span data-toggle='tooltip' data-placement='right' title='原始值：15.28'>15.3</span>", "<span data-toggle='tooltip' data-placement='right' title='原始值：6.69'>6.69</span>", "<span data-toggle='tooltip' data-placement='right' title='原始值：8.34'>8.34</span>", "<span data-toggle='tooltip' data-placement='right' title='原始值：132.09'>132.1</span>", "<span data-toggle='tooltip' data-placement='right' title='原始值：5.73'>5.7</span>", "<span data-toggle='tooltip' data-placement='right' title='原始值：2.035'>2.04</span>", "<span data-toggle='tooltip' data-placement='right' title='原始值：0.161'>0.161</span>", "<span data-toggle='tooltip' data-placement='right' title='原始值：0.076'>0.076</span>", "<span data-toggle='tooltip' data-placement='right' title='原始值：1.785'>1.78</span>", "*", "*", "正常"], ["浙江省", "太湖流域", "<span data-toggle='tooltip' data-placement='right' title='所在地市:嘉兴市&#10;所属河流:斜路港河'>斜路港</span>", "03-22 08:00", "Ⅲ", "<span data-toggle='tooltip' data-placement='right' title='原始值：13.9'>13.9</span>", "<span data-toggle='tooltip' data-placement='right' title='原始值：7.47'>7.47</span>", "<span data-toggle='tooltip' data-placement='right' title='原始值：8.66'>8.66</span>", "<span data-toggle='tooltip' data-placement='right' title='原始值：728'>728.0</span>", "<span data-toggle='tooltip' data-placement='right' title='原始值：260.4'>260.4</span>", "<span data-toggle='tooltip' data-placement='right' title='原始值：5.6'>5.60</span>", "<span data-toggle='tooltip' data-placement='right' title='原始值：0.87994'>0.880</span>", "<span data-toggle='tooltip' data-placement='right' title='原始值：0.07805'>0.078</span>", "<span data-toggle='tooltip' data-placement='right' title='原始值：2.85649'>2.86</span>", "*", "*", "正常"], ["浙江省", "太湖流域", "<span data-toggle='tooltip' data-placement='right' title='所在地市:嘉兴市&#10;所属河流:京杭运河'>王江泾</span>", "03-22 08:00", "Ⅳ", "<span data-toggle='tooltip' data-placement='right' title='原始值：14.13'>14.1</span>", "<span data-toggle='tooltip' data-placement='right' title='原始值：6.94'>6.94</span>", "<span data-toggle='tooltip' data-placement='right' title='原始值：6.05'>6.05</span>", "<span data-toggle='tooltip' data-placement='right' title='原始值：738.63'>738.6</span>", "<span data-toggle='tooltip' data-placement='right' title='原始值：99.69'>99.7</span>", "<span data-toggle='tooltip' data-placement='right' title='原始值：6.855'>6.86</span>", "<span data-toggle='tooltip' data-placement='right' title='原始值：0.625'>0.625</span>", "<span data-toggle='tooltip' data-placement='right' title='原始值：0.096'>0.096</span>", "<span data-toggle='tooltip' data-placement='right' title='原始值：4.299'>4.30</span>", "*", "*", "正常"], ["浙江省", "太湖流域", "<span data-toggle='tooltip' data-placement='right' title='所在地市:湖州市&#10;所属河流:西苕溪'>新港口(新塘港)</span>", "03-22 08:00", "Ⅱ", "<span data-toggle='tooltip' data-placement='right' title='原始值：12.928'>12.9</span>", "<span data-toggle='tooltip' data-placement='right' title='原始值：7.43821'>7.44</span>", "<span data-toggle='tooltip' data-placement='right' title='原始值：8.14923'>8.15</span>", "<span data-toggle='tooltip' data-placement='right' title='原始值：278.576'>278.6</span>", "<span data-toggle='tooltip' data-placement='right' title='原始值：96.0625'>96.1</span>", "<span data-toggle='tooltip' data-placement='right' title='原始值：2.70399'>2.70</span>", "<span data-toggle='tooltip' data-placement='right' title='原始值：0.40146'>0.401</span>", "<span data-toggle='tooltip' data-placement='right' title='原始值：0.07338'>0.073</span>", "<span data-toggle='tooltip' data-placement='right' title='原始值：12.49867'>12.50</span>", "<span data-toggle='tooltip' data-placement='right' title='原始值：0.02208'>0.022</span>", "*", "正常"], ["安徽省", "巢湖流域", "<span data-toggle='tooltip' data-placement='right' title='所在地市:合肥市&#10;所属河流:巢湖'>湖滨(老)</span>", "03-22 04:00", "Ⅳ", "<span data-toggle='tooltip' data-placement='right' title='原始值：12.15558'>12.2</span>", "<span data-toggle='tooltip' data-placement='right' title='原始值：7.09923'>7.10</span>", "<span data-toggle='tooltip' data-placement='right' title='原始值：10.92664'>10.93</span>", "<span data-toggle='tooltip' data-placement='right' title='原始值：346.6666'>346.7</span>", "<span data-toggle='tooltip' data-placement='right' title='原始值：93.98265'>94.0</span>", "<span data-toggle='tooltip' data-placement='right' title='原始值：3.21'>3.21</span>", "<span data-toggle='tooltip' data-placement='right' title='原始值：0.53'>0.530</span>", "<span data-toggle='tooltip' data-placement='right' title='原始值：0.0811'>0.081</span>", "<span data-toggle='tooltip' data-placement='right' title='原始值：1.809'>1.81</span>", "<span data-toggle='tooltip' data-placement='right' title='原始值：0.03253'>0.033</span>", "*", "正常"], ["安徽省", "巢湖流域", "<span data-toggle='tooltip' data-placement='right' title='所在地市:芜湖市&#10;所属河流:巢湖'>裕溪口(老)</span>", "03-22 08:00", "Ⅲ", "<span data-toggle='tooltip' data-placement='right' title='原始值：12.6615'>12.7</span>", "<span data-toggle='tooltip' data-placement='right' title='原始值：7.39919'>7.40</span>", "<span data-toggle='tooltip' data-placement='right' title='原始值：8.19587'>8.20</span>", "<span data-toggle='tooltip' data-placement='right' title='原始值：324.7422'>324.7</span>", "<span data-toggle='tooltip' data-placement='right' title='原始值：150.1806'>150.2</span>", "<span data-toggle='tooltip' data-placement='right' title='原始值：3.57'>3.57</span>", "<span data-toggle='tooltip' data-placement='right' title='原始值：0.1'>0.100</span>", "<span data-toggle='tooltip' data-placement='right' title='原始值：0.038'>0.038</span>", "<span data-toggle='tooltip' data-placement='right' title='原始值：3.024'>3.02</span>", "<span data-toggle='tooltip' data-placement='right' title='原始值：0.0231'>0.023</span>", "*", "正常"], ["安徽省", "淮河流域", "<span data-toggle='tooltip' data-placement='right' title='所在地市:蚌埠市&#10;所属河流:淮河'>蚌埠闸上(蚌埠闸)</span>", "03-22 08:00", "Ⅱ", "<span data-toggle='tooltip' data-placement='right' title='原始值：13.2'>13.2</span>", "<span data-toggle='tooltip' data-placement='right' title='原始值：7.46'>7.46</span>", "<span data-toggle='tooltip' data-placement='right' title='原始值：10.64'>10.64</span>", "<span data-toggle='tooltip' data-placement='right' title='原始值：616.95'>617.0</span>", "<span data-toggle='tooltip' data-placement='right' title='原始值：107.26'>107.3</span>", "<span data-toggle='tooltip' data-placement='right' title='原始值：2.978'>2.98</span>", "<span data-toggle='tooltip' data-placement='right' title='原始值：0.157'>0.157</span>", "<span data-toggle='tooltip' data-placement='right' title='原始值：0.086'>0.086</span>", "<span data-toggle='tooltip' data-placement='right' title='原始值：2.816'>2.82</span>", "*", "*", "正常"], ["安徽省", "淮河流域", "<span data-toggle='tooltip' data-placement='right' title='所在地市:淮南市&#10;所属河流:淮河'>石头埠(老)</span>", "03-22 08:00", "Ⅳ", "<span data-toggle='tooltip' data-placement='right' title='原始值：12.64874'>12.6</span>", "<span data-toggle='tooltip' data-placement='right' title='原始值：6.77857'>6.78</span>", "<span data-toggle='tooltip' data-placement='right' title='原始值：4.77583'>4.78</span>", "<span data-toggle='tooltip' data-placement='right' title='原始值：480.9214'>480.9</span>", "<span data-toggle='tooltip' data-placement='right' title='原始值：42.28365'>42.3</span>", "<span data-toggle='tooltip' data-placement='right' title='原始值：2.69'>2.69</span>", "<span data-toggle='tooltip' data-placement='right' title='原始值：0.28'>0.280</span>", "*", "*", "*", "*", "正常"], ["安徽省", "淮河流域", "<span data-toggle='tooltip' data-placement='right' title='所在地市:淮北市&#10;所属河流:沱河'>小王桥</span>", "03-22 08:00", "Ⅲ", "<span data-toggle='tooltip' data-placement='right' title='原始值：11.95'>12.0</span>", "<span data-toggle='tooltip' data-placement='right' title='原始值：8.07'>8.07</span>", "<span data-toggle='tooltip' data-placement='right' title='原始值：9.73'>9.73</span>", "<span data-toggle='tooltip' data-placement='right' title='原始值：1726.36'>1726.4</span>", "<span data-toggle='tooltip' data-placement='right' title='原始值：17.96'>18.0</span>", "<span data-toggle='tooltip' data-placement='right' title='原始值：5.045'>5.04</span>", "<span data-toggle='tooltip' data-placement='right' title='原始值：0.034'>0.034</span>", "<span data-toggle='tooltip' data-placement='right' title='原始值：0.087'>0.087</span>", "<span data-toggle='tooltip' data-placement='right' title='原始值：1.195'>1.20</span>", "*", "*", "正常"], ["安徽省", "长江流域", "<span data-toggle='tooltip' data-placement='right' title='所在地市:安庆市&#10;所属河流:长江'>皖河口</span>", "03-22 08:00", "Ⅱ", "<span data-toggle='tooltip' data-placement='right' title='原始值：14.41'>14.4</span>", "<span data-toggle='tooltip' data-placement='right' title='原始值：7.54'>7.54</span>", "<span data-toggle='tooltip' data-placement='right' title='原始值：8.49'>8.49</span>", "<span data-toggle='tooltip' data-placement='right' title='原始值：280.25'>280.2</span>", "<span data-toggle='tooltip' data-placement='right' title='原始值：39.01'>39.0</span>", "<span data-toggle='tooltip' data-placement='right' title='原始值：2.038'>2.04</span>", "<span data-toggle='tooltip' data-placement='right' title='原始值：0.044'>0.044</span>", "<span data-toggle='tooltip' data-placement='right' title='原始值：0.0624'>0.062</span>", "<span data-toggle='tooltip' data-placement='right' title='原始值：2.295'>2.30</span>", "*", "*", "正常"], ["安徽省", "淮河流域", "<span data-toggle='tooltip' data-placement='right' title='所在地市:滁州市&#10;所属河流:淮河'>小柳巷</span>", "03-22 08:00", "Ⅱ", "<span data-toggle='tooltip' data-placement='right' title='原始值：12.1'>12.1</span>", "<span data-toggle='tooltip' data-placement='right' title='原始值：8.29'>8.29</span>", "<span data-toggle='tooltip' data-placement='right' title='原始值：10.3'>10.30</span>", "<span data-toggle='tooltip' data-placement='right' title='原始值：679.8'>679.8</span>", "<span data-toggle='tooltip' data-placement='right' title='原始值：183.62'>183.6</span>", "<span data-toggle='tooltip' data-placement='right' title='原始值：3.77'>3.77</span>", "<span data-toggle='tooltip' data-placement='right' title='原始值：0.267'>0.267</span>", "<span data-toggle='tooltip' data-placement='right' title='原始值：0.092'>0.092</span>", "<span data-toggle='tooltip' data-placement='right' title='原始值：2.451'>2.45</span>", "*", "*", "正常"], ["安徽省", "淮河流域", "<span data-toggle='tooltip' data-placement='right' title='所在地市:阜阳市&#10;所属河流:黑茨河'>张大桥</span>", "03-22 08:00", "", "<span data-toggle='tooltip' data-placement='right' title='原始值：13.1'>13.1</span>", "<span data-toggle='tooltip' data-placement='right' title='原始值：8.08'>8.08</span>", "<span data-toggle='tooltip' data-placement='right' title='原始值：11.42'>11.42</span>", "<span data-toggle='tooltip' data-placement='right' title='原始值：2000'>2000.0</span>", "<span data-toggle='tooltip' data-placement='right' title='原始值：16.41'>16.4</span>", "<span data-toggle='tooltip' data-placement='right' title='原始值：7.2'>7.20</span>", "<span data-toggle='tooltip' data-placement='right' title='极值过滤'>--</span>", "<span data-toggle='tooltip' data-placement='right' title='原始值：0.074'>0.074</span>", "<span data-toggle='tooltip' data-placement='right' title='原始值：3.897'>3.90</span>", "*", "*", "维护"], ["安徽省", "淮河流域", "<span data-toggle='tooltip' data-placement='right' title='所在地市:阜阳市&#10;所属河流:淮河'>王家坝</span>", "03-22 08:00", "Ⅲ", "<span data-toggle='tooltip' data-placement='right' title='原始值：12.59'>12.6</span>", "<span data-toggle='tooltip' data-placement='right' title='原始值：7.51647'>7.52</span>", "<span data-toggle='tooltip' data-placement='right' title='原始值：9.43049'>9.43</span>", "<span data-toggle='tooltip' data-placement='right' title='原始值：291.4968'>291.5</span>", "<span data-toggle='tooltip' data-placement='right' title='原始值：43.28246'>43.3</span>", "<span data-toggle='tooltip' data-placement='right' title='原始值：4.04'>4.04</span>", "<span data-toggle='tooltip' data-placement='right' title='原始值：0.299'>0.299</span>", "<span data-toggle='tooltip' data-placement='right' title='原始值：0.06803'>0.068</span>", "<span data-toggle='tooltip' data-placement='right' title='原始值：1.92636'>1.93</span>", "*", "*", "正常"], ["安徽省", "淮河流域", "<span data-toggle='tooltip' data-placement='right' title='所在地市:阜阳市&#10;所属河流:颍河'>界首七渡口(七渡口)</span>", "03-22 08:00", "Ⅲ", "<span data-toggle='tooltip' data-placement='right' title='原始值：12.31292'>12.3</span>", "<span data-toggle='tooltip' data-placement='right' title='原始值：7.58472'>7.58</span>", "<span data-toggle='tooltip' data-placement='right' title='原始值：7.29369'>7.29</span>", "<span data-toggle='tooltip' data-placement='right' title='原始值：847.7721'>847.8</span>", "<span data-toggle='tooltip' data-placement='right' title='原始值：13.72311'>13.7</span>", "<span data-toggle='tooltip' data-placement='right' title='原始值：4.35'>4.35</span>", "<span data-toggle='tooltip' data-placement='right' title='原始值：0.39'>0.390</span>", "<span data-toggle='tooltip' data-placement='right' title='原始值：0.0925'>0.092</span>", "<span data-toggle='tooltip' data-placement='right' title='原始值：6.07594'>6.08</span>", "*", "*", "正常"], ["安徽省", "淮河流域", "<span data-toggle='tooltip' data-placement='right' title='所在地市:阜阳市&#10;所属河流:泉河'>许庄(徐庄)</span>", null, "", "--", "--", "--", "--", "--", "--", "--", "--", "--", "*", "*", "维护"], ["安徽省", "淮河流域", "<span data-toggle='tooltip' data-placement='right' title='所在地市:宿州市&#10;所属河流:奎河'>杨庄</span>", null, "", "--", "--", "--", "--", "--", "--", "--", "*", "*", "*", "*", "维护"], ["安徽省", "淮河流域", "<span data-toggle='tooltip' data-placement='right' title='所在地市:宿州市&#10;所属河流:新汴河'>泗县公路桥</span>", "03-22 08:00", "", "<span data-toggle='tooltip' data-placement='right' title='原始值：11.3'>11.3</span>", "<span data-toggle='tooltip' data-placement='right' title='原始值：8.28'>8.28</span>", "<span data-toggle='tooltip' data-placement='right' title='原始值：10.75'>10.75</span>", "<span data-toggle='tooltip' data-placement='right' title='原始值：951.2'>951.2</span>", "<span data-toggle='tooltip' data-placement='right' title='原始值：27.45'>27.4</span>", "<span data-toggle='tooltip' data-placement='right' title='原始值：5.31'>5.31</span>", "<span data-toggle='tooltip' data-placement='right' title='极值过滤'>--</span>", "*", "*", "*", "*", "维护"], ["安徽省", "淮河流域", "<span data-toggle='tooltip' data-placement='right' title='所在地市:亳州市&#10;所属河流:包河'>颜集</span>", "03-22 08:00", "Ⅱ", "<span data-toggle='tooltip' data-placement='right' title='原始值：10.4'>10.4</span>", "<span data-toggle='tooltip' data-placement='right' title='原始值：8.23'>8.23</span>", "<span data-toggle='tooltip' data-placement='right' title='原始值：10.3'>10.30</span>", "<span data-toggle='tooltip' data-placement='right' title='原始值：1624'>1624.0</span>", "<span data-toggle='tooltip' data-placement='right' title='原始值：134.84'>134.8</span>", "<span data-toggle='tooltip' data-placement='right' title='原始值：2.96'>2.96</span>", "<span data-toggle='tooltip' data-placement='right' title='原始值：0.03'>0.030</span>", "<span data-toggle='tooltip' data-placement='right' title='原始值：0.098'>0.098</span>", "<span data-toggle='tooltip' data-placement='right' title='原始值：5.86'>5.86</span>", "*", "*", "正常"], ["福建省", "浙闽片河流", "<span data-toggle='tooltip' data-placement='right' title='所在地市:福州市&#10;所属河流:闽江'>白岩潭</span>", "03-22 08:00", "Ⅱ", "<span data-toggle='tooltip' data-placement='right' title='原始值：18.23'>18.2</span>", "<span data-toggle='tooltip' data-placement='right' title='原始值：7.33'>7.33</span>", "<span data-toggle='tooltip' data-placement='right' title='原始值：10.71'>10.71</span>", "<span data-toggle='tooltip' data-placement='right' title='原始值：1470'>1470.0</span>", "<span data-toggle='tooltip' data-placement='right' title='原始值：173.24'>173.2</span>", "<span data-toggle='tooltip' data-placement='right' title='原始值：2.5'>2.50</span>", "<span data-toggle='tooltip' data-placement='right' title='原始值：0.215'>0.215</span>", "*", "*", "*", "*", "正常"], ["江西省", "长江流域", "<span data-toggle='tooltip' data-placement='right' title='所在地市:南昌市&#10;所属河流:赣江南支'>滁槎</span>", "03-22 08:00", "Ⅱ", "<span data-toggle='tooltip' data-placement='right' title='原始值：14.37461'>14.4</span>", "<span data-toggle='tooltip' data-placement='right' title='原始值：6.90951'>6.91</span>", "<span data-toggle='tooltip' data-placement='right' title='原始值：7.92114'>7.92</span>", "<span data-toggle='tooltip' data-placement='right' title='原始值：247.9891'>248.0</span>", "<span data-toggle='tooltip' data-placement='right' title='原始值：28.92429'>28.9</span>", "<span data-toggle='tooltip' data-placement='right' title='原始值：3.59'>3.59</span>", "<span data-toggle='tooltip' data-placement='right' title='原始值：0.45'>0.450</span>", "<span data-toggle='tooltip' data-placement='right' title='原始值：0.043'>0.043</span>", "<span data-toggle='tooltip' data-placement='right' title='原始值：2.1475'>2.15</span>", "*", "*", "正常"], ["江西省", "长江流域", "<span data-toggle='tooltip' data-placement='right' title='所在地市:九江市&#10;所属河流:长江'>姚港(河西水厂)</span>", "03-22 08:00", "Ⅲ", "<span data-toggle='tooltip' data-placement='right' title='原始值：13.62'>13.6</span>", "<span data-toggle='tooltip' data-placement='right' title='原始值：7.54'>7.54</span>", "<span data-toggle='tooltip' data-placement='right' title='原始值：9.48'>9.48</span>", "<span data-toggle='tooltip' data-placement='right' title='原始值：340.37'>340.4</span>", "<span data-toggle='tooltip' data-placement='right' title='原始值：40.27'>40.3</span>", "<span data-toggle='tooltip' data-placement='right' title='原始值：1.57'>1.57</span>", "<span data-toggle='tooltip' data-placement='right' title='原始值：0.05'>0.050</span>", "<span data-toggle='tooltip' data-placement='right' title='原始值：0.131'>0.131</span>", "<span data-toggle='tooltip' data-placement='right' title='原始值：2.276'>2.28</span>", "*", "*", "正常"], ["江西省", "长江流域", "<span data-toggle='tooltip' data-placement='right' title='所在地市:九江市&#10;所属河流:鄱阳湖'>蛤蟆石</span>", "03-22 08:00", "Ⅳ", "<span data-toggle='tooltip' data-placement='right' title='原始值：14.58'>14.6</span>", "<span data-toggle='tooltip' data-placement='right' title='原始值：7.4'>7.40</span>", "<span data-toggle='tooltip' data-placement='right' title='原始值：9.28'>9.28</span>", "<span data-toggle='tooltip' data-placement='right' title='原始值：169.04'>169.0</span>", "<span data-toggle='tooltip' data-placement='right' title='原始值：15.01'>15.0</span>", "<span data-toggle='tooltip' data-placement='right' title='原始值：2.115'>2.12</span>", "<span data-toggle='tooltip' data-placement='right' title='原始值：0.108'>0.108</span>", "<span data-toggle='tooltip' data-placement='right' title='原始值：0.0554'>0.055</span>", "<span data-toggle='tooltip' data-placement='right' title='原始值：1.765'>1.76</span>", "<span data-toggle='tooltip' data-placement='right' title='原始值：0.00131'>0.001</span>", "<span data-toggle='tooltip' data-placement='right' title='原始值：1853216'>1853216</span>", "正常"], ["山东省", "黄河流域", "<span data-toggle='tooltip' data-placement='right' title='所在地市:济南市&#10;所属河流:黄河'>泺口</span>", "03-22 08:00", "Ⅱ", "<span data-toggle='tooltip' data-placement='right' title='原始值：9.37817'>9.4</span>", "<span data-toggle='tooltip' data-placement='right' title='原始值：8.48341'>8.48</span>", "<span data-toggle='tooltip' data-placement='right' title='原始值：10.8256'>10.83</span>", "<span data-toggle='tooltip' data-placement='right' title='原始值：1052.11'>1052.1</span>", "<span data-toggle='tooltip' data-placement='right' title='原始值：550.679'>550.7</span>", "<span data-toggle='tooltip' data-placement='right' title='原始值：2.43'>2.43</span>", "<span data-toggle='tooltip' data-placement='right' title='原始值：0.12543'>0.125</span>", "<span data-toggle='tooltip' data-placement='right' title='原始值：0.00425'>0.004</span>", "<span data-toggle='tooltip' data-placement='right' title='原始值：4.363'>4.36</span>", "*", "*", "正常"], ["山东省", "淮河流域", "<span data-toggle='tooltip' data-placement='right' title='所在地市:枣庄市&#10;所属河流:京杭大运河（韩庄运河）'>台儿庄大桥</span>", "03-22 08:00", "Ⅲ", "<span data-toggle='tooltip' data-placement='right' title='原始值：11.53002'>11.5</span>", "<span data-toggle='tooltip' data-placement='right' title='原始值：8.02483'>8.02</span>", "<span data-toggle='tooltip' data-placement='right' title='原始值：10.22744'>10.23</span>", "<span data-toggle='tooltip' data-placement='right' title='原始值：747.5026'>747.5</span>", "<span data-toggle='tooltip' data-placement='right' title='原始值：16.99232'>17.0</span>", "<span data-toggle='tooltip' data-placement='right' title='原始值：4.1733'>4.17</span>", "<span data-toggle='tooltip' data-placement='right' title='原始值：0.08675'>0.087</span>", "<span data-toggle='tooltip' data-placement='right' title='原始值：0.07823'>0.078</span>", "<span data-toggle='tooltip' data-placement='right' title='原始值：2.24081'>2.24</span>", "*", "*", "正常"], ["山东省", "淮河流域", "<span data-toggle='tooltip' data-placement='right' title='所在地市:临沂市&#10;所属河流:沭河'>清泉寺</span>", "03-22 08:00", "Ⅲ", "<span data-toggle='tooltip' data-placement='right' title='原始值：16.05965'>16.1</span>", "<span data-toggle='tooltip' data-placement='right' title='原始值：7.44243'>7.44</span>", "<span data-toggle='tooltip' data-placement='right' title='原始值：7.85213'>7.85</span>", "<span data-toggle='tooltip' data-placement='right' title='原始值：1126.547'>1126.5</span>", "<span data-toggle='tooltip' data-placement='right' title='原始值：37.60128'>37.6</span>", "<span data-toggle='tooltip' data-placement='right' title='原始值：5.87'>5.87</span>", "<span data-toggle='tooltip' data-placement='right' title='原始值：0.21'>0.210</span>", "*", "*", "*", "*", "正常"], ["山东省", "淮河流域", "<span data-toggle='tooltip' data-placement='right' title='所在地市:临沂市&#10;所属河流:沂河'>重坊桥</span>", null, "", "--", "--", "--", "--", "--", "--", "--", "--", "--", "*", "*", "停站"], ["山东省", "淮河流域", "<span data-toggle='tooltip' data-placement='right' title='所在地市:临沂市&#10;所属河流:白马河'>捷庄(涝沟桥)</span>", "03-22 08:00", "Ⅲ", "<span data-toggle='tooltip' data-placement='right' title='原始值：11.3'>11.3</span>", "<span data-toggle='tooltip' data-placement='right' title='原始值：7.86969'>7.87</span>", "<span data-toggle='tooltip' data-placement='right' title='原始值：14.09615'>14.10</span>", "<span data-toggle='tooltip' data-placement='right' title='原始值：920.0313'>920.0</span>", "<span data-toggle='tooltip' data-placement='right' title='原始值：25.99971'>26.0</span>", "<span data-toggle='tooltip' data-placement='right' title='原始值：5.78'>5.78</span>", "<span data-toggle='tooltip' data-placement='right' title='原始值：0.06574'>0.066</span>", "<span data-toggle='tooltip' data-placement='right' title='原始值：0.05467'>0.055</span>", "<span data-toggle='tooltip' data-placement='right' title='原始值：7.75049'>7.75</span>", "*", "*", "正常"], ["山东省", "海河流域", "<span data-toggle='tooltip' data-placement='right' title='所在地市:聊城市&#10;所属河流:卫运河'>秤勾湾(秤钩湾)</span>", null, "", "--", "--", "--", "--", "--", "--", "--", "--", "--", "*", "*", "停站"], ["河南省", "长江流域", "<span data-toggle='tooltip' data-placement='right' title='所在地市:南阳市&#10;所属河流:丹江口水库'>陶岔</span>", "03-22 08:00", "Ⅱ", "<span data-toggle='tooltip' data-placement='right' title='原始值：16.93'>16.9</span>", "<span data-toggle='tooltip' data-placement='right' title='原始值：7.85974'>7.86</span>", "<span data-toggle='tooltip' data-placement='right' title='原始值：8.8443'>8.84</span>", "<span data-toggle='tooltip' data-placement='right' title='原始值：271.935'>271.9</span>", "<span data-toggle='tooltip' data-placement='right' title='原始值：3.82041'>3.8</span>", "<span data-toggle='tooltip' data-placement='right' title='原始值：2.33'>2.33</span>", "<span data-toggle='tooltip' data-placement='right' title='原始值：0.0303'>0.030</span>", "<span data-toggle='tooltip' data-placement='right' title='原始值：0.01044'>0.010</span>", "<span data-toggle='tooltip' data-placement='right' title='原始值：1.07861'>1.08</span>", "<span data-toggle='tooltip' data-placement='right' title='原始值：0.0044'>0.004</span>", "<span data-toggle='tooltip' data-placement='right' title='原始值：328341.2'>328341</span>", "正常"], ["河南省", "淮河流域", "<span data-toggle='tooltip' data-placement='right' title='所在地市:商丘市&#10;所属河流:浍河'>黄口</span>", "03-22 08:00", "Ⅲ", "<span data-toggle='tooltip' data-placement='right' title='原始值：11.3001'>11.3</span>", "<span data-toggle='tooltip' data-placement='right' title='原始值：8.05031'>8.05</span>", "<span data-toggle='tooltip' data-placement='right' title='原始值：8.59999'>8.60</span>", "<span data-toggle='tooltip' data-placement='right' title='原始值：1823.999'>1824.0</span>", "<span data-toggle='tooltip' data-placement='right' title='原始值：43.00467'>43.0</span>", "<span data-toggle='tooltip' data-placement='right' title='原始值：5.02'>5.02</span>", "<span data-toggle='tooltip' data-placement='right' title='原始值：0.11033'>0.110</span>", "<span data-toggle='tooltip' data-placement='right' title='原始值：0.1259'>0.126</span>", "<span data-toggle='tooltip' data-placement='right' title='原始值：2.17859'>2.18</span>", "*", "*", "正常"], ["河南省", "淮河流域", "<span data-toggle='tooltip' data-placement='right' title='所在地市:信阳市&#10;所属河流:史灌河'>蒋集</span>", null, "", "--", "--", "--", "--", "--", "--", "--", "--", "--", "*", "*", "停站"], ["河南省", "淮河流域", "<span data-toggle='tooltip' data-placement='right' title='所在地市:信阳市&#10;所属河流:淮河'>息县大埠口</span>", null, "", "*", "--", "*", "*", "*", "*", "*", "*", "*", "*", "*", "维护"], ["河南省", "淮河流域", "<span data-toggle='tooltip' data-placement='right' title='所在地市:信阳市&#10;所属河流:淮河'>淮滨水文站(淮滨)</span>", "03-22 08:00", "Ⅲ", "<span data-toggle='tooltip' data-placement='right' title='原始值：13.2'>13.2</span>", "<span data-toggle='tooltip' data-placement='right' title='原始值：7.12'>7.12</span>", "<span data-toggle='tooltip' data-placement='right' title='原始值：9.47'>9.47</span>", "<span data-toggle='tooltip' data-placement='right' title='原始值：274'>274.0</span>", "<span data-toggle='tooltip' data-placement='right' title='原始值：118.6541'>118.7</span>", "<span data-toggle='tooltip' data-placement='right' title='原始值：3.75132'>3.75</span>", "<span data-toggle='tooltip' data-placement='right' title='原始值：0.47478'>0.475</span>", "<span data-toggle='tooltip' data-placement='right' title='原始值：0.16681'>0.167</span>", "<span data-toggle='tooltip' data-placement='right' title='原始值：1.74826'>1.75</span>", "*", "*", "正常"], ["河南省", "淮河流域", "<span data-toggle='tooltip' data-placement='right' title='所在地市:周口市&#10;所属河流:沙河'>沈丘闸</span>", "03-22 08:00", "Ⅳ", "<span data-toggle='tooltip' data-placement='right' title='原始值：11.74197'>11.7</span>", "<span data-toggle='tooltip' data-placement='right' title='原始值：7.54826'>7.55</span>", "<span data-toggle='tooltip' data-placement='right' title='原始值：7.04701'>7.05</span>", "<span data-toggle='tooltip' data-placement='right' title='原始值：953.4182'>953.4</span>", "<span data-toggle='tooltip' data-placement='right' title='原始值：8.81386'>8.8</span>", "<span data-toggle='tooltip' data-placement='right' title='原始值：3.86'>3.86</span>", "<span data-toggle='tooltip' data-placement='right' title='原始值：1.13'>1.130</span>", "*", "*", "*", "*", "正常"], ["河南省", "淮河流域", "<span data-toggle='tooltip' data-placement='right' title='所在地市:周口市&#10;所属河流:涡河'>鹿邑付桥(鹿邑付桥闸)</span>", "03-22 08:00", "", "<span data-toggle='tooltip' data-placement='right' title='原始值：14.24313'>14.2</span>", "<span data-toggle='tooltip' data-placement='right' title='原始值：8.66963'>8.67</span>", "<span data-toggle='tooltip' data-placement='right' title='原始值：13.41039'>13.41</span>", "<span data-toggle='tooltip' data-placement='right' title='原始值：1550.369'>1550.4</span>", "<span data-toggle='tooltip' data-placement='right' title='原始值：6.22657'>6.2</span>", "<span data-toggle='tooltip' data-placement='right' title='原始值：5.005'>5.00</span>", "<span data-toggle='tooltip' data-placement='right' title='极值过滤'>--</span>", "<span data-toggle='tooltip' data-placement='right' title='原始值：0.0453'>0.045</span>", "<span data-toggle='tooltip' data-placement='right' title='原始值：0.58614'>0.59</span>", "*", "*", "维护"], ["河南省", "淮河流域", "<span data-toggle='tooltip' data-placement='right' title='所在地市:驻马店市&#10;所属河流:洪河'>新蔡班台(班台)</span>", "03-22 08:00", "Ⅲ", "<span data-toggle='tooltip' data-placement='right' title='原始值：17.11543'>17.1</span>", "<span data-toggle='tooltip' data-placement='right' title='原始值：7.34697'>7.35</span>", "<span data-toggle='tooltip' data-placement='right' title='原始值：8.10753'>8.11</span>", "<span data-toggle='tooltip' data-placement='right' title='原始值：549.1401'>549.1</span>", "<span data-toggle='tooltip' data-placement='right' title='原始值：4.96632'>5.0</span>", "<span data-toggle='tooltip' data-placement='right' title='原始值：4.14'>4.14</span>", "<span data-toggle='tooltip' data-placement='right' title='原始值：0.52'>0.520</span>", "<span data-toggle='tooltip' data-placement='right' title='原始值：0.16223'>0.162</span>", "<span data-toggle='tooltip' data-placement='right' title='原始值：3.04528'>3.05</span>", "*", "*", "正常"], ["河南省", "黄河流域", "<span data-toggle='tooltip' data-placement='right' title='所在地市:济源市&#10;所属河流:黄河'>小浪底水库(小浪底)</span>", "03-22 08:00", "Ⅱ", "<span data-toggle='tooltip' data-placement='right' title='原始值：6.24374'>6.2</span>", "<span data-toggle='tooltip' data-placement='right' title='原始值：8.34297'>8.34</span>", "<span data-toggle='tooltip' data-placement='right' title='原始值：16.42928'>16.43</span>", "<span data-toggle='tooltip' data-placement='right' title='原始值：891.7166'>891.7</span>", "<span data-toggle='tooltip' data-placement='right' title='原始值：6.68542'>6.7</span>", "<span data-toggle='tooltip' data-placement='right' title='原始值：1.605'>1.60</span>", "<span data-toggle='tooltip' data-placement='right' title='原始值：0.15'>0.150</span>", "<span data-toggle='tooltip' data-placement='right' title='原始值：0.0545'>0.054</span>", "<span data-toggle='tooltip' data-placement='right' title='原始值：4.1325'>4.13</span>", "*", "*", "正常"], ["湖北省", "长江流域", "<span data-toggle='tooltip' data-placement='right' title='所在地市:武汉市&#10;所属河流:汉江'>宗关</span>", "03-22 08:00", "Ⅱ", "<span data-toggle='tooltip' data-placement='right' title='原始值：13.8'>13.8</span>", "<span data-toggle='tooltip' data-placement='right' title='原始值：7.847612'>7.85</span>", "<span data-toggle='tooltip' data-placement='right' title='原始值：9.645646'>9.65</span>", "<span data-toggle='tooltip' data-placement='right' title='原始值：327.6574'>327.7</span>", "<span data-toggle='tooltip' data-placement='right' title='原始值：11.76579'>11.8</span>", "<span data-toggle='tooltip' data-placement='right' title='原始值：2.12'>2.12</span>", "<span data-toggle='tooltip' data-placement='right' title='原始值：0.093'>0.093</span>", "<span data-toggle='tooltip' data-placement='right' title='原始值：0.043'>0.043</span>", "<span data-toggle='tooltip' data-placement='right' title='原始值：2.255665'>2.26</span>", "<span data-toggle='tooltip' data-placement='right' title='原始值：0.0018828'>0.002</span>", "*", "正常"], ["湖北省", "长江流域", "<span data-toggle='tooltip' data-placement='right' title='所在地市:十堰市&#10;所属河流:丹江口水库'>坝上中(胡家岭)</span>", "03-22 08:00", "Ⅱ", "<span data-toggle='tooltip' data-placement='right' title='原始值：11.48'>11.5</span>", "<span data-toggle='tooltip' data-placement='right' title='原始值：8.07093'>8.07</span>", "<span data-toggle='tooltip' data-placement='right' title='原始值：10.34988'>10.35</span>", "<span data-toggle='tooltip' data-placement='right' title='原始值：244.018'>244.0</span>", "<span data-toggle='tooltip' data-placement='right' title='原始值：2.293178'>2.3</span>", "<span data-toggle='tooltip' data-placement='right' title='原始值：2.3'>2.30</span>", "<span data-toggle='tooltip' data-placement='right' title='原始值：0.081'>0.081</span>", "<span data-toggle='tooltip' data-placement='right' title='原始值：0.013'>0.013</span>", "<span data-toggle='tooltip' data-placement='right' title='原始值：1.357'>1.36</span>", "<span data-toggle='tooltip' data-placement='right' title='原始值：0.0053494'>0.005</span>", "<span data-toggle='tooltip' data-placement='right' title='原始值：6945000'>6945000</span>", "正常"], ["湖北省", "长江流域", "<span data-toggle='tooltip' data-placement='right' title='所在地市:宜昌市&#10;所属河流:长江'>南津关</span>", "03-22 08:00", "Ⅱ", "<span data-toggle='tooltip' data-placement='right' title='原始值：13.28'>13.3</span>", "<span data-toggle='tooltip' data-placement='right' title='原始值：7.909707'>7.91</span>", "<span data-toggle='tooltip' data-placement='right' title='原始值：9.155226'>9.16</span>", "<span data-toggle='tooltip' data-placement='right' title='原始值：431.491'>431.5</span>", "<span data-toggle='tooltip' data-placement='right' title='原始值：1.623869'>1.6</span>", "<span data-toggle='tooltip' data-placement='right' title='原始值：1.05'>1.05</span>", "<span data-toggle='tooltip' data-placement='right' title='原始值：0.055'>0.055</span>", "<span data-toggle='tooltip' data-placement='right' title='原始值：0.052'>0.052</span>", "<span data-toggle='tooltip' data-placement='right' title='原始值：1.651'>1.65</span>", "<span data-toggle='tooltip' data-placement='right' title='原始值：0.0090254'>0.009</span>", "*", "正常"], ["湖南省", "长江流域", "<span data-toggle='tooltip' data-placement='right' title='所在地市:长沙市&#10;所属河流:湘江'>新港</span>", "03-22 08:00", "Ⅱ", "<span data-toggle='tooltip' data-placement='right' title='原始值：14.56'>14.6</span>", "<span data-toggle='tooltip' data-placement='right' title='原始值：7.2'>7.20</span>", "<span data-toggle='tooltip' data-placement='right' title='原始值：8.38'>8.38</span>", "<span data-toggle='tooltip' data-placement='right' title='原始值：236.91'>236.9</span>", "<span data-toggle='tooltip' data-placement='right' title='原始值：36.06'>36.1</span>", "<span data-toggle='tooltip' data-placement='right' title='原始值：2.27'>2.27</span>", "<span data-toggle='tooltip' data-placement='right' title='原始值：0.18'>0.180</span>", "<span data-toggle='tooltip' data-placement='right' title='原始值：0.063'>0.063</span>", "<span data-toggle='tooltip' data-placement='right' title='原始值：2.02'>2.02</span>", "*", "*", "正常"], ["湖南省", "长江流域", "<span data-toggle='tooltip' data-placement='right' title='所在地市:岳阳市&#10;所属河流:洞庭湖'>岳阳楼</span>", "03-22 08:00", "Ⅴ", "<span data-toggle='tooltip' data-placement='right' title='原始值：12.43'>12.4</span>", "<span data-toggle='tooltip' data-placement='right' title='原始值：7.926881'>7.93</span>", "<span data-toggle='tooltip' data-placement='right' title='原始值：8.15945'>8.16</span>", "<span data-toggle='tooltip' data-placement='right' title='原始值：246.2744'>246.3</span>", "<span data-toggle='tooltip' data-placement='right' title='原始值：54.43629'>54.4</span>", "<span data-toggle='tooltip' data-placement='right' title='原始值：1.62'>1.62</span>", "<span data-toggle='tooltip' data-placement='right' title='原始值：0.019'>0.019</span>", "<span data-toggle='tooltip' data-placement='right' title='原始值：0.118'>0.118</span>", "<span data-toggle='tooltip' data-placement='right' title='原始值：2.946'>2.95</span>", "<span data-toggle='tooltip' data-placement='right' title='原始值：0.0028437'>0.003</span>", "<span data-toggle='tooltip' data-placement='right' title='原始值：293.999'>294</span>", "正常"], ["湖南省", "长江流域", "<span data-toggle='tooltip' data-placement='right' title='所在地市:岳阳市&#10;所属河流:长江'>城陵矶</span>", "03-22 08:00", "Ⅲ", "<span data-toggle='tooltip' data-placement='right' title='原始值：13.1'>13.1</span>", "<span data-toggle='tooltip' data-placement='right' title='原始值：7.600355'>7.60</span>", "<span data-toggle='tooltip' data-placement='right' title='原始值：10.07116'>10.07</span>", "<span data-toggle='tooltip' data-placement='right' title='原始值：245.9'>245.9</span>", "<span data-toggle='tooltip' data-placement='right' title='原始值：67.05513'>67.1</span>", "<span data-toggle='tooltip' data-placement='right' title='原始值：2.23'>2.23</span>", "<span data-toggle='tooltip' data-placement='right' title='原始值：0.011'>0.011</span>", "<span data-toggle='tooltip' data-placement='right' title='原始值：0.113'>0.113</span>", "<span data-toggle='tooltip' data-placement='right' title='原始值：1.8462'>1.85</span>", "*", "*", "正常"], ["广东省", "珠江流域", "<span data-toggle='tooltip' data-placement='right' title='所在地市:清远市&#10;所属河流:北江'>七星岗</span>", "03-22 08:00", "Ⅱ", "<span data-toggle='tooltip' data-placement='right' title='原始值：20.18727'>20.2</span>", "<span data-toggle='tooltip' data-placement='right' title='原始值：7.36314'>7.36</span>", "<span data-toggle='tooltip' data-placement='right' title='原始值：8.09772'>8.10</span>", "<span data-toggle='tooltip' data-placement='right' title='原始值：288.1864'>288.2</span>", "<span data-toggle='tooltip' data-placement='right' title='原始值：13.20255'>13.2</span>", "<span data-toggle='tooltip' data-placement='right' title='原始值：1.92'>1.92</span>", "<span data-toggle='tooltip' data-placement='right' title='原始值：0.08286'>0.083</span>", "<span data-toggle='tooltip' data-placement='right' title='原始值：0.03797'>0.038</span>", "<span data-toggle='tooltip' data-placement='right' title='原始值：1.903'>1.90</span>", "*", "*", "正常"], ["广东省", "珠江流域", "<span data-toggle='tooltip' data-placement='right' title='所在地市:中山市&#10;所属河流:西江'>横栏</span>", "03-22 08:00", "Ⅰ", "<span data-toggle='tooltip' data-placement='right' title='原始值：21.1'>21.1</span>", "<span data-toggle='tooltip' data-placement='right' title='原始值：7.69'>7.69</span>", "<span data-toggle='tooltip' data-placement='right' title='原始值：7.88'>7.88</span>", "<span data-toggle='tooltip' data-placement='right' title='原始值：302'>302.0</span>", "<span data-toggle='tooltip' data-placement='right' title='原始值：2.3'>2.3</span>", "<span data-toggle='tooltip' data-placement='right' title='原始值：1.59'>1.59</span>", "<span data-toggle='tooltip' data-placement='right' title='原始值：0.10214'>0.102</span>", "*", "*", "*", "*", "正常"], ["广西壮族自治区", "珠江流域", "<span data-toggle='tooltip' data-placement='right' title='所在地市:南宁市&#10;所属河流:邕江'>老口</span>", "03-22 08:00", "Ⅱ", "<span data-toggle='tooltip' data-placement='right' title='原始值：21.14317'>21.1</span>", "<span data-toggle='tooltip' data-placement='right' title='原始值：7.59497'>7.59</span>", "<span data-toggle='tooltip' data-placement='right' title='原始值：8.14535'>8.15</span>", "<span data-toggle='tooltip' data-placement='right' title='原始值：268.5736'>268.6</span>", "<span data-toggle='tooltip' data-placement='right' title='原始值：3.78644'>3.8</span>", "<span data-toggle='tooltip' data-placement='right' title='原始值：1.8494'>1.85</span>", "<span data-toggle='tooltip' data-placement='right' title='原始值：0.10391'>0.104</span>", "<span data-toggle='tooltip' data-placement='right' title='原始值：0.0364'>0.036</span>", "<span data-toggle='tooltip' data-placement='right' title='原始值：1.40871'>1.41</span>", "*", "*", "正常"], ["广西壮族自治区", "珠江流域", "<span data-toggle='tooltip' data-placement='right' title='所在地市:桂林市&#10;所属河流:漓江'>阳朔</span>", "03-22 08:00", "Ⅱ", "<span data-toggle='tooltip' data-placement='right' title='原始值：16.2'>16.2</span>", "<span data-toggle='tooltip' data-placement='right' title='原始值：7.46'>7.46</span>", "<span data-toggle='tooltip' data-placement='right' title='原始值：9.428'>9.43</span>", "<span data-toggle='tooltip' data-placement='right' title='原始值：153.137'>153.1</span>", "<span data-toggle='tooltip' data-placement='right' title='原始值：3.962'>4.0</span>", "<span data-toggle='tooltip' data-placement='right' title='原始值：0.994'>0.99</span>", "<span data-toggle='tooltip' data-placement='right' title='原始值：0.023'>0.023</span>", "<span data-toggle='tooltip' data-placement='right' title='原始值：0.049'>0.049</span>", "<span data-toggle='tooltip' data-placement='right' title='原始值：1.953'>1.95</span>", "*", "*", "正常"], ["广西壮族自治区", "珠江流域", "<span data-toggle='tooltip' data-placement='right' title='所在地市:梧州市&#10;所属河流:浔江'>界首</span>", null, "", "--", "--", "--", "--", "--", "--", "--", "--", "--", "*", "*", "停站"], ["广西壮族自治区", "珠江流域", "<span data-toggle='tooltip' data-placement='right' title='所在地市:贵港市&#10;所属河流:浔江'>石嘴</span>", "03-22 08:00", "", "<span data-toggle='tooltip' data-placement='right' title='原始值：19.93989'>19.9</span>", "<span data-toggle='tooltip' data-placement='right' title='原始值：7.82037'>7.82</span>", "<span data-toggle='tooltip' data-placement='right' title='原始值：9.07122'>9.07</span>", "<span data-toggle='tooltip' data-placement='right' title='原始值：239.4495'>239.4</span>", "<span data-toggle='tooltip' data-placement='right' title='原始值：8.47817'>8.5</span>", "<span data-toggle='tooltip' data-placement='right' title='原始值：0.97'>0.97</span>", "<span data-toggle='tooltip' data-placement='right' title='极值过滤'>--</span>", "<span data-toggle='tooltip' data-placement='right' title='原始值：0.03395'>0.034</span>", "<span data-toggle='tooltip' data-placement='right' title='原始值：2.3263'>2.33</span>", "*", "*", "维护"], ["广西壮族自治区", "珠江流域", "<span data-toggle='tooltip' data-placement='right' title='所在地市:崇左市&#10;所属河流:平而河'>平而关</span>", "03-22 08:00", "Ⅰ", "<span data-toggle='tooltip' data-placement='right' title='原始值：21.29899'>21.3</span>", "<span data-toggle='tooltip' data-placement='right' title='原始值：7.85435'>7.85</span>", "<span data-toggle='tooltip' data-placement='right' title='原始值：7.90073'>7.90</span>", "<span data-toggle='tooltip' data-placement='right' title='原始值：262.1219'>262.1</span>", "<span data-toggle='tooltip' data-placement='right' title='原始值：22.72389'>22.7</span>", "<span data-toggle='tooltip' data-placement='right' title='原始值：1.32'>1.32</span>", "<span data-toggle='tooltip' data-placement='right' title='原始值：0.04'>0.040</span>", "*", "*", "*", "*", "正常"], ["重庆市", "长江流域", "<span data-toggle='tooltip' data-placement='right' title='所在地市:永川区&#10;所属河流:长江'>朱沱</span>", "03-22 08:00", "Ⅱ", "<span data-toggle='tooltip' data-placement='right' title='原始值：14.22'>14.2</span>", "<span data-toggle='tooltip' data-placement='right' title='原始值：7.72'>7.72</span>", "<span data-toggle='tooltip' data-placement='right' title='原始值：10.69'>10.69</span>", "<span data-toggle='tooltip' data-placement='right' title='原始值：435.44'>435.4</span>", "<span data-toggle='tooltip' data-placement='right' title='原始值：88.8'>88.8</span>", "<span data-toggle='tooltip' data-placement='right' title='原始值：1.483'>1.48</span>", "<span data-toggle='tooltip' data-placement='right' title='原始值：0.028'>0.028</span>", "<span data-toggle='tooltip' data-placement='right' title='原始值：0.086'>0.086</span>", "<span data-toggle='tooltip' data-placement='right' title='原始值：1.636'>1.64</span>", "*", "*", "正常"], ["四川省", "长江流域", "<span data-toggle='tooltip' data-placement='right' title='所在地市:攀枝花市&#10;所属河流:金沙江'>龙洞</span>", "03-22 08:00", "Ⅰ", "<span data-toggle='tooltip' data-placement='right' title='原始值：13.67'>13.7</span>", "<span data-toggle='tooltip' data-placement='right' title='原始值：8.294344'>8.29</span>", "<span data-toggle='tooltip' data-placement='right' title='原始值：9.061555'>9.06</span>", "<span data-toggle='tooltip' data-placement='right' title='原始值：737.588'>737.6</span>", "<span data-toggle='tooltip' data-placement='right' title='原始值：4.013506'>4.0</span>", "<span data-toggle='tooltip' data-placement='right' title='原始值：0.82'>0.82</span>", "<span data-toggle='tooltip' data-placement='right' title='原始值：0.011'>0.011</span>", "<span data-toggle='tooltip' data-placement='right' title='原始值：0.001523'>0.002</span>", "<span data-toggle='tooltip' data-placement='right' title='原始值：0.803408'>0.80</span>", "*", "*", "正常"], ["四川省", "长江流域", "<span data-toggle='tooltip' data-placement='right' title='所在地市:泸州市&#10;所属河流:沱江'>沱江大桥(沱江二桥)</span>", "03-22 08:00", "Ⅲ", "<span data-toggle='tooltip' data-placement='right' title='原始值：17.97'>18.0</span>", "<span data-toggle='tooltip' data-placement='right' title='原始值：8.115835'>8.12</span>", "<span data-toggle='tooltip' data-placement='right' title='原始值：8.245005'>8.25</span>", "<span data-toggle='tooltip' data-placement='right' title='原始值：648.7366'>648.7</span>", "<span data-toggle='tooltip' data-placement='right' title='原始值：10.69373'>10.7</span>", "<span data-toggle='tooltip' data-placement='right' title='原始值：2.09'>2.09</span>", "<span data-toggle='tooltip' data-placement='right' title='原始值：0.004'>0.004</span>", "<span data-toggle='tooltip' data-placement='right' title='原始值：0.114743'>0.115</span>", "<span data-toggle='tooltip' data-placement='right' title='原始值：3.893634'>3.89</span>", "*", "*", "正常"], ["四川省", "长江流域", "<span data-toggle='tooltip' data-placement='right' title='所在地市:广元市&#10;所属河流:嘉陵江'>清风峡</span>", "03-22 08:00", "Ⅰ", "<span data-toggle='tooltip' data-placement='right' title='原始值：12'>12.0</span>", "<span data-toggle='tooltip' data-placement='right' title='原始值：8.22999'>8.23</span>", "<span data-toggle='tooltip' data-placement='right' title='原始值：10.77445'>10.77</span>", "<span data-toggle='tooltip' data-placement='right' title='原始值：404.0741'>404.1</span>", "<span data-toggle='tooltip' data-placement='right' title='原始值：30.98148'>31.0</span>", "<span data-toggle='tooltip' data-placement='right' title='原始值：0.41'>0.41</span>", "<span data-toggle='tooltip' data-placement='right' title='原始值：0.13501'>0.135</span>", "*", "*", "*", "*", "正常"], ["四川省", "长江流域", "<span data-toggle='tooltip' data-placement='right' title='所在地市:乐山市&#10;所属河流:岷江'>岷江大桥</span>", null, "", "--", "--", "--", "--", "--", "--", "--", "--", "--", "*", "*", "停站"], ["四川省", "长江流域", "<span data-toggle='tooltip' data-placement='right' title='所在地市:宜宾市&#10;所属河流:岷江'>凉姜沟</span>", "03-22 08:00", "Ⅲ", "<span data-toggle='tooltip' data-placement='right' title='原始值：15.24'>15.2</span>", "<span data-toggle='tooltip' data-placement='right' title='原始值：8.031826'>8.03</span>", "<span data-toggle='tooltip' data-placement='right' title='原始值：8.749873'>8.75</span>", "<span data-toggle='tooltip' data-placement='right' title='原始值：359.4546'>359.5</span>", "<span data-toggle='tooltip' data-placement='right' title='原始值：21.65758'>21.7</span>", "<span data-toggle='tooltip' data-placement='right' title='原始值：1.76'>1.76</span>", "<span data-toggle='tooltip' data-placement='right' title='原始值：0.271'>0.271</span>", "<span data-toggle='tooltip' data-placement='right' title='原始值：0.115881'>0.116</span>", "<span data-toggle='tooltip' data-placement='right' title='原始值：2.376547'>2.38</span>", "*", "*", "正常"], ["云南省", "滇池流域", "<span data-toggle='tooltip' data-placement='right' title='所在地市:昆明市&#10;所属河流:滇池'>西苑隧道</span>", "03-22 08:00", "Ⅴ", "<span data-toggle='tooltip' data-placement='right' title='原始值：16.29'>16.3</span>", "<span data-toggle='tooltip' data-placement='right' title='原始值：8.16193'>8.16</span>", "<span data-toggle='tooltip' data-placement='right' title='原始值：7.969'>7.97</span>", "<span data-toggle='tooltip' data-placement='right' title='原始值：729.014'>729.0</span>", "<span data-toggle='tooltip' data-placement='right' title='原始值：16.754'>16.8</span>", "<span data-toggle='tooltip' data-placement='right' title='原始值：7.61823'>7.62</span>", "<span data-toggle='tooltip' data-placement='right' title='原始值：0.03107'>0.031</span>", "<span data-toggle='tooltip' data-placement='right' title='原始值：0.10683'>0.107</span>", "<span data-toggle='tooltip' data-placement='right' title='原始值：4.03195'>4.03</span>", "<span data-toggle='tooltip' data-placement='right' title='原始值：0.03516'>0.035</span>", "<span data-toggle='tooltip' data-placement='right' title='原始值：2.828803E+07'>28288030</span>", "正常"], ["云南省", "滇池流域", "<span data-toggle='tooltip' data-placement='right' title='所在地市:昆明市&#10;所属河流:滇池'>观音山</span>", "03-22 08:00", "", "<span data-toggle='tooltip' data-placement='right' title='原始值：14.91223'>14.9</span>", "<span data-toggle='tooltip' data-placement='right' title='原始值：8.71841'>8.72</span>", "<span data-toggle='tooltip' data-placement='right' title='原始值：8.041'>8.04</span>", "<span data-toggle='tooltip' data-placement='right' title='原始值：440.189'>440.2</span>", "<span data-toggle='tooltip' data-placement='right' title='原始值：67.626'>67.6</span>", "<span data-toggle='tooltip' data-placement='right' title='原始值：8.71707'>8.72</span>", "<span data-toggle='tooltip' data-placement='right' title='极值过滤'>--</span>", "<span data-toggle='tooltip' data-placement='right' title='原始值：0.2'>0.200</span>", "<span data-toggle='tooltip' data-placement='right' title='原始值：1.733'>1.73</span>", "<span data-toggle='tooltip' data-placement='right' title='原始值：0.01342'>0.013</span>", "<span data-toggle='tooltip' data-placement='right' title='原始值：4.708E+07'>47080000</span>", "维护"], ["云南省", "西南诸河", "<span data-toggle='tooltip' data-placement='right' title='所在地市:红河哈尼族彝族自治州&#10;所属河流:红河'>河口县医院(河口)</span>", "03-22 08:00", "Ⅱ", "<span data-toggle='tooltip' data-placement='right' title='原始值：21.72904'>21.7</span>", "<span data-toggle='tooltip' data-placement='right' title='原始值：7.67961'>7.68</span>", "<span data-toggle='tooltip' data-placement='right' title='原始值：7.66305'>7.66</span>", "<span data-toggle='tooltip' data-placement='right' title='原始值：282.7499'>282.7</span>", "<span data-toggle='tooltip' data-placement='right' title='原始值：138.6283'>138.6</span>", "<span data-toggle='tooltip' data-placement='right' title='原始值：1.32059'>1.32</span>", "<span data-toggle='tooltip' data-placement='right' title='原始值：0.16985'>0.170</span>", "<span data-toggle='tooltip' data-placement='right' title='原始值：0.08436'>0.084</span>", "<span data-toggle='tooltip' data-placement='right' title='原始值：1.44544'>1.45</span>", "*", "*", "正常"], ["云南省", "西南诸河", "<span data-toggle='tooltip' data-placement='right' title='所在地市:西双版纳傣族自治州&#10;所属河流:澜沧江'>橄榄坝</span>", "03-22 08:00", "Ⅱ", "<span data-toggle='tooltip' data-placement='right' title='原始值：19.752'>19.8</span>", "<span data-toggle='tooltip' data-placement='right' title='原始值：7.989'>7.99</span>", "<span data-toggle='tooltip' data-placement='right' title='原始值：6.636'>6.64</span>", "<span data-toggle='tooltip' data-placement='right' title='原始值：523.945'>523.9</span>", "<span data-toggle='tooltip' data-placement='right' title='原始值：4.21'>4.2</span>", "<span data-toggle='tooltip' data-placement='right' title='原始值：0.801'>0.80</span>", "<span data-toggle='tooltip' data-placement='right' title='原始值：0.045'>0.045</span>", "*", "*", "*", "*", "正常"], ["陕西省", "黄河流域", "<span data-toggle='tooltip' data-placement='right' title='所在地市:渭南市&#10;所属河流:渭河'>潼关吊桥</span>", "03-22 08:00", "Ⅱ", "<span data-toggle='tooltip' data-placement='right' title='原始值：11.60003'>11.6</span>", "<span data-toggle='tooltip' data-placement='right' title='原始值：8.245'>8.24</span>", "<span data-toggle='tooltip' data-placement='right' title='原始值：8.87984'>8.88</span>", "<span data-toggle='tooltip' data-placement='right' title='原始值：1334.985'>1335.0</span>", "<span data-toggle='tooltip' data-placement='right' title='原始值：159.5861'>159.6</span>", "<span data-toggle='tooltip' data-placement='right' title='原始值：2.81'>2.81</span>", "<span data-toggle='tooltip' data-placement='right' title='原始值：0.12'>0.120</span>", "<span data-toggle='tooltip' data-placement='right' title='原始值：0.08396'>0.084</span>", "<span data-toggle='tooltip' data-placement='right' title='原始值：8.10321'>8.10</span>", "*", "*", "正常"]]}