{"result": 1, "total": 2, "records": 100, "thead": ["省份", "流域", "断面名称", "监测时间", "水质类别", "水温<br/><span class='unit'>(℃)</span>", "pH<br/><span class='unit'>(无量纲)</span>", "溶解氧<br/><span class='unit'>(mg/L)</span>", "电导率<br/><span class='unit'>(μS/cm)</span>", "浊度<br/><span class='unit'>(NTU)</span>", "高锰酸盐指数<br/><span class='unit'>(mg/L)</span>", "氨氮<br/><span class='unit'>(mg/L)</span>", "总磷<br/><span class='unit'>(mg/L)</span>", "总氮<br/><span class='unit'>(mg/L)</span>", "叶绿素α<br/><span class='unit'>(mg/L)</span>", "藻密度<br/><span class='unit'>(cells/L)</span>", "站点情况"], "tbody": [["北京市", "海河流域", "<span data-toggle='tooltip' data-placement='right' title='所在地市:门头沟区&#10;所属河流:永定河'>沿河城</span>", null, "", "--", "--", "--", "--", "--", "--", "--", "--", "--", "*", "*", "停站"], ["北京市", "淮河流域", "<span data-toggle='tooltip' data-placement='right' title='所在地市:房山区&#10;所属河流:小清河'>八间房漫水桥</span>", "03-24 08:00", "Ⅲ", "<span data-toggle='tooltip' data-placement='right' title='原始值：11.1'>11.1</span>", "<span data-toggle='tooltip' data-placement='right' title='原始值：7.88'>7.88</span>", "<span data-toggle='tooltip' data-placement='right' title='原始值：10.2'>10.20</span>", "<span data-toggle='tooltip' data-placement='right' title='原始值：1150.4'>1150.4</span>", "<span data-toggle='tooltip' data-placement='right' title='原始值：4.22'>4.2</span>", "<span data-toggle='tooltip' data-placement='right' title='原始值：4.151'>4.15</span>", "<span data-toggle='tooltip' data-placement='right' title='原始值：0.001'>0.001</span>", "<span data-toggle='tooltip' data-placement='right' title='原始值：0.041'>0.041</span>", "<span data-toggle='tooltip' data-placement='right' title='原始值：4.06'>4.06</span>", "*", "*", "正常"], ["北京市", "海河流域", "<span data-toggle='tooltip' data-placement='right' title='所在地市:密云区&#10;所属河流:潮河'>古北口</span>", null, "", "--", "--", "--", "--", "--", "--", "--", "--", "--", "*", "*", "停站"], ["天津市", "海河流域", "<span data-toggle='tooltip' data-placement='right' title='所在地市:河北区&#10;所属河流:海河'>三岔口</span>", "03-24 08:00", "Ⅱ", "<span data-toggle='tooltip' data-placement='right' title='原始值：10.85'>10.8</span>", "<span data-toggle='tooltip' data-placement='right' title='原始值：7.9131'>7.91</span>", "<span data-toggle='tooltip' data-placement='right' title='原始值：9.063'>9.06</span>", "<span data-toggle='tooltip' data-placement='right' title='原始值：637.0139'>637.0</span>", "<span data-toggle='tooltip' data-placement='right' title='原始值：12.116'>12.1</span>", "<span data-toggle='tooltip' data-placement='right' title='原始值：1.93'>1.93</span>", "<span data-toggle='tooltip' data-placement='right' title='原始值：0.26'>0.260</span>", "<span data-toggle='tooltip' data-placement='right' title='原始值：0.0264'>0.026</span>", "<span data-toggle='tooltip' data-placement='right' title='原始值：0.9723'>0.97</span>", "*", "*", "正常"], ["天津市", "海河流域", "<span data-toggle='tooltip' data-placement='right' title='所在地市:蓟州区&#10;所属河流:果河'>果河桥</span>", "03-24 08:00", "Ⅱ", "<span data-toggle='tooltip' data-placement='right' title='原始值：10.9'>10.9</span>", "<span data-toggle='tooltip' data-placement='right' title='原始值：8.46'>8.46</span>", "<span data-toggle='tooltip' data-placement='right' title='原始值：10.402'>10.40</span>", "<span data-toggle='tooltip' data-placement='right' title='原始值：770.413'>770.4</span>", "<span data-toggle='tooltip' data-placement='right' title='原始值：6.7'>6.7</span>", "<span data-toggle='tooltip' data-placement='right' title='原始值：2.0053'>2.01</span>", "<span data-toggle='tooltip' data-placement='right' title='原始值：0.12'>0.120</span>", "<span data-toggle='tooltip' data-placement='right' title='原始值：0.048'>0.048</span>", "<span data-toggle='tooltip' data-placement='right' title='原始值：9.968'>9.97</span>", "*", "*", "正常"], ["河北省", "海河流域", "<span data-toggle='tooltip' data-placement='right' title='所在地市:石家庄市&#10;所属河流:滹沱河'>岗南水库</span>", "03-24 08:00", "Ⅱ", "<span data-toggle='tooltip' data-placement='right' title='原始值：11.69936'>11.7</span>", "<span data-toggle='tooltip' data-placement='right' title='原始值：8.79865'>8.80</span>", "<span data-toggle='tooltip' data-placement='right' title='原始值：14.394'>14.39</span>", "<span data-toggle='tooltip' data-placement='right' title='原始值：525.99'>526.0</span>", "<span data-toggle='tooltip' data-placement='right' title='原始值：4.06896'>4.1</span>", "<span data-toggle='tooltip' data-placement='right' title='原始值：2.35785'>2.36</span>", "<span data-toggle='tooltip' data-placement='right' title='原始值：0.09'>0.090</span>", "<span data-toggle='tooltip' data-placement='right' title='原始值：0.00551'>0.006</span>", "<span data-toggle='tooltip' data-placement='right' title='原始值：2.49725'>2.50</span>", "*", "*", "正常"], ["河北省", "海河流域", "<span data-toggle='tooltip' data-placement='right' title='所在地市:张家口市&#10;所属河流:永定河'>八号桥</span>", "03-24 04:00", "Ⅲ", "<span data-toggle='tooltip' data-placement='right' title='原始值：9.07985'>9.1</span>", "<span data-toggle='tooltip' data-placement='right' title='原始值：8.42961'>8.43</span>", "<span data-toggle='tooltip' data-placement='right' title='原始值：10.25202'>10.25</span>", "<span data-toggle='tooltip' data-placement='right' title='原始值：1245.506'>1245.5</span>", "<span data-toggle='tooltip' data-placement='right' title='原始值：25.99971'>26.0</span>", "<span data-toggle='tooltip' data-placement='right' title='原始值：4.93'>4.93</span>", "<span data-toggle='tooltip' data-placement='right' title='原始值：0.27'>0.270</span>", "<span data-toggle='tooltip' data-placement='right' title='原始值：0.135'>0.135</span>", "<span data-toggle='tooltip' data-placement='right' title='原始值：6.015'>6.02</span>", "*", "*", "正常"], ["山西省", "黄河流域", "<span data-toggle='tooltip' data-placement='right' title='所在地市:运城市&#10;所属河流:汾河'>河津大桥</span>", null, "", "--", "--", "--", "--", "--", "--", "--", "--", "--", "*", "*", "停站"], ["山西省", "黄河流域", "<span data-toggle='tooltip' data-placement='right' title='所在地市:忻州市&#10;所属河流:黄河'>万家寨水库</span>", null, "", "--", "--", "--", "--", "--", "--", "--", "--", "--", "*", "*", "停站"], ["内蒙古自治区", "黄河流域", "<span data-toggle='tooltip' data-placement='right' title='所在地市:包头市&#10;所属河流:黄河'>画匠营子</span>", "03-24 08:00", "Ⅱ", "<span data-toggle='tooltip' data-placement='right' title='原始值：9.85394'>9.9</span>", "<span data-toggle='tooltip' data-placement='right' title='原始值：8.18865'>8.19</span>", "<span data-toggle='tooltip' data-placement='right' title='原始值：11.0005'>11.00</span>", "<span data-toggle='tooltip' data-placement='right' title='原始值：1378.527'>1378.5</span>", "<span data-toggle='tooltip' data-placement='right' title='原始值：582.9851'>583.0</span>", "<span data-toggle='tooltip' data-placement='right' title='原始值：3.69116'>3.69</span>", "<span data-toggle='tooltip' data-placement='right' title='原始值：0.06334'>0.063</span>", "*", "*", "*", "*", "正常"], ["内蒙古自治区", "黄河流域", "<span data-toggle='tooltip' data-placement='right' title='所在地市:乌海市&#10;所属河流:黄河'>海勃湾</span>", "03-24 08:00", "Ⅲ", "<span data-toggle='tooltip' data-placement='right' title='原始值：9.96472'>10.0</span>", "<span data-toggle='tooltip' data-placement='right' title='原始值：8.21493'>8.21</span>", "<span data-toggle='tooltip' data-placement='right' title='原始值：8.25571'>8.26</span>", "<span data-toggle='tooltip' data-placement='right' title='原始值：1211.886'>1211.9</span>", "<span data-toggle='tooltip' data-placement='right' title='原始值：21.99056'>22.0</span>", "<span data-toggle='tooltip' data-placement='right' title='原始值：4.42'>4.42</span>", "<span data-toggle='tooltip' data-placement='right' title='原始值：0.27'>0.270</span>", "*", "*", "*", "*", "正常"], ["内蒙古自治区", "松花江流域", "<span data-toggle='tooltip' data-placement='right' title='所在地市:呼伦贝尔市&#10;所属河流:额尔古纳河'>黑山头</span>", null, "", "--", "--", "--", "--", "--", "--", "--", "--", "--", "*", "*", "停站"], ["辽宁省", "辽河流域", "<span data-toggle='tooltip' data-placement='right' title='所在地市:抚顺市&#10;所属河流:浑河'>大伙房水库</span>", "03-24 08:00", "Ⅱ", "<span data-toggle='tooltip' data-placement='right' title='原始值：5.60726'>5.6</span>", "<span data-toggle='tooltip' data-placement='right' title='原始值：7.97865'>7.98</span>", "<span data-toggle='tooltip' data-placement='right' title='原始值：11.10668'>11.11</span>", "<span data-toggle='tooltip' data-placement='right' title='原始值：324.4469'>324.4</span>", "<span data-toggle='tooltip' data-placement='right' title='原始值：7.80838'>7.8</span>", "<span data-toggle='tooltip' data-placement='right' title='原始值：2.59716'>2.60</span>", "<span data-toggle='tooltip' data-placement='right' title='原始值：0.24'>0.240</span>", "<span data-toggle='tooltip' data-placement='right' title='原始值：0.01031'>0.010</span>", "<span data-toggle='tooltip' data-placement='right' title='原始值：2.28335'>2.28</span>", "<span data-toggle='tooltip' data-placement='right' title='原始值：0.00616'>0.006</span>", "*", "正常"], ["辽宁省", "辽河流域", "<span data-toggle='tooltip' data-placement='right' title='所在地市:丹东市&#10;所属河流:鸭绿江'>江桥</span>", "03-24 08:00", "Ⅰ", "<span data-toggle='tooltip' data-placement='right' title='原始值：20.3'>20.3</span>", "<span data-toggle='tooltip' data-placement='right' title='原始值：6.84'>6.84</span>", "<span data-toggle='tooltip' data-placement='right' title='原始值：9.29'>9.29</span>", "<span data-toggle='tooltip' data-placement='right' title='极值过滤'>--</span>", "<span data-toggle='tooltip' data-placement='right' title='原始值：4'>4.0</span>", "<span data-toggle='tooltip' data-placement='right' title='原始值：1.05'>1.05</span>", "<span data-toggle='tooltip' data-placement='right' title='原始值：0.03316'>0.033</span>", "<span data-toggle='tooltip' data-placement='right' title='原始值：0.01587'>0.016</span>", "<span data-toggle='tooltip' data-placement='right' title='原始值：1.74044'>1.74</span>", "*", "*", "维护"], ["辽宁省", "辽河流域", "<span data-toggle='tooltip' data-placement='right' title='所在地市:营口市&#10;所属河流:大辽河'>辽河公园</span>", "03-24 08:00", "Ⅴ", "<span data-toggle='tooltip' data-placement='right' title='原始值：11.18603'>11.2</span>", "<span data-toggle='tooltip' data-placement='right' title='原始值：7.93819'>7.94</span>", "<span data-toggle='tooltip' data-placement='right' title='原始值：12.04417'>12.04</span>", "<span data-toggle='tooltip' data-placement='right' title='原始值：4801.893'>4801.9</span>", "<span data-toggle='tooltip' data-placement='right' title='原始值：87.86372'>87.9</span>", "<span data-toggle='tooltip' data-placement='right' title='原始值：5.44664'>5.45</span>", "<span data-toggle='tooltip' data-placement='right' title='原始值：1.76151'>1.762</span>", "<span data-toggle='tooltip' data-placement='right' title='原始值：0.14498'>0.145</span>", "<span data-toggle='tooltip' data-placement='right' title='原始值：8.31631'>8.32</span>", "*", "*", "正常"], ["辽宁省", "辽河流域", "<span data-toggle='tooltip' data-placement='right' title='所在地市:辽阳市&#10;所属河流:太子河'>汤河水库</span>", null, "", "--", "--", "--", "--", "--", "--", "--", "--", "--", "*", "*", "停站"], ["辽宁省", "辽河流域", "<span data-toggle='tooltip' data-placement='right' title='所在地市:盘锦市&#10;所属河流:辽河'>盘锦兴安(兴安)</span>", null, "", "--", "--", "--", "--", "--", "--", "--", "--", "--", "*", "*", "停站"], ["辽宁省", "辽河流域", "<span data-toggle='tooltip' data-placement='right' title='所在地市:铁岭市&#10;所属河流:辽河'>珠尔山</span>", "03-24 08:00", "Ⅲ", "<span data-toggle='tooltip' data-placement='right' title='原始值：6.79936'>6.8</span>", "<span data-toggle='tooltip' data-placement='right' title='原始值：7.68401'>7.68</span>", "<span data-toggle='tooltip' data-placement='right' title='原始值：10.57081'>10.57</span>", "<span data-toggle='tooltip' data-placement='right' title='原始值：478.5999'>478.6</span>", "<span data-toggle='tooltip' data-placement='right' title='原始值：12.6297'>12.6</span>", "<span data-toggle='tooltip' data-placement='right' title='原始值：2.89918'>2.90</span>", "<span data-toggle='tooltip' data-placement='right' title='原始值：0.72'>0.720</span>", "<span data-toggle='tooltip' data-placement='right' title='原始值：0.0909'>0.091</span>", "<span data-toggle='tooltip' data-placement='right' title='原始值：6.24338'>6.24</span>", "*", "*", "正常"], ["吉林省", "松花江流域", "<span data-toggle='tooltip' data-placement='right' title='所在地市:长春市&#10;所属河流:松花江'>松花江村</span>", null, "", "--", "--", "--", "--", "--", "--", "--", "--", "--", "*", "*", "停站"], ["吉林省", "松花江流域", "<span data-toggle='tooltip' data-placement='right' title='所在地市:白城市&#10;所属河流:嫩江'>白沙滩</span>", "03-24 08:00", "Ⅲ", "<span data-toggle='tooltip' data-placement='right' title='原始值：4.40244'>4.4</span>", "<span data-toggle='tooltip' data-placement='right' title='原始值：6.81308'>6.81</span>", "<span data-toggle='tooltip' data-placement='right' title='原始值：12.6483'>12.65</span>", "<span data-toggle='tooltip' data-placement='right' title='原始值：239.2369'>239.2</span>", "<span data-toggle='tooltip' data-placement='right' title='原始值：23.32526'>23.3</span>", "<span data-toggle='tooltip' data-placement='right' title='原始值：4.07377'>4.07</span>", "<span data-toggle='tooltip' data-placement='right' title='原始值：0.14251'>0.143</span>", "<span data-toggle='tooltip' data-placement='right' title='原始值：0.04872'>0.049</span>", "<span data-toggle='tooltip' data-placement='right' title='原始值：1.57191'>1.57</span>", "*", "*", "正常"], ["吉林省", "松花江流域", "<span data-toggle='tooltip' data-placement='right' title='所在地市:延边朝鲜族自治州&#10;所属河流:图们江'>圈河</span>", "03-24 08:00", "Ⅲ", "<span data-toggle='tooltip' data-placement='right' title='原始值：8.5998'>8.6</span>", "<span data-toggle='tooltip' data-placement='right' title='原始值：7.08'>7.08</span>", "<span data-toggle='tooltip' data-placement='right' title='原始值：11.0325'>11.03</span>", "<span data-toggle='tooltip' data-placement='right' title='原始值：223.0001'>223.0</span>", "<span data-toggle='tooltip' data-placement='right' title='原始值：65'>65.0</span>", "<span data-toggle='tooltip' data-placement='right' title='原始值：3.43'>3.43</span>", "<span data-toggle='tooltip' data-placement='right' title='原始值：0.50888'>0.509</span>", "<span data-toggle='tooltip' data-placement='right' title='原始值：0.09713'>0.097</span>", "<span data-toggle='tooltip' data-placement='right' title='原始值：1.89011'>1.89</span>", "*", "*", "正常"], ["黑龙江省", "松花江流域", "<span data-toggle='tooltip' data-placement='right' title='所在地市:大庆市&#10;所属河流:松花江'>肇源</span>", null, "", "--", "--", "--", "--", "--", "--", "--", "--", "--", "*", "*", "停站"], ["黑龙江省", "松花江流域", "<span data-toggle='tooltip' data-placement='right' title='所在地市:佳木斯市&#10;所属河流:乌苏里江'>乌苏镇</span>", null, "", "--", "--", "--", "--", "--", "--", "--", "--", "--", "*", "*", "停站"], ["黑龙江省", "松花江流域", "<span data-toggle='tooltip' data-placement='right' title='所在地市:佳木斯市&#10;所属河流:松花江'>同江</span>", "03-24 08:00", "Ⅳ", "<span data-toggle='tooltip' data-placement='right' title='原始值：1.71741'>1.7</span>", "<span data-toggle='tooltip' data-placement='right' title='原始值：7.04655'>7.05</span>", "<span data-toggle='tooltip' data-placement='right' title='原始值：10.5149'>10.51</span>", "<span data-toggle='tooltip' data-placement='right' title='原始值：306.541'>306.5</span>", "<span data-toggle='tooltip' data-placement='right' title='原始值：33.9639'>34.0</span>", "<span data-toggle='tooltip' data-placement='right' title='原始值：6.47957'>6.48</span>", "<span data-toggle='tooltip' data-placement='right' title='原始值：0.29732'>0.297</span>", "<span data-toggle='tooltip' data-placement='right' title='原始值：0.08496'>0.085</span>", "<span data-toggle='tooltip' data-placement='right' title='原始值：3.72594'>3.73</span>", "*", "*", "正常"], ["黑龙江省", "松花江流域", "<span data-toggle='tooltip' data-placement='right' title='所在地市:黑河市&#10;所属河流:黑龙江'>黑河下(黑河)</span>", null, "", "--", "--", "--", "--", "--", "--", "--", "--", "--", "*", "*", "停站"], ["上海市", "长江流域", "<span data-toggle='tooltip' data-placement='right' title='所在地市:青浦区&#10;所属河流:淀山湖'>急水港桥</span>", "03-24 08:00", "Ⅳ", "<span data-toggle='tooltip' data-placement='right' title='原始值：13.9'>13.9</span>", "<span data-toggle='tooltip' data-placement='right' title='原始值：7.5'>7.50</span>", "<span data-toggle='tooltip' data-placement='right' title='原始值：8.09'>8.09</span>", "<span data-toggle='tooltip' data-placement='right' title='原始值：697'>697.0</span>", "<span data-toggle='tooltip' data-placement='right' title='原始值：154.7'>154.7</span>", "<span data-toggle='tooltip' data-placement='right' title='原始值：3.15625'>3.16</span>", "<span data-toggle='tooltip' data-placement='right' title='原始值：0.2842'>0.284</span>", "<span data-toggle='tooltip' data-placement='right' title='原始值：0.07134'>0.071</span>", "<span data-toggle='tooltip' data-placement='right' title='原始值：3.53547'>3.54</span>", "<span data-toggle='tooltip' data-placement='right' title='原始值：0.01277'>0.013</span>", "<span data-toggle='tooltip' data-placement='right' title='原始值：5270489'>5270489</span>", "正常"], ["江苏省", "长江流域", "<span data-toggle='tooltip' data-placement='right' title='所在地市:南京市&#10;所属河流:长江'>林山</span>", "03-24 08:00", "Ⅱ", "<span data-toggle='tooltip' data-placement='right' title='原始值：18.3392'>18.3</span>", "<span data-toggle='tooltip' data-placement='right' title='原始值：7.71846'>7.72</span>", "<span data-toggle='tooltip' data-placement='right' title='原始值：6.96792'>6.97</span>", "<span data-toggle='tooltip' data-placement='right' title='原始值：366.158'>366.2</span>", "<span data-toggle='tooltip' data-placement='right' title='原始值：13.6191'>13.6</span>", "<span data-toggle='tooltip' data-placement='right' title='原始值：2.23'>2.23</span>", "<span data-toggle='tooltip' data-placement='right' title='原始值：0.11614'>0.116</span>", "*", "*", "*", "*", "正常"], ["江苏省", "太湖流域", "<span data-toggle='tooltip' data-placement='right' title='所在地市:无锡市&#10;所属河流:太湖'>沙渚</span>", "03-24 08:00", "Ⅱ", "<span data-toggle='tooltip' data-placement='right' title='原始值：20.75878'>20.8</span>", "<span data-toggle='tooltip' data-placement='right' title='原始值：7.887949'>7.89</span>", "<span data-toggle='tooltip' data-placement='right' title='原始值：9.142296'>9.14</span>", "<span data-toggle='tooltip' data-placement='right' title='原始值：510.7939'>510.8</span>", "<span data-toggle='tooltip' data-placement='right' title='原始值：51.89901'>51.9</span>", "<span data-toggle='tooltip' data-placement='right' title='原始值：3.06709'>3.07</span>", "<span data-toggle='tooltip' data-placement='right' title='原始值：0.19'>0.190</span>", "<span data-toggle='tooltip' data-placement='right' title='原始值：0.0493'>0.049</span>", "<span data-toggle='tooltip' data-placement='right' title='原始值：1.866'>1.87</span>", "<span data-toggle='tooltip' data-placement='right' title='原始值：0.029052'>0.029</span>", "*", "正常"], ["江苏省", "淮河流域", "<span data-toggle='tooltip' data-placement='right' title='所在地市:徐州市&#10;所属河流:武河'>小红圈</span>", "03-24 08:00", "劣Ⅴ", "<span data-toggle='tooltip' data-placement='right' title='原始值：13.42'>13.4</span>", "<span data-toggle='tooltip' data-placement='right' title='原始值：9.01'>9.01</span>", "<span data-toggle='tooltip' data-placement='right' title='原始值：11.16'>11.16</span>", "<span data-toggle='tooltip' data-placement='right' title='原始值：496.5'>496.5</span>", "<span data-toggle='tooltip' data-placement='right' title='原始值：27.49'>27.5</span>", "<span data-toggle='tooltip' data-placement='right' title='原始值：5.05'>5.05</span>", "<span data-toggle='tooltip' data-placement='right' title='原始值：0.034'>0.034</span>", "*", "*", "*", "*", "正常"], ["江苏省", "淮河流域", "<span data-toggle='tooltip' data-placement='right' title='所在地市:徐州市&#10;所属河流:沿河'>李集桥</span>", "03-24 08:00", "Ⅲ", "<span data-toggle='tooltip' data-placement='right' title='原始值：13.1'>13.1</span>", "<span data-toggle='tooltip' data-placement='right' title='原始值：7.92'>7.92</span>", "<span data-toggle='tooltip' data-placement='right' title='原始值：10.06'>10.06</span>", "<span data-toggle='tooltip' data-placement='right' title='原始值：1226.8'>1226.8</span>", "<span data-toggle='tooltip' data-placement='right' title='原始值：80.73'>80.7</span>", "<span data-toggle='tooltip' data-placement='right' title='原始值：5.34'>5.34</span>", "<span data-toggle='tooltip' data-placement='right' title='原始值：0.03'>0.030</span>", "<span data-toggle='tooltip' data-placement='right' title='原始值：0.051'>0.051</span>", "<span data-toggle='tooltip' data-placement='right' title='原始值：2.428'>2.43</span>", "*", "*", "正常"], ["江苏省", "淮河流域", "<span data-toggle='tooltip' data-placement='right' title='所在地市:徐州市&#10;所属河流:邳苍分洪道'>艾山西大桥</span>", "03-24 08:00", "", "<span data-toggle='tooltip' data-placement='right' title='原始值：13.3109'>13.3</span>", "<span data-toggle='tooltip' data-placement='right' title='原始值：8.06251'>8.06</span>", "<span data-toggle='tooltip' data-placement='right' title='原始值：10.3718'>10.37</span>", "<span data-toggle='tooltip' data-placement='right' title='原始值：1058.02'>1058.0</span>", "<span data-toggle='tooltip' data-placement='right' title='原始值：33.8422'>33.8</span>", "<span data-toggle='tooltip' data-placement='right' title='原始值：4.78'>4.78</span>", "<span data-toggle='tooltip' data-placement='right' title='极值过滤'>--</span>", "<span data-toggle='tooltip' data-placement='right' title='原始值：0.03705'>0.037</span>", "<span data-toggle='tooltip' data-placement='right' title='原始值：7.93064'>7.93</span>", "*", "*", "维护"], ["江苏省", "太湖流域", "<span data-toggle='tooltip' data-placement='right' title='所在地市:苏州市&#10;所属河流:太湖'>兰山嘴(老)</span>", "03-24 08:00", "Ⅲ", "<span data-toggle='tooltip' data-placement='right' title='原始值：14.26856'>14.3</span>", "<span data-toggle='tooltip' data-placement='right' title='原始值：7.66952'>7.67</span>", "<span data-toggle='tooltip' data-placement='right' title='原始值：9.49201'>9.49</span>", "<span data-toggle='tooltip' data-placement='right' title='原始值：428.1342'>428.1</span>", "<span data-toggle='tooltip' data-placement='right' title='原始值：68.27627'>68.3</span>", "<span data-toggle='tooltip' data-placement='right' title='原始值：3.21'>3.21</span>", "<span data-toggle='tooltip' data-placement='right' title='原始值：0.23722'>0.237</span>", "<span data-toggle='tooltip' data-placement='right' title='原始值：0.13158'>0.132</span>", "<span data-toggle='tooltip' data-placement='right' title='原始值：6.27428'>6.27</span>", "<span data-toggle='tooltip' data-placement='right' title='原始值：0.03837'>0.038</span>", "*", "正常"], ["江苏省", "太湖流域", "<span data-toggle='tooltip' data-placement='right' title='所在地市:苏州市&#10;所属河流:太湖'>西山</span>", "03-24 08:00", "Ⅳ", "<span data-toggle='tooltip' data-placement='right' title='原始值：13.54856'>13.5</span>", "<span data-toggle='tooltip' data-placement='right' title='原始值：7.67132'>7.67</span>", "<span data-toggle='tooltip' data-placement='right' title='原始值：10.57054'>10.57</span>", "<span data-toggle='tooltip' data-placement='right' title='原始值：451.0009'>451.0</span>", "<span data-toggle='tooltip' data-placement='right' title='原始值：102.7579'>102.8</span>", "<span data-toggle='tooltip' data-placement='right' title='原始值：2.7'>2.70</span>", "<span data-toggle='tooltip' data-placement='right' title='原始值：0.12'>0.120</span>", "<span data-toggle='tooltip' data-placement='right' title='原始值：0.0658'>0.066</span>", "<span data-toggle='tooltip' data-placement='right' title='原始值：1.766'>1.77</span>", "<span data-toggle='tooltip' data-placement='right' title='原始值：0.00603'>0.006</span>", "*", "正常"], ["江苏省", "淮河流域", "<span data-toggle='tooltip' data-placement='right' title='所在地市:连云港市&#10;所属河流:新沭河'>大兴桥</span>", "03-24 08:00", "Ⅲ", "<span data-toggle='tooltip' data-placement='right' title='原始值：13.4'>13.4</span>", "<span data-toggle='tooltip' data-placement='right' title='原始值：8.5'>8.50</span>", "<span data-toggle='tooltip' data-placement='right' title='原始值：11.6'>11.60</span>", "<span data-toggle='tooltip' data-placement='right' title='原始值：915.6'>915.6</span>", "<span data-toggle='tooltip' data-placement='right' title='原始值：30.29'>30.3</span>", "<span data-toggle='tooltip' data-placement='right' title='原始值：4.28'>4.28</span>", "<span data-toggle='tooltip' data-placement='right' title='原始值：0.063'>0.063</span>", "*", "*", "*", "*", "正常"], ["江苏省", "淮河流域", "<span data-toggle='tooltip' data-placement='right' title='所在地市:淮安市&#10;所属河流:淮河'>淮河大桥</span>", "03-24 08:00", "Ⅱ", "<span data-toggle='tooltip' data-placement='right' title='原始值：14.4428'>14.4</span>", "<span data-toggle='tooltip' data-placement='right' title='原始值：7.94383'>7.94</span>", "<span data-toggle='tooltip' data-placement='right' title='原始值：9.76749'>9.77</span>", "<span data-toggle='tooltip' data-placement='right' title='原始值：614.7883'>614.8</span>", "<span data-toggle='tooltip' data-placement='right' title='原始值：22.47872'>22.5</span>", "<span data-toggle='tooltip' data-placement='right' title='原始值：3.08'>3.08</span>", "<span data-toggle='tooltip' data-placement='right' title='原始值：0.31'>0.310</span>", "<span data-toggle='tooltip' data-placement='right' title='原始值：0.06062'>0.061</span>", "<span data-toggle='tooltip' data-placement='right' title='原始值：3.0875'>3.09</span>", "*", "*", "正常"], ["江苏省", "长江流域", "<span data-toggle='tooltip' data-placement='right' title='所在地市:扬州市&#10;所属河流:夹江'>三江营</span>", "03-24 08:00", "Ⅱ", "<span data-toggle='tooltip' data-placement='right' title='原始值：13.44'>13.4</span>", "<span data-toggle='tooltip' data-placement='right' title='原始值：7.89'>7.89</span>", "<span data-toggle='tooltip' data-placement='right' title='原始值：9.89'>9.89</span>", "<span data-toggle='tooltip' data-placement='right' title='原始值：334.01'>334.0</span>", "<span data-toggle='tooltip' data-placement='right' title='原始值：21.08'>21.1</span>", "<span data-toggle='tooltip' data-placement='right' title='原始值：1.26'>1.26</span>", "<span data-toggle='tooltip' data-placement='right' title='原始值：0.115'>0.115</span>", "<span data-toggle='tooltip' data-placement='right' title='原始值：0.066'>0.066</span>", "<span data-toggle='tooltip' data-placement='right' title='原始值：2.056'>2.06</span>", "*", "*", "正常"], ["江苏省", "淮河流域", "<span data-toggle='tooltip' data-placement='right' title='所在地市:宿迁市&#10;所属河流:新濉河'>大屈</span>", "03-24 08:00", "Ⅲ", "<span data-toggle='tooltip' data-placement='right' title='原始值：13'>13.0</span>", "<span data-toggle='tooltip' data-placement='right' title='原始值：8.51'>8.51</span>", "<span data-toggle='tooltip' data-placement='right' title='原始值：9.28'>9.28</span>", "<span data-toggle='tooltip' data-placement='right' title='原始值：948.3'>948.3</span>", "<span data-toggle='tooltip' data-placement='right' title='原始值：142.15'>142.2</span>", "<span data-toggle='tooltip' data-placement='right' title='原始值：5.26'>5.26</span>", "<span data-toggle='tooltip' data-placement='right' title='原始值：0.08'>0.080</span>", "<span data-toggle='tooltip' data-placement='right' title='原始值：0.067'>0.067</span>", "<span data-toggle='tooltip' data-placement='right' title='原始值：2.295'>2.30</span>", "*", "*", "正常"], ["浙江省", "浙闽片河流", "<span data-toggle='tooltip' data-placement='right' title='所在地市:杭州市&#10;所属河流:新安江'>街口(鸠坑口)</span>", "03-24 08:00", "Ⅱ", "<span data-toggle='tooltip' data-placement='right' title='原始值：15.56'>15.6</span>", "<span data-toggle='tooltip' data-placement='right' title='原始值：6.71'>6.71</span>", "<span data-toggle='tooltip' data-placement='right' title='原始值：8.91'>8.91</span>", "<span data-toggle='tooltip' data-placement='right' title='原始值：117.4'>117.4</span>", "<span data-toggle='tooltip' data-placement='right' title='原始值：4.7'>4.7</span>", "<span data-toggle='tooltip' data-placement='right' title='原始值：1.659'>1.66</span>", "<span data-toggle='tooltip' data-placement='right' title='原始值：0.089'>0.089</span>", "<span data-toggle='tooltip' data-placement='right' title='原始值：0.062'>0.062</span>", "<span data-toggle='tooltip' data-placement='right' title='原始值：1.524'>1.52</span>", "*", "*", "正常"], ["浙江省", "太湖流域", "<span data-toggle='tooltip' data-placement='right' title='所在地市:嘉兴市&#10;所属河流:斜路港河'>斜路港</span>", "03-24 08:00", "Ⅲ", "<span data-toggle='tooltip' data-placement='right' title='原始值：14.9'>14.9</span>", "<span data-toggle='tooltip' data-placement='right' title='原始值：7.52'>7.52</span>", "<span data-toggle='tooltip' data-placement='right' title='原始值：8.61'>8.61</span>", "<span data-toggle='tooltip' data-placement='right' title='原始值：710'>710.0</span>", "<span data-toggle='tooltip' data-placement='right' title='原始值：667.5'>667.5</span>", "<span data-toggle='tooltip' data-placement='right' title='原始值：5.92'>5.92</span>", "<span data-toggle='tooltip' data-placement='right' title='原始值：0.85963'>0.860</span>", "<span data-toggle='tooltip' data-placement='right' title='原始值：0.06348'>0.063</span>", "<span data-toggle='tooltip' data-placement='right' title='原始值：2.63523'>2.64</span>", "*", "*", "正常"], ["浙江省", "太湖流域", "<span data-toggle='tooltip' data-placement='right' title='所在地市:嘉兴市&#10;所属河流:京杭运河'>王江泾</span>", "03-24 08:00", "Ⅳ", "<span data-toggle='tooltip' data-placement='right' title='原始值：15.25'>15.2</span>", "<span data-toggle='tooltip' data-placement='right' title='原始值：7.26'>7.26</span>", "<span data-toggle='tooltip' data-placement='right' title='原始值：4.98'>4.98</span>", "<span data-toggle='tooltip' data-placement='right' title='原始值：808.04'>808.0</span>", "<span data-toggle='tooltip' data-placement='right' title='原始值：42.31'>42.3</span>", "<span data-toggle='tooltip' data-placement='right' title='原始值：6.497'>6.50</span>", "<span data-toggle='tooltip' data-placement='right' title='原始值：0.576'>0.576</span>", "<span data-toggle='tooltip' data-placement='right' title='原始值：0.073'>0.073</span>", "<span data-toggle='tooltip' data-placement='right' title='原始值：4.354'>4.35</span>", "*", "*", "正常"], ["浙江省", "太湖流域", "<span data-toggle='tooltip' data-placement='right' title='所在地市:湖州市&#10;所属河流:西苕溪'>新港口(新塘港)</span>", "03-24 08:00", "Ⅱ", "<span data-toggle='tooltip' data-placement='right' title='原始值：14.0788'>14.1</span>", "<span data-toggle='tooltip' data-placement='right' title='原始值：7.25399'>7.25</span>", "<span data-toggle='tooltip' data-placement='right' title='原始值：8.22064'>8.22</span>", "<span data-toggle='tooltip' data-placement='right' title='原始值：266.436'>266.4</span>", "<span data-toggle='tooltip' data-placement='right' title='原始值：81.2397'>81.2</span>", "<span data-toggle='tooltip' data-placement='right' title='原始值：2.23856'>2.24</span>", "<span data-toggle='tooltip' data-placement='right' title='原始值：0.31037'>0.310</span>", "<span data-toggle='tooltip' data-placement='right' title='原始值：0.0635'>0.064</span>", "<span data-toggle='tooltip' data-placement='right' title='原始值：11.06127'>11.06</span>", "<span data-toggle='tooltip' data-placement='right' title='原始值：0.02507'>0.025</span>", "*", "正常"], ["安徽省", "巢湖流域", "<span data-toggle='tooltip' data-placement='right' title='所在地市:合肥市&#10;所属河流:巢湖'>湖滨(老)</span>", "03-24 04:00", "Ⅳ", "<span data-toggle='tooltip' data-placement='right' title='原始值：13.62847'>13.6</span>", "<span data-toggle='tooltip' data-placement='right' title='原始值：7.4037'>7.40</span>", "<span data-toggle='tooltip' data-placement='right' title='原始值：11.15274'>11.15</span>", "<span data-toggle='tooltip' data-placement='right' title='原始值：340.0769'>340.1</span>", "<span data-toggle='tooltip' data-placement='right' title='原始值：98.70506'>98.7</span>", "<span data-toggle='tooltip' data-placement='right' title='原始值：4.5'>4.50</span>", "<span data-toggle='tooltip' data-placement='right' title='原始值：0.4'>0.400</span>", "<span data-toggle='tooltip' data-placement='right' title='原始值：0.0931'>0.093</span>", "<span data-toggle='tooltip' data-placement='right' title='原始值：1.916'>1.92</span>", "<span data-toggle='tooltip' data-placement='right' title='原始值：0.03444'>0.034</span>", "*", "正常"], ["安徽省", "巢湖流域", "<span data-toggle='tooltip' data-placement='right' title='所在地市:芜湖市&#10;所属河流:巢湖'>裕溪口(老)</span>", "03-24 08:00", "Ⅲ", "<span data-toggle='tooltip' data-placement='right' title='原始值：14.09015'>14.1</span>", "<span data-toggle='tooltip' data-placement='right' title='原始值：7.56514'>7.57</span>", "<span data-toggle='tooltip' data-placement='right' title='原始值：8.25529'>8.26</span>", "<span data-toggle='tooltip' data-placement='right' title='原始值：288.6343'>288.6</span>", "<span data-toggle='tooltip' data-placement='right' title='原始值：84.23717'>84.2</span>", "<span data-toggle='tooltip' data-placement='right' title='原始值：3.8'>3.80</span>", "<span data-toggle='tooltip' data-placement='right' title='原始值：0.1'>0.100</span>", "<span data-toggle='tooltip' data-placement='right' title='原始值：0.0453'>0.045</span>", "<span data-toggle='tooltip' data-placement='right' title='原始值：2.884'>2.88</span>", "<span data-toggle='tooltip' data-placement='right' title='原始值：0.08336'>0.083</span>", "*", "正常"], ["安徽省", "淮河流域", "<span data-toggle='tooltip' data-placement='right' title='所在地市:蚌埠市&#10;所属河流:淮河'>蚌埠闸上(蚌埠闸)</span>", "03-24 08:00", "Ⅱ", "<span data-toggle='tooltip' data-placement='right' title='原始值：14.97'>15.0</span>", "<span data-toggle='tooltip' data-placement='right' title='原始值：7.38'>7.38</span>", "<span data-toggle='tooltip' data-placement='right' title='原始值：10.16'>10.16</span>", "<span data-toggle='tooltip' data-placement='right' title='原始值：524.67'>524.7</span>", "<span data-toggle='tooltip' data-placement='right' title='原始值：107.59'>107.6</span>", "<span data-toggle='tooltip' data-placement='right' title='原始值：2.36'>2.36</span>", "<span data-toggle='tooltip' data-placement='right' title='原始值：0.095'>0.095</span>", "<span data-toggle='tooltip' data-placement='right' title='原始值：0.095'>0.095</span>", "<span data-toggle='tooltip' data-placement='right' title='原始值：2.479'>2.48</span>", "*", "*", "正常"], ["安徽省", "淮河流域", "<span data-toggle='tooltip' data-placement='right' title='所在地市:淮南市&#10;所属河流:淮河'>石头埠(老)</span>", "03-24 08:00", "Ⅳ", "<span data-toggle='tooltip' data-placement='right' title='原始值：14.5425'>14.5</span>", "<span data-toggle='tooltip' data-placement='right' title='原始值：6.43086'>6.43</span>", "<span data-toggle='tooltip' data-placement='right' title='原始值：4.06717'>4.07</span>", "<span data-toggle='tooltip' data-placement='right' title='原始值：433.2865'>433.3</span>", "<span data-toggle='tooltip' data-placement='right' title='原始值：40.53734'>40.5</span>", "<span data-toggle='tooltip' data-placement='right' title='原始值：1.48'>1.48</span>", "<span data-toggle='tooltip' data-placement='right' title='原始值：0.26'>0.260</span>", "*", "*", "*", "*", "正常"], ["安徽省", "淮河流域", "<span data-toggle='tooltip' data-placement='right' title='所在地市:淮北市&#10;所属河流:沱河'>小王桥</span>", "03-24 08:00", "Ⅲ", "<span data-toggle='tooltip' data-placement='right' title='原始值：12.75'>12.8</span>", "<span data-toggle='tooltip' data-placement='right' title='原始值：8.13'>8.13</span>", "<span data-toggle='tooltip' data-placement='right' title='原始值：10.83'>10.83</span>", "<span data-toggle='tooltip' data-placement='right' title='原始值：1742.25'>1742.2</span>", "<span data-toggle='tooltip' data-placement='right' title='原始值：16.61'>16.6</span>", "<span data-toggle='tooltip' data-placement='right' title='原始值：5.319'>5.32</span>", "<span data-toggle='tooltip' data-placement='right' title='原始值：0.033'>0.033</span>", "<span data-toggle='tooltip' data-placement='right' title='原始值：0.084'>0.084</span>", "<span data-toggle='tooltip' data-placement='right' title='原始值：1.219'>1.22</span>", "*", "*", "正常"], ["安徽省", "长江流域", "<span data-toggle='tooltip' data-placement='right' title='所在地市:安庆市&#10;所属河流:长江'>皖河口</span>", "03-24 08:00", "Ⅱ", "<span data-toggle='tooltip' data-placement='right' title='原始值：15.09'>15.1</span>", "<span data-toggle='tooltip' data-placement='right' title='原始值：7.545'>7.54</span>", "<span data-toggle='tooltip' data-placement='right' title='原始值：8.5'>8.50</span>", "<span data-toggle='tooltip' data-placement='right' title='原始值：277.22'>277.2</span>", "<span data-toggle='tooltip' data-placement='right' title='原始值：35.43'>35.4</span>", "<span data-toggle='tooltip' data-placement='right' title='原始值：1.418'>1.42</span>", "<span data-toggle='tooltip' data-placement='right' title='原始值：0.032'>0.032</span>", "<span data-toggle='tooltip' data-placement='right' title='原始值：0.0602'>0.060</span>", "<span data-toggle='tooltip' data-placement='right' title='原始值：2.223'>2.22</span>", "*", "*", "正常"], ["安徽省", "淮河流域", "<span data-toggle='tooltip' data-placement='right' title='所在地市:滁州市&#10;所属河流:淮河'>小柳巷</span>", "03-24 08:00", "Ⅱ", "<span data-toggle='tooltip' data-placement='right' title='原始值：13.3'>13.3</span>", "<span data-toggle='tooltip' data-placement='right' title='原始值：8.02'>8.02</span>", "<span data-toggle='tooltip' data-placement='right' title='原始值：9.14'>9.14</span>", "<span data-toggle='tooltip' data-placement='right' title='原始值：625.6'>625.6</span>", "<span data-toggle='tooltip' data-placement='right' title='原始值：135.56'>135.6</span>", "<span data-toggle='tooltip' data-placement='right' title='原始值：3.396'>3.40</span>", "<span data-toggle='tooltip' data-placement='right' title='原始值：0.292'>0.292</span>", "<span data-toggle='tooltip' data-placement='right' title='原始值：0.082'>0.082</span>", "<span data-toggle='tooltip' data-placement='right' title='原始值：2.491'>2.49</span>", "*", "*", "正常"], ["安徽省", "淮河流域", "<span data-toggle='tooltip' data-placement='right' title='所在地市:阜阳市&#10;所属河流:黑茨河'>张大桥</span>", null, "", "--", "--", "--", "--", "--", "--", "--", "--", "--", "*", "*", "停站"], ["安徽省", "淮河流域", "<span data-toggle='tooltip' data-placement='right' title='所在地市:阜阳市&#10;所属河流:淮河'>王家坝</span>", "03-24 08:00", "Ⅲ", "<span data-toggle='tooltip' data-placement='right' title='原始值：13.15984'>13.2</span>", "<span data-toggle='tooltip' data-placement='right' title='原始值：7.62175'>7.62</span>", "<span data-toggle='tooltip' data-placement='right' title='原始值：9.67528'>9.68</span>", "<span data-toggle='tooltip' data-placement='right' title='原始值：332.8125'>332.8</span>", "<span data-toggle='tooltip' data-placement='right' title='原始值：23.3677'>23.4</span>", "<span data-toggle='tooltip' data-placement='right' title='原始值：4.21'>4.21</span>", "<span data-toggle='tooltip' data-placement='right' title='原始值：0.241'>0.241</span>", "<span data-toggle='tooltip' data-placement='right' title='原始值：0.1007'>0.101</span>", "<span data-toggle='tooltip' data-placement='right' title='原始值：1.75654'>1.76</span>", "*", "*", "正常"], ["安徽省", "淮河流域", "<span data-toggle='tooltip' data-placement='right' title='所在地市:阜阳市&#10;所属河流:颍河'>界首七渡口(七渡口)</span>", "03-24 08:00", "Ⅲ", "<span data-toggle='tooltip' data-placement='right' title='原始值：12.99984'>13.0</span>", "<span data-toggle='tooltip' data-placement='right' title='原始值：7.57508'>7.58</span>", "<span data-toggle='tooltip' data-placement='right' title='原始值：6.54288'>6.54</span>", "<span data-toggle='tooltip' data-placement='right' title='原始值：849.6099'>849.6</span>", "<span data-toggle='tooltip' data-placement='right' title='原始值：16.91174'>16.9</span>", "<span data-toggle='tooltip' data-placement='right' title='原始值：4.54'>4.54</span>", "<span data-toggle='tooltip' data-placement='right' title='原始值：0.53'>0.530</span>", "<span data-toggle='tooltip' data-placement='right' title='原始值：0.10416'>0.104</span>", "<span data-toggle='tooltip' data-placement='right' title='原始值：6.2588'>6.26</span>", "*", "*", "正常"], ["安徽省", "淮河流域", "<span data-toggle='tooltip' data-placement='right' title='所在地市:阜阳市&#10;所属河流:泉河'>许庄(徐庄)</span>", "03-24 08:00", "", "<span data-toggle='tooltip' data-placement='right' title='原始值：13.1'>13.1</span>", "<span data-toggle='tooltip' data-placement='right' title='原始值：7.67'>7.67</span>", "<span data-toggle='tooltip' data-placement='right' title='原始值：9.36'>9.36</span>", "<span data-toggle='tooltip' data-placement='right' title='原始值：1016.6'>1016.6</span>", "<span data-toggle='tooltip' data-placement='right' title='原始值：13.63'>13.6</span>", "<span data-toggle='tooltip' data-placement='right' title='原始值：3.37'>3.37</span>", "<span data-toggle='tooltip' data-placement='right' title='极值过滤'>--</span>", "<span data-toggle='tooltip' data-placement='right' title='原始值：0.033'>0.033</span>", "<span data-toggle='tooltip' data-placement='right' title='原始值：2.204'>2.20</span>", "*", "*", "维护"], ["安徽省", "淮河流域", "<span data-toggle='tooltip' data-placement='right' title='所在地市:宿州市&#10;所属河流:奎河'>杨庄</span>", "03-24 08:00", "Ⅲ", "<span data-toggle='tooltip' data-placement='right' title='原始值：13.88'>13.9</span>", "<span data-toggle='tooltip' data-placement='right' title='原始值：7.37'>7.37</span>", "<span data-toggle='tooltip' data-placement='right' title='原始值：9.13'>9.13</span>", "<span data-toggle='tooltip' data-placement='right' title='原始值：1079.5'>1079.5</span>", "<span data-toggle='tooltip' data-placement='right' title='原始值：265.95'>266.0</span>", "<span data-toggle='tooltip' data-placement='right' title='原始值：4.5'>4.50</span>", "<span data-toggle='tooltip' data-placement='right' title='原始值：0.348'>0.348</span>", "*", "*", "*", "*", "正常"], ["安徽省", "淮河流域", "<span data-toggle='tooltip' data-placement='right' title='所在地市:宿州市&#10;所属河流:新汴河'>泗县公路桥</span>", null, "", "--", "--", "--", "--", "--", "--", "--", "*", "*", "*", "*", "维护"], ["安徽省", "淮河流域", "<span data-toggle='tooltip' data-placement='right' title='所在地市:亳州市&#10;所属河流:包河'>颜集</span>", "03-24 08:00", "劣Ⅴ", "<span data-toggle='tooltip' data-placement='right' title='原始值：12'>12.0</span>", "<span data-toggle='tooltip' data-placement='right' title='原始值：8.3'>8.30</span>", "<span data-toggle='tooltip' data-placement='right' title='原始值：10.62'>10.62</span>", "<span data-toggle='tooltip' data-placement='right' title='原始值：1578.9'>1578.9</span>", "<span data-toggle='tooltip' data-placement='right' title='原始值：195.2'>195.2</span>", "<span data-toggle='tooltip' data-placement='right' title='原始值：7.36'>7.36</span>", "<span data-toggle='tooltip' data-placement='right' title='原始值：0.41'>0.410</span>", "<span data-toggle='tooltip' data-placement='right' title='原始值：0.549'>0.549</span>", "<span data-toggle='tooltip' data-placement='right' title='原始值：4.072'>4.07</span>", "*", "*", "正常"], ["福建省", "浙闽片河流", "<span data-toggle='tooltip' data-placement='right' title='所在地市:福州市&#10;所属河流:闽江'>白岩潭</span>", "03-24 08:00", "Ⅲ", "<span data-toggle='tooltip' data-placement='right' title='原始值：17.74'>17.7</span>", "<span data-toggle='tooltip' data-placement='right' title='原始值：7.42'>7.42</span>", "<span data-toggle='tooltip' data-placement='right' title='原始值：10.41'>10.41</span>", "<span data-toggle='tooltip' data-placement='right' title='原始值：5169.8'>5169.8</span>", "<span data-toggle='tooltip' data-placement='right' title='原始值：122.08'>122.1</span>", "<span data-toggle='tooltip' data-placement='right' title='原始值：4.22'>4.22</span>", "<span data-toggle='tooltip' data-placement='right' title='原始值：0.224'>0.224</span>", "*", "*", "*", "*", "正常"], ["江西省", "长江流域", "<span data-toggle='tooltip' data-placement='right' title='所在地市:南昌市&#10;所属河流:赣江南支'>滁槎</span>", "03-24 08:00", "Ⅱ", "<span data-toggle='tooltip' data-placement='right' title='原始值：15.30501'>15.3</span>", "<span data-toggle='tooltip' data-placement='right' title='原始值：6.76025'>6.76</span>", "<span data-toggle='tooltip' data-placement='right' title='原始值：7.75984'>7.76</span>", "<span data-toggle='tooltip' data-placement='right' title='原始值：208.7799'>208.8</span>", "<span data-toggle='tooltip' data-placement='right' title='原始值：32.05164'>32.1</span>", "<span data-toggle='tooltip' data-placement='right' title='原始值：3.19'>3.19</span>", "<span data-toggle='tooltip' data-placement='right' title='原始值：0.44'>0.440</span>", "<span data-toggle='tooltip' data-placement='right' title='原始值：0.0475'>0.048</span>", "<span data-toggle='tooltip' data-placement='right' title='原始值：2.3425'>2.34</span>", "*", "*", "正常"], ["江西省", "长江流域", "<span data-toggle='tooltip' data-placement='right' title='所在地市:九江市&#10;所属河流:长江'>姚港(河西水厂)</span>", "03-24 08:00", "Ⅲ", "<span data-toggle='tooltip' data-placement='right' title='原始值：14.1'>14.1</span>", "<span data-toggle='tooltip' data-placement='right' title='原始值：7.51'>7.51</span>", "<span data-toggle='tooltip' data-placement='right' title='原始值：9.29'>9.29</span>", "<span data-toggle='tooltip' data-placement='right' title='原始值：333.95'>334.0</span>", "<span data-toggle='tooltip' data-placement='right' title='原始值：41.55'>41.6</span>", "<span data-toggle='tooltip' data-placement='right' title='原始值：1.421'>1.42</span>", "<span data-toggle='tooltip' data-placement='right' title='原始值：0.034'>0.034</span>", "<span data-toggle='tooltip' data-placement='right' title='原始值：0.12'>0.120</span>", "<span data-toggle='tooltip' data-placement='right' title='原始值：2.229'>2.23</span>", "*", "*", "正常"], ["江西省", "长江流域", "<span data-toggle='tooltip' data-placement='right' title='所在地市:九江市&#10;所属河流:鄱阳湖'>蛤蟆石</span>", "03-24 08:00", "Ⅳ", "<span data-toggle='tooltip' data-placement='right' title='原始值：14.77'>14.8</span>", "<span data-toggle='tooltip' data-placement='right' title='原始值：7.4'>7.40</span>", "<span data-toggle='tooltip' data-placement='right' title='原始值：9.27'>9.27</span>", "<span data-toggle='tooltip' data-placement='right' title='原始值：167.88'>167.9</span>", "<span data-toggle='tooltip' data-placement='right' title='原始值：5.41'>5.4</span>", "<span data-toggle='tooltip' data-placement='right' title='原始值：2.079'>2.08</span>", "<span data-toggle='tooltip' data-placement='right' title='原始值：0.095'>0.095</span>", "<span data-toggle='tooltip' data-placement='right' title='原始值：0.0554'>0.055</span>", "<span data-toggle='tooltip' data-placement='right' title='原始值：1.711'>1.71</span>", "<span data-toggle='tooltip' data-placement='right' title='原始值：0.0016'>0.002</span>", "<span data-toggle='tooltip' data-placement='right' title='原始值：1858943'>1858943</span>", "正常"], ["山东省", "黄河流域", "<span data-toggle='tooltip' data-placement='right' title='所在地市:济南市&#10;所属河流:黄河'>泺口</span>", "03-24 08:00", "", "<span data-toggle='tooltip' data-placement='right' title='原始值：11.1521'>11.2</span>", "<span data-toggle='tooltip' data-placement='right' title='原始值：8.50088'>8.50</span>", "<span data-toggle='tooltip' data-placement='right' title='原始值：10.0858'>10.09</span>", "<span data-toggle='tooltip' data-placement='right' title='原始值：1047.65'>1047.6</span>", "<span data-toggle='tooltip' data-placement='right' title='原始值：443.684'>443.7</span>", "<span data-toggle='tooltip' data-placement='right' title='极值过滤'>--</span>", "<span data-toggle='tooltip' data-placement='right' title='原始值：0.13138'>0.131</span>", "<span data-toggle='tooltip' data-placement='right' title='原始值：0.01381'>0.014</span>", "<span data-toggle='tooltip' data-placement='right' title='原始值：4.29'>4.29</span>", "*", "*", "维护"], ["山东省", "淮河流域", "<span data-toggle='tooltip' data-placement='right' title='所在地市:枣庄市&#10;所属河流:京杭大运河（韩庄运河）'>台儿庄大桥</span>", "03-24 08:00", "Ⅲ", "<span data-toggle='tooltip' data-placement='right' title='原始值：12.15031'>12.2</span>", "<span data-toggle='tooltip' data-placement='right' title='原始值：7.99797'>8.00</span>", "<span data-toggle='tooltip' data-placement='right' title='原始值：10.41869'>10.42</span>", "<span data-toggle='tooltip' data-placement='right' title='原始值：746.2574'>746.3</span>", "<span data-toggle='tooltip' data-placement='right' title='原始值：11.44765'>11.4</span>", "<span data-toggle='tooltip' data-placement='right' title='原始值：4.03067'>4.03</span>", "<span data-toggle='tooltip' data-placement='right' title='原始值：0.17166'>0.172</span>", "<span data-toggle='tooltip' data-placement='right' title='原始值：0.09329'>0.093</span>", "<span data-toggle='tooltip' data-placement='right' title='原始值：2.8656'>2.87</span>", "*", "*", "正常"], ["山东省", "淮河流域", "<span data-toggle='tooltip' data-placement='right' title='所在地市:临沂市&#10;所属河流:沭河'>清泉寺</span>", "03-24 08:00", "Ⅳ", "<span data-toggle='tooltip' data-placement='right' title='原始值：16.3613'>16.4</span>", "<span data-toggle='tooltip' data-placement='right' title='原始值：7.58413'>7.58</span>", "<span data-toggle='tooltip' data-placement='right' title='原始值：8.41128'>8.41</span>", "<span data-toggle='tooltip' data-placement='right' title='原始值：1093.279'>1093.3</span>", "<span data-toggle='tooltip' data-placement='right' title='原始值：17.38571'>17.4</span>", "<span data-toggle='tooltip' data-placement='right' title='原始值：6.42001'>6.42</span>", "<span data-toggle='tooltip' data-placement='right' title='原始值：0.15'>0.150</span>", "*", "*", "*", "*", "正常"], ["山东省", "淮河流域", "<span data-toggle='tooltip' data-placement='right' title='所在地市:临沂市&#10;所属河流:沂河'>重坊桥</span>", null, "", "--", "--", "--", "--", "--", "--", "--", "--", "--", "*", "*", "停站"], ["山东省", "淮河流域", "<span data-toggle='tooltip' data-placement='right' title='所在地市:临沂市&#10;所属河流:白马河'>捷庄(涝沟桥)</span>", "03-24 08:00", "Ⅲ", "<span data-toggle='tooltip' data-placement='right' title='原始值：14.6'>14.6</span>", "<span data-toggle='tooltip' data-placement='right' title='原始值：7.98'>7.98</span>", "<span data-toggle='tooltip' data-placement='right' title='原始值：13.44984'>13.45</span>", "<span data-toggle='tooltip' data-placement='right' title='原始值：908.998'>909.0</span>", "<span data-toggle='tooltip' data-placement='right' title='原始值：4.37502'>4.4</span>", "<span data-toggle='tooltip' data-placement='right' title='原始值：5.96'>5.96</span>", "<span data-toggle='tooltip' data-placement='right' title='原始值：0.04479'>0.045</span>", "<span data-toggle='tooltip' data-placement='right' title='原始值：0.0763'>0.076</span>", "<span data-toggle='tooltip' data-placement='right' title='原始值：6.59645'>6.60</span>", "*", "*", "正常"], ["山东省", "海河流域", "<span data-toggle='tooltip' data-placement='right' title='所在地市:聊城市&#10;所属河流:卫运河'>秤勾湾(秤钩湾)</span>", null, "", "--", "--", "--", "--", "--", "--", "--", "--", "--", "*", "*", "停站"], ["河南省", "长江流域", "<span data-toggle='tooltip' data-placement='right' title='所在地市:南阳市&#10;所属河流:丹江口水库'>陶岔</span>", "03-24 08:00", "Ⅰ", "<span data-toggle='tooltip' data-placement='right' title='原始值：17.41'>17.4</span>", "<span data-toggle='tooltip' data-placement='right' title='原始值：7.8793'>7.88</span>", "<span data-toggle='tooltip' data-placement='right' title='原始值：8.62203'>8.62</span>", "<span data-toggle='tooltip' data-placement='right' title='原始值：271.0329'>271.0</span>", "<span data-toggle='tooltip' data-placement='right' title='原始值：2.96804'>3.0</span>", "<span data-toggle='tooltip' data-placement='right' title='原始值：1.91'>1.91</span>", "<span data-toggle='tooltip' data-placement='right' title='原始值：0.03022'>0.030</span>", "<span data-toggle='tooltip' data-placement='right' title='原始值：0.0087'>0.009</span>", "<span data-toggle='tooltip' data-placement='right' title='原始值：1.03228'>1.03</span>", "<span data-toggle='tooltip' data-placement='right' title='原始值：0.00418'>0.004</span>", "<span data-toggle='tooltip' data-placement='right' title='原始值：303742.8'>303743</span>", "正常"], ["河南省", "淮河流域", "<span data-toggle='tooltip' data-placement='right' title='所在地市:商丘市&#10;所属河流:浍河'>黄口</span>", "03-24 08:00", "Ⅲ", "<span data-toggle='tooltip' data-placement='right' title='原始值：12.1'>12.1</span>", "<span data-toggle='tooltip' data-placement='right' title='原始值：7.58008'>7.58</span>", "<span data-toggle='tooltip' data-placement='right' title='原始值：10.08234'>10.08</span>", "<span data-toggle='tooltip' data-placement='right' title='原始值：1712.75'>1712.8</span>", "<span data-toggle='tooltip' data-placement='right' title='原始值：28.79774'>28.8</span>", "<span data-toggle='tooltip' data-placement='right' title='原始值：4.57'>4.57</span>", "<span data-toggle='tooltip' data-placement='right' title='原始值：0.08718'>0.087</span>", "<span data-toggle='tooltip' data-placement='right' title='原始值：0.0985'>0.098</span>", "<span data-toggle='tooltip' data-placement='right' title='原始值：4.64606'>4.65</span>", "*", "*", "正常"], ["河南省", "淮河流域", "<span data-toggle='tooltip' data-placement='right' title='所在地市:信阳市&#10;所属河流:史灌河'>蒋集</span>", null, "", "--", "--", "--", "--", "--", "--", "--", "--", "--", "*", "*", "停站"], ["河南省", "淮河流域", "<span data-toggle='tooltip' data-placement='right' title='所在地市:信阳市&#10;所属河流:淮河'>息县大埠口</span>", null, "", "*", "--", "*", "*", "*", "*", "*", "*", "*", "*", "*", "维护"], ["河南省", "淮河流域", "<span data-toggle='tooltip' data-placement='right' title='所在地市:信阳市&#10;所属河流:淮河'>淮滨水文站(淮滨)</span>", "03-24 08:00", "Ⅲ", "<span data-toggle='tooltip' data-placement='right' title='原始值：13.8'>13.8</span>", "<span data-toggle='tooltip' data-placement='right' title='原始值：7.25'>7.25</span>", "<span data-toggle='tooltip' data-placement='right' title='原始值：9.82992'>9.83</span>", "<span data-toggle='tooltip' data-placement='right' title='原始值：285.9998'>286.0</span>", "<span data-toggle='tooltip' data-placement='right' title='原始值：68.1877'>68.2</span>", "<span data-toggle='tooltip' data-placement='right' title='原始值：3.87202'>3.87</span>", "<span data-toggle='tooltip' data-placement='right' title='原始值：0.23503'>0.235</span>", "<span data-toggle='tooltip' data-placement='right' title='原始值：0.11377'>0.114</span>", "<span data-toggle='tooltip' data-placement='right' title='原始值：1.9306'>1.93</span>", "*", "*", "正常"], ["河南省", "淮河流域", "<span data-toggle='tooltip' data-placement='right' title='所在地市:周口市&#10;所属河流:沙河'>沈丘闸</span>", "03-24 08:00", "Ⅳ", "<span data-toggle='tooltip' data-placement='right' title='原始值：12.31778'>12.3</span>", "<span data-toggle='tooltip' data-placement='right' title='原始值：7.59466'>7.59</span>", "<span data-toggle='tooltip' data-placement='right' title='原始值：7.0616'>7.06</span>", "<span data-toggle='tooltip' data-placement='right' title='原始值：953.1273'>953.1</span>", "<span data-toggle='tooltip' data-placement='right' title='原始值：9.0696'>9.1</span>", "<span data-toggle='tooltip' data-placement='right' title='原始值：3.84'>3.84</span>", "<span data-toggle='tooltip' data-placement='right' title='原始值：1.12'>1.120</span>", "*", "*", "*", "*", "正常"], ["河南省", "淮河流域", "<span data-toggle='tooltip' data-placement='right' title='所在地市:周口市&#10;所属河流:涡河'>鹿邑付桥(鹿邑付桥闸)</span>", "03-24 08:00", "Ⅲ", "<span data-toggle='tooltip' data-placement='right' title='原始值：14.56624'>14.6</span>", "<span data-toggle='tooltip' data-placement='right' title='原始值：8.73554'>8.74</span>", "<span data-toggle='tooltip' data-placement='right' title='原始值：13.9145'>13.91</span>", "<span data-toggle='tooltip' data-placement='right' title='原始值：1538.813'>1538.8</span>", "<span data-toggle='tooltip' data-placement='right' title='原始值：3.33347'>3.3</span>", "<span data-toggle='tooltip' data-placement='right' title='原始值：5.0764'>5.08</span>", "<span data-toggle='tooltip' data-placement='right' title='原始值：0.08'>0.080</span>", "<span data-toggle='tooltip' data-placement='right' title='原始值：0.0439'>0.044</span>", "<span data-toggle='tooltip' data-placement='right' title='原始值：0.60805'>0.61</span>", "*", "*", "正常"], ["河南省", "淮河流域", "<span data-toggle='tooltip' data-placement='right' title='所在地市:驻马店市&#10;所属河流:洪河'>新蔡班台(班台)</span>", "03-24 08:00", "Ⅲ", "<span data-toggle='tooltip' data-placement='right' title='原始值：18.31243'>18.3</span>", "<span data-toggle='tooltip' data-placement='right' title='原始值：7.33493'>7.33</span>", "<span data-toggle='tooltip' data-placement='right' title='原始值：8.25243'>8.25</span>", "<span data-toggle='tooltip' data-placement='right' title='原始值：565.4733'>565.5</span>", "<span data-toggle='tooltip' data-placement='right' title='原始值：5.10596'>5.1</span>", "<span data-toggle='tooltip' data-placement='right' title='原始值：3.92'>3.92</span>", "<span data-toggle='tooltip' data-placement='right' title='原始值：0.42'>0.420</span>", "<span data-toggle='tooltip' data-placement='right' title='原始值：0.14667'>0.147</span>", "<span data-toggle='tooltip' data-placement='right' title='原始值：3.256'>3.26</span>", "*", "*", "正常"], ["河南省", "黄河流域", "<span data-toggle='tooltip' data-placement='right' title='所在地市:济源市&#10;所属河流:黄河'>小浪底水库(小浪底)</span>", "03-24 08:00", "Ⅱ", "<span data-toggle='tooltip' data-placement='right' title='原始值：7.0146'>7.0</span>", "<span data-toggle='tooltip' data-placement='right' title='原始值：8.32093'>8.32</span>", "<span data-toggle='tooltip' data-placement='right' title='原始值：15.14075'>15.14</span>", "<span data-toggle='tooltip' data-placement='right' title='原始值：887.3594'>887.4</span>", "<span data-toggle='tooltip' data-placement='right' title='原始值：5.3503'>5.4</span>", "<span data-toggle='tooltip' data-placement='right' title='原始值：1.4075'>1.41</span>", "<span data-toggle='tooltip' data-placement='right' title='原始值：0.14'>0.140</span>", "<span data-toggle='tooltip' data-placement='right' title='原始值：0.0495'>0.050</span>", "<span data-toggle='tooltip' data-placement='right' title='原始值：4.0825'>4.08</span>", "*", "*", "正常"], ["湖北省", "长江流域", "<span data-toggle='tooltip' data-placement='right' title='所在地市:武汉市&#10;所属河流:汉江'>宗关</span>", "03-24 08:00", "Ⅱ", "<span data-toggle='tooltip' data-placement='right' title='原始值：14.12'>14.1</span>", "<span data-toggle='tooltip' data-placement='right' title='原始值：7.862403'>7.86</span>", "<span data-toggle='tooltip' data-placement='right' title='原始值：9.6544'>9.65</span>", "<span data-toggle='tooltip' data-placement='right' title='原始值：336.4168'>336.4</span>", "<span data-toggle='tooltip' data-placement='right' title='原始值：14.62799'>14.6</span>", "<span data-toggle='tooltip' data-placement='right' title='原始值：2.05'>2.05</span>", "<span data-toggle='tooltip' data-placement='right' title='原始值：0.081'>0.081</span>", "<span data-toggle='tooltip' data-placement='right' title='原始值：0.046'>0.046</span>", "<span data-toggle='tooltip' data-placement='right' title='原始值：2.191958'>2.19</span>", "<span data-toggle='tooltip' data-placement='right' title='原始值：0.0017422'>0.002</span>", "*", "正常"], ["湖北省", "长江流域", "<span data-toggle='tooltip' data-placement='right' title='所在地市:十堰市&#10;所属河流:丹江口水库'>坝上中(胡家岭)</span>", "03-24 08:00", "Ⅱ", "<span data-toggle='tooltip' data-placement='right' title='原始值：11.88'>11.9</span>", "<span data-toggle='tooltip' data-placement='right' title='原始值：8.085301'>8.09</span>", "<span data-toggle='tooltip' data-placement='right' title='原始值：10.42059'>10.42</span>", "<span data-toggle='tooltip' data-placement='right' title='原始值：244.816'>244.8</span>", "<span data-toggle='tooltip' data-placement='right' title='原始值：1.735896'>1.7</span>", "<span data-toggle='tooltip' data-placement='right' title='原始值：2.15'>2.15</span>", "<span data-toggle='tooltip' data-placement='right' title='原始值：0.08'>0.080</span>", "<span data-toggle='tooltip' data-placement='right' title='原始值：0.008'>0.008</span>", "<span data-toggle='tooltip' data-placement='right' title='原始值：1.33'>1.33</span>", "<span data-toggle='tooltip' data-placement='right' title='原始值：0.0060134'>0.006</span>", "<span data-toggle='tooltip' data-placement='right' title='原始值：7205000'>7205000</span>", "正常"], ["湖北省", "长江流域", "<span data-toggle='tooltip' data-placement='right' title='所在地市:宜昌市&#10;所属河流:长江'>南津关</span>", "03-24 08:00", "Ⅱ", "<span data-toggle='tooltip' data-placement='right' title='原始值：13.6'>13.6</span>", "<span data-toggle='tooltip' data-placement='right' title='原始值：7.90684'>7.91</span>", "<span data-toggle='tooltip' data-placement='right' title='原始值：9.102546'>9.10</span>", "<span data-toggle='tooltip' data-placement='right' title='原始值：442.577'>442.6</span>", "<span data-toggle='tooltip' data-placement='right' title='原始值：2.233681'>2.2</span>", "<span data-toggle='tooltip' data-placement='right' title='原始值：1.1'>1.10</span>", "<span data-toggle='tooltip' data-placement='right' title='原始值：0.086'>0.086</span>", "<span data-toggle='tooltip' data-placement='right' title='原始值：0.054'>0.054</span>", "<span data-toggle='tooltip' data-placement='right' title='原始值：1.701'>1.70</span>", "<span data-toggle='tooltip' data-placement='right' title='原始值：0.009892'>0.010</span>", "*", "正常"], ["湖南省", "长江流域", "<span data-toggle='tooltip' data-placement='right' title='所在地市:长沙市&#10;所属河流:湘江'>新港</span>", "03-24 08:00", "Ⅱ", "<span data-toggle='tooltip' data-placement='right' title='原始值：14.73'>14.7</span>", "<span data-toggle='tooltip' data-placement='right' title='原始值：7.18'>7.18</span>", "<span data-toggle='tooltip' data-placement='right' title='原始值：8.29'>8.29</span>", "<span data-toggle='tooltip' data-placement='right' title='原始值：236.55'>236.6</span>", "<span data-toggle='tooltip' data-placement='right' title='原始值：41.86'>41.9</span>", "<span data-toggle='tooltip' data-placement='right' title='原始值：2.08'>2.08</span>", "<span data-toggle='tooltip' data-placement='right' title='原始值：0.19'>0.190</span>", "<span data-toggle='tooltip' data-placement='right' title='原始值：0.066'>0.066</span>", "<span data-toggle='tooltip' data-placement='right' title='原始值：2'>2.00</span>", "*", "*", "正常"], ["湖南省", "长江流域", "<span data-toggle='tooltip' data-placement='right' title='所在地市:岳阳市&#10;所属河流:洞庭湖'>岳阳楼</span>", "03-24 08:00", "Ⅴ", "<span data-toggle='tooltip' data-placement='right' title='原始值：12.82'>12.8</span>", "<span data-toggle='tooltip' data-placement='right' title='原始值：7.478037'>7.48</span>", "<span data-toggle='tooltip' data-placement='right' title='原始值：8.071735'>8.07</span>", "<span data-toggle='tooltip' data-placement='right' title='原始值：237.778'>237.8</span>", "<span data-toggle='tooltip' data-placement='right' title='原始值：37.82435'>37.8</span>", "<span data-toggle='tooltip' data-placement='right' title='原始值：1.47'>1.47</span>", "<span data-toggle='tooltip' data-placement='right' title='原始值：0.019'>0.019</span>", "<span data-toggle='tooltip' data-placement='right' title='原始值：0.102'>0.102</span>", "<span data-toggle='tooltip' data-placement='right' title='原始值：2.99'>2.99</span>", "<span data-toggle='tooltip' data-placement='right' title='原始值：0.0026094'>0.003</span>", "<span data-toggle='tooltip' data-placement='right' title='原始值：217.847'>218</span>", "正常"], ["湖南省", "长江流域", "<span data-toggle='tooltip' data-placement='right' title='所在地市:岳阳市&#10;所属河流:长江'>城陵矶</span>", "03-24 08:00", "Ⅲ", "<span data-toggle='tooltip' data-placement='right' title='原始值：13.7'>13.7</span>", "<span data-toggle='tooltip' data-placement='right' title='原始值：7.587099'>7.59</span>", "<span data-toggle='tooltip' data-placement='right' title='原始值：10.06555'>10.07</span>", "<span data-toggle='tooltip' data-placement='right' title='原始值：246.625'>246.6</span>", "<span data-toggle='tooltip' data-placement='right' title='原始值：65.72635'>65.7</span>", "<span data-toggle='tooltip' data-placement='right' title='原始值：2.49'>2.49</span>", "<span data-toggle='tooltip' data-placement='right' title='原始值：0.009'>0.009</span>", "<span data-toggle='tooltip' data-placement='right' title='原始值：0.142'>0.142</span>", "<span data-toggle='tooltip' data-placement='right' title='原始值：1.8863'>1.89</span>", "*", "*", "正常"], ["广东省", "珠江流域", "<span data-toggle='tooltip' data-placement='right' title='所在地市:清远市&#10;所属河流:北江'>七星岗</span>", "03-24 08:00", "Ⅱ", "<span data-toggle='tooltip' data-placement='right' title='原始值：20.35953'>20.4</span>", "<span data-toggle='tooltip' data-placement='right' title='原始值：7.38475'>7.38</span>", "<span data-toggle='tooltip' data-placement='right' title='原始值：8.04017'>8.04</span>", "<span data-toggle='tooltip' data-placement='right' title='原始值：292.272'>292.3</span>", "<span data-toggle='tooltip' data-placement='right' title='原始值：6.32925'>6.3</span>", "<span data-toggle='tooltip' data-placement='right' title='原始值：2.15'>2.15</span>", "<span data-toggle='tooltip' data-placement='right' title='原始值：0.26871'>0.269</span>", "<span data-toggle='tooltip' data-placement='right' title='原始值：0.03296'>0.033</span>", "<span data-toggle='tooltip' data-placement='right' title='原始值：1.7822'>1.78</span>", "*", "*", "正常"], ["广东省", "珠江流域", "<span data-toggle='tooltip' data-placement='right' title='所在地市:中山市&#10;所属河流:西江'>横栏</span>", "03-24 08:00", "Ⅰ", "<span data-toggle='tooltip' data-placement='right' title='原始值：20.7'>20.7</span>", "<span data-toggle='tooltip' data-placement='right' title='原始值：7.66'>7.66</span>", "<span data-toggle='tooltip' data-placement='right' title='原始值：7.89'>7.89</span>", "<span data-toggle='tooltip' data-placement='right' title='原始值：289'>289.0</span>", "<span data-toggle='tooltip' data-placement='right' title='原始值：3.3'>3.3</span>", "<span data-toggle='tooltip' data-placement='right' title='原始值：1.57'>1.57</span>", "<span data-toggle='tooltip' data-placement='right' title='原始值：0.10357'>0.104</span>", "*", "*", "*", "*", "正常"], ["广西壮族自治区", "珠江流域", "<span data-toggle='tooltip' data-placement='right' title='所在地市:南宁市&#10;所属河流:邕江'>老口</span>", "03-24 08:00", "Ⅱ", "<span data-toggle='tooltip' data-placement='right' title='原始值：20.80688'>20.8</span>", "<span data-toggle='tooltip' data-placement='right' title='原始值：7.61117'>7.61</span>", "<span data-toggle='tooltip' data-placement='right' title='原始值：8.32965'>8.33</span>", "<span data-toggle='tooltip' data-placement='right' title='原始值：265.1479'>265.1</span>", "<span data-toggle='tooltip' data-placement='right' title='原始值：5.48347'>5.5</span>", "<span data-toggle='tooltip' data-placement='right' title='原始值：1.7567'>1.76</span>", "<span data-toggle='tooltip' data-placement='right' title='原始值：0.13664'>0.137</span>", "<span data-toggle='tooltip' data-placement='right' title='原始值：0.03391'>0.034</span>", "<span data-toggle='tooltip' data-placement='right' title='原始值：1.43585'>1.44</span>", "*", "*", "正常"], ["广西壮族自治区", "珠江流域", "<span data-toggle='tooltip' data-placement='right' title='所在地市:桂林市&#10;所属河流:漓江'>阳朔</span>", "03-24 08:00", "Ⅱ", "<span data-toggle='tooltip' data-placement='right' title='原始值：15.3'>15.3</span>", "<span data-toggle='tooltip' data-placement='right' title='原始值：7.53'>7.53</span>", "<span data-toggle='tooltip' data-placement='right' title='原始值：10.148'>10.15</span>", "<span data-toggle='tooltip' data-placement='right' title='原始值：144.299'>144.3</span>", "<span data-toggle='tooltip' data-placement='right' title='原始值：3.415'>3.4</span>", "<span data-toggle='tooltip' data-placement='right' title='原始值：0.647'>0.65</span>", "<span data-toggle='tooltip' data-placement='right' title='原始值：0.017'>0.017</span>", "<span data-toggle='tooltip' data-placement='right' title='原始值：0.04'>0.040</span>", "<span data-toggle='tooltip' data-placement='right' title='原始值：1.85'>1.85</span>", "*", "*", "正常"], ["广西壮族自治区", "珠江流域", "<span data-toggle='tooltip' data-placement='right' title='所在地市:梧州市&#10;所属河流:浔江'>界首</span>", null, "", "--", "--", "--", "--", "--", "--", "--", "--", "--", "*", "*", "停站"], ["广西壮族自治区", "珠江流域", "<span data-toggle='tooltip' data-placement='right' title='所在地市:贵港市&#10;所属河流:浔江'>石嘴</span>", "03-24 08:00", "Ⅱ", "<span data-toggle='tooltip' data-placement='right' title='原始值：20.31683'>20.3</span>", "<span data-toggle='tooltip' data-placement='right' title='原始值：7.70474'>7.70</span>", "<span data-toggle='tooltip' data-placement='right' title='原始值：8.52027'>8.52</span>", "<span data-toggle='tooltip' data-placement='right' title='原始值：257.228'>257.2</span>", "<span data-toggle='tooltip' data-placement='right' title='原始值：8.21376'>8.2</span>", "<span data-toggle='tooltip' data-placement='right' title='原始值：1.03'>1.03</span>", "<span data-toggle='tooltip' data-placement='right' title='原始值：0.15'>0.150</span>", "<span data-toggle='tooltip' data-placement='right' title='原始值：0.02936'>0.029</span>", "<span data-toggle='tooltip' data-placement='right' title='原始值：2.2006'>2.20</span>", "*", "*", "正常"], ["广西壮族自治区", "珠江流域", "<span data-toggle='tooltip' data-placement='right' title='所在地市:崇左市&#10;所属河流:平而河'>平而关</span>", "03-24 08:00", "", "<span data-toggle='tooltip' data-placement='right' title='原始值：20.73494'>20.7</span>", "<span data-toggle='tooltip' data-placement='right' title='原始值：7.36678'>7.37</span>", "<span data-toggle='tooltip' data-placement='right' title='原始值：8.39316'>8.39</span>", "<span data-toggle='tooltip' data-placement='right' title='原始值：265.4996'>265.5</span>", "<span data-toggle='tooltip' data-placement='right' title='原始值：19.198'>19.2</span>", "<span data-toggle='tooltip' data-placement='right' title='原始值：1.325'>1.32</span>", "<span data-toggle='tooltip' data-placement='right' title='极值过滤'>--</span>", "*", "*", "*", "*", "维护"], ["重庆市", "长江流域", "<span data-toggle='tooltip' data-placement='right' title='所在地市:永川区&#10;所属河流:长江'>朱沱</span>", "03-24 08:00", "Ⅱ", "<span data-toggle='tooltip' data-placement='right' title='原始值：14.85'>14.8</span>", "<span data-toggle='tooltip' data-placement='right' title='原始值：7.8'>7.80</span>", "<span data-toggle='tooltip' data-placement='right' title='原始值：10.44'>10.44</span>", "<span data-toggle='tooltip' data-placement='right' title='原始值：428.91'>428.9</span>", "<span data-toggle='tooltip' data-placement='right' title='原始值：37.2'>37.2</span>", "<span data-toggle='tooltip' data-placement='right' title='原始值：1.707'>1.71</span>", "<span data-toggle='tooltip' data-placement='right' title='原始值：0.025'>0.025</span>", "<span data-toggle='tooltip' data-placement='right' title='原始值：0.061'>0.061</span>", "<span data-toggle='tooltip' data-placement='right' title='原始值：1.541'>1.54</span>", "*", "*", "正常"], ["四川省", "长江流域", "<span data-toggle='tooltip' data-placement='right' title='所在地市:攀枝花市&#10;所属河流:金沙江'>龙洞</span>", "03-24 08:00", "", "<span data-toggle='tooltip' data-placement='right' title='原始值：13.93'>13.9</span>", "<span data-toggle='tooltip' data-placement='right' title='原始值：8.29845'>8.30</span>", "<span data-toggle='tooltip' data-placement='right' title='原始值：9.098415'>9.10</span>", "<span data-toggle='tooltip' data-placement='right' title='原始值：725.059'>725.1</span>", "<span data-toggle='tooltip' data-placement='right' title='原始值：2.931458'>2.9</span>", "<span data-toggle='tooltip' data-placement='right' title='原始值：0.85'>0.85</span>", "<span data-toggle='tooltip' data-placement='right' title='原始值：0.001'>0.001</span>", "<span data-toggle='tooltip' data-placement='right' title='极值过滤'>--</span>", "<span data-toggle='tooltip' data-placement='right' title='原始值：0.600152'>0.60</span>", "*", "*", "维护"], ["四川省", "长江流域", "<span data-toggle='tooltip' data-placement='right' title='所在地市:泸州市&#10;所属河流:沱江'>沱江大桥(沱江二桥)</span>", "03-24 08:00", "Ⅱ", "<span data-toggle='tooltip' data-placement='right' title='原始值：18.6'>18.6</span>", "<span data-toggle='tooltip' data-placement='right' title='原始值：8.169463'>8.17</span>", "<span data-toggle='tooltip' data-placement='right' title='原始值：8.487558'>8.49</span>", "<span data-toggle='tooltip' data-placement='right' title='原始值：654.8414'>654.8</span>", "<span data-toggle='tooltip' data-placement='right' title='原始值：34.93081'>34.9</span>", "<span data-toggle='tooltip' data-placement='right' title='原始值：2.1'>2.10</span>", "<span data-toggle='tooltip' data-placement='right' title='原始值：0.009'>0.009</span>", "<span data-toggle='tooltip' data-placement='right' title='原始值：0.062256'>0.062</span>", "<span data-toggle='tooltip' data-placement='right' title='原始值：3.412445'>3.41</span>", "*", "*", "正常"], ["四川省", "长江流域", "<span data-toggle='tooltip' data-placement='right' title='所在地市:广元市&#10;所属河流:嘉陵江'>清风峡</span>", "03-24 04:00", "Ⅰ", "<span data-toggle='tooltip' data-placement='right' title='原始值：12.59999'>12.6</span>", "<span data-toggle='tooltip' data-placement='right' title='原始值：8.22999'>8.23</span>", "<span data-toggle='tooltip' data-placement='right' title='原始值：10.70111'>10.70</span>", "<span data-toggle='tooltip' data-placement='right' title='原始值：401.7037'>401.7</span>", "<span data-toggle='tooltip' data-placement='right' title='原始值：88.8981'>88.9</span>", "<span data-toggle='tooltip' data-placement='right' title='原始值：0.49'>0.49</span>", "<span data-toggle='tooltip' data-placement='right' title='原始值：0.10225'>0.102</span>", "*", "*", "*", "*", "正常"], ["四川省", "长江流域", "<span data-toggle='tooltip' data-placement='right' title='所在地市:乐山市&#10;所属河流:岷江'>岷江大桥</span>", null, "", "--", "--", "--", "--", "--", "--", "--", "--", "--", "*", "*", "停站"], ["四川省", "长江流域", "<span data-toggle='tooltip' data-placement='right' title='所在地市:宜宾市&#10;所属河流:岷江'>凉姜沟</span>", "03-24 08:00", "Ⅱ", "<span data-toggle='tooltip' data-placement='right' title='原始值：15.63'>15.6</span>", "<span data-toggle='tooltip' data-placement='right' title='原始值：8.132252'>8.13</span>", "<span data-toggle='tooltip' data-placement='right' title='原始值：9.337668'>9.34</span>", "<span data-toggle='tooltip' data-placement='right' title='原始值：322.7822'>322.8</span>", "<span data-toggle='tooltip' data-placement='right' title='原始值：23.00542'>23.0</span>", "<span data-toggle='tooltip' data-placement='right' title='原始值：1.38'>1.38</span>", "<span data-toggle='tooltip' data-placement='right' title='原始值：0.141'>0.141</span>", "<span data-toggle='tooltip' data-placement='right' title='原始值：0.0919256'>0.092</span>", "<span data-toggle='tooltip' data-placement='right' title='原始值：1.916222'>1.92</span>", "*", "*", "正常"], ["云南省", "滇池流域", "<span data-toggle='tooltip' data-placement='right' title='所在地市:昆明市&#10;所属河流:滇池'>西苑隧道</span>", "03-24 08:00", "Ⅳ", "<span data-toggle='tooltip' data-placement='right' title='原始值：16.15'>16.2</span>", "<span data-toggle='tooltip' data-placement='right' title='原始值：8.30252'>8.30</span>", "<span data-toggle='tooltip' data-placement='right' title='原始值：8.919'>8.92</span>", "<span data-toggle='tooltip' data-placement='right' title='原始值：731.255'>731.3</span>", "<span data-toggle='tooltip' data-placement='right' title='原始值：10.22'>10.2</span>", "<span data-toggle='tooltip' data-placement='right' title='原始值：6.79794'>6.80</span>", "<span data-toggle='tooltip' data-placement='right' title='原始值：0.0169'>0.017</span>", "<span data-toggle='tooltip' data-placement='right' title='原始值：0.08737'>0.087</span>", "<span data-toggle='tooltip' data-placement='right' title='原始值：4.15643'>4.16</span>", "<span data-toggle='tooltip' data-placement='right' title='原始值：0.01769'>0.018</span>", "<span data-toggle='tooltip' data-placement='right' title='原始值：2.902633E+07'>29026330</span>", "正常"], ["云南省", "滇池流域", "<span data-toggle='tooltip' data-placement='right' title='所在地市:昆明市&#10;所属河流:滇池'>观音山</span>", "03-24 08:00", "Ⅳ", "<span data-toggle='tooltip' data-placement='right' title='原始值：14.68915'>14.7</span>", "<span data-toggle='tooltip' data-placement='right' title='原始值：8.81926'>8.82</span>", "<span data-toggle='tooltip' data-placement='right' title='原始值：9.024'>9.02</span>", "<span data-toggle='tooltip' data-placement='right' title='原始值：445.03'>445.0</span>", "<span data-toggle='tooltip' data-placement='right' title='原始值：19.378'>19.4</span>", "<span data-toggle='tooltip' data-placement='right' title='原始值：7.58537'>7.59</span>", "<span data-toggle='tooltip' data-placement='right' title='原始值：0.49'>0.490</span>", "<span data-toggle='tooltip' data-placement='right' title='原始值：0.077'>0.077</span>", "<span data-toggle='tooltip' data-placement='right' title='原始值：1.523'>1.52</span>", "<span data-toggle='tooltip' data-placement='right' title='原始值：0.01198'>0.012</span>", "<span data-toggle='tooltip' data-placement='right' title='原始值：3.844571E+07'>38445710</span>", "正常"], ["云南省", "西南诸河", "<span data-toggle='tooltip' data-placement='right' title='所在地市:红河哈尼族彝族自治州&#10;所属河流:红河'>河口县医院(河口)</span>", "03-24 08:00", "Ⅱ", "<span data-toggle='tooltip' data-placement='right' title='原始值：21.49875'>21.5</span>", "<span data-toggle='tooltip' data-placement='right' title='原始值：7.59918'>7.60</span>", "<span data-toggle='tooltip' data-placement='right' title='原始值：7.85778'>7.86</span>", "<span data-toggle='tooltip' data-placement='right' title='原始值：274.2314'>274.2</span>", "<span data-toggle='tooltip' data-placement='right' title='原始值：128.9743'>129.0</span>", "<span data-toggle='tooltip' data-placement='right' title='原始值：2.22438'>2.22</span>", "<span data-toggle='tooltip' data-placement='right' title='原始值：0.08879'>0.089</span>", "<span data-toggle='tooltip' data-placement='right' title='原始值：0.06186'>0.062</span>", "<span data-toggle='tooltip' data-placement='right' title='原始值：1.38501'>1.39</span>", "*", "*", "正常"], ["云南省", "西南诸河", "<span data-toggle='tooltip' data-placement='right' title='所在地市:西双版纳傣族自治州&#10;所属河流:澜沧江'>橄榄坝</span>", "03-24 08:00", "Ⅱ", "<span data-toggle='tooltip' data-placement='right' title='原始值：19.644'>19.6</span>", "<span data-toggle='tooltip' data-placement='right' title='原始值：7.631'>7.63</span>", "<span data-toggle='tooltip' data-placement='right' title='原始值：6.882'>6.88</span>", "<span data-toggle='tooltip' data-placement='right' title='原始值：518.405'>518.4</span>", "<span data-toggle='tooltip' data-placement='right' title='原始值：5.85'>5.8</span>", "<span data-toggle='tooltip' data-placement='right' title='原始值：0.595'>0.60</span>", "<span data-toggle='tooltip' data-placement='right' title='原始值：0.05'>0.050</span>", "*", "*", "*", "*", "正常"], ["陕西省", "黄河流域", "<span data-toggle='tooltip' data-placement='right' title='所在地市:渭南市&#10;所属河流:渭河'>潼关吊桥</span>", "03-24 08:00", "Ⅱ", "<span data-toggle='tooltip' data-placement='right' title='原始值：13.2'>13.2</span>", "<span data-toggle='tooltip' data-placement='right' title='原始值：8.25492'>8.25</span>", "<span data-toggle='tooltip' data-placement='right' title='原始值：8.70492'>8.70</span>", "<span data-toggle='tooltip' data-placement='right' title='原始值：1398.485'>1398.5</span>", "<span data-toggle='tooltip' data-placement='right' title='原始值：159.6864'>159.7</span>", "<span data-toggle='tooltip' data-placement='right' title='原始值：2.55'>2.55</span>", "<span data-toggle='tooltip' data-placement='right' title='原始值：0.11'>0.110</span>", "<span data-toggle='tooltip' data-placement='right' title='原始值：0.07682'>0.077</span>", "<span data-toggle='tooltip' data-placement='right' title='原始值：7.95368'>7.95</span>", "*", "*", "正常"]]}