{"result": 1, "total": 2, "records": 100, "thead": ["省份", "流域", "断面名称", "监测时间", "水质类别", "水温<br/><span class='unit'>(℃)</span>", "pH<br/><span class='unit'>(无量纲)</span>", "溶解氧<br/><span class='unit'>(mg/L)</span>", "电导率<br/><span class='unit'>(μS/cm)</span>", "浊度<br/><span class='unit'>(NTU)</span>", "高锰酸盐指数<br/><span class='unit'>(mg/L)</span>", "氨氮<br/><span class='unit'>(mg/L)</span>", "总磷<br/><span class='unit'>(mg/L)</span>", "总氮<br/><span class='unit'>(mg/L)</span>", "叶绿素α<br/><span class='unit'>(mg/L)</span>", "藻密度<br/><span class='unit'>(cells/L)</span>", "站点情况"], "tbody": [["北京市", "海河流域", "<span data-toggle='tooltip' data-placement='right' title='所在地市:门头沟区&#10;所属河流:永定河'>沿河城</span>", null, "", "--", "--", "--", "--", "--", "--", "--", "--", "--", "*", "*", "停站"], ["北京市", "淮河流域", "<span data-toggle='tooltip' data-placement='right' title='所在地市:房山区&#10;所属河流:小清河'>八间房漫水桥</span>", "03-20 08:00", "Ⅱ", "<span data-toggle='tooltip' data-placement='right' title='原始值：8.6'>8.6</span>", "<span data-toggle='tooltip' data-placement='right' title='原始值：7.99'>7.99</span>", "<span data-toggle='tooltip' data-placement='right' title='原始值：8.78'>8.78</span>", "<span data-toggle='tooltip' data-placement='right' title='原始值：1119.3'>1119.3</span>", "<span data-toggle='tooltip' data-placement='right' title='原始值：5.77'>5.8</span>", "<span data-toggle='tooltip' data-placement='right' title='原始值：3.617'>3.62</span>", "<span data-toggle='tooltip' data-placement='right' title='原始值：0.047'>0.047</span>", "<span data-toggle='tooltip' data-placement='right' title='原始值：0.043'>0.043</span>", "<span data-toggle='tooltip' data-placement='right' title='原始值：4.12'>4.12</span>", "*", "*", "正常"], ["北京市", "海河流域", "<span data-toggle='tooltip' data-placement='right' title='所在地市:密云区&#10;所属河流:潮河'>古北口</span>", null, "", "--", "--", "--", "--", "--", "--", "--", "--", "--", "*", "*", "停站"], ["天津市", "海河流域", "<span data-toggle='tooltip' data-placement='right' title='所在地市:河北区&#10;所属河流:海河'>三岔口</span>", "03-20 08:00", "Ⅱ", "<span data-toggle='tooltip' data-placement='right' title='原始值：10.05'>10.0</span>", "<span data-toggle='tooltip' data-placement='right' title='原始值：7.8115'>7.81</span>", "<span data-toggle='tooltip' data-placement='right' title='原始值：9.014'>9.01</span>", "<span data-toggle='tooltip' data-placement='right' title='原始值：741.0645'>741.1</span>", "<span data-toggle='tooltip' data-placement='right' title='原始值：26.94'>26.9</span>", "<span data-toggle='tooltip' data-placement='right' title='原始值：2.51'>2.51</span>", "<span data-toggle='tooltip' data-placement='right' title='原始值：0.3'>0.300</span>", "<span data-toggle='tooltip' data-placement='right' title='原始值：0.0462'>0.046</span>", "<span data-toggle='tooltip' data-placement='right' title='原始值：1.571'>1.57</span>", "*", "*", "正常"], ["天津市", "海河流域", "<span data-toggle='tooltip' data-placement='right' title='所在地市:蓟州区&#10;所属河流:果河'>果河桥</span>", "03-20 08:00", "Ⅱ", "<span data-toggle='tooltip' data-placement='right' title='原始值：9.7'>9.7</span>", "<span data-toggle='tooltip' data-placement='right' title='原始值：8.38'>8.38</span>", "<span data-toggle='tooltip' data-placement='right' title='原始值：11.049'>11.05</span>", "<span data-toggle='tooltip' data-placement='right' title='原始值：764.008'>764.0</span>", "<span data-toggle='tooltip' data-placement='right' title='原始值：10.2'>10.2</span>", "<span data-toggle='tooltip' data-placement='right' title='原始值：1.5237'>1.52</span>", "<span data-toggle='tooltip' data-placement='right' title='原始值：0.26'>0.260</span>", "<span data-toggle='tooltip' data-placement='right' title='原始值：0.0506'>0.051</span>", "<span data-toggle='tooltip' data-placement='right' title='原始值：10.8254'>10.83</span>", "*", "*", "正常"], ["河北省", "海河流域", "<span data-toggle='tooltip' data-placement='right' title='所在地市:石家庄市&#10;所属河流:滹沱河'>岗南水库</span>", "03-20 08:00", "Ⅱ", "<span data-toggle='tooltip' data-placement='right' title='原始值：12.64151'>12.6</span>", "<span data-toggle='tooltip' data-placement='right' title='原始值：8.76523'>8.77</span>", "<span data-toggle='tooltip' data-placement='right' title='原始值：14.30434'>14.30</span>", "<span data-toggle='tooltip' data-placement='right' title='原始值：481.6777'>481.7</span>", "<span data-toggle='tooltip' data-placement='right' title='原始值：3.98588'>4.0</span>", "<span data-toggle='tooltip' data-placement='right' title='原始值：2.25855'>2.26</span>", "<span data-toggle='tooltip' data-placement='right' title='原始值：0.06'>0.060</span>", "<span data-toggle='tooltip' data-placement='right' title='原始值：0.00845'>0.008</span>", "<span data-toggle='tooltip' data-placement='right' title='原始值：2.47911'>2.48</span>", "*", "*", "正常"], ["河北省", "海河流域", "<span data-toggle='tooltip' data-placement='right' title='所在地市:张家口市&#10;所属河流:永定河'>八号桥</span>", "03-20 08:00", "Ⅲ", "<span data-toggle='tooltip' data-placement='right' title='原始值：5.30406'>5.3</span>", "<span data-toggle='tooltip' data-placement='right' title='原始值：8.2851'>8.29</span>", "<span data-toggle='tooltip' data-placement='right' title='原始值：10.09367'>10.09</span>", "<span data-toggle='tooltip' data-placement='right' title='原始值：994.7771'>994.8</span>", "<span data-toggle='tooltip' data-placement='right' title='原始值：30.17248'>30.2</span>", "<span data-toggle='tooltip' data-placement='right' title='原始值：4.96'>4.96</span>", "<span data-toggle='tooltip' data-placement='right' title='原始值：0.96'>0.960</span>", "<span data-toggle='tooltip' data-placement='right' title='原始值：0.155'>0.155</span>", "<span data-toggle='tooltip' data-placement='right' title='原始值：7.175'>7.18</span>", "*", "*", "正常"], ["山西省", "黄河流域", "<span data-toggle='tooltip' data-placement='right' title='所在地市:运城市&#10;所属河流:汾河'>河津大桥</span>", "03-20 08:00", "Ⅴ", "<span data-toggle='tooltip' data-placement='right' title='原始值：12.26885'>12.3</span>", "<span data-toggle='tooltip' data-placement='right' title='原始值：7.945'>7.94</span>", "<span data-toggle='tooltip' data-placement='right' title='原始值：7.41207'>7.41</span>", "<span data-toggle='tooltip' data-placement='right' title='原始值：1421.082'>1421.1</span>", "<span data-toggle='tooltip' data-placement='right' title='原始值：18.89322'>18.9</span>", "<span data-toggle='tooltip' data-placement='right' title='原始值：7.6'>7.60</span>", "<span data-toggle='tooltip' data-placement='right' title='原始值：1.94'>1.940</span>", "*", "*", "*", "*", "正常"], ["山西省", "黄河流域", "<span data-toggle='tooltip' data-placement='right' title='所在地市:忻州市&#10;所属河流:黄河'>万家寨水库</span>", null, "", "--", "--", "--", "--", "--", "--", "--", "--", "--", "*", "*", "停站"], ["内蒙古自治区", "黄河流域", "<span data-toggle='tooltip' data-placement='right' title='所在地市:包头市&#10;所属河流:黄河'>画匠营子</span>", "03-20 08:00", "Ⅱ", "<span data-toggle='tooltip' data-placement='right' title='原始值：10.02679'>10.0</span>", "<span data-toggle='tooltip' data-placement='right' title='原始值：8.22151'>8.22</span>", "<span data-toggle='tooltip' data-placement='right' title='原始值：10.53984'>10.54</span>", "<span data-toggle='tooltip' data-placement='right' title='原始值：1449.661'>1449.7</span>", "<span data-toggle='tooltip' data-placement='right' title='原始值：549.0687'>549.1</span>", "<span data-toggle='tooltip' data-placement='right' title='原始值：3.39818'>3.40</span>", "<span data-toggle='tooltip' data-placement='right' title='原始值：0.07952'>0.080</span>", "*", "*", "*", "*", "正常"], ["内蒙古自治区", "黄河流域", "<span data-toggle='tooltip' data-placement='right' title='所在地市:乌海市&#10;所属河流:黄河'>海勃湾</span>", "03-20 08:00", "Ⅱ", "<span data-toggle='tooltip' data-placement='right' title='原始值：15.42012'>15.4</span>", "<span data-toggle='tooltip' data-placement='right' title='原始值：7.51405'>7.51</span>", "<span data-toggle='tooltip' data-placement='right' title='原始值：6.60099'>6.60</span>", "<span data-toggle='tooltip' data-placement='right' title='原始值：750.8063'>750.8</span>", "<span data-toggle='tooltip' data-placement='right' title='原始值：11.7794'>11.8</span>", "<span data-toggle='tooltip' data-placement='right' title='原始值：1.77'>1.77</span>", "<span data-toggle='tooltip' data-placement='right' title='原始值：0.28'>0.280</span>", "*", "*", "*", "*", "正常"], ["内蒙古自治区", "松花江流域", "<span data-toggle='tooltip' data-placement='right' title='所在地市:呼伦贝尔市&#10;所属河流:额尔古纳河'>黑山头</span>", null, "", "--", "--", "--", "--", "--", "--", "--", "--", "--", "*", "*", "停站"], ["辽宁省", "辽河流域", "<span data-toggle='tooltip' data-placement='right' title='所在地市:抚顺市&#10;所属河流:浑河'>大伙房水库</span>", "03-20 08:00", "Ⅱ", "<span data-toggle='tooltip' data-placement='right' title='原始值：5.86169'>5.9</span>", "<span data-toggle='tooltip' data-placement='right' title='原始值：7.99769'>8.00</span>", "<span data-toggle='tooltip' data-placement='right' title='原始值：10.99652'>11.00</span>", "<span data-toggle='tooltip' data-placement='right' title='原始值：323.5936'>323.6</span>", "<span data-toggle='tooltip' data-placement='right' title='原始值：6.44745'>6.4</span>", "<span data-toggle='tooltip' data-placement='right' title='原始值：2.67777'>2.68</span>", "<span data-toggle='tooltip' data-placement='right' title='原始值：0.22'>0.220</span>", "<span data-toggle='tooltip' data-placement='right' title='原始值：0.01247'>0.012</span>", "<span data-toggle='tooltip' data-placement='right' title='原始值：3.1273'>3.13</span>", "<span data-toggle='tooltip' data-placement='right' title='原始值：0.00825'>0.008</span>", "*", "正常"], ["辽宁省", "辽河流域", "<span data-toggle='tooltip' data-placement='right' title='所在地市:丹东市&#10;所属河流:鸭绿江'>江桥</span>", null, "", "--", "--", "--", "--", "--", "--", "--", "--", "--", "*", "*", "维护"], ["辽宁省", "辽河流域", "<span data-toggle='tooltip' data-placement='right' title='所在地市:营口市&#10;所属河流:大辽河'>辽河公园</span>", "03-20 08:00", "Ⅴ", "<span data-toggle='tooltip' data-placement='right' title='原始值：8.89737'>8.9</span>", "<span data-toggle='tooltip' data-placement='right' title='原始值：7.80807'>7.81</span>", "<span data-toggle='tooltip' data-placement='right' title='原始值：12.59775'>12.60</span>", "<span data-toggle='tooltip' data-placement='right' title='原始值：8057.022'>8057.0</span>", "<span data-toggle='tooltip' data-placement='right' title='原始值：109.8927'>109.9</span>", "<span data-toggle='tooltip' data-placement='right' title='原始值：6.39065'>6.39</span>", "<span data-toggle='tooltip' data-placement='right' title='原始值：1.88234'>1.882</span>", "<span data-toggle='tooltip' data-placement='right' title='原始值：0.15088'>0.151</span>", "<span data-toggle='tooltip' data-placement='right' title='原始值：8.0387'>8.04</span>", "*", "*", "正常"], ["辽宁省", "辽河流域", "<span data-toggle='tooltip' data-placement='right' title='所在地市:辽阳市&#10;所属河流:太子河'>汤河水库</span>", null, "", "--", "--", "--", "--", "--", "--", "--", "--", "--", "*", "*", "停站"], ["辽宁省", "辽河流域", "<span data-toggle='tooltip' data-placement='right' title='所在地市:盘锦市&#10;所属河流:辽河'>盘锦兴安(兴安)</span>", null, "", "--", "--", "--", "--", "--", "--", "--", "--", "--", "*", "*", "停站"], ["辽宁省", "辽河流域", "<span data-toggle='tooltip' data-placement='right' title='所在地市:铁岭市&#10;所属河流:辽河'>珠尔山</span>", "03-20 04:00", "Ⅲ", "<span data-toggle='tooltip' data-placement='right' title='原始值：5.3586'>5.4</span>", "<span data-toggle='tooltip' data-placement='right' title='原始值：7.72974'>7.73</span>", "<span data-toggle='tooltip' data-placement='right' title='原始值：11.74184'>11.74</span>", "<span data-toggle='tooltip' data-placement='right' title='原始值：541.9092'>541.9</span>", "<span data-toggle='tooltip' data-placement='right' title='原始值：8.3889'>8.4</span>", "<span data-toggle='tooltip' data-placement='right' title='原始值：3.95792'>3.96</span>", "<span data-toggle='tooltip' data-placement='right' title='原始值：0.7'>0.700</span>", "<span data-toggle='tooltip' data-placement='right' title='原始值：0.09382'>0.094</span>", "<span data-toggle='tooltip' data-placement='right' title='原始值：6.18342'>6.18</span>", "*", "*", "正常"], ["吉林省", "松花江流域", "<span data-toggle='tooltip' data-placement='right' title='所在地市:长春市&#10;所属河流:松花江'>松花江村</span>", null, "", "--", "--", "--", "--", "--", "--", "--", "--", "--", "*", "*", "停站"], ["吉林省", "松花江流域", "<span data-toggle='tooltip' data-placement='right' title='所在地市:白城市&#10;所属河流:嫩江'>白沙滩</span>", "03-20 08:00", "Ⅲ", "<span data-toggle='tooltip' data-placement='right' title='原始值：4.25672'>4.3</span>", "<span data-toggle='tooltip' data-placement='right' title='原始值：6.84464'>6.84</span>", "<span data-toggle='tooltip' data-placement='right' title='原始值：12.84469'>12.84</span>", "<span data-toggle='tooltip' data-placement='right' title='原始值：246.4324'>246.4</span>", "<span data-toggle='tooltip' data-placement='right' title='原始值：22.71183'>22.7</span>", "<span data-toggle='tooltip' data-placement='right' title='原始值：4.41842'>4.42</span>", "<span data-toggle='tooltip' data-placement='right' title='原始值：0.16227'>0.162</span>", "<span data-toggle='tooltip' data-placement='right' title='原始值：0.04708'>0.047</span>", "<span data-toggle='tooltip' data-placement='right' title='原始值：1.44739'>1.45</span>", "*", "*", "正常"], ["吉林省", "松花江流域", "<span data-toggle='tooltip' data-placement='right' title='所在地市:延边朝鲜族自治州&#10;所属河流:图们江'>圈河</span>", "03-20 08:00", "Ⅲ", "<span data-toggle='tooltip' data-placement='right' title='原始值：7.4'>7.4</span>", "<span data-toggle='tooltip' data-placement='right' title='原始值：7.14'>7.14</span>", "<span data-toggle='tooltip' data-placement='right' title='原始值：11.56125'>11.56</span>", "<span data-toggle='tooltip' data-placement='right' title='原始值：242.375'>242.4</span>", "<span data-toggle='tooltip' data-placement='right' title='原始值：66'>66.0</span>", "<span data-toggle='tooltip' data-placement='right' title='原始值：2.53'>2.53</span>", "<span data-toggle='tooltip' data-placement='right' title='原始值：0.50402'>0.504</span>", "<span data-toggle='tooltip' data-placement='right' title='原始值：0.08357'>0.084</span>", "<span data-toggle='tooltip' data-placement='right' title='原始值：2.1094'>2.11</span>", "*", "*", "正常"], ["黑龙江省", "松花江流域", "<span data-toggle='tooltip' data-placement='right' title='所在地市:大庆市&#10;所属河流:松花江'>肇源</span>", null, "", "--", "--", "--", "--", "--", "--", "--", "--", "--", "*", "*", "停站"], ["黑龙江省", "松花江流域", "<span data-toggle='tooltip' data-placement='right' title='所在地市:佳木斯市&#10;所属河流:乌苏里江'>乌苏镇</span>", null, "", "--", "--", "--", "--", "--", "--", "--", "--", "--", "*", "*", "停站"], ["黑龙江省", "松花江流域", "<span data-toggle='tooltip' data-placement='right' title='所在地市:佳木斯市&#10;所属河流:松花江'>同江</span>", "03-20 08:00", "Ⅲ", "<span data-toggle='tooltip' data-placement='right' title='原始值：1.80362'>1.8</span>", "<span data-toggle='tooltip' data-placement='right' title='原始值：7.01592'>7.02</span>", "<span data-toggle='tooltip' data-placement='right' title='原始值：10.775'>10.78</span>", "<span data-toggle='tooltip' data-placement='right' title='原始值：327.072'>327.1</span>", "<span data-toggle='tooltip' data-placement='right' title='原始值：14.8152'>14.8</span>", "<span data-toggle='tooltip' data-placement='right' title='原始值：4.8566'>4.86</span>", "<span data-toggle='tooltip' data-placement='right' title='原始值：0.28176'>0.282</span>", "<span data-toggle='tooltip' data-placement='right' title='原始值：0.052'>0.052</span>", "<span data-toggle='tooltip' data-placement='right' title='原始值：2.33118'>2.33</span>", "*", "*", "正常"], ["黑龙江省", "松花江流域", "<span data-toggle='tooltip' data-placement='right' title='所在地市:黑河市&#10;所属河流:黑龙江'>黑河下(黑河)</span>", null, "", "--", "--", "--", "--", "--", "--", "--", "--", "--", "*", "*", "停站"], ["上海市", "长江流域", "<span data-toggle='tooltip' data-placement='right' title='所在地市:青浦区&#10;所属河流:淀山湖'>急水港桥</span>", "03-20 08:00", "Ⅳ", "<span data-toggle='tooltip' data-placement='right' title='原始值：13.5'>13.5</span>", "<span data-toggle='tooltip' data-placement='right' title='原始值：7.36'>7.36</span>", "<span data-toggle='tooltip' data-placement='right' title='原始值：6.67'>6.67</span>", "<span data-toggle='tooltip' data-placement='right' title='原始值：712'>712.0</span>", "<span data-toggle='tooltip' data-placement='right' title='原始值：123.2'>123.2</span>", "<span data-toggle='tooltip' data-placement='right' title='原始值：3.3125'>3.31</span>", "<span data-toggle='tooltip' data-placement='right' title='原始值：0.66047'>0.660</span>", "<span data-toggle='tooltip' data-placement='right' title='原始值：0.07614'>0.076</span>", "<span data-toggle='tooltip' data-placement='right' title='原始值：4.42096'>4.42</span>", "<span data-toggle='tooltip' data-placement='right' title='原始值：0.00672'>0.007</span>", "<span data-toggle='tooltip' data-placement='right' title='原始值：4095127'>4095127</span>", "正常"], ["江苏省", "长江流域", "<span data-toggle='tooltip' data-placement='right' title='所在地市:南京市&#10;所属河流:长江'>林山</span>", "03-20 08:00", "Ⅱ", "<span data-toggle='tooltip' data-placement='right' title='原始值：16.0399'>16.0</span>", "<span data-toggle='tooltip' data-placement='right' title='原始值：7.67673'>7.68</span>", "<span data-toggle='tooltip' data-placement='right' title='原始值：8.71942'>8.72</span>", "<span data-toggle='tooltip' data-placement='right' title='原始值：348.876'>348.9</span>", "<span data-toggle='tooltip' data-placement='right' title='原始值：14.0354'>14.0</span>", "<span data-toggle='tooltip' data-placement='right' title='原始值：2.15'>2.15</span>", "<span data-toggle='tooltip' data-placement='right' title='原始值：0.11895'>0.119</span>", "*", "*", "*", "*", "正常"], ["江苏省", "太湖流域", "<span data-toggle='tooltip' data-placement='right' title='所在地市:无锡市&#10;所属河流:太湖'>沙渚</span>", "03-20 08:00", "Ⅱ", "<span data-toggle='tooltip' data-placement='right' title='原始值：18.94517'>18.9</span>", "<span data-toggle='tooltip' data-placement='right' title='原始值：8.094231'>8.09</span>", "<span data-toggle='tooltip' data-placement='right' title='原始值：9.068377'>9.07</span>", "<span data-toggle='tooltip' data-placement='right' title='原始值：544.725'>544.7</span>", "<span data-toggle='tooltip' data-placement='right' title='原始值：33.24792'>33.2</span>", "<span data-toggle='tooltip' data-placement='right' title='原始值：3.12641'>3.13</span>", "<span data-toggle='tooltip' data-placement='right' title='原始值：0.19'>0.190</span>", "<span data-toggle='tooltip' data-placement='right' title='原始值：0.0393'>0.039</span>", "<span data-toggle='tooltip' data-placement='right' title='原始值：2.24'>2.24</span>", "<span data-toggle='tooltip' data-placement='right' title='原始值：0.029825'>0.030</span>", "*", "正常"], ["江苏省", "淮河流域", "<span data-toggle='tooltip' data-placement='right' title='所在地市:徐州市&#10;所属河流:武河'>小红圈</span>", "03-20 08:00", "劣Ⅴ", "<span data-toggle='tooltip' data-placement='right' title='原始值：12.22'>12.2</span>", "<span data-toggle='tooltip' data-placement='right' title='原始值：9.18'>9.18</span>", "<span data-toggle='tooltip' data-placement='right' title='原始值：12.32'>12.32</span>", "<span data-toggle='tooltip' data-placement='right' title='原始值：472.2'>472.2</span>", "<span data-toggle='tooltip' data-placement='right' title='原始值：25'>25.0</span>", "<span data-toggle='tooltip' data-placement='right' title='原始值：4.83'>4.83</span>", "<span data-toggle='tooltip' data-placement='right' title='原始值：0.033'>0.033</span>", "*", "*", "*", "*", "正常"], ["江苏省", "淮河流域", "<span data-toggle='tooltip' data-placement='right' title='所在地市:徐州市&#10;所属河流:沿河'>李集桥</span>", "03-20 08:00", "Ⅲ", "<span data-toggle='tooltip' data-placement='right' title='原始值：12.93'>12.9</span>", "<span data-toggle='tooltip' data-placement='right' title='原始值：7.83'>7.83</span>", "<span data-toggle='tooltip' data-placement='right' title='原始值：9.72'>9.72</span>", "<span data-toggle='tooltip' data-placement='right' title='原始值：1170.1'>1170.1</span>", "<span data-toggle='tooltip' data-placement='right' title='原始值：52.52'>52.5</span>", "<span data-toggle='tooltip' data-placement='right' title='原始值：5.03'>5.03</span>", "<span data-toggle='tooltip' data-placement='right' title='原始值：0.063'>0.063</span>", "<span data-toggle='tooltip' data-placement='right' title='原始值：0.048'>0.048</span>", "<span data-toggle='tooltip' data-placement='right' title='原始值：2.38'>2.38</span>", "*", "*", "正常"], ["江苏省", "淮河流域", "<span data-toggle='tooltip' data-placement='right' title='所在地市:徐州市&#10;所属河流:邳苍分洪道'>艾山西大桥</span>", "03-20 08:00", "Ⅲ", "<span data-toggle='tooltip' data-placement='right' title='原始值：12.4635'>12.5</span>", "<span data-toggle='tooltip' data-placement='right' title='原始值：8.27964'>8.28</span>", "<span data-toggle='tooltip' data-placement='right' title='原始值：12.0883'>12.09</span>", "<span data-toggle='tooltip' data-placement='right' title='原始值：707.395'>707.4</span>", "<span data-toggle='tooltip' data-placement='right' title='原始值：344.311'>344.3</span>", "<span data-toggle='tooltip' data-placement='right' title='原始值：5.24'>5.24</span>", "<span data-toggle='tooltip' data-placement='right' title='原始值：0.11'>0.110</span>", "<span data-toggle='tooltip' data-placement='right' title='原始值：0.03103'>0.031</span>", "<span data-toggle='tooltip' data-placement='right' title='原始值：9.15781'>9.16</span>", "*", "*", "正常"], ["江苏省", "太湖流域", "<span data-toggle='tooltip' data-placement='right' title='所在地市:苏州市&#10;所属河流:太湖'>兰山嘴(老)</span>", "03-20 08:00", "劣Ⅴ", "<span data-toggle='tooltip' data-placement='right' title='原始值：12.79565'>12.8</span>", "<span data-toggle='tooltip' data-placement='right' title='原始值：7.56462'>7.56</span>", "<span data-toggle='tooltip' data-placement='right' title='原始值：9.32969'>9.33</span>", "<span data-toggle='tooltip' data-placement='right' title='原始值：384.1647'>384.2</span>", "<span data-toggle='tooltip' data-placement='right' title='原始值：163.7926'>163.8</span>", "<span data-toggle='tooltip' data-placement='right' title='原始值：4.76'>4.76</span>", "<span data-toggle='tooltip' data-placement='right' title='原始值：2.22751'>2.228</span>", "<span data-toggle='tooltip' data-placement='right' title='原始值：0.31242'>0.312</span>", "<span data-toggle='tooltip' data-placement='right' title='原始值：8.90751'>8.91</span>", "<span data-toggle='tooltip' data-placement='right' title='原始值：0.04146'>0.041</span>", "*", "正常"], ["江苏省", "太湖流域", "<span data-toggle='tooltip' data-placement='right' title='所在地市:苏州市&#10;所属河流:太湖'>西山</span>", "03-20 08:00", "Ⅲ", "<span data-toggle='tooltip' data-placement='right' title='原始值：13.26368'>13.3</span>", "<span data-toggle='tooltip' data-placement='right' title='原始值：7.88289'>7.88</span>", "<span data-toggle='tooltip' data-placement='right' title='原始值：10.32073'>10.32</span>", "<span data-toggle='tooltip' data-placement='right' title='原始值：461.2789'>461.3</span>", "<span data-toggle='tooltip' data-placement='right' title='原始值：248.7685'>248.8</span>", "<span data-toggle='tooltip' data-placement='right' title='原始值：1.78'>1.78</span>", "<span data-toggle='tooltip' data-placement='right' title='原始值：0.5'>0.500</span>", "<span data-toggle='tooltip' data-placement='right' title='原始值：0.0455'>0.046</span>", "<span data-toggle='tooltip' data-placement='right' title='原始值：1.759'>1.76</span>", "<span data-toggle='tooltip' data-placement='right' title='原始值：0.00407'>0.004</span>", "*", "正常"], ["江苏省", "淮河流域", "<span data-toggle='tooltip' data-placement='right' title='所在地市:连云港市&#10;所属河流:新沭河'>大兴桥</span>", "03-20 08:00", "Ⅲ", "<span data-toggle='tooltip' data-placement='right' title='原始值：12.6'>12.6</span>", "<span data-toggle='tooltip' data-placement='right' title='原始值：8.39'>8.39</span>", "<span data-toggle='tooltip' data-placement='right' title='原始值：9.63'>9.63</span>", "<span data-toggle='tooltip' data-placement='right' title='原始值：918.3'>918.3</span>", "<span data-toggle='tooltip' data-placement='right' title='原始值：191.59'>191.6</span>", "<span data-toggle='tooltip' data-placement='right' title='原始值：4.78'>4.78</span>", "<span data-toggle='tooltip' data-placement='right' title='原始值：0.107'>0.107</span>", "*", "*", "*", "*", "正常"], ["江苏省", "淮河流域", "<span data-toggle='tooltip' data-placement='right' title='所在地市:淮安市&#10;所属河流:淮河'>淮河大桥</span>", "03-20 08:00", "Ⅱ", "<span data-toggle='tooltip' data-placement='right' title='原始值：12.89567'>12.9</span>", "<span data-toggle='tooltip' data-placement='right' title='原始值：8.11109'>8.11</span>", "<span data-toggle='tooltip' data-placement='right' title='原始值：9.29444'>9.29</span>", "<span data-toggle='tooltip' data-placement='right' title='原始值：602.8541'>602.9</span>", "<span data-toggle='tooltip' data-placement='right' title='原始值：48.99576'>49.0</span>", "<span data-toggle='tooltip' data-placement='right' title='原始值：3.18'>3.18</span>", "<span data-toggle='tooltip' data-placement='right' title='原始值：0.39'>0.390</span>", "<span data-toggle='tooltip' data-placement='right' title='原始值：0.06275'>0.063</span>", "<span data-toggle='tooltip' data-placement='right' title='原始值：2.9025'>2.90</span>", "*", "*", "正常"], ["江苏省", "长江流域", "<span data-toggle='tooltip' data-placement='right' title='所在地市:扬州市&#10;所属河流:夹江'>三江营</span>", "03-20 08:00", "Ⅱ", "<span data-toggle='tooltip' data-placement='right' title='原始值：12.66'>12.7</span>", "<span data-toggle='tooltip' data-placement='right' title='原始值：7.85'>7.85</span>", "<span data-toggle='tooltip' data-placement='right' title='原始值：9.96'>9.96</span>", "<span data-toggle='tooltip' data-placement='right' title='原始值：340.7'>340.7</span>", "<span data-toggle='tooltip' data-placement='right' title='原始值：53.54'>53.5</span>", "<span data-toggle='tooltip' data-placement='right' title='原始值：1.74'>1.74</span>", "<span data-toggle='tooltip' data-placement='right' title='原始值：0.116'>0.116</span>", "<span data-toggle='tooltip' data-placement='right' title='原始值：0.086'>0.086</span>", "<span data-toggle='tooltip' data-placement='right' title='原始值：2.286'>2.29</span>", "*", "*", "正常"], ["江苏省", "淮河流域", "<span data-toggle='tooltip' data-placement='right' title='所在地市:宿迁市&#10;所属河流:新濉河'>大屈</span>", "03-20 08:00", "Ⅲ", "<span data-toggle='tooltip' data-placement='right' title='原始值：11.9'>11.9</span>", "<span data-toggle='tooltip' data-placement='right' title='原始值：8.52'>8.52</span>", "<span data-toggle='tooltip' data-placement='right' title='原始值：10.85'>10.85</span>", "<span data-toggle='tooltip' data-placement='right' title='原始值：876.8'>876.8</span>", "<span data-toggle='tooltip' data-placement='right' title='原始值：12.19'>12.2</span>", "<span data-toggle='tooltip' data-placement='right' title='原始值：5.12'>5.12</span>", "<span data-toggle='tooltip' data-placement='right' title='原始值：0.12'>0.120</span>", "<span data-toggle='tooltip' data-placement='right' title='原始值：0.047'>0.047</span>", "<span data-toggle='tooltip' data-placement='right' title='原始值：2.803'>2.80</span>", "*", "*", "正常"], ["浙江省", "浙闽片河流", "<span data-toggle='tooltip' data-placement='right' title='所在地市:杭州市&#10;所属河流:新安江'>街口(鸠坑口)</span>", "03-20 08:00", "Ⅱ", "<span data-toggle='tooltip' data-placement='right' title='原始值：15.81'>15.8</span>", "<span data-toggle='tooltip' data-placement='right' title='原始值：6.96'>6.96</span>", "<span data-toggle='tooltip' data-placement='right' title='原始值：8.51'>8.51</span>", "<span data-toggle='tooltip' data-placement='right' title='原始值：164.8'>164.8</span>", "<span data-toggle='tooltip' data-placement='right' title='原始值：5.83'>5.8</span>", "<span data-toggle='tooltip' data-placement='right' title='原始值：1.798'>1.80</span>", "<span data-toggle='tooltip' data-placement='right' title='原始值：0.069'>0.069</span>", "<span data-toggle='tooltip' data-placement='right' title='原始值：0.063'>0.063</span>", "<span data-toggle='tooltip' data-placement='right' title='原始值：1.745'>1.74</span>", "*", "*", "正常"], ["浙江省", "太湖流域", "<span data-toggle='tooltip' data-placement='right' title='所在地市:嘉兴市&#10;所属河流:斜路港河'>斜路港</span>", "03-20 08:00", "Ⅳ", "<span data-toggle='tooltip' data-placement='right' title='原始值：14.5'>14.5</span>", "<span data-toggle='tooltip' data-placement='right' title='原始值：7.48'>7.48</span>", "<span data-toggle='tooltip' data-placement='right' title='原始值：7.36'>7.36</span>", "<span data-toggle='tooltip' data-placement='right' title='原始值：820'>820.0</span>", "<span data-toggle='tooltip' data-placement='right' title='原始值：131.8'>131.8</span>", "<span data-toggle='tooltip' data-placement='right' title='原始值：6.32'>6.32</span>", "<span data-toggle='tooltip' data-placement='right' title='原始值：1.07866'>1.079</span>", "<span data-toggle='tooltip' data-placement='right' title='原始值：0.08751'>0.088</span>", "<span data-toggle='tooltip' data-placement='right' title='原始值：2.98161'>2.98</span>", "*", "*", "正常"], ["浙江省", "太湖流域", "<span data-toggle='tooltip' data-placement='right' title='所在地市:嘉兴市&#10;所属河流:京杭运河'>王江泾</span>", "03-20 08:00", "Ⅳ", "<span data-toggle='tooltip' data-placement='right' title='原始值：15.08'>15.1</span>", "<span data-toggle='tooltip' data-placement='right' title='原始值：6.91'>6.91</span>", "<span data-toggle='tooltip' data-placement='right' title='原始值：3.58'>3.58</span>", "<span data-toggle='tooltip' data-placement='right' title='原始值：691.38'>691.4</span>", "<span data-toggle='tooltip' data-placement='right' title='原始值：47.66'>47.7</span>", "<span data-toggle='tooltip' data-placement='right' title='原始值：7.351'>7.35</span>", "<span data-toggle='tooltip' data-placement='right' title='原始值：0.564'>0.564</span>", "<span data-toggle='tooltip' data-placement='right' title='原始值：0.089'>0.089</span>", "<span data-toggle='tooltip' data-placement='right' title='原始值：4.478'>4.48</span>", "*", "*", "正常"], ["浙江省", "太湖流域", "<span data-toggle='tooltip' data-placement='right' title='所在地市:湖州市&#10;所属河流:西苕溪'>新港口(新塘港)</span>", "03-20 08:00", "Ⅱ", "<span data-toggle='tooltip' data-placement='right' title='原始值：13.632'>13.6</span>", "<span data-toggle='tooltip' data-placement='right' title='原始值：7.41457'>7.41</span>", "<span data-toggle='tooltip' data-placement='right' title='原始值：8.32701'>8.33</span>", "<span data-toggle='tooltip' data-placement='right' title='原始值：286.024'>286.0</span>", "<span data-toggle='tooltip' data-placement='right' title='原始值：78.2762'>78.3</span>", "<span data-toggle='tooltip' data-placement='right' title='原始值：2.38228'>2.38</span>", "<span data-toggle='tooltip' data-placement='right' title='原始值：0.41657'>0.417</span>", "<span data-toggle='tooltip' data-placement='right' title='原始值：0.05992'>0.060</span>", "<span data-toggle='tooltip' data-placement='right' title='原始值：10.09079'>10.09</span>", "<span data-toggle='tooltip' data-placement='right' title='原始值：0.04327'>0.043</span>", "*", "正常"], ["安徽省", "巢湖流域", "<span data-toggle='tooltip' data-placement='right' title='所在地市:合肥市&#10;所属河流:巢湖'>湖滨(老)</span>", "03-20 08:00", "Ⅴ", "<span data-toggle='tooltip' data-placement='right' title='原始值：11.37944'>11.4</span>", "<span data-toggle='tooltip' data-placement='right' title='原始值：6.80735'>6.81</span>", "<span data-toggle='tooltip' data-placement='right' title='原始值：10.2751'>10.28</span>", "<span data-toggle='tooltip' data-placement='right' title='原始值：334.0443'>334.0</span>", "<span data-toggle='tooltip' data-placement='right' title='原始值：260.2037'>260.2</span>", "<span data-toggle='tooltip' data-placement='right' title='原始值：4.32'>4.32</span>", "<span data-toggle='tooltip' data-placement='right' title='原始值：0.49'>0.490</span>", "<span data-toggle='tooltip' data-placement='right' title='原始值：0.1656'>0.166</span>", "<span data-toggle='tooltip' data-placement='right' title='原始值：3.093'>3.09</span>", "<span data-toggle='tooltip' data-placement='right' title='原始值：0.02761'>0.028</span>", "*", "正常"], ["安徽省", "巢湖流域", "<span data-toggle='tooltip' data-placement='right' title='所在地市:芜湖市&#10;所属河流:巢湖'>裕溪口(老)</span>", "03-20 08:00", "Ⅲ", "<span data-toggle='tooltip' data-placement='right' title='原始值：12.83004'>12.8</span>", "<span data-toggle='tooltip' data-placement='right' title='原始值：7.43238'>7.43</span>", "<span data-toggle='tooltip' data-placement='right' title='原始值：8.94006'>8.94</span>", "<span data-toggle='tooltip' data-placement='right' title='原始值：279.1183'>279.1</span>", "<span data-toggle='tooltip' data-placement='right' title='原始值：85.92947'>85.9</span>", "<span data-toggle='tooltip' data-placement='right' title='原始值：3.45'>3.45</span>", "<span data-toggle='tooltip' data-placement='right' title='原始值：0.07'>0.070</span>", "<span data-toggle='tooltip' data-placement='right' title='原始值：0.0337'>0.034</span>", "<span data-toggle='tooltip' data-placement='right' title='原始值：3.034'>3.03</span>", "<span data-toggle='tooltip' data-placement='right' title='极值过滤'>--</span>", "*", "维护"], ["安徽省", "淮河流域", "<span data-toggle='tooltip' data-placement='right' title='所在地市:蚌埠市&#10;所属河流:淮河'>蚌埠闸上(蚌埠闸)</span>", "03-20 08:00", "Ⅱ", "<span data-toggle='tooltip' data-placement='right' title='原始值：12.68'>12.7</span>", "<span data-toggle='tooltip' data-placement='right' title='原始值：7.62'>7.62</span>", "<span data-toggle='tooltip' data-placement='right' title='原始值：10.72'>10.72</span>", "<span data-toggle='tooltip' data-placement='right' title='原始值：637'>637.0</span>", "<span data-toggle='tooltip' data-placement='right' title='原始值：92.66'>92.7</span>", "<span data-toggle='tooltip' data-placement='right' title='原始值：2.201'>2.20</span>", "<span data-toggle='tooltip' data-placement='right' title='原始值：0.114'>0.114</span>", "<span data-toggle='tooltip' data-placement='right' title='原始值：0.078'>0.078</span>", "<span data-toggle='tooltip' data-placement='right' title='原始值：2.64'>2.64</span>", "*", "*", "正常"], ["安徽省", "淮河流域", "<span data-toggle='tooltip' data-placement='right' title='所在地市:淮南市&#10;所属河流:淮河'>石头埠(老)</span>", "03-20 08:00", "Ⅳ", "<span data-toggle='tooltip' data-placement='right' title='原始值：12.67976'>12.7</span>", "<span data-toggle='tooltip' data-placement='right' title='原始值：6.79424'>6.79</span>", "<span data-toggle='tooltip' data-placement='right' title='原始值：4.88517'>4.89</span>", "<span data-toggle='tooltip' data-placement='right' title='原始值：471.2598'>471.3</span>", "<span data-toggle='tooltip' data-placement='right' title='原始值：35.34916'>35.3</span>", "<span data-toggle='tooltip' data-placement='right' title='原始值：3.62'>3.62</span>", "<span data-toggle='tooltip' data-placement='right' title='原始值：0.27'>0.270</span>", "*", "*", "*", "*", "正常"], ["安徽省", "淮河流域", "<span data-toggle='tooltip' data-placement='right' title='所在地市:淮北市&#10;所属河流:沱河'>小王桥</span>", "03-20 08:00", "Ⅲ", "<span data-toggle='tooltip' data-placement='right' title='原始值：11.89'>11.9</span>", "<span data-toggle='tooltip' data-placement='right' title='原始值：8.01'>8.01</span>", "<span data-toggle='tooltip' data-placement='right' title='原始值：8.67'>8.67</span>", "<span data-toggle='tooltip' data-placement='right' title='原始值：1756.96'>1757.0</span>", "<span data-toggle='tooltip' data-placement='right' title='原始值：16.09'>16.1</span>", "<span data-toggle='tooltip' data-placement='right' title='原始值：5.002'>5.00</span>", "<span data-toggle='tooltip' data-placement='right' title='原始值：0.039'>0.039</span>", "<span data-toggle='tooltip' data-placement='right' title='原始值：0.072'>0.072</span>", "<span data-toggle='tooltip' data-placement='right' title='原始值：1.224'>1.22</span>", "*", "*", "正常"], ["安徽省", "长江流域", "<span data-toggle='tooltip' data-placement='right' title='所在地市:安庆市&#10;所属河流:长江'>皖河口</span>", "03-20 08:00", "Ⅱ", "<span data-toggle='tooltip' data-placement='right' title='原始值：14.16'>14.2</span>", "<span data-toggle='tooltip' data-placement='right' title='原始值：7.571'>7.57</span>", "<span data-toggle='tooltip' data-placement='right' title='原始值：8.68'>8.68</span>", "<span data-toggle='tooltip' data-placement='right' title='原始值：296.82'>296.8</span>", "<span data-toggle='tooltip' data-placement='right' title='原始值：45.63'>45.6</span>", "<span data-toggle='tooltip' data-placement='right' title='原始值：1.722'>1.72</span>", "<span data-toggle='tooltip' data-placement='right' title='原始值：0.051'>0.051</span>", "<span data-toggle='tooltip' data-placement='right' title='原始值：0.0638'>0.064</span>", "<span data-toggle='tooltip' data-placement='right' title='原始值：2.331'>2.33</span>", "*", "*", "正常"], ["安徽省", "淮河流域", "<span data-toggle='tooltip' data-placement='right' title='所在地市:滁州市&#10;所属河流:淮河'>小柳巷</span>", "03-20 08:00", "Ⅱ", "<span data-toggle='tooltip' data-placement='right' title='原始值：11.9'>11.9</span>", "<span data-toggle='tooltip' data-placement='right' title='原始值：8.17'>8.17</span>", "<span data-toggle='tooltip' data-placement='right' title='原始值：10.08'>10.08</span>", "<span data-toggle='tooltip' data-placement='right' title='原始值：599.5'>599.5</span>", "<span data-toggle='tooltip' data-placement='right' title='原始值：80.21'>80.2</span>", "<span data-toggle='tooltip' data-placement='right' title='原始值：3.827'>3.83</span>", "<span data-toggle='tooltip' data-placement='right' title='原始值：0.331'>0.331</span>", "<span data-toggle='tooltip' data-placement='right' title='原始值：0.09'>0.090</span>", "<span data-toggle='tooltip' data-placement='right' title='原始值：2.529'>2.53</span>", "*", "*", "正常"], ["安徽省", "淮河流域", "<span data-toggle='tooltip' data-placement='right' title='所在地市:阜阳市&#10;所属河流:黑茨河'>张大桥</span>", "03-20 08:00", "Ⅲ", "<span data-toggle='tooltip' data-placement='right' title='原始值：13.3'>13.3</span>", "<span data-toggle='tooltip' data-placement='right' title='原始值：8.2'>8.20</span>", "<span data-toggle='tooltip' data-placement='right' title='原始值：12.04'>12.04</span>", "<span data-toggle='tooltip' data-placement='right' title='原始值：2296.8'>2296.8</span>", "<span data-toggle='tooltip' data-placement='right' title='原始值：7.94'>7.9</span>", "<span data-toggle='tooltip' data-placement='right' title='原始值：5.39'>5.39</span>", "<span data-toggle='tooltip' data-placement='right' title='原始值：0.03'>0.030</span>", "<span data-toggle='tooltip' data-placement='right' title='原始值：0.098'>0.098</span>", "<span data-toggle='tooltip' data-placement='right' title='原始值：9.031'>9.03</span>", "*", "*", "正常"], ["安徽省", "淮河流域", "<span data-toggle='tooltip' data-placement='right' title='所在地市:阜阳市&#10;所属河流:淮河'>王家坝</span>", null, "", "--", "--", "--", "--", "--", "--", "--", "--", "--", "*", "*", "维护"], ["安徽省", "淮河流域", "<span data-toggle='tooltip' data-placement='right' title='所在地市:阜阳市&#10;所属河流:颍河'>界首七渡口(七渡口)</span>", "03-20 08:00", "Ⅲ", "<span data-toggle='tooltip' data-placement='right' title='原始值：11.94523'>11.9</span>", "<span data-toggle='tooltip' data-placement='right' title='原始值：7.5937'>7.59</span>", "<span data-toggle='tooltip' data-placement='right' title='原始值：7.37672'>7.38</span>", "<span data-toggle='tooltip' data-placement='right' title='原始值：829.6287'>829.6</span>", "<span data-toggle='tooltip' data-placement='right' title='原始值：14.01814'>14.0</span>", "<span data-toggle='tooltip' data-placement='right' title='原始值：4.44'>4.44</span>", "<span data-toggle='tooltip' data-placement='right' title='原始值：0.31'>0.310</span>", "<span data-toggle='tooltip' data-placement='right' title='原始值：0.09384'>0.094</span>", "<span data-toggle='tooltip' data-placement='right' title='原始值：6.1997'>6.20</span>", "*", "*", "正常"], ["安徽省", "淮河流域", "<span data-toggle='tooltip' data-placement='right' title='所在地市:阜阳市&#10;所属河流:泉河'>许庄(徐庄)</span>", "03-20 08:00", "", "<span data-toggle='tooltip' data-placement='right' title='原始值：11.9'>11.9</span>", "<span data-toggle='tooltip' data-placement='right' title='原始值：7.63'>7.63</span>", "<span data-toggle='tooltip' data-placement='right' title='原始值：9.75'>9.75</span>", "<span data-toggle='tooltip' data-placement='right' title='原始值：1000'>1000.0</span>", "<span data-toggle='tooltip' data-placement='right' title='原始值：41.22'>41.2</span>", "<span data-toggle='tooltip' data-placement='right' title='原始值：3.6'>3.60</span>", "<span data-toggle='tooltip' data-placement='right' title='极值过滤'>--</span>", "<span data-toggle='tooltip' data-placement='right' title='原始值：0.032'>0.032</span>", "<span data-toggle='tooltip' data-placement='right' title='原始值：2.784'>2.78</span>", "*", "*", "维护"], ["安徽省", "淮河流域", "<span data-toggle='tooltip' data-placement='right' title='所在地市:宿州市&#10;所属河流:奎河'>杨庄</span>", "03-20 08:00", "Ⅲ", "<span data-toggle='tooltip' data-placement='right' title='原始值：13.19'>13.2</span>", "<span data-toggle='tooltip' data-placement='right' title='原始值：7.28'>7.28</span>", "<span data-toggle='tooltip' data-placement='right' title='原始值：9.29'>9.29</span>", "<span data-toggle='tooltip' data-placement='right' title='原始值：1068'>1068.0</span>", "<span data-toggle='tooltip' data-placement='right' title='原始值：204.35'>204.4</span>", "<span data-toggle='tooltip' data-placement='right' title='原始值：4.4'>4.40</span>", "<span data-toggle='tooltip' data-placement='right' title='原始值：0.676'>0.676</span>", "*", "*", "*", "*", "正常"], ["安徽省", "淮河流域", "<span data-toggle='tooltip' data-placement='right' title='所在地市:宿州市&#10;所属河流:新汴河'>泗县公路桥</span>", "03-20 08:00", "", "<span data-toggle='tooltip' data-placement='right' title='原始值：11.6'>11.6</span>", "<span data-toggle='tooltip' data-placement='right' title='原始值：8.23'>8.23</span>", "<span data-toggle='tooltip' data-placement='right' title='原始值：9.85'>9.85</span>", "<span data-toggle='tooltip' data-placement='right' title='原始值：951.9'>951.9</span>", "<span data-toggle='tooltip' data-placement='right' title='原始值：30.22'>30.2</span>", "<span data-toggle='tooltip' data-placement='right' title='原始值：5.41'>5.41</span>", "<span data-toggle='tooltip' data-placement='right' title='极值过滤'>--</span>", "*", "*", "*", "*", "维护"], ["安徽省", "淮河流域", "<span data-toggle='tooltip' data-placement='right' title='所在地市:亳州市&#10;所属河流:包河'>颜集</span>", "03-20 08:00", "", "<span data-toggle='tooltip' data-placement='right' title='原始值：10.4'>10.4</span>", "<span data-toggle='tooltip' data-placement='right' title='原始值：8.18'>8.18</span>", "<span data-toggle='tooltip' data-placement='right' title='原始值：10.81'>10.81</span>", "<span data-toggle='tooltip' data-placement='right' title='原始值：1633.1'>1633.1</span>", "<span data-toggle='tooltip' data-placement='right' title='原始值：176.54'>176.5</span>", "<span data-toggle='tooltip' data-placement='right' title='原始值：3.29'>3.29</span>", "<span data-toggle='tooltip' data-placement='right' title='极值过滤'>--</span>", "<span data-toggle='tooltip' data-placement='right' title='原始值：0.097'>0.097</span>", "<span data-toggle='tooltip' data-placement='right' title='原始值：5.747'>5.75</span>", "*", "*", "维护"], ["福建省", "浙闽片河流", "<span data-toggle='tooltip' data-placement='right' title='所在地市:福州市&#10;所属河流:闽江'>白岩潭</span>", "03-20 08:00", "Ⅱ", "<span data-toggle='tooltip' data-placement='right' title='原始值：18.51'>18.5</span>", "<span data-toggle='tooltip' data-placement='right' title='原始值：7.28'>7.28</span>", "<span data-toggle='tooltip' data-placement='right' title='原始值：9.15'>9.15</span>", "<span data-toggle='tooltip' data-placement='right' title='原始值：572.3'>572.3</span>", "<span data-toggle='tooltip' data-placement='right' title='原始值：156.28'>156.3</span>", "<span data-toggle='tooltip' data-placement='right' title='原始值：2.5'>2.50</span>", "<span data-toggle='tooltip' data-placement='right' title='原始值：0.197'>0.197</span>", "*", "*", "*", "*", "正常"], ["江西省", "长江流域", "<span data-toggle='tooltip' data-placement='right' title='所在地市:南昌市&#10;所属河流:赣江南支'>滁槎</span>", "03-20 08:00", "Ⅱ", "<span data-toggle='tooltip' data-placement='right' title='原始值：14.43401'>14.4</span>", "<span data-toggle='tooltip' data-placement='right' title='原始值：6.88433'>6.88</span>", "<span data-toggle='tooltip' data-placement='right' title='原始值：7.90129'>7.90</span>", "<span data-toggle='tooltip' data-placement='right' title='原始值：212.2518'>212.3</span>", "<span data-toggle='tooltip' data-placement='right' title='原始值：24.3279'>24.3</span>", "<span data-toggle='tooltip' data-placement='right' title='原始值：2.98'>2.98</span>", "<span data-toggle='tooltip' data-placement='right' title='原始值：0.48'>0.480</span>", "<span data-toggle='tooltip' data-placement='right' title='原始值：0.04975'>0.050</span>", "<span data-toggle='tooltip' data-placement='right' title='原始值：2.1475'>2.15</span>", "*", "*", "正常"], ["江西省", "长江流域", "<span data-toggle='tooltip' data-placement='right' title='所在地市:九江市&#10;所属河流:长江'>姚港(河西水厂)</span>", "03-20 08:00", "Ⅱ", "<span data-toggle='tooltip' data-placement='right' title='原始值：13.33'>13.3</span>", "<span data-toggle='tooltip' data-placement='right' title='原始值：7.51'>7.51</span>", "<span data-toggle='tooltip' data-placement='right' title='原始值：9.63'>9.63</span>", "<span data-toggle='tooltip' data-placement='right' title='原始值：342.99'>343.0</span>", "<span data-toggle='tooltip' data-placement='right' title='原始值：41.85'>41.8</span>", "<span data-toggle='tooltip' data-placement='right' title='原始值：1.358'>1.36</span>", "<span data-toggle='tooltip' data-placement='right' title='原始值：0.069'>0.069</span>", "<span data-toggle='tooltip' data-placement='right' title='原始值：0.086'>0.086</span>", "<span data-toggle='tooltip' data-placement='right' title='原始值：2.173'>2.17</span>", "*", "*", "正常"], ["江西省", "长江流域", "<span data-toggle='tooltip' data-placement='right' title='所在地市:九江市&#10;所属河流:鄱阳湖'>蛤蟆石</span>", "03-20 08:00", "Ⅳ", "<span data-toggle='tooltip' data-placement='right' title='原始值：14.76'>14.8</span>", "<span data-toggle='tooltip' data-placement='right' title='原始值：7.4'>7.40</span>", "<span data-toggle='tooltip' data-placement='right' title='原始值：9.42'>9.42</span>", "<span data-toggle='tooltip' data-placement='right' title='原始值：168.49'>168.5</span>", "<span data-toggle='tooltip' data-placement='right' title='原始值：35.49'>35.5</span>", "<span data-toggle='tooltip' data-placement='right' title='原始值：2.405'>2.40</span>", "<span data-toggle='tooltip' data-placement='right' title='原始值：0.14'>0.140</span>", "<span data-toggle='tooltip' data-placement='right' title='原始值：0.0619'>0.062</span>", "<span data-toggle='tooltip' data-placement='right' title='原始值：1.807'>1.81</span>", "<span data-toggle='tooltip' data-placement='right' title='原始值：0.00125'>0.001</span>", "<span data-toggle='tooltip' data-placement='right' title='原始值：1791366'>1791366</span>", "正常"], ["山东省", "黄河流域", "<span data-toggle='tooltip' data-placement='right' title='所在地市:济南市&#10;所属河流:黄河'>泺口</span>", "03-20 08:00", "", "<span data-toggle='tooltip' data-placement='right' title='原始值：9.96942'>10.0</span>", "<span data-toggle='tooltip' data-placement='right' title='原始值：8.43492'>8.43</span>", "<span data-toggle='tooltip' data-placement='right' title='原始值：10.6376'>10.64</span>", "<span data-toggle='tooltip' data-placement='right' title='原始值：1053.55'>1053.6</span>", "<span data-toggle='tooltip' data-placement='right' title='原始值：752.491'>752.5</span>", "<span data-toggle='tooltip' data-placement='right' title='原始值：2.67'>2.67</span>", "<span data-toggle='tooltip' data-placement='right' title='原始值：0.09773'>0.098</span>", "<span data-toggle='tooltip' data-placement='right' title='极值过滤'>--</span>", "<span data-toggle='tooltip' data-placement='right' title='原始值：3.878'>3.88</span>", "*", "*", "维护"], ["山东省", "淮河流域", "<span data-toggle='tooltip' data-placement='right' title='所在地市:枣庄市&#10;所属河流:京杭大运河（韩庄运河）'>台儿庄大桥</span>", "03-20 08:00", "Ⅲ", "<span data-toggle='tooltip' data-placement='right' title='原始值：11.59024'>11.6</span>", "<span data-toggle='tooltip' data-placement='right' title='原始值：7.9551'>7.96</span>", "<span data-toggle='tooltip' data-placement='right' title='原始值：9.92058'>9.92</span>", "<span data-toggle='tooltip' data-placement='right' title='原始值：759.821'>759.8</span>", "<span data-toggle='tooltip' data-placement='right' title='原始值：12.32764'>12.3</span>", "<span data-toggle='tooltip' data-placement='right' title='原始值：4.20845'>4.21</span>", "<span data-toggle='tooltip' data-placement='right' title='原始值：0.0917'>0.092</span>", "<span data-toggle='tooltip' data-placement='right' title='原始值：0.08015'>0.080</span>", "<span data-toggle='tooltip' data-placement='right' title='原始值：2.7401'>2.74</span>", "*", "*", "正常"], ["山东省", "淮河流域", "<span data-toggle='tooltip' data-placement='right' title='所在地市:临沂市&#10;所属河流:沭河'>清泉寺</span>", "03-20 08:00", "Ⅲ", "<span data-toggle='tooltip' data-placement='right' title='原始值：16.19099'>16.2</span>", "<span data-toggle='tooltip' data-placement='right' title='原始值：7.66649'>7.67</span>", "<span data-toggle='tooltip' data-placement='right' title='原始值：8.2129'>8.21</span>", "<span data-toggle='tooltip' data-placement='right' title='原始值：1164.57'>1164.6</span>", "<span data-toggle='tooltip' data-placement='right' title='原始值：26.99521'>27.0</span>", "<span data-toggle='tooltip' data-placement='right' title='原始值：5.98'>5.98</span>", "<span data-toggle='tooltip' data-placement='right' title='原始值：0.13'>0.130</span>", "*", "*", "*", "*", "正常"], ["山东省", "淮河流域", "<span data-toggle='tooltip' data-placement='right' title='所在地市:临沂市&#10;所属河流:沂河'>重坊桥</span>", null, "", "--", "--", "--", "--", "--", "--", "--", "--", "--", "*", "*", "停站"], ["山东省", "淮河流域", "<span data-toggle='tooltip' data-placement='right' title='所在地市:临沂市&#10;所属河流:白马河'>捷庄(涝沟桥)</span>", "03-20 08:00", "Ⅳ", "<span data-toggle='tooltip' data-placement='right' title='原始值：11'>11.0</span>", "<span data-toggle='tooltip' data-placement='right' title='原始值：7.78871'>7.79</span>", "<span data-toggle='tooltip' data-placement='right' title='原始值：14.39573'>14.40</span>", "<span data-toggle='tooltip' data-placement='right' title='原始值：931.0039'>931.0</span>", "<span data-toggle='tooltip' data-placement='right' title='原始值：19.61132'>19.6</span>", "<span data-toggle='tooltip' data-placement='right' title='原始值：7.1'>7.10</span>", "<span data-toggle='tooltip' data-placement='right' title='原始值：0.08106'>0.081</span>", "<span data-toggle='tooltip' data-placement='right' title='原始值：0.08164'>0.082</span>", "<span data-toggle='tooltip' data-placement='right' title='原始值：9.43263'>9.43</span>", "*", "*", "正常"], ["山东省", "海河流域", "<span data-toggle='tooltip' data-placement='right' title='所在地市:聊城市&#10;所属河流:卫运河'>秤勾湾(秤钩湾)</span>", null, "", "--", "--", "--", "--", "--", "--", "--", "--", "--", "*", "*", "停站"], ["河南省", "长江流域", "<span data-toggle='tooltip' data-placement='right' title='所在地市:南阳市&#10;所属河流:丹江口水库'>陶岔</span>", "03-20 08:00", "Ⅰ", "<span data-toggle='tooltip' data-placement='right' title='原始值：16.41'>16.4</span>", "<span data-toggle='tooltip' data-placement='right' title='原始值：7.9157'>7.92</span>", "<span data-toggle='tooltip' data-placement='right' title='原始值：8.46773'>8.47</span>", "<span data-toggle='tooltip' data-placement='right' title='原始值：272.2641'>272.3</span>", "<span data-toggle='tooltip' data-placement='right' title='原始值：5.03839'>5.0</span>", "<span data-toggle='tooltip' data-placement='right' title='原始值：1.91'>1.91</span>", "<span data-toggle='tooltip' data-placement='right' title='原始值：0.01805'>0.018</span>", "<span data-toggle='tooltip' data-placement='right' title='原始值：0.00967'>0.010</span>", "<span data-toggle='tooltip' data-placement='right' title='原始值：1.0715'>1.07</span>", "<span data-toggle='tooltip' data-placement='right' title='原始值：0.00398'>0.004</span>", "<span data-toggle='tooltip' data-placement='right' title='原始值：202666.7'>202667</span>", "正常"], ["河南省", "淮河流域", "<span data-toggle='tooltip' data-placement='right' title='所在地市:商丘市&#10;所属河流:浍河'>黄口</span>", "03-20 08:00", "Ⅲ", "<span data-toggle='tooltip' data-placement='right' title='原始值：11.70001'>11.7</span>", "<span data-toggle='tooltip' data-placement='right' title='原始值：8.22'>8.22</span>", "<span data-toggle='tooltip' data-placement='right' title='原始值：8.8'>8.80</span>", "<span data-toggle='tooltip' data-placement='right' title='原始值：1833.75'>1833.8</span>", "<span data-toggle='tooltip' data-placement='right' title='原始值：21.4725'>21.5</span>", "<span data-toggle='tooltip' data-placement='right' title='原始值：5.46'>5.46</span>", "<span data-toggle='tooltip' data-placement='right' title='原始值：0.15468'>0.155</span>", "<span data-toggle='tooltip' data-placement='right' title='原始值：0.1135'>0.114</span>", "<span data-toggle='tooltip' data-placement='right' title='原始值：2.0396'>2.04</span>", "*", "*", "正常"], ["河南省", "淮河流域", "<span data-toggle='tooltip' data-placement='right' title='所在地市:信阳市&#10;所属河流:史灌河'>蒋集</span>", null, "", "--", "--", "--", "--", "--", "--", "--", "--", "--", "*", "*", "停站"], ["河南省", "淮河流域", "<span data-toggle='tooltip' data-placement='right' title='所在地市:信阳市&#10;所属河流:淮河'>息县大埠口</span>", null, "", "*", "--", "*", "*", "*", "*", "*", "*", "*", "*", "*", "维护"], ["河南省", "淮河流域", "<span data-toggle='tooltip' data-placement='right' title='所在地市:信阳市&#10;所属河流:淮河'>淮滨水文站(淮滨)</span>", null, "", "--", "--", "--", "--", "--", "--", "--", "--", "--", "*", "*", "维护"], ["河南省", "淮河流域", "<span data-toggle='tooltip' data-placement='right' title='所在地市:周口市&#10;所属河流:沙河'>沈丘闸</span>", "03-20 08:00", "Ⅳ", "<span data-toggle='tooltip' data-placement='right' title='原始值：11.56668'>11.6</span>", "<span data-toggle='tooltip' data-placement='right' title='原始值：7.58464'>7.58</span>", "<span data-toggle='tooltip' data-placement='right' title='原始值：7.34908'>7.35</span>", "<span data-toggle='tooltip' data-placement='right' title='原始值：960'>960.0</span>", "<span data-toggle='tooltip' data-placement='right' title='原始值：12.58308'>12.6</span>", "<span data-toggle='tooltip' data-placement='right' title='原始值：3.93'>3.93</span>", "<span data-toggle='tooltip' data-placement='right' title='原始值：1.09'>1.090</span>", "*", "*", "*", "*", "正常"], ["河南省", "淮河流域", "<span data-toggle='tooltip' data-placement='right' title='所在地市:周口市&#10;所属河流:涡河'>鹿邑付桥(鹿邑付桥闸)</span>", "03-20 08:00", "", "<span data-toggle='tooltip' data-placement='right' title='原始值：13.25656'>13.3</span>", "<span data-toggle='tooltip' data-placement='right' title='原始值：8.68922'>8.69</span>", "<span data-toggle='tooltip' data-placement='right' title='原始值：13.99758'>14.00</span>", "<span data-toggle='tooltip' data-placement='right' title='原始值：1547.041'>1547.0</span>", "<span data-toggle='tooltip' data-placement='right' title='原始值：4.53777'>4.5</span>", "<span data-toggle='tooltip' data-placement='right' title='原始值：5.355'>5.36</span>", "<span data-toggle='tooltip' data-placement='right' title='极值过滤'>--</span>", "<span data-toggle='tooltip' data-placement='right' title='原始值：0.0473'>0.047</span>", "<span data-toggle='tooltip' data-placement='right' title='原始值：0.61585'>0.62</span>", "*", "*", "维护"], ["河南省", "淮河流域", "<span data-toggle='tooltip' data-placement='right' title='所在地市:驻马店市&#10;所属河流:洪河'>新蔡班台(班台)</span>", "03-20 08:00", "Ⅲ", "<span data-toggle='tooltip' data-placement='right' title='原始值：15.60765'>15.6</span>", "<span data-toggle='tooltip' data-placement='right' title='原始值：7.30186'>7.30</span>", "<span data-toggle='tooltip' data-placement='right' title='原始值：8.3972'>8.40</span>", "<span data-toggle='tooltip' data-placement='right' title='原始值：559.7963'>559.8</span>", "<span data-toggle='tooltip' data-placement='right' title='原始值：6.37896'>6.4</span>", "<span data-toggle='tooltip' data-placement='right' title='原始值：3.85'>3.85</span>", "<span data-toggle='tooltip' data-placement='right' title='原始值：0.38'>0.380</span>", "<span data-toggle='tooltip' data-placement='right' title='原始值：0.1875'>0.188</span>", "<span data-toggle='tooltip' data-placement='right' title='原始值：3.14485'>3.14</span>", "*", "*", "正常"], ["河南省", "黄河流域", "<span data-toggle='tooltip' data-placement='right' title='所在地市:济源市&#10;所属河流:黄河'>小浪底水库(小浪底)</span>", "03-20 08:00", "Ⅱ", "<span data-toggle='tooltip' data-placement='right' title='原始值：6.45045'>6.5</span>", "<span data-toggle='tooltip' data-placement='right' title='原始值：8.31844'>8.32</span>", "<span data-toggle='tooltip' data-placement='right' title='原始值：16.46443'>16.46</span>", "<span data-toggle='tooltip' data-placement='right' title='原始值：926.2649'>926.3</span>", "<span data-toggle='tooltip' data-placement='right' title='原始值：190.2091'>190.2</span>", "<span data-toggle='tooltip' data-placement='right' title='原始值：1.5625'>1.56</span>", "<span data-toggle='tooltip' data-placement='right' title='原始值：0.18'>0.180</span>", "<span data-toggle='tooltip' data-placement='right' title='原始值：0.0465'>0.046</span>", "<span data-toggle='tooltip' data-placement='right' title='原始值：4.125'>4.12</span>", "*", "*", "正常"], ["湖北省", "长江流域", "<span data-toggle='tooltip' data-placement='right' title='所在地市:武汉市&#10;所属河流:汉江'>宗关</span>", "03-20 08:00", "Ⅱ", "<span data-toggle='tooltip' data-placement='right' title='原始值：14.01'>14.0</span>", "<span data-toggle='tooltip' data-placement='right' title='原始值：7.822505'>7.82</span>", "<span data-toggle='tooltip' data-placement='right' title='原始值：9.403152'>9.40</span>", "<span data-toggle='tooltip' data-placement='right' title='原始值：329.66'>329.7</span>", "<span data-toggle='tooltip' data-placement='right' title='原始值：17.21851'>17.2</span>", "<span data-toggle='tooltip' data-placement='right' title='原始值：2.27'>2.27</span>", "<span data-toggle='tooltip' data-placement='right' title='原始值：0.118'>0.118</span>", "<span data-toggle='tooltip' data-placement='right' title='原始值：0.052'>0.052</span>", "<span data-toggle='tooltip' data-placement='right' title='原始值：2.840467'>2.84</span>", "<span data-toggle='tooltip' data-placement='right' title='原始值：0.0008477'>0.001</span>", "*", "正常"], ["湖北省", "长江流域", "<span data-toggle='tooltip' data-placement='right' title='所在地市:十堰市&#10;所属河流:丹江口水库'>坝上中(胡家岭)</span>", "03-20 08:00", "Ⅱ", "<span data-toggle='tooltip' data-placement='right' title='原始值：11.59'>11.6</span>", "<span data-toggle='tooltip' data-placement='right' title='原始值：8.119954'>8.12</span>", "<span data-toggle='tooltip' data-placement='right' title='原始值：10.50815'>10.51</span>", "<span data-toggle='tooltip' data-placement='right' title='原始值：246.362'>246.4</span>", "<span data-toggle='tooltip' data-placement='right' title='原始值：2.824564'>2.8</span>", "<span data-toggle='tooltip' data-placement='right' title='原始值：2.02'>2.02</span>", "<span data-toggle='tooltip' data-placement='right' title='原始值：0.083'>0.083</span>", "<span data-toggle='tooltip' data-placement='right' title='原始值：0.009'>0.009</span>", "<span data-toggle='tooltip' data-placement='right' title='原始值：1.212'>1.21</span>", "<span data-toggle='tooltip' data-placement='right' title='原始值：0.005437'>0.005</span>", "<span data-toggle='tooltip' data-placement='right' title='原始值：6369000'>6369000</span>", "正常"], ["湖北省", "长江流域", "<span data-toggle='tooltip' data-placement='right' title='所在地市:宜昌市&#10;所属河流:长江'>南津关</span>", "03-20 08:00", "Ⅱ", "<span data-toggle='tooltip' data-placement='right' title='原始值：13.21'>13.2</span>", "<span data-toggle='tooltip' data-placement='right' title='原始值：7.896614'>7.90</span>", "<span data-toggle='tooltip' data-placement='right' title='原始值：9.12207'>9.12</span>", "<span data-toggle='tooltip' data-placement='right' title='原始值：433.15'>433.2</span>", "<span data-toggle='tooltip' data-placement='right' title='原始值：1.726241'>1.7</span>", "<span data-toggle='tooltip' data-placement='right' title='原始值：1.09'>1.09</span>", "<span data-toggle='tooltip' data-placement='right' title='原始值：0.1'>0.100</span>", "<span data-toggle='tooltip' data-placement='right' title='原始值：0.053'>0.053</span>", "<span data-toggle='tooltip' data-placement='right' title='原始值：1.672'>1.67</span>", "<span data-toggle='tooltip' data-placement='right' title='原始值：0.0074668'>0.007</span>", "*", "正常"], ["湖南省", "长江流域", "<span data-toggle='tooltip' data-placement='right' title='所在地市:长沙市&#10;所属河流:湘江'>新港</span>", "03-20 08:00", "Ⅱ", "<span data-toggle='tooltip' data-placement='right' title='原始值：14.85'>14.8</span>", "<span data-toggle='tooltip' data-placement='right' title='原始值：7.09'>7.09</span>", "<span data-toggle='tooltip' data-placement='right' title='原始值：8.25'>8.25</span>", "<span data-toggle='tooltip' data-placement='right' title='原始值：234.29'>234.3</span>", "<span data-toggle='tooltip' data-placement='right' title='原始值：38.83'>38.8</span>", "<span data-toggle='tooltip' data-placement='right' title='原始值：2.37'>2.37</span>", "<span data-toggle='tooltip' data-placement='right' title='原始值：0.19'>0.190</span>", "<span data-toggle='tooltip' data-placement='right' title='原始值：0.064'>0.064</span>", "<span data-toggle='tooltip' data-placement='right' title='原始值：2.86'>2.86</span>", "*", "*", "正常"], ["湖南省", "长江流域", "<span data-toggle='tooltip' data-placement='right' title='所在地市:岳阳市&#10;所属河流:洞庭湖'>岳阳楼</span>", "03-20 08:00", "Ⅴ", "<span data-toggle='tooltip' data-placement='right' title='原始值：12.14'>12.1</span>", "<span data-toggle='tooltip' data-placement='right' title='原始值：7.904527'>7.90</span>", "<span data-toggle='tooltip' data-placement='right' title='原始值：7.983555'>7.98</span>", "<span data-toggle='tooltip' data-placement='right' title='原始值：243.4217'>243.4</span>", "<span data-toggle='tooltip' data-placement='right' title='原始值：50.11254'>50.1</span>", "<span data-toggle='tooltip' data-placement='right' title='原始值：1.84'>1.84</span>", "<span data-toggle='tooltip' data-placement='right' title='原始值：0.007'>0.007</span>", "<span data-toggle='tooltip' data-placement='right' title='原始值：0.11'>0.110</span>", "<span data-toggle='tooltip' data-placement='right' title='原始值：2.987'>2.99</span>", "<span data-toggle='tooltip' data-placement='right' title='原始值：0.0029375'>0.003</span>", "<span data-toggle='tooltip' data-placement='right' title='原始值：282.977'>283</span>", "正常"], ["湖南省", "长江流域", "<span data-toggle='tooltip' data-placement='right' title='所在地市:岳阳市&#10;所属河流:长江'>城陵矶</span>", "03-20 08:00", "Ⅲ", "<span data-toggle='tooltip' data-placement='right' title='原始值：12.81'>12.8</span>", "<span data-toggle='tooltip' data-placement='right' title='原始值：7.566858'>7.57</span>", "<span data-toggle='tooltip' data-placement='right' title='原始值：9.970672'>9.97</span>", "<span data-toggle='tooltip' data-placement='right' title='原始值：249.841'>249.8</span>", "<span data-toggle='tooltip' data-placement='right' title='原始值：76.50203'>76.5</span>", "<span data-toggle='tooltip' data-placement='right' title='原始值：2.38'>2.38</span>", "<span data-toggle='tooltip' data-placement='right' title='原始值：0.013'>0.013</span>", "<span data-toggle='tooltip' data-placement='right' title='原始值：0.115'>0.115</span>", "<span data-toggle='tooltip' data-placement='right' title='原始值：1.9822'>1.98</span>", "*", "*", "正常"], ["广东省", "珠江流域", "<span data-toggle='tooltip' data-placement='right' title='所在地市:清远市&#10;所属河流:北江'>七星岗</span>", "03-20 08:00", "Ⅱ", "<span data-toggle='tooltip' data-placement='right' title='原始值：22.5767'>22.6</span>", "<span data-toggle='tooltip' data-placement='right' title='原始值：7.25732'>7.26</span>", "<span data-toggle='tooltip' data-placement='right' title='原始值：7.99091'>7.99</span>", "<span data-toggle='tooltip' data-placement='right' title='原始值：289.9657'>290.0</span>", "<span data-toggle='tooltip' data-placement='right' title='原始值：6.26557'>6.3</span>", "<span data-toggle='tooltip' data-placement='right' title='原始值：2.42'>2.42</span>", "<span data-toggle='tooltip' data-placement='right' title='原始值：0.02586'>0.026</span>", "<span data-toggle='tooltip' data-placement='right' title='原始值：0.02877'>0.029</span>", "<span data-toggle='tooltip' data-placement='right' title='原始值：1.7676'>1.77</span>", "*", "*", "正常"], ["广东省", "珠江流域", "<span data-toggle='tooltip' data-placement='right' title='所在地市:中山市&#10;所属河流:西江'>横栏</span>", "03-20 08:00", "Ⅱ", "<span data-toggle='tooltip' data-placement='right' title='原始值：22.5'>22.5</span>", "<span data-toggle='tooltip' data-placement='right' title='原始值：7.6'>7.60</span>", "<span data-toggle='tooltip' data-placement='right' title='原始值：7.46'>7.46</span>", "<span data-toggle='tooltip' data-placement='right' title='原始值：324'>324.0</span>", "<span data-toggle='tooltip' data-placement='right' title='原始值：5'>5.0</span>", "<span data-toggle='tooltip' data-placement='right' title='原始值：1.63'>1.63</span>", "<span data-toggle='tooltip' data-placement='right' title='原始值：0.10314'>0.103</span>", "*", "*", "*", "*", "正常"], ["广西壮族自治区", "珠江流域", "<span data-toggle='tooltip' data-placement='right' title='所在地市:南宁市&#10;所属河流:邕江'>老口</span>", "03-20 08:00", "Ⅱ", "<span data-toggle='tooltip' data-placement='right' title='原始值：22.86236'>22.9</span>", "<span data-toggle='tooltip' data-placement='right' title='原始值：7.42035'>7.42</span>", "<span data-toggle='tooltip' data-placement='right' title='原始值：7.88619'>7.89</span>", "<span data-toggle='tooltip' data-placement='right' title='原始值：270.8976'>270.9</span>", "<span data-toggle='tooltip' data-placement='right' title='原始值：6.66366'>6.7</span>", "<span data-toggle='tooltip' data-placement='right' title='原始值：1.92598'>1.93</span>", "<span data-toggle='tooltip' data-placement='right' title='原始值：0.14282'>0.143</span>", "<span data-toggle='tooltip' data-placement='right' title='原始值：0.04171'>0.042</span>", "<span data-toggle='tooltip' data-placement='right' title='原始值：1.32939'>1.33</span>", "*", "*", "正常"], ["广西壮族自治区", "珠江流域", "<span data-toggle='tooltip' data-placement='right' title='所在地市:桂林市&#10;所属河流:漓江'>阳朔</span>", "03-20 08:00", "Ⅱ", "<span data-toggle='tooltip' data-placement='right' title='原始值：18.8'>18.8</span>", "<span data-toggle='tooltip' data-placement='right' title='原始值：7.37'>7.37</span>", "<span data-toggle='tooltip' data-placement='right' title='原始值：8.593'>8.59</span>", "<span data-toggle='tooltip' data-placement='right' title='原始值：155.676'>155.7</span>", "<span data-toggle='tooltip' data-placement='right' title='原始值：4.152'>4.2</span>", "<span data-toggle='tooltip' data-placement='right' title='原始值：0.029'>0.03</span>", "<span data-toggle='tooltip' data-placement='right' title='原始值：0.03'>0.030</span>", "<span data-toggle='tooltip' data-placement='right' title='原始值：0.054'>0.054</span>", "<span data-toggle='tooltip' data-placement='right' title='原始值：1.982'>1.98</span>", "*", "*", "正常"], ["广西壮族自治区", "珠江流域", "<span data-toggle='tooltip' data-placement='right' title='所在地市:梧州市&#10;所属河流:浔江'>界首</span>", null, "", "--", "--", "--", "--", "--", "--", "--", "--", "--", "*", "*", "停站"], ["广西壮族自治区", "珠江流域", "<span data-toggle='tooltip' data-placement='right' title='所在地市:贵港市&#10;所属河流:浔江'>石嘴</span>", "03-20 08:00", "Ⅱ", "<span data-toggle='tooltip' data-placement='right' title='原始值：21.33202'>21.3</span>", "<span data-toggle='tooltip' data-placement='right' title='原始值：7.8041'>7.80</span>", "<span data-toggle='tooltip' data-placement='right' title='原始值：8.78233'>8.78</span>", "<span data-toggle='tooltip' data-placement='right' title='原始值：263.259'>263.3</span>", "<span data-toggle='tooltip' data-placement='right' title='原始值：9.48978'>9.5</span>", "<span data-toggle='tooltip' data-placement='right' title='原始值：1.04'>1.04</span>", "<span data-toggle='tooltip' data-placement='right' title='原始值：0.12'>0.120</span>", "<span data-toggle='tooltip' data-placement='right' title='原始值：0.03434'>0.034</span>", "<span data-toggle='tooltip' data-placement='right' title='原始值：2.1093'>2.11</span>", "*", "*", "正常"], ["广西壮族自治区", "珠江流域", "<span data-toggle='tooltip' data-placement='right' title='所在地市:崇左市&#10;所属河流:平而河'>平而关</span>", "03-20 08:00", "Ⅰ", "<span data-toggle='tooltip' data-placement='right' title='原始值：24.13808'>24.1</span>", "<span data-toggle='tooltip' data-placement='right' title='原始值：7.92289'>7.92</span>", "<span data-toggle='tooltip' data-placement='right' title='原始值：7.56123'>7.56</span>", "<span data-toggle='tooltip' data-placement='right' title='原始值：251.7054'>251.7</span>", "<span data-toggle='tooltip' data-placement='right' title='原始值：24.5687'>24.6</span>", "<span data-toggle='tooltip' data-placement='right' title='原始值：1.385'>1.38</span>", "<span data-toggle='tooltip' data-placement='right' title='原始值：0.04'>0.040</span>", "*", "*", "*", "*", "正常"], ["重庆市", "长江流域", "<span data-toggle='tooltip' data-placement='right' title='所在地市:永川区&#10;所属河流:长江'>朱沱</span>", "03-20 08:00", "Ⅱ", "<span data-toggle='tooltip' data-placement='right' title='原始值：16.49'>16.5</span>", "<span data-toggle='tooltip' data-placement='right' title='原始值：7.75'>7.75</span>", "<span data-toggle='tooltip' data-placement='right' title='原始值：9.8'>9.80</span>", "<span data-toggle='tooltip' data-placement='right' title='原始值：428.88'>428.9</span>", "<span data-toggle='tooltip' data-placement='right' title='原始值：84.87'>84.9</span>", "<span data-toggle='tooltip' data-placement='right' title='原始值：1.371'>1.37</span>", "<span data-toggle='tooltip' data-placement='right' title='原始值：0.026'>0.026</span>", "<span data-toggle='tooltip' data-placement='right' title='原始值：0.058'>0.058</span>", "<span data-toggle='tooltip' data-placement='right' title='原始值：1.694'>1.69</span>", "*", "*", "正常"], ["四川省", "长江流域", "<span data-toggle='tooltip' data-placement='right' title='所在地市:攀枝花市&#10;所属河流:金沙江'>龙洞</span>", "03-20 08:00", "", "<span data-toggle='tooltip' data-placement='right' title='原始值：14.15'>14.2</span>", "<span data-toggle='tooltip' data-placement='right' title='原始值：8.310335'>8.31</span>", "<span data-toggle='tooltip' data-placement='right' title='原始值：9.128498'>9.13</span>", "<span data-toggle='tooltip' data-placement='right' title='原始值：738.542'>738.5</span>", "<span data-toggle='tooltip' data-placement='right' title='原始值：2.753422'>2.8</span>", "<span data-toggle='tooltip' data-placement='right' title='原始值：0.72'>0.72</span>", "<span data-toggle='tooltip' data-placement='right' title='原始值：0.018'>0.018</span>", "<span data-toggle='tooltip' data-placement='right' title='极值过滤'>--</span>", "<span data-toggle='tooltip' data-placement='right' title='原始值：0.604158'>0.60</span>", "*", "*", "维护"], ["四川省", "长江流域", "<span data-toggle='tooltip' data-placement='right' title='所在地市:泸州市&#10;所属河流:沱江'>沱江大桥(沱江二桥)</span>", "03-20 08:00", "Ⅱ", "<span data-toggle='tooltip' data-placement='right' title='原始值：19.2'>19.2</span>", "<span data-toggle='tooltip' data-placement='right' title='原始值：8.093432'>8.09</span>", "<span data-toggle='tooltip' data-placement='right' title='原始值：8.350392'>8.35</span>", "<span data-toggle='tooltip' data-placement='right' title='原始值：648.6541'>648.7</span>", "<span data-toggle='tooltip' data-placement='right' title='原始值：13.06637'>13.1</span>", "<span data-toggle='tooltip' data-placement='right' title='原始值：2.2'>2.20</span>", "<span data-toggle='tooltip' data-placement='right' title='原始值：0.013'>0.013</span>", "<span data-toggle='tooltip' data-placement='right' title='原始值：0.0981351'>0.098</span>", "<span data-toggle='tooltip' data-placement='right' title='原始值：3.761584'>3.76</span>", "*", "*", "正常"], ["四川省", "长江流域", "<span data-toggle='tooltip' data-placement='right' title='所在地市:广元市&#10;所属河流:嘉陵江'>清风峡</span>", "03-20 08:00", "Ⅰ", "<span data-toggle='tooltip' data-placement='right' title='原始值：12.5'>12.5</span>", "<span data-toggle='tooltip' data-placement='right' title='原始值：8.19'>8.19</span>", "<span data-toggle='tooltip' data-placement='right' title='原始值：10.00472'>10.00</span>", "<span data-toggle='tooltip' data-placement='right' title='原始值：436.1018'>436.1</span>", "<span data-toggle='tooltip' data-placement='right' title='原始值：68.5806'>68.6</span>", "<span data-toggle='tooltip' data-placement='right' title='原始值：0.56'>0.56</span>", "<span data-toggle='tooltip' data-placement='right' title='原始值：0.13605'>0.136</span>", "*", "*", "*", "*", "正常"], ["四川省", "长江流域", "<span data-toggle='tooltip' data-placement='right' title='所在地市:乐山市&#10;所属河流:岷江'>岷江大桥</span>", null, "", "--", "--", "--", "--", "--", "--", "--", "--", "--", "*", "*", "停站"], ["四川省", "长江流域", "<span data-toggle='tooltip' data-placement='right' title='所在地市:宜宾市&#10;所属河流:岷江'>凉姜沟</span>", "03-20 08:00", "Ⅲ", "<span data-toggle='tooltip' data-placement='right' title='原始值：17'>17.0</span>", "<span data-toggle='tooltip' data-placement='right' title='原始值：8.003983'>8.00</span>", "<span data-toggle='tooltip' data-placement='right' title='原始值：8.444387'>8.44</span>", "<span data-toggle='tooltip' data-placement='right' title='原始值：342.8956'>342.9</span>", "<span data-toggle='tooltip' data-placement='right' title='原始值：35.43576'>35.4</span>", "<span data-toggle='tooltip' data-placement='right' title='原始值：1.72'>1.72</span>", "<span data-toggle='tooltip' data-placement='right' title='原始值：0.162'>0.162</span>", "<span data-toggle='tooltip' data-placement='right' title='原始值：0.139864'>0.140</span>", "<span data-toggle='tooltip' data-placement='right' title='原始值：2.128221'>2.13</span>", "*", "*", "正常"], ["云南省", "滇池流域", "<span data-toggle='tooltip' data-placement='right' title='所在地市:昆明市&#10;所属河流:滇池'>西苑隧道</span>", "03-20 08:00", "Ⅴ", "<span data-toggle='tooltip' data-placement='right' title='原始值：17.59'>17.6</span>", "<span data-toggle='tooltip' data-placement='right' title='原始值：8.14394'>8.14</span>", "<span data-toggle='tooltip' data-placement='right' title='原始值：9.054'>9.05</span>", "<span data-toggle='tooltip' data-placement='right' title='原始值：712.593'>712.6</span>", "<span data-toggle='tooltip' data-placement='right' title='原始值：18.814'>18.8</span>", "<span data-toggle='tooltip' data-placement='right' title='原始值：7.74721'>7.75</span>", "<span data-toggle='tooltip' data-placement='right' title='原始值：0.02364'>0.024</span>", "<span data-toggle='tooltip' data-placement='right' title='原始值：0.10321'>0.103</span>", "<span data-toggle='tooltip' data-placement='right' title='原始值：4.15276'>4.15</span>", "<span data-toggle='tooltip' data-placement='right' title='原始值：0.04094'>0.041</span>", "<span data-toggle='tooltip' data-placement='right' title='原始值：3.262947E+07'>32629470</span>", "正常"], ["云南省", "滇池流域", "<span data-toggle='tooltip' data-placement='right' title='所在地市:昆明市&#10;所属河流:滇池'>观音山</span>", "03-20 08:00", "Ⅳ", "<span data-toggle='tooltip' data-placement='right' title='原始值：15.96588'>16.0</span>", "<span data-toggle='tooltip' data-placement='right' title='原始值：8.94075'>8.94</span>", "<span data-toggle='tooltip' data-placement='right' title='原始值：9.303'>9.30</span>", "<span data-toggle='tooltip' data-placement='right' title='原始值：434.45'>434.4</span>", "<span data-toggle='tooltip' data-placement='right' title='原始值：17.874'>17.9</span>", "<span data-toggle='tooltip' data-placement='right' title='原始值：7.12683'>7.13</span>", "<span data-toggle='tooltip' data-placement='right' title='原始值：0.58'>0.580</span>", "<span data-toggle='tooltip' data-placement='right' title='原始值：0.0822'>0.082</span>", "<span data-toggle='tooltip' data-placement='right' title='原始值：1.544'>1.54</span>", "<span data-toggle='tooltip' data-placement='right' title='原始值：0.02151'>0.022</span>", "<span data-toggle='tooltip' data-placement='right' title='原始值：3.92558E+07'>39255800</span>", "正常"], ["云南省", "西南诸河", "<span data-toggle='tooltip' data-placement='right' title='所在地市:红河哈尼族彝族自治州&#10;所属河流:红河'>河口县医院(河口)</span>", "03-20 08:00", "Ⅱ", "<span data-toggle='tooltip' data-placement='right' title='原始值：23.42027'>23.4</span>", "<span data-toggle='tooltip' data-placement='right' title='原始值：7.87493'>7.87</span>", "<span data-toggle='tooltip' data-placement='right' title='原始值：7.55505'>7.56</span>", "<span data-toggle='tooltip' data-placement='right' title='原始值：256.0141'>256.0</span>", "<span data-toggle='tooltip' data-placement='right' title='原始值：73.394'>73.4</span>", "<span data-toggle='tooltip' data-placement='right' title='原始值：1.39118'>1.39</span>", "<span data-toggle='tooltip' data-placement='right' title='原始值：0.08068'>0.081</span>", "<span data-toggle='tooltip' data-placement='right' title='原始值：0.0635'>0.064</span>", "<span data-toggle='tooltip' data-placement='right' title='原始值：0.942'>0.94</span>", "*", "*", "正常"], ["云南省", "西南诸河", "<span data-toggle='tooltip' data-placement='right' title='所在地市:西双版纳傣族自治州&#10;所属河流:澜沧江'>橄榄坝</span>", "03-20 08:00", "Ⅱ", "<span data-toggle='tooltip' data-placement='right' title='原始值：19.644'>19.6</span>", "<span data-toggle='tooltip' data-placement='right' title='原始值：7.565'>7.56</span>", "<span data-toggle='tooltip' data-placement='right' title='原始值：6.605'>6.60</span>", "<span data-toggle='tooltip' data-placement='right' title='原始值：523.956'>524.0</span>", "<span data-toggle='tooltip' data-placement='right' title='原始值：5.25'>5.2</span>", "<span data-toggle='tooltip' data-placement='right' title='原始值：0.739'>0.74</span>", "<span data-toggle='tooltip' data-placement='right' title='原始值：0.039'>0.039</span>", "*", "*", "*", "*", "正常"], ["陕西省", "黄河流域", "<span data-toggle='tooltip' data-placement='right' title='所在地市:渭南市&#10;所属河流:渭河'>潼关吊桥</span>", "03-20 08:00", "Ⅲ", "<span data-toggle='tooltip' data-placement='right' title='原始值：11.4'>11.4</span>", "<span data-toggle='tooltip' data-placement='right' title='原始值：8.24992'>8.25</span>", "<span data-toggle='tooltip' data-placement='right' title='原始值：8.20492'>8.20</span>", "<span data-toggle='tooltip' data-placement='right' title='原始值：1420'>1420.0</span>", "<span data-toggle='tooltip' data-placement='right' title='原始值：195.8182'>195.8</span>", "<span data-toggle='tooltip' data-placement='right' title='原始值：4.43'>4.43</span>", "<span data-toggle='tooltip' data-placement='right' title='原始值：0.21'>0.210</span>", "<span data-toggle='tooltip' data-placement='right' title='原始值：0.11534'>0.115</span>", "<span data-toggle='tooltip' data-placement='right' title='原始值：7.24528'>7.25</span>", "*", "*", "正常"]]}