{"result": 1, "total": 2, "records": 100, "thead": ["省份", "流域", "断面名称", "监测时间", "水质类别", "水温<br/><span class='unit'>(℃)</span>", "pH<br/><span class='unit'>(无量纲)</span>", "溶解氧<br/><span class='unit'>(mg/L)</span>", "电导率<br/><span class='unit'>(μS/cm)</span>", "浊度<br/><span class='unit'>(NTU)</span>", "高锰酸盐指数<br/><span class='unit'>(mg/L)</span>", "氨氮<br/><span class='unit'>(mg/L)</span>", "总磷<br/><span class='unit'>(mg/L)</span>", "总氮<br/><span class='unit'>(mg/L)</span>", "叶绿素α<br/><span class='unit'>(mg/L)</span>", "藻密度<br/><span class='unit'>(cells/L)</span>", "站点情况"], "tbody": [["北京市", "海河流域", "<span data-toggle='tooltip' data-placement='right' title='所在地市:门头沟区&#10;所属河流:永定河'>沿河城</span>", null, "", "--", "--", "--", "--", "--", "--", "--", "--", "--", "*", "*", "停站"], ["北京市", "淮河流域", "<span data-toggle='tooltip' data-placement='right' title='所在地市:房山区&#10;所属河流:小清河'>八间房漫水桥</span>", "03-25 08:00", "", "<span data-toggle='tooltip' data-placement='right' title='原始值：11.4'>11.4</span>", "<span data-toggle='tooltip' data-placement='right' title='原始值：7.88'>7.88</span>", "<span data-toggle='tooltip' data-placement='right' title='原始值：10.43'>10.43</span>", "<span data-toggle='tooltip' data-placement='right' title='原始值：1136.4'>1136.4</span>", "<span data-toggle='tooltip' data-placement='right' title='原始值：4.84'>4.8</span>", "<span data-toggle='tooltip' data-placement='right' title='原始值：4.065'>4.06</span>", "<span data-toggle='tooltip' data-placement='right' title='极值过滤'>--</span>", "<span data-toggle='tooltip' data-placement='right' title='原始值：0.04'>0.040</span>", "<span data-toggle='tooltip' data-placement='right' title='原始值：3.93'>3.93</span>", "*", "*", "维护"], ["北京市", "海河流域", "<span data-toggle='tooltip' data-placement='right' title='所在地市:密云区&#10;所属河流:潮河'>古北口</span>", "03-25 08:00", "Ⅱ", "<span data-toggle='tooltip' data-placement='right' title='原始值：9.63056'>9.6</span>", "<span data-toggle='tooltip' data-placement='right' title='原始值：7.9051'>7.91</span>", "<span data-toggle='tooltip' data-placement='right' title='原始值：11.56094'>11.56</span>", "<span data-toggle='tooltip' data-placement='right' title='原始值：675.7475'>675.7</span>", "<span data-toggle='tooltip' data-placement='right' title='原始值：3.34037'>3.3</span>", "<span data-toggle='tooltip' data-placement='right' title='原始值：1.0425'>1.04</span>", "<span data-toggle='tooltip' data-placement='right' title='原始值：0.16'>0.160</span>", "<span data-toggle='tooltip' data-placement='right' title='原始值：0.0001'>0.0001</span>", "<span data-toggle='tooltip' data-placement='right' title='原始值：8.6146'>8.61</span>", "*", "*", "正常"], ["天津市", "海河流域", "<span data-toggle='tooltip' data-placement='right' title='所在地市:河北区&#10;所属河流:海河'>三岔口</span>", "03-25 08:00", "Ⅱ", "<span data-toggle='tooltip' data-placement='right' title='原始值：11.59'>11.6</span>", "<span data-toggle='tooltip' data-placement='right' title='原始值：7.9327'>7.93</span>", "<span data-toggle='tooltip' data-placement='right' title='原始值：9.44'>9.44</span>", "<span data-toggle='tooltip' data-placement='right' title='原始值：617.9936'>618.0</span>", "<span data-toggle='tooltip' data-placement='right' title='原始值：13.825'>13.8</span>", "<span data-toggle='tooltip' data-placement='right' title='原始值：1.71'>1.71</span>", "<span data-toggle='tooltip' data-placement='right' title='原始值：0.27'>0.270</span>", "<span data-toggle='tooltip' data-placement='right' title='原始值：0.0279'>0.028</span>", "<span data-toggle='tooltip' data-placement='right' title='原始值：1.0241'>1.02</span>", "*", "*", "正常"], ["天津市", "海河流域", "<span data-toggle='tooltip' data-placement='right' title='所在地市:蓟州区&#10;所属河流:果河'>果河桥</span>", "03-25 08:00", "Ⅱ", "<span data-toggle='tooltip' data-placement='right' title='原始值：11.1'>11.1</span>", "<span data-toggle='tooltip' data-placement='right' title='原始值：8.51'>8.51</span>", "<span data-toggle='tooltip' data-placement='right' title='原始值：12.109'>12.11</span>", "<span data-toggle='tooltip' data-placement='right' title='原始值：771.798'>771.8</span>", "<span data-toggle='tooltip' data-placement='right' title='原始值：4.5'>4.5</span>", "<span data-toggle='tooltip' data-placement='right' title='原始值：1.63'>1.63</span>", "<span data-toggle='tooltip' data-placement='right' title='原始值：0.1'>0.100</span>", "<span data-toggle='tooltip' data-placement='right' title='原始值：0.048'>0.048</span>", "<span data-toggle='tooltip' data-placement='right' title='原始值：10.35'>10.35</span>", "*", "*", "正常"], ["河北省", "海河流域", "<span data-toggle='tooltip' data-placement='right' title='所在地市:石家庄市&#10;所属河流:滹沱河'>岗南水库</span>", "03-25 08:00", "Ⅰ", "<span data-toggle='tooltip' data-placement='right' title='原始值：11.90935'>11.9</span>", "<span data-toggle='tooltip' data-placement='right' title='原始值：8.80706'>8.81</span>", "<span data-toggle='tooltip' data-placement='right' title='原始值：14.42732'>14.43</span>", "<span data-toggle='tooltip' data-placement='right' title='原始值：504.3495'>504.3</span>", "<span data-toggle='tooltip' data-placement='right' title='原始值：3.31317'>3.3</span>", "<span data-toggle='tooltip' data-placement='right' title='原始值：1.68276'>1.68</span>", "<span data-toggle='tooltip' data-placement='right' title='原始值：0.02'>0.020</span>", "<span data-toggle='tooltip' data-placement='right' title='原始值：0.00881'>0.009</span>", "<span data-toggle='tooltip' data-placement='right' title='原始值：2.07503'>2.08</span>", "*", "*", "正常"], ["河北省", "海河流域", "<span data-toggle='tooltip' data-placement='right' title='所在地市:张家口市&#10;所属河流:永定河'>八号桥</span>", "03-25 08:00", "Ⅲ", "<span data-toggle='tooltip' data-placement='right' title='原始值：10.00272'>10.0</span>", "<span data-toggle='tooltip' data-placement='right' title='原始值：8.36544'>8.37</span>", "<span data-toggle='tooltip' data-placement='right' title='原始值：9.62746'>9.63</span>", "<span data-toggle='tooltip' data-placement='right' title='原始值：1241.27'>1241.3</span>", "<span data-toggle='tooltip' data-placement='right' title='原始值：27.54243'>27.5</span>", "<span data-toggle='tooltip' data-placement='right' title='原始值：5.5'>5.50</span>", "<span data-toggle='tooltip' data-placement='right' title='原始值：0.2'>0.200</span>", "<span data-toggle='tooltip' data-placement='right' title='原始值：0.1555'>0.156</span>", "<span data-toggle='tooltip' data-placement='right' title='原始值：6.69'>6.69</span>", "*", "*", "正常"], ["山西省", "黄河流域", "<span data-toggle='tooltip' data-placement='right' title='所在地市:运城市&#10;所属河流:汾河'>河津大桥</span>", null, "", "--", "--", "--", "--", "--", "--", "--", "--", "--", "*", "*", "停站"], ["山西省", "黄河流域", "<span data-toggle='tooltip' data-placement='right' title='所在地市:忻州市&#10;所属河流:黄河'>万家寨水库</span>", null, "", "--", "--", "--", "--", "--", "--", "--", "--", "--", "*", "*", "停站"], ["内蒙古自治区", "黄河流域", "<span data-toggle='tooltip' data-placement='right' title='所在地市:包头市&#10;所属河流:黄河'>画匠营子</span>", "03-25 08:00", "Ⅱ", "<span data-toggle='tooltip' data-placement='right' title='原始值：11.26945'>11.3</span>", "<span data-toggle='tooltip' data-placement='right' title='原始值：8.10938'>8.11</span>", "<span data-toggle='tooltip' data-placement='right' title='原始值：10.6361'>10.64</span>", "<span data-toggle='tooltip' data-placement='right' title='原始值：1418.82'>1418.8</span>", "<span data-toggle='tooltip' data-placement='right' title='原始值：563.9526'>564.0</span>", "<span data-toggle='tooltip' data-placement='right' title='原始值：3.57977'>3.58</span>", "<span data-toggle='tooltip' data-placement='right' title='原始值：0.06154'>0.062</span>", "*", "*", "*", "*", "正常"], ["内蒙古自治区", "黄河流域", "<span data-toggle='tooltip' data-placement='right' title='所在地市:乌海市&#10;所属河流:黄河'>海勃湾</span>", "03-25 08:00", "Ⅳ", "<span data-toggle='tooltip' data-placement='right' title='原始值：19.28183'>19.3</span>", "<span data-toggle='tooltip' data-placement='right' title='原始值：6.70841'>6.71</span>", "<span data-toggle='tooltip' data-placement='right' title='原始值：4.79475'>4.79</span>", "<span data-toggle='tooltip' data-placement='right' title='极值过滤'>--</span>", "<span data-toggle='tooltip' data-placement='right' title='原始值：11.63405'>11.6</span>", "<span data-toggle='tooltip' data-placement='right' title='原始值：2.46'>2.46</span>", "<span data-toggle='tooltip' data-placement='right' title='原始值：0.12'>0.120</span>", "*", "*", "*", "*", "维护"], ["内蒙古自治区", "松花江流域", "<span data-toggle='tooltip' data-placement='right' title='所在地市:呼伦贝尔市&#10;所属河流:额尔古纳河'>黑山头</span>", null, "", "--", "--", "--", "--", "--", "--", "--", "--", "--", "*", "*", "停站"], ["辽宁省", "辽河流域", "<span data-toggle='tooltip' data-placement='right' title='所在地市:抚顺市&#10;所属河流:浑河'>大伙房水库</span>", "03-25 08:00", "Ⅱ", "<span data-toggle='tooltip' data-placement='right' title='原始值：5.85781'>5.9</span>", "<span data-toggle='tooltip' data-placement='right' title='原始值：7.94959'>7.95</span>", "<span data-toggle='tooltip' data-placement='right' title='原始值：10.97528'>10.98</span>", "<span data-toggle='tooltip' data-placement='right' title='原始值：322.8875'>322.9</span>", "<span data-toggle='tooltip' data-placement='right' title='原始值：8.74914'>8.7</span>", "<span data-toggle='tooltip' data-placement='right' title='原始值：3.66699'>3.67</span>", "<span data-toggle='tooltip' data-placement='right' title='原始值：0.24'>0.240</span>", "<span data-toggle='tooltip' data-placement='right' title='原始值：0.00965'>0.010</span>", "<span data-toggle='tooltip' data-placement='right' title='原始值：3.06906'>3.07</span>", "<span data-toggle='tooltip' data-placement='right' title='原始值：0.00351'>0.004</span>", "*", "正常"], ["辽宁省", "辽河流域", "<span data-toggle='tooltip' data-placement='right' title='所在地市:丹东市&#10;所属河流:鸭绿江'>江桥</span>", "03-25 08:00", "Ⅰ", "<span data-toggle='tooltip' data-placement='right' title='原始值：6.7'>6.7</span>", "<span data-toggle='tooltip' data-placement='right' title='原始值：6.45'>6.45</span>", "<span data-toggle='tooltip' data-placement='right' title='原始值：11.91'>11.91</span>", "<span data-toggle='tooltip' data-placement='right' title='原始值：152'>152.0</span>", "<span data-toggle='tooltip' data-placement='right' title='原始值：7.49976'>7.5</span>", "<span data-toggle='tooltip' data-placement='right' title='原始值：1.05'>1.05</span>", "<span data-toggle='tooltip' data-placement='right' title='原始值：0.0391'>0.039</span>", "<span data-toggle='tooltip' data-placement='right' title='原始值：0.01896'>0.019</span>", "<span data-toggle='tooltip' data-placement='right' title='原始值：1.83452'>1.83</span>", "*", "*", "正常"], ["辽宁省", "辽河流域", "<span data-toggle='tooltip' data-placement='right' title='所在地市:营口市&#10;所属河流:大辽河'>辽河公园</span>", "03-25 08:00", "Ⅳ", "<span data-toggle='tooltip' data-placement='right' title='原始值：10.82121'>10.8</span>", "<span data-toggle='tooltip' data-placement='right' title='原始值：7.8489'>7.85</span>", "<span data-toggle='tooltip' data-placement='right' title='原始值：11.98252'>11.98</span>", "<span data-toggle='tooltip' data-placement='right' title='原始值：13816.79'>13816.8</span>", "<span data-toggle='tooltip' data-placement='right' title='原始值：70.04944'>70.0</span>", "<span data-toggle='tooltip' data-placement='right' title='原始值：5.57207'>5.57</span>", "<span data-toggle='tooltip' data-placement='right' title='原始值：1.44152'>1.442</span>", "<span data-toggle='tooltip' data-placement='right' title='原始值：0.11053'>0.111</span>", "<span data-toggle='tooltip' data-placement='right' title='原始值：6.869'>6.87</span>", "*", "*", "正常"], ["辽宁省", "辽河流域", "<span data-toggle='tooltip' data-placement='right' title='所在地市:辽阳市&#10;所属河流:太子河'>汤河水库</span>", null, "", "--", "--", "--", "--", "--", "--", "--", "--", "--", "*", "*", "停站"], ["辽宁省", "辽河流域", "<span data-toggle='tooltip' data-placement='right' title='所在地市:盘锦市&#10;所属河流:辽河'>盘锦兴安(兴安)</span>", null, "", "--", "--", "--", "--", "--", "--", "--", "--", "--", "*", "*", "停站"], ["辽宁省", "辽河流域", "<span data-toggle='tooltip' data-placement='right' title='所在地市:铁岭市&#10;所属河流:辽河'>珠尔山</span>", "03-25 08:00", "Ⅲ", "<span data-toggle='tooltip' data-placement='right' title='原始值：7.73515'>7.7</span>", "<span data-toggle='tooltip' data-placement='right' title='原始值：7.6803'>7.68</span>", "<span data-toggle='tooltip' data-placement='right' title='原始值：9.95752'>9.96</span>", "<span data-toggle='tooltip' data-placement='right' title='原始值：444.8511'>444.9</span>", "<span data-toggle='tooltip' data-placement='right' title='原始值：16.72718'>16.7</span>", "<span data-toggle='tooltip' data-placement='right' title='原始值：2.65434'>2.65</span>", "<span data-toggle='tooltip' data-placement='right' title='原始值：0.73'>0.730</span>", "<span data-toggle='tooltip' data-placement='right' title='原始值：0.10755'>0.108</span>", "<span data-toggle='tooltip' data-placement='right' title='原始值：5.79376'>5.79</span>", "*", "*", "正常"], ["吉林省", "松花江流域", "<span data-toggle='tooltip' data-placement='right' title='所在地市:长春市&#10;所属河流:松花江'>松花江村</span>", null, "", "--", "--", "--", "--", "--", "--", "--", "--", "--", "*", "*", "停站"], ["吉林省", "松花江流域", "<span data-toggle='tooltip' data-placement='right' title='所在地市:白城市&#10;所属河流:嫩江'>白沙滩</span>", "03-25 08:00", "Ⅱ", "<span data-toggle='tooltip' data-placement='right' title='原始值：4.53787'>4.5</span>", "<span data-toggle='tooltip' data-placement='right' title='原始值：6.82698'>6.83</span>", "<span data-toggle='tooltip' data-placement='right' title='原始值：12.67099'>12.67</span>", "<span data-toggle='tooltip' data-placement='right' title='原始值：245.0648'>245.1</span>", "<span data-toggle='tooltip' data-placement='right' title='原始值：23.1231'>23.1</span>", "<span data-toggle='tooltip' data-placement='right' title='原始值：3.85299'>3.85</span>", "<span data-toggle='tooltip' data-placement='right' title='原始值：0.13408'>0.134</span>", "<span data-toggle='tooltip' data-placement='right' title='原始值：0.05126'>0.051</span>", "<span data-toggle='tooltip' data-placement='right' title='原始值：1.60494'>1.60</span>", "*", "*", "正常"], ["吉林省", "松花江流域", "<span data-toggle='tooltip' data-placement='right' title='所在地市:延边朝鲜族自治州&#10;所属河流:图们江'>圈河</span>", "03-25 08:00", "Ⅲ", "<span data-toggle='tooltip' data-placement='right' title='原始值：9'>9.0</span>", "<span data-toggle='tooltip' data-placement='right' title='原始值：7.06'>7.06</span>", "<span data-toggle='tooltip' data-placement='right' title='原始值：10.91063'>10.91</span>", "<span data-toggle='tooltip' data-placement='right' title='原始值：220'>220.0</span>", "<span data-toggle='tooltip' data-placement='right' title='原始值：99'>99.0</span>", "<span data-toggle='tooltip' data-placement='right' title='原始值：3.69'>3.69</span>", "<span data-toggle='tooltip' data-placement='right' title='原始值：0.48811'>0.488</span>", "<span data-toggle='tooltip' data-placement='right' title='原始值：0.10265'>0.103</span>", "<span data-toggle='tooltip' data-placement='right' title='原始值：0.002'>0.002</span>", "*", "*", "正常"], ["黑龙江省", "松花江流域", "<span data-toggle='tooltip' data-placement='right' title='所在地市:大庆市&#10;所属河流:松花江'>肇源</span>", null, "", "--", "--", "--", "--", "--", "--", "--", "--", "--", "*", "*", "停站"], ["黑龙江省", "松花江流域", "<span data-toggle='tooltip' data-placement='right' title='所在地市:佳木斯市&#10;所属河流:乌苏里江'>乌苏镇</span>", null, "", "--", "--", "--", "--", "--", "--", "--", "--", "--", "*", "*", "停站"], ["黑龙江省", "松花江流域", "<span data-toggle='tooltip' data-placement='right' title='所在地市:佳木斯市&#10;所属河流:松花江'>同江</span>", "03-25 08:00", "Ⅳ", "<span data-toggle='tooltip' data-placement='right' title='原始值：1.70279'>1.7</span>", "<span data-toggle='tooltip' data-placement='right' title='原始值：7.04239'>7.04</span>", "<span data-toggle='tooltip' data-placement='right' title='原始值：10.4138'>10.41</span>", "<span data-toggle='tooltip' data-placement='right' title='原始值：304.593'>304.6</span>", "<span data-toggle='tooltip' data-placement='right' title='原始值：36.9957'>37.0</span>", "<span data-toggle='tooltip' data-placement='right' title='原始值：7.03618'>7.04</span>", "<span data-toggle='tooltip' data-placement='right' title='原始值：0.37835'>0.378</span>", "<span data-toggle='tooltip' data-placement='right' title='原始值：0.09033'>0.090</span>", "<span data-toggle='tooltip' data-placement='right' title='原始值：3.35395'>3.35</span>", "*", "*", "正常"], ["黑龙江省", "松花江流域", "<span data-toggle='tooltip' data-placement='right' title='所在地市:黑河市&#10;所属河流:黑龙江'>黑河下(黑河)</span>", null, "", "--", "--", "--", "--", "--", "--", "--", "--", "--", "*", "*", "停站"], ["上海市", "长江流域", "<span data-toggle='tooltip' data-placement='right' title='所在地市:青浦区&#10;所属河流:淀山湖'>急水港桥</span>", "03-25 08:00", "Ⅳ", "<span data-toggle='tooltip' data-placement='right' title='原始值：15'>15.0</span>", "<span data-toggle='tooltip' data-placement='right' title='原始值：7.41'>7.41</span>", "<span data-toggle='tooltip' data-placement='right' title='原始值：8.07'>8.07</span>", "<span data-toggle='tooltip' data-placement='right' title='原始值：688'>688.0</span>", "<span data-toggle='tooltip' data-placement='right' title='原始值：193.5'>193.5</span>", "<span data-toggle='tooltip' data-placement='right' title='原始值：3.20312'>3.20</span>", "<span data-toggle='tooltip' data-placement='right' title='原始值：0.22934'>0.229</span>", "<span data-toggle='tooltip' data-placement='right' title='原始值：0.06243'>0.062</span>", "<span data-toggle='tooltip' data-placement='right' title='原始值：3.37069'>3.37</span>", "<span data-toggle='tooltip' data-placement='right' title='原始值：0.01399'>0.014</span>", "<span data-toggle='tooltip' data-placement='right' title='原始值：6387440'>6387440</span>", "正常"], ["江苏省", "长江流域", "<span data-toggle='tooltip' data-placement='right' title='所在地市:南京市&#10;所属河流:长江'>林山</span>", "03-25 04:00", "Ⅱ", "<span data-toggle='tooltip' data-placement='right' title='原始值：19.2822'>19.3</span>", "<span data-toggle='tooltip' data-placement='right' title='原始值：7.68213'>7.68</span>", "<span data-toggle='tooltip' data-placement='right' title='原始值：7.11013'>7.11</span>", "<span data-toggle='tooltip' data-placement='right' title='原始值：350.845'>350.8</span>", "<span data-toggle='tooltip' data-placement='right' title='原始值：18.6887'>18.7</span>", "<span data-toggle='tooltip' data-placement='right' title='原始值：2.48'>2.48</span>", "<span data-toggle='tooltip' data-placement='right' title='原始值：0.14157'>0.142</span>", "*", "*", "*", "*", "正常"], ["江苏省", "太湖流域", "<span data-toggle='tooltip' data-placement='right' title='所在地市:无锡市&#10;所属河流:太湖'>沙渚</span>", "03-25 08:00", "Ⅱ", "<span data-toggle='tooltip' data-placement='right' title='原始值：21.19975'>21.2</span>", "<span data-toggle='tooltip' data-placement='right' title='原始值：7.882127'>7.88</span>", "<span data-toggle='tooltip' data-placement='right' title='原始值：9.257043'>9.26</span>", "<span data-toggle='tooltip' data-placement='right' title='原始值：571.3988'>571.4</span>", "<span data-toggle='tooltip' data-placement='right' title='原始值：35.84219'>35.8</span>", "<span data-toggle='tooltip' data-placement='right' title='原始值：3.529117'>3.53</span>", "<span data-toggle='tooltip' data-placement='right' title='原始值：0.17'>0.170</span>", "<span data-toggle='tooltip' data-placement='right' title='原始值：0.0502'>0.050</span>", "<span data-toggle='tooltip' data-placement='right' title='原始值：2.07'>2.07</span>", "<span data-toggle='tooltip' data-placement='right' title='原始值：0.028425'>0.028</span>", "*", "正常"], ["江苏省", "淮河流域", "<span data-toggle='tooltip' data-placement='right' title='所在地市:徐州市&#10;所属河流:武河'>小红圈</span>", "03-25 08:00", "劣Ⅴ", "<span data-toggle='tooltip' data-placement='right' title='原始值：15.24'>15.2</span>", "<span data-toggle='tooltip' data-placement='right' title='原始值：9.06'>9.06</span>", "<span data-toggle='tooltip' data-placement='right' title='原始值：10.85'>10.85</span>", "<span data-toggle='tooltip' data-placement='right' title='原始值：546.1'>546.1</span>", "<span data-toggle='tooltip' data-placement='right' title='原始值：26.27'>26.3</span>", "<span data-toggle='tooltip' data-placement='right' title='原始值：5.97'>5.97</span>", "<span data-toggle='tooltip' data-placement='right' title='原始值：0.026'>0.026</span>", "*", "*", "*", "*", "正常"], ["江苏省", "淮河流域", "<span data-toggle='tooltip' data-placement='right' title='所在地市:徐州市&#10;所属河流:沿河'>李集桥</span>", "03-25 08:00", "Ⅲ", "<span data-toggle='tooltip' data-placement='right' title='原始值：14.3'>14.3</span>", "<span data-toggle='tooltip' data-placement='right' title='原始值：8.09'>8.09</span>", "<span data-toggle='tooltip' data-placement='right' title='原始值：11.4'>11.40</span>", "<span data-toggle='tooltip' data-placement='right' title='原始值：1217.6'>1217.6</span>", "<span data-toggle='tooltip' data-placement='right' title='原始值：29.45'>29.4</span>", "<span data-toggle='tooltip' data-placement='right' title='原始值：5.26'>5.26</span>", "<span data-toggle='tooltip' data-placement='right' title='原始值：0.03'>0.030</span>", "<span data-toggle='tooltip' data-placement='right' title='原始值：0.037'>0.037</span>", "<span data-toggle='tooltip' data-placement='right' title='原始值：1.976'>1.98</span>", "*", "*", "正常"], ["江苏省", "淮河流域", "<span data-toggle='tooltip' data-placement='right' title='所在地市:徐州市&#10;所属河流:邳苍分洪道'>艾山西大桥</span>", "03-25 08:00", "", "<span data-toggle='tooltip' data-placement='right' title='原始值：14.3559'>14.4</span>", "<span data-toggle='tooltip' data-placement='right' title='原始值：8.06088'>8.06</span>", "<span data-toggle='tooltip' data-placement='right' title='原始值：10.2089'>10.21</span>", "<span data-toggle='tooltip' data-placement='right' title='原始值：1019.57'>1019.6</span>", "<span data-toggle='tooltip' data-placement='right' title='原始值：37.6301'>37.6</span>", "<span data-toggle='tooltip' data-placement='right' title='原始值：4.54'>4.54</span>", "<span data-toggle='tooltip' data-placement='right' title='极值过滤'>--</span>", "<span data-toggle='tooltip' data-placement='right' title='原始值：0.03484'>0.035</span>", "<span data-toggle='tooltip' data-placement='right' title='原始值：8.29636'>8.30</span>", "*", "*", "维护"], ["江苏省", "太湖流域", "<span data-toggle='tooltip' data-placement='right' title='所在地市:苏州市&#10;所属河流:太湖'>兰山嘴(老)</span>", "03-25 08:00", "Ⅲ", "<span data-toggle='tooltip' data-placement='right' title='原始值：15.53499'>15.5</span>", "<span data-toggle='tooltip' data-placement='right' title='原始值：7.87895'>7.88</span>", "<span data-toggle='tooltip' data-placement='right' title='原始值：9.03992'>9.04</span>", "<span data-toggle='tooltip' data-placement='right' title='原始值：408.2091'>408.2</span>", "<span data-toggle='tooltip' data-placement='right' title='原始值：31.02255'>31.0</span>", "<span data-toggle='tooltip' data-placement='right' title='原始值：2.5'>2.50</span>", "<span data-toggle='tooltip' data-placement='right' title='原始值：0.19718'>0.197</span>", "<span data-toggle='tooltip' data-placement='right' title='原始值：0.11047'>0.110</span>", "<span data-toggle='tooltip' data-placement='right' title='原始值：5.09387'>5.09</span>", "<span data-toggle='tooltip' data-placement='right' title='原始值：0.03416'>0.034</span>", "*", "正常"], ["江苏省", "太湖流域", "<span data-toggle='tooltip' data-placement='right' title='所在地市:苏州市&#10;所属河流:太湖'>西山</span>", "03-25 08:00", "Ⅳ", "<span data-toggle='tooltip' data-placement='right' title='原始值：14.42867'>14.4</span>", "<span data-toggle='tooltip' data-placement='right' title='原始值：7.75121'>7.75</span>", "<span data-toggle='tooltip' data-placement='right' title='原始值：10.64422'>10.64</span>", "<span data-toggle='tooltip' data-placement='right' title='原始值：453.7525'>453.8</span>", "<span data-toggle='tooltip' data-placement='right' title='原始值：81.22979'>81.2</span>", "<span data-toggle='tooltip' data-placement='right' title='原始值：2.54'>2.54</span>", "<span data-toggle='tooltip' data-placement='right' title='原始值：0.19'>0.190</span>", "<span data-toggle='tooltip' data-placement='right' title='原始值：0.053'>0.053</span>", "<span data-toggle='tooltip' data-placement='right' title='原始值：1.661'>1.66</span>", "<span data-toggle='tooltip' data-placement='right' title='原始值：0.00396'>0.004</span>", "*", "正常"], ["江苏省", "淮河流域", "<span data-toggle='tooltip' data-placement='right' title='所在地市:连云港市&#10;所属河流:新沭河'>大兴桥</span>", "03-25 08:00", "Ⅲ", "<span data-toggle='tooltip' data-placement='right' title='原始值：14.2'>14.2</span>", "<span data-toggle='tooltip' data-placement='right' title='原始值：8.63'>8.63</span>", "<span data-toggle='tooltip' data-placement='right' title='原始值：10.58'>10.58</span>", "<span data-toggle='tooltip' data-placement='right' title='原始值：1016.7'>1016.7</span>", "<span data-toggle='tooltip' data-placement='right' title='原始值：88.54'>88.5</span>", "<span data-toggle='tooltip' data-placement='right' title='原始值：4.57'>4.57</span>", "<span data-toggle='tooltip' data-placement='right' title='原始值：0.064'>0.064</span>", "*", "*", "*", "*", "正常"], ["江苏省", "淮河流域", "<span data-toggle='tooltip' data-placement='right' title='所在地市:淮安市&#10;所属河流:淮河'>淮河大桥</span>", "03-25 08:00", "Ⅱ", "<span data-toggle='tooltip' data-placement='right' title='原始值：15.0336'>15.0</span>", "<span data-toggle='tooltip' data-placement='right' title='原始值：7.89362'>7.89</span>", "<span data-toggle='tooltip' data-placement='right' title='原始值：9.79457'>9.79</span>", "<span data-toggle='tooltip' data-placement='right' title='原始值：652.5761'>652.6</span>", "<span data-toggle='tooltip' data-placement='right' title='原始值：23.3463'>23.3</span>", "<span data-toggle='tooltip' data-placement='right' title='原始值：3.02'>3.02</span>", "<span data-toggle='tooltip' data-placement='right' title='原始值：0.31'>0.310</span>", "<span data-toggle='tooltip' data-placement='right' title='原始值：0.066'>0.066</span>", "<span data-toggle='tooltip' data-placement='right' title='原始值：2.8375'>2.84</span>", "*", "*", "正常"], ["江苏省", "长江流域", "<span data-toggle='tooltip' data-placement='right' title='所在地市:扬州市&#10;所属河流:夹江'>三江营</span>", "03-25 08:00", "Ⅱ", "<span data-toggle='tooltip' data-placement='right' title='原始值：13.95'>14.0</span>", "<span data-toggle='tooltip' data-placement='right' title='原始值：7.85'>7.85</span>", "<span data-toggle='tooltip' data-placement='right' title='原始值：9.7'>9.70</span>", "<span data-toggle='tooltip' data-placement='right' title='原始值：326.4'>326.4</span>", "<span data-toggle='tooltip' data-placement='right' title='原始值：22.99'>23.0</span>", "<span data-toggle='tooltip' data-placement='right' title='原始值：1.49'>1.49</span>", "<span data-toggle='tooltip' data-placement='right' title='原始值：0.106'>0.106</span>", "<span data-toggle='tooltip' data-placement='right' title='原始值：0.069'>0.069</span>", "<span data-toggle='tooltip' data-placement='right' title='原始值：2.099'>2.10</span>", "*", "*", "正常"], ["江苏省", "淮河流域", "<span data-toggle='tooltip' data-placement='right' title='所在地市:宿迁市&#10;所属河流:新濉河'>大屈</span>", "03-25 08:00", "Ⅲ", "<span data-toggle='tooltip' data-placement='right' title='原始值：14.3'>14.3</span>", "<span data-toggle='tooltip' data-placement='right' title='原始值：8.5'>8.50</span>", "<span data-toggle='tooltip' data-placement='right' title='原始值：9.56'>9.56</span>", "<span data-toggle='tooltip' data-placement='right' title='原始值：907.5'>907.5</span>", "<span data-toggle='tooltip' data-placement='right' title='原始值：19'>19.0</span>", "<span data-toggle='tooltip' data-placement='right' title='原始值：4.92'>4.92</span>", "<span data-toggle='tooltip' data-placement='right' title='原始值：0.09'>0.090</span>", "<span data-toggle='tooltip' data-placement='right' title='原始值：0.057'>0.057</span>", "<span data-toggle='tooltip' data-placement='right' title='原始值：2.423'>2.42</span>", "*", "*", "正常"], ["浙江省", "浙闽片河流", "<span data-toggle='tooltip' data-placement='right' title='所在地市:杭州市&#10;所属河流:新安江'>街口(鸠坑口)</span>", "03-25 08:00", "Ⅱ", "<span data-toggle='tooltip' data-placement='right' title='原始值：16'>16.0</span>", "<span data-toggle='tooltip' data-placement='right' title='原始值：8.03'>8.03</span>", "<span data-toggle='tooltip' data-placement='right' title='原始值：9.19'>9.19</span>", "<span data-toggle='tooltip' data-placement='right' title='原始值：117.25'>117.2</span>", "<span data-toggle='tooltip' data-placement='right' title='原始值：6.49'>6.5</span>", "<span data-toggle='tooltip' data-placement='right' title='原始值：1.55'>1.55</span>", "<span data-toggle='tooltip' data-placement='right' title='原始值：0.078'>0.078</span>", "<span data-toggle='tooltip' data-placement='right' title='原始值：0.059'>0.059</span>", "<span data-toggle='tooltip' data-placement='right' title='原始值：1.934'>1.93</span>", "*", "*", "正常"], ["浙江省", "太湖流域", "<span data-toggle='tooltip' data-placement='right' title='所在地市:嘉兴市&#10;所属河流:斜路港河'>斜路港</span>", "03-25 08:00", "Ⅲ", "<span data-toggle='tooltip' data-placement='right' title='原始值：15.9'>15.9</span>", "<span data-toggle='tooltip' data-placement='right' title='原始值：7.46'>7.46</span>", "<span data-toggle='tooltip' data-placement='right' title='原始值：8.31'>8.31</span>", "<span data-toggle='tooltip' data-placement='right' title='原始值：695'>695.0</span>", "<span data-toggle='tooltip' data-placement='right' title='原始值：750.1'>750.1</span>", "<span data-toggle='tooltip' data-placement='right' title='原始值：5.76'>5.76</span>", "<span data-toggle='tooltip' data-placement='right' title='原始值：0.76044'>0.760</span>", "<span data-toggle='tooltip' data-placement='right' title='原始值：0.06821'>0.068</span>", "<span data-toggle='tooltip' data-placement='right' title='原始值：2.45213'>2.45</span>", "*", "*", "正常"], ["浙江省", "太湖流域", "<span data-toggle='tooltip' data-placement='right' title='所在地市:嘉兴市&#10;所属河流:京杭运河'>王江泾</span>", "03-25 08:00", "Ⅲ", "<span data-toggle='tooltip' data-placement='right' title='原始值：15.92'>15.9</span>", "<span data-toggle='tooltip' data-placement='right' title='原始值：7.23'>7.23</span>", "<span data-toggle='tooltip' data-placement='right' title='原始值：5.51'>5.51</span>", "<span data-toggle='tooltip' data-placement='right' title='原始值：737.89'>737.9</span>", "<span data-toggle='tooltip' data-placement='right' title='原始值：45.77'>45.8</span>", "<span data-toggle='tooltip' data-placement='right' title='原始值：5.683'>5.68</span>", "<span data-toggle='tooltip' data-placement='right' title='原始值：0.287'>0.287</span>", "<span data-toggle='tooltip' data-placement='right' title='原始值：0.068'>0.068</span>", "<span data-toggle='tooltip' data-placement='right' title='原始值：3.847'>3.85</span>", "*", "*", "正常"], ["浙江省", "太湖流域", "<span data-toggle='tooltip' data-placement='right' title='所在地市:湖州市&#10;所属河流:西苕溪'>新港口(新塘港)</span>", "03-25 08:00", "Ⅱ", "<span data-toggle='tooltip' data-placement='right' title='原始值：14.5771'>14.6</span>", "<span data-toggle='tooltip' data-placement='right' title='原始值：7.19058'>7.19</span>", "<span data-toggle='tooltip' data-placement='right' title='原始值：8.12512'>8.13</span>", "<span data-toggle='tooltip' data-placement='right' title='原始值：268.615'>268.6</span>", "<span data-toggle='tooltip' data-placement='right' title='原始值：87.7565'>87.8</span>", "<span data-toggle='tooltip' data-placement='right' title='原始值：2.28619'>2.29</span>", "<span data-toggle='tooltip' data-placement='right' title='原始值：0.34608'>0.346</span>", "<span data-toggle='tooltip' data-placement='right' title='原始值：0.06165'>0.062</span>", "<span data-toggle='tooltip' data-placement='right' title='原始值：11.53277'>11.53</span>", "<span data-toggle='tooltip' data-placement='right' title='原始值：0.02771'>0.028</span>", "*", "正常"], ["安徽省", "巢湖流域", "<span data-toggle='tooltip' data-placement='right' title='所在地市:合肥市&#10;所属河流:巢湖'>湖滨(老)</span>", "03-25 04:00", "Ⅳ", "<span data-toggle='tooltip' data-placement='right' title='原始值：15.48773'>15.5</span>", "<span data-toggle='tooltip' data-placement='right' title='原始值：7.66046'>7.66</span>", "<span data-toggle='tooltip' data-placement='right' title='原始值：12.10832'>12.11</span>", "<span data-toggle='tooltip' data-placement='right' title='原始值：313.2541'>313.3</span>", "<span data-toggle='tooltip' data-placement='right' title='原始值：109.6141'>109.6</span>", "<span data-toggle='tooltip' data-placement='right' title='原始值：4.5'>4.50</span>", "<span data-toggle='tooltip' data-placement='right' title='原始值：0.46'>0.460</span>", "<span data-toggle='tooltip' data-placement='right' title='原始值：0.0886'>0.089</span>", "<span data-toggle='tooltip' data-placement='right' title='原始值：1.792'>1.79</span>", "<span data-toggle='tooltip' data-placement='right' title='原始值：0.03626'>0.036</span>", "*", "正常"], ["安徽省", "巢湖流域", "<span data-toggle='tooltip' data-placement='right' title='所在地市:芜湖市&#10;所属河流:巢湖'>裕溪口(老)</span>", "03-25 08:00", "Ⅲ", "<span data-toggle='tooltip' data-placement='right' title='原始值：14.44952'>14.4</span>", "<span data-toggle='tooltip' data-placement='right' title='原始值：7.57787'>7.58</span>", "<span data-toggle='tooltip' data-placement='right' title='原始值：8.49937'>8.50</span>", "<span data-toggle='tooltip' data-placement='right' title='原始值：315.0425'>315.0</span>", "<span data-toggle='tooltip' data-placement='right' title='原始值：89.39928'>89.4</span>", "<span data-toggle='tooltip' data-placement='right' title='原始值：3.8'>3.80</span>", "<span data-toggle='tooltip' data-placement='right' title='原始值：0.1'>0.100</span>", "<span data-toggle='tooltip' data-placement='right' title='原始值：0.0399'>0.040</span>", "<span data-toggle='tooltip' data-placement='right' title='原始值：2.535'>2.54</span>", "<span data-toggle='tooltip' data-placement='right' title='原始值：0.05054'>0.051</span>", "*", "正常"], ["安徽省", "淮河流域", "<span data-toggle='tooltip' data-placement='right' title='所在地市:蚌埠市&#10;所属河流:淮河'>蚌埠闸上(蚌埠闸)</span>", "03-25 08:00", "Ⅱ", "<span data-toggle='tooltip' data-placement='right' title='原始值：16.27'>16.3</span>", "<span data-toggle='tooltip' data-placement='right' title='原始值：7.36'>7.36</span>", "<span data-toggle='tooltip' data-placement='right' title='原始值：9.7'>9.70</span>", "<span data-toggle='tooltip' data-placement='right' title='原始值：537.92'>537.9</span>", "<span data-toggle='tooltip' data-placement='right' title='原始值：107.85'>107.8</span>", "<span data-toggle='tooltip' data-placement='right' title='原始值：2.489'>2.49</span>", "<span data-toggle='tooltip' data-placement='right' title='原始值：0.068'>0.068</span>", "<span data-toggle='tooltip' data-placement='right' title='原始值：0.076'>0.076</span>", "<span data-toggle='tooltip' data-placement='right' title='原始值：2.367'>2.37</span>", "*", "*", "正常"], ["安徽省", "淮河流域", "<span data-toggle='tooltip' data-placement='right' title='所在地市:淮南市&#10;所属河流:淮河'>石头埠(老)</span>", "03-25 08:00", "Ⅳ", "<span data-toggle='tooltip' data-placement='right' title='原始值：15.5719'>15.6</span>", "<span data-toggle='tooltip' data-placement='right' title='原始值：6.3872'>6.39</span>", "<span data-toggle='tooltip' data-placement='right' title='原始值：3.29416'>3.29</span>", "<span data-toggle='tooltip' data-placement='right' title='原始值：440.1477'>440.1</span>", "<span data-toggle='tooltip' data-placement='right' title='原始值：39.43918'>39.4</span>", "<span data-toggle='tooltip' data-placement='right' title='原始值：4'>4.00</span>", "<span data-toggle='tooltip' data-placement='right' title='原始值：0.25'>0.250</span>", "*", "*", "*", "*", "正常"], ["安徽省", "淮河流域", "<span data-toggle='tooltip' data-placement='right' title='所在地市:淮北市&#10;所属河流:沱河'>小王桥</span>", "03-25 08:00", "Ⅲ", "<span data-toggle='tooltip' data-placement='right' title='原始值：14.39'>14.4</span>", "<span data-toggle='tooltip' data-placement='right' title='原始值：8.21'>8.21</span>", "<span data-toggle='tooltip' data-placement='right' title='原始值：12.41'>12.41</span>", "<span data-toggle='tooltip' data-placement='right' title='原始值：1735.61'>1735.6</span>", "<span data-toggle='tooltip' data-placement='right' title='原始值：16.37'>16.4</span>", "<span data-toggle='tooltip' data-placement='right' title='原始值：5.348'>5.35</span>", "<span data-toggle='tooltip' data-placement='right' title='原始值：0.031'>0.031</span>", "<span data-toggle='tooltip' data-placement='right' title='原始值：0.078'>0.078</span>", "<span data-toggle='tooltip' data-placement='right' title='原始值：1.176'>1.18</span>", "*", "*", "正常"], ["安徽省", "长江流域", "<span data-toggle='tooltip' data-placement='right' title='所在地市:安庆市&#10;所属河流:长江'>皖河口</span>", "03-25 08:00", "Ⅱ", "<span data-toggle='tooltip' data-placement='right' title='原始值：15.36'>15.4</span>", "<span data-toggle='tooltip' data-placement='right' title='原始值：7.546'>7.55</span>", "<span data-toggle='tooltip' data-placement='right' title='原始值：8.57'>8.57</span>", "<span data-toggle='tooltip' data-placement='right' title='原始值：277.19'>277.2</span>", "<span data-toggle='tooltip' data-placement='right' title='原始值：28.02'>28.0</span>", "<span data-toggle='tooltip' data-placement='right' title='原始值：1.947'>1.95</span>", "<span data-toggle='tooltip' data-placement='right' title='原始值：0.029'>0.029</span>", "<span data-toggle='tooltip' data-placement='right' title='原始值：0.0584'>0.058</span>", "<span data-toggle='tooltip' data-placement='right' title='原始值：2.221'>2.22</span>", "*", "*", "正常"], ["安徽省", "淮河流域", "<span data-toggle='tooltip' data-placement='right' title='所在地市:滁州市&#10;所属河流:淮河'>小柳巷</span>", "03-25 08:00", "Ⅱ", "<span data-toggle='tooltip' data-placement='right' title='原始值：13.2'>13.2</span>", "<span data-toggle='tooltip' data-placement='right' title='原始值：8.02'>8.02</span>", "<span data-toggle='tooltip' data-placement='right' title='原始值：9.32'>9.32</span>", "<span data-toggle='tooltip' data-placement='right' title='原始值：626.7'>626.7</span>", "<span data-toggle='tooltip' data-placement='right' title='原始值：51.33'>51.3</span>", "<span data-toggle='tooltip' data-placement='right' title='原始值：3.827'>3.83</span>", "<span data-toggle='tooltip' data-placement='right' title='原始值：0.367'>0.367</span>", "<span data-toggle='tooltip' data-placement='right' title='原始值：0.075'>0.075</span>", "<span data-toggle='tooltip' data-placement='right' title='原始值：2.56'>2.56</span>", "*", "*", "正常"], ["安徽省", "淮河流域", "<span data-toggle='tooltip' data-placement='right' title='所在地市:阜阳市&#10;所属河流:黑茨河'>张大桥</span>", null, "", "--", "--", "--", "--", "--", "--", "--", "--", "--", "*", "*", "停站"], ["安徽省", "淮河流域", "<span data-toggle='tooltip' data-placement='right' title='所在地市:阜阳市&#10;所属河流:淮河'>王家坝</span>", "03-25 08:00", "Ⅲ", "<span data-toggle='tooltip' data-placement='right' title='原始值：13.64'>13.6</span>", "<span data-toggle='tooltip' data-placement='right' title='原始值：7.57434'>7.57</span>", "<span data-toggle='tooltip' data-placement='right' title='原始值：9.05309'>9.05</span>", "<span data-toggle='tooltip' data-placement='right' title='原始值：331.7843'>331.8</span>", "<span data-toggle='tooltip' data-placement='right' title='原始值：23.49744'>23.5</span>", "<span data-toggle='tooltip' data-placement='right' title='原始值：4'>4.00</span>", "<span data-toggle='tooltip' data-placement='right' title='原始值：0.288'>0.288</span>", "<span data-toggle='tooltip' data-placement='right' title='原始值：0.10565'>0.106</span>", "<span data-toggle='tooltip' data-placement='right' title='原始值：1.88545'>1.89</span>", "*", "*", "正常"], ["安徽省", "淮河流域", "<span data-toggle='tooltip' data-placement='right' title='所在地市:阜阳市&#10;所属河流:颍河'>界首七渡口(七渡口)</span>", "03-25 08:00", "Ⅲ", "<span data-toggle='tooltip' data-placement='right' title='原始值：13.51645'>13.5</span>", "<span data-toggle='tooltip' data-placement='right' title='原始值：7.59894'>7.60</span>", "<span data-toggle='tooltip' data-placement='right' title='原始值：7.57716'>7.58</span>", "<span data-toggle='tooltip' data-placement='right' title='原始值：836.621'>836.6</span>", "<span data-toggle='tooltip' data-placement='right' title='原始值：13.10224'>13.1</span>", "<span data-toggle='tooltip' data-placement='right' title='原始值：4.47'>4.47</span>", "<span data-toggle='tooltip' data-placement='right' title='原始值：0.55'>0.550</span>", "<span data-toggle='tooltip' data-placement='right' title='原始值：0.09659'>0.097</span>", "<span data-toggle='tooltip' data-placement='right' title='原始值：5.5476'>5.55</span>", "*", "*", "正常"], ["安徽省", "淮河流域", "<span data-toggle='tooltip' data-placement='right' title='所在地市:阜阳市&#10;所属河流:泉河'>许庄(徐庄)</span>", "03-25 04:00", "Ⅱ", "<span data-toggle='tooltip' data-placement='right' title='原始值：14'>14.0</span>", "<span data-toggle='tooltip' data-placement='right' title='原始值：7.86'>7.86</span>", "<span data-toggle='tooltip' data-placement='right' title='原始值：10.31'>10.31</span>", "<span data-toggle='tooltip' data-placement='right' title='原始值：1006.5'>1006.5</span>", "<span data-toggle='tooltip' data-placement='right' title='原始值：4.73'>4.7</span>", "<span data-toggle='tooltip' data-placement='right' title='原始值：3.73'>3.73</span>", "<span data-toggle='tooltip' data-placement='right' title='原始值：0.02'>0.020</span>", "<span data-toggle='tooltip' data-placement='right' title='原始值：0.039'>0.039</span>", "<span data-toggle='tooltip' data-placement='right' title='原始值：2.434'>2.43</span>", "*", "*", "正常"], ["安徽省", "淮河流域", "<span data-toggle='tooltip' data-placement='right' title='所在地市:宿州市&#10;所属河流:奎河'>杨庄</span>", "03-25 08:00", "Ⅲ", "<span data-toggle='tooltip' data-placement='right' title='原始值：14.65'>14.6</span>", "<span data-toggle='tooltip' data-placement='right' title='原始值：7.45'>7.45</span>", "<span data-toggle='tooltip' data-placement='right' title='原始值：9.43'>9.43</span>", "<span data-toggle='tooltip' data-placement='right' title='原始值：1090.8'>1090.8</span>", "<span data-toggle='tooltip' data-placement='right' title='原始值：112.81'>112.8</span>", "<span data-toggle='tooltip' data-placement='right' title='原始值：4.88'>4.88</span>", "<span data-toggle='tooltip' data-placement='right' title='原始值：0.353'>0.353</span>", "*", "*", "*", "*", "正常"], ["安徽省", "淮河流域", "<span data-toggle='tooltip' data-placement='right' title='所在地市:宿州市&#10;所属河流:新汴河'>泗县公路桥</span>", "03-25 08:00", "Ⅲ", "<span data-toggle='tooltip' data-placement='right' title='原始值：14.5'>14.5</span>", "<span data-toggle='tooltip' data-placement='right' title='原始值：8.36'>8.36</span>", "<span data-toggle='tooltip' data-placement='right' title='原始值：10.44'>10.44</span>", "<span data-toggle='tooltip' data-placement='right' title='原始值：958.6'>958.6</span>", "<span data-toggle='tooltip' data-placement='right' title='原始值：29.2'>29.2</span>", "<span data-toggle='tooltip' data-placement='right' title='原始值：5.31'>5.31</span>", "<span data-toggle='tooltip' data-placement='right' title='原始值：0.08'>0.080</span>", "*", "*", "*", "*", "正常"], ["安徽省", "淮河流域", "<span data-toggle='tooltip' data-placement='right' title='所在地市:亳州市&#10;所属河流:包河'>颜集</span>", "03-25 08:00", "劣Ⅴ", "<span data-toggle='tooltip' data-placement='right' title='原始值：13.1'>13.1</span>", "<span data-toggle='tooltip' data-placement='right' title='原始值：8.25'>8.25</span>", "<span data-toggle='tooltip' data-placement='right' title='原始值：8.96'>8.96</span>", "<span data-toggle='tooltip' data-placement='right' title='原始值：1739.5'>1739.5</span>", "<span data-toggle='tooltip' data-placement='right' title='原始值：155.11'>155.1</span>", "<span data-toggle='tooltip' data-placement='right' title='原始值：5.93'>5.93</span>", "<span data-toggle='tooltip' data-placement='right' title='原始值：0.45'>0.450</span>", "<span data-toggle='tooltip' data-placement='right' title='原始值：0.41'>0.410</span>", "<span data-toggle='tooltip' data-placement='right' title='原始值：4.131'>4.13</span>", "*", "*", "正常"], ["福建省", "浙闽片河流", "<span data-toggle='tooltip' data-placement='right' title='所在地市:福州市&#10;所属河流:闽江'>白岩潭</span>", "03-25 08:00", "Ⅲ", "<span data-toggle='tooltip' data-placement='right' title='原始值：17.95'>18.0</span>", "<span data-toggle='tooltip' data-placement='right' title='原始值：7.42'>7.42</span>", "<span data-toggle='tooltip' data-placement='right' title='原始值：10.81'>10.81</span>", "<span data-toggle='tooltip' data-placement='right' title='原始值：4114.2'>4114.2</span>", "<span data-toggle='tooltip' data-placement='right' title='原始值：195.38'>195.4</span>", "<span data-toggle='tooltip' data-placement='right' title='原始值：4.95'>4.95</span>", "<span data-toggle='tooltip' data-placement='right' title='原始值：0.239'>0.239</span>", "*", "*", "*", "*", "正常"], ["江西省", "长江流域", "<span data-toggle='tooltip' data-placement='right' title='所在地市:南昌市&#10;所属河流:赣江南支'>滁槎</span>", "03-25 08:00", "Ⅱ", "<span data-toggle='tooltip' data-placement='right' title='原始值：16.1715'>16.2</span>", "<span data-toggle='tooltip' data-placement='right' title='原始值：6.76236'>6.76</span>", "<span data-toggle='tooltip' data-placement='right' title='原始值：7.75992'>7.76</span>", "<span data-toggle='tooltip' data-placement='right' title='原始值：213.9453'>213.9</span>", "<span data-toggle='tooltip' data-placement='right' title='原始值：29.86264'>29.9</span>", "<span data-toggle='tooltip' data-placement='right' title='原始值：3.32'>3.32</span>", "<span data-toggle='tooltip' data-placement='right' title='原始值：0.46'>0.460</span>", "<span data-toggle='tooltip' data-placement='right' title='原始值：0.0505'>0.050</span>", "<span data-toggle='tooltip' data-placement='right' title='原始值：2.17'>2.17</span>", "*", "*", "正常"], ["江西省", "长江流域", "<span data-toggle='tooltip' data-placement='right' title='所在地市:九江市&#10;所属河流:长江'>姚港(河西水厂)</span>", "03-25 08:00", "Ⅱ", "<span data-toggle='tooltip' data-placement='right' title='原始值：14.33'>14.3</span>", "<span data-toggle='tooltip' data-placement='right' title='原始值：7.51'>7.51</span>", "<span data-toggle='tooltip' data-placement='right' title='原始值：9.19'>9.19</span>", "<span data-toggle='tooltip' data-placement='right' title='原始值：334'>334.0</span>", "<span data-toggle='tooltip' data-placement='right' title='原始值：47.06'>47.1</span>", "<span data-toggle='tooltip' data-placement='right' title='原始值：1.271'>1.27</span>", "<span data-toggle='tooltip' data-placement='right' title='原始值：0.038'>0.038</span>", "<span data-toggle='tooltip' data-placement='right' title='原始值：0.079'>0.079</span>", "<span data-toggle='tooltip' data-placement='right' title='原始值：2.213'>2.21</span>", "*", "*", "正常"], ["江西省", "长江流域", "<span data-toggle='tooltip' data-placement='right' title='所在地市:九江市&#10;所属河流:鄱阳湖'>蛤蟆石</span>", "03-25 08:00", "Ⅳ", "<span data-toggle='tooltip' data-placement='right' title='原始值：15.71'>15.7</span>", "<span data-toggle='tooltip' data-placement='right' title='原始值：7.24'>7.24</span>", "<span data-toggle='tooltip' data-placement='right' title='原始值：9.12'>9.12</span>", "<span data-toggle='tooltip' data-placement='right' title='原始值：164.77'>164.8</span>", "<span data-toggle='tooltip' data-placement='right' title='原始值：3.17'>3.2</span>", "<span data-toggle='tooltip' data-placement='right' title='原始值：2.167'>2.17</span>", "<span data-toggle='tooltip' data-placement='right' title='原始值：0.087'>0.087</span>", "<span data-toggle='tooltip' data-placement='right' title='原始值：0.0527'>0.053</span>", "<span data-toggle='tooltip' data-placement='right' title='原始值：1.379'>1.38</span>", "<span data-toggle='tooltip' data-placement='right' title='原始值：0.00182'>0.002</span>", "<span data-toggle='tooltip' data-placement='right' title='原始值：1836035'>1836035</span>", "正常"], ["山东省", "黄河流域", "<span data-toggle='tooltip' data-placement='right' title='所在地市:济南市&#10;所属河流:黄河'>泺口</span>", "03-25 08:00", "", "<span data-toggle='tooltip' data-placement='right' title='原始值：11.7955'>11.8</span>", "<span data-toggle='tooltip' data-placement='right' title='原始值：8.52907'>8.53</span>", "<span data-toggle='tooltip' data-placement='right' title='原始值：10.4048'>10.40</span>", "<span data-toggle='tooltip' data-placement='right' title='原始值：1070.96'>1071.0</span>", "<span data-toggle='tooltip' data-placement='right' title='原始值：414.306'>414.3</span>", "<span data-toggle='tooltip' data-placement='right' title='原始值：2.87'>2.87</span>", "<span data-toggle='tooltip' data-placement='right' title='原始值：0.1426'>0.143</span>", "<span data-toggle='tooltip' data-placement='right' title='极值过滤'>--</span>", "<span data-toggle='tooltip' data-placement='right' title='原始值：3.954'>3.95</span>", "*", "*", "维护"], ["山东省", "淮河流域", "<span data-toggle='tooltip' data-placement='right' title='所在地市:枣庄市&#10;所属河流:京杭大运河（韩庄运河）'>台儿庄大桥</span>", "03-25 08:00", "Ⅲ", "<span data-toggle='tooltip' data-placement='right' title='原始值：13.08016'>13.1</span>", "<span data-toggle='tooltip' data-placement='right' title='原始值：8.03996'>8.04</span>", "<span data-toggle='tooltip' data-placement='right' title='原始值：10.6833'>10.68</span>", "<span data-toggle='tooltip' data-placement='right' title='原始值：747.2449'>747.2</span>", "<span data-toggle='tooltip' data-placement='right' title='原始值：6.6024'>6.6</span>", "<span data-toggle='tooltip' data-placement='right' title='原始值：4.055'>4.06</span>", "<span data-toggle='tooltip' data-placement='right' title='原始值：0.06764'>0.068</span>", "<span data-toggle='tooltip' data-placement='right' title='原始值：0.06644'>0.066</span>", "<span data-toggle='tooltip' data-placement='right' title='原始值：3.01663'>3.02</span>", "*", "*", "正常"], ["山东省", "淮河流域", "<span data-toggle='tooltip' data-placement='right' title='所在地市:临沂市&#10;所属河流:沭河'>清泉寺</span>", "03-25 08:00", "Ⅲ", "<span data-toggle='tooltip' data-placement='right' title='原始值：18.28696'>18.3</span>", "<span data-toggle='tooltip' data-placement='right' title='原始值：7.65253'>7.65</span>", "<span data-toggle='tooltip' data-placement='right' title='原始值：8.97613'>8.98</span>", "<span data-toggle='tooltip' data-placement='right' title='原始值：1056.761'>1056.8</span>", "<span data-toggle='tooltip' data-placement='right' title='原始值：16.7454'>16.7</span>", "<span data-toggle='tooltip' data-placement='right' title='原始值：5.4'>5.40</span>", "<span data-toggle='tooltip' data-placement='right' title='原始值：0.15'>0.150</span>", "*", "*", "*", "*", "正常"], ["山东省", "淮河流域", "<span data-toggle='tooltip' data-placement='right' title='所在地市:临沂市&#10;所属河流:沂河'>重坊桥</span>", null, "", "--", "--", "--", "--", "--", "--", "--", "--", "--", "*", "*", "停站"], ["山东省", "淮河流域", "<span data-toggle='tooltip' data-placement='right' title='所在地市:临沂市&#10;所属河流:白马河'>捷庄(涝沟桥)</span>", "03-25 08:00", "Ⅳ", "<span data-toggle='tooltip' data-placement='right' title='原始值：16.45'>16.4</span>", "<span data-toggle='tooltip' data-placement='right' title='原始值：7.85'>7.85</span>", "<span data-toggle='tooltip' data-placement='right' title='原始值：12.89373'>12.89</span>", "<span data-toggle='tooltip' data-placement='right' title='原始值：903.5'>903.5</span>", "<span data-toggle='tooltip' data-placement='right' title='原始值：5.94843'>5.9</span>", "<span data-toggle='tooltip' data-placement='right' title='原始值：6.1'>6.10</span>", "<span data-toggle='tooltip' data-placement='right' title='原始值：0.04387'>0.044</span>", "<span data-toggle='tooltip' data-placement='right' title='原始值：0.07286'>0.073</span>", "<span data-toggle='tooltip' data-placement='right' title='原始值：6.08406'>6.08</span>", "*", "*", "正常"], ["山东省", "海河流域", "<span data-toggle='tooltip' data-placement='right' title='所在地市:聊城市&#10;所属河流:卫运河'>秤勾湾(秤钩湾)</span>", null, "", "--", "--", "--", "--", "--", "--", "--", "--", "--", "*", "*", "停站"], ["河南省", "长江流域", "<span data-toggle='tooltip' data-placement='right' title='所在地市:南阳市&#10;所属河流:丹江口水库'>陶岔</span>", "03-25 04:00", "Ⅱ", "<span data-toggle='tooltip' data-placement='right' title='原始值：17.15'>17.2</span>", "<span data-toggle='tooltip' data-placement='right' title='原始值：7.89313'>7.89</span>", "<span data-toggle='tooltip' data-placement='right' title='原始值：8.93212'>8.93</span>", "<span data-toggle='tooltip' data-placement='right' title='原始值：276.3087'>276.3</span>", "<span data-toggle='tooltip' data-placement='right' title='原始值：2.87176'>2.9</span>", "<span data-toggle='tooltip' data-placement='right' title='原始值：2.9'>2.90</span>", "<span data-toggle='tooltip' data-placement='right' title='原始值：0.02816'>0.028</span>", "<span data-toggle='tooltip' data-placement='right' title='原始值：0.00789'>0.008</span>", "<span data-toggle='tooltip' data-placement='right' title='原始值：1.03356'>1.03</span>", "<span data-toggle='tooltip' data-placement='right' title='原始值：0.00421'>0.004</span>", "<span data-toggle='tooltip' data-placement='right' title='原始值：298263.2'>298263</span>", "正常"], ["河南省", "淮河流域", "<span data-toggle='tooltip' data-placement='right' title='所在地市:商丘市&#10;所属河流:浍河'>黄口</span>", "03-25 08:00", "Ⅲ", "<span data-toggle='tooltip' data-placement='right' title='原始值：13.2'>13.2</span>", "<span data-toggle='tooltip' data-placement='right' title='原始值：7.535'>7.54</span>", "<span data-toggle='tooltip' data-placement='right' title='原始值：10.39436'>10.39</span>", "<span data-toggle='tooltip' data-placement='right' title='原始值：1902'>1902.0</span>", "<span data-toggle='tooltip' data-placement='right' title='原始值：27.74546'>27.7</span>", "<span data-toggle='tooltip' data-placement='right' title='原始值：4.1'>4.10</span>", "<span data-toggle='tooltip' data-placement='right' title='原始值：0.06211'>0.062</span>", "<span data-toggle='tooltip' data-placement='right' title='原始值：0.0952'>0.095</span>", "<span data-toggle='tooltip' data-placement='right' title='原始值：12.23337'>12.23</span>", "*", "*", "正常"], ["河南省", "淮河流域", "<span data-toggle='tooltip' data-placement='right' title='所在地市:信阳市&#10;所属河流:史灌河'>蒋集</span>", null, "", "--", "--", "--", "--", "--", "--", "--", "--", "--", "*", "*", "停站"], ["河南省", "淮河流域", "<span data-toggle='tooltip' data-placement='right' title='所在地市:信阳市&#10;所属河流:淮河'>息县大埠口</span>", null, "", "*", "--", "*", "*", "*", "*", "*", "*", "*", "*", "*", "维护"], ["河南省", "淮河流域", "<span data-toggle='tooltip' data-placement='right' title='所在地市:信阳市&#10;所属河流:淮河'>淮滨水文站(淮滨)</span>", "03-25 08:00", "Ⅲ", "<span data-toggle='tooltip' data-placement='right' title='原始值：14.5'>14.5</span>", "<span data-toggle='tooltip' data-placement='right' title='原始值：7.16'>7.16</span>", "<span data-toggle='tooltip' data-placement='right' title='原始值：9.3625'>9.36</span>", "<span data-toggle='tooltip' data-placement='right' title='原始值：276'>276.0</span>", "<span data-toggle='tooltip' data-placement='right' title='原始值：81.09798'>81.1</span>", "<span data-toggle='tooltip' data-placement='right' title='原始值：3.62325'>3.62</span>", "<span data-toggle='tooltip' data-placement='right' title='原始值：0.28893'>0.289</span>", "<span data-toggle='tooltip' data-placement='right' title='原始值：0.12935'>0.129</span>", "<span data-toggle='tooltip' data-placement='right' title='原始值：1.67593'>1.68</span>", "*", "*", "正常"], ["河南省", "淮河流域", "<span data-toggle='tooltip' data-placement='right' title='所在地市:周口市&#10;所属河流:沙河'>沈丘闸</span>", "03-25 08:00", "Ⅲ", "<span data-toggle='tooltip' data-placement='right' title='原始值：12.86103'>12.9</span>", "<span data-toggle='tooltip' data-placement='right' title='原始值：7.63091'>7.63</span>", "<span data-toggle='tooltip' data-placement='right' title='原始值：7.34048'>7.34</span>", "<span data-toggle='tooltip' data-placement='right' title='原始值：978.2545'>978.3</span>", "<span data-toggle='tooltip' data-placement='right' title='原始值：5.70291'>5.7</span>", "<span data-toggle='tooltip' data-placement='right' title='原始值：3.82'>3.82</span>", "<span data-toggle='tooltip' data-placement='right' title='原始值：0.88'>0.880</span>", "*", "*", "*", "*", "正常"], ["河南省", "淮河流域", "<span data-toggle='tooltip' data-placement='right' title='所在地市:周口市&#10;所属河流:涡河'>鹿邑付桥(鹿邑付桥闸)</span>", "03-25 08:00", "Ⅲ", "<span data-toggle='tooltip' data-placement='right' title='原始值：16.02303'>16.0</span>", "<span data-toggle='tooltip' data-placement='right' title='原始值：8.73451'>8.73</span>", "<span data-toggle='tooltip' data-placement='right' title='原始值：13.86246'>13.86</span>", "<span data-toggle='tooltip' data-placement='right' title='原始值：1536.068'>1536.1</span>", "<span data-toggle='tooltip' data-placement='right' title='原始值：2.98344'>3.0</span>", "<span data-toggle='tooltip' data-placement='right' title='原始值：5.03'>5.03</span>", "<span data-toggle='tooltip' data-placement='right' title='原始值：0.15'>0.150</span>", "<span data-toggle='tooltip' data-placement='right' title='原始值：0.0421'>0.042</span>", "<span data-toggle='tooltip' data-placement='right' title='原始值：0.62574'>0.63</span>", "*", "*", "正常"], ["河南省", "淮河流域", "<span data-toggle='tooltip' data-placement='right' title='所在地市:驻马店市&#10;所属河流:洪河'>新蔡班台(班台)</span>", "03-25 08:00", "Ⅳ", "<span data-toggle='tooltip' data-placement='right' title='原始值：16.99134'>17.0</span>", "<span data-toggle='tooltip' data-placement='right' title='原始值：7.10304'>7.10</span>", "<span data-toggle='tooltip' data-placement='right' title='原始值：8.14694'>8.15</span>", "<span data-toggle='tooltip' data-placement='right' title='原始值：664.2642'>664.3</span>", "<span data-toggle='tooltip' data-placement='right' title='原始值：6.09896'>6.1</span>", "<span data-toggle='tooltip' data-placement='right' title='原始值：4.075'>4.08</span>", "<span data-toggle='tooltip' data-placement='right' title='原始值：1.11'>1.110</span>", "<span data-toggle='tooltip' data-placement='right' title='原始值：0.13997'>0.140</span>", "<span data-toggle='tooltip' data-placement='right' title='原始值：3.5937'>3.59</span>", "*", "*", "正常"], ["河南省", "黄河流域", "<span data-toggle='tooltip' data-placement='right' title='所在地市:济源市&#10;所属河流:黄河'>小浪底水库(小浪底)</span>", "03-25 08:00", "Ⅱ", "<span data-toggle='tooltip' data-placement='right' title='原始值：7.29243'>7.3</span>", "<span data-toggle='tooltip' data-placement='right' title='原始值：8.31463'>8.31</span>", "<span data-toggle='tooltip' data-placement='right' title='原始值：16.38295'>16.38</span>", "<span data-toggle='tooltip' data-placement='right' title='原始值：878.9958'>879.0</span>", "<span data-toggle='tooltip' data-placement='right' title='原始值：4.8616'>4.9</span>", "<span data-toggle='tooltip' data-placement='right' title='原始值：1.55'>1.55</span>", "<span data-toggle='tooltip' data-placement='right' title='原始值：0.13'>0.130</span>", "<span data-toggle='tooltip' data-placement='right' title='原始值：0.0485'>0.048</span>", "<span data-toggle='tooltip' data-placement='right' title='原始值：4.0675'>4.07</span>", "*", "*", "正常"], ["湖北省", "长江流域", "<span data-toggle='tooltip' data-placement='right' title='所在地市:武汉市&#10;所属河流:汉江'>宗关</span>", "03-25 08:00", "Ⅱ", "<span data-toggle='tooltip' data-placement='right' title='原始值：14.63'>14.6</span>", "<span data-toggle='tooltip' data-placement='right' title='原始值：7.853893'>7.85</span>", "<span data-toggle='tooltip' data-placement='right' title='原始值：9.665897'>9.67</span>", "<span data-toggle='tooltip' data-placement='right' title='原始值：344.8154'>344.8</span>", "<span data-toggle='tooltip' data-placement='right' title='原始值：12.31293'>12.3</span>", "<span data-toggle='tooltip' data-placement='right' title='原始值：2.16'>2.16</span>", "<span data-toggle='tooltip' data-placement='right' title='原始值：0.054'>0.054</span>", "<span data-toggle='tooltip' data-placement='right' title='原始值：0.046'>0.046</span>", "<span data-toggle='tooltip' data-placement='right' title='原始值：2.463188'>2.46</span>", "<span data-toggle='tooltip' data-placement='right' title='原始值：0.0019219'>0.002</span>", "*", "正常"], ["湖北省", "长江流域", "<span data-toggle='tooltip' data-placement='right' title='所在地市:十堰市&#10;所属河流:丹江口水库'>坝上中(胡家岭)</span>", "03-25 08:00", "Ⅱ", "<span data-toggle='tooltip' data-placement='right' title='原始值：12.35'>12.4</span>", "<span data-toggle='tooltip' data-placement='right' title='原始值：8.108168'>8.11</span>", "<span data-toggle='tooltip' data-placement='right' title='原始值：10.46638'>10.47</span>", "<span data-toggle='tooltip' data-placement='right' title='原始值：244.385'>244.4</span>", "<span data-toggle='tooltip' data-placement='right' title='原始值：2.525612'>2.5</span>", "<span data-toggle='tooltip' data-placement='right' title='原始值：2.2'>2.20</span>", "<span data-toggle='tooltip' data-placement='right' title='原始值：0.083'>0.083</span>", "<span data-toggle='tooltip' data-placement='right' title='原始值：0.013'>0.013</span>", "<span data-toggle='tooltip' data-placement='right' title='原始值：1.286'>1.29</span>", "<span data-toggle='tooltip' data-placement='right' title='原始值：0.0047021'>0.005</span>", "<span data-toggle='tooltip' data-placement='right' title='原始值：7544000'>7544000</span>", "正常"], ["湖北省", "长江流域", "<span data-toggle='tooltip' data-placement='right' title='所在地市:宜昌市&#10;所属河流:长江'>南津关</span>", "03-25 08:00", "Ⅱ", "<span data-toggle='tooltip' data-placement='right' title='原始值：13.85'>13.8</span>", "<span data-toggle='tooltip' data-placement='right' title='原始值：7.913887'>7.91</span>", "<span data-toggle='tooltip' data-placement='right' title='原始值：9.111731'>9.11</span>", "<span data-toggle='tooltip' data-placement='right' title='原始值：441.38'>441.4</span>", "<span data-toggle='tooltip' data-placement='right' title='原始值：2.075913'>2.1</span>", "<span data-toggle='tooltip' data-placement='right' title='原始值：0.82'>0.82</span>", "<span data-toggle='tooltip' data-placement='right' title='原始值：0.081'>0.081</span>", "<span data-toggle='tooltip' data-placement='right' title='原始值：0.054'>0.054</span>", "<span data-toggle='tooltip' data-placement='right' title='原始值：1.663'>1.66</span>", "<span data-toggle='tooltip' data-placement='right' title='原始值：0.0115437'>0.012</span>", "*", "正常"], ["湖南省", "长江流域", "<span data-toggle='tooltip' data-placement='right' title='所在地市:长沙市&#10;所属河流:湘江'>新港</span>", "03-25 08:00", "Ⅱ", "<span data-toggle='tooltip' data-placement='right' title='原始值：15.03'>15.0</span>", "<span data-toggle='tooltip' data-placement='right' title='原始值：7.18'>7.18</span>", "<span data-toggle='tooltip' data-placement='right' title='原始值：8.74'>8.74</span>", "<span data-toggle='tooltip' data-placement='right' title='原始值：238.35'>238.4</span>", "<span data-toggle='tooltip' data-placement='right' title='原始值：36.4'>36.4</span>", "<span data-toggle='tooltip' data-placement='right' title='原始值：2.13'>2.13</span>", "<span data-toggle='tooltip' data-placement='right' title='原始值：0.16'>0.160</span>", "<span data-toggle='tooltip' data-placement='right' title='原始值：0.062'>0.062</span>", "<span data-toggle='tooltip' data-placement='right' title='原始值：3.06'>3.06</span>", "*", "*", "正常"], ["湖南省", "长江流域", "<span data-toggle='tooltip' data-placement='right' title='所在地市:岳阳市&#10;所属河流:洞庭湖'>岳阳楼</span>", "03-25 08:00", "Ⅴ", "<span data-toggle='tooltip' data-placement='right' title='原始值：13.81'>13.8</span>", "<span data-toggle='tooltip' data-placement='right' title='原始值：7.468886'>7.47</span>", "<span data-toggle='tooltip' data-placement='right' title='原始值：8.02751'>8.03</span>", "<span data-toggle='tooltip' data-placement='right' title='原始值：233.8885'>233.9</span>", "<span data-toggle='tooltip' data-placement='right' title='原始值：41.56405'>41.6</span>", "<span data-toggle='tooltip' data-placement='right' title='原始值：1.4'>1.40</span>", "<span data-toggle='tooltip' data-placement='right' title='原始值：0.01'>0.010</span>", "<span data-toggle='tooltip' data-placement='right' title='原始值：0.103'>0.103</span>", "<span data-toggle='tooltip' data-placement='right' title='原始值：2.98'>2.98</span>", "<span data-toggle='tooltip' data-placement='right' title='原始值：0.0027656'>0.003</span>", "<span data-toggle='tooltip' data-placement='right' title='原始值：204.736'>205</span>", "正常"], ["湖南省", "长江流域", "<span data-toggle='tooltip' data-placement='right' title='所在地市:岳阳市&#10;所属河流:长江'>城陵矶</span>", "03-25 08:00", "Ⅲ", "<span data-toggle='tooltip' data-placement='right' title='原始值：15.27'>15.3</span>", "<span data-toggle='tooltip' data-placement='right' title='原始值：7.581914'>7.58</span>", "<span data-toggle='tooltip' data-placement='right' title='原始值：9.933615'>9.93</span>", "<span data-toggle='tooltip' data-placement='right' title='原始值：244.396'>244.4</span>", "<span data-toggle='tooltip' data-placement='right' title='原始值：61.62193'>61.6</span>", "<span data-toggle='tooltip' data-placement='right' title='原始值：2.34'>2.34</span>", "<span data-toggle='tooltip' data-placement='right' title='原始值：0.013'>0.013</span>", "<span data-toggle='tooltip' data-placement='right' title='原始值：0.13'>0.130</span>", "<span data-toggle='tooltip' data-placement='right' title='原始值：1.897'>1.90</span>", "*", "*", "正常"], ["广东省", "珠江流域", "<span data-toggle='tooltip' data-placement='right' title='所在地市:清远市&#10;所属河流:北江'>七星岗</span>", "03-25 08:00", "Ⅱ", "<span data-toggle='tooltip' data-placement='right' title='原始值：21.20458'>21.2</span>", "<span data-toggle='tooltip' data-placement='right' title='原始值：7.33025'>7.33</span>", "<span data-toggle='tooltip' data-placement='right' title='原始值：7.92349'>7.92</span>", "<span data-toggle='tooltip' data-placement='right' title='原始值：291.7322'>291.7</span>", "<span data-toggle='tooltip' data-placement='right' title='原始值：6.23613'>6.2</span>", "<span data-toggle='tooltip' data-placement='right' title='原始值：2.52'>2.52</span>", "<span data-toggle='tooltip' data-placement='right' title='原始值：0.16159'>0.162</span>", "<span data-toggle='tooltip' data-placement='right' title='原始值：0.03474'>0.035</span>", "<span data-toggle='tooltip' data-placement='right' title='原始值：1.726'>1.73</span>", "*", "*", "正常"], ["广东省", "珠江流域", "<span data-toggle='tooltip' data-placement='right' title='所在地市:中山市&#10;所属河流:西江'>横栏</span>", "03-25 08:00", "Ⅰ", "<span data-toggle='tooltip' data-placement='right' title='原始值：21.3'>21.3</span>", "<span data-toggle='tooltip' data-placement='right' title='原始值：7.66'>7.66</span>", "<span data-toggle='tooltip' data-placement='right' title='原始值：7.74'>7.74</span>", "<span data-toggle='tooltip' data-placement='right' title='原始值：295'>295.0</span>", "<span data-toggle='tooltip' data-placement='right' title='原始值：3.8'>3.8</span>", "<span data-toggle='tooltip' data-placement='right' title='原始值：1.48'>1.48</span>", "<span data-toggle='tooltip' data-placement='right' title='原始值：0.1006'>0.101</span>", "*", "*", "*", "*", "正常"], ["广西壮族自治区", "珠江流域", "<span data-toggle='tooltip' data-placement='right' title='所在地市:南宁市&#10;所属河流:邕江'>老口</span>", "03-25 08:00", "Ⅱ", "<span data-toggle='tooltip' data-placement='right' title='原始值：21.31922'>21.3</span>", "<span data-toggle='tooltip' data-placement='right' title='原始值：7.59772'>7.60</span>", "<span data-toggle='tooltip' data-placement='right' title='原始值：8.15389'>8.15</span>", "<span data-toggle='tooltip' data-placement='right' title='原始值：263.8905'>263.9</span>", "<span data-toggle='tooltip' data-placement='right' title='原始值：5.37059'>5.4</span>", "<span data-toggle='tooltip' data-placement='right' title='原始值：1.66237'>1.66</span>", "<span data-toggle='tooltip' data-placement='right' title='原始值：0.13527'>0.135</span>", "<span data-toggle='tooltip' data-placement='right' title='原始值：0.03296'>0.033</span>", "<span data-toggle='tooltip' data-placement='right' title='原始值：1.30646'>1.31</span>", "*", "*", "正常"], ["广西壮族自治区", "珠江流域", "<span data-toggle='tooltip' data-placement='right' title='所在地市:桂林市&#10;所属河流:漓江'>阳朔</span>", "03-25 08:00", "Ⅱ", "<span data-toggle='tooltip' data-placement='right' title='原始值：16.5'>16.5</span>", "<span data-toggle='tooltip' data-placement='right' title='原始值：7.54'>7.54</span>", "<span data-toggle='tooltip' data-placement='right' title='原始值：10.048'>10.05</span>", "<span data-toggle='tooltip' data-placement='right' title='原始值：143.646'>143.6</span>", "<span data-toggle='tooltip' data-placement='right' title='原始值：4.546'>4.5</span>", "<span data-toggle='tooltip' data-placement='right' title='原始值：1.026'>1.03</span>", "<span data-toggle='tooltip' data-placement='right' title='原始值：0.01'>0.010</span>", "<span data-toggle='tooltip' data-placement='right' title='原始值：0.037'>0.037</span>", "<span data-toggle='tooltip' data-placement='right' title='原始值：1.828'>1.83</span>", "*", "*", "正常"], ["广西壮族自治区", "珠江流域", "<span data-toggle='tooltip' data-placement='right' title='所在地市:梧州市&#10;所属河流:浔江'>界首</span>", null, "", "--", "--", "--", "--", "--", "--", "--", "--", "--", "*", "*", "停站"], ["广西壮族自治区", "珠江流域", "<span data-toggle='tooltip' data-placement='right' title='所在地市:贵港市&#10;所属河流:浔江'>石嘴</span>", "03-25 08:00", "Ⅱ", "<span data-toggle='tooltip' data-placement='right' title='原始值：20.77749'>20.8</span>", "<span data-toggle='tooltip' data-placement='right' title='原始值：7.79382'>7.79</span>", "<span data-toggle='tooltip' data-placement='right' title='原始值：8.89433'>8.89</span>", "<span data-toggle='tooltip' data-placement='right' title='原始值：255.5948'>255.6</span>", "<span data-toggle='tooltip' data-placement='right' title='原始值：9.4517'>9.5</span>", "<span data-toggle='tooltip' data-placement='right' title='原始值：1.03'>1.03</span>", "<span data-toggle='tooltip' data-placement='right' title='原始值：0.12'>0.120</span>", "<span data-toggle='tooltip' data-placement='right' title='原始值：0.02696'>0.027</span>", "<span data-toggle='tooltip' data-placement='right' title='原始值：2.1095'>2.11</span>", "*", "*", "正常"], ["广西壮族自治区", "珠江流域", "<span data-toggle='tooltip' data-placement='right' title='所在地市:崇左市&#10;所属河流:平而河'>平而关</span>", "03-25 08:00", "Ⅰ", "<span data-toggle='tooltip' data-placement='right' title='原始值：21.21157'>21.2</span>", "<span data-toggle='tooltip' data-placement='right' title='原始值：7.35112'>7.35</span>", "<span data-toggle='tooltip' data-placement='right' title='原始值：8.34055'>8.34</span>", "<span data-toggle='tooltip' data-placement='right' title='原始值：271.9489'>271.9</span>", "<span data-toggle='tooltip' data-placement='right' title='原始值：21.85916'>21.9</span>", "<span data-toggle='tooltip' data-placement='right' title='原始值：1.595'>1.60</span>", "<span data-toggle='tooltip' data-placement='right' title='原始值：0.04'>0.040</span>", "*", "*", "*", "*", "正常"], ["重庆市", "长江流域", "<span data-toggle='tooltip' data-placement='right' title='所在地市:永川区&#10;所属河流:长江'>朱沱</span>", "03-25 08:00", "Ⅱ", "<span data-toggle='tooltip' data-placement='right' title='原始值：16.45'>16.4</span>", "<span data-toggle='tooltip' data-placement='right' title='原始值：7.85'>7.85</span>", "<span data-toggle='tooltip' data-placement='right' title='原始值：9.3'>9.30</span>", "<span data-toggle='tooltip' data-placement='right' title='原始值：424.75'>424.8</span>", "<span data-toggle='tooltip' data-placement='right' title='原始值：65.65'>65.6</span>", "<span data-toggle='tooltip' data-placement='right' title='原始值：1.135'>1.14</span>", "<span data-toggle='tooltip' data-placement='right' title='原始值：0.036'>0.036</span>", "<span data-toggle='tooltip' data-placement='right' title='原始值：0.068'>0.068</span>", "<span data-toggle='tooltip' data-placement='right' title='原始值：1.647'>1.65</span>", "*", "*", "正常"], ["四川省", "长江流域", "<span data-toggle='tooltip' data-placement='right' title='所在地市:攀枝花市&#10;所属河流:金沙江'>龙洞</span>", "03-25 08:00", "", "<span data-toggle='tooltip' data-placement='right' title='原始值：13.95'>14.0</span>", "<span data-toggle='tooltip' data-placement='right' title='原始值：8.298225'>8.30</span>", "<span data-toggle='tooltip' data-placement='right' title='原始值：9.06015'>9.06</span>", "<span data-toggle='tooltip' data-placement='right' title='原始值：725.206'>725.2</span>", "<span data-toggle='tooltip' data-placement='right' title='原始值：2.776477'>2.8</span>", "<span data-toggle='tooltip' data-placement='right' title='原始值：1.01'>1.01</span>", "<span data-toggle='tooltip' data-placement='right' title='原始值：0.019'>0.019</span>", "<span data-toggle='tooltip' data-placement='right' title='极值过滤'>--</span>", "<span data-toggle='tooltip' data-placement='right' title='原始值：0.582914'>0.58</span>", "*", "*", "维护"], ["四川省", "长江流域", "<span data-toggle='tooltip' data-placement='right' title='所在地市:泸州市&#10;所属河流:沱江'>沱江大桥(沱江二桥)</span>", "03-25 08:00", "Ⅲ", "<span data-toggle='tooltip' data-placement='right' title='原始值：19.1'>19.1</span>", "<span data-toggle='tooltip' data-placement='right' title='原始值：8.089681'>8.09</span>", "<span data-toggle='tooltip' data-placement='right' title='原始值：8.248386'>8.25</span>", "<span data-toggle='tooltip' data-placement='right' title='原始值：653.5187'>653.5</span>", "<span data-toggle='tooltip' data-placement='right' title='原始值：18.82404'>18.8</span>", "<span data-toggle='tooltip' data-placement='right' title='原始值：2.04'>2.04</span>", "<span data-toggle='tooltip' data-placement='right' title='原始值：0.001'>0.001</span>", "<span data-toggle='tooltip' data-placement='right' title='原始值：0.10527'>0.105</span>", "<span data-toggle='tooltip' data-placement='right' title='原始值：3.635437'>3.64</span>", "*", "*", "正常"], ["四川省", "长江流域", "<span data-toggle='tooltip' data-placement='right' title='所在地市:广元市&#10;所属河流:嘉陵江'>清风峡</span>", "03-25 08:00", "Ⅰ", "<span data-toggle='tooltip' data-placement='right' title='原始值：13.40001'>13.4</span>", "<span data-toggle='tooltip' data-placement='right' title='原始值：8.17'>8.17</span>", "<span data-toggle='tooltip' data-placement='right' title='原始值：10.77251'>10.77</span>", "<span data-toggle='tooltip' data-placement='right' title='原始值：405.9074'>405.9</span>", "<span data-toggle='tooltip' data-placement='right' title='原始值：144.7315'>144.7</span>", "<span data-toggle='tooltip' data-placement='right' title='原始值：1.1'>1.10</span>", "<span data-toggle='tooltip' data-placement='right' title='原始值：0.09156'>0.092</span>", "*", "*", "*", "*", "正常"], ["四川省", "长江流域", "<span data-toggle='tooltip' data-placement='right' title='所在地市:乐山市&#10;所属河流:岷江'>岷江大桥</span>", null, "", "--", "--", "--", "--", "--", "--", "--", "--", "--", "*", "*", "停站"], ["四川省", "长江流域", "<span data-toggle='tooltip' data-placement='right' title='所在地市:宜宾市&#10;所属河流:岷江'>凉姜沟</span>", "03-25 08:00", "Ⅲ", "<span data-toggle='tooltip' data-placement='right' title='原始值：16.5'>16.5</span>", "<span data-toggle='tooltip' data-placement='right' title='原始值：8.074392'>8.07</span>", "<span data-toggle='tooltip' data-placement='right' title='原始值：8.92057'>8.92</span>", "<span data-toggle='tooltip' data-placement='right' title='原始值：339.6706'>339.7</span>", "<span data-toggle='tooltip' data-placement='right' title='原始值：20.20085'>20.2</span>", "<span data-toggle='tooltip' data-placement='right' title='原始值：1.49'>1.49</span>", "<span data-toggle='tooltip' data-placement='right' title='原始值：0.128'>0.128</span>", "<span data-toggle='tooltip' data-placement='right' title='原始值：0.108577'>0.109</span>", "<span data-toggle='tooltip' data-placement='right' title='原始值：2.021271'>2.02</span>", "*", "*", "正常"], ["云南省", "滇池流域", "<span data-toggle='tooltip' data-placement='right' title='所在地市:昆明市&#10;所属河流:滇池'>西苑隧道</span>", "03-25 08:00", "Ⅳ", "<span data-toggle='tooltip' data-placement='right' title='原始值：17.02'>17.0</span>", "<span data-toggle='tooltip' data-placement='right' title='原始值：8.27918'>8.28</span>", "<span data-toggle='tooltip' data-placement='right' title='原始值：8.825'>8.82</span>", "<span data-toggle='tooltip' data-placement='right' title='原始值：737.673'>737.7</span>", "<span data-toggle='tooltip' data-placement='right' title='原始值：11.513'>11.5</span>", "<span data-toggle='tooltip' data-placement='right' title='原始值：6.90628'>6.91</span>", "<span data-toggle='tooltip' data-placement='right' title='原始值：0.01658'>0.017</span>", "<span data-toggle='tooltip' data-placement='right' title='原始值：0.0793'>0.079</span>", "<span data-toggle='tooltip' data-placement='right' title='原始值：4.28844'>4.29</span>", "<span data-toggle='tooltip' data-placement='right' title='原始值：0.01905'>0.019</span>", "<span data-toggle='tooltip' data-placement='right' title='原始值：2.718527E+07'>27185270</span>", "正常"], ["云南省", "滇池流域", "<span data-toggle='tooltip' data-placement='right' title='所在地市:昆明市&#10;所属河流:滇池'>观音山</span>", "03-25 08:00", "Ⅳ", "<span data-toggle='tooltip' data-placement='right' title='原始值：15.26364'>15.3</span>", "<span data-toggle='tooltip' data-placement='right' title='原始值：8.84032'>8.84</span>", "<span data-toggle='tooltip' data-placement='right' title='原始值：8.942'>8.94</span>", "<span data-toggle='tooltip' data-placement='right' title='原始值：444.555'>444.6</span>", "<span data-toggle='tooltip' data-placement='right' title='原始值：18.466'>18.5</span>", "<span data-toggle='tooltip' data-placement='right' title='原始值：6.8'>6.80</span>", "<span data-toggle='tooltip' data-placement='right' title='原始值：0.49'>0.490</span>", "<span data-toggle='tooltip' data-placement='right' title='原始值：0.0799'>0.080</span>", "<span data-toggle='tooltip' data-placement='right' title='原始值：1.517'>1.52</span>", "<span data-toggle='tooltip' data-placement='right' title='原始值：0.01028'>0.010</span>", "<span data-toggle='tooltip' data-placement='right' title='原始值：4.039754E+07'>40397540</span>", "正常"], ["云南省", "西南诸河", "<span data-toggle='tooltip' data-placement='right' title='所在地市:红河哈尼族彝族自治州&#10;所属河流:红河'>河口县医院(河口)</span>", "03-25 08:00", "Ⅱ", "<span data-toggle='tooltip' data-placement='right' title='原始值：21.68622'>21.7</span>", "<span data-toggle='tooltip' data-placement='right' title='原始值：7.60157'>7.60</span>", "<span data-toggle='tooltip' data-placement='right' title='原始值：7.78299'>7.78</span>", "<span data-toggle='tooltip' data-placement='right' title='原始值：270.8975'>270.9</span>", "<span data-toggle='tooltip' data-placement='right' title='原始值：131.723'>131.7</span>", "<span data-toggle='tooltip' data-placement='right' title='原始值：2.19945'>2.20</span>", "<span data-toggle='tooltip' data-placement='right' title='原始值：0.09769'>0.098</span>", "<span data-toggle='tooltip' data-placement='right' title='原始值：0.062'>0.062</span>", "<span data-toggle='tooltip' data-placement='right' title='原始值：1.4232'>1.42</span>", "*", "*", "正常"], ["云南省", "西南诸河", "<span data-toggle='tooltip' data-placement='right' title='所在地市:西双版纳傣族自治州&#10;所属河流:澜沧江'>橄榄坝</span>", "03-25 08:00", "Ⅱ", "<span data-toggle='tooltip' data-placement='right' title='原始值：19.579'>19.6</span>", "<span data-toggle='tooltip' data-placement='right' title='原始值：7.735'>7.74</span>", "<span data-toggle='tooltip' data-placement='right' title='原始值：6.575'>6.58</span>", "<span data-toggle='tooltip' data-placement='right' title='原始值：515.016'>515.0</span>", "<span data-toggle='tooltip' data-placement='right' title='原始值：9.66'>9.7</span>", "<span data-toggle='tooltip' data-placement='right' title='原始值：0.822'>0.82</span>", "<span data-toggle='tooltip' data-placement='right' title='原始值：0.02'>0.020</span>", "*", "*", "*", "*", "正常"], ["陕西省", "黄河流域", "<span data-toggle='tooltip' data-placement='right' title='所在地市:渭南市&#10;所属河流:渭河'>潼关吊桥</span>", "03-25 04:00", "Ⅱ", "<span data-toggle='tooltip' data-placement='right' title='原始值：13.6'>13.6</span>", "<span data-toggle='tooltip' data-placement='right' title='原始值：8.2975'>8.30</span>", "<span data-toggle='tooltip' data-placement='right' title='原始值：7.9175'>7.92</span>", "<span data-toggle='tooltip' data-placement='right' title='原始值：1446'>1446.0</span>", "<span data-toggle='tooltip' data-placement='right' title='原始值：185.9251'>185.9</span>", "<span data-toggle='tooltip' data-placement='right' title='原始值：3.06'>3.06</span>", "<span data-toggle='tooltip' data-placement='right' title='原始值：0.01'>0.010</span>", "<span data-toggle='tooltip' data-placement='right' title='原始值：0.09815'>0.098</span>", "<span data-toggle='tooltip' data-placement='right' title='原始值：7.95368'>7.95</span>", "*", "*", "正常"]]}