{"result": 1, "total": 2, "records": 100, "thead": ["省份", "流域", "断面名称", "监测时间", "水质类别", "水温<br/><span class='unit'>(℃)</span>", "pH<br/><span class='unit'>(无量纲)</span>", "溶解氧<br/><span class='unit'>(mg/L)</span>", "电导率<br/><span class='unit'>(μS/cm)</span>", "浊度<br/><span class='unit'>(NTU)</span>", "高锰酸盐指数<br/><span class='unit'>(mg/L)</span>", "氨氮<br/><span class='unit'>(mg/L)</span>", "总磷<br/><span class='unit'>(mg/L)</span>", "总氮<br/><span class='unit'>(mg/L)</span>", "叶绿素α<br/><span class='unit'>(mg/L)</span>", "藻密度<br/><span class='unit'>(cells/L)</span>", "站点情况"], "tbody": [["北京市", "海河流域", "<span data-toggle='tooltip' data-placement='right' title='所在地市:门头沟区&#10;所属河流:永定河'>沿河城</span>", null, "", "--", "--", "--", "--", "--", "--", "--", "--", "--", "*", "*", "停站"], ["北京市", "淮河流域", "<span data-toggle='tooltip' data-placement='right' title='所在地市:房山区&#10;所属河流:小清河'>八间房漫水桥</span>", "03-03 08:00", "Ⅲ", "<span data-toggle='tooltip' data-placement='right' title='原始值：5.3'>5.3</span>", "<span data-toggle='tooltip' data-placement='right' title='原始值：8.02'>8.02</span>", "<span data-toggle='tooltip' data-placement='right' title='原始值：9.5'>9.50</span>", "<span data-toggle='tooltip' data-placement='right' title='原始值：977.3'>977.3</span>", "<span data-toggle='tooltip' data-placement='right' title='原始值：2.87'>2.9</span>", "<span data-toggle='tooltip' data-placement='right' title='原始值：4.768'>4.77</span>", "<span data-toggle='tooltip' data-placement='right' title='原始值：0.026'>0.026</span>", "<span data-toggle='tooltip' data-placement='right' title='原始值：0.042'>0.042</span>", "<span data-toggle='tooltip' data-placement='right' title='原始值：4.57'>4.57</span>", "*", "*", "正常"], ["北京市", "海河流域", "<span data-toggle='tooltip' data-placement='right' title='所在地市:密云区&#10;所属河流:潮河'>古北口</span>", null, "", "--", "--", "--", "--", "--", "--", "--", "--", "--", "*", "*", "停站"], ["天津市", "海河流域", "<span data-toggle='tooltip' data-placement='right' title='所在地市:河北区&#10;所属河流:海河'>三岔口</span>", "03-03 08:00", "Ⅲ", "<span data-toggle='tooltip' data-placement='right' title='原始值：6.59'>6.6</span>", "<span data-toggle='tooltip' data-placement='right' title='原始值：7.9836'>7.98</span>", "<span data-toggle='tooltip' data-placement='right' title='原始值：9.496'>9.50</span>", "<span data-toggle='tooltip' data-placement='right' title='原始值：747.9933'>748.0</span>", "<span data-toggle='tooltip' data-placement='right' title='原始值：38.733'>38.7</span>", "<span data-toggle='tooltip' data-placement='right' title='原始值：3.79'>3.79</span>", "<span data-toggle='tooltip' data-placement='right' title='原始值：0.66'>0.660</span>", "<span data-toggle='tooltip' data-placement='right' title='原始值：0.007'>0.007</span>", "<span data-toggle='tooltip' data-placement='right' title='原始值：1.483'>1.48</span>", "*", "*", "正常"], ["天津市", "海河流域", "<span data-toggle='tooltip' data-placement='right' title='所在地市:蓟州区&#10;所属河流:果河'>果河桥</span>", "03-03 08:00", "Ⅱ", "<span data-toggle='tooltip' data-placement='right' title='原始值：5.8'>5.8</span>", "<span data-toggle='tooltip' data-placement='right' title='原始值：8.22'>8.22</span>", "<span data-toggle='tooltip' data-placement='right' title='原始值：13.12'>13.12</span>", "<span data-toggle='tooltip' data-placement='right' title='原始值：747.677'>747.7</span>", "<span data-toggle='tooltip' data-placement='right' title='原始值：9.6'>9.6</span>", "<span data-toggle='tooltip' data-placement='right' title='原始值：1.8667'>1.87</span>", "<span data-toggle='tooltip' data-placement='right' title='原始值：0.25'>0.250</span>", "<span data-toggle='tooltip' data-placement='right' title='原始值：0.045'>0.045</span>", "<span data-toggle='tooltip' data-placement='right' title='原始值：10.0944'>10.09</span>", "*", "*", "正常"], ["河北省", "海河流域", "<span data-toggle='tooltip' data-placement='right' title='所在地市:石家庄市&#10;所属河流:滹沱河'>岗南水库</span>", null, "", "--", "--", "--", "--", "--", "--", "--", "--", "--", "*", "*", "停站"], ["河北省", "海河流域", "<span data-toggle='tooltip' data-placement='right' title='所在地市:张家口市&#10;所属河流:永定河'>八号桥</span>", "03-03 08:00", "Ⅲ", "<span data-toggle='tooltip' data-placement='right' title='原始值：5.84769'>5.8</span>", "<span data-toggle='tooltip' data-placement='right' title='原始值：8.31425'>8.31</span>", "<span data-toggle='tooltip' data-placement='right' title='原始值：10.71811'>10.72</span>", "<span data-toggle='tooltip' data-placement='right' title='原始值：1059.625'>1059.6</span>", "<span data-toggle='tooltip' data-placement='right' title='原始值：52.46448'>52.5</span>", "<span data-toggle='tooltip' data-placement='right' title='原始值：4.03'>4.03</span>", "<span data-toggle='tooltip' data-placement='right' title='原始值：0.35'>0.350</span>", "<span data-toggle='tooltip' data-placement='right' title='原始值：0.1195'>0.120</span>", "<span data-toggle='tooltip' data-placement='right' title='原始值：6.305'>6.30</span>", "*", "*", "正常"], ["山西省", "黄河流域", "<span data-toggle='tooltip' data-placement='right' title='所在地市:运城市&#10;所属河流:汾河'>河津大桥</span>", "03-03 08:00", "Ⅴ", "<span data-toggle='tooltip' data-placement='right' title='原始值：11.92128'>11.9</span>", "<span data-toggle='tooltip' data-placement='right' title='原始值：8.03393'>8.03</span>", "<span data-toggle='tooltip' data-placement='right' title='原始值：11.34858'>11.35</span>", "<span data-toggle='tooltip' data-placement='right' title='原始值：1459.012'>1459.0</span>", "<span data-toggle='tooltip' data-placement='right' title='原始值：62.6092'>62.6</span>", "<span data-toggle='tooltip' data-placement='right' title='原始值：7.65'>7.65</span>", "<span data-toggle='tooltip' data-placement='right' title='原始值：1.84'>1.840</span>", "*", "*", "*", "*", "正常"], ["山西省", "黄河流域", "<span data-toggle='tooltip' data-placement='right' title='所在地市:忻州市&#10;所属河流:黄河'>万家寨水库</span>", null, "", "--", "--", "--", "--", "--", "--", "--", "--", "--", "*", "*", "停站"], ["内蒙古自治区", "黄河流域", "<span data-toggle='tooltip' data-placement='right' title='所在地市:包头市&#10;所属河流:黄河'>画匠营子</span>", null, "", "--", "--", "--", "--", "--", "--", "--", "--", "--", "*", "*", "停站"], ["内蒙古自治区", "黄河流域", "<span data-toggle='tooltip' data-placement='right' title='所在地市:乌海市&#10;所属河流:黄河'>海勃湾</span>", "03-03 08:00", "Ⅱ", "<span data-toggle='tooltip' data-placement='right' title='原始值：9.99066'>10.0</span>", "<span data-toggle='tooltip' data-placement='right' title='原始值：7.92215'>7.92</span>", "<span data-toggle='tooltip' data-placement='right' title='原始值：8.48604'>8.49</span>", "<span data-toggle='tooltip' data-placement='right' title='原始值：1006.219'>1006.2</span>", "<span data-toggle='tooltip' data-placement='right' title='原始值：22.72868'>22.7</span>", "<span data-toggle='tooltip' data-placement='right' title='原始值：1.74'>1.74</span>", "<span data-toggle='tooltip' data-placement='right' title='原始值：0.23'>0.230</span>", "*", "*", "*", "*", "正常"], ["内蒙古自治区", "松花江流域", "<span data-toggle='tooltip' data-placement='right' title='所在地市:呼伦贝尔市&#10;所属河流:额尔古纳河'>黑山头</span>", null, "", "--", "--", "--", "--", "--", "--", "--", "--", "--", "*", "*", "停站"], ["辽宁省", "辽河流域", "<span data-toggle='tooltip' data-placement='right' title='所在地市:抚顺市&#10;所属河流:浑河'>大伙房水库</span>", "03-03 08:00", "Ⅱ", "<span data-toggle='tooltip' data-placement='right' title='原始值：5.8577'>5.9</span>", "<span data-toggle='tooltip' data-placement='right' title='原始值：7.65987'>7.66</span>", "<span data-toggle='tooltip' data-placement='right' title='原始值：10.32737'>10.33</span>", "<span data-toggle='tooltip' data-placement='right' title='原始值：317.4066'>317.4</span>", "<span data-toggle='tooltip' data-placement='right' title='原始值：8.06543'>8.1</span>", "<span data-toggle='tooltip' data-placement='right' title='原始值：2.97317'>2.97</span>", "<span data-toggle='tooltip' data-placement='right' title='原始值：0.12'>0.120</span>", "<span data-toggle='tooltip' data-placement='right' title='原始值：0.0157'>0.016</span>", "<span data-toggle='tooltip' data-placement='right' title='原始值：2.75961'>2.76</span>", "<span data-toggle='tooltip' data-placement='right' title='原始值：0.00688'>0.007</span>", "*", "正常"], ["辽宁省", "辽河流域", "<span data-toggle='tooltip' data-placement='right' title='所在地市:丹东市&#10;所属河流:鸭绿江'>江桥</span>", "03-03 08:00", "Ⅱ", "<span data-toggle='tooltip' data-placement='right' title='原始值：5.5'>5.5</span>", "<span data-toggle='tooltip' data-placement='right' title='原始值：6.44969'>6.45</span>", "<span data-toggle='tooltip' data-placement='right' title='原始值：11.67031'>11.67</span>", "<span data-toggle='tooltip' data-placement='right' title='原始值：145'>145.0</span>", "<span data-toggle='tooltip' data-placement='right' title='原始值：13.96877'>14.0</span>", "<span data-toggle='tooltip' data-placement='right' title='原始值：2.07'>2.07</span>", "<span data-toggle='tooltip' data-placement='right' title='原始值：0.03749'>0.037</span>", "<span data-toggle='tooltip' data-placement='right' title='原始值：0.01655'>0.017</span>", "<span data-toggle='tooltip' data-placement='right' title='原始值：1.8096'>1.81</span>", "*", "*", "正常"], ["辽宁省", "辽河流域", "<span data-toggle='tooltip' data-placement='right' title='所在地市:营口市&#10;所属河流:大辽河'>辽河公园</span>", "03-03 08:00", "Ⅳ", "<span data-toggle='tooltip' data-placement='right' title='原始值：5.11532'>5.1</span>", "<span data-toggle='tooltip' data-placement='right' title='原始值：7.52066'>7.52</span>", "<span data-toggle='tooltip' data-placement='right' title='原始值：11.94188'>11.94</span>", "<span data-toggle='tooltip' data-placement='right' title='原始值：17395.66'>17395.7</span>", "<span data-toggle='tooltip' data-placement='right' title='原始值：294.3492'>294.3</span>", "<span data-toggle='tooltip' data-placement='right' title='原始值：9.47121'>9.47</span>", "<span data-toggle='tooltip' data-placement='right' title='原始值：1.30989'>1.310</span>", "<span data-toggle='tooltip' data-placement='right' title='原始值：0.18918'>0.189</span>", "<span data-toggle='tooltip' data-placement='right' title='原始值：6.46453'>6.46</span>", "*", "*", "正常"], ["辽宁省", "辽河流域", "<span data-toggle='tooltip' data-placement='right' title='所在地市:辽阳市&#10;所属河流:太子河'>汤河水库</span>", null, "", "--", "--", "--", "--", "--", "--", "--", "--", "--", "*", "*", "停站"], ["辽宁省", "辽河流域", "<span data-toggle='tooltip' data-placement='right' title='所在地市:盘锦市&#10;所属河流:辽河'>盘锦兴安(兴安)</span>", null, "", "--", "--", "--", "--", "--", "--", "--", "--", "--", "*", "*", "停站"], ["辽宁省", "辽河流域", "<span data-toggle='tooltip' data-placement='right' title='所在地市:铁岭市&#10;所属河流:辽河'>珠尔山</span>", "03-03 08:00", "Ⅲ", "<span data-toggle='tooltip' data-placement='right' title='原始值：3.13092'>3.1</span>", "<span data-toggle='tooltip' data-placement='right' title='原始值：7.48538'>7.49</span>", "<span data-toggle='tooltip' data-placement='right' title='原始值：11.7507'>11.75</span>", "<span data-toggle='tooltip' data-placement='right' title='原始值：501.6451'>501.6</span>", "<span data-toggle='tooltip' data-placement='right' title='原始值：5.20774'>5.2</span>", "<span data-toggle='tooltip' data-placement='right' title='原始值：2.72186'>2.72</span>", "<span data-toggle='tooltip' data-placement='right' title='原始值：0.79'>0.790</span>", "<span data-toggle='tooltip' data-placement='right' title='原始值：0.07837'>0.078</span>", "<span data-toggle='tooltip' data-placement='right' title='极值过滤'>--</span>", "*", "*", "维护"], ["吉林省", "松花江流域", "<span data-toggle='tooltip' data-placement='right' title='所在地市:长春市&#10;所属河流:松花江'>松花江村</span>", null, "", "--", "--", "--", "--", "--", "--", "--", "--", "--", "*", "*", "停站"], ["吉林省", "松花江流域", "<span data-toggle='tooltip' data-placement='right' title='所在地市:白城市&#10;所属河流:嫩江'>白沙滩</span>", "03-03 08:00", "Ⅲ", "<span data-toggle='tooltip' data-placement='right' title='原始值：3.69701'>3.7</span>", "<span data-toggle='tooltip' data-placement='right' title='原始值：6.76414'>6.76</span>", "<span data-toggle='tooltip' data-placement='right' title='原始值：12.08559'>12.09</span>", "<span data-toggle='tooltip' data-placement='right' title='原始值：330.8705'>330.9</span>", "<span data-toggle='tooltip' data-placement='right' title='原始值：17.9875'>18.0</span>", "<span data-toggle='tooltip' data-placement='right' title='原始值：5.98688'>5.99</span>", "<span data-toggle='tooltip' data-placement='right' title='原始值：0.16031'>0.160</span>", "<span data-toggle='tooltip' data-placement='right' title='原始值：0.04397'>0.044</span>", "<span data-toggle='tooltip' data-placement='right' title='原始值：1.46615'>1.47</span>", "*", "*", "正常"], ["吉林省", "松花江流域", "<span data-toggle='tooltip' data-placement='right' title='所在地市:延边朝鲜族自治州&#10;所属河流:图们江'>圈河</span>", "03-03 08:00", "Ⅲ", "<span data-toggle='tooltip' data-placement='right' title='原始值：7.1'>7.1</span>", "<span data-toggle='tooltip' data-placement='right' title='原始值：6.99'>6.99</span>", "<span data-toggle='tooltip' data-placement='right' title='原始值：10.71'>10.71</span>", "<span data-toggle='tooltip' data-placement='right' title='原始值：308.9995'>309.0</span>", "<span data-toggle='tooltip' data-placement='right' title='原始值：7'>7.0</span>", "<span data-toggle='tooltip' data-placement='right' title='原始值：2.49'>2.49</span>", "<span data-toggle='tooltip' data-placement='right' title='原始值：0.54002'>0.540</span>", "<span data-toggle='tooltip' data-placement='right' title='原始值：0.04539'>0.045</span>", "<span data-toggle='tooltip' data-placement='right' title='原始值：3.00842'>3.01</span>", "*", "*", "正常"], ["黑龙江省", "松花江流域", "<span data-toggle='tooltip' data-placement='right' title='所在地市:大庆市&#10;所属河流:松花江'>肇源</span>", null, "", "--", "--", "--", "--", "--", "--", "--", "--", "--", "*", "*", "停站"], ["黑龙江省", "松花江流域", "<span data-toggle='tooltip' data-placement='right' title='所在地市:佳木斯市&#10;所属河流:乌苏里江'>乌苏镇</span>", null, "", "--", "--", "--", "--", "--", "--", "--", "--", "--", "*", "*", "停站"], ["黑龙江省", "松花江流域", "<span data-toggle='tooltip' data-placement='right' title='所在地市:佳木斯市&#10;所属河流:松花江'>同江</span>", "03-03 08:00", "", "<span data-toggle='tooltip' data-placement='right' title='原始值：3.54993'>3.5</span>", "<span data-toggle='tooltip' data-placement='right' title='原始值：7.36814'>7.37</span>", "<span data-toggle='tooltip' data-placement='right' title='原始值：13.4888'>13.49</span>", "<span data-toggle='tooltip' data-placement='right' title='原始值：331.689'>331.7</span>", "<span data-toggle='tooltip' data-placement='right' title='原始值：10.8496'>10.8</span>", "<span data-toggle='tooltip' data-placement='right' title='极值过滤'>--</span>", "<span data-toggle='tooltip' data-placement='right' title='原始值：0.24674'>0.247</span>", "<span data-toggle='tooltip' data-placement='right' title='原始值：0.03711'>0.037</span>", "<span data-toggle='tooltip' data-placement='right' title='原始值：1.4679'>1.47</span>", "*", "*", "维护"], ["黑龙江省", "松花江流域", "<span data-toggle='tooltip' data-placement='right' title='所在地市:黑河市&#10;所属河流:黑龙江'>黑河下(黑河)</span>", null, "", "--", "--", "--", "--", "--", "--", "--", "--", "--", "*", "*", "停站"], ["上海市", "长江流域", "<span data-toggle='tooltip' data-placement='right' title='所在地市:青浦区&#10;所属河流:淀山湖'>急水港桥</span>", "03-03 08:00", "Ⅳ", "<span data-toggle='tooltip' data-placement='right' title='原始值：11.8'>11.8</span>", "<span data-toggle='tooltip' data-placement='right' title='原始值：7.53'>7.53</span>", "<span data-toggle='tooltip' data-placement='right' title='原始值：8.31'>8.31</span>", "<span data-toggle='tooltip' data-placement='right' title='原始值：679'>679.0</span>", "<span data-toggle='tooltip' data-placement='right' title='原始值：74.5'>74.5</span>", "<span data-toggle='tooltip' data-placement='right' title='原始值：3.73438'>3.73</span>", "<span data-toggle='tooltip' data-placement='right' title='原始值：0.52347'>0.523</span>", "<span data-toggle='tooltip' data-placement='right' title='原始值：0.06217'>0.062</span>", "<span data-toggle='tooltip' data-placement='right' title='原始值：3.72085'>3.72</span>", "<span data-toggle='tooltip' data-placement='right' title='原始值：0.00592'>0.006</span>", "<span data-toggle='tooltip' data-placement='right' title='原始值：2260814'>2260814</span>", "正常"], ["江苏省", "长江流域", "<span data-toggle='tooltip' data-placement='right' title='所在地市:南京市&#10;所属河流:长江'>林山</span>", "03-03 08:00", "Ⅰ", "<span data-toggle='tooltip' data-placement='right' title='原始值：12.4447'>12.4</span>", "<span data-toggle='tooltip' data-placement='right' title='原始值：7.84993'>7.85</span>", "<span data-toggle='tooltip' data-placement='right' title='原始值：8.74811'>8.75</span>", "<span data-toggle='tooltip' data-placement='right' title='原始值：373.871'>373.9</span>", "<span data-toggle='tooltip' data-placement='right' title='原始值：8.09168'>8.1</span>", "<span data-toggle='tooltip' data-placement='right' title='原始值：1.64'>1.64</span>", "<span data-toggle='tooltip' data-placement='right' title='原始值：0.097'>0.097</span>", "*", "*", "*", "*", "正常"], ["江苏省", "太湖流域", "<span data-toggle='tooltip' data-placement='right' title='所在地市:无锡市&#10;所属河流:太湖'>沙渚</span>", "03-03 08:00", "Ⅱ", "<span data-toggle='tooltip' data-placement='right' title='原始值：14.61442'>14.6</span>", "<span data-toggle='tooltip' data-placement='right' title='原始值：7.502915'>7.50</span>", "<span data-toggle='tooltip' data-placement='right' title='原始值：8.903487'>8.90</span>", "<span data-toggle='tooltip' data-placement='right' title='极值过滤'>--</span>", "<span data-toggle='tooltip' data-placement='right' title='原始值：8.05742'>8.1</span>", "<span data-toggle='tooltip' data-placement='right' title='原始值：3.539143'>3.54</span>", "<span data-toggle='tooltip' data-placement='right' title='原始值：0.19'>0.190</span>", "<span data-toggle='tooltip' data-placement='right' title='原始值：0.0794'>0.079</span>", "<span data-toggle='tooltip' data-placement='right' title='原始值：1.735'>1.74</span>", "<span data-toggle='tooltip' data-placement='right' title='原始值：0.037704'>0.038</span>", "*", "维护"], ["江苏省", "淮河流域", "<span data-toggle='tooltip' data-placement='right' title='所在地市:徐州市&#10;所属河流:武河'>小红圈</span>", "03-03 08:00", "Ⅲ", "<span data-toggle='tooltip' data-placement='right' title='原始值：8.58'>8.6</span>", "<span data-toggle='tooltip' data-placement='right' title='原始值：8.87'>8.87</span>", "<span data-toggle='tooltip' data-placement='right' title='原始值：12.19'>12.19</span>", "<span data-toggle='tooltip' data-placement='right' title='原始值：483.7'>483.7</span>", "<span data-toggle='tooltip' data-placement='right' title='原始值：24.23'>24.2</span>", "<span data-toggle='tooltip' data-placement='right' title='原始值：5.12'>5.12</span>", "<span data-toggle='tooltip' data-placement='right' title='原始值：0.072'>0.072</span>", "*", "*", "*", "*", "正常"], ["江苏省", "淮河流域", "<span data-toggle='tooltip' data-placement='right' title='所在地市:徐州市&#10;所属河流:沿河'>李集桥</span>", "03-03 08:00", "Ⅲ", "<span data-toggle='tooltip' data-placement='right' title='原始值：9.18'>9.2</span>", "<span data-toggle='tooltip' data-placement='right' title='原始值：7.9'>7.90</span>", "<span data-toggle='tooltip' data-placement='right' title='原始值：10.52'>10.52</span>", "<span data-toggle='tooltip' data-placement='right' title='原始值：1171'>1171.0</span>", "<span data-toggle='tooltip' data-placement='right' title='原始值：18.46'>18.5</span>", "<span data-toggle='tooltip' data-placement='right' title='原始值：5.97'>5.97</span>", "<span data-toggle='tooltip' data-placement='right' title='原始值：0.022'>0.022</span>", "<span data-toggle='tooltip' data-placement='right' title='原始值：0.044'>0.044</span>", "<span data-toggle='tooltip' data-placement='right' title='原始值：1.592'>1.59</span>", "*", "*", "正常"], ["江苏省", "淮河流域", "<span data-toggle='tooltip' data-placement='right' title='所在地市:徐州市&#10;所属河流:邳苍分洪道'>艾山西大桥</span>", "03-03 08:00", "劣Ⅴ", "<span data-toggle='tooltip' data-placement='right' title='原始值：8.80661'>8.8</span>", "<span data-toggle='tooltip' data-placement='right' title='原始值：8.36351'>8.36</span>", "<span data-toggle='tooltip' data-placement='right' title='原始值：12.7716'>12.77</span>", "<span data-toggle='tooltip' data-placement='right' title='原始值：813.372'>813.4</span>", "<span data-toggle='tooltip' data-placement='right' title='原始值：11.2102'>11.2</span>", "<span data-toggle='tooltip' data-placement='right' title='原始值：7.54'>7.54</span>", "<span data-toggle='tooltip' data-placement='right' title='原始值：2.15'>2.150</span>", "<span data-toggle='tooltip' data-placement='right' title='原始值：0.05731'>0.057</span>", "<span data-toggle='tooltip' data-placement='right' title='原始值：13.46546'>13.47</span>", "*", "*", "正常"], ["江苏省", "太湖流域", "<span data-toggle='tooltip' data-placement='right' title='所在地市:苏州市&#10;所属河流:太湖'>兰山嘴(老)</span>", "03-03 08:00", "Ⅳ", "<span data-toggle='tooltip' data-placement='right' title='原始值：10.42848'>10.4</span>", "<span data-toggle='tooltip' data-placement='right' title='原始值：7.86475'>7.86</span>", "<span data-toggle='tooltip' data-placement='right' title='原始值：10.77261'>10.77</span>", "<span data-toggle='tooltip' data-placement='right' title='原始值：430.2799'>430.3</span>", "<span data-toggle='tooltip' data-placement='right' title='原始值：220.4635'>220.5</span>", "<span data-toggle='tooltip' data-placement='right' title='原始值：5.46'>5.46</span>", "<span data-toggle='tooltip' data-placement='right' title='原始值：0.28863'>0.289</span>", "<span data-toggle='tooltip' data-placement='right' title='原始值：0.27622'>0.276</span>", "<span data-toggle='tooltip' data-placement='right' title='原始值：8.52333'>8.52</span>", "<span data-toggle='tooltip' data-placement='right' title='原始值：0.03465'>0.035</span>", "*", "正常"], ["江苏省", "太湖流域", "<span data-toggle='tooltip' data-placement='right' title='所在地市:苏州市&#10;所属河流:太湖'>西山</span>", "03-03 08:00", "Ⅲ", "<span data-toggle='tooltip' data-placement='right' title='原始值：11.36649'>11.4</span>", "<span data-toggle='tooltip' data-placement='right' title='原始值：7.88463'>7.88</span>", "<span data-toggle='tooltip' data-placement='right' title='原始值：10.76816'>10.77</span>", "<span data-toggle='tooltip' data-placement='right' title='原始值：601.2286'>601.2</span>", "<span data-toggle='tooltip' data-placement='right' title='原始值：104.8132'>104.8</span>", "<span data-toggle='tooltip' data-placement='right' title='原始值：2.09'>2.09</span>", "<span data-toggle='tooltip' data-placement='right' title='原始值：0.13'>0.130</span>", "<span data-toggle='tooltip' data-placement='right' title='原始值：0.0419'>0.042</span>", "<span data-toggle='tooltip' data-placement='right' title='原始值：1.308'>1.31</span>", "<span data-toggle='tooltip' data-placement='right' title='原始值：0.00933'>0.009</span>", "*", "正常"], ["江苏省", "淮河流域", "<span data-toggle='tooltip' data-placement='right' title='所在地市:连云港市&#10;所属河流:新沭河'>大兴桥</span>", "03-03 08:00", "Ⅲ", "<span data-toggle='tooltip' data-placement='right' title='原始值：9.5'>9.5</span>", "<span data-toggle='tooltip' data-placement='right' title='原始值：8.86'>8.86</span>", "<span data-toggle='tooltip' data-placement='right' title='原始值：14.41'>14.41</span>", "<span data-toggle='tooltip' data-placement='right' title='原始值：963.1'>963.1</span>", "<span data-toggle='tooltip' data-placement='right' title='原始值：27.12'>27.1</span>", "<span data-toggle='tooltip' data-placement='right' title='原始值：5.64'>5.64</span>", "<span data-toggle='tooltip' data-placement='right' title='原始值：0.223'>0.223</span>", "*", "*", "*", "*", "正常"], ["江苏省", "淮河流域", "<span data-toggle='tooltip' data-placement='right' title='所在地市:淮安市&#10;所属河流:淮河'>淮河大桥</span>", "03-03 08:00", "Ⅲ", "<span data-toggle='tooltip' data-placement='right' title='原始值：10.27978'>10.3</span>", "<span data-toggle='tooltip' data-placement='right' title='原始值：8.32892'>8.33</span>", "<span data-toggle='tooltip' data-placement='right' title='原始值：9.8331'>9.83</span>", "<span data-toggle='tooltip' data-placement='right' title='原始值：616.0996'>616.1</span>", "<span data-toggle='tooltip' data-placement='right' title='原始值：17.16473'>17.2</span>", "<span data-toggle='tooltip' data-placement='right' title='原始值：4.58'>4.58</span>", "<span data-toggle='tooltip' data-placement='right' title='原始值：0.03'>0.030</span>", "<span data-toggle='tooltip' data-placement='right' title='原始值：0.03225'>0.032</span>", "<span data-toggle='tooltip' data-placement='right' title='原始值：2.8775'>2.88</span>", "*", "*", "正常"], ["江苏省", "长江流域", "<span data-toggle='tooltip' data-placement='right' title='所在地市:扬州市&#10;所属河流:夹江'>三江营</span>", "03-03 08:00", "Ⅱ", "<span data-toggle='tooltip' data-placement='right' title='原始值：12.78'>12.8</span>", "<span data-toggle='tooltip' data-placement='right' title='原始值：7.98'>7.98</span>", "<span data-toggle='tooltip' data-placement='right' title='原始值：10.27'>10.27</span>", "<span data-toggle='tooltip' data-placement='right' title='原始值：352.95'>353.0</span>", "<span data-toggle='tooltip' data-placement='right' title='原始值：63.08'>63.1</span>", "<span data-toggle='tooltip' data-placement='right' title='原始值：2.08'>2.08</span>", "<span data-toggle='tooltip' data-placement='right' title='原始值：0.084'>0.084</span>", "<span data-toggle='tooltip' data-placement='right' title='原始值：0.08'>0.080</span>", "<span data-toggle='tooltip' data-placement='right' title='原始值：2.292'>2.29</span>", "*", "*", "正常"], ["江苏省", "淮河流域", "<span data-toggle='tooltip' data-placement='right' title='所在地市:宿迁市&#10;所属河流:新濉河'>大屈</span>", "03-03 08:00", "Ⅲ", "<span data-toggle='tooltip' data-placement='right' title='原始值：9.7'>9.7</span>", "<span data-toggle='tooltip' data-placement='right' title='原始值：8.36'>8.36</span>", "<span data-toggle='tooltip' data-placement='right' title='原始值：11.03'>11.03</span>", "<span data-toggle='tooltip' data-placement='right' title='原始值：902'>902.0</span>", "<span data-toggle='tooltip' data-placement='right' title='原始值：10.24'>10.2</span>", "<span data-toggle='tooltip' data-placement='right' title='原始值：5.32'>5.32</span>", "<span data-toggle='tooltip' data-placement='right' title='原始值：0.16'>0.160</span>", "<span data-toggle='tooltip' data-placement='right' title='原始值：0.035'>0.035</span>", "<span data-toggle='tooltip' data-placement='right' title='原始值：2.314'>2.31</span>", "*", "*", "正常"], ["浙江省", "浙闽片河流", "<span data-toggle='tooltip' data-placement='right' title='所在地市:杭州市&#10;所属河流:新安江'>街口(鸠坑口)</span>", "03-03 08:00", "Ⅰ", "<span data-toggle='tooltip' data-placement='right' title='原始值：14.18'>14.2</span>", "<span data-toggle='tooltip' data-placement='right' title='原始值：7.29'>7.29</span>", "<span data-toggle='tooltip' data-placement='right' title='原始值：9.38'>9.38</span>", "<span data-toggle='tooltip' data-placement='right' title='原始值：158.92'>158.9</span>", "<span data-toggle='tooltip' data-placement='right' title='原始值：5.71'>5.7</span>", "<span data-toggle='tooltip' data-placement='right' title='原始值：0.601'>0.60</span>", "<span data-toggle='tooltip' data-placement='right' title='原始值：0.056'>0.056</span>", "<span data-toggle='tooltip' data-placement='right' title='原始值：0.019'>0.019</span>", "<span data-toggle='tooltip' data-placement='right' title='原始值：1.17'>1.17</span>", "*", "*", "正常"], ["浙江省", "太湖流域", "<span data-toggle='tooltip' data-placement='right' title='所在地市:嘉兴市&#10;所属河流:斜路港河'>斜路港</span>", "03-03 08:00", "Ⅳ", "<span data-toggle='tooltip' data-placement='right' title='原始值：12'>12.0</span>", "<span data-toggle='tooltip' data-placement='right' title='原始值：7.67'>7.67</span>", "<span data-toggle='tooltip' data-placement='right' title='原始值：9.62'>9.62</span>", "<span data-toggle='tooltip' data-placement='right' title='原始值：575'>575.0</span>", "<span data-toggle='tooltip' data-placement='right' title='原始值：108.7'>108.7</span>", "<span data-toggle='tooltip' data-placement='right' title='原始值：7.42'>7.42</span>", "<span data-toggle='tooltip' data-placement='right' title='原始值：0.79429'>0.794</span>", "<span data-toggle='tooltip' data-placement='right' title='原始值：0.14992'>0.150</span>", "<span data-toggle='tooltip' data-placement='right' title='原始值：2.08133'>2.08</span>", "*", "*", "正常"], ["浙江省", "太湖流域", "<span data-toggle='tooltip' data-placement='right' title='所在地市:嘉兴市&#10;所属河流:京杭运河'>王江泾</span>", "03-03 08:00", "Ⅳ", "<span data-toggle='tooltip' data-placement='right' title='原始值：13.03'>13.0</span>", "<span data-toggle='tooltip' data-placement='right' title='原始值：6.86'>6.86</span>", "<span data-toggle='tooltip' data-placement='right' title='原始值：3.04'>3.04</span>", "<span data-toggle='tooltip' data-placement='right' title='原始值：623.64'>623.6</span>", "<span data-toggle='tooltip' data-placement='right' title='原始值：41.69'>41.7</span>", "<span data-toggle='tooltip' data-placement='right' title='原始值：6.362'>6.36</span>", "<span data-toggle='tooltip' data-placement='right' title='原始值：0.76'>0.760</span>", "<span data-toggle='tooltip' data-placement='right' title='原始值：0.095'>0.095</span>", "<span data-toggle='tooltip' data-placement='right' title='原始值：3.741'>3.74</span>", "*", "*", "正常"], ["浙江省", "太湖流域", "<span data-toggle='tooltip' data-placement='right' title='所在地市:湖州市&#10;所属河流:西苕溪'>新港口(新塘港)</span>", "03-03 08:00", "Ⅱ", "<span data-toggle='tooltip' data-placement='right' title='原始值：12.4431'>12.4</span>", "<span data-toggle='tooltip' data-placement='right' title='原始值：7.77776'>7.78</span>", "<span data-toggle='tooltip' data-placement='right' title='原始值：7.98512'>7.99</span>", "<span data-toggle='tooltip' data-placement='right' title='原始值：424.127'>424.1</span>", "<span data-toggle='tooltip' data-placement='right' title='原始值：112.054'>112.1</span>", "<span data-toggle='tooltip' data-placement='right' title='原始值：3.13194'>3.13</span>", "<span data-toggle='tooltip' data-placement='right' title='原始值：0.48226'>0.482</span>", "<span data-toggle='tooltip' data-placement='right' title='原始值：0.07706'>0.077</span>", "<span data-toggle='tooltip' data-placement='right' title='原始值：8.96925'>8.97</span>", "<span data-toggle='tooltip' data-placement='right' title='原始值：0.0189'>0.019</span>", "*", "正常"], ["安徽省", "巢湖流域", "<span data-toggle='tooltip' data-placement='right' title='所在地市:合肥市&#10;所属河流:巢湖'>湖滨(老)</span>", "03-03 04:00", "Ⅳ", "<span data-toggle='tooltip' data-placement='right' title='原始值：11.67477'>11.7</span>", "<span data-toggle='tooltip' data-placement='right' title='原始值：6.89107'>6.89</span>", "<span data-toggle='tooltip' data-placement='right' title='原始值：11.10661'>11.11</span>", "<span data-toggle='tooltip' data-placement='right' title='原始值：306.0814'>306.1</span>", "<span data-toggle='tooltip' data-placement='right' title='原始值：89.71672'>89.7</span>", "<span data-toggle='tooltip' data-placement='right' title='原始值：3.12'>3.12</span>", "<span data-toggle='tooltip' data-placement='right' title='原始值：0.3'>0.300</span>", "<span data-toggle='tooltip' data-placement='right' title='原始值：0.0568'>0.057</span>", "<span data-toggle='tooltip' data-placement='right' title='原始值：0.8274'>0.83</span>", "<span data-toggle='tooltip' data-placement='right' title='原始值：0.00558'>0.006</span>", "*", "正常"], ["安徽省", "巢湖流域", "<span data-toggle='tooltip' data-placement='right' title='所在地市:芜湖市&#10;所属河流:巢湖'>裕溪口(老)</span>", "03-03 08:00", "Ⅴ", "<span data-toggle='tooltip' data-placement='right' title='原始值：12.00903'>12.0</span>", "<span data-toggle='tooltip' data-placement='right' title='原始值：7.38979'>7.39</span>", "<span data-toggle='tooltip' data-placement='right' title='原始值：7.46827'>7.47</span>", "<span data-toggle='tooltip' data-placement='right' title='原始值：272.8914'>272.9</span>", "<span data-toggle='tooltip' data-placement='right' title='原始值：94.83043'>94.8</span>", "<span data-toggle='tooltip' data-placement='right' title='原始值：1.66'>1.66</span>", "<span data-toggle='tooltip' data-placement='right' title='原始值：0.1'>0.100</span>", "<span data-toggle='tooltip' data-placement='right' title='原始值：0.1036'>0.104</span>", "<span data-toggle='tooltip' data-placement='right' title='原始值：4.935'>4.94</span>", "<span data-toggle='tooltip' data-placement='right' title='原始值：0.01891'>0.019</span>", "*", "正常"], ["安徽省", "淮河流域", "<span data-toggle='tooltip' data-placement='right' title='所在地市:蚌埠市&#10;所属河流:淮河'>蚌埠闸上(蚌埠闸)</span>", "03-03 08:00", "Ⅱ", "<span data-toggle='tooltip' data-placement='right' title='原始值：10.79'>10.8</span>", "<span data-toggle='tooltip' data-placement='right' title='原始值：7.37'>7.37</span>", "<span data-toggle='tooltip' data-placement='right' title='原始值：11.42'>11.42</span>", "<span data-toggle='tooltip' data-placement='right' title='原始值：599.59'>599.6</span>", "<span data-toggle='tooltip' data-placement='right' title='原始值：86.89'>86.9</span>", "<span data-toggle='tooltip' data-placement='right' title='原始值：2.952'>2.95</span>", "<span data-toggle='tooltip' data-placement='right' title='原始值：0.11'>0.110</span>", "<span data-toggle='tooltip' data-placement='right' title='原始值：0.046'>0.046</span>", "<span data-toggle='tooltip' data-placement='right' title='原始值：2.336'>2.34</span>", "*", "*", "正常"], ["安徽省", "淮河流域", "<span data-toggle='tooltip' data-placement='right' title='所在地市:淮南市&#10;所属河流:淮河'>石头埠(老)</span>", "03-03 08:00", "Ⅳ", "<span data-toggle='tooltip' data-placement='right' title='原始值：10.56002'>10.6</span>", "<span data-toggle='tooltip' data-placement='right' title='原始值：7.04264'>7.04</span>", "<span data-toggle='tooltip' data-placement='right' title='原始值：4.04677'>4.05</span>", "<span data-toggle='tooltip' data-placement='right' title='原始值：710.7704'>710.8</span>", "<span data-toggle='tooltip' data-placement='right' title='原始值：17.43591'>17.4</span>", "<span data-toggle='tooltip' data-placement='right' title='原始值：3.98'>3.98</span>", "<span data-toggle='tooltip' data-placement='right' title='原始值：0.25'>0.250</span>", "*", "*", "*", "*", "正常"], ["安徽省", "淮河流域", "<span data-toggle='tooltip' data-placement='right' title='所在地市:淮北市&#10;所属河流:沱河'>小王桥</span>", "03-03 08:00", "", "<span data-toggle='tooltip' data-placement='right' title='原始值：8.94'>8.9</span>", "<span data-toggle='tooltip' data-placement='right' title='原始值：8.03'>8.03</span>", "<span data-toggle='tooltip' data-placement='right' title='原始值：7.42'>7.42</span>", "<span data-toggle='tooltip' data-placement='right' title='原始值：1786.58'>1786.6</span>", "<span data-toggle='tooltip' data-placement='right' title='原始值：20.73'>20.7</span>", "<span data-toggle='tooltip' data-placement='right' title='原始值：5.128'>5.13</span>", "<span data-toggle='tooltip' data-placement='right' title='原始值：0.063'>0.063</span>", "<span data-toggle='tooltip' data-placement='right' title='原始值：0.067'>0.067</span>", "<span data-toggle='tooltip' data-placement='right' title='原始值：1.525'>1.52</span>", "*", "*", "维护"], ["安徽省", "长江流域", "<span data-toggle='tooltip' data-placement='right' title='所在地市:安庆市&#10;所属河流:长江'>皖河口</span>", "03-03 08:00", "Ⅱ", "<span data-toggle='tooltip' data-placement='right' title='原始值：13.27'>13.3</span>", "<span data-toggle='tooltip' data-placement='right' title='原始值：7.842'>7.84</span>", "<span data-toggle='tooltip' data-placement='right' title='原始值：9.08'>9.08</span>", "<span data-toggle='tooltip' data-placement='right' title='原始值：329.58'>329.6</span>", "<span data-toggle='tooltip' data-placement='right' title='原始值：35.15'>35.2</span>", "<span data-toggle='tooltip' data-placement='right' title='原始值：1.38'>1.38</span>", "<span data-toggle='tooltip' data-placement='right' title='原始值：0.042'>0.042</span>", "<span data-toggle='tooltip' data-placement='right' title='原始值：0.0737'>0.074</span>", "<span data-toggle='tooltip' data-placement='right' title='原始值：1.943'>1.94</span>", "*", "*", "正常"], ["安徽省", "淮河流域", "<span data-toggle='tooltip' data-placement='right' title='所在地市:滁州市&#10;所属河流:淮河'>小柳巷</span>", "03-03 08:00", "Ⅲ", "<span data-toggle='tooltip' data-placement='right' title='原始值：10.1'>10.1</span>", "<span data-toggle='tooltip' data-placement='right' title='原始值：8.51'>8.51</span>", "<span data-toggle='tooltip' data-placement='right' title='原始值：12.27'>12.27</span>", "<span data-toggle='tooltip' data-placement='right' title='原始值：668.5'>668.5</span>", "<span data-toggle='tooltip' data-placement='right' title='原始值：108.31'>108.3</span>", "<span data-toggle='tooltip' data-placement='right' title='原始值：5.51'>5.51</span>", "<span data-toggle='tooltip' data-placement='right' title='原始值：0.106'>0.106</span>", "<span data-toggle='tooltip' data-placement='right' title='原始值：0.06'>0.060</span>", "<span data-toggle='tooltip' data-placement='right' title='原始值：2.535'>2.54</span>", "*", "*", "正常"], ["安徽省", "淮河流域", "<span data-toggle='tooltip' data-placement='right' title='所在地市:阜阳市&#10;所属河流:黑茨河'>张大桥</span>", "03-03 08:00", "", "<span data-toggle='tooltip' data-placement='right' title='原始值：11'>11.0</span>", "<span data-toggle='tooltip' data-placement='right' title='原始值：8.1'>8.10</span>", "<span data-toggle='tooltip' data-placement='right' title='原始值：8.37'>8.37</span>", "<span data-toggle='tooltip' data-placement='right' title='原始值：2105.6'>2105.6</span>", "<span data-toggle='tooltip' data-placement='right' title='原始值：2.3'>2.3</span>", "<span data-toggle='tooltip' data-placement='right' title='原始值：4.56'>4.56</span>", "<span data-toggle='tooltip' data-placement='right' title='极值过滤'>--</span>", "<span data-toggle='tooltip' data-placement='right' title='原始值：0.062'>0.062</span>", "<span data-toggle='tooltip' data-placement='right' title='原始值：9.968'>9.97</span>", "*", "*", "维护"], ["安徽省", "淮河流域", "<span data-toggle='tooltip' data-placement='right' title='所在地市:阜阳市&#10;所属河流:淮河'>王家坝</span>", "03-03 08:00", "Ⅲ", "<span data-toggle='tooltip' data-placement='right' title='原始值：15.48513'>15.5</span>", "<span data-toggle='tooltip' data-placement='right' title='原始值：7.46366'>7.46</span>", "<span data-toggle='tooltip' data-placement='right' title='原始值：9.64813'>9.65</span>", "<span data-toggle='tooltip' data-placement='right' title='原始值：363.511'>363.5</span>", "<span data-toggle='tooltip' data-placement='right' title='原始值：13.911'>13.9</span>", "<span data-toggle='tooltip' data-placement='right' title='原始值：3.8'>3.80</span>", "<span data-toggle='tooltip' data-placement='right' title='原始值：0.639'>0.639</span>", "<span data-toggle='tooltip' data-placement='right' title='原始值：0.08559'>0.086</span>", "<span data-toggle='tooltip' data-placement='right' title='原始值：2.15148'>2.15</span>", "*", "*", "正常"], ["安徽省", "淮河流域", "<span data-toggle='tooltip' data-placement='right' title='所在地市:阜阳市&#10;所属河流:颍河'>界首七渡口(七渡口)</span>", "03-03 08:00", "Ⅲ", "<span data-toggle='tooltip' data-placement='right' title='原始值：10.47096'>10.5</span>", "<span data-toggle='tooltip' data-placement='right' title='原始值：8.11248'>8.11</span>", "<span data-toggle='tooltip' data-placement='right' title='原始值：7.92853'>7.93</span>", "<span data-toggle='tooltip' data-placement='right' title='原始值：867.8635'>867.9</span>", "<span data-toggle='tooltip' data-placement='right' title='原始值：16.44113'>16.4</span>", "<span data-toggle='tooltip' data-placement='right' title='原始值：4.42'>4.42</span>", "<span data-toggle='tooltip' data-placement='right' title='原始值：0.45'>0.450</span>", "<span data-toggle='tooltip' data-placement='right' title='原始值：0.11336'>0.113</span>", "<span data-toggle='tooltip' data-placement='right' title='原始值：6.77975'>6.78</span>", "*", "*", "正常"], ["安徽省", "淮河流域", "<span data-toggle='tooltip' data-placement='right' title='所在地市:阜阳市&#10;所属河流:泉河'>许庄(徐庄)</span>", "03-03 08:00", "", "<span data-toggle='tooltip' data-placement='right' title='原始值：9.4'>9.4</span>", "<span data-toggle='tooltip' data-placement='right' title='原始值：7.77'>7.77</span>", "<span data-toggle='tooltip' data-placement='right' title='原始值：9.86'>9.86</span>", "<span data-toggle='tooltip' data-placement='right' title='原始值：1021.9'>1021.9</span>", "<span data-toggle='tooltip' data-placement='right' title='原始值：50.4'>50.4</span>", "<span data-toggle='tooltip' data-placement='right' title='原始值：3.77'>3.77</span>", "<span data-toggle='tooltip' data-placement='right' title='极值过滤'>--</span>", "<span data-toggle='tooltip' data-placement='right' title='原始值：0.032'>0.032</span>", "<span data-toggle='tooltip' data-placement='right' title='原始值：2.168'>2.17</span>", "*", "*", "维护"], ["安徽省", "淮河流域", "<span data-toggle='tooltip' data-placement='right' title='所在地市:宿州市&#10;所属河流:奎河'>杨庄</span>", "03-03 08:00", "Ⅴ", "<span data-toggle='tooltip' data-placement='right' title='原始值：10.62'>10.6</span>", "<span data-toggle='tooltip' data-placement='right' title='原始值：7.26'>7.26</span>", "<span data-toggle='tooltip' data-placement='right' title='原始值：10.18'>10.18</span>", "<span data-toggle='tooltip' data-placement='right' title='原始值：976.8'>976.8</span>", "<span data-toggle='tooltip' data-placement='right' title='原始值：54.37'>54.4</span>", "<span data-toggle='tooltip' data-placement='right' title='原始值：4.59'>4.59</span>", "<span data-toggle='tooltip' data-placement='right' title='原始值：1.885'>1.885</span>", "*", "*", "*", "*", "正常"], ["安徽省", "淮河流域", "<span data-toggle='tooltip' data-placement='right' title='所在地市:宿州市&#10;所属河流:新汴河'>泗县公路桥</span>", "03-03 08:00", "Ⅴ", "<span data-toggle='tooltip' data-placement='right' title='原始值：9.1'>9.1</span>", "<span data-toggle='tooltip' data-placement='right' title='原始值：8.15'>8.15</span>", "<span data-toggle='tooltip' data-placement='right' title='原始值：10.97'>10.97</span>", "<span data-toggle='tooltip' data-placement='right' title='原始值：953'>953.0</span>", "<span data-toggle='tooltip' data-placement='right' title='原始值：23.7'>23.7</span>", "<span data-toggle='tooltip' data-placement='right' title='原始值：12.74'>12.74</span>", "<span data-toggle='tooltip' data-placement='right' title='原始值：0.07'>0.070</span>", "*", "*", "*", "*", "正常"], ["安徽省", "淮河流域", "<span data-toggle='tooltip' data-placement='right' title='所在地市:亳州市&#10;所属河流:包河'>颜集</span>", "03-03 08:00", "劣Ⅴ", "<span data-toggle='tooltip' data-placement='right' title='原始值：8.6'>8.6</span>", "<span data-toggle='tooltip' data-placement='right' title='原始值：8.35'>8.35</span>", "<span data-toggle='tooltip' data-placement='right' title='原始值：12.1'>12.10</span>", "<span data-toggle='tooltip' data-placement='right' title='原始值：1684.2'>1684.2</span>", "<span data-toggle='tooltip' data-placement='right' title='原始值：116.01'>116.0</span>", "<span data-toggle='tooltip' data-placement='right' title='原始值：6.62'>6.62</span>", "<span data-toggle='tooltip' data-placement='right' title='原始值：2.83'>2.830</span>", "<span data-toggle='tooltip' data-placement='right' title='原始值：0.496'>0.496</span>", "<span data-toggle='tooltip' data-placement='right' title='原始值：6.702'>6.70</span>", "*", "*", "正常"], ["福建省", "浙闽片河流", "<span data-toggle='tooltip' data-placement='right' title='所在地市:福州市&#10;所属河流:闽江'>白岩潭</span>", "03-03 08:00", "Ⅱ", "<span data-toggle='tooltip' data-placement='right' title='原始值：16.61'>16.6</span>", "<span data-toggle='tooltip' data-placement='right' title='原始值：7.17'>7.17</span>", "<span data-toggle='tooltip' data-placement='right' title='原始值：15.65'>15.65</span>", "<span data-toggle='tooltip' data-placement='right' title='原始值：2850.8'>2850.8</span>", "<span data-toggle='tooltip' data-placement='right' title='原始值：166.07'>166.1</span>", "<span data-toggle='tooltip' data-placement='right' title='原始值：2.33'>2.33</span>", "<span data-toggle='tooltip' data-placement='right' title='原始值：0.257'>0.257</span>", "*", "*", "*", "*", "正常"], ["江西省", "长江流域", "<span data-toggle='tooltip' data-placement='right' title='所在地市:南昌市&#10;所属河流:赣江南支'>滁槎</span>", "03-03 08:00", "Ⅱ", "<span data-toggle='tooltip' data-placement='right' title='原始值：13.7734'>13.8</span>", "<span data-toggle='tooltip' data-placement='right' title='原始值：6.93542'>6.94</span>", "<span data-toggle='tooltip' data-placement='right' title='原始值：7.82948'>7.83</span>", "<span data-toggle='tooltip' data-placement='right' title='原始值：207.1319'>207.1</span>", "<span data-toggle='tooltip' data-placement='right' title='原始值：24.56353'>24.6</span>", "<span data-toggle='tooltip' data-placement='right' title='原始值：2.31'>2.31</span>", "<span data-toggle='tooltip' data-placement='right' title='原始值：0.43'>0.430</span>", "<span data-toggle='tooltip' data-placement='right' title='原始值：0.0465'>0.046</span>", "<span data-toggle='tooltip' data-placement='right' title='原始值：2.385'>2.38</span>", "*", "*", "正常"], ["江西省", "长江流域", "<span data-toggle='tooltip' data-placement='right' title='所在地市:九江市&#10;所属河流:长江'>姚港(河西水厂)</span>", "03-03 08:00", "", "<span data-toggle='tooltip' data-placement='right' title='原始值：12.88'>12.9</span>", "<span data-toggle='tooltip' data-placement='right' title='原始值：7.79'>7.79</span>", "<span data-toggle='tooltip' data-placement='right' title='原始值：9.98'>9.98</span>", "<span data-toggle='tooltip' data-placement='right' title='原始值：367.69'>367.7</span>", "<span data-toggle='tooltip' data-placement='right' title='原始值：27.76'>27.8</span>", "<span data-toggle='tooltip' data-placement='right' title='极值过滤'>--</span>", "<span data-toggle='tooltip' data-placement='right' title='原始值：0.536'>0.536</span>", "<span data-toggle='tooltip' data-placement='right' title='原始值：0.027'>0.027</span>", "<span data-toggle='tooltip' data-placement='right' title='原始值：1.935'>1.94</span>", "*", "*", "维护"], ["江西省", "长江流域", "<span data-toggle='tooltip' data-placement='right' title='所在地市:九江市&#10;所属河流:鄱阳湖'>蛤蟆石</span>", "03-03 08:00", "", "<span data-toggle='tooltip' data-placement='right' title='原始值：13.01'>13.0</span>", "<span data-toggle='tooltip' data-placement='right' title='原始值：7.46'>7.46</span>", "<span data-toggle='tooltip' data-placement='right' title='原始值：9.91'>9.91</span>", "<span data-toggle='tooltip' data-placement='right' title='原始值：228.13'>228.1</span>", "<span data-toggle='tooltip' data-placement='right' title='原始值：10.7'>10.7</span>", "<span data-toggle='tooltip' data-placement='right' title='原始值：1.414'>1.41</span>", "<span data-toggle='tooltip' data-placement='right' title='原始值：0.147'>0.147</span>", "--", "<span data-toggle='tooltip' data-placement='right' title='原始值：1.978'>1.98</span>", "<span data-toggle='tooltip' data-placement='right' title='原始值：0.00139'>0.001</span>", "<span data-toggle='tooltip' data-placement='right' title='原始值：1362280'>1362280</span>", "维护"], ["山东省", "黄河流域", "<span data-toggle='tooltip' data-placement='right' title='所在地市:济南市&#10;所属河流:黄河'>泺口</span>", "03-03 08:00", "Ⅱ", "<span data-toggle='tooltip' data-placement='right' title='原始值：6.58078'>6.6</span>", "<span data-toggle='tooltip' data-placement='right' title='原始值：8.3956'>8.40</span>", "<span data-toggle='tooltip' data-placement='right' title='原始值：13.5157'>13.52</span>", "<span data-toggle='tooltip' data-placement='right' title='原始值：1054.1'>1054.1</span>", "<span data-toggle='tooltip' data-placement='right' title='原始值：926.559'>926.6</span>", "<span data-toggle='tooltip' data-placement='right' title='原始值：3.15'>3.15</span>", "<span data-toggle='tooltip' data-placement='right' title='原始值：0.11971'>0.120</span>", "<span data-toggle='tooltip' data-placement='right' title='原始值：0.00844'>0.008</span>", "<span data-toggle='tooltip' data-placement='right' title='原始值：4.299'>4.30</span>", "*", "*", "正常"], ["山东省", "淮河流域", "<span data-toggle='tooltip' data-placement='right' title='所在地市:枣庄市&#10;所属河流:京杭大运河（韩庄运河）'>台儿庄大桥</span>", "03-03 08:00", "Ⅲ", "<span data-toggle='tooltip' data-placement='right' title='原始值：8.65001'>8.7</span>", "<span data-toggle='tooltip' data-placement='right' title='原始值：7.98494'>7.98</span>", "<span data-toggle='tooltip' data-placement='right' title='原始值：11.27071'>11.27</span>", "<span data-toggle='tooltip' data-placement='right' title='原始值：1051.283'>1051.3</span>", "<span data-toggle='tooltip' data-placement='right' title='原始值：6.64669'>6.6</span>", "<span data-toggle='tooltip' data-placement='right' title='原始值：4.13815'>4.14</span>", "<span data-toggle='tooltip' data-placement='right' title='原始值：0.12481'>0.125</span>", "<span data-toggle='tooltip' data-placement='right' title='原始值：0.04858'>0.049</span>", "<span data-toggle='tooltip' data-placement='right' title='原始值：3.80703'>3.81</span>", "*", "*", "正常"], ["山东省", "淮河流域", "<span data-toggle='tooltip' data-placement='right' title='所在地市:临沂市&#10;所属河流:沭河'>清泉寺</span>", "03-03 08:00", "Ⅲ", "<span data-toggle='tooltip' data-placement='right' title='原始值：10.1624'>10.2</span>", "<span data-toggle='tooltip' data-placement='right' title='原始值：6.94357'>6.94</span>", "<span data-toggle='tooltip' data-placement='right' title='原始值：8.61139'>8.61</span>", "<span data-toggle='tooltip' data-placement='right' title='原始值：1276.254'>1276.3</span>", "<span data-toggle='tooltip' data-placement='right' title='原始值：3.91'>3.9</span>", "<span data-toggle='tooltip' data-placement='right' title='原始值：4.89'>4.89</span>", "<span data-toggle='tooltip' data-placement='right' title='原始值：0.18'>0.180</span>", "*", "*", "*", "*", "正常"], ["山东省", "淮河流域", "<span data-toggle='tooltip' data-placement='right' title='所在地市:临沂市&#10;所属河流:沂河'>重坊桥</span>", "03-03 08:00", "Ⅱ", "<span data-toggle='tooltip' data-placement='right' title='原始值：8.43458'>8.4</span>", "<span data-toggle='tooltip' data-placement='right' title='原始值：7.88'>7.88</span>", "<span data-toggle='tooltip' data-placement='right' title='原始值：11.04066'>11.04</span>", "<span data-toggle='tooltip' data-placement='right' title='原始值：901.7383'>901.7</span>", "<span data-toggle='tooltip' data-placement='right' title='原始值：24.84953'>24.8</span>", "<span data-toggle='tooltip' data-placement='right' title='原始值：3.73'>3.73</span>", "<span data-toggle='tooltip' data-placement='right' title='原始值：0.13342'>0.133</span>", "*", "*", "*", "*", "正常"], ["山东省", "淮河流域", "<span data-toggle='tooltip' data-placement='right' title='所在地市:临沂市&#10;所属河流:白马河'>捷庄(涝沟桥)</span>", "03-03 08:00", "Ⅳ", "<span data-toggle='tooltip' data-placement='right' title='原始值：9.2'>9.2</span>", "<span data-toggle='tooltip' data-placement='right' title='原始值：8.04'>8.04</span>", "<span data-toggle='tooltip' data-placement='right' title='原始值：12.89968'>12.90</span>", "<span data-toggle='tooltip' data-placement='right' title='原始值：891'>891.0</span>", "<span data-toggle='tooltip' data-placement='right' title='原始值：12.19846'>12.2</span>", "<span data-toggle='tooltip' data-placement='right' title='原始值：6.31'>6.31</span>", "<span data-toggle='tooltip' data-placement='right' title='原始值：1.17402'>1.174</span>", "<span data-toggle='tooltip' data-placement='right' title='原始值：0.10663'>0.107</span>", "<span data-toggle='tooltip' data-placement='right' title='原始值：7.40849'>7.41</span>", "*", "*", "正常"], ["山东省", "海河流域", "<span data-toggle='tooltip' data-placement='right' title='所在地市:聊城市&#10;所属河流:卫运河'>秤勾湾(秤钩湾)</span>", null, "", "--", "--", "--", "--", "--", "--", "--", "--", "--", "*", "*", "停站"], ["河南省", "长江流域", "<span data-toggle='tooltip' data-placement='right' title='所在地市:南阳市&#10;所属河流:丹江口水库'>陶岔</span>", "03-03 08:00", "Ⅱ", "<span data-toggle='tooltip' data-placement='right' title='原始值：15.89'>15.9</span>", "<span data-toggle='tooltip' data-placement='right' title='原始值：7.86587'>7.87</span>", "<span data-toggle='tooltip' data-placement='right' title='原始值：8.85552'>8.86</span>", "<span data-toggle='tooltip' data-placement='right' title='原始值：273.5356'>273.5</span>", "<span data-toggle='tooltip' data-placement='right' title='原始值：2.00501'>2.0</span>", "<span data-toggle='tooltip' data-placement='right' title='原始值：2.18'>2.18</span>", "<span data-toggle='tooltip' data-placement='right' title='原始值：0.04139'>0.041</span>", "<span data-toggle='tooltip' data-placement='right' title='原始值：0.00925'>0.009</span>", "<span data-toggle='tooltip' data-placement='right' title='原始值：1.04766'>1.05</span>", "<span data-toggle='tooltip' data-placement='right' title='原始值：0.00406'>0.004</span>", "<span data-toggle='tooltip' data-placement='right' title='原始值：150038.3'>150038</span>", "正常"], ["河南省", "淮河流域", "<span data-toggle='tooltip' data-placement='right' title='所在地市:商丘市&#10;所属河流:浍河'>黄口</span>", "03-03 08:00", "Ⅲ", "<span data-toggle='tooltip' data-placement='right' title='原始值：10.1'>10.1</span>", "<span data-toggle='tooltip' data-placement='right' title='原始值：7.91004'>7.91</span>", "<span data-toggle='tooltip' data-placement='right' title='原始值：10.06242'>10.06</span>", "<span data-toggle='tooltip' data-placement='right' title='原始值：2444.5'>2444.5</span>", "<span data-toggle='tooltip' data-placement='right' title='原始值：54.78345'>54.8</span>", "<span data-toggle='tooltip' data-placement='right' title='原始值：4.32'>4.32</span>", "<span data-toggle='tooltip' data-placement='right' title='原始值：0.0414'>0.041</span>", "<span data-toggle='tooltip' data-placement='right' title='原始值：0.1045'>0.104</span>", "<span data-toggle='tooltip' data-placement='right' title='原始值：3.9785'>3.98</span>", "*", "*", "正常"], ["河南省", "淮河流域", "<span data-toggle='tooltip' data-placement='right' title='所在地市:信阳市&#10;所属河流:史灌河'>蒋集</span>", null, "", "--", "--", "--", "--", "--", "--", "--", "--", "--", "*", "*", "停站"], ["河南省", "淮河流域", "<span data-toggle='tooltip' data-placement='right' title='所在地市:信阳市&#10;所属河流:淮河'>息县大埠口</span>", null, "", "*", "--", "*", "*", "*", "*", "*", "*", "*", "*", "*", "维护"], ["河南省", "淮河流域", "<span data-toggle='tooltip' data-placement='right' title='所在地市:信阳市&#10;所属河流:淮河'>淮滨水文站(淮滨)</span>", "03-03 08:00", "", "<span data-toggle='tooltip' data-placement='right' title='原始值：12.44922'>12.4</span>", "<span data-toggle='tooltip' data-placement='right' title='原始值：7.82'>7.82</span>", "<span data-toggle='tooltip' data-placement='right' title='原始值：10.58'>10.58</span>", "<span data-toggle='tooltip' data-placement='right' title='极值过滤'>--</span>", "<span data-toggle='tooltip' data-placement='right' title='极值过滤'>--</span>", "<span data-toggle='tooltip' data-placement='right' title='极值过滤'>--</span>", "<span data-toggle='tooltip' data-placement='right' title='原始值：0.87582'>0.876</span>", "<span data-toggle='tooltip' data-placement='right' title='原始值：0.0655'>0.066</span>", "<span data-toggle='tooltip' data-placement='right' title='原始值：2.07469'>2.07</span>", "*", "*", "维护"], ["河南省", "淮河流域", "<span data-toggle='tooltip' data-placement='right' title='所在地市:周口市&#10;所属河流:沙河'>沈丘闸</span>", "03-03 08:00", "Ⅳ", "<span data-toggle='tooltip' data-placement='right' title='原始值：9.33672'>9.3</span>", "<span data-toggle='tooltip' data-placement='right' title='原始值：7.68857'>7.69</span>", "<span data-toggle='tooltip' data-placement='right' title='原始值：7.39638'>7.40</span>", "<span data-toggle='tooltip' data-placement='right' title='原始值：1040'>1040.0</span>", "<span data-toggle='tooltip' data-placement='right' title='原始值：35.54149'>35.5</span>", "<span data-toggle='tooltip' data-placement='right' title='原始值：4.31'>4.31</span>", "<span data-toggle='tooltip' data-placement='right' title='原始值：1.04'>1.040</span>", "*", "*", "*", "*", "正常"], ["河南省", "淮河流域", "<span data-toggle='tooltip' data-placement='right' title='所在地市:周口市&#10;所属河流:涡河'>鹿邑付桥(鹿邑付桥闸)</span>", "03-03 08:00", "", "<span data-toggle='tooltip' data-placement='right' title='原始值：10.99391'>11.0</span>", "<span data-toggle='tooltip' data-placement='right' title='原始值：8.46694'>8.47</span>", "<span data-toggle='tooltip' data-placement='right' title='原始值：9.66902'>9.67</span>", "<span data-toggle='tooltip' data-placement='right' title='原始值：1569.914'>1569.9</span>", "<span data-toggle='tooltip' data-placement='right' title='原始值：6.45299'>6.5</span>", "<span data-toggle='tooltip' data-placement='right' title='极值过滤'>--</span>", "<span data-toggle='tooltip' data-placement='right' title='极值过滤'>--</span>", "<span data-toggle='tooltip' data-placement='right' title='原始值：0.0557'>0.056</span>", "<span data-toggle='tooltip' data-placement='right' title='原始值：0.68376'>0.68</span>", "*", "*", "维护"], ["河南省", "淮河流域", "<span data-toggle='tooltip' data-placement='right' title='所在地市:驻马店市&#10;所属河流:洪河'>新蔡班台(班台)</span>", "03-03 08:00", "Ⅲ", "<span data-toggle='tooltip' data-placement='right' title='原始值：13.60607'>13.6</span>", "<span data-toggle='tooltip' data-placement='right' title='原始值：7.01964'>7.02</span>", "<span data-toggle='tooltip' data-placement='right' title='原始值：9.34562'>9.35</span>", "<span data-toggle='tooltip' data-placement='right' title='原始值：537.1984'>537.2</span>", "<span data-toggle='tooltip' data-placement='right' title='原始值：11.41026'>11.4</span>", "<span data-toggle='tooltip' data-placement='right' title='原始值：3.775'>3.78</span>", "<span data-toggle='tooltip' data-placement='right' title='原始值：0.71'>0.710</span>", "<span data-toggle='tooltip' data-placement='right' title='原始值：0.14651'>0.147</span>", "<span data-toggle='tooltip' data-placement='right' title='原始值：4.01128'>4.01</span>", "*", "*", "正常"], ["河南省", "黄河流域", "<span data-toggle='tooltip' data-placement='right' title='所在地市:济源市&#10;所属河流:黄河'>小浪底水库(小浪底)</span>", "03-03 08:00", "Ⅱ", "<span data-toggle='tooltip' data-placement='right' title='原始值：5.82048'>5.8</span>", "<span data-toggle='tooltip' data-placement='right' title='原始值：8.30586'>8.31</span>", "<span data-toggle='tooltip' data-placement='right' title='原始值：16.56881'>16.57</span>", "<span data-toggle='tooltip' data-placement='right' title='原始值：910.9948'>911.0</span>", "<span data-toggle='tooltip' data-placement='right' title='原始值：6.99279'>7.0</span>", "<span data-toggle='tooltip' data-placement='right' title='原始值：1.72625'>1.73</span>", "<span data-toggle='tooltip' data-placement='right' title='原始值：0.31'>0.310</span>", "<span data-toggle='tooltip' data-placement='right' title='原始值：0.044'>0.044</span>", "<span data-toggle='tooltip' data-placement='right' title='原始值：4.4125'>4.41</span>", "*", "*", "正常"], ["湖北省", "长江流域", "<span data-toggle='tooltip' data-placement='right' title='所在地市:武汉市&#10;所属河流:汉江'>宗关</span>", "03-03 08:00", "Ⅱ", "<span data-toggle='tooltip' data-placement='right' title='原始值：11.45'>11.4</span>", "<span data-toggle='tooltip' data-placement='right' title='原始值：7.85814'>7.86</span>", "<span data-toggle='tooltip' data-placement='right' title='原始值：10.57108'>10.57</span>", "<span data-toggle='tooltip' data-placement='right' title='原始值：312.4412'>312.4</span>", "<span data-toggle='tooltip' data-placement='right' title='原始值：23.06585'>23.1</span>", "<span data-toggle='tooltip' data-placement='right' title='原始值：2.05'>2.05</span>", "<span data-toggle='tooltip' data-placement='right' title='原始值：0.117'>0.117</span>", "<span data-toggle='tooltip' data-placement='right' title='原始值：0.062'>0.062</span>", "<span data-toggle='tooltip' data-placement='right' title='原始值：2.804608'>2.80</span>", "<span data-toggle='tooltip' data-placement='right' title='原始值：0.0016875'>0.002</span>", "*", "正常"], ["湖北省", "长江流域", "<span data-toggle='tooltip' data-placement='right' title='所在地市:十堰市&#10;所属河流:丹江口水库'>坝上中(胡家岭)</span>", "03-03 08:00", "Ⅱ", "<span data-toggle='tooltip' data-placement='right' title='原始值：10.79'>10.8</span>", "<span data-toggle='tooltip' data-placement='right' title='原始值：8.052285'>8.05</span>", "<span data-toggle='tooltip' data-placement='right' title='原始值：10.43958'>10.44</span>", "<span data-toggle='tooltip' data-placement='right' title='原始值：277.764'>277.8</span>", "<span data-toggle='tooltip' data-placement='right' title='原始值：2.468493'>2.5</span>", "<span data-toggle='tooltip' data-placement='right' title='原始值：2.13'>2.13</span>", "<span data-toggle='tooltip' data-placement='right' title='原始值：0.102'>0.102</span>", "<span data-toggle='tooltip' data-placement='right' title='原始值：0.014'>0.014</span>", "<span data-toggle='tooltip' data-placement='right' title='原始值：1.322'>1.32</span>", "<span data-toggle='tooltip' data-placement='right' title='原始值：0.0074348'>0.007</span>", "<span data-toggle='tooltip' data-placement='right' title='原始值：6959000'>6959000</span>", "正常"], ["湖北省", "长江流域", "<span data-toggle='tooltip' data-placement='right' title='所在地市:宜昌市&#10;所属河流:长江'>南津关</span>", "03-03 08:00", "Ⅱ", "<span data-toggle='tooltip' data-placement='right' title='原始值：12.96'>13.0</span>", "<span data-toggle='tooltip' data-placement='right' title='原始值：7.899442'>7.90</span>", "<span data-toggle='tooltip' data-placement='right' title='原始值：9.395757'>9.40</span>", "<span data-toggle='tooltip' data-placement='right' title='原始值：422.855'>422.9</span>", "<span data-toggle='tooltip' data-placement='right' title='原始值：2.413907'>2.4</span>", "<span data-toggle='tooltip' data-placement='right' title='原始值：1.07'>1.07</span>", "<span data-toggle='tooltip' data-placement='right' title='原始值：0.1'>0.100</span>", "<span data-toggle='tooltip' data-placement='right' title='原始值：0.051'>0.051</span>", "<span data-toggle='tooltip' data-placement='right' title='原始值：1.594'>1.59</span>", "<span data-toggle='tooltip' data-placement='right' title='原始值：0.0029177'>0.003</span>", "*", "正常"], ["湖南省", "长江流域", "<span data-toggle='tooltip' data-placement='right' title='所在地市:长沙市&#10;所属河流:湘江'>新港</span>", "03-03 08:00", "Ⅱ", "<span data-toggle='tooltip' data-placement='right' title='原始值：13.85'>13.8</span>", "<span data-toggle='tooltip' data-placement='right' title='原始值：7.2'>7.20</span>", "<span data-toggle='tooltip' data-placement='right' title='原始值：8.8'>8.80</span>", "<span data-toggle='tooltip' data-placement='right' title='原始值：287.89'>287.9</span>", "<span data-toggle='tooltip' data-placement='right' title='原始值：26.28'>26.3</span>", "<span data-toggle='tooltip' data-placement='right' title='原始值：2.25'>2.25</span>", "<span data-toggle='tooltip' data-placement='right' title='原始值：0.25'>0.250</span>", "<span data-toggle='tooltip' data-placement='right' title='原始值：0.045'>0.045</span>", "<span data-toggle='tooltip' data-placement='right' title='原始值：2.19'>2.19</span>", "*", "*", "正常"], ["湖南省", "长江流域", "<span data-toggle='tooltip' data-placement='right' title='所在地市:岳阳市&#10;所属河流:洞庭湖'>岳阳楼</span>", "03-03 08:00", "Ⅴ", "<span data-toggle='tooltip' data-placement='right' title='原始值：11.11'>11.1</span>", "<span data-toggle='tooltip' data-placement='right' title='原始值：7.999657'>8.00</span>", "<span data-toggle='tooltip' data-placement='right' title='原始值：9.021527'>9.02</span>", "<span data-toggle='tooltip' data-placement='right' title='原始值：275.0476'>275.0</span>", "<span data-toggle='tooltip' data-placement='right' title='原始值：50.44051'>50.4</span>", "<span data-toggle='tooltip' data-placement='right' title='原始值：1.8'>1.80</span>", "<span data-toggle='tooltip' data-placement='right' title='原始值：0.012'>0.012</span>", "<span data-toggle='tooltip' data-placement='right' title='原始值：0.106'>0.106</span>", "<span data-toggle='tooltip' data-placement='right' title='原始值：2.968'>2.97</span>", "<span data-toggle='tooltip' data-placement='right' title='原始值：0.0031719'>0.003</span>", "<span data-toggle='tooltip' data-placement='right' title='原始值：297.372'>297</span>", "正常"], ["湖南省", "长江流域", "<span data-toggle='tooltip' data-placement='right' title='所在地市:岳阳市&#10;所属河流:长江'>城陵矶</span>", "03-03 08:00", "Ⅲ", "<span data-toggle='tooltip' data-placement='right' title='原始值：11.93'>11.9</span>", "<span data-toggle='tooltip' data-placement='right' title='原始值：7.705451'>7.71</span>", "<span data-toggle='tooltip' data-placement='right' title='原始值：10.65338'>10.65</span>", "<span data-toggle='tooltip' data-placement='right' title='原始值：280.327'>280.3</span>", "<span data-toggle='tooltip' data-placement='right' title='原始值：59.23483'>59.2</span>", "<span data-toggle='tooltip' data-placement='right' title='原始值：2.66'>2.66</span>", "<span data-toggle='tooltip' data-placement='right' title='原始值：0.016'>0.016</span>", "<span data-toggle='tooltip' data-placement='right' title='原始值：0.124'>0.124</span>", "<span data-toggle='tooltip' data-placement='right' title='原始值：1.8989'>1.90</span>", "*", "*", "正常"], ["广东省", "珠江流域", "<span data-toggle='tooltip' data-placement='right' title='所在地市:清远市&#10;所属河流:北江'>七星岗</span>", "03-03 04:00", "Ⅱ", "<span data-toggle='tooltip' data-placement='right' title='原始值：19.61435'>19.6</span>", "<span data-toggle='tooltip' data-placement='right' title='原始值：7.42518'>7.43</span>", "<span data-toggle='tooltip' data-placement='right' title='原始值：8.18102'>8.18</span>", "<span data-toggle='tooltip' data-placement='right' title='原始值：297.2322'>297.2</span>", "<span data-toggle='tooltip' data-placement='right' title='原始值：11.15798'>11.2</span>", "<span data-toggle='tooltip' data-placement='right' title='原始值：0.04'>0.04</span>", "<span data-toggle='tooltip' data-placement='right' title='原始值：0.09361'>0.094</span>", "<span data-toggle='tooltip' data-placement='right' title='原始值：0.03198'>0.032</span>", "<span data-toggle='tooltip' data-placement='right' title='原始值：2.0573'>2.06</span>", "*", "*", "正常"], ["广东省", "珠江流域", "<span data-toggle='tooltip' data-placement='right' title='所在地市:中山市&#10;所属河流:西江'>横栏</span>", "03-03 08:00", "Ⅱ", "<span data-toggle='tooltip' data-placement='right' title='原始值：20.9'>20.9</span>", "<span data-toggle='tooltip' data-placement='right' title='原始值：7.63'>7.63</span>", "<span data-toggle='tooltip' data-placement='right' title='原始值：7.39'>7.39</span>", "<span data-toggle='tooltip' data-placement='right' title='原始值：334'>334.0</span>", "<span data-toggle='tooltip' data-placement='right' title='原始值：24.7'>24.7</span>", "<span data-toggle='tooltip' data-placement='right' title='原始值：1.67'>1.67</span>", "<span data-toggle='tooltip' data-placement='right' title='原始值：0.16307'>0.163</span>", "*", "*", "*", "*", "正常"], ["广西壮族自治区", "珠江流域", "<span data-toggle='tooltip' data-placement='right' title='所在地市:南宁市&#10;所属河流:邕江'>老口</span>", "03-03 08:00", "Ⅱ", "<span data-toggle='tooltip' data-placement='right' title='原始值：20.09231'>20.1</span>", "<span data-toggle='tooltip' data-placement='right' title='原始值：7.73512'>7.74</span>", "<span data-toggle='tooltip' data-placement='right' title='原始值：8.34622'>8.35</span>", "<span data-toggle='tooltip' data-placement='right' title='原始值：287.9018'>287.9</span>", "<span data-toggle='tooltip' data-placement='right' title='原始值：4.84428'>4.8</span>", "<span data-toggle='tooltip' data-placement='right' title='原始值：1.41332'>1.41</span>", "<span data-toggle='tooltip' data-placement='right' title='原始值：0.16892'>0.169</span>", "<span data-toggle='tooltip' data-placement='right' title='原始值：0.01433'>0.014</span>", "<span data-toggle='tooltip' data-placement='right' title='原始值：1.16737'>1.17</span>", "*", "*", "正常"], ["广西壮族自治区", "珠江流域", "<span data-toggle='tooltip' data-placement='right' title='所在地市:桂林市&#10;所属河流:漓江'>阳朔</span>", "03-03 08:00", "Ⅱ", "<span data-toggle='tooltip' data-placement='right' title='原始值：16.7'>16.7</span>", "<span data-toggle='tooltip' data-placement='right' title='原始值：7.43'>7.43</span>", "<span data-toggle='tooltip' data-placement='right' title='原始值：9.471'>9.47</span>", "<span data-toggle='tooltip' data-placement='right' title='原始值：174.2'>174.2</span>", "<span data-toggle='tooltip' data-placement='right' title='原始值：1.309'>1.3</span>", "<span data-toggle='tooltip' data-placement='right' title='原始值：1.062'>1.06</span>", "<span data-toggle='tooltip' data-placement='right' title='原始值：0.021'>0.021</span>", "<span data-toggle='tooltip' data-placement='right' title='原始值：0.028'>0.028</span>", "<span data-toggle='tooltip' data-placement='right' title='原始值：1.933'>1.93</span>", "*", "*", "正常"], ["广西壮族自治区", "珠江流域", "<span data-toggle='tooltip' data-placement='right' title='所在地市:梧州市&#10;所属河流:浔江'>界首</span>", null, "", "--", "--", "--", "--", "--", "--", "--", "--", "--", "*", "*", "停站"], ["广西壮族自治区", "珠江流域", "<span data-toggle='tooltip' data-placement='right' title='所在地市:贵港市&#10;所属河流:浔江'>石嘴</span>", "03-03 08:00", "Ⅱ", "<span data-toggle='tooltip' data-placement='right' title='原始值：20.59484'>20.6</span>", "<span data-toggle='tooltip' data-placement='right' title='原始值：7.91236'>7.91</span>", "<span data-toggle='tooltip' data-placement='right' title='原始值：8.132'>8.13</span>", "<span data-toggle='tooltip' data-placement='right' title='原始值：312.888'>312.9</span>", "<span data-toggle='tooltip' data-placement='right' title='原始值：6.55542'>6.6</span>", "<span data-toggle='tooltip' data-placement='right' title='原始值：1.09'>1.09</span>", "<span data-toggle='tooltip' data-placement='right' title='原始值：0.21'>0.210</span>", "<span data-toggle='tooltip' data-placement='right' title='原始值：0.01755'>0.018</span>", "<span data-toggle='tooltip' data-placement='right' title='原始值：1.063'>1.06</span>", "*", "*", "正常"], ["广西壮族自治区", "珠江流域", "<span data-toggle='tooltip' data-placement='right' title='所在地市:崇左市&#10;所属河流:平而河'>平而关</span>", "03-03 08:00", "Ⅱ", "<span data-toggle='tooltip' data-placement='right' title='原始值：20.38071'>20.4</span>", "<span data-toggle='tooltip' data-placement='right' title='原始值：7.92937'>7.93</span>", "<span data-toggle='tooltip' data-placement='right' title='原始值：8.56176'>8.56</span>", "<span data-toggle='tooltip' data-placement='right' title='原始值：239.4559'>239.5</span>", "<span data-toggle='tooltip' data-placement='right' title='原始值：19.58418'>19.6</span>", "<span data-toggle='tooltip' data-placement='right' title='原始值：1.135'>1.14</span>", "<span data-toggle='tooltip' data-placement='right' title='原始值：0.44'>0.440</span>", "*", "*", "*", "*", "正常"], ["重庆市", "长江流域", "<span data-toggle='tooltip' data-placement='right' title='所在地市:永川区&#10;所属河流:长江'>朱沱</span>", "03-03 08:00", "Ⅱ", "<span data-toggle='tooltip' data-placement='right' title='原始值：13.69'>13.7</span>", "<span data-toggle='tooltip' data-placement='right' title='原始值：7.7'>7.70</span>", "<span data-toggle='tooltip' data-placement='right' title='原始值：10.52'>10.52</span>", "<span data-toggle='tooltip' data-placement='right' title='原始值：450.1'>450.1</span>", "<span data-toggle='tooltip' data-placement='right' title='原始值：117.03'>117.0</span>", "<span data-toggle='tooltip' data-placement='right' title='原始值：1.047'>1.05</span>", "<span data-toggle='tooltip' data-placement='right' title='原始值：0.015'>0.015</span>", "<span data-toggle='tooltip' data-placement='right' title='原始值：0.057'>0.057</span>", "<span data-toggle='tooltip' data-placement='right' title='原始值：1.59'>1.59</span>", "*", "*", "正常"], ["四川省", "长江流域", "<span data-toggle='tooltip' data-placement='right' title='所在地市:攀枝花市&#10;所属河流:金沙江'>龙洞</span>", "03-03 08:00", "Ⅰ", "<span data-toggle='tooltip' data-placement='right' title='原始值：12.6'>12.6</span>", "<span data-toggle='tooltip' data-placement='right' title='原始值：8.397336'>8.40</span>", "<span data-toggle='tooltip' data-placement='right' title='原始值：9.216921'>9.22</span>", "<span data-toggle='tooltip' data-placement='right' title='原始值：787.298'>787.3</span>", "<span data-toggle='tooltip' data-placement='right' title='原始值：2.646926'>2.6</span>", "<span data-toggle='tooltip' data-placement='right' title='原始值：0.88'>0.88</span>", "<span data-toggle='tooltip' data-placement='right' title='原始值：0.002'>0.002</span>", "<span data-toggle='tooltip' data-placement='right' title='原始值：0.0057651'>0.006</span>", "<span data-toggle='tooltip' data-placement='right' title='原始值：0.722425'>0.72</span>", "*", "*", "正常"], ["四川省", "长江流域", "<span data-toggle='tooltip' data-placement='right' title='所在地市:泸州市&#10;所属河流:沱江'>沱江大桥(沱江二桥)</span>", "03-03 08:00", "Ⅱ", "<span data-toggle='tooltip' data-placement='right' title='原始值：15.61'>15.6</span>", "<span data-toggle='tooltip' data-placement='right' title='原始值：8.112448'>8.11</span>", "<span data-toggle='tooltip' data-placement='right' title='原始值：9.297434'>9.30</span>", "<span data-toggle='tooltip' data-placement='right' title='原始值：596.6274'>596.6</span>", "<span data-toggle='tooltip' data-placement='right' title='原始值：14.25896'>14.3</span>", "<span data-toggle='tooltip' data-placement='right' title='原始值：2.55'>2.55</span>", "<span data-toggle='tooltip' data-placement='right' title='原始值：0.089'>0.089</span>", "<span data-toggle='tooltip' data-placement='right' title='原始值：0.0698754'>0.070</span>", "<span data-toggle='tooltip' data-placement='right' title='原始值：3.23584'>3.24</span>", "*", "*", "正常"], ["四川省", "长江流域", "<span data-toggle='tooltip' data-placement='right' title='所在地市:广元市&#10;所属河流:嘉陵江'>清风峡</span>", "03-03 08:00", "Ⅰ", "<span data-toggle='tooltip' data-placement='right' title='原始值：10.99074'>11.0</span>", "<span data-toggle='tooltip' data-placement='right' title='原始值：8.15001'>8.15</span>", "<span data-toggle='tooltip' data-placement='right' title='原始值：11.40473'>11.40</span>", "<span data-toggle='tooltip' data-placement='right' title='原始值：428.3889'>428.4</span>", "<span data-toggle='tooltip' data-placement='right' title='原始值：30.93147'>30.9</span>", "<span data-toggle='tooltip' data-placement='right' title='原始值：0.47'>0.47</span>", "<span data-toggle='tooltip' data-placement='right' title='原始值：0.03255'>0.033</span>", "*", "*", "*", "*", "正常"], ["四川省", "长江流域", "<span data-toggle='tooltip' data-placement='right' title='所在地市:乐山市&#10;所属河流:岷江'>岷江大桥</span>", null, "", "--", "--", "--", "--", "--", "--", "--", "--", "--", "*", "*", "停站"], ["四川省", "长江流域", "<span data-toggle='tooltip' data-placement='right' title='所在地市:宜宾市&#10;所属河流:岷江'>凉姜沟</span>", null, "", "--", "--", "--", "--", "--", "--", "--", "--", "--", "*", "*", "停站"], ["云南省", "滇池流域", "<span data-toggle='tooltip' data-placement='right' title='所在地市:昆明市&#10;所属河流:滇池'>西苑隧道</span>", "03-03 08:00", "Ⅳ", "<span data-toggle='tooltip' data-placement='right' title='原始值：15.17'>15.2</span>", "<span data-toggle='tooltip' data-placement='right' title='原始值：8.34119'>8.34</span>", "<span data-toggle='tooltip' data-placement='right' title='原始值：9.579'>9.58</span>", "<span data-toggle='tooltip' data-placement='right' title='原始值：757.136'>757.1</span>", "<span data-toggle='tooltip' data-placement='right' title='原始值：15.229'>15.2</span>", "<span data-toggle='tooltip' data-placement='right' title='原始值：7.05073'>7.05</span>", "<span data-toggle='tooltip' data-placement='right' title='原始值：0.02176'>0.022</span>", "<span data-toggle='tooltip' data-placement='right' title='原始值：0.07508'>0.075</span>", "<span data-toggle='tooltip' data-placement='right' title='原始值：4.76276'>4.76</span>", "<span data-toggle='tooltip' data-placement='right' title='原始值：0.00241'>0.002</span>", "<span data-toggle='tooltip' data-placement='right' title='原始值：3745740'>3745740</span>", "正常"], ["云南省", "滇池流域", "<span data-toggle='tooltip' data-placement='right' title='所在地市:昆明市&#10;所属河流:滇池'>观音山</span>", "03-03 08:00", "Ⅳ", "<span data-toggle='tooltip' data-placement='right' title='原始值：14.24197'>14.2</span>", "<span data-toggle='tooltip' data-placement='right' title='原始值：8.50778'>8.51</span>", "<span data-toggle='tooltip' data-placement='right' title='原始值：8'>8.00</span>", "<span data-toggle='tooltip' data-placement='right' title='原始值：454.27'>454.3</span>", "<span data-toggle='tooltip' data-placement='right' title='原始值：60.139'>60.1</span>", "<span data-toggle='tooltip' data-placement='right' title='原始值：5.80976'>5.81</span>", "<span data-toggle='tooltip' data-placement='right' title='原始值：0.51'>0.510</span>", "<span data-toggle='tooltip' data-placement='right' title='原始值：0.0732'>0.073</span>", "<span data-toggle='tooltip' data-placement='right' title='原始值：1.76'>1.76</span>", "<span data-toggle='tooltip' data-placement='right' title='原始值：0.03183'>0.032</span>", "<span data-toggle='tooltip' data-placement='right' title='原始值：2.732322E+07'>27323220</span>", "正常"], ["云南省", "西南诸河", "<span data-toggle='tooltip' data-placement='right' title='所在地市:红河哈尼族彝族自治州&#10;所属河流:红河'>河口县医院(河口)</span>", "03-03 08:00", "Ⅱ", "<span data-toggle='tooltip' data-placement='right' title='原始值：21.60866'>21.6</span>", "<span data-toggle='tooltip' data-placement='right' title='原始值：8.26558'>8.27</span>", "<span data-toggle='tooltip' data-placement='right' title='原始值：8.64903'>8.65</span>", "<span data-toggle='tooltip' data-placement='right' title='原始值：209.5476'>209.5</span>", "<span data-toggle='tooltip' data-placement='right' title='原始值：31.92903'>31.9</span>", "<span data-toggle='tooltip' data-placement='right' title='原始值：0.86877'>0.87</span>", "<span data-toggle='tooltip' data-placement='right' title='原始值：0.07698'>0.077</span>", "<span data-toggle='tooltip' data-placement='right' title='原始值：0.02546'>0.025</span>", "<span data-toggle='tooltip' data-placement='right' title='原始值：1.1039'>1.10</span>", "*", "*", "正常"], ["云南省", "西南诸河", "<span data-toggle='tooltip' data-placement='right' title='所在地市:西双版纳傣族自治州&#10;所属河流:澜沧江'>橄榄坝</span>", "03-03 08:00", "Ⅱ", "<span data-toggle='tooltip' data-placement='right' title='原始值：16.653'>16.7</span>", "<span data-toggle='tooltip' data-placement='right' title='原始值：7.62'>7.62</span>", "<span data-toggle='tooltip' data-placement='right' title='原始值：6.606'>6.61</span>", "<span data-toggle='tooltip' data-placement='right' title='原始值：561.967'>562.0</span>", "<span data-toggle='tooltip' data-placement='right' title='原始值：3.92'>3.9</span>", "<span data-toggle='tooltip' data-placement='right' title='原始值：0.653'>0.65</span>", "<span data-toggle='tooltip' data-placement='right' title='原始值：0.065'>0.065</span>", "*", "*", "*", "*", "正常"], ["陕西省", "黄河流域", "<span data-toggle='tooltip' data-placement='right' title='所在地市:渭南市&#10;所属河流:渭河'>潼关吊桥</span>", "03-03 08:00", "Ⅲ", "<span data-toggle='tooltip' data-placement='right' title='原始值：9.95'>10.0</span>", "<span data-toggle='tooltip' data-placement='right' title='原始值：8.16984'>8.17</span>", "<span data-toggle='tooltip' data-placement='right' title='原始值：9.17484'>9.17</span>", "<span data-toggle='tooltip' data-placement='right' title='原始值：1469.485'>1469.5</span>", "<span data-toggle='tooltip' data-placement='right' title='原始值：179.7998'>179.8</span>", "<span data-toggle='tooltip' data-placement='right' title='原始值：4.52'>4.52</span>", "<span data-toggle='tooltip' data-placement='right' title='原始值：0.44'>0.440</span>", "<span data-toggle='tooltip' data-placement='right' title='原始值：0.14354'>0.144</span>", "<span data-toggle='tooltip' data-placement='right' title='原始值：7.60628'>7.61</span>", "*", "*", "正常"]]}