{"result": 1, "total": 1, "records": 98, "thead": ["省份", "流域", "断面名称", "监测时间", "水质类别", "水温<br/><span class='unit'>(℃)</span>", "pH<br/><span class='unit'>(无量纲)</span>", "溶解氧<br/><span class='unit'>(mg/L)</span>", "电导率<br/><span class='unit'>(μS/cm)</span>", "浊度<br/><span class='unit'>(NTU)</span>", "高锰酸盐指数<br/><span class='unit'>(mg/L)</span>", "氨氮<br/><span class='unit'>(mg/L)</span>", "总磷<br/><span class='unit'>(mg/L)</span>", "总氮<br/><span class='unit'>(mg/L)</span>", "叶绿素α<br/><span class='unit'>(mg/L)</span>", "藻密度<br/><span class='unit'>(cells/L)</span>", "站点情况"], "tbody": [["北京市", "海河流域", "<span data-toggle='tooltip' data-placement='right' title='所在地市:门头沟区&#10;所属河流:永定河'>沿河城</span>", null, "", "--", "--", "--", "--", "--", "--", "--", "--", "--", "*", "*", "维护"], ["北京市", "海河流域", "<span data-toggle='tooltip' data-placement='right' title='所在地市:密云区&#10;所属河流:潮河'>古北口</span>", "06-01 08:00", "", "<span data-toggle='tooltip' data-placement='right' title='原始值：19.31372'>19.3</span>", "<span data-toggle='tooltip' data-placement='right' title='原始值：7.19921'>7.20</span>", "<span data-toggle='tooltip' data-placement='right' title='原始值：8.14542'>8.15</span>", "<span data-toggle='tooltip' data-placement='right' title='原始值：607.8678'>607.9</span>", "<span data-toggle='tooltip' data-placement='right' title='原始值：4.98016'>5.0</span>", "<span data-toggle='tooltip' data-placement='right' title='原始值：1.1475'>1.15</span>", "<span data-toggle='tooltip' data-placement='right' title='原始值：0.26'>0.260</span>", "<span data-toggle='tooltip' data-placement='right' title='极值过滤'>--</span>", "<span data-toggle='tooltip' data-placement='right' title='原始值：3.5559'>3.56</span>", "*", "*", "维护"], ["天津市", "海河流域", "<span data-toggle='tooltip' data-placement='right' title='所在地市:河北区&#10;所属河流:海河'>三岔口</span>", "06-01 08:00", "劣Ⅴ", "<span data-toggle='tooltip' data-placement='right' title='原始值：23.9722'>24.0</span>", "<span data-toggle='tooltip' data-placement='right' title='原始值：7.7885'>7.79</span>", "<span data-toggle='tooltip' data-placement='right' title='原始值：7.262'>7.26</span>", "<span data-toggle='tooltip' data-placement='right' title='原始值：256.9341'>256.9</span>", "<span data-toggle='tooltip' data-placement='right' title='原始值：19.371'>19.4</span>", "<span data-toggle='tooltip' data-placement='right' title='原始值：2.67'>2.67</span>", "<span data-toggle='tooltip' data-placement='right' title='原始值：0.32'>0.320</span>", "<span data-toggle='tooltip' data-placement='right' title='原始值：1.9633'>1.963</span>", "<span data-toggle='tooltip' data-placement='right' title='原始值：1.1355'>1.14</span>", "*", "*", "正常"], ["天津市", "海河流域", "<span data-toggle='tooltip' data-placement='right' title='所在地市:蓟州区&#10;所属河流:果河'>果河桥</span>", "06-01 08:00", "Ⅱ", "<span data-toggle='tooltip' data-placement='right' title='原始值：20.4'>20.4</span>", "<span data-toggle='tooltip' data-placement='right' title='原始值：8.524'>8.52</span>", "<span data-toggle='tooltip' data-placement='right' title='原始值：9.45'>9.45</span>", "<span data-toggle='tooltip' data-placement='right' title='原始值：599.19'>599.2</span>", "<span data-toggle='tooltip' data-placement='right' title='原始值：4.525'>4.5</span>", "<span data-toggle='tooltip' data-placement='right' title='原始值：2.2926'>2.29</span>", "<span data-toggle='tooltip' data-placement='right' title='原始值：0.09'>0.090</span>", "<span data-toggle='tooltip' data-placement='right' title='原始值：0.0293'>0.029</span>", "<span data-toggle='tooltip' data-placement='right' title='原始值：3.0526'>3.05</span>", "*", "*", "正常"], ["河北省", "海河流域", "<span data-toggle='tooltip' data-placement='right' title='所在地市:石家庄市&#10;所属河流:滹沱河'>岗南水库</span>", "06-01 08:00", "Ⅱ", "<span data-toggle='tooltip' data-placement='right' title='原始值：23.09854'>23.1</span>", "<span data-toggle='tooltip' data-placement='right' title='原始值：8.24509'>8.25</span>", "<span data-toggle='tooltip' data-placement='right' title='原始值：8.85789'>8.86</span>", "<span data-toggle='tooltip' data-placement='right' title='原始值：553.5721'>553.6</span>", "<span data-toggle='tooltip' data-placement='right' title='原始值：4.01511'>4.0</span>", "<span data-toggle='tooltip' data-placement='right' title='原始值：2.16674'>2.17</span>", "<span data-toggle='tooltip' data-placement='right' title='原始值：0.1'>0.100</span>", "<span data-toggle='tooltip' data-placement='right' title='原始值：0.02336'>0.023</span>", "<span data-toggle='tooltip' data-placement='right' title='原始值：2.24824'>2.25</span>", "*", "*", "正常"], ["河北省", "海河流域", "<span data-toggle='tooltip' data-placement='right' title='所在地市:张家口市&#10;所属河流:永定河'>八号桥</span>", null, "", "--", "--", "--", "--", "--", "--", "--", "--", "--", "*", "*", "停站"], ["山西省", "黄河流域", "<span data-toggle='tooltip' data-placement='right' title='所在地市:运城市&#10;所属河流:汾河'>河津大桥</span>", "06-01 08:00", "Ⅴ", "<span data-toggle='tooltip' data-placement='right' title='原始值：25.08407'>25.1</span>", "<span data-toggle='tooltip' data-placement='right' title='原始值：7.98707'>7.99</span>", "<span data-toggle='tooltip' data-placement='right' title='原始值：6.30547'>6.31</span>", "<span data-toggle='tooltip' data-placement='right' title='原始值：1449.722'>1449.7</span>", "<span data-toggle='tooltip' data-placement='right' title='原始值：363.0784'>363.1</span>", "<span data-toggle='tooltip' data-placement='right' title='原始值：11.9'>11.90</span>", "<span data-toggle='tooltip' data-placement='right' title='原始值：0.07'>0.070</span>", "*", "*", "*", "*", "正常"], ["山西省", "黄河流域", "<span data-toggle='tooltip' data-placement='right' title='所在地市:忻州市&#10;所属河流:黄河'>万家寨水库</span>", "06-01 08:00", "Ⅳ", "<span data-toggle='tooltip' data-placement='right' title='原始值：19.666'>19.7</span>", "<span data-toggle='tooltip' data-placement='right' title='原始值：8.20163'>8.20</span>", "<span data-toggle='tooltip' data-placement='right' title='原始值：9.62657'>9.63</span>", "<span data-toggle='tooltip' data-placement='right' title='原始值：953.2433'>953.2</span>", "<span data-toggle='tooltip' data-placement='right' title='原始值：13.33274'>13.3</span>", "<span data-toggle='tooltip' data-placement='right' title='原始值：6.05'>6.05</span>", "<span data-toggle='tooltip' data-placement='right' title='原始值：0.26'>0.260</span>", "<span data-toggle='tooltip' data-placement='right' title='原始值：0.00025'>0.0002</span>", "<span data-toggle='tooltip' data-placement='right' title='原始值：1.875'>1.88</span>", "*", "*", "正常"], ["内蒙古自治区", "黄河流域", "<span data-toggle='tooltip' data-placement='right' title='所在地市:包头市&#10;所属河流:黄河'>画匠营子</span>", "06-01 08:00", "Ⅱ", "<span data-toggle='tooltip' data-placement='right' title='原始值：15.76699'>15.8</span>", "<span data-toggle='tooltip' data-placement='right' title='原始值：7.72043'>7.72</span>", "<span data-toggle='tooltip' data-placement='right' title='原始值：8.01507'>8.02</span>", "<span data-toggle='tooltip' data-placement='right' title='原始值：978.5944'>978.6</span>", "<span data-toggle='tooltip' data-placement='right' title='原始值：1029.631'>1029.6</span>", "<span data-toggle='tooltip' data-placement='right' title='原始值：3.9826'>3.98</span>", "<span data-toggle='tooltip' data-placement='right' title='原始值：0.03596'>0.036</span>", "*", "*", "*", "*", "正常"], ["内蒙古自治区", "黄河流域", "<span data-toggle='tooltip' data-placement='right' title='所在地市:乌海市&#10;所属河流:黄河'>海勃湾</span>", "06-01 08:05", "", "<span data-toggle='tooltip' data-placement='right' title='原始值：19.2978'>19.3</span>", "<span data-toggle='tooltip' data-placement='right' title='原始值：8.29403'>8.29</span>", "<span data-toggle='tooltip' data-placement='right' title='原始值：6.67993'>6.68</span>", "<span data-toggle='tooltip' data-placement='right' title='原始值：795.689'>795.7</span>", "<span data-toggle='tooltip' data-placement='right' title='原始值：30.50908'>30.5</span>", "<span data-toggle='tooltip' data-placement='right' title='原始值：3.05'>3.05</span>", "<span data-toggle='tooltip' data-placement='right' title='极值过滤'>--</span>", "*", "*", "*", "*", "维护"], ["内蒙古自治区", "松花江流域", "<span data-toggle='tooltip' data-placement='right' title='所在地市:呼伦贝尔市&#10;所属河流:额尔古纳河'>黑山头</span>", null, "", "--", "--", "--", "--", "--", "--", "--", "--", "--", "*", "*", "停站"], ["辽宁省", "辽河流域", "<span data-toggle='tooltip' data-placement='right' title='所在地市:抚顺市&#10;所属河流:浑河'>大伙房水库</span>", "06-01 08:00", "", "<span data-toggle='tooltip' data-placement='right' title='原始值：15.94016'>15.9</span>", "<span data-toggle='tooltip' data-placement='right' title='原始值：6.66664'>6.67</span>", "<span data-toggle='tooltip' data-placement='right' title='原始值：10.4639'>10.46</span>", "<span data-toggle='tooltip' data-placement='right' title='原始值：354.9561'>355.0</span>", "<span data-toggle='tooltip' data-placement='right' title='原始值：4.13324'>4.1</span>", "<span data-toggle='tooltip' data-placement='right' title='原始值：2.43'>2.43</span>", "<span data-toggle='tooltip' data-placement='right' title='原始值：0.09'>0.090</span>", "<span data-toggle='tooltip' data-placement='right' title='极值过滤'>--</span>", "<span data-toggle='tooltip' data-placement='right' title='极值过滤'>--</span>", "<span data-toggle='tooltip' data-placement='right' title='原始值：0.00085'>0.001</span>", "*", "维护"], ["辽宁省", "辽河流域", "<span data-toggle='tooltip' data-placement='right' title='所在地市:丹东市&#10;所属河流:鸭绿江'>江桥</span>", null, "", "--", "--", "--", "--", "--", "--", "--", "--", "--", "*", "*", "维护"], ["辽宁省", "辽河流域", "<span data-toggle='tooltip' data-placement='right' title='所在地市:营口市&#10;所属河流:大辽河'>辽河公园</span>", "06-01 08:05", "Ⅳ", "<span data-toggle='tooltip' data-placement='right' title='原始值：18.91089'>18.9</span>", "<span data-toggle='tooltip' data-placement='right' title='原始值：6.82701'>6.83</span>", "<span data-toggle='tooltip' data-placement='right' title='原始值：8.44277'>8.44</span>", "<span data-toggle='tooltip' data-placement='right' title='原始值：1331.123'>1331.1</span>", "<span data-toggle='tooltip' data-placement='right' title='原始值：167.5538'>167.6</span>", "<span data-toggle='tooltip' data-placement='right' title='原始值：6.4071'>6.41</span>", "<span data-toggle='tooltip' data-placement='right' title='原始值：0.09808'>0.098</span>", "<span data-toggle='tooltip' data-placement='right' title='原始值：0.2157'>0.216</span>", "<span data-toggle='tooltip' data-placement='right' title='原始值：6.13026'>6.13</span>", "*", "*", "正常"], ["辽宁省", "辽河流域", "<span data-toggle='tooltip' data-placement='right' title='所在地市:辽阳市&#10;所属河流:太子河'>汤河水库</span>", "06-01 08:00", "", "<span data-toggle='tooltip' data-placement='right' title='原始值：14.9'>14.9</span>", "<span data-toggle='tooltip' data-placement='right' title='原始值：8.02'>8.02</span>", "<span data-toggle='tooltip' data-placement='right' title='原始值：6.53'>6.53</span>", "<span data-toggle='tooltip' data-placement='right' title='原始值：493.9082'>493.9</span>", "<span data-toggle='tooltip' data-placement='right' title='原始值：149.8127'>149.8</span>", "<span data-toggle='tooltip' data-placement='right' title='原始值：1.16'>1.16</span>", "<span data-toggle='tooltip' data-placement='right' title='原始值：0.03984'>0.040</span>", "<span data-toggle='tooltip' data-placement='right' title='极值过滤'>--</span>", "<span data-toggle='tooltip' data-placement='right' title='原始值：1.89118'>1.89</span>", "*", "*", "维护"], ["辽宁省", "辽河流域", "<span data-toggle='tooltip' data-placement='right' title='所在地市:盘锦市&#10;所属河流:辽河'>盘锦兴安(兴安)</span>", "06-01 08:00", "", "<span data-toggle='tooltip' data-placement='right' title='原始值：18.51378'>18.5</span>", "<span data-toggle='tooltip' data-placement='right' title='原始值：6.86175'>6.86</span>", "<span data-toggle='tooltip' data-placement='right' title='原始值：8.2082'>8.21</span>", "<span data-toggle='tooltip' data-placement='right' title='原始值：772.6913'>772.7</span>", "<span data-toggle='tooltip' data-placement='right' title='原始值：57.74478'>57.7</span>", "<span data-toggle='tooltip' data-placement='right' title='极值过滤'>--</span>", "<span data-toggle='tooltip' data-placement='right' title='极值过滤'>--</span>", "<span data-toggle='tooltip' data-placement='right' title='原始值：0.09773'>0.098</span>", "<span data-toggle='tooltip' data-placement='right' title='极值过滤'>--</span>", "*", "*", "维护"], ["辽宁省", "辽河流域", "<span data-toggle='tooltip' data-placement='right' title='所在地市:铁岭市&#10;所属河流:辽河'>珠尔山</span>", "06-01 08:00", "", "<span data-toggle='tooltip' data-placement='right' title='原始值：18.98209'>19.0</span>", "<span data-toggle='tooltip' data-placement='right' title='原始值：8.07157'>8.07</span>", "<span data-toggle='tooltip' data-placement='right' title='原始值：8.28347'>8.28</span>", "<span data-toggle='tooltip' data-placement='right' title='原始值：454.5069'>454.5</span>", "<span data-toggle='tooltip' data-placement='right' title='原始值：24.88652'>24.9</span>", "<span data-toggle='tooltip' data-placement='right' title='极值过滤'>--</span>", "<span data-toggle='tooltip' data-placement='right' title='原始值：0.45'>0.450</span>", "<span data-toggle='tooltip' data-placement='right' title='原始值：0.06319'>0.063</span>", "<span data-toggle='tooltip' data-placement='right' title='原始值：3.44771'>3.45</span>", "*", "*", "维护"], ["吉林省", "松花江流域", "<span data-toggle='tooltip' data-placement='right' title='所在地市:长春市&#10;所属河流:松花江'>松花江村</span>", null, "", "--", "--", "--", "--", "--", "--", "--", "--", "--", "*", "*", "维护"], ["吉林省", "松花江流域", "<span data-toggle='tooltip' data-placement='right' title='所在地市:白城市&#10;所属河流:嫩江'>白沙滩</span>", null, "", "--", "--", "--", "--", "--", "--", "--", "--", "--", "*", "*", "维护"], ["吉林省", "松花江流域", "<span data-toggle='tooltip' data-placement='right' title='所在地市:延边朝鲜族自治州&#10;所属河流:图们江'>圈河</span>", "06-01 08:00", "Ⅲ", "<span data-toggle='tooltip' data-placement='right' title='原始值：19.8'>19.8</span>", "<span data-toggle='tooltip' data-placement='right' title='原始值：7.615'>7.62</span>", "<span data-toggle='tooltip' data-placement='right' title='原始值：6.50516'>6.51</span>", "<span data-toggle='tooltip' data-placement='right' title='原始值：166.0002'>166.0</span>", "<span data-toggle='tooltip' data-placement='right' title='原始值：77.00001'>77.0</span>", "<span data-toggle='tooltip' data-placement='right' title='原始值：3.9'>3.90</span>", "<span data-toggle='tooltip' data-placement='right' title='原始值：0.14281'>0.143</span>", "<span data-toggle='tooltip' data-placement='right' title='原始值：0.11064'>0.111</span>", "<span data-toggle='tooltip' data-placement='right' title='原始值：1.522'>1.52</span>", "*", "*", "正常"], ["黑龙江省", "松花江流域", "<span data-toggle='tooltip' data-placement='right' title='所在地市:大庆市&#10;所属河流:松花江'>肇源</span>", null, "", "--", "--", "--", "--", "--", "--", "--", "--", "--", "*", "*", "维护"], ["黑龙江省", "松花江流域", "<span data-toggle='tooltip' data-placement='right' title='所在地市:佳木斯市&#10;所属河流:乌苏里江'>乌苏镇</span>", null, "", "--", "--", "--", "--", "--", "--", "--", "--", "--", "*", "*", "维护"], ["黑龙江省", "松花江流域", "<span data-toggle='tooltip' data-placement='right' title='所在地市:佳木斯市&#10;所属河流:松花江'>同江</span>", "06-01 08:00", "Ⅳ", "<span data-toggle='tooltip' data-placement='right' title='原始值：17.39064'>17.4</span>", "<span data-toggle='tooltip' data-placement='right' title='原始值：7.62501'>7.63</span>", "<span data-toggle='tooltip' data-placement='right' title='原始值：9.50002'>9.50</span>", "<span data-toggle='tooltip' data-placement='right' title='原始值：257.813'>257.8</span>", "<span data-toggle='tooltip' data-placement='right' title='原始值：109.5021'>109.5</span>", "<span data-toggle='tooltip' data-placement='right' title='原始值：6.15854'>6.16</span>", "<span data-toggle='tooltip' data-placement='right' title='原始值：0.12108'>0.121</span>", "<span data-toggle='tooltip' data-placement='right' title='原始值：0.15918'>0.159</span>", "<span data-toggle='tooltip' data-placement='right' title='原始值：2.63703'>2.64</span>", "*", "*", "正常"], ["黑龙江省", "松花江流域", "<span data-toggle='tooltip' data-placement='right' title='所在地市:黑河市&#10;所属河流:黑龙江'>黑河下(黑河)</span>", "06-01 08:05", "", "<span data-toggle='tooltip' data-placement='right' title='原始值：15.73779'>15.7</span>", "<span data-toggle='tooltip' data-placement='right' title='原始值：5.99834'>6.00</span>", "<span data-toggle='tooltip' data-placement='right' title='原始值：7.61035'>7.61</span>", "<span data-toggle='tooltip' data-placement='right' title='原始值：214.0484'>214.0</span>", "<span data-toggle='tooltip' data-placement='right' title='原始值：21.84081'>21.8</span>", "<span data-toggle='tooltip' data-placement='right' title='极值过滤'>--</span>", "<span data-toggle='tooltip' data-placement='right' title='原始值：5.97896'>5.979</span>", "--", "--", "*", "*", "维护"], ["上海市", "长江流域", "<span data-toggle='tooltip' data-placement='right' title='所在地市:青浦区&#10;所属河流:淀山湖'>急水港桥</span>", "06-01 08:00", "Ⅳ", "<span data-toggle='tooltip' data-placement='right' title='原始值：24.1'>24.1</span>", "<span data-toggle='tooltip' data-placement='right' title='原始值：7'>7.00</span>", "<span data-toggle='tooltip' data-placement='right' title='原始值：4.38'>4.38</span>", "<span data-toggle='tooltip' data-placement='right' title='原始值：748'>748.0</span>", "<span data-toggle='tooltip' data-placement='right' title='原始值：195.6'>195.6</span>", "<span data-toggle='tooltip' data-placement='right' title='原始值：1.58594'>1.59</span>", "<span data-toggle='tooltip' data-placement='right' title='原始值：0.002'>0.002</span>", "<span data-toggle='tooltip' data-placement='right' title='原始值：0.06494'>0.065</span>", "<span data-toggle='tooltip' data-placement='right' title='原始值：3.48439'>3.48</span>", "<span data-toggle='tooltip' data-placement='right' title='原始值：0.00521'>0.005</span>", "<span data-toggle='tooltip' data-placement='right' title='原始值：6.731092E+07'>67310920</span>", "正常"], ["江苏省", "长江流域", "<span data-toggle='tooltip' data-placement='right' title='所在地市:南京市&#10;所属河流:长江'>林山</span>", "06-01 08:00", "Ⅱ", "<span data-toggle='tooltip' data-placement='right' title='原始值：24.4437'>24.4</span>", "<span data-toggle='tooltip' data-placement='right' title='原始值：7.86067'>7.86</span>", "<span data-toggle='tooltip' data-placement='right' title='原始值：6.92501'>6.93</span>", "<span data-toggle='tooltip' data-placement='right' title='原始值：316.757'>316.8</span>", "<span data-toggle='tooltip' data-placement='right' title='原始值：40.599'>40.6</span>", "<span data-toggle='tooltip' data-placement='right' title='原始值：1.64'>1.64</span>", "<span data-toggle='tooltip' data-placement='right' title='原始值：0.054'>0.054</span>", "*", "*", "*", "*", "正常"], ["江苏省", "太湖流域", "<span data-toggle='tooltip' data-placement='right' title='所在地市:无锡市&#10;所属河流:太湖'>沙渚</span>", "06-01 04:00", "Ⅳ", "<span data-toggle='tooltip' data-placement='right' title='原始值：24.36036'>24.4</span>", "<span data-toggle='tooltip' data-placement='right' title='原始值：7.234066'>7.23</span>", "<span data-toggle='tooltip' data-placement='right' title='原始值：4.232812'>4.23</span>", "<span data-toggle='tooltip' data-placement='right' title='原始值：462.4057'>462.4</span>", "<span data-toggle='tooltip' data-placement='right' title='原始值：53.75877'>53.8</span>", "<span data-toggle='tooltip' data-placement='right' title='原始值：8.39'>8.39</span>", "<span data-toggle='tooltip' data-placement='right' title='原始值：0.67'>0.670</span>", "<span data-toggle='tooltip' data-placement='right' title='原始值：0.1279'>0.128</span>", "<span data-toggle='tooltip' data-placement='right' title='原始值：2.33'>2.33</span>", "*", "*", "正常"], ["江苏省", "淮河流域", "<span data-toggle='tooltip' data-placement='right' title='所在地市:徐州市&#10;所属河流:武河'>小红圈</span>", null, "", "--", "--", "--", "--", "--", "--", "--", "--", "--", "*", "*", "停站"], ["江苏省", "淮河流域", "<span data-toggle='tooltip' data-placement='right' title='所在地市:徐州市&#10;所属河流:沿河'>李集桥</span>", "06-01 08:00", "Ⅳ", "<span data-toggle='tooltip' data-placement='right' title='原始值：24.2'>24.2</span>", "<span data-toggle='tooltip' data-placement='right' title='原始值：7.59'>7.59</span>", "<span data-toggle='tooltip' data-placement='right' title='原始值：4.29'>4.29</span>", "<span data-toggle='tooltip' data-placement='right' title='原始值：1163.6'>1163.6</span>", "<span data-toggle='tooltip' data-placement='right' title='原始值：25.64'>25.6</span>", "<span data-toggle='tooltip' data-placement='right' title='原始值：4.15'>4.15</span>", "<span data-toggle='tooltip' data-placement='right' title='原始值：0.049'>0.049</span>", "<span data-toggle='tooltip' data-placement='right' title='原始值：0.161'>0.161</span>", "<span data-toggle='tooltip' data-placement='right' title='原始值：1.159'>1.16</span>", "*", "*", "正常"], ["江苏省", "淮河流域", "<span data-toggle='tooltip' data-placement='right' title='所在地市:徐州市&#10;所属河流:邳苍分洪道'>艾山西大桥</span>", "06-01 08:00", "Ⅲ", "<span data-toggle='tooltip' data-placement='right' title='原始值：25.3036'>25.3</span>", "<span data-toggle='tooltip' data-placement='right' title='原始值：8.41641'>8.42</span>", "<span data-toggle='tooltip' data-placement='right' title='原始值：10.1611'>10.16</span>", "<span data-toggle='tooltip' data-placement='right' title='原始值：616.187'>616.2</span>", "<span data-toggle='tooltip' data-placement='right' title='原始值：33.5122'>33.5</span>", "<span data-toggle='tooltip' data-placement='right' title='原始值：5.22'>5.22</span>", "<span data-toggle='tooltip' data-placement='right' title='原始值：0.1'>0.100</span>", "<span data-toggle='tooltip' data-placement='right' title='原始值：0.04674'>0.047</span>", "<span data-toggle='tooltip' data-placement='right' title='原始值：0.6069'>0.61</span>", "*", "*", "正常"], ["江苏省", "太湖流域", "<span data-toggle='tooltip' data-placement='right' title='所在地市:苏州市&#10;所属河流:太湖'>兰山嘴(老)</span>", "06-01 08:00", "Ⅳ", "<span data-toggle='tooltip' data-placement='right' title='原始值：23.68846'>23.7</span>", "<span data-toggle='tooltip' data-placement='right' title='原始值：7.09959'>7.10</span>", "<span data-toggle='tooltip' data-placement='right' title='原始值：4.33692'>4.34</span>", "<span data-toggle='tooltip' data-placement='right' title='原始值：434.9231'>434.9</span>", "<span data-toggle='tooltip' data-placement='right' title='原始值：58.17537'>58.2</span>", "<span data-toggle='tooltip' data-placement='right' title='原始值：3.67'>3.67</span>", "<span data-toggle='tooltip' data-placement='right' title='原始值：0.42'>0.420</span>", "<span data-toggle='tooltip' data-placement='right' title='原始值：0.09731'>0.097</span>", "<span data-toggle='tooltip' data-placement='right' title='原始值：3.03545'>3.04</span>", "*", "*", "正常"], ["江苏省", "太湖流域", "<span data-toggle='tooltip' data-placement='right' title='所在地市:苏州市&#10;所属河流:太湖'>西山</span>", "06-01 08:00", "Ⅲ", "<span data-toggle='tooltip' data-placement='right' title='原始值：23.54289'>23.5</span>", "<span data-toggle='tooltip' data-placement='right' title='原始值：7.45019'>7.45</span>", "<span data-toggle='tooltip' data-placement='right' title='原始值：6.65918'>6.66</span>", "<span data-toggle='tooltip' data-placement='right' title='原始值：385.3144'>385.3</span>", "<span data-toggle='tooltip' data-placement='right' title='原始值：75.83034'>75.8</span>", "<span data-toggle='tooltip' data-placement='right' title='原始值：2.96'>2.96</span>", "<span data-toggle='tooltip' data-placement='right' title='原始值：0.19'>0.190</span>", "<span data-toggle='tooltip' data-placement='right' title='原始值：0.0334'>0.033</span>", "<span data-toggle='tooltip' data-placement='right' title='原始值：0.8266'>0.83</span>", "*", "*", "正常"], ["江苏省", "淮河流域", "<span data-toggle='tooltip' data-placement='right' title='所在地市:连云港市&#10;所属河流:新沭河'>大兴桥</span>", "06-01 08:00", "Ⅲ", "<span data-toggle='tooltip' data-placement='right' title='原始值：24.3'>24.3</span>", "<span data-toggle='tooltip' data-placement='right' title='原始值：8.01'>8.01</span>", "<span data-toggle='tooltip' data-placement='right' title='原始值：7.59'>7.59</span>", "<span data-toggle='tooltip' data-placement='right' title='原始值：1094'>1094.0</span>", "<span data-toggle='tooltip' data-placement='right' title='原始值：440.5'>440.5</span>", "<span data-toggle='tooltip' data-placement='right' title='原始值：4.83'>4.83</span>", "<span data-toggle='tooltip' data-placement='right' title='原始值：0.072'>0.072</span>", "*", "*", "*", "*", "正常"], ["江苏省", "淮河流域", "<span data-toggle='tooltip' data-placement='right' title='所在地市:淮安市&#10;所属河流:淮河'>淮河大桥</span>", "06-01 08:00", "", "<span data-toggle='tooltip' data-placement='right' title='原始值：24.71132'>24.7</span>", "<span data-toggle='tooltip' data-placement='right' title='原始值：7.93627'>7.94</span>", "<span data-toggle='tooltip' data-placement='right' title='原始值：6.47508'>6.48</span>", "<span data-toggle='tooltip' data-placement='right' title='原始值：612.8073'>612.8</span>", "<span data-toggle='tooltip' data-placement='right' title='原始值：52.24741'>52.2</span>", "<span data-toggle='tooltip' data-placement='right' title='原始值：3.28'>3.28</span>", "<span data-toggle='tooltip' data-placement='right' title='极值过滤'>--</span>", "<span data-toggle='tooltip' data-placement='right' title='原始值：0.09025'>0.090</span>", "<span data-toggle='tooltip' data-placement='right' title='原始值：0.725'>0.72</span>", "*", "*", "维护"], ["江苏省", "长江流域", "<span data-toggle='tooltip' data-placement='right' title='所在地市:扬州市&#10;所属河流:夹江'>三江营</span>", "06-01 08:00", "Ⅱ", "<span data-toggle='tooltip' data-placement='right' title='原始值：23.98'>24.0</span>", "<span data-toggle='tooltip' data-placement='right' title='原始值：7.46'>7.46</span>", "<span data-toggle='tooltip' data-placement='right' title='原始值：6.65'>6.65</span>", "<span data-toggle='tooltip' data-placement='right' title='原始值：346.07'>346.1</span>", "<span data-toggle='tooltip' data-placement='right' title='原始值：8.07'>8.1</span>", "<span data-toggle='tooltip' data-placement='right' title='原始值：1.083'>1.08</span>", "<span data-toggle='tooltip' data-placement='right' title='原始值：0.121'>0.121</span>", "<span data-toggle='tooltip' data-placement='right' title='原始值：0.059'>0.059</span>", "<span data-toggle='tooltip' data-placement='right' title='原始值：1.691'>1.69</span>", "*", "*", "正常"], ["江苏省", "淮河流域", "<span data-toggle='tooltip' data-placement='right' title='所在地市:宿迁市&#10;所属河流:新濉河'>大屈</span>", "06-01 08:00", "Ⅳ", "<span data-toggle='tooltip' data-placement='right' title='原始值：24.4'>24.4</span>", "<span data-toggle='tooltip' data-placement='right' title='原始值：7.97'>7.97</span>", "<span data-toggle='tooltip' data-placement='right' title='原始值：6.93'>6.93</span>", "<span data-toggle='tooltip' data-placement='right' title='原始值：881'>881.0</span>", "<span data-toggle='tooltip' data-placement='right' title='原始值：257.38'>257.4</span>", "<span data-toggle='tooltip' data-placement='right' title='原始值：8.88'>8.88</span>", "<span data-toggle='tooltip' data-placement='right' title='原始值：0.1'>0.100</span>", "<span data-toggle='tooltip' data-placement='right' title='原始值：0.016'>0.016</span>", "<span data-toggle='tooltip' data-placement='right' title='原始值：1.062'>1.06</span>", "*", "*", "正常"], ["浙江省", "浙闽片河流", "<span data-toggle='tooltip' data-placement='right' title='所在地市:杭州市&#10;所属河流:新安江'>街口(鸠坑口)</span>", null, "", "--", "--", "--", "--", "--", "--", "--", "--", "--", "*", "*", "停站"], ["浙江省", "太湖流域", "<span data-toggle='tooltip' data-placement='right' title='所在地市:嘉兴市&#10;所属河流:斜路港河'>斜路港</span>", "06-01 08:00", "Ⅳ", "<span data-toggle='tooltip' data-placement='right' title='原始值：24.7'>24.7</span>", "<span data-toggle='tooltip' data-placement='right' title='原始值：7.19'>7.19</span>", "<span data-toggle='tooltip' data-placement='right' title='原始值：3.23'>3.23</span>", "<span data-toggle='tooltip' data-placement='right' title='原始值：748'>748.0</span>", "<span data-toggle='tooltip' data-placement='right' title='原始值：79.4'>79.4</span>", "<span data-toggle='tooltip' data-placement='right' title='原始值：5.74'>5.74</span>", "<span data-toggle='tooltip' data-placement='right' title='原始值：0.37951'>0.380</span>", "<span data-toggle='tooltip' data-placement='right' title='原始值：0.05539'>0.055</span>", "<span data-toggle='tooltip' data-placement='right' title='原始值：2.52689'>2.53</span>", "*", "*", "正常"], ["浙江省", "太湖流域", "<span data-toggle='tooltip' data-placement='right' title='所在地市:嘉兴市&#10;所属河流:京杭运河'>王江泾</span>", null, "", "--", "--", "--", "--", "--", "--", "--", "--", "--", "*", "*", "停站"], ["浙江省", "太湖流域", "<span data-toggle='tooltip' data-placement='right' title='所在地市:湖州市&#10;所属河流:西苕溪'>新港口(新塘港)</span>", "06-01 08:00", "Ⅱ", "<span data-toggle='tooltip' data-placement='right' title='原始值：23.6264'>23.6</span>", "<span data-toggle='tooltip' data-placement='right' title='原始值：7.11736'>7.12</span>", "<span data-toggle='tooltip' data-placement='right' title='原始值：6.86253'>6.86</span>", "<span data-toggle='tooltip' data-placement='right' title='原始值：303.262'>303.3</span>", "<span data-toggle='tooltip' data-placement='right' title='原始值：191.37'>191.4</span>", "<span data-toggle='tooltip' data-placement='right' title='原始值：2.84527'>2.85</span>", "<span data-toggle='tooltip' data-placement='right' title='原始值：0.24056'>0.241</span>", "<span data-toggle='tooltip' data-placement='right' title='原始值：0.09653'>0.097</span>", "<span data-toggle='tooltip' data-placement='right' title='原始值：12.78096'>12.78</span>", "*", "*", "正常"], ["安徽省", "巢湖流域", "<span data-toggle='tooltip' data-placement='right' title='所在地市:合肥市&#10;所属河流:巢湖'>湖滨(老)</span>", "06-01 08:00", "Ⅳ", "<span data-toggle='tooltip' data-placement='right' title='原始值：27.2447'>27.2</span>", "<span data-toggle='tooltip' data-placement='right' title='原始值：7.38072'>7.38</span>", "<span data-toggle='tooltip' data-placement='right' title='原始值：7.30635'>7.31</span>", "<span data-toggle='tooltip' data-placement='right' title='原始值：442.7012'>442.7</span>", "<span data-toggle='tooltip' data-placement='right' title='原始值：137.0823'>137.1</span>", "<span data-toggle='tooltip' data-placement='right' title='原始值：7.21'>7.21</span>", "<span data-toggle='tooltip' data-placement='right' title='原始值：0.21'>0.210</span>", "<span data-toggle='tooltip' data-placement='right' title='原始值：0.0399'>0.040</span>", "<span data-toggle='tooltip' data-placement='right' title='原始值：0.6768'>0.68</span>", "<span data-toggle='tooltip' data-placement='right' title='原始值：0.03035'>0.030</span>", "*", "正常"], ["安徽省", "巢湖流域", "<span data-toggle='tooltip' data-placement='right' title='所在地市:芜湖市&#10;所属河流:巢湖'>裕溪口(老)</span>", "06-01 08:10", "Ⅳ", "<span data-toggle='tooltip' data-placement='right' title='原始值：26.02399'>26.0</span>", "<span data-toggle='tooltip' data-placement='right' title='原始值：6.84959'>6.85</span>", "<span data-toggle='tooltip' data-placement='right' title='原始值：7.43783'>7.44</span>", "<span data-toggle='tooltip' data-placement='right' title='原始值：463.4827'>463.5</span>", "<span data-toggle='tooltip' data-placement='right' title='原始值：57.6908'>57.7</span>", "<span data-toggle='tooltip' data-placement='right' title='原始值：4.63'>4.63</span>", "<span data-toggle='tooltip' data-placement='right' title='原始值：0.1'>0.100</span>", "<span data-toggle='tooltip' data-placement='right' title='原始值：0.0951'>0.095</span>", "<span data-toggle='tooltip' data-placement='right' title='原始值：0.4157'>0.42</span>", "*", "*", "正常"], ["安徽省", "淮河流域", "<span data-toggle='tooltip' data-placement='right' title='所在地市:蚌埠市&#10;所属河流:淮河'>蚌埠闸上(蚌埠闸)</span>", null, "", "--", "--", "--", "--", "--", "--", "--", "--", "--", "*", "*", "停站"], ["安徽省", "淮河流域", "<span data-toggle='tooltip' data-placement='right' title='所在地市:淮南市&#10;所属河流:淮河'>石头埠(老)</span>", "06-01 08:01", "Ⅱ", "<span data-toggle='tooltip' data-placement='right' title='原始值：27.38413'>27.4</span>", "<span data-toggle='tooltip' data-placement='right' title='原始值：6.49444'>6.49</span>", "<span data-toggle='tooltip' data-placement='right' title='原始值：6.69535'>6.70</span>", "<span data-toggle='tooltip' data-placement='right' title='原始值：686.4137'>686.4</span>", "<span data-toggle='tooltip' data-placement='right' title='原始值：42.27963'>42.3</span>", "<span data-toggle='tooltip' data-placement='right' title='原始值：3.48999'>3.49</span>", "<span data-toggle='tooltip' data-placement='right' title='原始值：0.19'>0.190</span>", "*", "*", "*", "*", "正常"], ["安徽省", "淮河流域", "<span data-toggle='tooltip' data-placement='right' title='所在地市:淮北市&#10;所属河流:沱河'>小王桥</span>", "06-01 08:00", "Ⅲ", "<span data-toggle='tooltip' data-placement='right' title='原始值：26.59'>26.6</span>", "<span data-toggle='tooltip' data-placement='right' title='原始值：8.33'>8.33</span>", "<span data-toggle='tooltip' data-placement='right' title='原始值：8.08'>8.08</span>", "<span data-toggle='tooltip' data-placement='right' title='原始值：2623.08'>2623.1</span>", "<span data-toggle='tooltip' data-placement='right' title='原始值：28.21'>28.2</span>", "<span data-toggle='tooltip' data-placement='right' title='原始值：5.63'>5.63</span>", "<span data-toggle='tooltip' data-placement='right' title='原始值：0.049'>0.049</span>", "<span data-toggle='tooltip' data-placement='right' title='原始值：0.132'>0.132</span>", "<span data-toggle='tooltip' data-placement='right' title='极值过滤'>--</span>", "*", "*", "维护"], ["安徽省", "长江流域", "<span data-toggle='tooltip' data-placement='right' title='所在地市:安庆市&#10;所属河流:长江'>皖河口</span>", null, "", "--", "--", "--", "--", "--", "--", "--", "--", "--", "*", "*", "停站"], ["安徽省", "淮河流域", "<span data-toggle='tooltip' data-placement='right' title='所在地市:滁州市&#10;所属河流:淮河'>小柳巷</span>", "06-01 08:00", "Ⅱ", "<span data-toggle='tooltip' data-placement='right' title='原始值：24.6'>24.6</span>", "<span data-toggle='tooltip' data-placement='right' title='原始值：7.56'>7.56</span>", "<span data-toggle='tooltip' data-placement='right' title='原始值：7.51'>7.51</span>", "<span data-toggle='tooltip' data-placement='right' title='原始值：722.9'>722.9</span>", "<span data-toggle='tooltip' data-placement='right' title='原始值：54.99'>55.0</span>", "<span data-toggle='tooltip' data-placement='right' title='原始值：3'>3.00</span>", "<span data-toggle='tooltip' data-placement='right' title='原始值：0.07'>0.070</span>", "<span data-toggle='tooltip' data-placement='right' title='原始值：0.06'>0.060</span>", "<span data-toggle='tooltip' data-placement='right' title='原始值：2.1'>2.10</span>", "*", "*", "正常"], ["安徽省", "淮河流域", "<span data-toggle='tooltip' data-placement='right' title='所在地市:阜阳市&#10;所属河流:黑茨河'>张大桥</span>", "06-01 08:00", "Ⅱ", "<span data-toggle='tooltip' data-placement='right' title='原始值：25.8'>25.8</span>", "<span data-toggle='tooltip' data-placement='right' title='原始值：8.44'>8.44</span>", "<span data-toggle='tooltip' data-placement='right' title='原始值：7.74'>7.74</span>", "<span data-toggle='tooltip' data-placement='right' title='原始值：2583'>2583.0</span>", "<span data-toggle='tooltip' data-placement='right' title='原始值：43.84'>43.8</span>", "<span data-toggle='tooltip' data-placement='right' title='原始值：2.95'>2.95</span>", "<span data-toggle='tooltip' data-placement='right' title='原始值：0.03'>0.030</span>", "<span data-toggle='tooltip' data-placement='right' title='原始值：0.032'>0.032</span>", "<span data-toggle='tooltip' data-placement='right' title='原始值：0.981'>0.98</span>", "*", "*", "正常"], ["安徽省", "淮河流域", "<span data-toggle='tooltip' data-placement='right' title='所在地市:阜阳市&#10;所属河流:淮河'>王家坝</span>", "06-01 08:00", "", "<span data-toggle='tooltip' data-placement='right' title='原始值：26.43031'>26.4</span>", "<span data-toggle='tooltip' data-placement='right' title='原始值：8.40499'>8.40</span>", "<span data-toggle='tooltip' data-placement='right' title='原始值：8.79932'>8.80</span>", "<span data-toggle='tooltip' data-placement='right' title='原始值：487.126'>487.1</span>", "<span data-toggle='tooltip' data-placement='right' title='原始值：14.87061'>14.9</span>", "<span data-toggle='tooltip' data-placement='right' title='原始值：6.01'>6.01</span>", "<span data-toggle='tooltip' data-placement='right' title='原始值：0.913'>0.913</span>", "<span data-toggle='tooltip' data-placement='right' title='极值过滤'>--</span>", "<span data-toggle='tooltip' data-placement='right' title='原始值：1.45113'>1.45</span>", "*", "*", "维护"], ["安徽省", "淮河流域", "<span data-toggle='tooltip' data-placement='right' title='所在地市:阜阳市&#10;所属河流:颍河'>界首七渡口(七渡口)</span>", "06-01 08:00", "Ⅳ", "<span data-toggle='tooltip' data-placement='right' title='原始值：20.94016'>20.9</span>", "<span data-toggle='tooltip' data-placement='right' title='原始值：7.56761'>7.57</span>", "<span data-toggle='tooltip' data-placement='right' title='原始值：4.2035'>4.20</span>", "<span data-toggle='tooltip' data-placement='right' title='原始值：881.4352'>881.4</span>", "<span data-toggle='tooltip' data-placement='right' title='原始值：9.37354'>9.4</span>", "<span data-toggle='tooltip' data-placement='right' title='原始值：2.44'>2.44</span>", "<span data-toggle='tooltip' data-placement='right' title='原始值：0.28'>0.280</span>", "<span data-toggle='tooltip' data-placement='right' title='原始值：0.09458'>0.095</span>", "<span data-toggle='tooltip' data-placement='right' title='原始值：3.6878'>3.69</span>", "*", "*", "正常"], ["安徽省", "淮河流域", "<span data-toggle='tooltip' data-placement='right' title='所在地市:阜阳市&#10;所属河流:泉河'>许庄(徐庄)</span>", "06-01 08:00", "Ⅱ", "<span data-toggle='tooltip' data-placement='right' title='原始值：24.6'>24.6</span>", "<span data-toggle='tooltip' data-placement='right' title='原始值：7.32'>7.32</span>", "<span data-toggle='tooltip' data-placement='right' title='原始值：6.89'>6.89</span>", "<span data-toggle='tooltip' data-placement='right' title='原始值：1026.9'>1026.9</span>", "<span data-toggle='tooltip' data-placement='right' title='原始值：120.08'>120.1</span>", "<span data-toggle='tooltip' data-placement='right' title='原始值：3.49'>3.49</span>", "<span data-toggle='tooltip' data-placement='right' title='原始值：0.02'>0.020</span>", "<span data-toggle='tooltip' data-placement='right' title='原始值：0.075'>0.075</span>", "<span data-toggle='tooltip' data-placement='right' title='原始值：0.664'>0.66</span>", "*", "*", "正常"], ["安徽省", "淮河流域", "<span data-toggle='tooltip' data-placement='right' title='所在地市:宿州市&#10;所属河流:奎河'>杨庄</span>", "06-01 08:02", "Ⅲ", "<span data-toggle='tooltip' data-placement='right' title='原始值：24.21'>24.2</span>", "<span data-toggle='tooltip' data-placement='right' title='原始值：7.37'>7.37</span>", "<span data-toggle='tooltip' data-placement='right' title='原始值：7.25'>7.25</span>", "<span data-toggle='tooltip' data-placement='right' title='原始值：1058.4'>1058.4</span>", "<span data-toggle='tooltip' data-placement='right' title='原始值：183.64'>183.6</span>", "<span data-toggle='tooltip' data-placement='right' title='原始值：4.24'>4.24</span>", "<span data-toggle='tooltip' data-placement='right' title='原始值：0.364'>0.364</span>", "*", "*", "*", "*", "正常"], ["安徽省", "淮河流域", "<span data-toggle='tooltip' data-placement='right' title='所在地市:宿州市&#10;所属河流:新汴河'>泗县公路桥</span>", null, "", "--", "--", "--", "--", "--", "--", "--", "*", "*", "*", "*", "维护"], ["安徽省", "淮河流域", "<span data-toggle='tooltip' data-placement='right' title='所在地市:亳州市&#10;所属河流:包河'>颜集</span>", "06-01 08:00", "Ⅴ", "<span data-toggle='tooltip' data-placement='right' title='原始值：24.4'>24.4</span>", "<span data-toggle='tooltip' data-placement='right' title='原始值：7.81'>7.81</span>", "<span data-toggle='tooltip' data-placement='right' title='原始值：6.5'>6.50</span>", "<span data-toggle='tooltip' data-placement='right' title='原始值：1978.1'>1978.1</span>", "<span data-toggle='tooltip' data-placement='right' title='原始值：355.3'>355.3</span>", "<span data-toggle='tooltip' data-placement='right' title='原始值：4.71'>4.71</span>", "<span data-toggle='tooltip' data-placement='right' title='原始值：0.06'>0.060</span>", "<span data-toggle='tooltip' data-placement='right' title='原始值：0.396'>0.396</span>", "<span data-toggle='tooltip' data-placement='right' title='原始值：2.601'>2.60</span>", "*", "*", "正常"], ["福建省", "浙闽片河流", "<span data-toggle='tooltip' data-placement='right' title='所在地市:福州市&#10;所属河流:闽江'>白岩潭</span>", "06-01 08:00", "Ⅲ", "<span data-toggle='tooltip' data-placement='right' title='原始值：25.9'>25.9</span>", "<span data-toggle='tooltip' data-placement='right' title='原始值：6.38'>6.38</span>", "<span data-toggle='tooltip' data-placement='right' title='原始值：5.85'>5.85</span>", "<span data-toggle='tooltip' data-placement='right' title='原始值：148.7'>148.7</span>", "<span data-toggle='tooltip' data-placement='right' title='原始值：9.93'>9.9</span>", "<span data-toggle='tooltip' data-placement='right' title='原始值：2.39'>2.39</span>", "<span data-toggle='tooltip' data-placement='right' title='原始值：0.08'>0.080</span>", "*", "*", "*", "*", "正常"], ["江西省", "长江流域", "<span data-toggle='tooltip' data-placement='right' title='所在地市:南昌市&#10;所属河流:赣江南支'>滁槎</span>", "06-01 08:00", "Ⅳ", "<span data-toggle='tooltip' data-placement='right' title='原始值：26.57989'>26.6</span>", "<span data-toggle='tooltip' data-placement='right' title='原始值：7.13672'>7.14</span>", "<span data-toggle='tooltip' data-placement='right' title='原始值：4.23378'>4.23</span>", "<span data-toggle='tooltip' data-placement='right' title='原始值：194.868'>194.9</span>", "<span data-toggle='tooltip' data-placement='right' title='原始值：11.8917'>11.9</span>", "<span data-toggle='tooltip' data-placement='right' title='原始值：1.06'>1.06</span>", "<span data-toggle='tooltip' data-placement='right' title='原始值：0.42'>0.420</span>", "<span data-toggle='tooltip' data-placement='right' title='原始值：0.09675'>0.097</span>", "<span data-toggle='tooltip' data-placement='right' title='原始值：2.52'>2.52</span>", "*", "*", "正常"], ["江西省", "长江流域", "<span data-toggle='tooltip' data-placement='right' title='所在地市:九江市&#10;所属河流:长江'>姚港(河西水厂)</span>", null, "", "--", "--", "--", "--", "--", "--", "--", "--", "--", "*", "*", "停站"], ["江西省", "长江流域", "<span data-toggle='tooltip' data-placement='right' title='所在地市:九江市&#10;所属河流:鄱阳湖'>蛤蟆石</span>", null, "", "--", "--", "--", "--", "--", "--", "--", "--", "--", "--", "--", "停站"], ["山东省", "黄河流域", "<span data-toggle='tooltip' data-placement='right' title='所在地市:济南市&#10;所属河流:黄河'>泺口</span>", "06-01 08:00", "Ⅱ", "<span data-toggle='tooltip' data-placement='right' title='原始值：22.7404'>22.7</span>", "<span data-toggle='tooltip' data-placement='right' title='原始值：8.3701'>8.37</span>", "<span data-toggle='tooltip' data-placement='right' title='原始值：8.08342'>8.08</span>", "<span data-toggle='tooltip' data-placement='right' title='原始值：1067.03'>1067.0</span>", "<span data-toggle='tooltip' data-placement='right' title='原始值：778.372'>778.4</span>", "<span data-toggle='tooltip' data-placement='right' title='原始值：2.65'>2.65</span>", "<span data-toggle='tooltip' data-placement='right' title='原始值：0.11444'>0.114</span>", "<span data-toggle='tooltip' data-placement='right' title='原始值：0.01454'>0.015</span>", "<span data-toggle='tooltip' data-placement='right' title='原始值：3.875'>3.88</span>", "*", "*", "正常"], ["山东省", "淮河流域", "<span data-toggle='tooltip' data-placement='right' title='所在地市:枣庄市&#10;所属河流:京杭大运河（韩庄运河）'>台儿庄大桥</span>", "06-01 08:00", "Ⅱ", "<span data-toggle='tooltip' data-placement='right' title='原始值：23.90001'>23.9</span>", "<span data-toggle='tooltip' data-placement='right' title='原始值：7.67722'>7.68</span>", "<span data-toggle='tooltip' data-placement='right' title='原始值：6.0391'>6.04</span>", "<span data-toggle='tooltip' data-placement='right' title='原始值：727.637'>727.6</span>", "<span data-toggle='tooltip' data-placement='right' title='原始值：39.84711'>39.8</span>", "<span data-toggle='tooltip' data-placement='right' title='原始值：3.34606'>3.35</span>", "<span data-toggle='tooltip' data-placement='right' title='原始值：0.02901'>0.029</span>", "<span data-toggle='tooltip' data-placement='right' title='原始值：0.06634'>0.066</span>", "<span data-toggle='tooltip' data-placement='right' title='原始值：1.17617'>1.18</span>", "*", "*", "正常"], ["山东省", "淮河流域", "<span data-toggle='tooltip' data-placement='right' title='所在地市:临沂市&#10;所属河流:沭河'>清泉寺</span>", "06-01 08:00", "Ⅳ", "<span data-toggle='tooltip' data-placement='right' title='原始值：23.74135'>23.7</span>", "<span data-toggle='tooltip' data-placement='right' title='原始值：7.77573'>7.78</span>", "<span data-toggle='tooltip' data-placement='right' title='原始值：6.70119'>6.70</span>", "<span data-toggle='tooltip' data-placement='right' title='原始值：1355.39'>1355.4</span>", "<span data-toggle='tooltip' data-placement='right' title='原始值：17.79658'>17.8</span>", "<span data-toggle='tooltip' data-placement='right' title='原始值：6.48'>6.48</span>", "<span data-toggle='tooltip' data-placement='right' title='原始值：0.25'>0.250</span>", "*", "*", "*", "*", "正常"], ["山东省", "淮河流域", "<span data-toggle='tooltip' data-placement='right' title='所在地市:临沂市&#10;所属河流:沂河'>重坊桥</span>", "06-01 08:00", "Ⅱ", "<span data-toggle='tooltip' data-placement='right' title='原始值：24.4729'>24.5</span>", "<span data-toggle='tooltip' data-placement='right' title='原始值：7.55355'>7.55</span>", "<span data-toggle='tooltip' data-placement='right' title='原始值：7.3159'>7.32</span>", "<span data-toggle='tooltip' data-placement='right' title='原始值：928'>928.0</span>", "<span data-toggle='tooltip' data-placement='right' title='原始值：2.1514'>2.2</span>", "<span data-toggle='tooltip' data-placement='right' title='原始值：3.28'>3.28</span>", "<span data-toggle='tooltip' data-placement='right' title='原始值：0.14346'>0.143</span>", "*", "*", "*", "*", "正常"], ["山东省", "淮河流域", "<span data-toggle='tooltip' data-placement='right' title='所在地市:临沂市&#10;所属河流:白马河'>捷庄(涝沟桥)</span>", "06-01 08:00", "Ⅲ", "<span data-toggle='tooltip' data-placement='right' title='原始值：23.6'>23.6</span>", "<span data-toggle='tooltip' data-placement='right' title='原始值：7.18'>7.18</span>", "<span data-toggle='tooltip' data-placement='right' title='原始值：5.21871'>5.22</span>", "<span data-toggle='tooltip' data-placement='right' title='原始值：988'>988.0</span>", "<span data-toggle='tooltip' data-placement='right' title='原始值：31.44061'>31.4</span>", "<span data-toggle='tooltip' data-placement='right' title='原始值：4.66'>4.66</span>", "<span data-toggle='tooltip' data-placement='right' title='原始值：0.19096'>0.191</span>", "<span data-toggle='tooltip' data-placement='right' title='原始值：0.08275'>0.083</span>", "<span data-toggle='tooltip' data-placement='right' title='原始值：2.28211'>2.28</span>", "*", "*", "正常"], ["山东省", "海河流域", "<span data-toggle='tooltip' data-placement='right' title='所在地市:聊城市&#10;所属河流:卫运河'>秤勾湾(秤钩湾)</span>", null, "", "--", "--", "--", "--", "--", "--", "--", "--", "--", "*", "*", "停站"], ["河南省", "长江流域", "<span data-toggle='tooltip' data-placement='right' title='所在地市:南阳市&#10;所属河流:丹江口水库'>陶岔</span>", "06-01 08:00", "Ⅱ", "<span data-toggle='tooltip' data-placement='right' title='原始值：23.83'>23.8</span>", "<span data-toggle='tooltip' data-placement='right' title='原始值：8.0848'>8.08</span>", "<span data-toggle='tooltip' data-placement='right' title='原始值：9.47159'>9.47</span>", "<span data-toggle='tooltip' data-placement='right' title='原始值：320.5616'>320.6</span>", "<span data-toggle='tooltip' data-placement='right' title='原始值：2.58736'>2.6</span>", "<span data-toggle='tooltip' data-placement='right' title='原始值：2.93'>2.93</span>", "<span data-toggle='tooltip' data-placement='right' title='原始值：0.00701'>0.007</span>", "<span data-toggle='tooltip' data-placement='right' title='原始值：0.01023'>0.010</span>", "<span data-toggle='tooltip' data-placement='right' title='原始值：0.97723'>0.98</span>", "<span data-toggle='tooltip' data-placement='right' title='原始值：0.01121'>0.011</span>", "<span data-toggle='tooltip' data-placement='right' title='原始值：369883.3'>369883</span>", "正常"], ["河南省", "淮河流域", "<span data-toggle='tooltip' data-placement='right' title='所在地市:商丘市&#10;所属河流:浍河'>黄口</span>", "06-01 08:00", "Ⅲ", "<span data-toggle='tooltip' data-placement='right' title='原始值：24.6'>24.6</span>", "<span data-toggle='tooltip' data-placement='right' title='原始值：8.2'>8.20</span>", "<span data-toggle='tooltip' data-placement='right' title='原始值：5.69998'>5.70</span>", "<span data-toggle='tooltip' data-placement='right' title='原始值：5284.004'>5284.0</span>", "<span data-toggle='tooltip' data-placement='right' title='原始值：85.08037'>85.1</span>", "<span data-toggle='tooltip' data-placement='right' title='原始值：4.58'>4.58</span>", "<span data-toggle='tooltip' data-placement='right' title='原始值：0.09788'>0.098</span>", "<span data-toggle='tooltip' data-placement='right' title='原始值：0.1231'>0.123</span>", "<span data-toggle='tooltip' data-placement='right' title='原始值：0.46756'>0.47</span>", "*", "*", "正常"], ["河南省", "淮河流域", "<span data-toggle='tooltip' data-placement='right' title='所在地市:信阳市&#10;所属河流:史灌河'>蒋集</span>", "06-01 08:00", "Ⅱ", "<span data-toggle='tooltip' data-placement='right' title='原始值：27.8624'>27.9</span>", "<span data-toggle='tooltip' data-placement='right' title='原始值：7.94217'>7.94</span>", "<span data-toggle='tooltip' data-placement='right' title='原始值：6.525'>6.52</span>", "<span data-toggle='tooltip' data-placement='right' title='原始值：307.5'>307.5</span>", "<span data-toggle='tooltip' data-placement='right' title='原始值：160.6494'>160.6</span>", "<span data-toggle='tooltip' data-placement='right' title='原始值：2'>2.00</span>", "<span data-toggle='tooltip' data-placement='right' title='原始值：0.02192'>0.022</span>", "*", "*", "*", "*", "正常"], ["河南省", "淮河流域", "<span data-toggle='tooltip' data-placement='right' title='所在地市:信阳市&#10;所属河流:淮河'>淮滨水文站(淮滨)</span>", "06-01 08:00", "Ⅱ", "<span data-toggle='tooltip' data-placement='right' title='原始值：23.69999'>23.7</span>", "<span data-toggle='tooltip' data-placement='right' title='原始值：8.02004'>8.02</span>", "<span data-toggle='tooltip' data-placement='right' title='原始值：7.80996'>7.81</span>", "<span data-toggle='tooltip' data-placement='right' title='原始值：323'>323.0</span>", "<span data-toggle='tooltip' data-placement='right' title='原始值：30.90433'>30.9</span>", "<span data-toggle='tooltip' data-placement='right' title='原始值：3.10544'>3.11</span>", "<span data-toggle='tooltip' data-placement='right' title='原始值：0.12361'>0.124</span>", "<span data-toggle='tooltip' data-placement='right' title='原始值：0.07084'>0.071</span>", "<span data-toggle='tooltip' data-placement='right' title='原始值：0.94689'>0.95</span>", "*", "*", "正常"], ["河南省", "淮河流域", "<span data-toggle='tooltip' data-placement='right' title='所在地市:周口市&#10;所属河流:沙河'>沈丘闸</span>", "06-01 08:00", "Ⅲ", "<span data-toggle='tooltip' data-placement='right' title='原始值：24.03722'>24.0</span>", "<span data-toggle='tooltip' data-placement='right' title='原始值：8.56103'>8.56</span>", "<span data-toggle='tooltip' data-placement='right' title='原始值：13.11699'>13.12</span>", "<span data-toggle='tooltip' data-placement='right' title='原始值：814.3784'>814.4</span>", "<span data-toggle='tooltip' data-placement='right' title='原始值：87.10417'>87.1</span>", "<span data-toggle='tooltip' data-placement='right' title='原始值：5.28351'>5.28</span>", "<span data-toggle='tooltip' data-placement='right' title='原始值：0.12'>0.120</span>", "*", "*", "*", "*", "正常"], ["河南省", "淮河流域", "<span data-toggle='tooltip' data-placement='right' title='所在地市:周口市&#10;所属河流:涡河'>鹿邑付桥(鹿邑付桥闸)</span>", "06-01 08:00", "Ⅲ", "<span data-toggle='tooltip' data-placement='right' title='原始值：25.42657'>25.4</span>", "<span data-toggle='tooltip' data-placement='right' title='原始值：8.46732'>8.47</span>", "<span data-toggle='tooltip' data-placement='right' title='原始值：8.64535'>8.65</span>", "<span data-toggle='tooltip' data-placement='right' title='原始值：1508.837'>1508.8</span>", "<span data-toggle='tooltip' data-placement='right' title='原始值：11.55427'>11.6</span>", "<span data-toggle='tooltip' data-placement='right' title='原始值：5.51157'>5.51</span>", "<span data-toggle='tooltip' data-placement='right' title='原始值：0.02'>0.020</span>", "<span data-toggle='tooltip' data-placement='right' title='原始值：0.0911'>0.091</span>", "<span data-toggle='tooltip' data-placement='right' title='原始值：1.63475'>1.63</span>", "*", "*", "正常"], ["河南省", "淮河流域", "<span data-toggle='tooltip' data-placement='right' title='所在地市:驻马店市&#10;所属河流:洪河'>新蔡班台(班台)</span>", "06-01 08:00", "Ⅳ", "<span data-toggle='tooltip' data-placement='right' title='原始值：24.66739'>24.7</span>", "<span data-toggle='tooltip' data-placement='right' title='原始值：6.45179'>6.45</span>", "<span data-toggle='tooltip' data-placement='right' title='原始值：4.98767'>4.99</span>", "<span data-toggle='tooltip' data-placement='right' title='原始值：1259.108'>1259.1</span>", "<span data-toggle='tooltip' data-placement='right' title='原始值：1.68233'>1.7</span>", "<span data-toggle='tooltip' data-placement='right' title='原始值：6.145'>6.14</span>", "<span data-toggle='tooltip' data-placement='right' title='原始值：0.3'>0.300</span>", "<span data-toggle='tooltip' data-placement='right' title='原始值：0.21205'>0.212</span>", "<span data-toggle='tooltip' data-placement='right' title='原始值：2.06477'>2.06</span>", "*", "*", "正常"], ["河南省", "黄河流域", "<span data-toggle='tooltip' data-placement='right' title='所在地市:济源市&#10;所属河流:黄河'>小浪底水库(小浪底)</span>", "06-01 08:00", "Ⅱ", "<span data-toggle='tooltip' data-placement='right' title='原始值：17.67764'>17.7</span>", "<span data-toggle='tooltip' data-placement='right' title='原始值：8.72237'>8.72</span>", "<span data-toggle='tooltip' data-placement='right' title='原始值：6.62641'>6.63</span>", "<span data-toggle='tooltip' data-placement='right' title='原始值：1007.086'>1007.1</span>", "<span data-toggle='tooltip' data-placement='right' title='原始值：5.74046'>5.7</span>", "<span data-toggle='tooltip' data-placement='right' title='原始值：2.0675'>2.07</span>", "<span data-toggle='tooltip' data-placement='right' title='原始值：0.12'>0.120</span>", "<span data-toggle='tooltip' data-placement='right' title='原始值：0.03148'>0.031</span>", "<span data-toggle='tooltip' data-placement='right' title='原始值：3.29'>3.29</span>", "*", "*", "正常"], ["湖北省", "长江流域", "<span data-toggle='tooltip' data-placement='right' title='所在地市:武汉市&#10;所属河流:汉江'>宗关</span>", null, "", "--", "--", "--", "--", "--", "--", "--", "--", "--", "*", "*", "停站"], ["湖北省", "长江流域", "<span data-toggle='tooltip' data-placement='right' title='所在地市:十堰市&#10;所属河流:丹江口水库'>坝上中(胡家岭)</span>", "06-01 08:08", "Ⅲ", "<span data-toggle='tooltip' data-placement='right' title='原始值：23.49042'>23.5</span>", "<span data-toggle='tooltip' data-placement='right' title='原始值：7.80967'>7.81</span>", "<span data-toggle='tooltip' data-placement='right' title='原始值：9.94567'>9.95</span>", "<span data-toggle='tooltip' data-placement='right' title='原始值：288.3859'>288.4</span>", "<span data-toggle='tooltip' data-placement='right' title='原始值：4.96767'>5.0</span>", "<span data-toggle='tooltip' data-placement='right' title='原始值：2.21'>2.21</span>", "<span data-toggle='tooltip' data-placement='right' title='原始值：0.21'>0.210</span>", "<span data-toggle='tooltip' data-placement='right' title='原始值：0.0268'>0.027</span>", "<span data-toggle='tooltip' data-placement='right' title='原始值：1.225'>1.22</span>", "<span data-toggle='tooltip' data-placement='right' title='原始值：0.00578'>0.006</span>", "<span data-toggle='tooltip' data-placement='right' title='原始值：1.902102E+07'>19021020</span>", "正常"], ["湖北省", "长江流域", "<span data-toggle='tooltip' data-placement='right' title='所在地市:宜昌市&#10;所属河流:长江'>南津关</span>", null, "", "--", "--", "--", "--", "--", "--", "--", "--", "--", "*", "*", "停站"], ["湖南省", "长江流域", "<span data-toggle='tooltip' data-placement='right' title='所在地市:长沙市&#10;所属河流:湘江'>新港</span>", null, "", "--", "--", "--", "--", "--", "--", "--", "--", "--", "*", "*", "停站"], ["湖南省", "长江流域", "<span data-toggle='tooltip' data-placement='right' title='所在地市:岳阳市&#10;所属河流:洞庭湖'>岳阳楼</span>", null, "", "--", "--", "--", "--", "--", "--", "--", "--", "--", "--", "--", "停站"], ["湖南省", "长江流域", "<span data-toggle='tooltip' data-placement='right' title='所在地市:岳阳市&#10;所属河流:长江'>城陵矶</span>", null, "", "--", "--", "--", "--", "--", "--", "--", "--", "--", "*", "*", "停站"], ["广东省", "珠江流域", "<span data-toggle='tooltip' data-placement='right' title='所在地市:清远市&#10;所属河流:北江'>七星岗</span>", null, "", "--", "--", "--", "--", "--", "--", "--", "--", "--", "*", "*", "维护"], ["广东省", "珠江流域", "<span data-toggle='tooltip' data-placement='right' title='所在地市:中山市&#10;所属河流:西江'>横栏</span>", "06-01 08:00", "Ⅱ", "<span data-toggle='tooltip' data-placement='right' title='原始值：27'>27.0</span>", "<span data-toggle='tooltip' data-placement='right' title='原始值：7.57'>7.57</span>", "<span data-toggle='tooltip' data-placement='right' title='原始值：7'>7.00</span>", "<span data-toggle='tooltip' data-placement='right' title='原始值：246'>246.0</span>", "<span data-toggle='tooltip' data-placement='right' title='原始值：8.1'>8.1</span>", "<span data-toggle='tooltip' data-placement='right' title='原始值：1.78'>1.78</span>", "<span data-toggle='tooltip' data-placement='right' title='原始值：0.11349'>0.113</span>", "*", "*", "*", "*", "正常"], ["广西壮族自治区", "珠江流域", "<span data-toggle='tooltip' data-placement='right' title='所在地市:南宁市&#10;所属河流:邕江'>老口</span>", "06-01 08:00", "Ⅱ", "<span data-toggle='tooltip' data-placement='right' title='原始值：28.42261'>28.4</span>", "<span data-toggle='tooltip' data-placement='right' title='原始值：7.68769'>7.69</span>", "<span data-toggle='tooltip' data-placement='right' title='原始值：6.49378'>6.49</span>", "<span data-toggle='tooltip' data-placement='right' title='原始值：316.1382'>316.1</span>", "<span data-toggle='tooltip' data-placement='right' title='原始值：8.41544'>8.4</span>", "<span data-toggle='tooltip' data-placement='right' title='原始值：1.46792'>1.47</span>", "<span data-toggle='tooltip' data-placement='right' title='原始值：0.06912'>0.069</span>", "<span data-toggle='tooltip' data-placement='right' title='原始值：0.0285'>0.028</span>", "<span data-toggle='tooltip' data-placement='right' title='原始值：1.93929'>1.94</span>", "*", "*", "正常"], ["广西壮族自治区", "珠江流域", "<span data-toggle='tooltip' data-placement='right' title='所在地市:桂林市&#10;所属河流:漓江'>阳朔</span>", null, "", "--", "--", "--", "--", "--", "--", "--", "--", "--", "*", "*", "停站"], ["广西壮族自治区", "珠江流域", "<span data-toggle='tooltip' data-placement='right' title='所在地市:梧州市&#10;所属河流:浔江'>界首</span>", null, "", "--", "--", "--", "--", "--", "--", "--", "--", "--", "*", "*", "停站"], ["广西壮族自治区", "珠江流域", "<span data-toggle='tooltip' data-placement='right' title='所在地市:贵港市&#10;所属河流:浔江'>石嘴</span>", "06-01 08:00", "", "<span data-toggle='tooltip' data-placement='right' title='原始值：28.31422'>28.3</span>", "<span data-toggle='tooltip' data-placement='right' title='原始值：6.59942'>6.60</span>", "<span data-toggle='tooltip' data-placement='right' title='原始值：7.99196'>7.99</span>", "<span data-toggle='tooltip' data-placement='right' title='原始值：276.7196'>276.7</span>", "<span data-toggle='tooltip' data-placement='right' title='原始值：30.79544'>30.8</span>", "<span data-toggle='tooltip' data-placement='right' title='原始值：0.6'>0.60</span>", "<span data-toggle='tooltip' data-placement='right' title='极值过滤'>--</span>", "<span data-toggle='tooltip' data-placement='right' title='原始值：0.02628'>0.026</span>", "<span data-toggle='tooltip' data-placement='right' title='原始值：2.1995'>2.20</span>", "*", "*", "维护"], ["广西壮族自治区", "珠江流域", "<span data-toggle='tooltip' data-placement='right' title='所在地市:崇左市&#10;所属河流:平而河'>平而关</span>", "06-01 08:00", "Ⅱ", "<span data-toggle='tooltip' data-placement='right' title='原始值：31.20959'>31.2</span>", "<span data-toggle='tooltip' data-placement='right' title='原始值：7.8254'>7.83</span>", "<span data-toggle='tooltip' data-placement='right' title='原始值：6.87563'>6.88</span>", "<span data-toggle='tooltip' data-placement='right' title='原始值：200.4813'>200.5</span>", "<span data-toggle='tooltip' data-placement='right' title='原始值：25.52599'>25.5</span>", "<span data-toggle='tooltip' data-placement='right' title='原始值：1.26513'>1.27</span>", "<span data-toggle='tooltip' data-placement='right' title='原始值：0.22'>0.220</span>", "*", "*", "*", "*", "正常"], ["重庆市", "长江流域", "<span data-toggle='tooltip' data-placement='right' title='所在地市:永川区&#10;所属河流:长江'>朱沱</span>", null, "", "--", "--", "--", "--", "--", "--", "--", "--", "--", "*", "*", "停站"], ["四川省", "长江流域", "<span data-toggle='tooltip' data-placement='right' title='所在地市:攀枝花市&#10;所属河流:金沙江'>龙洞</span>", "06-01 08:00", "Ⅰ", "<span data-toggle='tooltip' data-placement='right' title='原始值：18.9385'>18.9</span>", "<span data-toggle='tooltip' data-placement='right' title='原始值：8.02698'>8.03</span>", "<span data-toggle='tooltip' data-placement='right' title='原始值：8.69309'>8.69</span>", "<span data-toggle='tooltip' data-placement='right' title='原始值：603.1703'>603.2</span>", "<span data-toggle='tooltip' data-placement='right' title='原始值：1.68124'>1.7</span>", "<span data-toggle='tooltip' data-placement='right' title='原始值：1.33'>1.33</span>", "<span data-toggle='tooltip' data-placement='right' title='原始值：0.05'>0.050</span>", "<span data-toggle='tooltip' data-placement='right' title='原始值：0.00456'>0.005</span>", "<span data-toggle='tooltip' data-placement='right' title='原始值：0.32278'>0.32</span>", "*", "*", "正常"], ["四川省", "长江流域", "<span data-toggle='tooltip' data-placement='right' title='所在地市:泸州市&#10;所属河流:沱江'>沱江大桥(沱江二桥)</span>", null, "", "--", "--", "--", "--", "--", "--", "--", "--", "--", "*", "*", "停站"], ["四川省", "长江流域", "<span data-toggle='tooltip' data-placement='right' title='所在地市:广元市&#10;所属河流:嘉陵江'>清风峡</span>", "06-01 08:00", "Ⅰ", "<span data-toggle='tooltip' data-placement='right' title='原始值：23.89999'>23.9</span>", "<span data-toggle='tooltip' data-placement='right' title='原始值：8.10999'>8.11</span>", "<span data-toggle='tooltip' data-placement='right' title='原始值：8.44324'>8.44</span>", "<span data-toggle='tooltip' data-placement='right' title='原始值：354'>354.0</span>", "<span data-toggle='tooltip' data-placement='right' title='原始值：70.09907'>70.1</span>", "<span data-toggle='tooltip' data-placement='right' title='原始值：0.76'>0.76</span>", "<span data-toggle='tooltip' data-placement='right' title='原始值：0.03382'>0.034</span>", "*", "*", "*", "*", "正常"], ["四川省", "长江流域", "<span data-toggle='tooltip' data-placement='right' title='所在地市:乐山市&#10;所属河流:岷江'>岷江大桥</span>", "06-01 08:00", "Ⅱ", "<span data-toggle='tooltip' data-placement='right' title='原始值：25.99804'>26.0</span>", "<span data-toggle='tooltip' data-placement='right' title='原始值：7.62469'>7.62</span>", "<span data-toggle='tooltip' data-placement='right' title='原始值：7.08482'>7.08</span>", "<span data-toggle='tooltip' data-placement='right' title='原始值：517.0125'>517.0</span>", "<span data-toggle='tooltip' data-placement='right' title='原始值：20.615'>20.6</span>", "<span data-toggle='tooltip' data-placement='right' title='原始值：3.44'>3.44</span>", "<span data-toggle='tooltip' data-placement='right' title='原始值：0.25'>0.250</span>", "*", "*", "*", "*", "正常"], ["四川省", "长江流域", "<span data-toggle='tooltip' data-placement='right' title='所在地市:宜宾市&#10;所属河流:岷江'>凉姜沟</span>", null, "", "--", "--", "--", "--", "--", "--", "--", "--", "--", "*", "*", "停站"], ["云南省", "滇池流域", "<span data-toggle='tooltip' data-placement='right' title='所在地市:昆明市&#10;所属河流:滇池'>西苑隧道</span>", "06-01 08:02", "Ⅴ", "<span data-toggle='tooltip' data-placement='right' title='原始值：22.33922'>22.3</span>", "<span data-toggle='tooltip' data-placement='right' title='原始值：7.03266'>7.03</span>", "<span data-toggle='tooltip' data-placement='right' title='原始值：3.87683'>3.88</span>", "<span data-toggle='tooltip' data-placement='right' title='原始值：652.0002'>652.0</span>", "<span data-toggle='tooltip' data-placement='right' title='原始值：23.37416'>23.4</span>", "<span data-toggle='tooltip' data-placement='right' title='原始值：13.27002'>13.27</span>", "<span data-toggle='tooltip' data-placement='right' title='原始值：0.44'>0.440</span>", "<span data-toggle='tooltip' data-placement='right' title='原始值：0.18831'>0.188</span>", "<span data-toggle='tooltip' data-placement='right' title='原始值：0.74731'>0.75</span>", "<span data-toggle='tooltip' data-placement='right' title='原始值：0.04396'>0.044</span>", "<span data-toggle='tooltip' data-placement='right' title='原始值：7714200'>7714200</span>", "正常"], ["云南省", "滇池流域", "<span data-toggle='tooltip' data-placement='right' title='所在地市:昆明市&#10;所属河流:滇池'>观音山</span>", "06-01 04:00", "Ⅴ", "<span data-toggle='tooltip' data-placement='right' title='原始值：21.51614'>21.5</span>", "<span data-toggle='tooltip' data-placement='right' title='原始值：8.08815'>8.09</span>", "<span data-toggle='tooltip' data-placement='right' title='原始值：5.26247'>5.26</span>", "<span data-toggle='tooltip' data-placement='right' title='原始值：434.8712'>434.9</span>", "<span data-toggle='tooltip' data-placement='right' title='原始值：142.0461'>142.0</span>", "<span data-toggle='tooltip' data-placement='right' title='原始值：10.53'>10.53</span>", "<span data-toggle='tooltip' data-placement='right' title='原始值：0.17'>0.170</span>", "<span data-toggle='tooltip' data-placement='right' title='原始值：0.1155'>0.116</span>", "<span data-toggle='tooltip' data-placement='right' title='原始值：1.399'>1.40</span>", "<span data-toggle='tooltip' data-placement='right' title='原始值：0.03246'>0.032</span>", "<span data-toggle='tooltip' data-placement='right' title='原始值：7699886'>7699886</span>", "正常"], ["云南省", "西南诸河", "<span data-toggle='tooltip' data-placement='right' title='所在地市:红河哈尼族彝族自治州&#10;所属河流:红河'>河口县医院(河口)</span>", "06-01 08:00", "Ⅰ", "<span data-toggle='tooltip' data-placement='right' title='原始值：27.6'>27.6</span>", "<span data-toggle='tooltip' data-placement='right' title='原始值：7.74937'>7.75</span>", "<span data-toggle='tooltip' data-placement='right' title='原始值：7.51'>7.51</span>", "<span data-toggle='tooltip' data-placement='right' title='原始值：165'>165.0</span>", "<span data-toggle='tooltip' data-placement='right' title='原始值：87.41202'>87.4</span>", "<span data-toggle='tooltip' data-placement='right' title='原始值：1.25'>1.25</span>", "<span data-toggle='tooltip' data-placement='right' title='原始值：0.10341'>0.103</span>", "<span data-toggle='tooltip' data-placement='right' title='原始值：0.01651'>0.017</span>", "<span data-toggle='tooltip' data-placement='right' title='原始值：1.15066'>1.15</span>", "*", "*", "正常"], ["云南省", "西南诸河", "<span data-toggle='tooltip' data-placement='right' title='所在地市:西双版纳傣族自治州&#10;所属河流:澜沧江'>橄榄坝</span>", "06-01 08:01", "Ⅲ", "<span data-toggle='tooltip' data-placement='right' title='原始值：17.82108'>17.8</span>", "<span data-toggle='tooltip' data-placement='right' title='原始值：7.38775'>7.39</span>", "<span data-toggle='tooltip' data-placement='right' title='原始值：5.95876'>5.96</span>", "<span data-toggle='tooltip' data-placement='right' title='原始值：690.9748'>691.0</span>", "<span data-toggle='tooltip' data-placement='right' title='原始值：5.96153'>6.0</span>", "<span data-toggle='tooltip' data-placement='right' title='原始值：0.94'>0.94</span>", "<span data-toggle='tooltip' data-placement='right' title='原始值：0.08442'>0.084</span>", "*", "*", "*", "*", "正常"], ["陕西省", "黄河流域", "<span data-toggle='tooltip' data-placement='right' title='所在地市:渭南市&#10;所属河流:渭河'>潼关吊桥</span>", "06-01 08:00", "Ⅲ", "<span data-toggle='tooltip' data-placement='right' title='原始值：24.3'>24.3</span>", "<span data-toggle='tooltip' data-placement='right' title='原始值：8.71992'>8.72</span>", "<span data-toggle='tooltip' data-placement='right' title='原始值：9.69211'>9.69</span>", "<span data-toggle='tooltip' data-placement='right' title='原始值：764.2583'>764.3</span>", "<span data-toggle='tooltip' data-placement='right' title='原始值：579.5851'>579.6</span>", "<span data-toggle='tooltip' data-placement='right' title='原始值：5.28'>5.28</span>", "<span data-toggle='tooltip' data-placement='right' title='原始值：0.2'>0.200</span>", "<span data-toggle='tooltip' data-placement='right' title='原始值：0.07543'>0.075</span>", "<span data-toggle='tooltip' data-placement='right' title='原始值：5.26431'>5.26</span>", "*", "*", "正常"], ["甘肃省", "黄河流域", "<span data-toggle='tooltip' data-placement='right' title='所在地市:兰州市&#10;所属河流:黄河'>新城桥</span>", "06-01 08:00", "Ⅱ", "<span data-toggle='tooltip' data-placement='right' title='原始值：14.60881'>14.6</span>", "<span data-toggle='tooltip' data-placement='right' title='原始值：6.83298'>6.83</span>", "<span data-toggle='tooltip' data-placement='right' title='原始值：7.78245'>7.78</span>", "<span data-toggle='tooltip' data-placement='right' title='原始值：463.394'>463.4</span>", "<span data-toggle='tooltip' data-placement='right' title='原始值：56.02236'>56.0</span>", "<span data-toggle='tooltip' data-placement='right' title='原始值：1.93'>1.93</span>", "<span data-toggle='tooltip' data-placement='right' title='原始值：0.14'>0.140</span>", "<span data-toggle='tooltip' data-placement='right' title='原始值：0.02214'>0.022</span>", "<span data-toggle='tooltip' data-placement='right' title='原始值：1.90117'>1.90</span>", "*", "*", "正常"], ["宁夏回族自治区", "黄河流域", "<span data-toggle='tooltip' data-placement='right' title='所在地市:中卫市&#10;所属河流:黄河'>中卫下河沿(新墩)</span>", "06-01 08:00", "Ⅱ", "<span data-toggle='tooltip' data-placement='right' title='原始值：17.67161'>17.7</span>", "<span data-toggle='tooltip' data-placement='right' title='原始值：8.0384'>8.04</span>", "<span data-toggle='tooltip' data-placement='right' title='原始值：7.63047'>7.63</span>", "<span data-toggle='tooltip' data-placement='right' title='原始值：467.2757'>467.3</span>", "<span data-toggle='tooltip' data-placement='right' title='原始值：175.0645'>175.1</span>", "<span data-toggle='tooltip' data-placement='right' title='原始值：2.29'>2.29</span>", "<span data-toggle='tooltip' data-placement='right' title='原始值：0.08'>0.080</span>", "<span data-toggle='tooltip' data-placement='right' title='原始值：0.0408'>0.041</span>", "<span data-toggle='tooltip' data-placement='right' title='原始值：2.4325'>2.43</span>", "*", "*", "正常"]]}