{"result": 1, "total": 1, "records": 98, "thead": ["省份", "流域", "断面名称", "监测时间", "水质类别", "水温<br/><span class='unit'>(℃)</span>", "pH<br/><span class='unit'>(无量纲)</span>", "溶解氧<br/><span class='unit'>(mg/L)</span>", "电导率<br/><span class='unit'>(μS/cm)</span>", "浊度<br/><span class='unit'>(NTU)</span>", "高锰酸盐指数<br/><span class='unit'>(mg/L)</span>", "氨氮<br/><span class='unit'>(mg/L)</span>", "总磷<br/><span class='unit'>(mg/L)</span>", "总氮<br/><span class='unit'>(mg/L)</span>", "叶绿素α<br/><span class='unit'>(mg/L)</span>", "藻密度<br/><span class='unit'>(cells/L)</span>", "站点情况"], "tbody": [["北京市", "海河流域", "<span data-toggle='tooltip' data-placement='right' title='所在地市:门头沟区&#10;所属河流:永定河'>沿河城</span>", null, "", "--", "--", "--", "--", "--", "--", "--", "--", "--", "*", "*", "维护"], ["北京市", "海河流域", "<span data-toggle='tooltip' data-placement='right' title='所在地市:密云区&#10;所属河流:潮河'>古北口</span>", "06-16 08:00", "", "<span data-toggle='tooltip' data-placement='right' title='原始值：24.00784'>24.0</span>", "<span data-toggle='tooltip' data-placement='right' title='原始值：7.20253'>7.20</span>", "<span data-toggle='tooltip' data-placement='right' title='原始值：7.77793'>7.78</span>", "<span data-toggle='tooltip' data-placement='right' title='原始值：633.8295'>633.8</span>", "<span data-toggle='tooltip' data-placement='right' title='原始值：4.04741'>4.0</span>", "<span data-toggle='tooltip' data-placement='right' title='原始值：1.2375'>1.24</span>", "<span data-toggle='tooltip' data-placement='right' title='原始值：0.27'>0.270</span>", "<span data-toggle='tooltip' data-placement='right' title='极值过滤'>--</span>", "<span data-toggle='tooltip' data-placement='right' title='原始值：3.0159'>3.02</span>", "*", "*", "维护"], ["天津市", "海河流域", "<span data-toggle='tooltip' data-placement='right' title='所在地市:河北区&#10;所属河流:海河'>三岔口</span>", "06-16 08:00", "Ⅲ", "<span data-toggle='tooltip' data-placement='right' title='原始值：26.9257'>26.9</span>", "<span data-toggle='tooltip' data-placement='right' title='原始值：7.6667'>7.67</span>", "<span data-toggle='tooltip' data-placement='right' title='原始值：6.527'>6.53</span>", "<span data-toggle='tooltip' data-placement='right' title='原始值：485.1585'>485.2</span>", "<span data-toggle='tooltip' data-placement='right' title='原始值：25.887'>25.9</span>", "<span data-toggle='tooltip' data-placement='right' title='原始值：3.54'>3.54</span>", "<span data-toggle='tooltip' data-placement='right' title='原始值：0.62'>0.620</span>", "<span data-toggle='tooltip' data-placement='right' title='原始值：0.1274'>0.127</span>", "<span data-toggle='tooltip' data-placement='right' title='原始值：0.5071'>0.51</span>", "*", "*", "正常"], ["天津市", "海河流域", "<span data-toggle='tooltip' data-placement='right' title='所在地市:蓟州区&#10;所属河流:果河'>果河桥</span>", "06-16 08:00", "Ⅱ", "<span data-toggle='tooltip' data-placement='right' title='原始值：27.2'>27.2</span>", "<span data-toggle='tooltip' data-placement='right' title='原始值：8.576'>8.58</span>", "<span data-toggle='tooltip' data-placement='right' title='原始值：11.33'>11.33</span>", "<span data-toggle='tooltip' data-placement='right' title='原始值：564.239'>564.2</span>", "<span data-toggle='tooltip' data-placement='right' title='原始值：3.397'>3.4</span>", "<span data-toggle='tooltip' data-placement='right' title='原始值：2.1613'>2.16</span>", "<span data-toggle='tooltip' data-placement='right' title='原始值：0.06'>0.060</span>", "<span data-toggle='tooltip' data-placement='right' title='原始值：0.0201'>0.020</span>", "<span data-toggle='tooltip' data-placement='right' title='原始值：3.2143'>3.21</span>", "*", "*", "正常"], ["河北省", "海河流域", "<span data-toggle='tooltip' data-placement='right' title='所在地市:石家庄市&#10;所属河流:滹沱河'>岗南水库</span>", "06-16 08:00", "Ⅱ", "<span data-toggle='tooltip' data-placement='right' title='原始值：25.50453'>25.5</span>", "<span data-toggle='tooltip' data-placement='right' title='原始值：8.44101'>8.44</span>", "<span data-toggle='tooltip' data-placement='right' title='原始值：9.22207'>9.22</span>", "<span data-toggle='tooltip' data-placement='right' title='原始值：571.3068'>571.3</span>", "<span data-toggle='tooltip' data-placement='right' title='原始值：7.0225'>7.0</span>", "<span data-toggle='tooltip' data-placement='right' title='原始值：2.16159'>2.16</span>", "<span data-toggle='tooltip' data-placement='right' title='原始值：0.08'>0.080</span>", "<span data-toggle='tooltip' data-placement='right' title='原始值：0.01142'>0.011</span>", "<span data-toggle='tooltip' data-placement='right' title='原始值：2.0882'>2.09</span>", "*", "*", "正常"], ["河北省", "海河流域", "<span data-toggle='tooltip' data-placement='right' title='所在地市:张家口市&#10;所属河流:永定河'>八号桥</span>", null, "", "--", "--", "--", "--", "--", "--", "--", "--", "--", "*", "*", "停站"], ["山西省", "黄河流域", "<span data-toggle='tooltip' data-placement='right' title='所在地市:运城市&#10;所属河流:汾河'>河津大桥</span>", "06-16 08:00", "Ⅳ", "<span data-toggle='tooltip' data-placement='right' title='原始值：24.63287'>24.6</span>", "<span data-toggle='tooltip' data-placement='right' title='原始值：7.65579'>7.66</span>", "<span data-toggle='tooltip' data-placement='right' title='原始值：5.46195'>5.46</span>", "<span data-toggle='tooltip' data-placement='right' title='原始值：1132.366'>1132.4</span>", "<span data-toggle='tooltip' data-placement='right' title='原始值：300.711'>300.7</span>", "<span data-toggle='tooltip' data-placement='right' title='原始值：7.75'>7.75</span>", "<span data-toggle='tooltip' data-placement='right' title='原始值：1.19'>1.190</span>", "*", "*", "*", "*", "正常"], ["山西省", "黄河流域", "<span data-toggle='tooltip' data-placement='right' title='所在地市:忻州市&#10;所属河流:黄河'>万家寨水库</span>", "06-16 08:00", "", "<span data-toggle='tooltip' data-placement='right' title='原始值：22.33521'>22.3</span>", "<span data-toggle='tooltip' data-placement='right' title='极值过滤'>--</span>", "<span data-toggle='tooltip' data-placement='right' title='原始值：8.01255'>8.01</span>", "<span data-toggle='tooltip' data-placement='right' title='原始值：908.0513'>908.1</span>", "<span data-toggle='tooltip' data-placement='right' title='原始值：15.23135'>15.2</span>", "<span data-toggle='tooltip' data-placement='right' title='极值过滤'>--</span>", "<span data-toggle='tooltip' data-placement='right' title='原始值：0.26'>0.260</span>", "<span data-toggle='tooltip' data-placement='right' title='原始值：0.0457'>0.046</span>", "<span data-toggle='tooltip' data-placement='right' title='原始值：1.575'>1.58</span>", "*", "*", "维护"], ["内蒙古自治区", "黄河流域", "<span data-toggle='tooltip' data-placement='right' title='所在地市:包头市&#10;所属河流:黄河'>画匠营子</span>", "06-16 08:00", "Ⅱ", "<span data-toggle='tooltip' data-placement='right' title='原始值：19.66221'>19.7</span>", "<span data-toggle='tooltip' data-placement='right' title='原始值：7.5746'>7.57</span>", "<span data-toggle='tooltip' data-placement='right' title='原始值：7.30756'>7.31</span>", "<span data-toggle='tooltip' data-placement='right' title='原始值：986.6052'>986.6</span>", "<span data-toggle='tooltip' data-placement='right' title='原始值：672.559'>672.6</span>", "<span data-toggle='tooltip' data-placement='right' title='原始值：3.12505'>3.13</span>", "<span data-toggle='tooltip' data-placement='right' title='原始值：0.03982'>0.040</span>", "*", "*", "*", "*", "正常"], ["内蒙古自治区", "黄河流域", "<span data-toggle='tooltip' data-placement='right' title='所在地市:乌海市&#10;所属河流:黄河'>海勃湾</span>", "06-16 08:05", "Ⅱ", "<span data-toggle='tooltip' data-placement='right' title='原始值：22.47596'>22.5</span>", "<span data-toggle='tooltip' data-placement='right' title='原始值：7.64116'>7.64</span>", "<span data-toggle='tooltip' data-placement='right' title='原始值：6.48301'>6.48</span>", "<span data-toggle='tooltip' data-placement='right' title='原始值：838.9238'>838.9</span>", "<span data-toggle='tooltip' data-placement='right' title='原始值：31.17485'>31.2</span>", "<span data-toggle='tooltip' data-placement='right' title='原始值：2.54'>2.54</span>", "<span data-toggle='tooltip' data-placement='right' title='原始值：0.11'>0.110</span>", "*", "*", "*", "*", "正常"], ["内蒙古自治区", "松花江流域", "<span data-toggle='tooltip' data-placement='right' title='所在地市:呼伦贝尔市&#10;所属河流:额尔古纳河'>黑山头</span>", null, "", "--", "--", "--", "--", "--", "--", "--", "--", "--", "*", "*", "停站"], ["辽宁省", "辽河流域", "<span data-toggle='tooltip' data-placement='right' title='所在地市:抚顺市&#10;所属河流:浑河'>大伙房水库</span>", "06-16 08:00", "", "<span data-toggle='tooltip' data-placement='right' title='原始值：21.36398'>21.4</span>", "<span data-toggle='tooltip' data-placement='right' title='原始值：6.95589'>6.96</span>", "<span data-toggle='tooltip' data-placement='right' title='原始值：8.49627'>8.50</span>", "<span data-toggle='tooltip' data-placement='right' title='原始值：343.1248'>343.1</span>", "<span data-toggle='tooltip' data-placement='right' title='原始值：7.99571'>8.0</span>", "<span data-toggle='tooltip' data-placement='right' title='原始值：2.47'>2.47</span>", "<span data-toggle='tooltip' data-placement='right' title='极值过滤'>--</span>", "<span data-toggle='tooltip' data-placement='right' title='极值过滤'>--</span>", "<span data-toggle='tooltip' data-placement='right' title='极值过滤'>--</span>", "<span data-toggle='tooltip' data-placement='right' title='原始值：0.00082'>0.001</span>", "*", "维护"], ["辽宁省", "辽河流域", "<span data-toggle='tooltip' data-placement='right' title='所在地市:丹东市&#10;所属河流:鸭绿江'>江桥</span>", "06-16 08:00", "Ⅱ", "<span data-toggle='tooltip' data-placement='right' title='原始值：16.2'>16.2</span>", "<span data-toggle='tooltip' data-placement='right' title='原始值：6.75'>6.75</span>", "<span data-toggle='tooltip' data-placement='right' title='原始值：9.33746'>9.34</span>", "<span data-toggle='tooltip' data-placement='right' title='原始值：146'>146.0</span>", "<span data-toggle='tooltip' data-placement='right' title='原始值：0.52578'>0.5</span>", "<span data-toggle='tooltip' data-placement='right' title='原始值：2.65'>2.65</span>", "<span data-toggle='tooltip' data-placement='right' title='原始值：0.4073'>0.407</span>", "<span data-toggle='tooltip' data-placement='right' title='原始值：0.01685'>0.017</span>", "<span data-toggle='tooltip' data-placement='right' title='原始值：2.06106'>2.06</span>", "*", "*", "正常"], ["辽宁省", "辽河流域", "<span data-toggle='tooltip' data-placement='right' title='所在地市:营口市&#10;所属河流:大辽河'>辽河公园</span>", "06-16 08:05", "劣Ⅴ", "<span data-toggle='tooltip' data-placement='right' title='原始值：22.45061'>22.5</span>", "<span data-toggle='tooltip' data-placement='right' title='原始值：5.68798'>5.69</span>", "<span data-toggle='tooltip' data-placement='right' title='原始值：8.76603'>8.77</span>", "<span data-toggle='tooltip' data-placement='right' title='原始值：29145.57'>29145.6</span>", "<span data-toggle='tooltip' data-placement='right' title='原始值：72.24512'>72.2</span>", "<span data-toggle='tooltip' data-placement='right' title='原始值：3.10058'>3.10</span>", "<span data-toggle='tooltip' data-placement='right' title='原始值：0.12531'>0.125</span>", "<span data-toggle='tooltip' data-placement='right' title='原始值：0.14859'>0.149</span>", "<span data-toggle='tooltip' data-placement='right' title='原始值：3.84936'>3.85</span>", "*", "*", "正常"], ["辽宁省", "辽河流域", "<span data-toggle='tooltip' data-placement='right' title='所在地市:辽阳市&#10;所属河流:太子河'>汤河水库</span>", "06-16 04:00", "Ⅳ", "<span data-toggle='tooltip' data-placement='right' title='原始值：16.7'>16.7</span>", "<span data-toggle='tooltip' data-placement='right' title='原始值：7.75'>7.75</span>", "<span data-toggle='tooltip' data-placement='right' title='原始值：4.54'>4.54</span>", "<span data-toggle='tooltip' data-placement='right' title='原始值：492.4829'>492.5</span>", "<span data-toggle='tooltip' data-placement='right' title='原始值：27.80315'>27.8</span>", "<span data-toggle='tooltip' data-placement='right' title='原始值：1.06'>1.06</span>", "<span data-toggle='tooltip' data-placement='right' title='原始值：0.03076'>0.031</span>", "<span data-toggle='tooltip' data-placement='right' title='原始值：0.00977'>0.010</span>", "<span data-toggle='tooltip' data-placement='right' title='原始值：1.92308'>1.92</span>", "*", "*", "正常"], ["辽宁省", "辽河流域", "<span data-toggle='tooltip' data-placement='right' title='所在地市:盘锦市&#10;所属河流:辽河'>盘锦兴安(兴安)</span>", "06-16 08:00", "Ⅲ", "<span data-toggle='tooltip' data-placement='right' title='原始值：23.53987'>23.5</span>", "<span data-toggle='tooltip' data-placement='right' title='原始值：7.24274'>7.24</span>", "<span data-toggle='tooltip' data-placement='right' title='原始值：6.59149'>6.59</span>", "<span data-toggle='tooltip' data-placement='right' title='原始值：1443.25'>1443.2</span>", "<span data-toggle='tooltip' data-placement='right' title='原始值：67.85205'>67.9</span>", "<span data-toggle='tooltip' data-placement='right' title='原始值：3.12807'>3.13</span>", "<span data-toggle='tooltip' data-placement='right' title='原始值：0.13'>0.130</span>", "<span data-toggle='tooltip' data-placement='right' title='原始值：0.1213'>0.121</span>", "<span data-toggle='tooltip' data-placement='right' title='原始值：1.56904'>1.57</span>", "*", "*", "正常"], ["辽宁省", "辽河流域", "<span data-toggle='tooltip' data-placement='right' title='所在地市:铁岭市&#10;所属河流:辽河'>珠尔山</span>", "06-16 08:00", "Ⅲ", "<span data-toggle='tooltip' data-placement='right' title='原始值：23.82157'>23.8</span>", "<span data-toggle='tooltip' data-placement='right' title='原始值：7.77214'>7.77</span>", "<span data-toggle='tooltip' data-placement='right' title='原始值：7.1342'>7.13</span>", "<span data-toggle='tooltip' data-placement='right' title='原始值：476.2349'>476.2</span>", "<span data-toggle='tooltip' data-placement='right' title='原始值：81.71653'>81.7</span>", "<span data-toggle='tooltip' data-placement='right' title='原始值：4.30904'>4.31</span>", "<span data-toggle='tooltip' data-placement='right' title='原始值：0.16'>0.160</span>", "<span data-toggle='tooltip' data-placement='right' title='原始值：0.13142'>0.131</span>", "<span data-toggle='tooltip' data-placement='right' title='原始值：1.69971'>1.70</span>", "*", "*", "正常"], ["吉林省", "松花江流域", "<span data-toggle='tooltip' data-placement='right' title='所在地市:长春市&#10;所属河流:松花江'>松花江村</span>", "06-16 08:04", "Ⅳ", "<span data-toggle='tooltip' data-placement='right' title='原始值：16.65206'>16.7</span>", "<span data-toggle='tooltip' data-placement='right' title='原始值：6.83976'>6.84</span>", "<span data-toggle='tooltip' data-placement='right' title='原始值：4.99057'>4.99</span>", "<span data-toggle='tooltip' data-placement='right' title='原始值：272.3672'>272.4</span>", "<span data-toggle='tooltip' data-placement='right' title='原始值：37.19655'>37.2</span>", "<span data-toggle='tooltip' data-placement='right' title='原始值：1.48733'>1.49</span>", "<span data-toggle='tooltip' data-placement='right' title='原始值：0.38'>0.380</span>", "<span data-toggle='tooltip' data-placement='right' title='原始值：0.20744'>0.207</span>", "<span data-toggle='tooltip' data-placement='right' title='原始值：3.86914'>3.87</span>", "*", "*", "正常"], ["吉林省", "松花江流域", "<span data-toggle='tooltip' data-placement='right' title='所在地市:白城市&#10;所属河流:嫩江'>白沙滩</span>", "06-16 08:00", "Ⅲ", "<span data-toggle='tooltip' data-placement='right' title='原始值：18.94139'>18.9</span>", "<span data-toggle='tooltip' data-placement='right' title='原始值：6.60524'>6.61</span>", "<span data-toggle='tooltip' data-placement='right' title='原始值：8.00791'>8.01</span>", "<span data-toggle='tooltip' data-placement='right' title='原始值：226.1835'>226.2</span>", "<span data-toggle='tooltip' data-placement='right' title='原始值：175.7688'>175.8</span>", "<span data-toggle='tooltip' data-placement='right' title='原始值：4.08'>4.08</span>", "<span data-toggle='tooltip' data-placement='right' title='原始值：0.23'>0.230</span>", "<span data-toggle='tooltip' data-placement='right' title='原始值：0.11586'>0.116</span>", "<span data-toggle='tooltip' data-placement='right' title='原始值：2.19474'>2.19</span>", "*", "*", "正常"], ["吉林省", "松花江流域", "<span data-toggle='tooltip' data-placement='right' title='所在地市:延边朝鲜族自治州&#10;所属河流:图们江'>圈河</span>", "06-16 08:00", "Ⅳ", "<span data-toggle='tooltip' data-placement='right' title='原始值：23.4'>23.4</span>", "<span data-toggle='tooltip' data-placement='right' title='原始值：8.72'>8.72</span>", "<span data-toggle='tooltip' data-placement='right' title='原始值：6.97'>6.97</span>", "<span data-toggle='tooltip' data-placement='right' title='原始值：232'>232.0</span>", "<span data-toggle='tooltip' data-placement='right' title='极值过滤'>--</span>", "<span data-toggle='tooltip' data-placement='right' title='原始值：6.02'>6.02</span>", "<span data-toggle='tooltip' data-placement='right' title='原始值：0.15291'>0.153</span>", "<span data-toggle='tooltip' data-placement='right' title='原始值：0.09912'>0.099</span>", "<span data-toggle='tooltip' data-placement='right' title='原始值：1.85067'>1.85</span>", "*", "*", "维护"], ["黑龙江省", "松花江流域", "<span data-toggle='tooltip' data-placement='right' title='所在地市:大庆市&#10;所属河流:松花江'>肇源</span>", null, "", "--", "--", "--", "--", "--", "--", "--", "--", "--", "*", "*", "停站"], ["黑龙江省", "松花江流域", "<span data-toggle='tooltip' data-placement='right' title='所在地市:佳木斯市&#10;所属河流:乌苏里江'>乌苏镇</span>", null, "", "--", "--", "--", "--", "--", "--", "--", "--", "--", "*", "*", "停站"], ["黑龙江省", "松花江流域", "<span data-toggle='tooltip' data-placement='right' title='所在地市:佳木斯市&#10;所属河流:松花江'>同江</span>", "06-16 08:00", "Ⅳ", "<span data-toggle='tooltip' data-placement='right' title='原始值：16.8862'>16.9</span>", "<span data-toggle='tooltip' data-placement='right' title='原始值：7.65626'>7.66</span>", "<span data-toggle='tooltip' data-placement='right' title='原始值：9.31252'>9.31</span>", "<span data-toggle='tooltip' data-placement='right' title='原始值：182.6174'>182.6</span>", "<span data-toggle='tooltip' data-placement='right' title='原始值：95.50211'>95.5</span>", "<span data-toggle='tooltip' data-placement='right' title='原始值：6.38132'>6.38</span>", "<span data-toggle='tooltip' data-placement='right' title='原始值：0.25269'>0.253</span>", "<span data-toggle='tooltip' data-placement='right' title='原始值：0.13184'>0.132</span>", "<span data-toggle='tooltip' data-placement='right' title='原始值：2.24062'>2.24</span>", "*", "*", "正常"], ["黑龙江省", "松花江流域", "<span data-toggle='tooltip' data-placement='right' title='所在地市:黑河市&#10;所属河流:黑龙江'>黑河下(黑河)</span>", null, "", "--", "--", "--", "--", "--", "--", "--", "--", "--", "*", "*", "停站"], ["上海市", "长江流域", "<span data-toggle='tooltip' data-placement='right' title='所在地市:青浦区&#10;所属河流:淀山湖'>急水港桥</span>", "06-16 08:00", "Ⅳ", "<span data-toggle='tooltip' data-placement='right' title='原始值：27.7'>27.7</span>", "<span data-toggle='tooltip' data-placement='right' title='原始值：6.93'>6.93</span>", "<span data-toggle='tooltip' data-placement='right' title='原始值：3.16'>3.16</span>", "<span data-toggle='tooltip' data-placement='right' title='原始值：696'>696.0</span>", "<span data-toggle='tooltip' data-placement='right' title='原始值：441.5'>441.5</span>", "<span data-toggle='tooltip' data-placement='right' title='原始值：4.46875'>4.47</span>", "<span data-toggle='tooltip' data-placement='right' title='原始值：0.26076'>0.261</span>", "<span data-toggle='tooltip' data-placement='right' title='原始值：0.06641'>0.066</span>", "<span data-toggle='tooltip' data-placement='right' title='原始值：2.40627'>2.41</span>", "<span data-toggle='tooltip' data-placement='right' title='原始值：0.00527'>0.005</span>", "<span data-toggle='tooltip' data-placement='right' title='原始值：4512062'>4512062</span>", "正常"], ["江苏省", "长江流域", "<span data-toggle='tooltip' data-placement='right' title='所在地市:南京市&#10;所属河流:长江'>林山</span>", null, "", "--", "--", "--", "--", "--", "--", "--", "--", "--", "*", "*", "停站"], ["江苏省", "太湖流域", "<span data-toggle='tooltip' data-placement='right' title='所在地市:无锡市&#10;所属河流:太湖'>沙渚</span>", "06-16 08:00", "Ⅲ", "<span data-toggle='tooltip' data-placement='right' title='原始值：26.22963'>26.2</span>", "<span data-toggle='tooltip' data-placement='right' title='原始值：7.429963'>7.43</span>", "<span data-toggle='tooltip' data-placement='right' title='原始值：5.916028'>5.92</span>", "<span data-toggle='tooltip' data-placement='right' title='原始值：420.4663'>420.5</span>", "<span data-toggle='tooltip' data-placement='right' title='原始值：26.72335'>26.7</span>", "<span data-toggle='tooltip' data-placement='right' title='原始值：5.59'>5.59</span>", "<span data-toggle='tooltip' data-placement='right' title='原始值：0.29'>0.290</span>", "<span data-toggle='tooltip' data-placement='right' title='原始值：0.05'>0.050</span>", "<span data-toggle='tooltip' data-placement='right' title='原始值：1.155'>1.16</span>", "*", "*", "正常"], ["江苏省", "淮河流域", "<span data-toggle='tooltip' data-placement='right' title='所在地市:徐州市&#10;所属河流:武河'>小红圈</span>", "06-16 08:00", "Ⅳ", "<span data-toggle='tooltip' data-placement='right' title='原始值：28.2'>28.2</span>", "<span data-toggle='tooltip' data-placement='right' title='原始值：7.45'>7.45</span>", "<span data-toggle='tooltip' data-placement='right' title='原始值：4.63'>4.63</span>", "<span data-toggle='tooltip' data-placement='right' title='原始值：638'>638.0</span>", "<span data-toggle='tooltip' data-placement='right' title='原始值：10.7'>10.7</span>", "<span data-toggle='tooltip' data-placement='right' title='原始值：4.12'>4.12</span>", "<span data-toggle='tooltip' data-placement='right' title='原始值：0.11'>0.110</span>", "*", "*", "*", "*", "正常"], ["江苏省", "淮河流域", "<span data-toggle='tooltip' data-placement='right' title='所在地市:徐州市&#10;所属河流:沿河'>李集桥</span>", "06-16 08:00", "", "<span data-toggle='tooltip' data-placement='right' title='原始值：27.3'>27.3</span>", "<span data-toggle='tooltip' data-placement='right' title='原始值：7.85'>7.85</span>", "<span data-toggle='tooltip' data-placement='right' title='原始值：5.63'>5.63</span>", "<span data-toggle='tooltip' data-placement='right' title='原始值：958.7'>958.7</span>", "<span data-toggle='tooltip' data-placement='right' title='原始值：160.67'>160.7</span>", "<span data-toggle='tooltip' data-placement='right' title='原始值：4.61'>4.61</span>", "<span data-toggle='tooltip' data-placement='right' title='原始值：0.035'>0.035</span>", "<span data-toggle='tooltip' data-placement='right' title='极值过滤'>--</span>", "<span data-toggle='tooltip' data-placement='right' title='原始值：1.331'>1.33</span>", "*", "*", "维护"], ["江苏省", "淮河流域", "<span data-toggle='tooltip' data-placement='right' title='所在地市:徐州市&#10;所属河流:邳苍分洪道'>艾山西大桥</span>", "06-16 08:00", "Ⅲ", "<span data-toggle='tooltip' data-placement='right' title='原始值：27.6147'>27.6</span>", "<span data-toggle='tooltip' data-placement='right' title='原始值：8.29476'>8.29</span>", "<span data-toggle='tooltip' data-placement='right' title='原始值：19.37'>19.37</span>", "<span data-toggle='tooltip' data-placement='right' title='原始值：398.164'>398.2</span>", "<span data-toggle='tooltip' data-placement='right' title='原始值：436.847'>436.8</span>", "<span data-toggle='tooltip' data-placement='right' title='原始值：5.94'>5.94</span>", "<span data-toggle='tooltip' data-placement='right' title='原始值：0.15'>0.150</span>", "<span data-toggle='tooltip' data-placement='right' title='原始值：0.05704'>0.057</span>", "<span data-toggle='tooltip' data-placement='right' title='原始值：0.82001'>0.82</span>", "*", "*", "正常"], ["江苏省", "太湖流域", "<span data-toggle='tooltip' data-placement='right' title='所在地市:苏州市&#10;所属河流:太湖'>兰山嘴(老)</span>", "06-16 08:00", "Ⅳ", "<span data-toggle='tooltip' data-placement='right' title='原始值：27.85706'>27.9</span>", "<span data-toggle='tooltip' data-placement='right' title='原始值：6.90465'>6.90</span>", "<span data-toggle='tooltip' data-placement='right' title='原始值：3.11147'>3.11</span>", "<span data-toggle='tooltip' data-placement='right' title='原始值：437.2677'>437.3</span>", "<span data-toggle='tooltip' data-placement='right' title='原始值：18.75547'>18.8</span>", "<span data-toggle='tooltip' data-placement='right' title='原始值：2.37'>2.37</span>", "<span data-toggle='tooltip' data-placement='right' title='原始值：0.61'>0.610</span>", "<span data-toggle='tooltip' data-placement='right' title='原始值：0.06824'>0.068</span>", "<span data-toggle='tooltip' data-placement='right' title='原始值：2.21803'>2.22</span>", "*", "*", "正常"], ["江苏省", "太湖流域", "<span data-toggle='tooltip' data-placement='right' title='所在地市:苏州市&#10;所属河流:太湖'>西山</span>", "06-16 04:00", "Ⅳ", "<span data-toggle='tooltip' data-placement='right' title='原始值：29.24498'>29.2</span>", "<span data-toggle='tooltip' data-placement='right' title='原始值：7.21168'>7.21</span>", "<span data-toggle='tooltip' data-placement='right' title='原始值：5.36725'>5.37</span>", "<span data-toggle='tooltip' data-placement='right' title='原始值：425.4791'>425.5</span>", "<span data-toggle='tooltip' data-placement='right' title='原始值：55.98869'>56.0</span>", "<span data-toggle='tooltip' data-placement='right' title='原始值：2.52'>2.52</span>", "<span data-toggle='tooltip' data-placement='right' title='原始值：0.19'>0.190</span>", "<span data-toggle='tooltip' data-placement='right' title='原始值：0.0543'>0.054</span>", "<span data-toggle='tooltip' data-placement='right' title='原始值：0.2517'>0.25</span>", "*", "*", "正常"], ["江苏省", "淮河流域", "<span data-toggle='tooltip' data-placement='right' title='所在地市:连云港市&#10;所属河流:新沭河'>大兴桥</span>", "06-16 08:00", "Ⅲ", "<span data-toggle='tooltip' data-placement='right' title='原始值：27.6'>27.6</span>", "<span data-toggle='tooltip' data-placement='right' title='原始值：8.4'>8.40</span>", "<span data-toggle='tooltip' data-placement='right' title='原始值：10.68'>10.68</span>", "<span data-toggle='tooltip' data-placement='right' title='原始值：1437.6'>1437.6</span>", "<span data-toggle='tooltip' data-placement='right' title='原始值：311.25'>311.2</span>", "<span data-toggle='tooltip' data-placement='right' title='原始值：4.93'>4.93</span>", "<span data-toggle='tooltip' data-placement='right' title='原始值：0.052'>0.052</span>", "*", "*", "*", "*", "正常"], ["江苏省", "淮河流域", "<span data-toggle='tooltip' data-placement='right' title='所在地市:淮安市&#10;所属河流:淮河'>淮河大桥</span>", null, "", "--", "--", "--", "--", "--", "--", "--", "--", "--", "*", "*", "维护"], ["江苏省", "长江流域", "<span data-toggle='tooltip' data-placement='right' title='所在地市:扬州市&#10;所属河流:夹江'>三江营</span>", null, "", "--", "--", "--", "--", "--", "--", "--", "--", "--", "*", "*", "停站"], ["江苏省", "淮河流域", "<span data-toggle='tooltip' data-placement='right' title='所在地市:宿迁市&#10;所属河流:新濉河'>大屈</span>", "06-16 08:00", "Ⅲ", "<span data-toggle='tooltip' data-placement='right' title='原始值：27.1'>27.1</span>", "<span data-toggle='tooltip' data-placement='right' title='原始值：7.74'>7.74</span>", "<span data-toggle='tooltip' data-placement='right' title='原始值：5.89'>5.89</span>", "<span data-toggle='tooltip' data-placement='right' title='原始值：923.4'>923.4</span>", "<span data-toggle='tooltip' data-placement='right' title='原始值：64.12'>64.1</span>", "<span data-toggle='tooltip' data-placement='right' title='原始值：5.42'>5.42</span>", "<span data-toggle='tooltip' data-placement='right' title='原始值：0.19'>0.190</span>", "<span data-toggle='tooltip' data-placement='right' title='原始值：0.022'>0.022</span>", "<span data-toggle='tooltip' data-placement='right' title='原始值：2.287'>2.29</span>", "*", "*", "正常"], ["浙江省", "浙闽片河流", "<span data-toggle='tooltip' data-placement='right' title='所在地市:杭州市&#10;所属河流:新安江'>街口(鸠坑口)</span>", null, "", "--", "--", "--", "--", "--", "--", "--", "--", "--", "*", "*", "停站"], ["浙江省", "太湖流域", "<span data-toggle='tooltip' data-placement='right' title='所在地市:嘉兴市&#10;所属河流:斜路港河'>斜路港</span>", "06-16 08:00", "Ⅴ", "<span data-toggle='tooltip' data-placement='right' title='原始值：28.5'>28.5</span>", "<span data-toggle='tooltip' data-placement='right' title='原始值：7.24'>7.24</span>", "<span data-toggle='tooltip' data-placement='right' title='原始值：2.99'>2.99</span>", "<span data-toggle='tooltip' data-placement='right' title='原始值：565'>565.0</span>", "<span data-toggle='tooltip' data-placement='right' title='原始值：220.8'>220.8</span>", "<span data-toggle='tooltip' data-placement='right' title='原始值：3.39'>3.39</span>", "<span data-toggle='tooltip' data-placement='right' title='原始值：0.04445'>0.044</span>", "<span data-toggle='tooltip' data-placement='right' title='原始值：0.07858'>0.079</span>", "<span data-toggle='tooltip' data-placement='right' title='原始值：2.61387'>2.61</span>", "*", "*", "正常"], ["浙江省", "太湖流域", "<span data-toggle='tooltip' data-placement='right' title='所在地市:嘉兴市&#10;所属河流:京杭运河'>王江泾</span>", null, "", "--", "--", "--", "--", "--", "--", "--", "--", "--", "*", "*", "停站"], ["浙江省", "太湖流域", "<span data-toggle='tooltip' data-placement='right' title='所在地市:湖州市&#10;所属河流:西苕溪'>新港口(新塘港)</span>", "06-16 08:00", "Ⅲ", "<span data-toggle='tooltip' data-placement='right' title='原始值：26.047'>26.0</span>", "<span data-toggle='tooltip' data-placement='right' title='原始值：6.8627'>6.86</span>", "<span data-toggle='tooltip' data-placement='right' title='原始值：7.56229'>7.56</span>", "<span data-toggle='tooltip' data-placement='right' title='原始值：198.279'>198.3</span>", "<span data-toggle='tooltip' data-placement='right' title='原始值：143.728'>143.7</span>", "<span data-toggle='tooltip' data-placement='right' title='原始值：2.98315'>2.98</span>", "<span data-toggle='tooltip' data-placement='right' title='原始值：0.16228'>0.162</span>", "<span data-toggle='tooltip' data-placement='right' title='原始值：0.11414'>0.114</span>", "<span data-toggle='tooltip' data-placement='right' title='原始值：6.14328'>6.14</span>", "*", "*", "正常"], ["安徽省", "巢湖流域", "<span data-toggle='tooltip' data-placement='right' title='所在地市:合肥市&#10;所属河流:巢湖'>湖滨(老)</span>", "06-16 08:00", "Ⅴ", "<span data-toggle='tooltip' data-placement='right' title='原始值：28.31881'>28.3</span>", "<span data-toggle='tooltip' data-placement='right' title='原始值：6.28859'>6.29</span>", "<span data-toggle='tooltip' data-placement='right' title='原始值：2.18515'>2.19</span>", "<span data-toggle='tooltip' data-placement='right' title='原始值：432.9803'>433.0</span>", "<span data-toggle='tooltip' data-placement='right' title='原始值：133.2973'>133.3</span>", "<span data-toggle='tooltip' data-placement='right' title='原始值：7.14'>7.14</span>", "<span data-toggle='tooltip' data-placement='right' title='原始值：0.29'>0.290</span>", "<span data-toggle='tooltip' data-placement='right' title='原始值：0.0624'>0.062</span>", "<span data-toggle='tooltip' data-placement='right' title='原始值：1.443'>1.44</span>", "<span data-toggle='tooltip' data-placement='right' title='原始值：0.01444'>0.014</span>", "*", "正常"], ["安徽省", "巢湖流域", "<span data-toggle='tooltip' data-placement='right' title='所在地市:芜湖市&#10;所属河流:巢湖'>裕溪口(老)</span>", "06-16 08:10", "Ⅴ", "<span data-toggle='tooltip' data-placement='right' title='原始值：26.88125'>26.9</span>", "<span data-toggle='tooltip' data-placement='right' title='原始值：8.13549'>8.14</span>", "<span data-toggle='tooltip' data-placement='right' title='原始值：6.93057'>6.93</span>", "<span data-toggle='tooltip' data-placement='right' title='原始值：362.9055'>362.9</span>", "<span data-toggle='tooltip' data-placement='right' title='原始值：81.69711'>81.7</span>", "<span data-toggle='tooltip' data-placement='right' title='原始值：4.53'>4.53</span>", "<span data-toggle='tooltip' data-placement='right' title='原始值：0.39'>0.390</span>", "<span data-toggle='tooltip' data-placement='right' title='原始值：0.1437'>0.144</span>", "<span data-toggle='tooltip' data-placement='right' title='原始值：2.286'>2.29</span>", "*", "*", "正常"], ["安徽省", "淮河流域", "<span data-toggle='tooltip' data-placement='right' title='所在地市:蚌埠市&#10;所属河流:淮河'>蚌埠闸上(蚌埠闸)</span>", null, "", "--", "--", "--", "--", "--", "--", "--", "--", "--", "*", "*", "停站"], ["安徽省", "淮河流域", "<span data-toggle='tooltip' data-placement='right' title='所在地市:淮南市&#10;所属河流:淮河'>石头埠(老)</span>", "06-16 08:01", "Ⅲ", "<span data-toggle='tooltip' data-placement='right' title='原始值：25.06254'>25.1</span>", "<span data-toggle='tooltip' data-placement='right' title='原始值：7.10658'>7.11</span>", "<span data-toggle='tooltip' data-placement='right' title='原始值：5.81437'>5.81</span>", "<span data-toggle='tooltip' data-placement='right' title='原始值：759.0169'>759.0</span>", "<span data-toggle='tooltip' data-placement='right' title='原始值：37.91475'>37.9</span>", "<span data-toggle='tooltip' data-placement='right' title='原始值：4.54001'>4.54</span>", "<span data-toggle='tooltip' data-placement='right' title='原始值：0.11'>0.110</span>", "*", "*", "*", "*", "正常"], ["安徽省", "淮河流域", "<span data-toggle='tooltip' data-placement='right' title='所在地市:淮北市&#10;所属河流:沱河'>小王桥</span>", null, "", "--", "--", "--", "--", "--", "--", "--", "--", "--", "*", "*", "维护"], ["安徽省", "长江流域", "<span data-toggle='tooltip' data-placement='right' title='所在地市:安庆市&#10;所属河流:长江'>皖河口</span>", null, "", "--", "--", "--", "--", "--", "--", "--", "--", "--", "*", "*", "停站"], ["安徽省", "淮河流域", "<span data-toggle='tooltip' data-placement='right' title='所在地市:滁州市&#10;所属河流:淮河'>小柳巷</span>", "06-16 08:00", "", "<span data-toggle='tooltip' data-placement='right' title='原始值：27.1'>27.1</span>", "<span data-toggle='tooltip' data-placement='right' title='原始值：7.61'>7.61</span>", "<span data-toggle='tooltip' data-placement='right' title='原始值：6.94'>6.94</span>", "<span data-toggle='tooltip' data-placement='right' title='原始值：753'>753.0</span>", "<span data-toggle='tooltip' data-placement='right' title='原始值：60.26'>60.3</span>", "<span data-toggle='tooltip' data-placement='right' title='原始值：1.6'>1.60</span>", "<span data-toggle='tooltip' data-placement='right' title='极值过滤'>--</span>", "<span data-toggle='tooltip' data-placement='right' title='原始值：0.064'>0.064</span>", "<span data-toggle='tooltip' data-placement='right' title='原始值：1.756'>1.76</span>", "*", "*", "维护"], ["安徽省", "淮河流域", "<span data-toggle='tooltip' data-placement='right' title='所在地市:阜阳市&#10;所属河流:黑茨河'>张大桥</span>", "06-16 08:00", "Ⅲ", "<span data-toggle='tooltip' data-placement='right' title='原始值：27.8'>27.8</span>", "<span data-toggle='tooltip' data-placement='right' title='原始值：8.66'>8.66</span>", "<span data-toggle='tooltip' data-placement='right' title='原始值：7.98'>7.98</span>", "<span data-toggle='tooltip' data-placement='right' title='原始值：2567.9'>2567.9</span>", "<span data-toggle='tooltip' data-placement='right' title='原始值：108.77'>108.8</span>", "<span data-toggle='tooltip' data-placement='right' title='原始值：3.67'>3.67</span>", "<span data-toggle='tooltip' data-placement='right' title='原始值：0.03'>0.030</span>", "<span data-toggle='tooltip' data-placement='right' title='原始值：0.112'>0.112</span>", "<span data-toggle='tooltip' data-placement='right' title='原始值：1.155'>1.16</span>", "*", "*", "正常"], ["安徽省", "淮河流域", "<span data-toggle='tooltip' data-placement='right' title='所在地市:阜阳市&#10;所属河流:淮河'>王家坝</span>", "06-16 04:00", "劣Ⅴ", "<span data-toggle='tooltip' data-placement='right' title='原始值：26.21492'>26.2</span>", "<span data-toggle='tooltip' data-placement='right' title='原始值：7.25664'>7.26</span>", "<span data-toggle='tooltip' data-placement='right' title='原始值：3.50795'>3.51</span>", "<span data-toggle='tooltip' data-placement='right' title='原始值：726.7735'>726.8</span>", "<span data-toggle='tooltip' data-placement='right' title='原始值：114.2717'>114.3</span>", "<span data-toggle='tooltip' data-placement='right' title='原始值：4.17'>4.17</span>", "<span data-toggle='tooltip' data-placement='right' title='原始值：0.153'>0.153</span>", "<span data-toggle='tooltip' data-placement='right' title='原始值：0.62493'>0.625</span>", "<span data-toggle='tooltip' data-placement='right' title='极值过滤'>--</span>", "*", "*", "维护"], ["安徽省", "淮河流域", "<span data-toggle='tooltip' data-placement='right' title='所在地市:阜阳市&#10;所属河流:颍河'>界首七渡口(七渡口)</span>", "06-16 08:00", "", "<span data-toggle='tooltip' data-placement='right' title='原始值：20.60958'>20.6</span>", "<span data-toggle='tooltip' data-placement='right' title='原始值：7.92722'>7.93</span>", "<span data-toggle='tooltip' data-placement='right' title='原始值：4.75319'>4.75</span>", "<span data-toggle='tooltip' data-placement='right' title='原始值：864.9319'>864.9</span>", "<span data-toggle='tooltip' data-placement='right' title='原始值：8.88592'>8.9</span>", "<span data-toggle='tooltip' data-placement='right' title='原始值：5.56'>5.56</span>", "<span data-toggle='tooltip' data-placement='right' title='极值过滤'>--</span>", "<span data-toggle='tooltip' data-placement='right' title='原始值：0.07619'>0.076</span>", "<span data-toggle='tooltip' data-placement='right' title='原始值：3.05376'>3.05</span>", "*", "*", "维护"], ["安徽省", "淮河流域", "<span data-toggle='tooltip' data-placement='right' title='所在地市:阜阳市&#10;所属河流:泉河'>许庄(徐庄)</span>", "06-16 08:00", "Ⅲ", "<span data-toggle='tooltip' data-placement='right' title='原始值：24.7'>24.7</span>", "<span data-toggle='tooltip' data-placement='right' title='原始值：7.38'>7.38</span>", "<span data-toggle='tooltip' data-placement='right' title='原始值：7'>7.00</span>", "<span data-toggle='tooltip' data-placement='right' title='原始值：951.5'>951.5</span>", "<span data-toggle='tooltip' data-placement='right' title='原始值：424.11'>424.1</span>", "<span data-toggle='tooltip' data-placement='right' title='原始值：5.04'>5.04</span>", "<span data-toggle='tooltip' data-placement='right' title='原始值：0.19'>0.190</span>", "<span data-toggle='tooltip' data-placement='right' title='原始值：0.157'>0.157</span>", "<span data-toggle='tooltip' data-placement='right' title='原始值：2.265'>2.26</span>", "*", "*", "正常"], ["安徽省", "淮河流域", "<span data-toggle='tooltip' data-placement='right' title='所在地市:宿州市&#10;所属河流:奎河'>杨庄</span>", "06-16 08:02", "Ⅳ", "<span data-toggle='tooltip' data-placement='right' title='原始值：26.82'>26.8</span>", "<span data-toggle='tooltip' data-placement='right' title='原始值：7.33'>7.33</span>", "<span data-toggle='tooltip' data-placement='right' title='原始值：5.02'>5.02</span>", "<span data-toggle='tooltip' data-placement='right' title='原始值：840'>840.0</span>", "<span data-toggle='tooltip' data-placement='right' title='原始值：164.29'>164.3</span>", "<span data-toggle='tooltip' data-placement='right' title='原始值：3.91'>3.91</span>", "<span data-toggle='tooltip' data-placement='right' title='原始值：1.259'>1.259</span>", "*", "*", "*", "*", "正常"], ["安徽省", "淮河流域", "<span data-toggle='tooltip' data-placement='right' title='所在地市:宿州市&#10;所属河流:新汴河'>泗县公路桥</span>", "06-16 08:00", "Ⅱ", "<span data-toggle='tooltip' data-placement='right' title='原始值：27.5'>27.5</span>", "<span data-toggle='tooltip' data-placement='right' title='原始值：8.88'>8.88</span>", "<span data-toggle='tooltip' data-placement='right' title='原始值：8.6'>8.60</span>", "<span data-toggle='tooltip' data-placement='right' title='原始值：1059.4'>1059.4</span>", "<span data-toggle='tooltip' data-placement='right' title='原始值：61.28'>61.3</span>", "<span data-toggle='tooltip' data-placement='right' title='原始值：2.81'>2.81</span>", "<span data-toggle='tooltip' data-placement='right' title='原始值：0.11'>0.110</span>", "*", "*", "*", "*", "正常"], ["安徽省", "淮河流域", "<span data-toggle='tooltip' data-placement='right' title='所在地市:亳州市&#10;所属河流:包河'>颜集</span>", "06-16 08:00", "Ⅳ", "<span data-toggle='tooltip' data-placement='right' title='原始值：27.5'>27.5</span>", "<span data-toggle='tooltip' data-placement='right' title='原始值：7.67'>7.67</span>", "<span data-toggle='tooltip' data-placement='right' title='原始值：7.68'>7.68</span>", "<span data-toggle='tooltip' data-placement='right' title='原始值：1379'>1379.0</span>", "<span data-toggle='tooltip' data-placement='right' title='原始值：177.52'>177.5</span>", "<span data-toggle='tooltip' data-placement='right' title='原始值：4.63'>4.63</span>", "<span data-toggle='tooltip' data-placement='right' title='原始值：1.41'>1.410</span>", "<span data-toggle='tooltip' data-placement='right' title='原始值：0.263'>0.263</span>", "<span data-toggle='tooltip' data-placement='right' title='原始值：5.029'>5.03</span>", "*", "*", "正常"], ["福建省", "浙闽片河流", "<span data-toggle='tooltip' data-placement='right' title='所在地市:福州市&#10;所属河流:闽江'>白岩潭</span>", "06-16 08:00", "Ⅱ", "<span data-toggle='tooltip' data-placement='right' title='原始值：25.86'>25.9</span>", "<span data-toggle='tooltip' data-placement='right' title='原始值：6.23'>6.23</span>", "<span data-toggle='tooltip' data-placement='right' title='原始值：7.38'>7.38</span>", "<span data-toggle='tooltip' data-placement='right' title='原始值：99.2'>99.2</span>", "<span data-toggle='tooltip' data-placement='right' title='原始值：42.54'>42.5</span>", "<span data-toggle='tooltip' data-placement='right' title='原始值：1.69'>1.69</span>", "<span data-toggle='tooltip' data-placement='right' title='原始值：0.08'>0.080</span>", "*", "*", "*", "*", "正常"], ["江西省", "长江流域", "<span data-toggle='tooltip' data-placement='right' title='所在地市:南昌市&#10;所属河流:赣江南支'>滁槎</span>", "06-16 08:00", "Ⅳ", "<span data-toggle='tooltip' data-placement='right' title='原始值：28.73745'>28.7</span>", "<span data-toggle='tooltip' data-placement='right' title='原始值：7.05366'>7.05</span>", "<span data-toggle='tooltip' data-placement='right' title='原始值：6.61989'>6.62</span>", "<span data-toggle='tooltip' data-placement='right' title='原始值：118.3701'>118.4</span>", "<span data-toggle='tooltip' data-placement='right' title='原始值：58.62476'>58.6</span>", "<span data-toggle='tooltip' data-placement='right' title='原始值：2.22'>2.22</span>", "<span data-toggle='tooltip' data-placement='right' title='原始值：0.16'>0.160</span>", "<span data-toggle='tooltip' data-placement='right' title='原始值：0.23975'>0.240</span>", "<span data-toggle='tooltip' data-placement='right' title='原始值：2.25'>2.25</span>", "*", "*", "正常"], ["江西省", "长江流域", "<span data-toggle='tooltip' data-placement='right' title='所在地市:九江市&#10;所属河流:长江'>姚港(河西水厂)</span>", null, "", "--", "--", "--", "--", "--", "--", "--", "--", "--", "*", "*", "停站"], ["江西省", "长江流域", "<span data-toggle='tooltip' data-placement='right' title='所在地市:九江市&#10;所属河流:鄱阳湖'>蛤蟆石</span>", null, "", "--", "--", "--", "--", "--", "--", "--", "--", "--", "--", "--", "停站"], ["山东省", "黄河流域", "<span data-toggle='tooltip' data-placement='right' title='所在地市:济南市&#10;所属河流:黄河'>泺口</span>", "06-16 08:00", "Ⅱ", "<span data-toggle='tooltip' data-placement='right' title='原始值：25.2187'>25.2</span>", "<span data-toggle='tooltip' data-placement='right' title='原始值：8.37786'>8.38</span>", "<span data-toggle='tooltip' data-placement='right' title='原始值：7.33823'>7.34</span>", "<span data-toggle='tooltip' data-placement='right' title='原始值：1025.22'>1025.2</span>", "<span data-toggle='tooltip' data-placement='right' title='原始值：1144.64'>1144.6</span>", "<span data-toggle='tooltip' data-placement='right' title='原始值：1.56'>1.56</span>", "<span data-toggle='tooltip' data-placement='right' title='原始值：0.12612'>0.126</span>", "<span data-toggle='tooltip' data-placement='right' title='原始值：0.01749'>0.017</span>", "<span data-toggle='tooltip' data-placement='right' title='原始值：3.614'>3.61</span>", "*", "*", "正常"], ["山东省", "淮河流域", "<span data-toggle='tooltip' data-placement='right' title='所在地市:枣庄市&#10;所属河流:京杭大运河（韩庄运河）'>台儿庄大桥</span>", "06-16 08:00", "", "<span data-toggle='tooltip' data-placement='right' title='原始值：26.02375'>26.0</span>", "<span data-toggle='tooltip' data-placement='right' title='极值过滤'>--</span>", "<span data-toggle='tooltip' data-placement='right' title='原始值：6.27705'>6.28</span>", "<span data-toggle='tooltip' data-placement='right' title='原始值：730.3849'>730.4</span>", "<span data-toggle='tooltip' data-placement='right' title='原始值：31.47264'>31.5</span>", "<span data-toggle='tooltip' data-placement='right' title='原始值：3.32362'>3.32</span>", "<span data-toggle='tooltip' data-placement='right' title='原始值：0.04803'>0.048</span>", "<span data-toggle='tooltip' data-placement='right' title='原始值：0.04555'>0.046</span>", "<span data-toggle='tooltip' data-placement='right' title='原始值：1.24459'>1.24</span>", "*", "*", "维护"], ["山东省", "淮河流域", "<span data-toggle='tooltip' data-placement='right' title='所在地市:临沂市&#10;所属河流:沭河'>清泉寺</span>", "06-16 08:00", "Ⅳ", "<span data-toggle='tooltip' data-placement='right' title='原始值：26.14189'>26.1</span>", "<span data-toggle='tooltip' data-placement='right' title='原始值：8.37706'>8.38</span>", "<span data-toggle='tooltip' data-placement='right' title='原始值：8.63985'>8.64</span>", "<span data-toggle='tooltip' data-placement='right' title='原始值：1262.876'>1262.9</span>", "<span data-toggle='tooltip' data-placement='right' title='原始值：16.78909'>16.8</span>", "<span data-toggle='tooltip' data-placement='right' title='原始值：8.84'>8.84</span>", "<span data-toggle='tooltip' data-placement='right' title='原始值：0.08'>0.080</span>", "*", "*", "*", "*", "正常"], ["山东省", "淮河流域", "<span data-toggle='tooltip' data-placement='right' title='所在地市:临沂市&#10;所属河流:沂河'>重坊桥</span>", "06-16 08:00", "Ⅲ", "<span data-toggle='tooltip' data-placement='right' title='原始值：26.25003'>26.3</span>", "<span data-toggle='tooltip' data-placement='right' title='原始值：7.56982'>7.57</span>", "<span data-toggle='tooltip' data-placement='right' title='原始值：6.68093'>6.68</span>", "<span data-toggle='tooltip' data-placement='right' title='原始值：835.787'>835.8</span>", "<span data-toggle='tooltip' data-placement='right' title='原始值：18.08055'>18.1</span>", "<span data-toggle='tooltip' data-placement='right' title='原始值：4.3'>4.30</span>", "<span data-toggle='tooltip' data-placement='right' title='原始值：0.06526'>0.065</span>", "*", "*", "*", "*", "正常"], ["山东省", "淮河流域", "<span data-toggle='tooltip' data-placement='right' title='所在地市:临沂市&#10;所属河流:白马河'>捷庄(涝沟桥)</span>", "06-16 08:00", "Ⅳ", "<span data-toggle='tooltip' data-placement='right' title='原始值：26.49844'>26.5</span>", "<span data-toggle='tooltip' data-placement='right' title='原始值：6.95'>6.95</span>", "<span data-toggle='tooltip' data-placement='right' title='原始值：4.47'>4.47</span>", "<span data-toggle='tooltip' data-placement='right' title='原始值：764.9995'>765.0</span>", "<span data-toggle='tooltip' data-placement='right' title='原始值：16.61879'>16.6</span>", "<span data-toggle='tooltip' data-placement='right' title='原始值：8.7'>8.70</span>", "<span data-toggle='tooltip' data-placement='right' title='原始值：0.62068'>0.621</span>", "<span data-toggle='tooltip' data-placement='right' title='原始值：0.18831'>0.188</span>", "<span data-toggle='tooltip' data-placement='right' title='原始值：2.03047'>2.03</span>", "*", "*", "正常"], ["山东省", "海河流域", "<span data-toggle='tooltip' data-placement='right' title='所在地市:聊城市&#10;所属河流:卫运河'>秤勾湾(秤钩湾)</span>", null, "", "--", "--", "--", "--", "--", "--", "--", "--", "--", "*", "*", "停站"], ["河南省", "长江流域", "<span data-toggle='tooltip' data-placement='right' title='所在地市:南阳市&#10;所属河流:丹江口水库'>陶岔</span>", "06-16 08:00", "Ⅱ", "<span data-toggle='tooltip' data-placement='right' title='原始值：25.88'>25.9</span>", "<span data-toggle='tooltip' data-placement='right' title='原始值：8.09423'>8.09</span>", "<span data-toggle='tooltip' data-placement='right' title='原始值：8.9703'>8.97</span>", "<span data-toggle='tooltip' data-placement='right' title='原始值：301.3037'>301.3</span>", "<span data-toggle='tooltip' data-placement='right' title='原始值：2.70227'>2.7</span>", "<span data-toggle='tooltip' data-placement='right' title='原始值：3.27'>3.27</span>", "<span data-toggle='tooltip' data-placement='right' title='原始值：0.0226'>0.023</span>", "<span data-toggle='tooltip' data-placement='right' title='原始值：0.01423'>0.014</span>", "<span data-toggle='tooltip' data-placement='right' title='原始值：1.01079'>1.01</span>", "<span data-toggle='tooltip' data-placement='right' title='原始值：0.01734'>0.017</span>", "<span data-toggle='tooltip' data-placement='right' title='原始值：356739.6'>356740</span>", "正常"], ["河南省", "淮河流域", "<span data-toggle='tooltip' data-placement='right' title='所在地市:商丘市&#10;所属河流:浍河'>黄口</span>", "06-16 08:00", "Ⅲ", "<span data-toggle='tooltip' data-placement='right' title='原始值：26.5'>26.5</span>", "<span data-toggle='tooltip' data-placement='right' title='原始值：8.06'>8.06</span>", "<span data-toggle='tooltip' data-placement='right' title='原始值：6.9'>6.90</span>", "<span data-toggle='tooltip' data-placement='right' title='原始值：5082.746'>5082.7</span>", "<span data-toggle='tooltip' data-placement='right' title='原始值：66.94218'>66.9</span>", "<span data-toggle='tooltip' data-placement='right' title='原始值：5.45'>5.45</span>", "<span data-toggle='tooltip' data-placement='right' title='原始值：0.21296'>0.213</span>", "<span data-toggle='tooltip' data-placement='right' title='原始值：0.1395'>0.140</span>", "<span data-toggle='tooltip' data-placement='right' title='原始值：2.20251'>2.20</span>", "*", "*", "正常"], ["河南省", "淮河流域", "<span data-toggle='tooltip' data-placement='right' title='所在地市:信阳市&#10;所属河流:史灌河'>蒋集</span>", "06-16 08:00", "Ⅳ", "<span data-toggle='tooltip' data-placement='right' title='原始值：26.9167'>26.9</span>", "<span data-toggle='tooltip' data-placement='right' title='原始值：6.51712'>6.52</span>", "<span data-toggle='tooltip' data-placement='right' title='原始值：3.88477'>3.88</span>", "<span data-toggle='tooltip' data-placement='right' title='原始值：184.6289'>184.6</span>", "<span data-toggle='tooltip' data-placement='right' title='原始值：146.2398'>146.2</span>", "<span data-toggle='tooltip' data-placement='right' title='原始值：1.96'>1.96</span>", "<span data-toggle='tooltip' data-placement='right' title='原始值：0.56863'>0.569</span>", "*", "*", "*", "*", "正常"], ["河南省", "淮河流域", "<span data-toggle='tooltip' data-placement='right' title='所在地市:信阳市&#10;所属河流:淮河'>淮滨水文站(淮滨)</span>", "06-16 08:00", "Ⅳ", "<span data-toggle='tooltip' data-placement='right' title='原始值：24.9'>24.9</span>", "<span data-toggle='tooltip' data-placement='right' title='原始值：7.03'>7.03</span>", "<span data-toggle='tooltip' data-placement='right' title='原始值：4.62'>4.62</span>", "<span data-toggle='tooltip' data-placement='right' title='原始值：341.7539'>341.8</span>", "<span data-toggle='tooltip' data-placement='right' title='原始值：37.17693'>37.2</span>", "<span data-toggle='tooltip' data-placement='right' title='原始值：2.63833'>2.64</span>", "<span data-toggle='tooltip' data-placement='right' title='原始值：0.58238'>0.582</span>", "<span data-toggle='tooltip' data-placement='right' title='原始值：0.09954'>0.100</span>", "<span data-toggle='tooltip' data-placement='right' title='原始值：1.92043'>1.92</span>", "*", "*", "正常"], ["河南省", "淮河流域", "<span data-toggle='tooltip' data-placement='right' title='所在地市:周口市&#10;所属河流:沙河'>沈丘闸</span>", "06-16 08:00", "Ⅲ", "<span data-toggle='tooltip' data-placement='right' title='原始值：24.18547'>24.2</span>", "<span data-toggle='tooltip' data-placement='right' title='原始值：7.72698'>7.73</span>", "<span data-toggle='tooltip' data-placement='right' title='原始值：5.94261'>5.94</span>", "<span data-toggle='tooltip' data-placement='right' title='原始值：880.3636'>880.4</span>", "<span data-toggle='tooltip' data-placement='right' title='原始值：5.11841'>5.1</span>", "<span data-toggle='tooltip' data-placement='right' title='原始值：3.56'>3.56</span>", "<span data-toggle='tooltip' data-placement='right' title='原始值：0.38'>0.380</span>", "*", "*", "*", "*", "正常"], ["河南省", "淮河流域", "<span data-toggle='tooltip' data-placement='right' title='所在地市:周口市&#10;所属河流:涡河'>鹿邑付桥(鹿邑付桥闸)</span>", "06-16 08:00", "", "<span data-toggle='tooltip' data-placement='right' title='原始值：25.50936'>25.5</span>", "<span data-toggle='tooltip' data-placement='right' title='原始值：8.53341'>8.53</span>", "<span data-toggle='tooltip' data-placement='right' title='原始值：8.62642'>8.63</span>", "<span data-toggle='tooltip' data-placement='right' title='原始值：1422.553'>1422.6</span>", "<span data-toggle='tooltip' data-placement='right' title='原始值：12.87106'>12.9</span>", "<span data-toggle='tooltip' data-placement='right' title='原始值：0.23682'>0.24</span>", "<span data-toggle='tooltip' data-placement='right' title='极值过滤'>--</span>", "<span data-toggle='tooltip' data-placement='right' title='原始值：0.1094'>0.109</span>", "<span data-toggle='tooltip' data-placement='right' title='原始值：1.5844'>1.58</span>", "*", "*", "维护"], ["河南省", "淮河流域", "<span data-toggle='tooltip' data-placement='right' title='所在地市:驻马店市&#10;所属河流:洪河'>新蔡班台(班台)</span>", "06-16 08:00", "劣Ⅴ", "<span data-toggle='tooltip' data-placement='right' title='原始值：25.17904'>25.2</span>", "<span data-toggle='tooltip' data-placement='right' title='原始值：6.8693'>6.87</span>", "<span data-toggle='tooltip' data-placement='right' title='原始值：3.27199'>3.27</span>", "<span data-toggle='tooltip' data-placement='right' title='原始值：802.188'>802.2</span>", "<span data-toggle='tooltip' data-placement='right' title='原始值：8.90454'>8.9</span>", "<span data-toggle='tooltip' data-placement='right' title='原始值：4.625'>4.62</span>", "<span data-toggle='tooltip' data-placement='right' title='原始值：1.24'>1.240</span>", "<span data-toggle='tooltip' data-placement='right' title='原始值：0.40767'>0.408</span>", "<span data-toggle='tooltip' data-placement='right' title='原始值：3.83865'>3.84</span>", "*", "*", "正常"], ["河南省", "黄河流域", "<span data-toggle='tooltip' data-placement='right' title='所在地市:济源市&#10;所属河流:黄河'>小浪底水库(小浪底)</span>", "06-16 08:00", "Ⅲ", "<span data-toggle='tooltip' data-placement='right' title='原始值：22.27797'>22.3</span>", "<span data-toggle='tooltip' data-placement='right' title='原始值：8.6657'>8.67</span>", "<span data-toggle='tooltip' data-placement='right' title='原始值：5.4172'>5.42</span>", "<span data-toggle='tooltip' data-placement='right' title='原始值：941.5007'>941.5</span>", "<span data-toggle='tooltip' data-placement='right' title='原始值：4.30382'>4.3</span>", "<span data-toggle='tooltip' data-placement='right' title='原始值：1.815'>1.82</span>", "<span data-toggle='tooltip' data-placement='right' title='原始值：0.09'>0.090</span>", "<span data-toggle='tooltip' data-placement='right' title='原始值：0.019'>0.019</span>", "<span data-toggle='tooltip' data-placement='right' title='原始值：2.9175'>2.92</span>", "*", "*", "正常"], ["湖北省", "长江流域", "<span data-toggle='tooltip' data-placement='right' title='所在地市:武汉市&#10;所属河流:汉江'>宗关</span>", null, "", "--", "--", "--", "--", "--", "--", "--", "--", "--", "*", "*", "停站"], ["湖北省", "长江流域", "<span data-toggle='tooltip' data-placement='right' title='所在地市:十堰市&#10;所属河流:丹江口水库'>坝上中(胡家岭)</span>", null, "", "--", "--", "--", "--", "--", "--", "--", "--", "--", "--", "--", "维护"], ["湖北省", "长江流域", "<span data-toggle='tooltip' data-placement='right' title='所在地市:宜昌市&#10;所属河流:长江'>南津关</span>", null, "", "--", "--", "--", "--", "--", "--", "--", "--", "--", "*", "*", "停站"], ["湖南省", "长江流域", "<span data-toggle='tooltip' data-placement='right' title='所在地市:长沙市&#10;所属河流:湘江'>新港</span>", null, "", "--", "--", "--", "--", "--", "--", "--", "--", "--", "*", "*", "停站"], ["湖南省", "长江流域", "<span data-toggle='tooltip' data-placement='right' title='所在地市:岳阳市&#10;所属河流:洞庭湖'>岳阳楼</span>", null, "", "--", "--", "--", "--", "--", "--", "--", "--", "--", "--", "--", "停站"], ["湖南省", "长江流域", "<span data-toggle='tooltip' data-placement='right' title='所在地市:岳阳市&#10;所属河流:长江'>城陵矶</span>", null, "", "--", "--", "--", "--", "--", "--", "--", "--", "--", "*", "*", "停站"], ["广东省", "珠江流域", "<span data-toggle='tooltip' data-placement='right' title='所在地市:清远市&#10;所属河流:北江'>七星岗</span>", null, "", "--", "--", "--", "--", "--", "--", "--", "--", "--", "*", "*", "停站"], ["广东省", "珠江流域", "<span data-toggle='tooltip' data-placement='right' title='所在地市:中山市&#10;所属河流:西江'>横栏</span>", null, "", "--", "--", "--", "--", "--", "--", "--", "--", "--", "*", "*", "停站"], ["广西壮族自治区", "珠江流域", "<span data-toggle='tooltip' data-placement='right' title='所在地市:南宁市&#10;所属河流:邕江'>老口</span>", "06-16 08:00", "", "<span data-toggle='tooltip' data-placement='right' title='原始值：28.43132'>28.4</span>", "<span data-toggle='tooltip' data-placement='right' title='原始值：7.6348'>7.63</span>", "<span data-toggle='tooltip' data-placement='right' title='原始值：6.15539'>6.16</span>", "<span data-toggle='tooltip' data-placement='right' title='原始值：330.1827'>330.2</span>", "<span data-toggle='tooltip' data-placement='right' title='原始值：24.16603'>24.2</span>", "<span data-toggle='tooltip' data-placement='right' title='原始值：1.28734'>1.29</span>", "<span data-toggle='tooltip' data-placement='right' title='原始值：0.07668'>0.077</span>", "<span data-toggle='tooltip' data-placement='right' title='极值过滤'>--</span>", "<span data-toggle='tooltip' data-placement='right' title='原始值：2.91321'>2.91</span>", "*", "*", "维护"], ["广西壮族自治区", "珠江流域", "<span data-toggle='tooltip' data-placement='right' title='所在地市:桂林市&#10;所属河流:漓江'>阳朔</span>", null, "", "--", "--", "--", "--", "--", "--", "--", "--", "--", "*", "*", "停站"], ["广西壮族自治区", "珠江流域", "<span data-toggle='tooltip' data-placement='right' title='所在地市:梧州市&#10;所属河流:浔江'>界首</span>", null, "", "--", "--", "--", "--", "--", "--", "--", "--", "--", "*", "*", "停站"], ["广西壮族自治区", "珠江流域", "<span data-toggle='tooltip' data-placement='right' title='所在地市:贵港市&#10;所属河流:浔江'>石嘴</span>", "06-16 04:00", "Ⅱ", "<span data-toggle='tooltip' data-placement='right' title='原始值：27.09353'>27.1</span>", "<span data-toggle='tooltip' data-placement='right' title='原始值：6.88417'>6.88</span>", "<span data-toggle='tooltip' data-placement='right' title='原始值：8.92774'>8.93</span>", "<span data-toggle='tooltip' data-placement='right' title='原始值：290.837'>290.8</span>", "<span data-toggle='tooltip' data-placement='right' title='原始值：134.1936'>134.2</span>", "<span data-toggle='tooltip' data-placement='right' title='原始值：1.2'>1.20</span>", "<span data-toggle='tooltip' data-placement='right' title='原始值：0.1'>0.100</span>", "<span data-toggle='tooltip' data-placement='right' title='原始值：0.05029'>0.050</span>", "<span data-toggle='tooltip' data-placement='right' title='原始值：3.1642'>3.16</span>", "*", "*", "正常"], ["广西壮族自治区", "珠江流域", "<span data-toggle='tooltip' data-placement='right' title='所在地市:崇左市&#10;所属河流:平而河'>平而关</span>", "06-16 04:00", "Ⅱ", "<span data-toggle='tooltip' data-placement='right' title='原始值：30.62768'>30.6</span>", "<span data-toggle='tooltip' data-placement='right' title='原始值：7.86616'>7.87</span>", "<span data-toggle='tooltip' data-placement='right' title='原始值：6.9028'>6.90</span>", "<span data-toggle='tooltip' data-placement='right' title='原始值：207.2231'>207.2</span>", "<span data-toggle='tooltip' data-placement='right' title='原始值：25.63307'>25.6</span>", "<span data-toggle='tooltip' data-placement='right' title='原始值：1.33568'>1.34</span>", "<span data-toggle='tooltip' data-placement='right' title='原始值：0.22'>0.220</span>", "*", "*", "*", "*", "正常"], ["重庆市", "长江流域", "<span data-toggle='tooltip' data-placement='right' title='所在地市:永川区&#10;所属河流:长江'>朱沱</span>", null, "", "--", "--", "--", "--", "--", "--", "--", "--", "--", "*", "*", "停站"], ["四川省", "长江流域", "<span data-toggle='tooltip' data-placement='right' title='所在地市:攀枝花市&#10;所属河流:金沙江'>龙洞</span>", "06-16 08:00", "Ⅰ", "<span data-toggle='tooltip' data-placement='right' title='原始值：20.76805'>20.8</span>", "<span data-toggle='tooltip' data-placement='right' title='原始值：8.25587'>8.26</span>", "<span data-toggle='tooltip' data-placement='right' title='原始值：8.77337'>8.77</span>", "<span data-toggle='tooltip' data-placement='right' title='原始值：1064.958'>1065.0</span>", "<span data-toggle='tooltip' data-placement='right' title='原始值：2.97462'>3.0</span>", "<span data-toggle='tooltip' data-placement='right' title='原始值：1.32'>1.32</span>", "<span data-toggle='tooltip' data-placement='right' title='原始值：0.05'>0.050</span>", "<span data-toggle='tooltip' data-placement='right' title='原始值：0.006'>0.006</span>", "<span data-toggle='tooltip' data-placement='right' title='原始值：0.30544'>0.31</span>", "*", "*", "正常"], ["四川省", "长江流域", "<span data-toggle='tooltip' data-placement='right' title='所在地市:泸州市&#10;所属河流:沱江'>沱江大桥(沱江二桥)</span>", null, "", "--", "--", "--", "--", "--", "--", "--", "--", "--", "*", "*", "停站"], ["四川省", "长江流域", "<span data-toggle='tooltip' data-placement='right' title='所在地市:广元市&#10;所属河流:嘉陵江'>清风峡</span>", "06-16 08:00", "Ⅰ", "<span data-toggle='tooltip' data-placement='right' title='原始值：24.162'>24.2</span>", "<span data-toggle='tooltip' data-placement='right' title='原始值：8.04999'>8.05</span>", "<span data-toggle='tooltip' data-placement='right' title='原始值：8.47851'>8.48</span>", "<span data-toggle='tooltip' data-placement='right' title='原始值：348'>348.0</span>", "<span data-toggle='tooltip' data-placement='right' title='原始值：120.6211'>120.6</span>", "<span data-toggle='tooltip' data-placement='right' title='原始值：0.77'>0.77</span>", "<span data-toggle='tooltip' data-placement='right' title='原始值：0.14371'>0.144</span>", "*", "*", "*", "*", "正常"], ["四川省", "长江流域", "<span data-toggle='tooltip' data-placement='right' title='所在地市:乐山市&#10;所属河流:岷江'>岷江大桥</span>", "06-16 08:00", "Ⅱ", "<span data-toggle='tooltip' data-placement='right' title='原始值：25.09356'>25.1</span>", "<span data-toggle='tooltip' data-placement='right' title='原始值：7.47515'>7.48</span>", "<span data-toggle='tooltip' data-placement='right' title='原始值：7.39921'>7.40</span>", "<span data-toggle='tooltip' data-placement='right' title='原始值：367.2593'>367.3</span>", "<span data-toggle='tooltip' data-placement='right' title='原始值：69.13176'>69.1</span>", "<span data-toggle='tooltip' data-placement='right' title='原始值：3.2'>3.20</span>", "<span data-toggle='tooltip' data-placement='right' title='原始值：0.22'>0.220</span>", "*", "*", "*", "*", "正常"], ["四川省", "长江流域", "<span data-toggle='tooltip' data-placement='right' title='所在地市:宜宾市&#10;所属河流:岷江'>凉姜沟</span>", null, "", "--", "--", "--", "--", "--", "--", "--", "--", "--", "*", "*", "停站"], ["云南省", "滇池流域", "<span data-toggle='tooltip' data-placement='right' title='所在地市:昆明市&#10;所属河流:滇池'>西苑隧道</span>", "06-16 08:02", "Ⅴ", "<span data-toggle='tooltip' data-placement='right' title='原始值：24.42962'>24.4</span>", "<span data-toggle='tooltip' data-placement='right' title='原始值：6.98189'>6.98</span>", "<span data-toggle='tooltip' data-placement='right' title='原始值：3.68764'>3.69</span>", "<span data-toggle='tooltip' data-placement='right' title='原始值：638.7933'>638.8</span>", "<span data-toggle='tooltip' data-placement='right' title='原始值：39.58181'>39.6</span>", "<span data-toggle='tooltip' data-placement='right' title='原始值：10.31003'>10.31</span>", "<span data-toggle='tooltip' data-placement='right' title='原始值：0.35'>0.350</span>", "<span data-toggle='tooltip' data-placement='right' title='原始值：0.1701'>0.170</span>", "<span data-toggle='tooltip' data-placement='right' title='原始值：1.28619'>1.29</span>", "<span data-toggle='tooltip' data-placement='right' title='原始值：0.0331'>0.033</span>", "<span data-toggle='tooltip' data-placement='right' title='原始值：7884042'>7884042</span>", "正常"], ["云南省", "滇池流域", "<span data-toggle='tooltip' data-placement='right' title='所在地市:昆明市&#10;所属河流:滇池'>观音山</span>", "06-16 08:00", "Ⅴ", "<span data-toggle='tooltip' data-placement='right' title='原始值：24.50187'>24.5</span>", "<span data-toggle='tooltip' data-placement='right' title='原始值：7.89441'>7.89</span>", "<span data-toggle='tooltip' data-placement='right' title='原始值：6.34766'>6.35</span>", "<span data-toggle='tooltip' data-placement='right' title='原始值：430.4382'>430.4</span>", "<span data-toggle='tooltip' data-placement='right' title='原始值：70.49115'>70.5</span>", "<span data-toggle='tooltip' data-placement='right' title='原始值：11.18'>11.18</span>", "<span data-toggle='tooltip' data-placement='right' title='原始值：0.2'>0.200</span>", "<span data-toggle='tooltip' data-placement='right' title='原始值：0.1407'>0.141</span>", "<span data-toggle='tooltip' data-placement='right' title='原始值：1.392'>1.39</span>", "<span data-toggle='tooltip' data-placement='right' title='原始值：0.04065'>0.041</span>", "<span data-toggle='tooltip' data-placement='right' title='原始值：7699926'>7699926</span>", "正常"], ["云南省", "西南诸河", "<span data-toggle='tooltip' data-placement='right' title='所在地市:红河哈尼族彝族自治州&#10;所属河流:红河'>河口县医院(河口)</span>", null, "", "--", "--", "--", "--", "--", "--", "--", "--", "--", "*", "*", "维护"], ["云南省", "西南诸河", "<span data-toggle='tooltip' data-placement='right' title='所在地市:西双版纳傣族自治州&#10;所属河流:澜沧江'>橄榄坝</span>", "06-16 08:01", "Ⅱ", "<span data-toggle='tooltip' data-placement='right' title='原始值：17.86935'>17.9</span>", "<span data-toggle='tooltip' data-placement='right' title='原始值：7.44738'>7.45</span>", "<span data-toggle='tooltip' data-placement='right' title='原始值：6.13324'>6.13</span>", "<span data-toggle='tooltip' data-placement='right' title='原始值：623.4777'>623.5</span>", "<span data-toggle='tooltip' data-placement='right' title='原始值：8.79028'>8.8</span>", "<span data-toggle='tooltip' data-placement='right' title='原始值：0.45'>0.45</span>", "<span data-toggle='tooltip' data-placement='right' title='原始值：0.02'>0.020</span>", "*", "*", "*", "*", "正常"], ["陕西省", "黄河流域", "<span data-toggle='tooltip' data-placement='right' title='所在地市:渭南市&#10;所属河流:渭河'>潼关吊桥</span>", "06-16 08:00", "Ⅲ", "<span data-toggle='tooltip' data-placement='right' title='原始值：23.5998'>23.6</span>", "<span data-toggle='tooltip' data-placement='right' title='原始值：7.87'>7.87</span>", "<span data-toggle='tooltip' data-placement='right' title='原始值：5.66'>5.66</span>", "<span data-toggle='tooltip' data-placement='right' title='原始值：996.9999'>997.0</span>", "<span data-toggle='tooltip' data-placement='right' title='原始值：130.8873'>130.9</span>", "<span data-toggle='tooltip' data-placement='right' title='原始值：3.4'>3.40</span>", "<span data-toggle='tooltip' data-placement='right' title='原始值：0.31'>0.310</span>", "<span data-toggle='tooltip' data-placement='right' title='原始值：0.10388'>0.104</span>", "<span data-toggle='tooltip' data-placement='right' title='原始值：4.56629'>4.57</span>", "*", "*", "正常"], ["甘肃省", "黄河流域", "<span data-toggle='tooltip' data-placement='right' title='所在地市:兰州市&#10;所属河流:黄河'>新城桥</span>", "06-16 08:00", "Ⅱ", "<span data-toggle='tooltip' data-placement='right' title='原始值：17.10803'>17.1</span>", "<span data-toggle='tooltip' data-placement='right' title='原始值：6.37077'>6.37</span>", "<span data-toggle='tooltip' data-placement='right' title='原始值：7.2346'>7.23</span>", "<span data-toggle='tooltip' data-placement='right' title='原始值：449.8935'>449.9</span>", "<span data-toggle='tooltip' data-placement='right' title='原始值：186.2549'>186.3</span>", "<span data-toggle='tooltip' data-placement='right' title='原始值：3.18'>3.18</span>", "<span data-toggle='tooltip' data-placement='right' title='原始值：0.16'>0.160</span>", "<span data-toggle='tooltip' data-placement='right' title='原始值：0.05087'>0.051</span>", "<span data-toggle='tooltip' data-placement='right' title='原始值：3.58002'>3.58</span>", "*", "*", "正常"], ["宁夏回族自治区", "黄河流域", "<span data-toggle='tooltip' data-placement='right' title='所在地市:中卫市&#10;所属河流:黄河'>中卫下河沿(新墩)</span>", "06-16 08:00", "Ⅱ", "<span data-toggle='tooltip' data-placement='right' title='原始值：19.41758'>19.4</span>", "<span data-toggle='tooltip' data-placement='right' title='原始值：8.03062'>8.03</span>", "<span data-toggle='tooltip' data-placement='right' title='原始值：7.13214'>7.13</span>", "<span data-toggle='tooltip' data-placement='right' title='原始值：492.0806'>492.1</span>", "<span data-toggle='tooltip' data-placement='right' title='原始值：335.9694'>336.0</span>", "<span data-toggle='tooltip' data-placement='right' title='原始值：3.01'>3.01</span>", "<span data-toggle='tooltip' data-placement='right' title='原始值：0.14'>0.140</span>", "<span data-toggle='tooltip' data-placement='right' title='原始值：0.0581'>0.058</span>", "<span data-toggle='tooltip' data-placement='right' title='原始值：2.6398'>2.64</span>", "*", "*", "正常"]]}