{"result": 1, "total": 1, "records": 98, "thead": ["省份", "流域", "断面名称", "监测时间", "水质类别", "水温<br/><span class='unit'>(℃)</span>", "pH<br/><span class='unit'>(无量纲)</span>", "溶解氧<br/><span class='unit'>(mg/L)</span>", "电导率<br/><span class='unit'>(μS/cm)</span>", "浊度<br/><span class='unit'>(NTU)</span>", "高锰酸盐指数<br/><span class='unit'>(mg/L)</span>", "氨氮<br/><span class='unit'>(mg/L)</span>", "总磷<br/><span class='unit'>(mg/L)</span>", "总氮<br/><span class='unit'>(mg/L)</span>", "叶绿素α<br/><span class='unit'>(mg/L)</span>", "藻密度<br/><span class='unit'>(cells/L)</span>", "站点情况"], "tbody": [["北京市", "海河流域", "<span data-toggle='tooltip' data-placement='right' title='所在地市:门头沟区&#10;所属河流:永定河'>沿河城</span>", null, "", "--", "--", "--", "--", "--", "--", "--", "--", "--", "*", "*", "维护"], ["北京市", "海河流域", "<span data-toggle='tooltip' data-placement='right' title='所在地市:密云区&#10;所属河流:潮河'>古北口</span>", "06-15 08:00", "Ⅱ", "<span data-toggle='tooltip' data-placement='right' title='原始值：23.53071'>23.5</span>", "<span data-toggle='tooltip' data-placement='right' title='原始值：7.23581'>7.24</span>", "<span data-toggle='tooltip' data-placement='right' title='原始值：7.89093'>7.89</span>", "<span data-toggle='tooltip' data-placement='right' title='原始值：634.0101'>634.0</span>", "<span data-toggle='tooltip' data-placement='right' title='原始值：7.66342'>7.7</span>", "<span data-toggle='tooltip' data-placement='right' title='原始值：1.6425'>1.64</span>", "<span data-toggle='tooltip' data-placement='right' title='原始值：0.26'>0.260</span>", "<span data-toggle='tooltip' data-placement='right' title='原始值：0.0011'>0.001</span>", "<span data-toggle='tooltip' data-placement='right' title='原始值：2.8869'>2.89</span>", "*", "*", "正常"], ["天津市", "海河流域", "<span data-toggle='tooltip' data-placement='right' title='所在地市:河北区&#10;所属河流:海河'>三岔口</span>", "06-15 08:00", "Ⅲ", "<span data-toggle='tooltip' data-placement='right' title='原始值：27.1575'>27.2</span>", "<span data-toggle='tooltip' data-placement='right' title='原始值：7.82'>7.82</span>", "<span data-toggle='tooltip' data-placement='right' title='原始值：7.083'>7.08</span>", "<span data-toggle='tooltip' data-placement='right' title='原始值：446.9779'>447.0</span>", "<span data-toggle='tooltip' data-placement='right' title='原始值：27.08'>27.1</span>", "<span data-toggle='tooltip' data-placement='right' title='原始值：3.49'>3.49</span>", "<span data-toggle='tooltip' data-placement='right' title='原始值：0.49'>0.490</span>", "<span data-toggle='tooltip' data-placement='right' title='原始值：0.1319'>0.132</span>", "<span data-toggle='tooltip' data-placement='right' title='原始值：0.5071'>0.51</span>", "*", "*", "正常"], ["天津市", "海河流域", "<span data-toggle='tooltip' data-placement='right' title='所在地市:蓟州区&#10;所属河流:果河'>果河桥</span>", "06-15 08:00", "", "<span data-toggle='tooltip' data-placement='right' title='原始值：27'>27.0</span>", "<span data-toggle='tooltip' data-placement='right' title='原始值：8.525'>8.52</span>", "<span data-toggle='tooltip' data-placement='right' title='原始值：10.802'>10.80</span>", "<span data-toggle='tooltip' data-placement='right' title='原始值：569.511'>569.5</span>", "<span data-toggle='tooltip' data-placement='right' title='原始值：5.887'>5.9</span>", "<span data-toggle='tooltip' data-placement='right' title='极值过滤'>--</span>", "<span data-toggle='tooltip' data-placement='right' title='极值过滤'>--</span>", "<span data-toggle='tooltip' data-placement='right' title='极值过滤'>--</span>", "<span data-toggle='tooltip' data-placement='right' title='极值过滤'>--</span>", "*", "*", "维护"], ["河北省", "海河流域", "<span data-toggle='tooltip' data-placement='right' title='所在地市:石家庄市&#10;所属河流:滹沱河'>岗南水库</span>", "06-15 08:00", "Ⅱ", "<span data-toggle='tooltip' data-placement='right' title='原始值：25.53763'>25.5</span>", "<span data-toggle='tooltip' data-placement='right' title='原始值：8.44919'>8.45</span>", "<span data-toggle='tooltip' data-placement='right' title='原始值：9.56756'>9.57</span>", "<span data-toggle='tooltip' data-placement='right' title='原始值：582.8289'>582.8</span>", "<span data-toggle='tooltip' data-placement='right' title='原始值：2.73949'>2.7</span>", "<span data-toggle='tooltip' data-placement='right' title='原始值：2.14239'>2.14</span>", "<span data-toggle='tooltip' data-placement='right' title='原始值：0.14'>0.140</span>", "<span data-toggle='tooltip' data-placement='right' title='原始值：0.00914'>0.009</span>", "<span data-toggle='tooltip' data-placement='right' title='原始值：2.11424'>2.11</span>", "*", "*", "正常"], ["河北省", "海河流域", "<span data-toggle='tooltip' data-placement='right' title='所在地市:张家口市&#10;所属河流:永定河'>八号桥</span>", null, "", "--", "--", "--", "--", "--", "--", "--", "--", "--", "*", "*", "停站"], ["山西省", "黄河流域", "<span data-toggle='tooltip' data-placement='right' title='所在地市:运城市&#10;所属河流:汾河'>河津大桥</span>", "06-15 08:00", "Ⅳ", "<span data-toggle='tooltip' data-placement='right' title='原始值：26.80816'>26.8</span>", "<span data-toggle='tooltip' data-placement='right' title='原始值：7.74456'>7.74</span>", "<span data-toggle='tooltip' data-placement='right' title='原始值：6.84781'>6.85</span>", "<span data-toggle='tooltip' data-placement='right' title='原始值：1379.794'>1379.8</span>", "<span data-toggle='tooltip' data-placement='right' title='原始值：289.5952'>289.6</span>", "<span data-toggle='tooltip' data-placement='right' title='原始值：6.75'>6.75</span>", "<span data-toggle='tooltip' data-placement='right' title='原始值：0.13'>0.130</span>", "*", "*", "*", "*", "正常"], ["山西省", "黄河流域", "<span data-toggle='tooltip' data-placement='right' title='所在地市:忻州市&#10;所属河流:黄河'>万家寨水库</span>", "06-15 08:00", "", "<span data-toggle='tooltip' data-placement='right' title='原始值：21.79946'>21.8</span>", "<span data-toggle='tooltip' data-placement='right' title='极值过滤'>--</span>", "<span data-toggle='tooltip' data-placement='right' title='原始值：7.78333'>7.78</span>", "<span data-toggle='tooltip' data-placement='right' title='原始值：860.2809'>860.3</span>", "<span data-toggle='tooltip' data-placement='right' title='原始值：13.73423'>13.7</span>", "<span data-toggle='tooltip' data-placement='right' title='原始值：4.12'>4.12</span>", "<span data-toggle='tooltip' data-placement='right' title='原始值：0.33'>0.330</span>", "<span data-toggle='tooltip' data-placement='right' title='原始值：0.04913'>0.049</span>", "<span data-toggle='tooltip' data-placement='right' title='原始值：1.675'>1.68</span>", "*", "*", "维护"], ["内蒙古自治区", "黄河流域", "<span data-toggle='tooltip' data-placement='right' title='所在地市:包头市&#10;所属河流:黄河'>画匠营子</span>", "06-15 08:00", "Ⅱ", "<span data-toggle='tooltip' data-placement='right' title='原始值：18.54697'>18.5</span>", "<span data-toggle='tooltip' data-placement='right' title='原始值：7.6111'>7.61</span>", "<span data-toggle='tooltip' data-placement='right' title='原始值：7.49981'>7.50</span>", "<span data-toggle='tooltip' data-placement='right' title='原始值：982.8959'>982.9</span>", "<span data-toggle='tooltip' data-placement='right' title='原始值：811.0884'>811.1</span>", "<span data-toggle='tooltip' data-placement='right' title='原始值：3.4226'>3.42</span>", "<span data-toggle='tooltip' data-placement='right' title='原始值：0.02992'>0.030</span>", "*", "*", "*", "*", "正常"], ["内蒙古自治区", "黄河流域", "<span data-toggle='tooltip' data-placement='right' title='所在地市:乌海市&#10;所属河流:黄河'>海勃湾</span>", "06-15 08:05", "Ⅱ", "<span data-toggle='tooltip' data-placement='right' title='原始值：22.22732'>22.2</span>", "<span data-toggle='tooltip' data-placement='right' title='原始值：7.68229'>7.68</span>", "<span data-toggle='tooltip' data-placement='right' title='原始值：6.66661'>6.67</span>", "<span data-toggle='tooltip' data-placement='right' title='原始值：833.244'>833.2</span>", "<span data-toggle='tooltip' data-placement='right' title='原始值：29.15424'>29.2</span>", "<span data-toggle='tooltip' data-placement='right' title='原始值：2.83'>2.83</span>", "<span data-toggle='tooltip' data-placement='right' title='原始值：0.11'>0.110</span>", "*", "*", "*", "*", "正常"], ["内蒙古自治区", "松花江流域", "<span data-toggle='tooltip' data-placement='right' title='所在地市:呼伦贝尔市&#10;所属河流:额尔古纳河'>黑山头</span>", null, "", "--", "--", "--", "--", "--", "--", "--", "--", "--", "*", "*", "停站"], ["辽宁省", "辽河流域", "<span data-toggle='tooltip' data-placement='right' title='所在地市:抚顺市&#10;所属河流:浑河'>大伙房水库</span>", "06-15 08:00", "", "<span data-toggle='tooltip' data-placement='right' title='原始值：19.78411'>19.8</span>", "<span data-toggle='tooltip' data-placement='right' title='原始值：6.76835'>6.77</span>", "<span data-toggle='tooltip' data-placement='right' title='原始值：8.77514'>8.78</span>", "<span data-toggle='tooltip' data-placement='right' title='原始值：342.8103'>342.8</span>", "<span data-toggle='tooltip' data-placement='right' title='原始值：13.06346'>13.1</span>", "<span data-toggle='tooltip' data-placement='right' title='原始值：0.44'>0.44</span>", "<span data-toggle='tooltip' data-placement='right' title='原始值：0.02'>0.020</span>", "<span data-toggle='tooltip' data-placement='right' title='极值过滤'>--</span>", "<span data-toggle='tooltip' data-placement='right' title='极值过滤'>--</span>", "<span data-toggle='tooltip' data-placement='right' title='原始值：0.00082'>0.001</span>", "*", "维护"], ["辽宁省", "辽河流域", "<span data-toggle='tooltip' data-placement='right' title='所在地市:丹东市&#10;所属河流:鸭绿江'>江桥</span>", null, "", "--", "--", "--", "--", "--", "--", "--", "--", "--", "*", "*", "维护"], ["辽宁省", "辽河流域", "<span data-toggle='tooltip' data-placement='right' title='所在地市:营口市&#10;所属河流:大辽河'>辽河公园</span>", "06-15 08:05", "Ⅲ", "<span data-toggle='tooltip' data-placement='right' title='原始值：22.04062'>22.0</span>", "<span data-toggle='tooltip' data-placement='right' title='原始值：6.46448'>6.46</span>", "<span data-toggle='tooltip' data-placement='right' title='原始值：8.85981'>8.86</span>", "<span data-toggle='tooltip' data-placement='right' title='原始值：27844.61'>27844.6</span>", "<span data-toggle='tooltip' data-placement='right' title='原始值：97.64819'>97.6</span>", "<span data-toggle='tooltip' data-placement='right' title='原始值：3.14018'>3.14</span>", "<span data-toggle='tooltip' data-placement='right' title='原始值：0.12216'>0.122</span>", "<span data-toggle='tooltip' data-placement='right' title='原始值：0.1642'>0.164</span>", "<span data-toggle='tooltip' data-placement='right' title='原始值：4.01335'>4.01</span>", "*", "*", "正常"], ["辽宁省", "辽河流域", "<span data-toggle='tooltip' data-placement='right' title='所在地市:辽阳市&#10;所属河流:太子河'>汤河水库</span>", "06-15 08:00", "Ⅳ", "<span data-toggle='tooltip' data-placement='right' title='原始值：16.8'>16.8</span>", "<span data-toggle='tooltip' data-placement='right' title='原始值：7.77'>7.77</span>", "<span data-toggle='tooltip' data-placement='right' title='原始值：4.69996'>4.70</span>", "<span data-toggle='tooltip' data-placement='right' title='原始值：495.4921'>495.5</span>", "<span data-toggle='tooltip' data-placement='right' title='原始值：13.05479'>13.1</span>", "<span data-toggle='tooltip' data-placement='right' title='原始值：1.06'>1.06</span>", "<span data-toggle='tooltip' data-placement='right' title='原始值：0.03589'>0.036</span>", "<span data-toggle='tooltip' data-placement='right' title='原始值：0.00563'>0.006</span>", "<span data-toggle='tooltip' data-placement='right' title='原始值：1.95589'>1.96</span>", "*", "*", "正常"], ["辽宁省", "辽河流域", "<span data-toggle='tooltip' data-placement='right' title='所在地市:盘锦市&#10;所属河流:辽河'>盘锦兴安(兴安)</span>", "06-15 08:00", "Ⅲ", "<span data-toggle='tooltip' data-placement='right' title='原始值：23.36787'>23.4</span>", "<span data-toggle='tooltip' data-placement='right' title='原始值：6.88472'>6.88</span>", "<span data-toggle='tooltip' data-placement='right' title='原始值：5.86969'>5.87</span>", "<span data-toggle='tooltip' data-placement='right' title='原始值：2033.172'>2033.2</span>", "<span data-toggle='tooltip' data-placement='right' title='原始值：98.55294'>98.6</span>", "<span data-toggle='tooltip' data-placement='right' title='原始值：3.20348'>3.20</span>", "<span data-toggle='tooltip' data-placement='right' title='原始值：0.16'>0.160</span>", "<span data-toggle='tooltip' data-placement='right' title='原始值：0.12121'>0.121</span>", "<span data-toggle='tooltip' data-placement='right' title='原始值：1.51269'>1.51</span>", "*", "*", "正常"], ["辽宁省", "辽河流域", "<span data-toggle='tooltip' data-placement='right' title='所在地市:铁岭市&#10;所属河流:辽河'>珠尔山</span>", "06-15 08:00", "Ⅲ", "<span data-toggle='tooltip' data-placement='right' title='原始值：23.12833'>23.1</span>", "<span data-toggle='tooltip' data-placement='right' title='原始值：7.75793'>7.76</span>", "<span data-toggle='tooltip' data-placement='right' title='原始值：7.08294'>7.08</span>", "<span data-toggle='tooltip' data-placement='right' title='原始值：433.9898'>434.0</span>", "<span data-toggle='tooltip' data-placement='right' title='原始值：58.72666'>58.7</span>", "<span data-toggle='tooltip' data-placement='right' title='原始值：4.11474'>4.11</span>", "<span data-toggle='tooltip' data-placement='right' title='原始值：0.16'>0.160</span>", "<span data-toggle='tooltip' data-placement='right' title='原始值：0.07279'>0.073</span>", "<span data-toggle='tooltip' data-placement='right' title='原始值：1.77959'>1.78</span>", "*", "*", "正常"], ["吉林省", "松花江流域", "<span data-toggle='tooltip' data-placement='right' title='所在地市:长春市&#10;所属河流:松花江'>松花江村</span>", "06-15 08:04", "", "<span data-toggle='tooltip' data-placement='right' title='原始值：17.22626'>17.2</span>", "<span data-toggle='tooltip' data-placement='right' title='原始值：6.74724'>6.75</span>", "<span data-toggle='tooltip' data-placement='right' title='原始值：5.08299'>5.08</span>", "<span data-toggle='tooltip' data-placement='right' title='原始值：281.252'>281.3</span>", "<span data-toggle='tooltip' data-placement='right' title='原始值：33.29552'>33.3</span>", "<span data-toggle='tooltip' data-placement='right' title='原始值：1.78233'>1.78</span>", "<span data-toggle='tooltip' data-placement='right' title='原始值：0.51'>0.510</span>", "<span data-toggle='tooltip' data-placement='right' title='极值过滤'>--</span>", "<span data-toggle='tooltip' data-placement='right' title='原始值：3.79798'>3.80</span>", "*", "*", "维护"], ["吉林省", "松花江流域", "<span data-toggle='tooltip' data-placement='right' title='所在地市:白城市&#10;所属河流:嫩江'>白沙滩</span>", "06-15 08:00", "Ⅲ", "<span data-toggle='tooltip' data-placement='right' title='原始值：18.39918'>18.4</span>", "<span data-toggle='tooltip' data-placement='right' title='原始值：6.8371'>6.84</span>", "<span data-toggle='tooltip' data-placement='right' title='原始值：8.19773'>8.20</span>", "<span data-toggle='tooltip' data-placement='right' title='原始值：222.2608'>222.3</span>", "<span data-toggle='tooltip' data-placement='right' title='原始值：138.0781'>138.1</span>", "<span data-toggle='tooltip' data-placement='right' title='原始值：4.39'>4.39</span>", "<span data-toggle='tooltip' data-placement='right' title='原始值：0.21'>0.210</span>", "<span data-toggle='tooltip' data-placement='right' title='原始值：0.11892'>0.119</span>", "<span data-toggle='tooltip' data-placement='right' title='原始值：2.14253'>2.14</span>", "*", "*", "正常"], ["吉林省", "松花江流域", "<span data-toggle='tooltip' data-placement='right' title='所在地市:延边朝鲜族自治州&#10;所属河流:图们江'>圈河</span>", "06-15 08:00", "Ⅳ", "<span data-toggle='tooltip' data-placement='right' title='原始值：23.6'>23.6</span>", "<span data-toggle='tooltip' data-placement='right' title='原始值：8.57'>8.57</span>", "<span data-toggle='tooltip' data-placement='right' title='原始值：6.97'>6.97</span>", "<span data-toggle='tooltip' data-placement='right' title='原始值：232'>232.0</span>", "<span data-toggle='tooltip' data-placement='right' title='极值过滤'>--</span>", "<span data-toggle='tooltip' data-placement='right' title='原始值：6.03'>6.03</span>", "<span data-toggle='tooltip' data-placement='right' title='原始值：0.2027'>0.203</span>", "<span data-toggle='tooltip' data-placement='right' title='原始值：0.09496'>0.095</span>", "<span data-toggle='tooltip' data-placement='right' title='原始值：2.18858'>2.19</span>", "*", "*", "维护"], ["黑龙江省", "松花江流域", "<span data-toggle='tooltip' data-placement='right' title='所在地市:大庆市&#10;所属河流:松花江'>肇源</span>", null, "", "--", "--", "--", "--", "--", "--", "--", "--", "--", "*", "*", "停站"], ["黑龙江省", "松花江流域", "<span data-toggle='tooltip' data-placement='right' title='所在地市:佳木斯市&#10;所属河流:乌苏里江'>乌苏镇</span>", null, "", "--", "--", "--", "--", "--", "--", "--", "--", "--", "*", "*", "停站"], ["黑龙江省", "松花江流域", "<span data-toggle='tooltip' data-placement='right' title='所在地市:佳木斯市&#10;所属河流:松花江'>同江</span>", "06-15 08:00", "Ⅳ", "<span data-toggle='tooltip' data-placement='right' title='原始值：22.45468'>22.5</span>", "<span data-toggle='tooltip' data-placement='right' title='原始值：6.87501'>6.88</span>", "<span data-toggle='tooltip' data-placement='right' title='原始值：3.21875'>3.22</span>", "<span data-toggle='tooltip' data-placement='right' title='原始值：185.5471'>185.5</span>", "<span data-toggle='tooltip' data-placement='right' title='原始值：12.68776'>12.7</span>", "<span data-toggle='tooltip' data-placement='right' title='原始值：6.85588'>6.86</span>", "<span data-toggle='tooltip' data-placement='right' title='原始值：0.11513'>0.115</span>", "<span data-toggle='tooltip' data-placement='right' title='原始值：0.14941'>0.149</span>", "<span data-toggle='tooltip' data-placement='right' title='原始值：2.22976'>2.23</span>", "*", "*", "正常"], ["黑龙江省", "松花江流域", "<span data-toggle='tooltip' data-placement='right' title='所在地市:黑河市&#10;所属河流:黑龙江'>黑河下(黑河)</span>", null, "", "--", "--", "--", "--", "--", "--", "--", "--", "--", "*", "*", "停站"], ["上海市", "长江流域", "<span data-toggle='tooltip' data-placement='right' title='所在地市:青浦区&#10;所属河流:淀山湖'>急水港桥</span>", "06-15 08:00", "Ⅳ", "<span data-toggle='tooltip' data-placement='right' title='原始值：28.5'>28.5</span>", "<span data-toggle='tooltip' data-placement='right' title='原始值：7.02'>7.02</span>", "<span data-toggle='tooltip' data-placement='right' title='原始值：3.48'>3.48</span>", "<span data-toggle='tooltip' data-placement='right' title='原始值：704'>704.0</span>", "<span data-toggle='tooltip' data-placement='right' title='原始值：322'>322.0</span>", "<span data-toggle='tooltip' data-placement='right' title='原始值：4.8125'>4.81</span>", "<span data-toggle='tooltip' data-placement='right' title='原始值：0.1514'>0.151</span>", "<span data-toggle='tooltip' data-placement='right' title='原始值：0.0669'>0.067</span>", "<span data-toggle='tooltip' data-placement='right' title='原始值：2.78127'>2.78</span>", "<span data-toggle='tooltip' data-placement='right' title='原始值：0.00664'>0.007</span>", "<span data-toggle='tooltip' data-placement='right' title='原始值：5875625'>5875625</span>", "正常"], ["江苏省", "长江流域", "<span data-toggle='tooltip' data-placement='right' title='所在地市:南京市&#10;所属河流:长江'>林山</span>", "06-15 08:00", "Ⅳ", "<span data-toggle='tooltip' data-placement='right' title='原始值：26.9508'>27.0</span>", "<span data-toggle='tooltip' data-placement='right' title='原始值：7.53541'>7.54</span>", "<span data-toggle='tooltip' data-placement='right' title='原始值：4.71731'>4.72</span>", "<span data-toggle='tooltip' data-placement='right' title='原始值：322.392'>322.4</span>", "<span data-toggle='tooltip' data-placement='right' title='原始值：110.557'>110.6</span>", "<span data-toggle='tooltip' data-placement='right' title='原始值：4.93'>4.93</span>", "<span data-toggle='tooltip' data-placement='right' title='原始值：0.084'>0.084</span>", "*", "*", "*", "*", "正常"], ["江苏省", "太湖流域", "<span data-toggle='tooltip' data-placement='right' title='所在地市:无锡市&#10;所属河流:太湖'>沙渚</span>", "06-15 12:00", "Ⅳ", "<span data-toggle='tooltip' data-placement='right' title='原始值：27.1055'>27.1</span>", "<span data-toggle='tooltip' data-placement='right' title='原始值：7.504845'>7.50</span>", "<span data-toggle='tooltip' data-placement='right' title='原始值：5.48552'>5.49</span>", "<span data-toggle='tooltip' data-placement='right' title='原始值：474.6075'>474.6</span>", "<span data-toggle='tooltip' data-placement='right' title='原始值：37.33363'>37.3</span>", "<span data-toggle='tooltip' data-placement='right' title='原始值：6.05'>6.05</span>", "<span data-toggle='tooltip' data-placement='right' title='原始值：0.27'>0.270</span>", "<span data-toggle='tooltip' data-placement='right' title='原始值：0.0604'>0.060</span>", "<span data-toggle='tooltip' data-placement='right' title='原始值：1.357'>1.36</span>", "*", "*", "正常"], ["江苏省", "淮河流域", "<span data-toggle='tooltip' data-placement='right' title='所在地市:徐州市&#10;所属河流:武河'>小红圈</span>", "06-15 08:00", "Ⅲ", "<span data-toggle='tooltip' data-placement='right' title='原始值：28'>28.0</span>", "<span data-toggle='tooltip' data-placement='right' title='原始值：7.45'>7.45</span>", "<span data-toggle='tooltip' data-placement='right' title='原始值：7.78'>7.78</span>", "<span data-toggle='tooltip' data-placement='right' title='原始值：667.2'>667.2</span>", "<span data-toggle='tooltip' data-placement='right' title='原始值：2.69'>2.7</span>", "<span data-toggle='tooltip' data-placement='right' title='原始值：4.24'>4.24</span>", "<span data-toggle='tooltip' data-placement='right' title='原始值：0.1'>0.100</span>", "*", "*", "*", "*", "正常"], ["江苏省", "淮河流域", "<span data-toggle='tooltip' data-placement='right' title='所在地市:徐州市&#10;所属河流:沿河'>李集桥</span>", null, "", "--", "--", "--", "--", "--", "--", "--", "--", "--", "*", "*", "停站"], ["江苏省", "淮河流域", "<span data-toggle='tooltip' data-placement='right' title='所在地市:徐州市&#10;所属河流:邳苍分洪道'>艾山西大桥</span>", "06-15 08:00", "Ⅲ", "<span data-toggle='tooltip' data-placement='right' title='原始值：27.3067'>27.3</span>", "<span data-toggle='tooltip' data-placement='right' title='原始值：8.46967'>8.47</span>", "<span data-toggle='tooltip' data-placement='right' title='原始值：15.9563'>15.96</span>", "<span data-toggle='tooltip' data-placement='right' title='原始值：523.539'>523.5</span>", "<span data-toggle='tooltip' data-placement='right' title='原始值：68.5567'>68.6</span>", "<span data-toggle='tooltip' data-placement='right' title='原始值：5.72'>5.72</span>", "<span data-toggle='tooltip' data-placement='right' title='原始值：0.15'>0.150</span>", "<span data-toggle='tooltip' data-placement='right' title='原始值：0.06143'>0.061</span>", "<span data-toggle='tooltip' data-placement='right' title='原始值：1.66494'>1.66</span>", "*", "*", "正常"], ["江苏省", "太湖流域", "<span data-toggle='tooltip' data-placement='right' title='所在地市:苏州市&#10;所属河流:太湖'>兰山嘴(老)</span>", "06-15 08:00", "Ⅱ", "<span data-toggle='tooltip' data-placement='right' title='原始值：28.92338'>28.9</span>", "<span data-toggle='tooltip' data-placement='right' title='原始值：7.31887'>7.32</span>", "<span data-toggle='tooltip' data-placement='right' title='原始值：7.02882'>7.03</span>", "<span data-toggle='tooltip' data-placement='right' title='原始值：399.7464'>399.7</span>", "<span data-toggle='tooltip' data-placement='right' title='原始值：16.75993'>16.8</span>", "<span data-toggle='tooltip' data-placement='right' title='原始值：2.31'>2.31</span>", "<span data-toggle='tooltip' data-placement='right' title='原始值：0.18'>0.180</span>", "<span data-toggle='tooltip' data-placement='right' title='原始值：0.05856'>0.059</span>", "<span data-toggle='tooltip' data-placement='right' title='原始值：1.7863'>1.79</span>", "*", "*", "正常"], ["江苏省", "太湖流域", "<span data-toggle='tooltip' data-placement='right' title='所在地市:苏州市&#10;所属河流:太湖'>西山</span>", "06-15 08:00", "Ⅲ", "<span data-toggle='tooltip' data-placement='right' title='原始值：29.77051'>29.8</span>", "<span data-toggle='tooltip' data-placement='right' title='原始值：7.37036'>7.37</span>", "<span data-toggle='tooltip' data-placement='right' title='原始值：5.54052'>5.54</span>", "<span data-toggle='tooltip' data-placement='right' title='原始值：541.7421'>541.7</span>", "<span data-toggle='tooltip' data-placement='right' title='原始值：50.78142'>50.8</span>", "<span data-toggle='tooltip' data-placement='right' title='原始值：1.84'>1.84</span>", "<span data-toggle='tooltip' data-placement='right' title='原始值：0.11'>0.110</span>", "<span data-toggle='tooltip' data-placement='right' title='原始值：0.0463'>0.046</span>", "<span data-toggle='tooltip' data-placement='right' title='原始值：0.4453'>0.45</span>", "*", "*", "正常"], ["江苏省", "淮河流域", "<span data-toggle='tooltip' data-placement='right' title='所在地市:连云港市&#10;所属河流:新沭河'>大兴桥</span>", "06-15 08:00", "Ⅲ", "<span data-toggle='tooltip' data-placement='right' title='原始值：26.6'>26.6</span>", "<span data-toggle='tooltip' data-placement='right' title='原始值：8.01'>8.01</span>", "<span data-toggle='tooltip' data-placement='right' title='原始值：8.53'>8.53</span>", "<span data-toggle='tooltip' data-placement='right' title='原始值：1426.1'>1426.1</span>", "<span data-toggle='tooltip' data-placement='right' title='原始值：424.71'>424.7</span>", "<span data-toggle='tooltip' data-placement='right' title='原始值：4.69'>4.69</span>", "<span data-toggle='tooltip' data-placement='right' title='原始值：0.057'>0.057</span>", "*", "*", "*", "*", "正常"], ["江苏省", "淮河流域", "<span data-toggle='tooltip' data-placement='right' title='所在地市:淮安市&#10;所属河流:淮河'>淮河大桥</span>", "06-15 08:00", "", "<span data-toggle='tooltip' data-placement='right' title='原始值：27.51009'>27.5</span>", "<span data-toggle='tooltip' data-placement='right' title='原始值：8.02926'>8.03</span>", "<span data-toggle='tooltip' data-placement='right' title='原始值：6.39267'>6.39</span>", "<span data-toggle='tooltip' data-placement='right' title='原始值：634.691'>634.7</span>", "<span data-toggle='tooltip' data-placement='right' title='原始值：52.0172'>52.0</span>", "<span data-toggle='tooltip' data-placement='right' title='原始值：3.29'>3.29</span>", "<span data-toggle='tooltip' data-placement='right' title='原始值：0.14'>0.140</span>", "<span data-toggle='tooltip' data-placement='right' title='极值过滤'>--</span>", "<span data-toggle='tooltip' data-placement='right' title='极值过滤'>--</span>", "*", "*", "维护"], ["江苏省", "长江流域", "<span data-toggle='tooltip' data-placement='right' title='所在地市:扬州市&#10;所属河流:夹江'>三江营</span>", null, "", "--", "--", "--", "--", "--", "--", "--", "--", "--", "*", "*", "停站"], ["江苏省", "淮河流域", "<span data-toggle='tooltip' data-placement='right' title='所在地市:宿迁市&#10;所属河流:新濉河'>大屈</span>", "06-15 08:00", "Ⅲ", "<span data-toggle='tooltip' data-placement='right' title='原始值：27.2'>27.2</span>", "<span data-toggle='tooltip' data-placement='right' title='原始值：7.82'>7.82</span>", "<span data-toggle='tooltip' data-placement='right' title='原始值：5.98'>5.98</span>", "<span data-toggle='tooltip' data-placement='right' title='原始值：917.2'>917.2</span>", "<span data-toggle='tooltip' data-placement='right' title='原始值：69.06'>69.1</span>", "<span data-toggle='tooltip' data-placement='right' title='原始值：5.47'>5.47</span>", "<span data-toggle='tooltip' data-placement='right' title='原始值：0.24'>0.240</span>", "<span data-toggle='tooltip' data-placement='right' title='原始值：0.043'>0.043</span>", "<span data-toggle='tooltip' data-placement='right' title='原始值：1.678'>1.68</span>", "*", "*", "正常"], ["浙江省", "浙闽片河流", "<span data-toggle='tooltip' data-placement='right' title='所在地市:杭州市&#10;所属河流:新安江'>街口(鸠坑口)</span>", null, "", "--", "--", "--", "--", "--", "--", "--", "--", "--", "*", "*", "停站"], ["浙江省", "太湖流域", "<span data-toggle='tooltip' data-placement='right' title='所在地市:嘉兴市&#10;所属河流:斜路港河'>斜路港</span>", "06-15 08:00", "Ⅴ", "<span data-toggle='tooltip' data-placement='right' title='原始值：29.6'>29.6</span>", "<span data-toggle='tooltip' data-placement='right' title='原始值：7.18'>7.18</span>", "<span data-toggle='tooltip' data-placement='right' title='原始值：2.88'>2.88</span>", "<span data-toggle='tooltip' data-placement='right' title='原始值：550'>550.0</span>", "<span data-toggle='tooltip' data-placement='right' title='原始值：170.4'>170.4</span>", "<span data-toggle='tooltip' data-placement='right' title='原始值：8.2'>8.20</span>", "<span data-toggle='tooltip' data-placement='right' title='原始值：0.04722'>0.047</span>", "<span data-toggle='tooltip' data-placement='right' title='原始值：0.06561'>0.066</span>", "<span data-toggle='tooltip' data-placement='right' title='原始值：2.33921'>2.34</span>", "*", "*", "正常"], ["浙江省", "太湖流域", "<span data-toggle='tooltip' data-placement='right' title='所在地市:嘉兴市&#10;所属河流:京杭运河'>王江泾</span>", null, "", "--", "--", "--", "--", "--", "--", "--", "--", "--", "*", "*", "停站"], ["浙江省", "太湖流域", "<span data-toggle='tooltip' data-placement='right' title='所在地市:湖州市&#10;所属河流:西苕溪'>新港口(新塘港)</span>", "06-15 08:00", "Ⅱ", "<span data-toggle='tooltip' data-placement='right' title='原始值：26.8046'>26.8</span>", "<span data-toggle='tooltip' data-placement='right' title='原始值：6.80082'>6.80</span>", "<span data-toggle='tooltip' data-placement='right' title='原始值：7.37395'>7.37</span>", "<span data-toggle='tooltip' data-placement='right' title='原始值：238.66'>238.7</span>", "<span data-toggle='tooltip' data-placement='right' title='原始值：114.123'>114.1</span>", "<span data-toggle='tooltip' data-placement='right' title='原始值：2.67614'>2.68</span>", "<span data-toggle='tooltip' data-placement='right' title='原始值：0.14305'>0.143</span>", "<span data-toggle='tooltip' data-placement='right' title='原始值：0.09599'>0.096</span>", "<span data-toggle='tooltip' data-placement='right' title='原始值：5.46273'>5.46</span>", "*", "*", "正常"], ["安徽省", "巢湖流域", "<span data-toggle='tooltip' data-placement='right' title='所在地市:合肥市&#10;所属河流:巢湖'>湖滨(老)</span>", "06-15 08:00", "劣Ⅴ", "<span data-toggle='tooltip' data-placement='right' title='原始值：28.50767'>28.5</span>", "<span data-toggle='tooltip' data-placement='right' title='原始值：6.4528'>6.45</span>", "<span data-toggle='tooltip' data-placement='right' title='原始值：3.62239'>3.62</span>", "<span data-toggle='tooltip' data-placement='right' title='原始值：434.0732'>434.1</span>", "<span data-toggle='tooltip' data-placement='right' title='原始值：122.5535'>122.6</span>", "<span data-toggle='tooltip' data-placement='right' title='原始值：7.18'>7.18</span>", "<span data-toggle='tooltip' data-placement='right' title='原始值：2.63'>2.630</span>", "<span data-toggle='tooltip' data-placement='right' title='原始值：0.0518'>0.052</span>", "<span data-toggle='tooltip' data-placement='right' title='原始值：1.263'>1.26</span>", "<span data-toggle='tooltip' data-placement='right' title='原始值：0.01826'>0.018</span>", "*", "正常"], ["安徽省", "巢湖流域", "<span data-toggle='tooltip' data-placement='right' title='所在地市:芜湖市&#10;所属河流:巢湖'>裕溪口(老)</span>", "06-15 04:10", "Ⅴ", "<span data-toggle='tooltip' data-placement='right' title='原始值：26.35507'>26.4</span>", "<span data-toggle='tooltip' data-placement='right' title='原始值：8.37137'>8.37</span>", "<span data-toggle='tooltip' data-placement='right' title='原始值：7.67975'>7.68</span>", "<span data-toggle='tooltip' data-placement='right' title='原始值：381.894'>381.9</span>", "<span data-toggle='tooltip' data-placement='right' title='原始值：68.20527'>68.2</span>", "<span data-toggle='tooltip' data-placement='right' title='原始值：4.55'>4.55</span>", "<span data-toggle='tooltip' data-placement='right' title='原始值：0.55'>0.550</span>", "<span data-toggle='tooltip' data-placement='right' title='原始值：0.1294'>0.129</span>", "<span data-toggle='tooltip' data-placement='right' title='原始值：2.54'>2.54</span>", "*", "*", "正常"], ["安徽省", "淮河流域", "<span data-toggle='tooltip' data-placement='right' title='所在地市:蚌埠市&#10;所属河流:淮河'>蚌埠闸上(蚌埠闸)</span>", null, "", "--", "--", "--", "--", "--", "--", "--", "--", "--", "*", "*", "停站"], ["安徽省", "淮河流域", "<span data-toggle='tooltip' data-placement='right' title='所在地市:淮南市&#10;所属河流:淮河'>石头埠(老)</span>", "06-15 08:01", "Ⅲ", "<span data-toggle='tooltip' data-placement='right' title='原始值：25.79488'>25.8</span>", "<span data-toggle='tooltip' data-placement='right' title='原始值：7.17994'>7.18</span>", "<span data-toggle='tooltip' data-placement='right' title='原始值：5.74157'>5.74</span>", "<span data-toggle='tooltip' data-placement='right' title='原始值：729.2986'>729.3</span>", "<span data-toggle='tooltip' data-placement='right' title='原始值：50.92347'>50.9</span>", "<span data-toggle='tooltip' data-placement='right' title='原始值：3.78002'>3.78</span>", "<span data-toggle='tooltip' data-placement='right' title='原始值：0.15'>0.150</span>", "*", "*", "*", "*", "正常"], ["安徽省", "淮河流域", "<span data-toggle='tooltip' data-placement='right' title='所在地市:淮北市&#10;所属河流:沱河'>小王桥</span>", "06-15 08:00", "", "<span data-toggle='tooltip' data-placement='right' title='原始值：28.2'>28.2</span>", "<span data-toggle='tooltip' data-placement='right' title='原始值：8.56'>8.56</span>", "<span data-toggle='tooltip' data-placement='right' title='原始值：11.48'>11.48</span>", "<span data-toggle='tooltip' data-placement='right' title='原始值：2464.43'>2464.4</span>", "<span data-toggle='tooltip' data-placement='right' title='原始值：50.39'>50.4</span>", "<span data-toggle='tooltip' data-placement='right' title='原始值：5.438'>5.44</span>", "<span data-toggle='tooltip' data-placement='right' title='极值过滤'>--</span>", "<span data-toggle='tooltip' data-placement='right' title='原始值：0.172'>0.172</span>", "<span data-toggle='tooltip' data-placement='right' title='极值过滤'>--</span>", "*", "*", "维护"], ["安徽省", "长江流域", "<span data-toggle='tooltip' data-placement='right' title='所在地市:安庆市&#10;所属河流:长江'>皖河口</span>", null, "", "--", "--", "--", "--", "--", "--", "--", "--", "--", "*", "*", "停站"], ["安徽省", "淮河流域", "<span data-toggle='tooltip' data-placement='right' title='所在地市:滁州市&#10;所属河流:淮河'>小柳巷</span>", "06-15 08:00", "Ⅱ", "<span data-toggle='tooltip' data-placement='right' title='原始值：27.2'>27.2</span>", "<span data-toggle='tooltip' data-placement='right' title='原始值：7.66'>7.66</span>", "<span data-toggle='tooltip' data-placement='right' title='原始值：7.21'>7.21</span>", "<span data-toggle='tooltip' data-placement='right' title='原始值：749.6'>749.6</span>", "<span data-toggle='tooltip' data-placement='right' title='原始值：49.52'>49.5</span>", "<span data-toggle='tooltip' data-placement='right' title='原始值：2.46'>2.46</span>", "<span data-toggle='tooltip' data-placement='right' title='原始值：0.05'>0.050</span>", "<span data-toggle='tooltip' data-placement='right' title='原始值：0.06'>0.060</span>", "<span data-toggle='tooltip' data-placement='right' title='原始值：1.809'>1.81</span>", "*", "*", "正常"], ["安徽省", "淮河流域", "<span data-toggle='tooltip' data-placement='right' title='所在地市:阜阳市&#10;所属河流:黑茨河'>张大桥</span>", "06-15 08:00", "Ⅲ", "<span data-toggle='tooltip' data-placement='right' title='原始值：28.9'>28.9</span>", "<span data-toggle='tooltip' data-placement='right' title='原始值：8.66'>8.66</span>", "<span data-toggle='tooltip' data-placement='right' title='原始值：8.17'>8.17</span>", "<span data-toggle='tooltip' data-placement='right' title='原始值：2566.9'>2566.9</span>", "<span data-toggle='tooltip' data-placement='right' title='原始值：76.72'>76.7</span>", "<span data-toggle='tooltip' data-placement='right' title='原始值：3.29'>3.29</span>", "<span data-toggle='tooltip' data-placement='right' title='原始值：0.02'>0.020</span>", "<span data-toggle='tooltip' data-placement='right' title='原始值：0.102'>0.102</span>", "<span data-toggle='tooltip' data-placement='right' title='原始值：1.036'>1.04</span>", "*", "*", "正常"], ["安徽省", "淮河流域", "<span data-toggle='tooltip' data-placement='right' title='所在地市:阜阳市&#10;所属河流:淮河'>王家坝</span>", "06-15 08:00", "Ⅴ", "<span data-toggle='tooltip' data-placement='right' title='原始值：26.49'>26.5</span>", "<span data-toggle='tooltip' data-placement='right' title='原始值：7.02506'>7.03</span>", "<span data-toggle='tooltip' data-placement='right' title='原始值：2.98314'>2.98</span>", "<span data-toggle='tooltip' data-placement='right' title='原始值：482.4863'>482.5</span>", "<span data-toggle='tooltip' data-placement='right' title='原始值：127.3782'>127.4</span>", "<span data-toggle='tooltip' data-placement='right' title='原始值：5.42'>5.42</span>", "<span data-toggle='tooltip' data-placement='right' title='原始值：1.478'>1.478</span>", "<span data-toggle='tooltip' data-placement='right' title='原始值：0.19436'>0.194</span>", "<span data-toggle='tooltip' data-placement='right' title='原始值：2.21352'>2.21</span>", "*", "*", "正常"], ["安徽省", "淮河流域", "<span data-toggle='tooltip' data-placement='right' title='所在地市:阜阳市&#10;所属河流:颍河'>界首七渡口(七渡口)</span>", "06-15 08:00", "Ⅲ", "<span data-toggle='tooltip' data-placement='right' title='原始值：22.12092'>22.1</span>", "<span data-toggle='tooltip' data-placement='right' title='原始值：8.07431'>8.07</span>", "<span data-toggle='tooltip' data-placement='right' title='原始值：5.78737'>5.79</span>", "<span data-toggle='tooltip' data-placement='right' title='原始值：865.4247'>865.4</span>", "<span data-toggle='tooltip' data-placement='right' title='原始值：7.48603'>7.5</span>", "<span data-toggle='tooltip' data-placement='right' title='原始值：5.53'>5.53</span>", "<span data-toggle='tooltip' data-placement='right' title='原始值：0.18'>0.180</span>", "<span data-toggle='tooltip' data-placement='right' title='原始值：0.07713'>0.077</span>", "<span data-toggle='tooltip' data-placement='right' title='原始值：3.02142'>3.02</span>", "*", "*", "正常"], ["安徽省", "淮河流域", "<span data-toggle='tooltip' data-placement='right' title='所在地市:阜阳市&#10;所属河流:泉河'>许庄(徐庄)</span>", "06-15 08:00", "", "<span data-toggle='tooltip' data-placement='right' title='原始值：25.4'>25.4</span>", "<span data-toggle='tooltip' data-placement='right' title='原始值：7.36'>7.36</span>", "<span data-toggle='tooltip' data-placement='right' title='原始值：7.16'>7.16</span>", "<span data-toggle='tooltip' data-placement='right' title='原始值：933'>933.0</span>", "<span data-toggle='tooltip' data-placement='right' title='原始值：150.24'>150.2</span>", "<span data-toggle='tooltip' data-placement='right' title='原始值：4.96'>4.96</span>", "<span data-toggle='tooltip' data-placement='right' title='极值过滤'>--</span>", "<span data-toggle='tooltip' data-placement='right' title='原始值：0.156'>0.156</span>", "<span data-toggle='tooltip' data-placement='right' title='原始值：1.819'>1.82</span>", "*", "*", "维护"], ["安徽省", "淮河流域", "<span data-toggle='tooltip' data-placement='right' title='所在地市:宿州市&#10;所属河流:奎河'>杨庄</span>", "06-15 08:02", "Ⅳ", "<span data-toggle='tooltip' data-placement='right' title='原始值：26.71'>26.7</span>", "<span data-toggle='tooltip' data-placement='right' title='原始值：7.35'>7.35</span>", "<span data-toggle='tooltip' data-placement='right' title='原始值：4.38'>4.38</span>", "<span data-toggle='tooltip' data-placement='right' title='原始值：843.4'>843.4</span>", "<span data-toggle='tooltip' data-placement='right' title='原始值：127.26'>127.3</span>", "<span data-toggle='tooltip' data-placement='right' title='原始值：4.6'>4.60</span>", "<span data-toggle='tooltip' data-placement='right' title='原始值：1.165'>1.165</span>", "*", "*", "*", "*", "正常"], ["安徽省", "淮河流域", "<span data-toggle='tooltip' data-placement='right' title='所在地市:宿州市&#10;所属河流:新汴河'>泗县公路桥</span>", "06-15 08:00", "Ⅱ", "<span data-toggle='tooltip' data-placement='right' title='原始值：27.8'>27.8</span>", "<span data-toggle='tooltip' data-placement='right' title='原始值：8.87'>8.87</span>", "<span data-toggle='tooltip' data-placement='right' title='原始值：9.53'>9.53</span>", "<span data-toggle='tooltip' data-placement='right' title='原始值：1073.6'>1073.6</span>", "<span data-toggle='tooltip' data-placement='right' title='原始值：88.54'>88.5</span>", "<span data-toggle='tooltip' data-placement='right' title='原始值：3.9'>3.90</span>", "<span data-toggle='tooltip' data-placement='right' title='原始值：0.1'>0.100</span>", "*", "*", "*", "*", "正常"], ["安徽省", "淮河流域", "<span data-toggle='tooltip' data-placement='right' title='所在地市:亳州市&#10;所属河流:包河'>颜集</span>", "06-15 08:00", "Ⅳ", "<span data-toggle='tooltip' data-placement='right' title='原始值：27'>27.0</span>", "<span data-toggle='tooltip' data-placement='right' title='原始值：7.71'>7.71</span>", "<span data-toggle='tooltip' data-placement='right' title='原始值：6.31'>6.31</span>", "<span data-toggle='tooltip' data-placement='right' title='原始值：910'>910.0</span>", "<span data-toggle='tooltip' data-placement='right' title='原始值：210.44'>210.4</span>", "<span data-toggle='tooltip' data-placement='right' title='原始值：4.2'>4.20</span>", "<span data-toggle='tooltip' data-placement='right' title='原始值：0.86'>0.860</span>", "<span data-toggle='tooltip' data-placement='right' title='原始值：0.293'>0.293</span>", "<span data-toggle='tooltip' data-placement='right' title='原始值：4.829'>4.83</span>", "*", "*", "正常"], ["福建省", "浙闽片河流", "<span data-toggle='tooltip' data-placement='right' title='所在地市:福州市&#10;所属河流:闽江'>白岩潭</span>", "06-15 08:00", "Ⅱ", "<span data-toggle='tooltip' data-placement='right' title='原始值：25.77'>25.8</span>", "<span data-toggle='tooltip' data-placement='right' title='原始值：6.26'>6.26</span>", "<span data-toggle='tooltip' data-placement='right' title='原始值：7.52'>7.52</span>", "<span data-toggle='tooltip' data-placement='right' title='原始值：100.3'>100.3</span>", "<span data-toggle='tooltip' data-placement='right' title='原始值：51.46'>51.5</span>", "<span data-toggle='tooltip' data-placement='right' title='原始值：2.06'>2.06</span>", "<span data-toggle='tooltip' data-placement='right' title='原始值：0.1'>0.100</span>", "*", "*", "*", "*", "正常"], ["江西省", "长江流域", "<span data-toggle='tooltip' data-placement='right' title='所在地市:南昌市&#10;所属河流:赣江南支'>滁槎</span>", "06-15 08:00", "Ⅲ", "<span data-toggle='tooltip' data-placement='right' title='原始值：28.3632'>28.4</span>", "<span data-toggle='tooltip' data-placement='right' title='原始值：7.00057'>7.00</span>", "<span data-toggle='tooltip' data-placement='right' title='原始值：6.73001'>6.73</span>", "<span data-toggle='tooltip' data-placement='right' title='原始值：115.4788'>115.5</span>", "<span data-toggle='tooltip' data-placement='right' title='原始值：59.5769'>59.6</span>", "<span data-toggle='tooltip' data-placement='right' title='原始值：1.84'>1.84</span>", "<span data-toggle='tooltip' data-placement='right' title='原始值：0.17'>0.170</span>", "<span data-toggle='tooltip' data-placement='right' title='原始值：0.1815'>0.182</span>", "<span data-toggle='tooltip' data-placement='right' title='原始值：2.03'>2.03</span>", "*", "*", "正常"], ["江西省", "长江流域", "<span data-toggle='tooltip' data-placement='right' title='所在地市:九江市&#10;所属河流:长江'>姚港(河西水厂)</span>", null, "", "--", "--", "--", "--", "--", "--", "--", "--", "--", "*", "*", "停站"], ["江西省", "长江流域", "<span data-toggle='tooltip' data-placement='right' title='所在地市:九江市&#10;所属河流:鄱阳湖'>蛤蟆石</span>", null, "", "--", "--", "--", "--", "--", "--", "--", "--", "--", "--", "--", "停站"], ["山东省", "黄河流域", "<span data-toggle='tooltip' data-placement='right' title='所在地市:济南市&#10;所属河流:黄河'>泺口</span>", "06-15 08:00", "Ⅰ", "<span data-toggle='tooltip' data-placement='right' title='原始值：25.5362'>25.5</span>", "<span data-toggle='tooltip' data-placement='right' title='原始值：8.4496'>8.45</span>", "<span data-toggle='tooltip' data-placement='right' title='原始值：7.59789'>7.60</span>", "<span data-toggle='tooltip' data-placement='right' title='原始值：1009.14'>1009.1</span>", "<span data-toggle='tooltip' data-placement='right' title='原始值：590.347'>590.3</span>", "<span data-toggle='tooltip' data-placement='right' title='原始值：1.02'>1.02</span>", "<span data-toggle='tooltip' data-placement='right' title='原始值：0.07942'>0.079</span>", "<span data-toggle='tooltip' data-placement='right' title='原始值：0.01749'>0.017</span>", "<span data-toggle='tooltip' data-placement='right' title='原始值：3.605'>3.60</span>", "*", "*", "正常"], ["山东省", "淮河流域", "<span data-toggle='tooltip' data-placement='right' title='所在地市:枣庄市&#10;所属河流:京杭大运河（韩庄运河）'>台儿庄大桥</span>", "06-15 08:00", "Ⅱ", "<span data-toggle='tooltip' data-placement='right' title='原始值：26.14953'>26.1</span>", "<span data-toggle='tooltip' data-placement='right' title='原始值：7.53934'>7.54</span>", "<span data-toggle='tooltip' data-placement='right' title='原始值：6.08761'>6.09</span>", "<span data-toggle='tooltip' data-placement='right' title='原始值：728.5831'>728.6</span>", "<span data-toggle='tooltip' data-placement='right' title='原始值：39.85938'>39.9</span>", "<span data-toggle='tooltip' data-placement='right' title='原始值：3.32287'>3.32</span>", "<span data-toggle='tooltip' data-placement='right' title='原始值：0.08281'>0.083</span>", "<span data-toggle='tooltip' data-placement='right' title='原始值：0.04587'>0.046</span>", "<span data-toggle='tooltip' data-placement='right' title='原始值：1.25302'>1.25</span>", "*", "*", "正常"], ["山东省", "淮河流域", "<span data-toggle='tooltip' data-placement='right' title='所在地市:临沂市&#10;所属河流:沭河'>清泉寺</span>", "06-15 08:02", "Ⅳ", "<span data-toggle='tooltip' data-placement='right' title='原始值：25.56539'>25.6</span>", "<span data-toggle='tooltip' data-placement='right' title='原始值：8.08867'>8.09</span>", "<span data-toggle='tooltip' data-placement='right' title='原始值：4.96874'>4.97</span>", "<span data-toggle='tooltip' data-placement='right' title='原始值：1280.929'>1280.9</span>", "<span data-toggle='tooltip' data-placement='right' title='原始值：14.38924'>14.4</span>", "<span data-toggle='tooltip' data-placement='right' title='原始值：7.16'>7.16</span>", "<span data-toggle='tooltip' data-placement='right' title='原始值：0.2'>0.200</span>", "*", "*", "*", "*", "正常"], ["山东省", "淮河流域", "<span data-toggle='tooltip' data-placement='right' title='所在地市:临沂市&#10;所属河流:沂河'>重坊桥</span>", "06-15 08:00", "Ⅱ", "<span data-toggle='tooltip' data-placement='right' title='原始值：26.98787'>27.0</span>", "<span data-toggle='tooltip' data-placement='right' title='原始值：7.48588'>7.49</span>", "<span data-toggle='tooltip' data-placement='right' title='原始值：6.6272'>6.63</span>", "<span data-toggle='tooltip' data-placement='right' title='原始值：839'>839.0</span>", "<span data-toggle='tooltip' data-placement='right' title='原始值：18.85514'>18.9</span>", "<span data-toggle='tooltip' data-placement='right' title='原始值：3.96'>3.96</span>", "<span data-toggle='tooltip' data-placement='right' title='原始值：0.09011'>0.090</span>", "*", "*", "*", "*", "正常"], ["山东省", "淮河流域", "<span data-toggle='tooltip' data-placement='right' title='所在地市:临沂市&#10;所属河流:白马河'>捷庄(涝沟桥)</span>", "06-15 08:00", "Ⅴ", "<span data-toggle='tooltip' data-placement='right' title='原始值：24.99844'>25.0</span>", "<span data-toggle='tooltip' data-placement='right' title='原始值：6.92'>6.92</span>", "<span data-toggle='tooltip' data-placement='right' title='原始值：2.38516'>2.39</span>", "<span data-toggle='tooltip' data-placement='right' title='原始值：766.5'>766.5</span>", "<span data-toggle='tooltip' data-placement='right' title='原始值：24.99526'>25.0</span>", "<span data-toggle='tooltip' data-placement='right' title='原始值：9.91'>9.91</span>", "<span data-toggle='tooltip' data-placement='right' title='原始值：0.91144'>0.911</span>", "<span data-toggle='tooltip' data-placement='right' title='原始值：0.28011'>0.280</span>", "<span data-toggle='tooltip' data-placement='right' title='原始值：2.48113'>2.48</span>", "*", "*", "正常"], ["山东省", "海河流域", "<span data-toggle='tooltip' data-placement='right' title='所在地市:聊城市&#10;所属河流:卫运河'>秤勾湾(秤钩湾)</span>", null, "", "--", "--", "--", "--", "--", "--", "--", "--", "--", "*", "*", "停站"], ["河南省", "长江流域", "<span data-toggle='tooltip' data-placement='right' title='所在地市:南阳市&#10;所属河流:丹江口水库'>陶岔</span>", "06-15 08:00", "Ⅱ", "<span data-toggle='tooltip' data-placement='right' title='原始值：26.37'>26.4</span>", "<span data-toggle='tooltip' data-placement='right' title='原始值：8.09197'>8.09</span>", "<span data-toggle='tooltip' data-placement='right' title='原始值：8.98401'>8.98</span>", "<span data-toggle='tooltip' data-placement='right' title='原始值：305.3454'>305.3</span>", "<span data-toggle='tooltip' data-placement='right' title='原始值：2.30768'>2.3</span>", "<span data-toggle='tooltip' data-placement='right' title='原始值：2.96'>2.96</span>", "<span data-toggle='tooltip' data-placement='right' title='原始值：0.01463'>0.015</span>", "<span data-toggle='tooltip' data-placement='right' title='原始值：0.01288'>0.013</span>", "<span data-toggle='tooltip' data-placement='right' title='原始值：0.96394'>0.96</span>", "<span data-toggle='tooltip' data-placement='right' title='原始值：0.01223'>0.012</span>", "<span data-toggle='tooltip' data-placement='right' title='原始值：346120.4'>346120</span>", "正常"], ["河南省", "淮河流域", "<span data-toggle='tooltip' data-placement='right' title='所在地市:商丘市&#10;所属河流:浍河'>黄口</span>", "06-15 08:00", "Ⅲ", "<span data-toggle='tooltip' data-placement='right' title='原始值：27.79997'>27.8</span>", "<span data-toggle='tooltip' data-placement='right' title='原始值：8.06'>8.06</span>", "<span data-toggle='tooltip' data-placement='right' title='原始值：8.53016'>8.53</span>", "<span data-toggle='tooltip' data-placement='right' title='原始值：5124'>5124.0</span>", "<span data-toggle='tooltip' data-placement='right' title='原始值：75.09111'>75.1</span>", "<span data-toggle='tooltip' data-placement='right' title='原始值：5.66'>5.66</span>", "<span data-toggle='tooltip' data-placement='right' title='原始值：0.09134'>0.091</span>", "<span data-toggle='tooltip' data-placement='right' title='原始值：0.1383'>0.138</span>", "<span data-toggle='tooltip' data-placement='right' title='原始值：2.17397'>2.17</span>", "*", "*", "正常"], ["河南省", "淮河流域", "<span data-toggle='tooltip' data-placement='right' title='所在地市:信阳市&#10;所属河流:史灌河'>蒋集</span>", "06-15 08:00", "Ⅳ", "<span data-toggle='tooltip' data-placement='right' title='原始值：26.725'>26.7</span>", "<span data-toggle='tooltip' data-placement='right' title='原始值：6.54862'>6.55</span>", "<span data-toggle='tooltip' data-placement='right' title='原始值：4.245'>4.24</span>", "<span data-toggle='tooltip' data-placement='right' title='原始值：166.4853'>166.5</span>", "<span data-toggle='tooltip' data-placement='right' title='原始值：368.6686'>368.7</span>", "<span data-toggle='tooltip' data-placement='right' title='原始值：2.45'>2.45</span>", "<span data-toggle='tooltip' data-placement='right' title='原始值：0.48913'>0.489</span>", "*", "*", "*", "*", "正常"], ["河南省", "淮河流域", "<span data-toggle='tooltip' data-placement='right' title='所在地市:信阳市&#10;所属河流:淮河'>淮滨水文站(淮滨)</span>", "06-15 08:00", "Ⅱ", "<span data-toggle='tooltip' data-placement='right' title='原始值：25.6'>25.6</span>", "<span data-toggle='tooltip' data-placement='right' title='原始值：7.28'>7.28</span>", "<span data-toggle='tooltip' data-placement='right' title='原始值：6.285'>6.28</span>", "<span data-toggle='tooltip' data-placement='right' title='原始值：335'>335.0</span>", "<span data-toggle='tooltip' data-placement='right' title='原始值：16.65308'>16.7</span>", "<span data-toggle='tooltip' data-placement='right' title='原始值：2.54166'>2.54</span>", "<span data-toggle='tooltip' data-placement='right' title='原始值：0.23098'>0.231</span>", "<span data-toggle='tooltip' data-placement='right' title='原始值：0.06056'>0.061</span>", "<span data-toggle='tooltip' data-placement='right' title='原始值：1.09403'>1.09</span>", "*", "*", "正常"], ["河南省", "淮河流域", "<span data-toggle='tooltip' data-placement='right' title='所在地市:周口市&#10;所属河流:沙河'>沈丘闸</span>", "06-15 08:00", "Ⅱ", "<span data-toggle='tooltip' data-placement='right' title='原始值：24.86469'>24.9</span>", "<span data-toggle='tooltip' data-placement='right' title='原始值：8.12298'>8.12</span>", "<span data-toggle='tooltip' data-placement='right' title='原始值：9.20516'>9.21</span>", "<span data-toggle='tooltip' data-placement='right' title='原始值：879.1636'>879.2</span>", "<span data-toggle='tooltip' data-placement='right' title='原始值：4.69043'>4.7</span>", "<span data-toggle='tooltip' data-placement='right' title='原始值：3.88'>3.88</span>", "<span data-toggle='tooltip' data-placement='right' title='原始值：0.3'>0.300</span>", "*", "*", "*", "*", "正常"], ["河南省", "淮河流域", "<span data-toggle='tooltip' data-placement='right' title='所在地市:周口市&#10;所属河流:涡河'>鹿邑付桥(鹿邑付桥闸)</span>", "06-15 08:00", "Ⅱ", "<span data-toggle='tooltip' data-placement='right' title='原始值：25.72484'>25.7</span>", "<span data-toggle='tooltip' data-placement='right' title='原始值：8.62625'>8.63</span>", "<span data-toggle='tooltip' data-placement='right' title='原始值：12.86983'>12.87</span>", "<span data-toggle='tooltip' data-placement='right' title='原始值：1423.046'>1423.0</span>", "<span data-toggle='tooltip' data-placement='right' title='原始值：9.38012'>9.4</span>", "<span data-toggle='tooltip' data-placement='right' title='原始值：0.23682'>0.24</span>", "<span data-toggle='tooltip' data-placement='right' title='原始值：0.05'>0.050</span>", "<span data-toggle='tooltip' data-placement='right' title='原始值：0.0976'>0.098</span>", "<span data-toggle='tooltip' data-placement='right' title='原始值：1.63214'>1.63</span>", "*", "*", "正常"], ["河南省", "淮河流域", "<span data-toggle='tooltip' data-placement='right' title='所在地市:驻马店市&#10;所属河流:洪河'>新蔡班台(班台)</span>", "06-15 08:00", "劣Ⅴ", "<span data-toggle='tooltip' data-placement='right' title='原始值：25.41478'>25.4</span>", "<span data-toggle='tooltip' data-placement='right' title='原始值：6.98435'>6.98</span>", "<span data-toggle='tooltip' data-placement='right' title='原始值：3.41301'>3.41</span>", "<span data-toggle='tooltip' data-placement='right' title='原始值：858.5585'>858.6</span>", "<span data-toggle='tooltip' data-placement='right' title='原始值：8.86367'>8.9</span>", "<span data-toggle='tooltip' data-placement='right' title='原始值：5.26'>5.26</span>", "<span data-toggle='tooltip' data-placement='right' title='原始值：1.32'>1.320</span>", "<span data-toggle='tooltip' data-placement='right' title='原始值：0.41524'>0.415</span>", "<span data-toggle='tooltip' data-placement='right' title='原始值：4.07923'>4.08</span>", "*", "*", "正常"], ["河南省", "黄河流域", "<span data-toggle='tooltip' data-placement='right' title='所在地市:济源市&#10;所属河流:黄河'>小浪底水库(小浪底)</span>", "06-15 08:00", "Ⅲ", "<span data-toggle='tooltip' data-placement='right' title='原始值：21.41525'>21.4</span>", "<span data-toggle='tooltip' data-placement='right' title='原始值：8.64134'>8.64</span>", "<span data-toggle='tooltip' data-placement='right' title='原始值：5.31506'>5.32</span>", "<span data-toggle='tooltip' data-placement='right' title='原始值：955.7313'>955.7</span>", "<span data-toggle='tooltip' data-placement='right' title='原始值：4.60827'>4.6</span>", "<span data-toggle='tooltip' data-placement='right' title='原始值：1.755'>1.76</span>", "<span data-toggle='tooltip' data-placement='right' title='原始值：0.13'>0.130</span>", "<span data-toggle='tooltip' data-placement='right' title='原始值：0.02908'>0.029</span>", "<span data-toggle='tooltip' data-placement='right' title='原始值：2.955'>2.96</span>", "*", "*", "正常"], ["湖北省", "长江流域", "<span data-toggle='tooltip' data-placement='right' title='所在地市:武汉市&#10;所属河流:汉江'>宗关</span>", null, "", "--", "--", "--", "--", "--", "--", "--", "--", "--", "*", "*", "停站"], ["湖北省", "长江流域", "<span data-toggle='tooltip' data-placement='right' title='所在地市:十堰市&#10;所属河流:丹江口水库'>坝上中(胡家岭)</span>", null, "", "--", "--", "--", "--", "--", "--", "--", "--", "--", "--", "--", "维护"], ["湖北省", "长江流域", "<span data-toggle='tooltip' data-placement='right' title='所在地市:宜昌市&#10;所属河流:长江'>南津关</span>", null, "", "--", "--", "--", "--", "--", "--", "--", "--", "--", "*", "*", "停站"], ["湖南省", "长江流域", "<span data-toggle='tooltip' data-placement='right' title='所在地市:长沙市&#10;所属河流:湘江'>新港</span>", null, "", "--", "--", "--", "--", "--", "--", "--", "--", "--", "*", "*", "停站"], ["湖南省", "长江流域", "<span data-toggle='tooltip' data-placement='right' title='所在地市:岳阳市&#10;所属河流:洞庭湖'>岳阳楼</span>", null, "", "--", "--", "--", "--", "--", "--", "--", "--", "--", "--", "--", "停站"], ["湖南省", "长江流域", "<span data-toggle='tooltip' data-placement='right' title='所在地市:岳阳市&#10;所属河流:长江'>城陵矶</span>", null, "", "--", "--", "--", "--", "--", "--", "--", "--", "--", "*", "*", "停站"], ["广东省", "珠江流域", "<span data-toggle='tooltip' data-placement='right' title='所在地市:清远市&#10;所属河流:北江'>七星岗</span>", "06-15 08:00", "劣Ⅴ", "<span data-toggle='tooltip' data-placement='right' title='原始值：28.579'>28.6</span>", "<span data-toggle='tooltip' data-placement='right' title='原始值：5.73121'>5.73</span>", "<span data-toggle='tooltip' data-placement='right' title='原始值：6.28896'>6.29</span>", "<span data-toggle='tooltip' data-placement='right' title='原始值：152.6575'>152.7</span>", "<span data-toggle='tooltip' data-placement='right' title='原始值：48.18887'>48.2</span>", "<span data-toggle='tooltip' data-placement='right' title='原始值：0.1'>0.10</span>", "<span data-toggle='tooltip' data-placement='right' title='原始值：0.10964'>0.110</span>", "<span data-toggle='tooltip' data-placement='right' title='原始值：0.09375'>0.094</span>", "<span data-toggle='tooltip' data-placement='right' title='原始值：2.1256'>2.13</span>", "*", "*", "正常"], ["广东省", "珠江流域", "<span data-toggle='tooltip' data-placement='right' title='所在地市:中山市&#10;所属河流:西江'>横栏</span>", null, "", "--", "--", "--", "--", "--", "--", "--", "--", "--", "*", "*", "停站"], ["广西壮族自治区", "珠江流域", "<span data-toggle='tooltip' data-placement='right' title='所在地市:南宁市&#10;所属河流:邕江'>老口</span>", "06-15 04:00", "Ⅱ", "<span data-toggle='tooltip' data-placement='right' title='原始值：28.1135'>28.1</span>", "<span data-toggle='tooltip' data-placement='right' title='原始值：7.61491'>7.61</span>", "<span data-toggle='tooltip' data-placement='right' title='原始值：6.44869'>6.45</span>", "<span data-toggle='tooltip' data-placement='right' title='原始值：334.2191'>334.2</span>", "<span data-toggle='tooltip' data-placement='right' title='原始值：38.76151'>38.8</span>", "<span data-toggle='tooltip' data-placement='right' title='原始值：1.40302'>1.40</span>", "<span data-toggle='tooltip' data-placement='right' title='原始值：0.0872'>0.087</span>", "<span data-toggle='tooltip' data-placement='right' title='原始值：0.0356'>0.036</span>", "<span data-toggle='tooltip' data-placement='right' title='原始值：3.06941'>3.07</span>", "*", "*", "正常"], ["广西壮族自治区", "珠江流域", "<span data-toggle='tooltip' data-placement='right' title='所在地市:桂林市&#10;所属河流:漓江'>阳朔</span>", null, "", "--", "--", "--", "--", "--", "--", "--", "--", "--", "*", "*", "停站"], ["广西壮族自治区", "珠江流域", "<span data-toggle='tooltip' data-placement='right' title='所在地市:梧州市&#10;所属河流:浔江'>界首</span>", null, "", "--", "--", "--", "--", "--", "--", "--", "--", "--", "*", "*", "停站"], ["广西壮族自治区", "珠江流域", "<span data-toggle='tooltip' data-placement='right' title='所在地市:贵港市&#10;所属河流:浔江'>石嘴</span>", "06-15 08:00", "Ⅱ", "<span data-toggle='tooltip' data-placement='right' title='原始值：27.00182'>27.0</span>", "<span data-toggle='tooltip' data-placement='right' title='原始值：6.74496'>6.74</span>", "<span data-toggle='tooltip' data-placement='right' title='原始值：9.08994'>9.09</span>", "<span data-toggle='tooltip' data-placement='right' title='原始值：275.3891'>275.4</span>", "<span data-toggle='tooltip' data-placement='right' title='原始值：202.4768'>202.5</span>", "<span data-toggle='tooltip' data-placement='right' title='原始值：2.1'>2.10</span>", "<span data-toggle='tooltip' data-placement='right' title='原始值：0.08'>0.080</span>", "<span data-toggle='tooltip' data-placement='right' title='原始值：0.05679'>0.057</span>", "<span data-toggle='tooltip' data-placement='right' title='原始值：3.973'>3.97</span>", "*", "*", "正常"], ["广西壮族自治区", "珠江流域", "<span data-toggle='tooltip' data-placement='right' title='所在地市:崇左市&#10;所属河流:平而河'>平而关</span>", "06-15 04:00", "Ⅱ", "<span data-toggle='tooltip' data-placement='right' title='原始值：31.97726'>32.0</span>", "<span data-toggle='tooltip' data-placement='right' title='原始值：7.75536'>7.76</span>", "<span data-toggle='tooltip' data-placement='right' title='原始值：6.45618'>6.46</span>", "<span data-toggle='tooltip' data-placement='right' title='原始值：205.9248'>205.9</span>", "<span data-toggle='tooltip' data-placement='right' title='原始值：23.29234'>23.3</span>", "<span data-toggle='tooltip' data-placement='right' title='原始值：1.12487'>1.12</span>", "<span data-toggle='tooltip' data-placement='right' title='原始值：0.19'>0.190</span>", "*", "*", "*", "*", "正常"], ["重庆市", "长江流域", "<span data-toggle='tooltip' data-placement='right' title='所在地市:永川区&#10;所属河流:长江'>朱沱</span>", null, "", "--", "--", "--", "--", "--", "--", "--", "--", "--", "*", "*", "停站"], ["四川省", "长江流域", "<span data-toggle='tooltip' data-placement='right' title='所在地市:攀枝花市&#10;所属河流:金沙江'>龙洞</span>", "06-15 08:00", "Ⅰ", "<span data-toggle='tooltip' data-placement='right' title='原始值：20.77377'>20.8</span>", "<span data-toggle='tooltip' data-placement='right' title='原始值：8.27666'>8.28</span>", "<span data-toggle='tooltip' data-placement='right' title='原始值：8.59699'>8.60</span>", "<span data-toggle='tooltip' data-placement='right' title='原始值：1069.398'>1069.4</span>", "<span data-toggle='tooltip' data-placement='right' title='原始值：2.798'>2.8</span>", "<span data-toggle='tooltip' data-placement='right' title='原始值：1.47'>1.47</span>", "<span data-toggle='tooltip' data-placement='right' title='原始值：0.04'>0.040</span>", "<span data-toggle='tooltip' data-placement='right' title='原始值：0.00591'>0.006</span>", "<span data-toggle='tooltip' data-placement='right' title='原始值：0.28721'>0.29</span>", "*", "*", "正常"], ["四川省", "长江流域", "<span data-toggle='tooltip' data-placement='right' title='所在地市:泸州市&#10;所属河流:沱江'>沱江大桥(沱江二桥)</span>", null, "", "--", "--", "--", "--", "--", "--", "--", "--", "--", "*", "*", "停站"], ["四川省", "长江流域", "<span data-toggle='tooltip' data-placement='right' title='所在地市:广元市&#10;所属河流:嘉陵江'>清风峡</span>", "06-15 08:00", "Ⅱ", "<span data-toggle='tooltip' data-placement='right' title='原始值：24.60001'>24.6</span>", "<span data-toggle='tooltip' data-placement='right' title='原始值：8.03001'>8.03</span>", "<span data-toggle='tooltip' data-placement='right' title='原始值：8.54594'>8.55</span>", "<span data-toggle='tooltip' data-placement='right' title='原始值：345.2685'>345.3</span>", "<span data-toggle='tooltip' data-placement='right' title='原始值：51.94353'>51.9</span>", "<span data-toggle='tooltip' data-placement='right' title='原始值：0.93'>0.93</span>", "<span data-toggle='tooltip' data-placement='right' title='原始值：0.17334'>0.173</span>", "*", "*", "*", "*", "正常"], ["四川省", "长江流域", "<span data-toggle='tooltip' data-placement='right' title='所在地市:乐山市&#10;所属河流:岷江'>岷江大桥</span>", "06-15 08:00", "Ⅱ", "<span data-toggle='tooltip' data-placement='right' title='原始值：24.86682'>24.9</span>", "<span data-toggle='tooltip' data-placement='right' title='原始值：7.46145'>7.46</span>", "<span data-toggle='tooltip' data-placement='right' title='原始值：7.15207'>7.15</span>", "<span data-toggle='tooltip' data-placement='right' title='原始值：384.8418'>384.8</span>", "<span data-toggle='tooltip' data-placement='right' title='原始值：65.13896'>65.1</span>", "<span data-toggle='tooltip' data-placement='right' title='原始值：3.22'>3.22</span>", "<span data-toggle='tooltip' data-placement='right' title='原始值：0.26'>0.260</span>", "*", "*", "*", "*", "正常"], ["四川省", "长江流域", "<span data-toggle='tooltip' data-placement='right' title='所在地市:宜宾市&#10;所属河流:岷江'>凉姜沟</span>", null, "", "--", "--", "--", "--", "--", "--", "--", "--", "--", "*", "*", "停站"], ["云南省", "滇池流域", "<span data-toggle='tooltip' data-placement='right' title='所在地市:昆明市&#10;所属河流:滇池'>西苑隧道</span>", "06-15 08:02", "Ⅴ", "<span data-toggle='tooltip' data-placement='right' title='原始值：23.94136'>23.9</span>", "<span data-toggle='tooltip' data-placement='right' title='原始值：7.04259'>7.04</span>", "<span data-toggle='tooltip' data-placement='right' title='原始值：3.15289'>3.15</span>", "<span data-toggle='tooltip' data-placement='right' title='原始值：644.153'>644.2</span>", "<span data-toggle='tooltip' data-placement='right' title='原始值：53.9748'>54.0</span>", "<span data-toggle='tooltip' data-placement='right' title='原始值：11.36002'>11.36</span>", "<span data-toggle='tooltip' data-placement='right' title='原始值：0.41'>0.410</span>", "<span data-toggle='tooltip' data-placement='right' title='原始值：0.19625'>0.196</span>", "<span data-toggle='tooltip' data-placement='right' title='原始值：1.23849'>1.24</span>", "<span data-toggle='tooltip' data-placement='right' title='原始值：0.03799'>0.038</span>", "<span data-toggle='tooltip' data-placement='right' title='原始值：8015119'>8015119</span>", "正常"], ["云南省", "滇池流域", "<span data-toggle='tooltip' data-placement='right' title='所在地市:昆明市&#10;所属河流:滇池'>观音山</span>", "06-15 08:00", "Ⅴ", "<span data-toggle='tooltip' data-placement='right' title='原始值：24.97079'>25.0</span>", "<span data-toggle='tooltip' data-placement='right' title='原始值：8.08376'>8.08</span>", "<span data-toggle='tooltip' data-placement='right' title='原始值：7.29259'>7.29</span>", "<span data-toggle='tooltip' data-placement='right' title='原始值：424.5313'>424.5</span>", "<span data-toggle='tooltip' data-placement='right' title='原始值：92.01973'>92.0</span>", "<span data-toggle='tooltip' data-placement='right' title='原始值：10.46'>10.46</span>", "<span data-toggle='tooltip' data-placement='right' title='原始值：0.2'>0.200</span>", "<span data-toggle='tooltip' data-placement='right' title='原始值：0.1239'>0.124</span>", "<span data-toggle='tooltip' data-placement='right' title='原始值：1.378'>1.38</span>", "<span data-toggle='tooltip' data-placement='right' title='原始值：0.04039'>0.040</span>", "<span data-toggle='tooltip' data-placement='right' title='原始值：7699923'>7699923</span>", "正常"], ["云南省", "西南诸河", "<span data-toggle='tooltip' data-placement='right' title='所在地市:红河哈尼族彝族自治州&#10;所属河流:红河'>河口县医院(河口)</span>", "06-15 04:00", "", "<span data-toggle='tooltip' data-placement='right' title='原始值：25.4'>25.4</span>", "<span data-toggle='tooltip' data-placement='right' title='原始值：7.42968'>7.43</span>", "<span data-toggle='tooltip' data-placement='right' title='原始值：7.12969'>7.13</span>", "<span data-toggle='tooltip' data-placement='right' title='原始值：110'>110.0</span>", "<span data-toggle='tooltip' data-placement='right' title='原始值：456.5594'>456.6</span>", "<span data-toggle='tooltip' data-placement='right' title='原始值：0.26'>0.26</span>", "<span data-toggle='tooltip' data-placement='right' title='原始值：0.27498'>0.275</span>", "<span data-toggle='tooltip' data-placement='right' title='极值过滤'>--</span>", "<span data-toggle='tooltip' data-placement='right' title='原始值：0.79195'>0.79</span>", "*", "*", "维护"], ["云南省", "西南诸河", "<span data-toggle='tooltip' data-placement='right' title='所在地市:西双版纳傣族自治州&#10;所属河流:澜沧江'>橄榄坝</span>", "06-15 08:01", "", "<span data-toggle='tooltip' data-placement='right' title='原始值：17.85477'>17.9</span>", "<span data-toggle='tooltip' data-placement='right' title='原始值：7.44183'>7.44</span>", "<span data-toggle='tooltip' data-placement='right' title='原始值：6.08753'>6.09</span>", "<span data-toggle='tooltip' data-placement='right' title='原始值：598.6949'>598.7</span>", "<span data-toggle='tooltip' data-placement='right' title='原始值：7.53085'>7.5</span>", "<span data-toggle='tooltip' data-placement='right' title='极值过滤'>--</span>", "<span data-toggle='tooltip' data-placement='right' title='原始值：0.39492'>0.395</span>", "*", "*", "*", "*", "维护"], ["陕西省", "黄河流域", "<span data-toggle='tooltip' data-placement='right' title='所在地市:渭南市&#10;所属河流:渭河'>潼关吊桥</span>", "06-15 08:00", "Ⅱ", "<span data-toggle='tooltip' data-placement='right' title='原始值：24.55'>24.6</span>", "<span data-toggle='tooltip' data-placement='right' title='原始值：7.97992'>7.98</span>", "<span data-toggle='tooltip' data-placement='right' title='原始值：6.20508'>6.21</span>", "<span data-toggle='tooltip' data-placement='right' title='原始值：1001.008'>1001.0</span>", "<span data-toggle='tooltip' data-placement='right' title='原始值：123.9429'>123.9</span>", "<span data-toggle='tooltip' data-placement='right' title='原始值：3.52'>3.52</span>", "<span data-toggle='tooltip' data-placement='right' title='原始值：0.18'>0.180</span>", "<span data-toggle='tooltip' data-placement='right' title='原始值：0.09569'>0.096</span>", "<span data-toggle='tooltip' data-placement='right' title='原始值：5.42133'>5.42</span>", "*", "*", "正常"], ["甘肃省", "黄河流域", "<span data-toggle='tooltip' data-placement='right' title='所在地市:兰州市&#10;所属河流:黄河'>新城桥</span>", "06-15 08:00", "Ⅱ", "<span data-toggle='tooltip' data-placement='right' title='原始值：16.98865'>17.0</span>", "<span data-toggle='tooltip' data-placement='right' title='原始值：6.68691'>6.69</span>", "<span data-toggle='tooltip' data-placement='right' title='原始值：7.33509'>7.34</span>", "<span data-toggle='tooltip' data-placement='right' title='原始值：465.4534'>465.5</span>", "<span data-toggle='tooltip' data-placement='right' title='原始值：144.4831'>144.5</span>", "<span data-toggle='tooltip' data-placement='right' title='原始值：2.85'>2.85</span>", "<span data-toggle='tooltip' data-placement='right' title='原始值：0.14'>0.140</span>", "<span data-toggle='tooltip' data-placement='right' title='原始值：0.03967'>0.040</span>", "<span data-toggle='tooltip' data-placement='right' title='原始值：3.1716'>3.17</span>", "*", "*", "正常"], ["宁夏回族自治区", "黄河流域", "<span data-toggle='tooltip' data-placement='right' title='所在地市:中卫市&#10;所属河流:黄河'>中卫下河沿(新墩)</span>", "06-15 08:00", "劣Ⅴ", "<span data-toggle='tooltip' data-placement='right' title='原始值：20.09753'>20.1</span>", "<span data-toggle='tooltip' data-placement='right' title='原始值：9.03395'>9.03</span>", "<span data-toggle='tooltip' data-placement='right' title='原始值：7.16656'>7.17</span>", "<span data-toggle='tooltip' data-placement='right' title='原始值：606.7295'>606.7</span>", "<span data-toggle='tooltip' data-placement='right' title='原始值：111.1077'>111.1</span>", "<span data-toggle='tooltip' data-placement='right' title='原始值：4.74'>4.74</span>", "<span data-toggle='tooltip' data-placement='right' title='原始值：0.09'>0.090</span>", "<span data-toggle='tooltip' data-placement='right' title='原始值：0.0087'>0.009</span>", "<span data-toggle='tooltip' data-placement='right' title='原始值：2.3756'>2.38</span>", "*", "*", "正常"]]}