{"result": 1, "total": 1, "records": 98, "thead": ["省份", "流域", "断面名称", "监测时间", "水质类别", "水温<br/><span class='unit'>(℃)</span>", "pH<br/><span class='unit'>(无量纲)</span>", "溶解氧<br/><span class='unit'>(mg/L)</span>", "电导率<br/><span class='unit'>(μS/cm)</span>", "浊度<br/><span class='unit'>(NTU)</span>", "高锰酸盐指数<br/><span class='unit'>(mg/L)</span>", "氨氮<br/><span class='unit'>(mg/L)</span>", "总磷<br/><span class='unit'>(mg/L)</span>", "总氮<br/><span class='unit'>(mg/L)</span>", "叶绿素α<br/><span class='unit'>(mg/L)</span>", "藻密度<br/><span class='unit'>(cells/L)</span>", "站点情况"], "tbody": [["北京市", "海河流域", "<span data-toggle='tooltip' data-placement='right' title='所在地市:门头沟区&#10;所属河流:永定河'>沿河城</span>", "06-06 08:00", "Ⅳ", "<span data-toggle='tooltip' data-placement='right' title='原始值：20.53095'>20.5</span>", "<span data-toggle='tooltip' data-placement='right' title='原始值：8.32267'>8.32</span>", "<span data-toggle='tooltip' data-placement='right' title='原始值：8.30418'>8.30</span>", "<span data-toggle='tooltip' data-placement='right' title='原始值：1449.934'>1449.9</span>", "<span data-toggle='tooltip' data-placement='right' title='原始值：7.43674'>7.4</span>", "<span data-toggle='tooltip' data-placement='right' title='原始值：7.375'>7.38</span>", "<span data-toggle='tooltip' data-placement='right' title='原始值：0.12'>0.120</span>", "<span data-toggle='tooltip' data-placement='right' title='原始值：0.01903'>0.019</span>", "<span data-toggle='tooltip' data-placement='right' title='原始值：1.07525'>1.08</span>", "*", "*", "正常"], ["北京市", "海河流域", "<span data-toggle='tooltip' data-placement='right' title='所在地市:密云区&#10;所属河流:潮河'>古北口</span>", "06-06 08:00", "Ⅱ", "<span data-toggle='tooltip' data-placement='right' title='原始值：22.50888'>22.5</span>", "<span data-toggle='tooltip' data-placement='right' title='原始值：7.31318'>7.31</span>", "<span data-toggle='tooltip' data-placement='right' title='原始值：7.47016'>7.47</span>", "<span data-toggle='tooltip' data-placement='right' title='原始值：630.6899'>630.7</span>", "<span data-toggle='tooltip' data-placement='right' title='原始值：4.09824'>4.1</span>", "<span data-toggle='tooltip' data-placement='right' title='原始值：1.18234'>1.18</span>", "<span data-toggle='tooltip' data-placement='right' title='原始值：0.23'>0.230</span>", "<span data-toggle='tooltip' data-placement='right' title='原始值：0.0001'>0.0001</span>", "<span data-toggle='tooltip' data-placement='right' title='原始值：3.7085'>3.71</span>", "*", "*", "正常"], ["天津市", "海河流域", "<span data-toggle='tooltip' data-placement='right' title='所在地市:河北区&#10;所属河流:海河'>三岔口</span>", "06-06 08:00", "Ⅳ", "<span data-toggle='tooltip' data-placement='right' title='原始值：24.8034'>24.8</span>", "<span data-toggle='tooltip' data-placement='right' title='原始值：7.6911'>7.69</span>", "<span data-toggle='tooltip' data-placement='right' title='原始值：6.949'>6.95</span>", "<span data-toggle='tooltip' data-placement='right' title='原始值：256.0461'>256.0</span>", "<span data-toggle='tooltip' data-placement='right' title='原始值：13.153'>13.2</span>", "<span data-toggle='tooltip' data-placement='right' title='原始值：9.86'>9.86</span>", "<span data-toggle='tooltip' data-placement='right' title='原始值：0.32'>0.320</span>", "<span data-toggle='tooltip' data-placement='right' title='原始值：0.0482'>0.048</span>", "<span data-toggle='tooltip' data-placement='right' title='原始值：0.9145'>0.91</span>", "*", "*", "正常"], ["天津市", "海河流域", "<span data-toggle='tooltip' data-placement='right' title='所在地市:蓟州区&#10;所属河流:果河'>果河桥</span>", "06-06 08:00", "", "<span data-toggle='tooltip' data-placement='right' title='原始值：24.3'>24.3</span>", "<span data-toggle='tooltip' data-placement='right' title='原始值：8.77'>8.77</span>", "<span data-toggle='tooltip' data-placement='right' title='原始值：11.391'>11.39</span>", "<span data-toggle='tooltip' data-placement='right' title='原始值：579.199'>579.2</span>", "<span data-toggle='tooltip' data-placement='right' title='原始值：4.88'>4.9</span>", "<span data-toggle='tooltip' data-placement='right' title='原始值：2.2989'>2.30</span>", "<span data-toggle='tooltip' data-placement='right' title='极值过滤'>--</span>", "<span data-toggle='tooltip' data-placement='right' title='原始值：0.0274'>0.027</span>", "<span data-toggle='tooltip' data-placement='right' title='原始值：2.967'>2.97</span>", "*", "*", "维护"], ["河北省", "海河流域", "<span data-toggle='tooltip' data-placement='right' title='所在地市:石家庄市&#10;所属河流:滹沱河'>岗南水库</span>", "06-06 08:00", "劣Ⅴ", "<span data-toggle='tooltip' data-placement='right' title='原始值：24.12822'>24.1</span>", "<span data-toggle='tooltip' data-placement='right' title='原始值：8.21773'>8.22</span>", "<span data-toggle='tooltip' data-placement='right' title='原始值：9.47971'>9.48</span>", "<span data-toggle='tooltip' data-placement='right' title='原始值：581.1094'>581.1</span>", "<span data-toggle='tooltip' data-placement='right' title='原始值：3.54126'>3.5</span>", "<span data-toggle='tooltip' data-placement='right' title='原始值：2.07588'>2.08</span>", "<span data-toggle='tooltip' data-placement='right' title='原始值：2.62'>2.620</span>", "<span data-toggle='tooltip' data-placement='right' title='原始值：0.02517'>0.025</span>", "<span data-toggle='tooltip' data-placement='right' title='原始值：2.2006'>2.20</span>", "*", "*", "正常"], ["河北省", "海河流域", "<span data-toggle='tooltip' data-placement='right' title='所在地市:张家口市&#10;所属河流:永定河'>八号桥</span>", null, "", "--", "--", "--", "--", "--", "--", "--", "--", "--", "*", "*", "停站"], ["山西省", "黄河流域", "<span data-toggle='tooltip' data-placement='right' title='所在地市:运城市&#10;所属河流:汾河'>河津大桥</span>", "06-06 08:00", "", "<span data-toggle='tooltip' data-placement='right' title='原始值：26.45679'>26.5</span>", "<span data-toggle='tooltip' data-placement='right' title='原始值：8.03045'>8.03</span>", "<span data-toggle='tooltip' data-placement='right' title='原始值：7.37657'>7.38</span>", "<span data-toggle='tooltip' data-placement='right' title='原始值：1415.047'>1415.0</span>", "<span data-toggle='tooltip' data-placement='right' title='原始值：302.6056'>302.6</span>", "<span data-toggle='tooltip' data-placement='right' title='原始值：8.75'>8.75</span>", "<span data-toggle='tooltip' data-placement='right' title='极值过滤'>--</span>", "*", "*", "*", "*", "维护"], ["山西省", "黄河流域", "<span data-toggle='tooltip' data-placement='right' title='所在地市:忻州市&#10;所属河流:黄河'>万家寨水库</span>", "06-06 08:00", "Ⅳ", "<span data-toggle='tooltip' data-placement='right' title='原始值：20.15708'>20.2</span>", "<span data-toggle='tooltip' data-placement='right' title='原始值：7.98538'>7.99</span>", "<span data-toggle='tooltip' data-placement='right' title='原始值：7.60912'>7.61</span>", "<span data-toggle='tooltip' data-placement='right' title='原始值：957.2594'>957.3</span>", "<span data-toggle='tooltip' data-placement='right' title='原始值：12.37365'>12.4</span>", "<span data-toggle='tooltip' data-placement='right' title='原始值：6.01'>6.01</span>", "<span data-toggle='tooltip' data-placement='right' title='原始值：0.26'>0.260</span>", "<span data-toggle='tooltip' data-placement='right' title='原始值：0.032'>0.032</span>", "<span data-toggle='tooltip' data-placement='right' title='原始值：1.6625'>1.66</span>", "*", "*", "正常"], ["内蒙古自治区", "黄河流域", "<span data-toggle='tooltip' data-placement='right' title='所在地市:包头市&#10;所属河流:黄河'>画匠营子</span>", "06-06 08:00", "Ⅱ", "<span data-toggle='tooltip' data-placement='right' title='原始值：18.8579'>18.9</span>", "<span data-toggle='tooltip' data-placement='right' title='原始值：7.6185'>7.62</span>", "<span data-toggle='tooltip' data-placement='right' title='原始值：7.54661'>7.55</span>", "<span data-toggle='tooltip' data-placement='right' title='原始值：895.5844'>895.6</span>", "<span data-toggle='tooltip' data-placement='right' title='原始值：958.1631'>958.2</span>", "<span data-toggle='tooltip' data-placement='right' title='原始值：3.92004'>3.92</span>", "<span data-toggle='tooltip' data-placement='right' title='原始值：0.03529'>0.035</span>", "*", "*", "*", "*", "正常"], ["内蒙古自治区", "黄河流域", "<span data-toggle='tooltip' data-placement='right' title='所在地市:乌海市&#10;所属河流:黄河'>海勃湾</span>", "06-06 08:05", "Ⅱ", "<span data-toggle='tooltip' data-placement='right' title='原始值：21.9086'>21.9</span>", "<span data-toggle='tooltip' data-placement='right' title='原始值：7.58973'>7.59</span>", "<span data-toggle='tooltip' data-placement='right' title='原始值：6.25573'>6.26</span>", "<span data-toggle='tooltip' data-placement='right' title='原始值：775.9634'>776.0</span>", "<span data-toggle='tooltip' data-placement='right' title='原始值：27.21292'>27.2</span>", "<span data-toggle='tooltip' data-placement='right' title='原始值：2.44'>2.44</span>", "<span data-toggle='tooltip' data-placement='right' title='原始值：0.09'>0.090</span>", "*", "*", "*", "*", "正常"], ["内蒙古自治区", "松花江流域", "<span data-toggle='tooltip' data-placement='right' title='所在地市:呼伦贝尔市&#10;所属河流:额尔古纳河'>黑山头</span>", null, "", "--", "--", "--", "--", "--", "--", "--", "--", "--", "*", "*", "停站"], ["辽宁省", "辽河流域", "<span data-toggle='tooltip' data-placement='right' title='所在地市:抚顺市&#10;所属河流:浑河'>大伙房水库</span>", "06-06 08:00", "", "<span data-toggle='tooltip' data-placement='right' title='原始值：20.08861'>20.1</span>", "<span data-toggle='tooltip' data-placement='right' title='原始值：7.36929'>7.37</span>", "<span data-toggle='tooltip' data-placement='right' title='原始值：10.36906'>10.37</span>", "<span data-toggle='tooltip' data-placement='right' title='原始值：354.2274'>354.2</span>", "<span data-toggle='tooltip' data-placement='right' title='原始值：4.48141'>4.5</span>", "<span data-toggle='tooltip' data-placement='right' title='原始值：2.74'>2.74</span>", "<span data-toggle='tooltip' data-placement='right' title='原始值：0.07'>0.070</span>", "<span data-toggle='tooltip' data-placement='right' title='极值过滤'>--</span>", "<span data-toggle='tooltip' data-placement='right' title='极值过滤'>--</span>", "<span data-toggle='tooltip' data-placement='right' title='原始值：0.00085'>0.001</span>", "*", "维护"], ["辽宁省", "辽河流域", "<span data-toggle='tooltip' data-placement='right' title='所在地市:丹东市&#10;所属河流:鸭绿江'>江桥</span>", "06-06 04:00", "Ⅰ", "<span data-toggle='tooltip' data-placement='right' title='原始值：18.1'>18.1</span>", "<span data-toggle='tooltip' data-placement='right' title='原始值：6.93'>6.93</span>", "<span data-toggle='tooltip' data-placement='right' title='原始值：9.23'>9.23</span>", "<span data-toggle='tooltip' data-placement='right' title='原始值：169'>169.0</span>", "<span data-toggle='tooltip' data-placement='right' title='原始值：0.5'>0.5</span>", "<span data-toggle='tooltip' data-placement='right' title='原始值：1.03'>1.03</span>", "<span data-toggle='tooltip' data-placement='right' title='原始值：0.08397'>0.084</span>", "<span data-toggle='tooltip' data-placement='right' title='原始值：0.01806'>0.018</span>", "<span data-toggle='tooltip' data-placement='right' title='原始值：3.00089'>3.00</span>", "*", "*", "正常"], ["辽宁省", "辽河流域", "<span data-toggle='tooltip' data-placement='right' title='所在地市:营口市&#10;所属河流:大辽河'>辽河公园</span>", "06-06 08:05", "Ⅳ", "<span data-toggle='tooltip' data-placement='right' title='原始值：20.58884'>20.6</span>", "<span data-toggle='tooltip' data-placement='right' title='原始值：6.57359'>6.57</span>", "<span data-toggle='tooltip' data-placement='right' title='原始值：8.1842'>8.18</span>", "<span data-toggle='tooltip' data-placement='right' title='原始值：11912.44'>11912.4</span>", "<span data-toggle='tooltip' data-placement='right' title='原始值：138.283'>138.3</span>", "<span data-toggle='tooltip' data-placement='right' title='原始值：6.29867'>6.30</span>", "<span data-toggle='tooltip' data-placement='right' title='原始值：0.1001'>0.100</span>", "<span data-toggle='tooltip' data-placement='right' title='原始值：0.16346'>0.163</span>", "<span data-toggle='tooltip' data-placement='right' title='原始值：4.2049'>4.20</span>", "*", "*", "正常"], ["辽宁省", "辽河流域", "<span data-toggle='tooltip' data-placement='right' title='所在地市:辽阳市&#10;所属河流:太子河'>汤河水库</span>", "06-06 08:00", "Ⅲ", "<span data-toggle='tooltip' data-placement='right' title='原始值：15.5'>15.5</span>", "<span data-toggle='tooltip' data-placement='right' title='原始值：7.94'>7.94</span>", "<span data-toggle='tooltip' data-placement='right' title='原始值：5.89'>5.89</span>", "<span data-toggle='tooltip' data-placement='right' title='原始值：480.0071'>480.0</span>", "<span data-toggle='tooltip' data-placement='right' title='原始值：2.74924'>2.7</span>", "<span data-toggle='tooltip' data-placement='right' title='原始值：1.09'>1.09</span>", "<span data-toggle='tooltip' data-placement='right' title='原始值：0.06357'>0.064</span>", "<span data-toggle='tooltip' data-placement='right' title='原始值：0.01777'>0.018</span>", "<span data-toggle='tooltip' data-placement='right' title='原始值：1.98507'>1.99</span>", "*", "*", "正常"], ["辽宁省", "辽河流域", "<span data-toggle='tooltip' data-placement='right' title='所在地市:盘锦市&#10;所属河流:辽河'>盘锦兴安(兴安)</span>", "06-06 08:00", "Ⅳ", "<span data-toggle='tooltip' data-placement='right' title='原始值：21.15697'>21.2</span>", "<span data-toggle='tooltip' data-placement='right' title='原始值：7.06398'>7.06</span>", "<span data-toggle='tooltip' data-placement='right' title='原始值：3.39148'>3.39</span>", "<span data-toggle='tooltip' data-placement='right' title='原始值：1350.072'>1350.1</span>", "<span data-toggle='tooltip' data-placement='right' title='原始值：15.54184'>15.5</span>", "<span data-toggle='tooltip' data-placement='right' title='原始值：3.33448'>3.33</span>", "<span data-toggle='tooltip' data-placement='right' title='原始值：0.11'>0.110</span>", "<span data-toggle='tooltip' data-placement='right' title='原始值：0.07703'>0.077</span>", "<span data-toggle='tooltip' data-placement='right' title='原始值：1.20626'>1.21</span>", "*", "*", "正常"], ["辽宁省", "辽河流域", "<span data-toggle='tooltip' data-placement='right' title='所在地市:铁岭市&#10;所属河流:辽河'>珠尔山</span>", "06-06 08:00", "Ⅲ", "<span data-toggle='tooltip' data-placement='right' title='原始值：22.25792'>22.3</span>", "<span data-toggle='tooltip' data-placement='right' title='原始值：7.95741'>7.96</span>", "<span data-toggle='tooltip' data-placement='right' title='原始值：7.66625'>7.67</span>", "<span data-toggle='tooltip' data-placement='right' title='原始值：465.7252'>465.7</span>", "<span data-toggle='tooltip' data-placement='right' title='原始值：28.33372'>28.3</span>", "<span data-toggle='tooltip' data-placement='right' title='原始值：5.55731'>5.56</span>", "<span data-toggle='tooltip' data-placement='right' title='原始值：0.14'>0.140</span>", "<span data-toggle='tooltip' data-placement='right' title='原始值：0.09179'>0.092</span>", "<span data-toggle='tooltip' data-placement='right' title='原始值：2.90797'>2.91</span>", "*", "*", "正常"], ["吉林省", "松花江流域", "<span data-toggle='tooltip' data-placement='right' title='所在地市:长春市&#10;所属河流:松花江'>松花江村</span>", "06-06 08:04", "Ⅱ", "<span data-toggle='tooltip' data-placement='right' title='原始值：17.3764'>17.4</span>", "<span data-toggle='tooltip' data-placement='right' title='原始值：6.66065'>6.66</span>", "<span data-toggle='tooltip' data-placement='right' title='原始值：7.05809'>7.06</span>", "<span data-toggle='tooltip' data-placement='right' title='原始值：278.642'>278.6</span>", "<span data-toggle='tooltip' data-placement='right' title='原始值：21.39455'>21.4</span>", "<span data-toggle='tooltip' data-placement='right' title='原始值：1.58308'>1.58</span>", "<span data-toggle='tooltip' data-placement='right' title='原始值：0.09'>0.090</span>", "<span data-toggle='tooltip' data-placement='right' title='原始值：0.0581'>0.058</span>", "<span data-toggle='tooltip' data-placement='right' title='原始值：2.56503'>2.57</span>", "*", "*", "正常"], ["吉林省", "松花江流域", "<span data-toggle='tooltip' data-placement='right' title='所在地市:白城市&#10;所属河流:嫩江'>白沙滩</span>", null, "", "--", "--", "--", "--", "--", "--", "--", "--", "--", "*", "*", "维护"], ["吉林省", "松花江流域", "<span data-toggle='tooltip' data-placement='right' title='所在地市:延边朝鲜族自治州&#10;所属河流:图们江'>圈河</span>", "06-06 08:00", "Ⅲ", "<span data-toggle='tooltip' data-placement='right' title='原始值：21.7'>21.7</span>", "<span data-toggle='tooltip' data-placement='right' title='原始值：8.23'>8.23</span>", "<span data-toggle='tooltip' data-placement='right' title='原始值：6.95125'>6.95</span>", "<span data-toggle='tooltip' data-placement='right' title='原始值：185'>185.0</span>", "<span data-toggle='tooltip' data-placement='right' title='原始值：52'>52.0</span>", "<span data-toggle='tooltip' data-placement='right' title='原始值：5'>5.00</span>", "<span data-toggle='tooltip' data-placement='right' title='原始值：0.08916'>0.089</span>", "<span data-toggle='tooltip' data-placement='right' title='原始值：0.13779'>0.138</span>", "<span data-toggle='tooltip' data-placement='right' title='原始值：2.123'>2.12</span>", "*", "*", "正常"], ["黑龙江省", "松花江流域", "<span data-toggle='tooltip' data-placement='right' title='所在地市:大庆市&#10;所属河流:松花江'>肇源</span>", null, "", "--", "--", "--", "--", "--", "--", "--", "--", "--", "*", "*", "停站"], ["黑龙江省", "松花江流域", "<span data-toggle='tooltip' data-placement='right' title='所在地市:佳木斯市&#10;所属河流:乌苏里江'>乌苏镇</span>", null, "", "--", "--", "--", "--", "--", "--", "--", "--", "--", "*", "*", "停站"], ["黑龙江省", "松花江流域", "<span data-toggle='tooltip' data-placement='right' title='所在地市:佳木斯市&#10;所属河流:松花江'>同江</span>", "06-06 08:00", "Ⅲ", "<span data-toggle='tooltip' data-placement='right' title='原始值：16.00032'>16.0</span>", "<span data-toggle='tooltip' data-placement='right' title='原始值：7.59376'>7.59</span>", "<span data-toggle='tooltip' data-placement='right' title='原始值：10.87502'>10.88</span>", "<span data-toggle='tooltip' data-placement='right' title='原始值：247.0706'>247.1</span>", "<span data-toggle='tooltip' data-placement='right' title='原始值：56.75105'>56.8</span>", "<span data-toggle='tooltip' data-placement='right' title='原始值：5.66873'>5.67</span>", "<span data-toggle='tooltip' data-placement='right' title='原始值：0.10254'>0.103</span>", "<span data-toggle='tooltip' data-placement='right' title='原始值：0.125'>0.125</span>", "<span data-toggle='tooltip' data-placement='right' title='原始值：2.22235'>2.22</span>", "*", "*", "正常"], ["黑龙江省", "松花江流域", "<span data-toggle='tooltip' data-placement='right' title='所在地市:黑河市&#10;所属河流:黑龙江'>黑河下(黑河)</span>", null, "", "--", "--", "--", "--", "--", "--", "--", "--", "--", "*", "*", "停站"], ["上海市", "长江流域", "<span data-toggle='tooltip' data-placement='right' title='所在地市:青浦区&#10;所属河流:淀山湖'>急水港桥</span>", "06-06 08:00", "Ⅳ", "<span data-toggle='tooltip' data-placement='right' title='原始值：24.5'>24.5</span>", "<span data-toggle='tooltip' data-placement='right' title='原始值：7.07'>7.07</span>", "<span data-toggle='tooltip' data-placement='right' title='原始值：5.32'>5.32</span>", "<span data-toggle='tooltip' data-placement='right' title='原始值：770'>770.0</span>", "<span data-toggle='tooltip' data-placement='right' title='原始值：169.7'>169.7</span>", "<span data-toggle='tooltip' data-placement='right' title='原始值：2.0625'>2.06</span>", "<span data-toggle='tooltip' data-placement='right' title='原始值：0.2063'>0.206</span>", "<span data-toggle='tooltip' data-placement='right' title='原始值：0.06494'>0.065</span>", "<span data-toggle='tooltip' data-placement='right' title='原始值：4.21879'>4.22</span>", "<span data-toggle='tooltip' data-placement='right' title='原始值：0.00668'>0.007</span>", "<span data-toggle='tooltip' data-placement='right' title='原始值：7065955'>7065955</span>", "正常"], ["江苏省", "长江流域", "<span data-toggle='tooltip' data-placement='right' title='所在地市:南京市&#10;所属河流:长江'>林山</span>", "06-06 08:00", "Ⅱ", "<span data-toggle='tooltip' data-placement='right' title='原始值：25.1194'>25.1</span>", "<span data-toggle='tooltip' data-placement='right' title='原始值：7.94299'>7.94</span>", "<span data-toggle='tooltip' data-placement='right' title='原始值：7.21621'>7.22</span>", "<span data-toggle='tooltip' data-placement='right' title='原始值：315.56'>315.6</span>", "<span data-toggle='tooltip' data-placement='right' title='原始值：32.1936'>32.2</span>", "<span data-toggle='tooltip' data-placement='right' title='原始值：1.29'>1.29</span>", "<span data-toggle='tooltip' data-placement='right' title='原始值：0.05'>0.050</span>", "*", "*", "*", "*", "正常"], ["江苏省", "太湖流域", "<span data-toggle='tooltip' data-placement='right' title='所在地市:无锡市&#10;所属河流:太湖'>沙渚</span>", null, "", "--", "--", "--", "--", "--", "--", "--", "--", "--", "*", "*", "维护"], ["江苏省", "淮河流域", "<span data-toggle='tooltip' data-placement='right' title='所在地市:徐州市&#10;所属河流:武河'>小红圈</span>", "06-06 08:00", "Ⅲ", "<span data-toggle='tooltip' data-placement='right' title='原始值：27.1'>27.1</span>", "<span data-toggle='tooltip' data-placement='right' title='原始值：8.08'>8.08</span>", "<span data-toggle='tooltip' data-placement='right' title='原始值：5.97'>5.97</span>", "<span data-toggle='tooltip' data-placement='right' title='原始值：704.6'>704.6</span>", "<span data-toggle='tooltip' data-placement='right' title='原始值：13.55'>13.6</span>", "<span data-toggle='tooltip' data-placement='right' title='原始值：5.14'>5.14</span>", "<span data-toggle='tooltip' data-placement='right' title='原始值：0.06'>0.060</span>", "*", "*", "*", "*", "正常"], ["江苏省", "淮河流域", "<span data-toggle='tooltip' data-placement='right' title='所在地市:徐州市&#10;所属河流:沿河'>李集桥</span>", "06-06 08:00", "Ⅲ", "<span data-toggle='tooltip' data-placement='right' title='原始值：27.5'>27.5</span>", "<span data-toggle='tooltip' data-placement='right' title='原始值：7.8'>7.80</span>", "<span data-toggle='tooltip' data-placement='right' title='原始值：8.24'>8.24</span>", "<span data-toggle='tooltip' data-placement='right' title='原始值：1218.7'>1218.7</span>", "<span data-toggle='tooltip' data-placement='right' title='原始值：104.36'>104.4</span>", "<span data-toggle='tooltip' data-placement='right' title='原始值：4.14'>4.14</span>", "<span data-toggle='tooltip' data-placement='right' title='原始值：0.029'>0.029</span>", "<span data-toggle='tooltip' data-placement='right' title='原始值：0.12'>0.120</span>", "<span data-toggle='tooltip' data-placement='right' title='原始值：1.105'>1.10</span>", "*", "*", "正常"], ["江苏省", "淮河流域", "<span data-toggle='tooltip' data-placement='right' title='所在地市:徐州市&#10;所属河流:邳苍分洪道'>艾山西大桥</span>", "06-06 08:00", "Ⅲ", "<span data-toggle='tooltip' data-placement='right' title='原始值：28.0108'>28.0</span>", "<span data-toggle='tooltip' data-placement='right' title='原始值：8.42713'>8.43</span>", "<span data-toggle='tooltip' data-placement='right' title='原始值：10.6584'>10.66</span>", "<span data-toggle='tooltip' data-placement='right' title='原始值：624.763'>624.8</span>", "<span data-toggle='tooltip' data-placement='right' title='原始值：19.6301'>19.6</span>", "<span data-toggle='tooltip' data-placement='right' title='原始值：5.42'>5.42</span>", "<span data-toggle='tooltip' data-placement='right' title='原始值：0.17'>0.170</span>", "<span data-toggle='tooltip' data-placement='right' title='原始值：0.04529'>0.045</span>", "<span data-toggle='tooltip' data-placement='right' title='原始值：0.30381'>0.30</span>", "*", "*", "正常"], ["江苏省", "太湖流域", "<span data-toggle='tooltip' data-placement='right' title='所在地市:苏州市&#10;所属河流:太湖'>兰山嘴(老)</span>", "06-06 08:00", "Ⅲ", "<span data-toggle='tooltip' data-placement='right' title='原始值：25.25017'>25.3</span>", "<span data-toggle='tooltip' data-placement='right' title='原始值：7.07556'>7.08</span>", "<span data-toggle='tooltip' data-placement='right' title='原始值：5.39355'>5.39</span>", "<span data-toggle='tooltip' data-placement='right' title='原始值：441.5848'>441.6</span>", "<span data-toggle='tooltip' data-placement='right' title='原始值：148.202'>148.2</span>", "<span data-toggle='tooltip' data-placement='right' title='原始值：3.51'>3.51</span>", "<span data-toggle='tooltip' data-placement='right' title='原始值：0.19'>0.190</span>", "<span data-toggle='tooltip' data-placement='right' title='原始值：0.19034'>0.190</span>", "<span data-toggle='tooltip' data-placement='right' title='原始值：6.41368'>6.41</span>", "*", "*", "正常"], ["江苏省", "太湖流域", "<span data-toggle='tooltip' data-placement='right' title='所在地市:苏州市&#10;所属河流:太湖'>西山</span>", "06-06 08:00", "Ⅲ", "<span data-toggle='tooltip' data-placement='right' title='原始值：25.85367'>25.9</span>", "<span data-toggle='tooltip' data-placement='right' title='原始值：7.47032'>7.47</span>", "<span data-toggle='tooltip' data-placement='right' title='原始值：6.89378'>6.89</span>", "<span data-toggle='tooltip' data-placement='right' title='原始值：361.2125'>361.2</span>", "<span data-toggle='tooltip' data-placement='right' title='原始值：79.46437'>79.5</span>", "<span data-toggle='tooltip' data-placement='right' title='原始值：2.74'>2.74</span>", "<span data-toggle='tooltip' data-placement='right' title='原始值：0.15'>0.150</span>", "<span data-toggle='tooltip' data-placement='right' title='原始值：0.0423'>0.042</span>", "<span data-toggle='tooltip' data-placement='right' title='原始值：0.8616'>0.86</span>", "*", "*", "正常"], ["江苏省", "淮河流域", "<span data-toggle='tooltip' data-placement='right' title='所在地市:连云港市&#10;所属河流:新沭河'>大兴桥</span>", "06-06 08:00", "Ⅱ", "<span data-toggle='tooltip' data-placement='right' title='原始值：27.1'>27.1</span>", "<span data-toggle='tooltip' data-placement='right' title='原始值：7.79'>7.79</span>", "<span data-toggle='tooltip' data-placement='right' title='原始值：6.51'>6.51</span>", "<span data-toggle='tooltip' data-placement='right' title='原始值：1296.5'>1296.5</span>", "<span data-toggle='tooltip' data-placement='right' title='原始值：58.08'>58.1</span>", "<span data-toggle='tooltip' data-placement='right' title='原始值：3.87'>3.87</span>", "<span data-toggle='tooltip' data-placement='right' title='原始值：0.08'>0.080</span>", "*", "*", "*", "*", "正常"], ["江苏省", "淮河流域", "<span data-toggle='tooltip' data-placement='right' title='所在地市:淮安市&#10;所属河流:淮河'>淮河大桥</span>", "06-06 08:00", "Ⅱ", "<span data-toggle='tooltip' data-placement='right' title='原始值：26.86249'>26.9</span>", "<span data-toggle='tooltip' data-placement='right' title='原始值：8.09104'>8.09</span>", "<span data-toggle='tooltip' data-placement='right' title='原始值：7.24332'>7.24</span>", "<span data-toggle='tooltip' data-placement='right' title='原始值：620.17'>620.2</span>", "<span data-toggle='tooltip' data-placement='right' title='原始值：53.71336'>53.7</span>", "<span data-toggle='tooltip' data-placement='right' title='原始值：3.49'>3.49</span>", "<span data-toggle='tooltip' data-placement='right' title='原始值：0.07'>0.070</span>", "<span data-toggle='tooltip' data-placement='right' title='原始值：0.0755'>0.076</span>", "<span data-toggle='tooltip' data-placement='right' title='原始值：0.6875'>0.69</span>", "*", "*", "正常"], ["江苏省", "长江流域", "<span data-toggle='tooltip' data-placement='right' title='所在地市:扬州市&#10;所属河流:夹江'>三江营</span>", null, "", "--", "--", "--", "--", "--", "--", "--", "--", "--", "*", "*", "停站"], ["江苏省", "淮河流域", "<span data-toggle='tooltip' data-placement='right' title='所在地市:宿迁市&#10;所属河流:新濉河'>大屈</span>", "06-06 08:00", "Ⅳ", "<span data-toggle='tooltip' data-placement='right' title='原始值：26.1'>26.1</span>", "<span data-toggle='tooltip' data-placement='right' title='原始值：8.01'>8.01</span>", "<span data-toggle='tooltip' data-placement='right' title='原始值：6.44'>6.44</span>", "<span data-toggle='tooltip' data-placement='right' title='原始值：885.7'>885.7</span>", "<span data-toggle='tooltip' data-placement='right' title='原始值：105.51'>105.5</span>", "<span data-toggle='tooltip' data-placement='right' title='原始值：8.28'>8.28</span>", "<span data-toggle='tooltip' data-placement='right' title='原始值：0.11'>0.110</span>", "<span data-toggle='tooltip' data-placement='right' title='原始值：0.041'>0.041</span>", "<span data-toggle='tooltip' data-placement='right' title='原始值：1.11'>1.11</span>", "*", "*", "正常"], ["浙江省", "浙闽片河流", "<span data-toggle='tooltip' data-placement='right' title='所在地市:杭州市&#10;所属河流:新安江'>街口(鸠坑口)</span>", null, "", "--", "--", "--", "--", "--", "--", "--", "--", "--", "*", "*", "停站"], ["浙江省", "太湖流域", "<span data-toggle='tooltip' data-placement='right' title='所在地市:嘉兴市&#10;所属河流:斜路港河'>斜路港</span>", "06-06 08:00", "Ⅴ", "<span data-toggle='tooltip' data-placement='right' title='原始值：25.8'>25.8</span>", "<span data-toggle='tooltip' data-placement='right' title='原始值：7.07'>7.07</span>", "<span data-toggle='tooltip' data-placement='right' title='原始值：2.43'>2.43</span>", "<span data-toggle='tooltip' data-placement='right' title='原始值：616'>616.0</span>", "<span data-toggle='tooltip' data-placement='right' title='原始值：38.6'>38.6</span>", "<span data-toggle='tooltip' data-placement='right' title='原始值：5.57'>5.57</span>", "<span data-toggle='tooltip' data-placement='right' title='原始值：0.34683'>0.347</span>", "<span data-toggle='tooltip' data-placement='right' title='原始值：0.07149'>0.071</span>", "<span data-toggle='tooltip' data-placement='right' title='原始值：2.87633'>2.88</span>", "*", "*", "正常"], ["浙江省", "太湖流域", "<span data-toggle='tooltip' data-placement='right' title='所在地市:嘉兴市&#10;所属河流:京杭运河'>王江泾</span>", null, "", "--", "--", "--", "--", "--", "--", "--", "--", "--", "*", "*", "停站"], ["浙江省", "太湖流域", "<span data-toggle='tooltip' data-placement='right' title='所在地市:湖州市&#10;所属河流:西苕溪'>新港口(新塘港)</span>", "06-06 08:00", "Ⅲ", "<span data-toggle='tooltip' data-placement='right' title='原始值：23.7917'>23.8</span>", "<span data-toggle='tooltip' data-placement='right' title='原始值：7.1372'>7.14</span>", "<span data-toggle='tooltip' data-placement='right' title='原始值：7.27087'>7.27</span>", "<span data-toggle='tooltip' data-placement='right' title='原始值：274.227'>274.2</span>", "<span data-toggle='tooltip' data-placement='right' title='原始值：163.407'>163.4</span>", "<span data-toggle='tooltip' data-placement='right' title='原始值：3.79026'>3.79</span>", "<span data-toggle='tooltip' data-placement='right' title='原始值：0.20577'>0.206</span>", "<span data-toggle='tooltip' data-placement='right' title='原始值：0.14184'>0.142</span>", "<span data-toggle='tooltip' data-placement='right' title='原始值：11.83337'>11.83</span>", "*", "*", "正常"], ["安徽省", "巢湖流域", "<span data-toggle='tooltip' data-placement='right' title='所在地市:合肥市&#10;所属河流:巢湖'>湖滨(老)</span>", "06-06 08:00", "Ⅳ", "<span data-toggle='tooltip' data-placement='right' title='原始值：27.90224'>27.9</span>", "<span data-toggle='tooltip' data-placement='right' title='原始值：7.41702'>7.42</span>", "<span data-toggle='tooltip' data-placement='right' title='原始值：5.26989'>5.27</span>", "<span data-toggle='tooltip' data-placement='right' title='原始值：404.8609'>404.9</span>", "<span data-toggle='tooltip' data-placement='right' title='原始值：130.7604'>130.8</span>", "<span data-toggle='tooltip' data-placement='right' title='原始值：8.31'>8.31</span>", "<span data-toggle='tooltip' data-placement='right' title='原始值：0.23'>0.230</span>", "<span data-toggle='tooltip' data-placement='right' title='原始值：0.0468'>0.047</span>", "<span data-toggle='tooltip' data-placement='right' title='原始值：0.7947'>0.79</span>", "<span data-toggle='tooltip' data-placement='right' title='原始值：0.03495'>0.035</span>", "*", "正常"], ["安徽省", "巢湖流域", "<span data-toggle='tooltip' data-placement='right' title='所在地市:芜湖市&#10;所属河流:巢湖'>裕溪口(老)</span>", "06-06 08:10", "Ⅳ", "<span data-toggle='tooltip' data-placement='right' title='原始值：26.55199'>26.6</span>", "<span data-toggle='tooltip' data-placement='right' title='原始值：6.12483'>6.12</span>", "<span data-toggle='tooltip' data-placement='right' title='原始值：3.57692'>3.58</span>", "<span data-toggle='tooltip' data-placement='right' title='原始值：443.7635'>443.8</span>", "<span data-toggle='tooltip' data-placement='right' title='原始值：64.13117'>64.1</span>", "<span data-toggle='tooltip' data-placement='right' title='原始值：4.65'>4.65</span>", "<span data-toggle='tooltip' data-placement='right' title='原始值：0.35'>0.350</span>", "<span data-toggle='tooltip' data-placement='right' title='原始值：0.0994'>0.099</span>", "<span data-toggle='tooltip' data-placement='right' title='原始值：1.039'>1.04</span>", "*", "*", "正常"], ["安徽省", "淮河流域", "<span data-toggle='tooltip' data-placement='right' title='所在地市:蚌埠市&#10;所属河流:淮河'>蚌埠闸上(蚌埠闸)</span>", null, "", "--", "--", "--", "--", "--", "--", "--", "--", "--", "*", "*", "停站"], ["安徽省", "淮河流域", "<span data-toggle='tooltip' data-placement='right' title='所在地市:淮南市&#10;所属河流:淮河'>石头埠(老)</span>", "06-06 08:01", "Ⅱ", "<span data-toggle='tooltip' data-placement='right' title='原始值：26.52139'>26.5</span>", "<span data-toggle='tooltip' data-placement='right' title='原始值：6.92604'>6.93</span>", "<span data-toggle='tooltip' data-placement='right' title='原始值：6.5286'>6.53</span>", "<span data-toggle='tooltip' data-placement='right' title='原始值：728.5668'>728.6</span>", "<span data-toggle='tooltip' data-placement='right' title='原始值：42.95049'>43.0</span>", "<span data-toggle='tooltip' data-placement='right' title='原始值：3.06999'>3.07</span>", "<span data-toggle='tooltip' data-placement='right' title='原始值：0.14'>0.140</span>", "*", "*", "*", "*", "正常"], ["安徽省", "淮河流域", "<span data-toggle='tooltip' data-placement='right' title='所在地市:淮北市&#10;所属河流:沱河'>小王桥</span>", "06-06 08:00", "", "<span data-toggle='tooltip' data-placement='right' title='原始值：27.28'>27.3</span>", "<span data-toggle='tooltip' data-placement='right' title='原始值：8.43'>8.43</span>", "<span data-toggle='tooltip' data-placement='right' title='原始值：9.35'>9.35</span>", "<span data-toggle='tooltip' data-placement='right' title='原始值：2646.55'>2646.6</span>", "<span data-toggle='tooltip' data-placement='right' title='原始值：37.52'>37.5</span>", "<span data-toggle='tooltip' data-placement='right' title='原始值：5.426'>5.43</span>", "<span data-toggle='tooltip' data-placement='right' title='极值过滤'>--</span>", "<span data-toggle='tooltip' data-placement='right' title='原始值：0.133'>0.133</span>", "<span data-toggle='tooltip' data-placement='right' title='极值过滤'>--</span>", "*", "*", "维护"], ["安徽省", "长江流域", "<span data-toggle='tooltip' data-placement='right' title='所在地市:安庆市&#10;所属河流:长江'>皖河口</span>", null, "", "--", "--", "--", "--", "--", "--", "--", "--", "--", "*", "*", "停站"], ["安徽省", "淮河流域", "<span data-toggle='tooltip' data-placement='right' title='所在地市:滁州市&#10;所属河流:淮河'>小柳巷</span>", "06-06 08:00", "Ⅲ", "<span data-toggle='tooltip' data-placement='right' title='原始值：26.6'>26.6</span>", "<span data-toggle='tooltip' data-placement='right' title='原始值：7.69'>7.69</span>", "<span data-toggle='tooltip' data-placement='right' title='原始值：7.76'>7.76</span>", "<span data-toggle='tooltip' data-placement='right' title='原始值：726.8'>726.8</span>", "<span data-toggle='tooltip' data-placement='right' title='原始值：96.34'>96.3</span>", "<span data-toggle='tooltip' data-placement='right' title='原始值：4.08'>4.08</span>", "<span data-toggle='tooltip' data-placement='right' title='原始值：0.05'>0.050</span>", "<span data-toggle='tooltip' data-placement='right' title='原始值：0.063'>0.063</span>", "<span data-toggle='tooltip' data-placement='right' title='原始值：2.026'>2.03</span>", "*", "*", "正常"], ["安徽省", "淮河流域", "<span data-toggle='tooltip' data-placement='right' title='所在地市:阜阳市&#10;所属河流:黑茨河'>张大桥</span>", "06-06 08:00", "Ⅲ", "<span data-toggle='tooltip' data-placement='right' title='原始值：28.5'>28.5</span>", "<span data-toggle='tooltip' data-placement='right' title='原始值：8.59'>8.59</span>", "<span data-toggle='tooltip' data-placement='right' title='原始值：6.45'>6.45</span>", "<span data-toggle='tooltip' data-placement='right' title='原始值：2584.8'>2584.8</span>", "<span data-toggle='tooltip' data-placement='right' title='原始值：22.95'>23.0</span>", "<span data-toggle='tooltip' data-placement='right' title='原始值：3.79'>3.79</span>", "<span data-toggle='tooltip' data-placement='right' title='原始值：0.02'>0.020</span>", "<span data-toggle='tooltip' data-placement='right' title='原始值：0.132'>0.132</span>", "<span data-toggle='tooltip' data-placement='right' title='原始值：0.985'>0.98</span>", "*", "*", "正常"], ["安徽省", "淮河流域", "<span data-toggle='tooltip' data-placement='right' title='所在地市:阜阳市&#10;所属河流:淮河'>王家坝</span>", "06-06 08:00", "", "<span data-toggle='tooltip' data-placement='right' title='原始值：27.535'>27.5</span>", "<span data-toggle='tooltip' data-placement='right' title='原始值：8.29975'>8.30</span>", "<span data-toggle='tooltip' data-placement='right' title='原始值：10.23701'>10.24</span>", "<span data-toggle='tooltip' data-placement='right' title='原始值：876.682'>876.7</span>", "<span data-toggle='tooltip' data-placement='right' title='原始值：14.82462'>14.8</span>", "<span data-toggle='tooltip' data-placement='right' title='原始值：5.02'>5.02</span>", "<span data-toggle='tooltip' data-placement='right' title='原始值：0.567'>0.567</span>", "<span data-toggle='tooltip' data-placement='right' title='极值过滤'>--</span>", "<span data-toggle='tooltip' data-placement='right' title='原始值：1.10151'>1.10</span>", "*", "*", "维护"], ["安徽省", "淮河流域", "<span data-toggle='tooltip' data-placement='right' title='所在地市:阜阳市&#10;所属河流:颍河'>界首七渡口(七渡口)</span>", "06-06 08:00", "Ⅱ", "<span data-toggle='tooltip' data-placement='right' title='原始值：21.10248'>21.1</span>", "<span data-toggle='tooltip' data-placement='right' title='原始值：7.47469'>7.47</span>", "<span data-toggle='tooltip' data-placement='right' title='原始值：7.97085'>7.97</span>", "<span data-toggle='tooltip' data-placement='right' title='原始值：856.7606'>856.8</span>", "<span data-toggle='tooltip' data-placement='right' title='原始值：9.72344'>9.7</span>", "<span data-toggle='tooltip' data-placement='right' title='原始值：2.38'>2.38</span>", "<span data-toggle='tooltip' data-placement='right' title='原始值：0.1'>0.100</span>", "<span data-toggle='tooltip' data-placement='right' title='原始值：0.06546'>0.065</span>", "<span data-toggle='tooltip' data-placement='right' title='原始值：3.12714'>3.13</span>", "*", "*", "正常"], ["安徽省", "淮河流域", "<span data-toggle='tooltip' data-placement='right' title='所在地市:阜阳市&#10;所属河流:泉河'>许庄(徐庄)</span>", "06-06 08:00", "Ⅲ", "<span data-toggle='tooltip' data-placement='right' title='原始值：26.2'>26.2</span>", "<span data-toggle='tooltip' data-placement='right' title='原始值：7.34'>7.34</span>", "<span data-toggle='tooltip' data-placement='right' title='原始值：6.24'>6.24</span>", "<span data-toggle='tooltip' data-placement='right' title='原始值：1059.9'>1059.9</span>", "<span data-toggle='tooltip' data-placement='right' title='原始值：133.32'>133.3</span>", "<span data-toggle='tooltip' data-placement='right' title='原始值：4.37'>4.37</span>", "<span data-toggle='tooltip' data-placement='right' title='原始值：0.04'>0.040</span>", "<span data-toggle='tooltip' data-placement='right' title='原始值：0.109'>0.109</span>", "<span data-toggle='tooltip' data-placement='right' title='原始值：0.987'>0.99</span>", "*", "*", "正常"], ["安徽省", "淮河流域", "<span data-toggle='tooltip' data-placement='right' title='所在地市:宿州市&#10;所属河流:奎河'>杨庄</span>", "06-06 08:02", "Ⅲ", "<span data-toggle='tooltip' data-placement='right' title='原始值：25.54'>25.5</span>", "<span data-toggle='tooltip' data-placement='right' title='原始值：7.16'>7.16</span>", "<span data-toggle='tooltip' data-placement='right' title='原始值：7.33'>7.33</span>", "<span data-toggle='tooltip' data-placement='right' title='原始值：1017.5'>1017.5</span>", "<span data-toggle='tooltip' data-placement='right' title='原始值：153.86'>153.9</span>", "<span data-toggle='tooltip' data-placement='right' title='原始值：4.61'>4.61</span>", "<span data-toggle='tooltip' data-placement='right' title='原始值：0.742'>0.742</span>", "*", "*", "*", "*", "正常"], ["安徽省", "淮河流域", "<span data-toggle='tooltip' data-placement='right' title='所在地市:宿州市&#10;所属河流:新汴河'>泗县公路桥</span>", null, "", "--", "--", "--", "--", "--", "--", "--", "--", "--", "*", "*", "停站"], ["安徽省", "淮河流域", "<span data-toggle='tooltip' data-placement='right' title='所在地市:亳州市&#10;所属河流:包河'>颜集</span>", "06-06 08:00", "劣Ⅴ", "<span data-toggle='tooltip' data-placement='right' title='原始值：26.1'>26.1</span>", "<span data-toggle='tooltip' data-placement='right' title='原始值：7.88'>7.88</span>", "<span data-toggle='tooltip' data-placement='right' title='原始值：0.97'>0.97</span>", "<span data-toggle='tooltip' data-placement='right' title='原始值：1945.6'>1945.6</span>", "<span data-toggle='tooltip' data-placement='right' title='原始值：409'>409.0</span>", "<span data-toggle='tooltip' data-placement='right' title='原始值：4.53'>4.53</span>", "<span data-toggle='tooltip' data-placement='right' title='原始值：0.03'>0.030</span>", "<span data-toggle='tooltip' data-placement='right' title='原始值：0.3'>0.300</span>", "<span data-toggle='tooltip' data-placement='right' title='原始值：2.025'>2.02</span>", "*", "*", "正常"], ["福建省", "浙闽片河流", "<span data-toggle='tooltip' data-placement='right' title='所在地市:福州市&#10;所属河流:闽江'>白岩潭</span>", "06-06 08:00", "Ⅱ", "<span data-toggle='tooltip' data-placement='right' title='原始值：25.7'>25.7</span>", "<span data-toggle='tooltip' data-placement='right' title='原始值：6.44'>6.44</span>", "<span data-toggle='tooltip' data-placement='right' title='原始值：6.12'>6.12</span>", "<span data-toggle='tooltip' data-placement='right' title='原始值：126.2'>126.2</span>", "<span data-toggle='tooltip' data-placement='right' title='原始值：27.77'>27.8</span>", "<span data-toggle='tooltip' data-placement='right' title='原始值：2.5'>2.50</span>", "<span data-toggle='tooltip' data-placement='right' title='原始值：0.13'>0.130</span>", "*", "*", "*", "*", "正常"], ["江西省", "长江流域", "<span data-toggle='tooltip' data-placement='right' title='所在地市:南昌市&#10;所属河流:赣江南支'>滁槎</span>", "06-06 08:00", "", "<span data-toggle='tooltip' data-placement='right' title='原始值：27.1384'>27.1</span>", "<span data-toggle='tooltip' data-placement='right' title='原始值：7.01051'>7.01</span>", "<span data-toggle='tooltip' data-placement='right' title='原始值：6.69738'>6.70</span>", "<span data-toggle='tooltip' data-placement='right' title='原始值：150.7368'>150.7</span>", "<span data-toggle='tooltip' data-placement='right' title='原始值：32.45686'>32.5</span>", "<span data-toggle='tooltip' data-placement='right' title='原始值：0.32'>0.32</span>", "<span data-toggle='tooltip' data-placement='right' title='极值过滤'>--</span>", "<span data-toggle='tooltip' data-placement='right' title='原始值：0.101'>0.101</span>", "<span data-toggle='tooltip' data-placement='right' title='原始值：1.9175'>1.92</span>", "*", "*", "维护"], ["江西省", "长江流域", "<span data-toggle='tooltip' data-placement='right' title='所在地市:九江市&#10;所属河流:长江'>姚港(河西水厂)</span>", null, "", "--", "--", "--", "--", "--", "--", "--", "--", "--", "*", "*", "停站"], ["江西省", "长江流域", "<span data-toggle='tooltip' data-placement='right' title='所在地市:九江市&#10;所属河流:鄱阳湖'>蛤蟆石</span>", null, "", "--", "--", "--", "--", "--", "--", "--", "--", "--", "--", "--", "停站"], ["山东省", "黄河流域", "<span data-toggle='tooltip' data-placement='right' title='所在地市:济南市&#10;所属河流:黄河'>泺口</span>", "06-06 08:00", "Ⅱ", "<span data-toggle='tooltip' data-placement='right' title='原始值：25.2853'>25.3</span>", "<span data-toggle='tooltip' data-placement='right' title='原始值：8.39823'>8.40</span>", "<span data-toggle='tooltip' data-placement='right' title='原始值：7.72107'>7.72</span>", "<span data-toggle='tooltip' data-placement='right' title='原始值：1060.86'>1060.9</span>", "<span data-toggle='tooltip' data-placement='right' title='原始值：639.75'>639.8</span>", "<span data-toggle='tooltip' data-placement='right' title='原始值：2.09'>2.09</span>", "<span data-toggle='tooltip' data-placement='right' title='原始值：0.10849'>0.108</span>", "<span data-toggle='tooltip' data-placement='right' title='原始值：0.01884'>0.019</span>", "<span data-toggle='tooltip' data-placement='right' title='原始值：3.847'>3.85</span>", "*", "*", "正常"], ["山东省", "淮河流域", "<span data-toggle='tooltip' data-placement='right' title='所在地市:枣庄市&#10;所属河流:京杭大运河（韩庄运河）'>台儿庄大桥</span>", "06-06 08:00", "Ⅱ", "<span data-toggle='tooltip' data-placement='right' title='原始值：25.79'>25.8</span>", "<span data-toggle='tooltip' data-placement='right' title='原始值：7.75042'>7.75</span>", "<span data-toggle='tooltip' data-placement='right' title='原始值：7.40269'>7.40</span>", "<span data-toggle='tooltip' data-placement='right' title='原始值：733.5028'>733.5</span>", "<span data-toggle='tooltip' data-placement='right' title='原始值：34.75378'>34.8</span>", "<span data-toggle='tooltip' data-placement='right' title='原始值：3.49117'>3.49</span>", "<span data-toggle='tooltip' data-placement='right' title='原始值：0.01497'>0.015</span>", "<span data-toggle='tooltip' data-placement='right' title='原始值：0.04603'>0.046</span>", "<span data-toggle='tooltip' data-placement='right' title='原始值：1.06704'>1.07</span>", "*", "*", "正常"], ["山东省", "淮河流域", "<span data-toggle='tooltip' data-placement='right' title='所在地市:临沂市&#10;所属河流:沭河'>清泉寺</span>", "06-06 08:00", "Ⅴ", "<span data-toggle='tooltip' data-placement='right' title='原始值：27.10249'>27.1</span>", "<span data-toggle='tooltip' data-placement='right' title='原始值：8.96652'>8.97</span>", "<span data-toggle='tooltip' data-placement='right' title='原始值：12.38872'>12.39</span>", "<span data-toggle='tooltip' data-placement='right' title='原始值：1310.607'>1310.6</span>", "<span data-toggle='tooltip' data-placement='right' title='原始值：13.31633'>13.3</span>", "<span data-toggle='tooltip' data-placement='right' title='原始值：10.78999'>10.79</span>", "<span data-toggle='tooltip' data-placement='right' title='原始值：0.13'>0.130</span>", "*", "*", "*", "*", "正常"], ["山东省", "淮河流域", "<span data-toggle='tooltip' data-placement='right' title='所在地市:临沂市&#10;所属河流:沂河'>重坊桥</span>", "06-06 08:00", "Ⅲ", "<span data-toggle='tooltip' data-placement='right' title='原始值：26.10001'>26.1</span>", "<span data-toggle='tooltip' data-placement='right' title='原始值：7.73712'>7.74</span>", "<span data-toggle='tooltip' data-placement='right' title='原始值：7.03185'>7.03</span>", "<span data-toggle='tooltip' data-placement='right' title='原始值：952.9074'>952.9</span>", "<span data-toggle='tooltip' data-placement='right' title='原始值：9.82222'>9.8</span>", "<span data-toggle='tooltip' data-placement='right' title='原始值：4.04'>4.04</span>", "<span data-toggle='tooltip' data-placement='right' title='原始值：0.1212'>0.121</span>", "*", "*", "*", "*", "正常"], ["山东省", "淮河流域", "<span data-toggle='tooltip' data-placement='right' title='所在地市:临沂市&#10;所属河流:白马河'>捷庄(涝沟桥)</span>", "06-06 08:00", "Ⅲ", "<span data-toggle='tooltip' data-placement='right' title='原始值：24.6875'>24.7</span>", "<span data-toggle='tooltip' data-placement='right' title='原始值：7.19'>7.19</span>", "<span data-toggle='tooltip' data-placement='right' title='原始值：5.63748'>5.64</span>", "<span data-toggle='tooltip' data-placement='right' title='原始值：993.875'>993.9</span>", "<span data-toggle='tooltip' data-placement='right' title='原始值：19.65995'>19.7</span>", "<span data-toggle='tooltip' data-placement='right' title='原始值：5.64'>5.64</span>", "<span data-toggle='tooltip' data-placement='right' title='原始值：0.16891'>0.169</span>", "<span data-toggle='tooltip' data-placement='right' title='原始值：0.09505'>0.095</span>", "<span data-toggle='tooltip' data-placement='right' title='原始值：1.936'>1.94</span>", "*", "*", "正常"], ["山东省", "海河流域", "<span data-toggle='tooltip' data-placement='right' title='所在地市:聊城市&#10;所属河流:卫运河'>秤勾湾(秤钩湾)</span>", null, "", "--", "--", "--", "--", "--", "--", "--", "--", "--", "*", "*", "停站"], ["河南省", "长江流域", "<span data-toggle='tooltip' data-placement='right' title='所在地市:南阳市&#10;所属河流:丹江口水库'>陶岔</span>", "06-06 04:00", "Ⅱ", "<span data-toggle='tooltip' data-placement='right' title='原始值：26.61'>26.6</span>", "<span data-toggle='tooltip' data-placement='right' title='原始值：7.97707'>7.98</span>", "<span data-toggle='tooltip' data-placement='right' title='原始值：8.59884'>8.60</span>", "<span data-toggle='tooltip' data-placement='right' title='原始值：311.7783'>311.8</span>", "<span data-toggle='tooltip' data-placement='right' title='原始值：3.66659'>3.7</span>", "<span data-toggle='tooltip' data-placement='right' title='原始值：3.33'>3.33</span>", "<span data-toggle='tooltip' data-placement='right' title='原始值：0.03164'>0.032</span>", "<span data-toggle='tooltip' data-placement='right' title='原始值：0.01004'>0.010</span>", "<span data-toggle='tooltip' data-placement='right' title='原始值：0.85274'>0.85</span>", "<span data-toggle='tooltip' data-placement='right' title='原始值：0.00799'>0.008</span>", "<span data-toggle='tooltip' data-placement='right' title='原始值：1438521'>1438521</span>", "正常"], ["河南省", "淮河流域", "<span data-toggle='tooltip' data-placement='right' title='所在地市:商丘市&#10;所属河流:浍河'>黄口</span>", "06-06 08:00", "Ⅲ", "<span data-toggle='tooltip' data-placement='right' title='原始值：26.69375'>26.7</span>", "<span data-toggle='tooltip' data-placement='right' title='原始值：7.93'>7.93</span>", "<span data-toggle='tooltip' data-placement='right' title='原始值：6.02938'>6.03</span>", "<span data-toggle='tooltip' data-placement='right' title='原始值：5305.063'>5305.1</span>", "<span data-toggle='tooltip' data-placement='right' title='原始值：80.29892'>80.3</span>", "<span data-toggle='tooltip' data-placement='right' title='原始值：4.69'>4.69</span>", "<span data-toggle='tooltip' data-placement='right' title='原始值：0.28679'>0.287</span>", "<span data-toggle='tooltip' data-placement='right' title='原始值：0.1325'>0.132</span>", "<span data-toggle='tooltip' data-placement='right' title='原始值：1.63338'>1.63</span>", "*", "*", "正常"], ["河南省", "淮河流域", "<span data-toggle='tooltip' data-placement='right' title='所在地市:信阳市&#10;所属河流:史灌河'>蒋集</span>", "06-06 08:00", "Ⅴ", "<span data-toggle='tooltip' data-placement='right' title='原始值：28.2498'>28.2</span>", "<span data-toggle='tooltip' data-placement='right' title='原始值：7.0245'>7.02</span>", "<span data-toggle='tooltip' data-placement='right' title='原始值：2.93566'>2.94</span>", "<span data-toggle='tooltip' data-placement='right' title='原始值：310.5'>310.5</span>", "<span data-toggle='tooltip' data-placement='right' title='原始值：141.6958'>141.7</span>", "<span data-toggle='tooltip' data-placement='right' title='原始值：1.47'>1.47</span>", "<span data-toggle='tooltip' data-placement='right' title='原始值：0.08604'>0.086</span>", "*", "*", "*", "*", "正常"], ["河南省", "淮河流域", "<span data-toggle='tooltip' data-placement='right' title='所在地市:信阳市&#10;所属河流:淮河'>淮滨水文站(淮滨)</span>", "06-06 08:00", "Ⅱ", "<span data-toggle='tooltip' data-placement='right' title='原始值：25.4'>25.4</span>", "<span data-toggle='tooltip' data-placement='right' title='原始值：7.74'>7.74</span>", "<span data-toggle='tooltip' data-placement='right' title='原始值：7.79'>7.79</span>", "<span data-toggle='tooltip' data-placement='right' title='原始值：326'>326.0</span>", "<span data-toggle='tooltip' data-placement='right' title='原始值：26.78769'>26.8</span>", "<span data-toggle='tooltip' data-placement='right' title='原始值：2.85465'>2.85</span>", "<span data-toggle='tooltip' data-placement='right' title='原始值：0.07326'>0.073</span>", "<span data-toggle='tooltip' data-placement='right' title='原始值：0.03176'>0.032</span>", "<span data-toggle='tooltip' data-placement='right' title='原始值：0.84987'>0.85</span>", "*", "*", "正常"], ["河南省", "淮河流域", "<span data-toggle='tooltip' data-placement='right' title='所在地市:周口市&#10;所属河流:沙河'>沈丘闸</span>", "06-06 08:00", "Ⅳ", "<span data-toggle='tooltip' data-placement='right' title='原始值：24.38027'>24.4</span>", "<span data-toggle='tooltip' data-placement='right' title='原始值：7.69674'>7.70</span>", "<span data-toggle='tooltip' data-placement='right' title='原始值：4.28477'>4.28</span>", "<span data-toggle='tooltip' data-placement='right' title='原始值：784'>784.0</span>", "<span data-toggle='tooltip' data-placement='right' title='原始值：2.47808'>2.5</span>", "<span data-toggle='tooltip' data-placement='right' title='原始值：4.81'>4.81</span>", "<span data-toggle='tooltip' data-placement='right' title='原始值：0.34'>0.340</span>", "*", "*", "*", "*", "正常"], ["河南省", "淮河流域", "<span data-toggle='tooltip' data-placement='right' title='所在地市:周口市&#10;所属河流:涡河'>鹿邑付桥(鹿邑付桥闸)</span>", "06-06 08:00", "Ⅳ", "<span data-toggle='tooltip' data-placement='right' title='原始值：25.87268'>25.9</span>", "<span data-toggle='tooltip' data-placement='right' title='原始值：8.46037'>8.46</span>", "<span data-toggle='tooltip' data-placement='right' title='原始值：8.42093'>8.42</span>", "<span data-toggle='tooltip' data-placement='right' title='原始值：1505.173'>1505.2</span>", "<span data-toggle='tooltip' data-placement='right' title='原始值：15.51882'>15.5</span>", "<span data-toggle='tooltip' data-placement='right' title='原始值：6.10278'>6.10</span>", "<span data-toggle='tooltip' data-placement='right' title='原始值：0.03'>0.030</span>", "<span data-toggle='tooltip' data-placement='right' title='原始值：0.116'>0.116</span>", "<span data-toggle='tooltip' data-placement='right' title='原始值：1.58119'>1.58</span>", "*", "*", "正常"], ["河南省", "淮河流域", "<span data-toggle='tooltip' data-placement='right' title='所在地市:驻马店市&#10;所属河流:洪河'>新蔡班台(班台)</span>", "06-06 04:00", "Ⅳ", "<span data-toggle='tooltip' data-placement='right' title='原始值：25.23524'>25.2</span>", "<span data-toggle='tooltip' data-placement='right' title='原始值：6.37239'>6.37</span>", "<span data-toggle='tooltip' data-placement='right' title='原始值：4.41872'>4.42</span>", "<span data-toggle='tooltip' data-placement='right' title='原始值：1011.908'>1011.9</span>", "<span data-toggle='tooltip' data-placement='right' title='原始值：2.55549'>2.6</span>", "<span data-toggle='tooltip' data-placement='right' title='原始值：6.15'>6.15</span>", "<span data-toggle='tooltip' data-placement='right' title='原始值：0.26'>0.260</span>", "<span data-toggle='tooltip' data-placement='right' title='原始值：0.20423'>0.204</span>", "<span data-toggle='tooltip' data-placement='right' title='原始值：2.31767'>2.32</span>", "*", "*", "正常"], ["河南省", "黄河流域", "<span data-toggle='tooltip' data-placement='right' title='所在地市:济源市&#10;所属河流:黄河'>小浪底水库(小浪底)</span>", "06-06 08:00", "Ⅱ", "<span data-toggle='tooltip' data-placement='right' title='原始值：18.44642'>18.4</span>", "<span data-toggle='tooltip' data-placement='right' title='原始值：8.68613'>8.69</span>", "<span data-toggle='tooltip' data-placement='right' title='原始值：6.0353'>6.04</span>", "<span data-toggle='tooltip' data-placement='right' title='原始值：1000.7'>1000.7</span>", "<span data-toggle='tooltip' data-placement='right' title='原始值：4.70647'>4.7</span>", "<span data-toggle='tooltip' data-placement='right' title='原始值：2.485'>2.48</span>", "<span data-toggle='tooltip' data-placement='right' title='原始值：0.1'>0.100</span>", "<span data-toggle='tooltip' data-placement='right' title='原始值：0.035'>0.035</span>", "<span data-toggle='tooltip' data-placement='right' title='原始值：3.23'>3.23</span>", "*", "*", "正常"], ["湖北省", "长江流域", "<span data-toggle='tooltip' data-placement='right' title='所在地市:武汉市&#10;所属河流:汉江'>宗关</span>", null, "", "--", "--", "--", "--", "--", "--", "--", "--", "--", "*", "*", "停站"], ["湖北省", "长江流域", "<span data-toggle='tooltip' data-placement='right' title='所在地市:十堰市&#10;所属河流:丹江口水库'>坝上中(胡家岭)</span>", "06-06 08:08", "", "<span data-toggle='tooltip' data-placement='right' title='原始值：24.36337'>24.4</span>", "<span data-toggle='tooltip' data-placement='right' title='原始值：7.42758'>7.43</span>", "<span data-toggle='tooltip' data-placement='right' title='原始值：9.69115'>9.69</span>", "<span data-toggle='tooltip' data-placement='right' title='原始值：273.7542'>273.8</span>", "<span data-toggle='tooltip' data-placement='right' title='原始值：196.7106'>196.7</span>", "<span data-toggle='tooltip' data-placement='right' title='极值过滤'>--</span>", "<span data-toggle='tooltip' data-placement='right' title='原始值：0.16'>0.160</span>", "<span data-toggle='tooltip' data-placement='right' title='原始值：0.0091'>0.009</span>", "<span data-toggle='tooltip' data-placement='right' title='原始值：1.057'>1.06</span>", "<span data-toggle='tooltip' data-placement='right' title='原始值：0.00937'>0.009</span>", "<span data-toggle='tooltip' data-placement='right' title='原始值：2870017'>2870017</span>", "维护"], ["湖北省", "长江流域", "<span data-toggle='tooltip' data-placement='right' title='所在地市:宜昌市&#10;所属河流:长江'>南津关</span>", null, "", "--", "--", "--", "--", "--", "--", "--", "--", "--", "*", "*", "停站"], ["湖南省", "长江流域", "<span data-toggle='tooltip' data-placement='right' title='所在地市:长沙市&#10;所属河流:湘江'>新港</span>", null, "", "--", "--", "--", "--", "--", "--", "--", "--", "--", "*", "*", "停站"], ["湖南省", "长江流域", "<span data-toggle='tooltip' data-placement='right' title='所在地市:岳阳市&#10;所属河流:洞庭湖'>岳阳楼</span>", null, "", "--", "--", "--", "--", "--", "--", "--", "--", "--", "--", "--", "停站"], ["湖南省", "长江流域", "<span data-toggle='tooltip' data-placement='right' title='所在地市:岳阳市&#10;所属河流:长江'>城陵矶</span>", null, "", "--", "--", "--", "--", "--", "--", "--", "--", "--", "*", "*", "停站"], ["广东省", "珠江流域", "<span data-toggle='tooltip' data-placement='right' title='所在地市:清远市&#10;所属河流:北江'>七星岗</span>", "06-06 08:00", "Ⅲ", "<span data-toggle='tooltip' data-placement='right' title='原始值：26.12301'>26.1</span>", "<span data-toggle='tooltip' data-placement='right' title='原始值：6.45431'>6.45</span>", "<span data-toggle='tooltip' data-placement='right' title='原始值：6.47888'>6.48</span>", "<span data-toggle='tooltip' data-placement='right' title='原始值：171.5073'>171.5</span>", "<span data-toggle='tooltip' data-placement='right' title='原始值：26.29814'>26.3</span>", "<span data-toggle='tooltip' data-placement='right' title='原始值：0.84'>0.84</span>", "<span data-toggle='tooltip' data-placement='right' title='原始值：0.10162'>0.102</span>", "<span data-toggle='tooltip' data-placement='right' title='原始值：0.16146'>0.161</span>", "<span data-toggle='tooltip' data-placement='right' title='原始值：1.742'>1.74</span>", "*", "*", "正常"], ["广东省", "珠江流域", "<span data-toggle='tooltip' data-placement='right' title='所在地市:中山市&#10;所属河流:西江'>横栏</span>", "06-06 08:00", "Ⅱ", "<span data-toggle='tooltip' data-placement='right' title='原始值：26.6'>26.6</span>", "<span data-toggle='tooltip' data-placement='right' title='原始值：7.67'>7.67</span>", "<span data-toggle='tooltip' data-placement='right' title='原始值：7.27'>7.27</span>", "<span data-toggle='tooltip' data-placement='right' title='原始值：225'>225.0</span>", "<span data-toggle='tooltip' data-placement='right' title='原始值：37.5'>37.5</span>", "<span data-toggle='tooltip' data-placement='right' title='原始值：1.79'>1.79</span>", "<span data-toggle='tooltip' data-placement='right' title='原始值：0.12316'>0.123</span>", "*", "*", "*", "*", "正常"], ["广西壮族自治区", "珠江流域", "<span data-toggle='tooltip' data-placement='right' title='所在地市:南宁市&#10;所属河流:邕江'>老口</span>", "06-06 08:00", "Ⅱ", "<span data-toggle='tooltip' data-placement='right' title='原始值：27.43029'>27.4</span>", "<span data-toggle='tooltip' data-placement='right' title='原始值：7.7285'>7.73</span>", "<span data-toggle='tooltip' data-placement='right' title='原始值：6.55834'>6.56</span>", "<span data-toggle='tooltip' data-placement='right' title='原始值：307.7334'>307.7</span>", "<span data-toggle='tooltip' data-placement='right' title='原始值：15.2533'>15.3</span>", "<span data-toggle='tooltip' data-placement='right' title='原始值：1.52895'>1.53</span>", "<span data-toggle='tooltip' data-placement='right' title='原始值：0.06432'>0.064</span>", "<span data-toggle='tooltip' data-placement='right' title='原始值：0.03188'>0.032</span>", "<span data-toggle='tooltip' data-placement='right' title='原始值：1.71922'>1.72</span>", "*", "*", "正常"], ["广西壮族自治区", "珠江流域", "<span data-toggle='tooltip' data-placement='right' title='所在地市:桂林市&#10;所属河流:漓江'>阳朔</span>", null, "", "--", "--", "--", "--", "--", "--", "--", "--", "--", "*", "*", "停站"], ["广西壮族自治区", "珠江流域", "<span data-toggle='tooltip' data-placement='right' title='所在地市:梧州市&#10;所属河流:浔江'>界首</span>", null, "", "--", "--", "--", "--", "--", "--", "--", "--", "--", "*", "*", "停站"], ["广西壮族自治区", "珠江流域", "<span data-toggle='tooltip' data-placement='right' title='所在地市:贵港市&#10;所属河流:浔江'>石嘴</span>", "06-06 08:00", "", "<span data-toggle='tooltip' data-placement='right' title='原始值：26.46392'>26.5</span>", "<span data-toggle='tooltip' data-placement='right' title='原始值：6.83564'>6.84</span>", "<span data-toggle='tooltip' data-placement='right' title='原始值：8.17678'>8.18</span>", "<span data-toggle='tooltip' data-placement='right' title='原始值：280.1315'>280.1</span>", "<span data-toggle='tooltip' data-placement='right' title='原始值：431.748'>431.7</span>", "<span data-toggle='tooltip' data-placement='right' title='原始值：3.43'>3.43</span>", "<span data-toggle='tooltip' data-placement='right' title='极值过滤'>--</span>", "<span data-toggle='tooltip' data-placement='right' title='原始值：0.01107'>0.011</span>", "<span data-toggle='tooltip' data-placement='right' title='原始值：3.7008'>3.70</span>", "*", "*", "维护"], ["广西壮族自治区", "珠江流域", "<span data-toggle='tooltip' data-placement='right' title='所在地市:崇左市&#10;所属河流:平而河'>平而关</span>", "06-06 08:00", "Ⅱ", "<span data-toggle='tooltip' data-placement='right' title='原始值：31.26552'>31.3</span>", "<span data-toggle='tooltip' data-placement='right' title='原始值：7.80353'>7.80</span>", "<span data-toggle='tooltip' data-placement='right' title='原始值：6.55412'>6.55</span>", "<span data-toggle='tooltip' data-placement='right' title='原始值：192.6549'>192.7</span>", "<span data-toggle='tooltip' data-placement='right' title='原始值：27.79686'>27.8</span>", "<span data-toggle='tooltip' data-placement='right' title='原始值：1.34'>1.34</span>", "<span data-toggle='tooltip' data-placement='right' title='原始值：0.23'>0.230</span>", "*", "*", "*", "*", "正常"], ["重庆市", "长江流域", "<span data-toggle='tooltip' data-placement='right' title='所在地市:永川区&#10;所属河流:长江'>朱沱</span>", null, "", "--", "--", "--", "--", "--", "--", "--", "--", "--", "*", "*", "停站"], ["四川省", "长江流域", "<span data-toggle='tooltip' data-placement='right' title='所在地市:攀枝花市&#10;所属河流:金沙江'>龙洞</span>", "06-06 08:00", "Ⅰ", "<span data-toggle='tooltip' data-placement='right' title='原始值：19.9256'>19.9</span>", "<span data-toggle='tooltip' data-placement='right' title='原始值：8.21622'>8.22</span>", "<span data-toggle='tooltip' data-placement='right' title='原始值：8.70475'>8.70</span>", "<span data-toggle='tooltip' data-placement='right' title='原始值：661.0519'>661.1</span>", "<span data-toggle='tooltip' data-placement='right' title='原始值：1.9031'>1.9</span>", "<span data-toggle='tooltip' data-placement='right' title='原始值：1.21'>1.21</span>", "<span data-toggle='tooltip' data-placement='right' title='原始值：0.05'>0.050</span>", "<span data-toggle='tooltip' data-placement='right' title='原始值：0.00322'>0.003</span>", "<span data-toggle='tooltip' data-placement='right' title='原始值：0.24504'>0.25</span>", "*", "*", "正常"], ["四川省", "长江流域", "<span data-toggle='tooltip' data-placement='right' title='所在地市:泸州市&#10;所属河流:沱江'>沱江大桥(沱江二桥)</span>", null, "", "--", "--", "--", "--", "--", "--", "--", "--", "--", "*", "*", "停站"], ["四川省", "长江流域", "<span data-toggle='tooltip' data-placement='right' title='所在地市:广元市&#10;所属河流:嘉陵江'>清风峡</span>", "06-06 04:00", "Ⅰ", "<span data-toggle='tooltip' data-placement='right' title='原始值：24.78058'>24.8</span>", "<span data-toggle='tooltip' data-placement='right' title='原始值：8.11805'>8.12</span>", "<span data-toggle='tooltip' data-placement='right' title='原始值：9.2139'>9.21</span>", "<span data-toggle='tooltip' data-placement='right' title='原始值：355.8982'>355.9</span>", "<span data-toggle='tooltip' data-placement='right' title='原始值：109.5462'>109.5</span>", "<span data-toggle='tooltip' data-placement='right' title='原始值：0.8'>0.80</span>", "<span data-toggle='tooltip' data-placement='right' title='原始值：0.05421'>0.054</span>", "*", "*", "*", "*", "正常"], ["四川省", "长江流域", "<span data-toggle='tooltip' data-placement='right' title='所在地市:乐山市&#10;所属河流:岷江'>岷江大桥</span>", "06-06 08:00", "Ⅲ", "<span data-toggle='tooltip' data-placement='right' title='原始值：26.43928'>26.4</span>", "<span data-toggle='tooltip' data-placement='right' title='原始值：7.49387'>7.49</span>", "<span data-toggle='tooltip' data-placement='right' title='原始值：6.82485'>6.82</span>", "<span data-toggle='tooltip' data-placement='right' title='原始值：460.2327'>460.2</span>", "<span data-toggle='tooltip' data-placement='right' title='原始值：52.60942'>52.6</span>", "<span data-toggle='tooltip' data-placement='right' title='原始值：4.32'>4.32</span>", "<span data-toggle='tooltip' data-placement='right' title='原始值：0.21'>0.210</span>", "*", "*", "*", "*", "正常"], ["四川省", "长江流域", "<span data-toggle='tooltip' data-placement='right' title='所在地市:宜宾市&#10;所属河流:岷江'>凉姜沟</span>", null, "", "--", "--", "--", "--", "--", "--", "--", "--", "--", "*", "*", "停站"], ["云南省", "滇池流域", "<span data-toggle='tooltip' data-placement='right' title='所在地市:昆明市&#10;所属河流:滇池'>西苑隧道</span>", "06-06 08:02", "Ⅴ", "<span data-toggle='tooltip' data-placement='right' title='原始值：23.90739'>23.9</span>", "<span data-toggle='tooltip' data-placement='right' title='原始值：6.98166'>6.98</span>", "<span data-toggle='tooltip' data-placement='right' title='原始值：5.68698'>5.69</span>", "<span data-toggle='tooltip' data-placement='right' title='原始值：643.4056'>643.4</span>", "<span data-toggle='tooltip' data-placement='right' title='原始值：27.90771'>27.9</span>", "<span data-toggle='tooltip' data-placement='right' title='原始值：12.85003'>12.85</span>", "<span data-toggle='tooltip' data-placement='right' title='原始值：0.22'>0.220</span>", "<span data-toggle='tooltip' data-placement='right' title='原始值：0.19719'>0.197</span>", "<span data-toggle='tooltip' data-placement='right' title='原始值：2.74192'>2.74</span>", "<span data-toggle='tooltip' data-placement='right' title='原始值：0.02556'>0.026</span>", "<span data-toggle='tooltip' data-placement='right' title='原始值：7466304'>7466304</span>", "正常"], ["云南省", "滇池流域", "<span data-toggle='tooltip' data-placement='right' title='所在地市:昆明市&#10;所属河流:滇池'>观音山</span>", "06-06 04:00", "劣Ⅴ", "<span data-toggle='tooltip' data-placement='right' title='原始值：23.50437'>23.5</span>", "<span data-toggle='tooltip' data-placement='right' title='原始值：8.18116'>8.18</span>", "<span data-toggle='tooltip' data-placement='right' title='原始值：6.79607'>6.80</span>", "<span data-toggle='tooltip' data-placement='right' title='原始值：441.8396'>441.8</span>", "<span data-toggle='tooltip' data-placement='right' title='原始值：82.98018'>83.0</span>", "<span data-toggle='tooltip' data-placement='right' title='原始值：18.14'>18.14</span>", "<span data-toggle='tooltip' data-placement='right' title='原始值：0.12'>0.120</span>", "<span data-toggle='tooltip' data-placement='right' title='原始值：0.0965'>0.096</span>", "<span data-toggle='tooltip' data-placement='right' title='原始值：1.368'>1.37</span>", "<span data-toggle='tooltip' data-placement='right' title='原始值：0.03173'>0.032</span>", "<span data-toggle='tooltip' data-placement='right' title='原始值：7699536'>7699536</span>", "正常"], ["云南省", "西南诸河", "<span data-toggle='tooltip' data-placement='right' title='所在地市:红河哈尼族彝族自治州&#10;所属河流:红河'>河口县医院(河口)</span>", "06-06 08:00", "", "<span data-toggle='tooltip' data-placement='right' title='原始值：25.3'>25.3</span>", "<span data-toggle='tooltip' data-placement='right' title='原始值：7.43969'>7.44</span>", "<span data-toggle='tooltip' data-placement='right' title='原始值：20'>20.00</span>", "<span data-toggle='tooltip' data-placement='right' title='原始值：167'>167.0</span>", "<span data-toggle='tooltip' data-placement='right' title='原始值：1101.54'>1101.5</span>", "<span data-toggle='tooltip' data-placement='right' title='极值过滤'>--</span>", "<span data-toggle='tooltip' data-placement='right' title='原始值：0.08034'>0.080</span>", "<span data-toggle='tooltip' data-placement='right' title='原始值：0.01658'>0.017</span>", "<span data-toggle='tooltip' data-placement='right' title='原始值：0.96983'>0.97</span>", "*", "*", "维护"], ["云南省", "西南诸河", "<span data-toggle='tooltip' data-placement='right' title='所在地市:西双版纳傣族自治州&#10;所属河流:澜沧江'>橄榄坝</span>", "06-06 08:01", "Ⅲ", "<span data-toggle='tooltip' data-placement='right' title='原始值：18.09207'>18.1</span>", "<span data-toggle='tooltip' data-placement='right' title='原始值：7.39757'>7.40</span>", "<span data-toggle='tooltip' data-placement='right' title='原始值：5.84352'>5.84</span>", "<span data-toggle='tooltip' data-placement='right' title='原始值：492.7405'>492.7</span>", "<span data-toggle='tooltip' data-placement='right' title='原始值：5.05179'>5.1</span>", "<span data-toggle='tooltip' data-placement='right' title='原始值：0.29'>0.29</span>", "<span data-toggle='tooltip' data-placement='right' title='原始值：0.08229'>0.082</span>", "*", "*", "*", "*", "正常"], ["陕西省", "黄河流域", "<span data-toggle='tooltip' data-placement='right' title='所在地市:渭南市&#10;所属河流:渭河'>潼关吊桥</span>", "06-06 08:00", "Ⅲ", "<span data-toggle='tooltip' data-placement='right' title='原始值：25.2'>25.2</span>", "<span data-toggle='tooltip' data-placement='right' title='原始值：8.3'>8.30</span>", "<span data-toggle='tooltip' data-placement='right' title='原始值：6.64125'>6.64</span>", "<span data-toggle='tooltip' data-placement='right' title='原始值：1044.258'>1044.3</span>", "<span data-toggle='tooltip' data-placement='right' title='原始值：98.11974'>98.1</span>", "<span data-toggle='tooltip' data-placement='right' title='原始值：4.53'>4.53</span>", "<span data-toggle='tooltip' data-placement='right' title='原始值：0.18'>0.180</span>", "<span data-toggle='tooltip' data-placement='right' title='原始值：0.08142'>0.081</span>", "<span data-toggle='tooltip' data-placement='right' title='原始值：4.60201'>4.60</span>", "*", "*", "正常"], ["甘肃省", "黄河流域", "<span data-toggle='tooltip' data-placement='right' title='所在地市:兰州市&#10;所属河流:黄河'>新城桥</span>", null, "", "--", "--", "--", "--", "--", "--", "--", "--", "--", "*", "*", "停站"], ["宁夏回族自治区", "黄河流域", "<span data-toggle='tooltip' data-placement='right' title='所在地市:中卫市&#10;所属河流:黄河'>中卫下河沿(新墩)</span>", "06-06 08:00", "Ⅱ", "<span data-toggle='tooltip' data-placement='right' title='原始值：19.12947'>19.1</span>", "<span data-toggle='tooltip' data-placement='right' title='原始值：7.88375'>7.88</span>", "<span data-toggle='tooltip' data-placement='right' title='原始值：7.16681'>7.17</span>", "<span data-toggle='tooltip' data-placement='right' title='原始值：453.9822'>454.0</span>", "<span data-toggle='tooltip' data-placement='right' title='原始值：181.6373'>181.6</span>", "<span data-toggle='tooltip' data-placement='right' title='原始值：2.27'>2.27</span>", "<span data-toggle='tooltip' data-placement='right' title='原始值：0.09'>0.090</span>", "<span data-toggle='tooltip' data-placement='right' title='原始值：0.0391'>0.039</span>", "<span data-toggle='tooltip' data-placement='right' title='原始值：2.4855'>2.49</span>", "*", "*", "正常"]]}