{"result": 1, "total": 1, "records": 98, "thead": ["省份", "流域", "断面名称", "监测时间", "水质类别", "水温<br/><span class='unit'>(℃)</span>", "pH<br/><span class='unit'>(无量纲)</span>", "溶解氧<br/><span class='unit'>(mg/L)</span>", "电导率<br/><span class='unit'>(μS/cm)</span>", "浊度<br/><span class='unit'>(NTU)</span>", "高锰酸盐指数<br/><span class='unit'>(mg/L)</span>", "氨氮<br/><span class='unit'>(mg/L)</span>", "总磷<br/><span class='unit'>(mg/L)</span>", "总氮<br/><span class='unit'>(mg/L)</span>", "叶绿素α<br/><span class='unit'>(mg/L)</span>", "藻密度<br/><span class='unit'>(cells/L)</span>", "站点情况"], "tbody": [["北京市", "海河流域", "<span data-toggle='tooltip' data-placement='right' title='所在地市:门头沟区&#10;所属河流:永定河'>沿河城</span>", null, "", "--", "--", "--", "--", "--", "--", "--", "--", "--", "*", "*", "维护"], ["北京市", "海河流域", "<span data-toggle='tooltip' data-placement='right' title='所在地市:密云区&#10;所属河流:潮河'>古北口</span>", "06-24 08:00", "Ⅱ", "<span data-toggle='tooltip' data-placement='right' title='原始值：24.34057'>24.3</span>", "<span data-toggle='tooltip' data-placement='right' title='原始值：7.19485'>7.19</span>", "<span data-toggle='tooltip' data-placement='right' title='原始值：7.76996'>7.77</span>", "<span data-toggle='tooltip' data-placement='right' title='原始值：630.8196'>630.8</span>", "<span data-toggle='tooltip' data-placement='right' title='原始值：4.47613'>4.5</span>", "<span data-toggle='tooltip' data-placement='right' title='原始值：1.0525'>1.05</span>", "<span data-toggle='tooltip' data-placement='right' title='原始值：0.28'>0.280</span>", "<span data-toggle='tooltip' data-placement='right' title='原始值：0.0001'>0.0001</span>", "<span data-toggle='tooltip' data-placement='right' title='原始值：2.9004'>2.90</span>", "*", "*", "正常"], ["天津市", "海河流域", "<span data-toggle='tooltip' data-placement='right' title='所在地市:河北区&#10;所属河流:海河'>三岔口</span>", "06-24 08:00", "Ⅲ", "<span data-toggle='tooltip' data-placement='right' title='原始值：26.72'>26.7</span>", "<span data-toggle='tooltip' data-placement='right' title='原始值：7.5919'>7.59</span>", "<span data-toggle='tooltip' data-placement='right' title='原始值：5.484'>5.48</span>", "<span data-toggle='tooltip' data-placement='right' title='原始值：553.9357'>553.9</span>", "<span data-toggle='tooltip' data-placement='right' title='原始值：15.626'>15.6</span>", "<span data-toggle='tooltip' data-placement='right' title='原始值：4.85'>4.85</span>", "<span data-toggle='tooltip' data-placement='right' title='原始值：0.35'>0.350</span>", "<span data-toggle='tooltip' data-placement='right' title='原始值：0.1097'>0.110</span>", "<span data-toggle='tooltip' data-placement='right' title='原始值：0.8347'>0.83</span>", "*", "*", "正常"], ["天津市", "海河流域", "<span data-toggle='tooltip' data-placement='right' title='所在地市:蓟州区&#10;所属河流:果河'>果河桥</span>", "06-24 08:00", "Ⅱ", "<span data-toggle='tooltip' data-placement='right' title='原始值：18.2'>18.2</span>", "<span data-toggle='tooltip' data-placement='right' title='原始值：8.283'>8.28</span>", "<span data-toggle='tooltip' data-placement='right' title='原始值：9.256'>9.26</span>", "<span data-toggle='tooltip' data-placement='right' title='原始值：599.36'>599.4</span>", "<span data-toggle='tooltip' data-placement='right' title='原始值：8.796'>8.8</span>", "<span data-toggle='tooltip' data-placement='right' title='原始值：1.7037'>1.70</span>", "<span data-toggle='tooltip' data-placement='right' title='原始值：0.06'>0.060</span>", "<span data-toggle='tooltip' data-placement='right' title='原始值：0.037'>0.037</span>", "<span data-toggle='tooltip' data-placement='right' title='原始值：3.8638'>3.86</span>", "*", "*", "正常"], ["河北省", "海河流域", "<span data-toggle='tooltip' data-placement='right' title='所在地市:石家庄市&#10;所属河流:滹沱河'>岗南水库</span>", "06-24 08:00", "Ⅱ", "<span data-toggle='tooltip' data-placement='right' title='原始值：26.45621'>26.5</span>", "<span data-toggle='tooltip' data-placement='right' title='原始值：8.42492'>8.42</span>", "<span data-toggle='tooltip' data-placement='right' title='原始值：8.50047'>8.50</span>", "<span data-toggle='tooltip' data-placement='right' title='原始值：550.1291'>550.1</span>", "<span data-toggle='tooltip' data-placement='right' title='原始值：3.22342'>3.2</span>", "<span data-toggle='tooltip' data-placement='right' title='原始值：2.09415'>2.09</span>", "<span data-toggle='tooltip' data-placement='right' title='原始值：0.08'>0.080</span>", "<span data-toggle='tooltip' data-placement='right' title='原始值：0.00882'>0.009</span>", "<span data-toggle='tooltip' data-placement='right' title='原始值：1.93849'>1.94</span>", "*", "*", "正常"], ["河北省", "海河流域", "<span data-toggle='tooltip' data-placement='right' title='所在地市:张家口市&#10;所属河流:永定河'>八号桥</span>", "06-24 08:00", "Ⅳ", "<span data-toggle='tooltip' data-placement='right' title='原始值：24.79127'>24.8</span>", "<span data-toggle='tooltip' data-placement='right' title='原始值：8.02055'>8.02</span>", "<span data-toggle='tooltip' data-placement='right' title='原始值：6.00176'>6.00</span>", "<span data-toggle='tooltip' data-placement='right' title='原始值：1147.251'>1147.3</span>", "<span data-toggle='tooltip' data-placement='right' title='原始值：74.86914'>74.9</span>", "<span data-toggle='tooltip' data-placement='right' title='原始值：6.9'>6.90</span>", "<span data-toggle='tooltip' data-placement='right' title='原始值：0.3'>0.300</span>", "<span data-toggle='tooltip' data-placement='right' title='原始值：0.235'>0.235</span>", "<span data-toggle='tooltip' data-placement='right' title='原始值：4.04'>4.04</span>", "*", "*", "正常"], ["山西省", "黄河流域", "<span data-toggle='tooltip' data-placement='right' title='所在地市:运城市&#10;所属河流:汾河'>河津大桥</span>", "06-24 08:00", "Ⅳ", "<span data-toggle='tooltip' data-placement='right' title='原始值：26.42261'>26.4</span>", "<span data-toggle='tooltip' data-placement='right' title='原始值：7.6435'>7.64</span>", "<span data-toggle='tooltip' data-placement='right' title='原始值：6.7118'>6.71</span>", "<span data-toggle='tooltip' data-placement='right' title='原始值：1408.036'>1408.0</span>", "<span data-toggle='tooltip' data-placement='right' title='原始值：284.4328'>284.4</span>", "<span data-toggle='tooltip' data-placement='right' title='原始值：6.94964'>6.95</span>", "<span data-toggle='tooltip' data-placement='right' title='原始值：0.12'>0.120</span>", "*", "*", "*", "*", "正常"], ["山西省", "黄河流域", "<span data-toggle='tooltip' data-placement='right' title='所在地市:忻州市&#10;所属河流:黄河'>万家寨水库</span>", "06-24 08:00", "Ⅲ", "<span data-toggle='tooltip' data-placement='right' title='原始值：24.30273'>24.3</span>", "<span data-toggle='tooltip' data-placement='right' title='原始值：7.77261'>7.77</span>", "<span data-toggle='tooltip' data-placement='right' title='原始值：5.62781'>5.63</span>", "<span data-toggle='tooltip' data-placement='right' title='原始值：1006.75'>1006.8</span>", "<span data-toggle='tooltip' data-placement='right' title='原始值：21.79719'>21.8</span>", "<span data-toggle='tooltip' data-placement='right' title='原始值：3.41'>3.41</span>", "<span data-toggle='tooltip' data-placement='right' title='原始值：0.36'>0.360</span>", "<span data-toggle='tooltip' data-placement='right' title='原始值：0.057'>0.057</span>", "<span data-toggle='tooltip' data-placement='right' title='原始值：1.87136'>1.87</span>", "*", "*", "正常"], ["内蒙古自治区", "黄河流域", "<span data-toggle='tooltip' data-placement='right' title='所在地市:包头市&#10;所属河流:黄河'>画匠营子</span>", "06-24 08:00", "Ⅱ", "<span data-toggle='tooltip' data-placement='right' title='原始值：20.80939'>20.8</span>", "<span data-toggle='tooltip' data-placement='right' title='原始值：7.74524'>7.75</span>", "<span data-toggle='tooltip' data-placement='right' title='原始值：7.1635'>7.16</span>", "<span data-toggle='tooltip' data-placement='right' title='原始值：907.4873'>907.5</span>", "<span data-toggle='tooltip' data-placement='right' title='原始值：1056.135'>1056.1</span>", "<span data-toggle='tooltip' data-placement='right' title='原始值：3.41955'>3.42</span>", "<span data-toggle='tooltip' data-placement='right' title='原始值：0.04435'>0.044</span>", "*", "*", "*", "*", "正常"], ["内蒙古自治区", "黄河流域", "<span data-toggle='tooltip' data-placement='right' title='所在地市:乌海市&#10;所属河流:黄河'>海勃湾</span>", "06-24 08:00", "Ⅲ", "<span data-toggle='tooltip' data-placement='right' title='原始值：22.47528'>22.5</span>", "<span data-toggle='tooltip' data-placement='right' title='原始值：7.3265'>7.33</span>", "<span data-toggle='tooltip' data-placement='right' title='原始值：5.73654'>5.74</span>", "<span data-toggle='tooltip' data-placement='right' title='原始值：757.6527'>757.7</span>", "<span data-toggle='tooltip' data-placement='right' title='原始值：96.05762'>96.1</span>", "<span data-toggle='tooltip' data-placement='right' title='原始值：3.13'>3.13</span>", "<span data-toggle='tooltip' data-placement='right' title='原始值：0.14'>0.140</span>", "*", "*", "*", "*", "正常"], ["内蒙古自治区", "松花江流域", "<span data-toggle='tooltip' data-placement='right' title='所在地市:呼伦贝尔市&#10;所属河流:额尔古纳河'>黑山头</span>", null, "", "--", "--", "--", "--", "--", "--", "--", "--", "--", "*", "*", "停站"], ["辽宁省", "辽河流域", "<span data-toggle='tooltip' data-placement='right' title='所在地市:抚顺市&#10;所属河流:浑河'>大伙房水库</span>", null, "", "--", "--", "--", "--", "--", "--", "--", "--", "--", "--", "*", "停站"], ["辽宁省", "辽河流域", "<span data-toggle='tooltip' data-placement='right' title='所在地市:丹东市&#10;所属河流:鸭绿江'>江桥</span>", "06-24 08:00", "Ⅱ", "<span data-toggle='tooltip' data-placement='right' title='原始值：16.5'>16.5</span>", "<span data-toggle='tooltip' data-placement='right' title='原始值：7.28'>7.28</span>", "<span data-toggle='tooltip' data-placement='right' title='原始值：8.97'>8.97</span>", "<span data-toggle='tooltip' data-placement='right' title='原始值：147'>147.0</span>", "<span data-toggle='tooltip' data-placement='right' title='原始值：4.6'>4.6</span>", "<span data-toggle='tooltip' data-placement='right' title='原始值：2.3'>2.30</span>", "<span data-toggle='tooltip' data-placement='right' title='原始值：0.05833'>0.058</span>", "<span data-toggle='tooltip' data-placement='right' title='原始值：0.06014'>0.060</span>", "<span data-toggle='tooltip' data-placement='right' title='原始值：2.67641'>2.68</span>", "*", "*", "正常"], ["辽宁省", "辽河流域", "<span data-toggle='tooltip' data-placement='right' title='所在地市:营口市&#10;所属河流:大辽河'>辽河公园</span>", "06-24 08:00", "Ⅴ", "<span data-toggle='tooltip' data-placement='right' title='原始值：22.5736'>22.6</span>", "<span data-toggle='tooltip' data-placement='right' title='原始值：7.53823'>7.54</span>", "<span data-toggle='tooltip' data-placement='right' title='原始值：7.50234'>7.50</span>", "<span data-toggle='tooltip' data-placement='right' title='原始值：44245.53'>44245.5</span>", "<span data-toggle='tooltip' data-placement='right' title='原始值：274.8323'>274.8</span>", "<span data-toggle='tooltip' data-placement='right' title='原始值：13.43966'>13.44</span>", "<span data-toggle='tooltip' data-placement='right' title='原始值：0.12464'>0.125</span>", "<span data-toggle='tooltip' data-placement='right' title='原始值：0.27792'>0.278</span>", "<span data-toggle='tooltip' data-placement='right' title='原始值：3.412'>3.41</span>", "*", "*", "正常"], ["辽宁省", "辽河流域", "<span data-toggle='tooltip' data-placement='right' title='所在地市:辽阳市&#10;所属河流:太子河'>汤河水库</span>", "06-24 08:00", "Ⅳ", "<span data-toggle='tooltip' data-placement='right' title='原始值：16.80312'>16.8</span>", "<span data-toggle='tooltip' data-placement='right' title='原始值：7.63'>7.63</span>", "<span data-toggle='tooltip' data-placement='right' title='原始值：3.05'>3.05</span>", "<span data-toggle='tooltip' data-placement='right' title='原始值：501.1544'>501.2</span>", "<span data-toggle='tooltip' data-placement='right' title='原始值：18.21621'>18.2</span>", "<span data-toggle='tooltip' data-placement='right' title='原始值：1.13'>1.13</span>", "<span data-toggle='tooltip' data-placement='right' title='原始值：0.02987'>0.030</span>", "<span data-toggle='tooltip' data-placement='right' title='原始值：0.0073'>0.007</span>", "<span data-toggle='tooltip' data-placement='right' title='原始值：1.90965'>1.91</span>", "*", "*", "正常"], ["辽宁省", "辽河流域", "<span data-toggle='tooltip' data-placement='right' title='所在地市:盘锦市&#10;所属河流:辽河'>盘锦兴安(兴安)</span>", "06-24 08:00", "Ⅴ", "<span data-toggle='tooltip' data-placement='right' title='原始值：23.83537'>23.8</span>", "<span data-toggle='tooltip' data-placement='right' title='原始值：6.65174'>6.65</span>", "<span data-toggle='tooltip' data-placement='right' title='原始值：2.13747'>2.14</span>", "<span data-toggle='tooltip' data-placement='right' title='原始值：7362.018'>7362.0</span>", "<span data-toggle='tooltip' data-placement='right' title='原始值：71.97453'>72.0</span>", "<span data-toggle='tooltip' data-placement='right' title='原始值：3.796'>3.80</span>", "<span data-toggle='tooltip' data-placement='right' title='原始值：0.22'>0.220</span>", "<span data-toggle='tooltip' data-placement='right' title='原始值：0.11681'>0.117</span>", "<span data-toggle='tooltip' data-placement='right' title='原始值：2.27685'>2.28</span>", "*", "*", "正常"], ["辽宁省", "辽河流域", "<span data-toggle='tooltip' data-placement='right' title='所在地市:铁岭市&#10;所属河流:辽河'>珠尔山</span>", "06-24 08:00", "Ⅲ", "<span data-toggle='tooltip' data-placement='right' title='原始值：23.16674'>23.2</span>", "<span data-toggle='tooltip' data-placement='right' title='原始值：7.16328'>7.16</span>", "<span data-toggle='tooltip' data-placement='right' title='原始值：6.82006'>6.82</span>", "<span data-toggle='tooltip' data-placement='right' title='原始值：518.178'>518.2</span>", "<span data-toggle='tooltip' data-placement='right' title='原始值：174.4211'>174.4</span>", "<span data-toggle='tooltip' data-placement='right' title='原始值：4.43539'>4.44</span>", "<span data-toggle='tooltip' data-placement='right' title='原始值：0.18'>0.180</span>", "<span data-toggle='tooltip' data-placement='right' title='原始值：0.10486'>0.105</span>", "<span data-toggle='tooltip' data-placement='right' title='原始值：1.21742'>1.22</span>", "*", "*", "正常"], ["吉林省", "松花江流域", "<span data-toggle='tooltip' data-placement='right' title='所在地市:长春市&#10;所属河流:松花江'>松花江村</span>", "06-24 08:00", "Ⅳ", "<span data-toggle='tooltip' data-placement='right' title='原始值：18.13396'>18.1</span>", "<span data-toggle='tooltip' data-placement='right' title='原始值：6.92593'>6.93</span>", "<span data-toggle='tooltip' data-placement='right' title='原始值：4.41963'>4.42</span>", "<span data-toggle='tooltip' data-placement='right' title='原始值：280.0432'>280.0</span>", "<span data-toggle='tooltip' data-placement='right' title='原始值：27.42666'>27.4</span>", "<span data-toggle='tooltip' data-placement='right' title='原始值：1.29117'>1.29</span>", "<span data-toggle='tooltip' data-placement='right' title='原始值：0.31'>0.310</span>", "<span data-toggle='tooltip' data-placement='right' title='原始值：0.19567'>0.196</span>", "<span data-toggle='tooltip' data-placement='right' title='原始值：3.92856'>3.93</span>", "*", "*", "正常"], ["吉林省", "松花江流域", "<span data-toggle='tooltip' data-placement='right' title='所在地市:白城市&#10;所属河流:嫩江'>白沙滩</span>", "06-24 08:00", "Ⅲ", "<span data-toggle='tooltip' data-placement='right' title='原始值：21.40851'>21.4</span>", "<span data-toggle='tooltip' data-placement='right' title='原始值：7.72522'>7.73</span>", "<span data-toggle='tooltip' data-placement='right' title='原始值：8.24642'>8.25</span>", "<span data-toggle='tooltip' data-placement='right' title='原始值：239.1374'>239.1</span>", "<span data-toggle='tooltip' data-placement='right' title='原始值：147.8087'>147.8</span>", "<span data-toggle='tooltip' data-placement='right' title='原始值：2.73'>2.73</span>", "<span data-toggle='tooltip' data-placement='right' title='原始值：0.21'>0.210</span>", "<span data-toggle='tooltip' data-placement='right' title='原始值：0.10287'>0.103</span>", "<span data-toggle='tooltip' data-placement='right' title='原始值：2.27572'>2.28</span>", "*", "*", "正常"], ["吉林省", "松花江流域", "<span data-toggle='tooltip' data-placement='right' title='所在地市:延边朝鲜族自治州&#10;所属河流:图们江'>圈河</span>", "06-24 08:00", "Ⅳ", "<span data-toggle='tooltip' data-placement='right' title='原始值：21.1'>21.1</span>", "<span data-toggle='tooltip' data-placement='right' title='原始值：7.73'>7.73</span>", "<span data-toggle='tooltip' data-placement='right' title='原始值：4.70032'>4.70</span>", "<span data-toggle='tooltip' data-placement='right' title='原始值：226'>226.0</span>", "<span data-toggle='tooltip' data-placement='right' title='原始值：14'>14.0</span>", "<span data-toggle='tooltip' data-placement='right' title='原始值：3.64'>3.64</span>", "<span data-toggle='tooltip' data-placement='right' title='原始值：0.05057'>0.051</span>", "<span data-toggle='tooltip' data-placement='right' title='原始值：0.08462'>0.085</span>", "<span data-toggle='tooltip' data-placement='right' title='原始值：2.50422'>2.50</span>", "*", "*", "正常"], ["黑龙江省", "松花江流域", "<span data-toggle='tooltip' data-placement='right' title='所在地市:大庆市&#10;所属河流:松花江'>肇源</span>", null, "", "--", "--", "--", "--", "--", "--", "--", "--", "--", "*", "*", "停站"], ["黑龙江省", "松花江流域", "<span data-toggle='tooltip' data-placement='right' title='所在地市:佳木斯市&#10;所属河流:乌苏里江'>乌苏镇</span>", null, "", "--", "--", "--", "--", "--", "--", "--", "--", "--", "*", "*", "停站"], ["黑龙江省", "松花江流域", "<span data-toggle='tooltip' data-placement='right' title='所在地市:佳木斯市&#10;所属河流:松花江'>同江</span>", "06-24 08:00", "劣Ⅴ", "<span data-toggle='tooltip' data-placement='right' title='原始值：16.34744'>16.3</span>", "<span data-toggle='tooltip' data-placement='right' title='原始值：7.18751'>7.19</span>", "<span data-toggle='tooltip' data-placement='right' title='原始值：8.18752'>8.19</span>", "<span data-toggle='tooltip' data-placement='right' title='原始值：159.1799'>159.2</span>", "<span data-toggle='tooltip' data-placement='right' title='原始值：484.0084'>484.0</span>", "<span data-toggle='tooltip' data-placement='right' title='原始值：12.06836'>12.07</span>", "<span data-toggle='tooltip' data-placement='right' title='原始值：0.17578'>0.176</span>", "<span data-toggle='tooltip' data-placement='right' title='原始值：0.51562'>0.516</span>", "<span data-toggle='tooltip' data-placement='right' title='原始值：4.30407'>4.30</span>", "*", "*", "正常"], ["黑龙江省", "松花江流域", "<span data-toggle='tooltip' data-placement='right' title='所在地市:黑河市&#10;所属河流:黑龙江'>黑河下(黑河)</span>", null, "", "--", "--", "--", "--", "--", "--", "--", "--", "--", "*", "*", "停站"], ["上海市", "长江流域", "<span data-toggle='tooltip' data-placement='right' title='所在地市:青浦区&#10;所属河流:淀山湖'>急水港桥</span>", "06-24 08:00", "Ⅳ", "<span data-toggle='tooltip' data-placement='right' title='原始值：25.2'>25.2</span>", "<span data-toggle='tooltip' data-placement='right' title='原始值：7.08'>7.08</span>", "<span data-toggle='tooltip' data-placement='right' title='原始值：3.61'>3.61</span>", "<span data-toggle='tooltip' data-placement='right' title='原始值：647'>647.0</span>", "<span data-toggle='tooltip' data-placement='right' title='原始值：84.2'>84.2</span>", "<span data-toggle='tooltip' data-placement='right' title='原始值：3.79688'>3.80</span>", "<span data-toggle='tooltip' data-placement='right' title='原始值：0.39566'>0.396</span>", "<span data-toggle='tooltip' data-placement='right' title='原始值：0.09619'>0.096</span>", "<span data-toggle='tooltip' data-placement='right' title='原始值：3.87502'>3.88</span>", "<span data-toggle='tooltip' data-placement='right' title='原始值：0.00286'>0.003</span>", "<span data-toggle='tooltip' data-placement='right' title='原始值：5159450'>5159450</span>", "正常"], ["江苏省", "长江流域", "<span data-toggle='tooltip' data-placement='right' title='所在地市:南京市&#10;所属河流:长江'>林山</span>", "06-24 08:00", "Ⅲ", "<span data-toggle='tooltip' data-placement='right' title='原始值：25.7639'>25.8</span>", "<span data-toggle='tooltip' data-placement='right' title='原始值：7.51836'>7.52</span>", "<span data-toggle='tooltip' data-placement='right' title='原始值：5.28135'>5.28</span>", "<span data-toggle='tooltip' data-placement='right' title='原始值：307.849'>307.8</span>", "<span data-toggle='tooltip' data-placement='right' title='原始值：42.3487'>42.3</span>", "<span data-toggle='tooltip' data-placement='right' title='原始值：3.96'>3.96</span>", "<span data-toggle='tooltip' data-placement='right' title='原始值：0.084'>0.084</span>", "*", "*", "*", "*", "正常"], ["江苏省", "太湖流域", "<span data-toggle='tooltip' data-placement='right' title='所在地市:无锡市&#10;所属河流:太湖'>沙渚</span>", "06-24 08:00", "Ⅲ", "<span data-toggle='tooltip' data-placement='right' title='原始值：24.13254'>24.1</span>", "<span data-toggle='tooltip' data-placement='right' title='原始值：7.477239'>7.48</span>", "<span data-toggle='tooltip' data-placement='right' title='原始值：5.639823'>5.64</span>", "<span data-toggle='tooltip' data-placement='right' title='原始值：403.9519'>404.0</span>", "<span data-toggle='tooltip' data-placement='right' title='原始值：57.23681'>57.2</span>", "<span data-toggle='tooltip' data-placement='right' title='原始值：5.58'>5.58</span>", "<span data-toggle='tooltip' data-placement='right' title='原始值：0.91'>0.910</span>", "<span data-toggle='tooltip' data-placement='right' title='原始值：0.0709'>0.071</span>", "<span data-toggle='tooltip' data-placement='right' title='原始值：2.282'>2.28</span>", "*", "*", "正常"], ["江苏省", "淮河流域", "<span data-toggle='tooltip' data-placement='right' title='所在地市:徐州市&#10;所属河流:武河'>小红圈</span>", "06-24 08:00", "Ⅱ", "<span data-toggle='tooltip' data-placement='right' title='原始值：24.7'>24.7</span>", "<span data-toggle='tooltip' data-placement='right' title='原始值：7.53'>7.53</span>", "<span data-toggle='tooltip' data-placement='right' title='原始值：7.85'>7.85</span>", "<span data-toggle='tooltip' data-placement='right' title='原始值：624.5'>624.5</span>", "<span data-toggle='tooltip' data-placement='right' title='原始值：9.62'>9.6</span>", "<span data-toggle='tooltip' data-placement='right' title='原始值：3.64'>3.64</span>", "<span data-toggle='tooltip' data-placement='right' title='原始值：0.12'>0.120</span>", "*", "*", "*", "*", "正常"], ["江苏省", "淮河流域", "<span data-toggle='tooltip' data-placement='right' title='所在地市:徐州市&#10;所属河流:沿河'>李集桥</span>", "06-24 08:00", "", "<span data-toggle='tooltip' data-placement='right' title='原始值：25.1'>25.1</span>", "<span data-toggle='tooltip' data-placement='right' title='原始值：7.72'>7.72</span>", "<span data-toggle='tooltip' data-placement='right' title='原始值：5.47'>5.47</span>", "<span data-toggle='tooltip' data-placement='right' title='原始值：949.1'>949.1</span>", "<span data-toggle='tooltip' data-placement='right' title='原始值：88.25'>88.2</span>", "<span data-toggle='tooltip' data-placement='right' title='原始值：3.79'>3.79</span>", "<span data-toggle='tooltip' data-placement='right' title='原始值：0.066'>0.066</span>", "<span data-toggle='tooltip' data-placement='right' title='极值过滤'>--</span>", "<span data-toggle='tooltip' data-placement='right' title='原始值：1.29'>1.29</span>", "*", "*", "维护"], ["江苏省", "淮河流域", "<span data-toggle='tooltip' data-placement='right' title='所在地市:徐州市&#10;所属河流:邳苍分洪道'>艾山西大桥</span>", "06-24 08:00", "Ⅲ", "<span data-toggle='tooltip' data-placement='right' title='原始值：24.4039'>24.4</span>", "<span data-toggle='tooltip' data-placement='right' title='原始值：7.70035'>7.70</span>", "<span data-toggle='tooltip' data-placement='right' title='原始值：6.84274'>6.84</span>", "<span data-toggle='tooltip' data-placement='right' title='原始值：626.047'>626.0</span>", "<span data-toggle='tooltip' data-placement='right' title='原始值：24.5037'>24.5</span>", "<span data-toggle='tooltip' data-placement='right' title='原始值：4.52'>4.52</span>", "<span data-toggle='tooltip' data-placement='right' title='原始值：0.2'>0.200</span>", "<span data-toggle='tooltip' data-placement='right' title='原始值：0.05973'>0.060</span>", "<span data-toggle='tooltip' data-placement='right' title='原始值：2.63644'>2.64</span>", "*", "*", "正常"], ["江苏省", "太湖流域", "<span data-toggle='tooltip' data-placement='right' title='所在地市:苏州市&#10;所属河流:太湖'>兰山嘴(老)</span>", "06-24 08:00", "", "<span data-toggle='tooltip' data-placement='right' title='原始值：24.68565'>24.7</span>", "<span data-toggle='tooltip' data-placement='right' title='原始值：7.07337'>7.07</span>", "<span data-toggle='tooltip' data-placement='right' title='原始值：6.32733'>6.33</span>", "<span data-toggle='tooltip' data-placement='right' title='原始值：304.4114'>304.4</span>", "<span data-toggle='tooltip' data-placement='right' title='原始值：49.11877'>49.1</span>", "<span data-toggle='tooltip' data-placement='right' title='原始值：0.98'>0.98</span>", "<span data-toggle='tooltip' data-placement='right' title='原始值：0.22'>0.220</span>", "<span data-toggle='tooltip' data-placement='right' title='极值过滤'>--</span>", "<span data-toggle='tooltip' data-placement='right' title='极值过滤'>--</span>", "*", "*", "维护"], ["江苏省", "太湖流域", "<span data-toggle='tooltip' data-placement='right' title='所在地市:苏州市&#10;所属河流:太湖'>西山</span>", null, "", "--", "--", "--", "--", "--", "--", "--", "--", "--", "*", "*", "维护"], ["江苏省", "淮河流域", "<span data-toggle='tooltip' data-placement='right' title='所在地市:连云港市&#10;所属河流:新沭河'>大兴桥</span>", "06-24 08:00", "Ⅳ", "<span data-toggle='tooltip' data-placement='right' title='原始值：24.8'>24.8</span>", "<span data-toggle='tooltip' data-placement='right' title='原始值：7.67'>7.67</span>", "<span data-toggle='tooltip' data-placement='right' title='原始值：7.87'>7.87</span>", "<span data-toggle='tooltip' data-placement='right' title='原始值：1347.7'>1347.7</span>", "<span data-toggle='tooltip' data-placement='right' title='原始值：46.4'>46.4</span>", "<span data-toggle='tooltip' data-placement='right' title='原始值：6.08'>6.08</span>", "<span data-toggle='tooltip' data-placement='right' title='原始值：0.562'>0.562</span>", "*", "*", "*", "*", "正常"], ["江苏省", "淮河流域", "<span data-toggle='tooltip' data-placement='right' title='所在地市:淮安市&#10;所属河流:淮河'>淮河大桥</span>", "06-24 08:00", "", "<span data-toggle='tooltip' data-placement='right' title='原始值：25.07735'>25.1</span>", "<span data-toggle='tooltip' data-placement='right' title='原始值：7.43015'>7.43</span>", "<span data-toggle='tooltip' data-placement='right' title='原始值：2.91916'>2.92</span>", "<span data-toggle='tooltip' data-placement='right' title='原始值：396.3655'>396.4</span>", "<span data-toggle='tooltip' data-placement='right' title='原始值：121.8439'>121.8</span>", "<span data-toggle='tooltip' data-placement='right' title='原始值：4.65'>4.65</span>", "<span data-toggle='tooltip' data-placement='right' title='原始值：2.44'>2.440</span>", "<span data-toggle='tooltip' data-placement='right' title='极值过滤'>--</span>", "<span data-toggle='tooltip' data-placement='right' title='极值过滤'>--</span>", "*", "*", "维护"], ["江苏省", "长江流域", "<span data-toggle='tooltip' data-placement='right' title='所在地市:扬州市&#10;所属河流:夹江'>三江营</span>", null, "", "--", "--", "--", "--", "--", "--", "--", "--", "--", "*", "*", "停站"], ["江苏省", "淮河流域", "<span data-toggle='tooltip' data-placement='right' title='所在地市:宿迁市&#10;所属河流:新濉河'>大屈</span>", "06-24 04:00", "Ⅳ", "<span data-toggle='tooltip' data-placement='right' title='原始值：24.2'>24.2</span>", "<span data-toggle='tooltip' data-placement='right' title='原始值：7.03'>7.03</span>", "<span data-toggle='tooltip' data-placement='right' title='原始值：5.58'>5.58</span>", "<span data-toggle='tooltip' data-placement='right' title='原始值：566.5'>566.5</span>", "<span data-toggle='tooltip' data-placement='right' title='原始值：16.98'>17.0</span>", "<span data-toggle='tooltip' data-placement='right' title='原始值：6.94'>6.94</span>", "<span data-toggle='tooltip' data-placement='right' title='原始值：0.64'>0.640</span>", "<span data-toggle='tooltip' data-placement='right' title='原始值：0.087'>0.087</span>", "<span data-toggle='tooltip' data-placement='right' title='原始值：5.247'>5.25</span>", "*", "*", "正常"], ["浙江省", "浙闽片河流", "<span data-toggle='tooltip' data-placement='right' title='所在地市:杭州市&#10;所属河流:新安江'>街口(鸠坑口)</span>", null, "", "--", "--", "--", "--", "--", "--", "--", "--", "--", "*", "*", "停站"], ["浙江省", "太湖流域", "<span data-toggle='tooltip' data-placement='right' title='所在地市:嘉兴市&#10;所属河流:斜路港河'>斜路港</span>", "06-24 08:00", "劣Ⅴ", "<span data-toggle='tooltip' data-placement='right' title='原始值：25.4'>25.4</span>", "<span data-toggle='tooltip' data-placement='right' title='原始值：7'>7.00</span>", "<span data-toggle='tooltip' data-placement='right' title='原始值：1.51'>1.51</span>", "<span data-toggle='tooltip' data-placement='right' title='原始值：560'>560.0</span>", "<span data-toggle='tooltip' data-placement='right' title='原始值：23.7'>23.7</span>", "<span data-toggle='tooltip' data-placement='right' title='原始值：3.72'>3.72</span>", "<span data-toggle='tooltip' data-placement='right' title='原始值：0.18636'>0.186</span>", "<span data-toggle='tooltip' data-placement='right' title='原始值：0.00236'>0.002</span>", "<span data-toggle='tooltip' data-placement='right' title='原始值：0.69429'>0.69</span>", "*", "*", "正常"], ["浙江省", "太湖流域", "<span data-toggle='tooltip' data-placement='right' title='所在地市:嘉兴市&#10;所属河流:京杭运河'>王江泾</span>", null, "", "--", "--", "--", "--", "--", "--", "--", "--", "--", "*", "*", "停站"], ["浙江省", "太湖流域", "<span data-toggle='tooltip' data-placement='right' title='所在地市:湖州市&#10;所属河流:西苕溪'>新港口(新塘港)</span>", "06-24 08:00", "Ⅱ", "<span data-toggle='tooltip' data-placement='right' title='原始值：23.3832'>23.4</span>", "<span data-toggle='tooltip' data-placement='right' title='原始值：6.9454'>6.95</span>", "<span data-toggle='tooltip' data-placement='right' title='原始值：7.41454'>7.41</span>", "<span data-toggle='tooltip' data-placement='right' title='原始值：174.346'>174.3</span>", "<span data-toggle='tooltip' data-placement='right' title='原始值：102.752'>102.8</span>", "<span data-toggle='tooltip' data-placement='right' title='原始值：2.65584'>2.66</span>", "<span data-toggle='tooltip' data-placement='right' title='原始值：0.20577'>0.206</span>", "<span data-toggle='tooltip' data-placement='right' title='原始值：0.00944'>0.009</span>", "<span data-toggle='tooltip' data-placement='right' title='原始值：7.37011'>7.37</span>", "*", "*", "正常"], ["安徽省", "巢湖流域", "<span data-toggle='tooltip' data-placement='right' title='所在地市:合肥市&#10;所属河流:巢湖'>湖滨(老)</span>", "06-24 08:00", "Ⅳ", "<span data-toggle='tooltip' data-placement='right' title='原始值：24.90348'>24.9</span>", "<span data-toggle='tooltip' data-placement='right' title='原始值：6.28854'>6.29</span>", "<span data-toggle='tooltip' data-placement='right' title='原始值：4.88278'>4.88</span>", "<span data-toggle='tooltip' data-placement='right' title='原始值：409.1221'>409.1</span>", "<span data-toggle='tooltip' data-placement='right' title='原始值：84.15704'>84.2</span>", "<span data-toggle='tooltip' data-placement='right' title='原始值：6.59'>6.59</span>", "<span data-toggle='tooltip' data-placement='right' title='原始值：0.28'>0.280</span>", "<span data-toggle='tooltip' data-placement='right' title='原始值：0.0344'>0.034</span>", "<span data-toggle='tooltip' data-placement='right' title='原始值：2.048'>2.05</span>", "<span data-toggle='tooltip' data-placement='right' title='原始值：0.01016'>0.010</span>", "*", "正常"], ["安徽省", "巢湖流域", "<span data-toggle='tooltip' data-placement='right' title='所在地市:芜湖市&#10;所属河流:巢湖'>裕溪口(老)</span>", "06-24 08:00", "Ⅳ", "<span data-toggle='tooltip' data-placement='right' title='原始值：24.62422'>24.6</span>", "<span data-toggle='tooltip' data-placement='right' title='原始值：8.14291'>8.14</span>", "<span data-toggle='tooltip' data-placement='right' title='原始值：8.26588'>8.27</span>", "<span data-toggle='tooltip' data-placement='right' title='原始值：405.3234'>405.3</span>", "<span data-toggle='tooltip' data-placement='right' title='原始值：70.33045'>70.3</span>", "<span data-toggle='tooltip' data-placement='right' title='原始值：5.41'>5.41</span>", "<span data-toggle='tooltip' data-placement='right' title='原始值：0.2'>0.200</span>", "<span data-toggle='tooltip' data-placement='right' title='原始值：0.0866'>0.087</span>", "<span data-toggle='tooltip' data-placement='right' title='原始值：2.637'>2.64</span>", "*", "*", "正常"], ["安徽省", "淮河流域", "<span data-toggle='tooltip' data-placement='right' title='所在地市:蚌埠市&#10;所属河流:淮河'>蚌埠闸上(蚌埠闸)</span>", null, "", "--", "--", "--", "--", "--", "--", "--", "--", "--", "*", "*", "停站"], ["安徽省", "淮河流域", "<span data-toggle='tooltip' data-placement='right' title='所在地市:淮南市&#10;所属河流:淮河'>石头埠(老)</span>", null, "", "--", "--", "--", "--", "--", "--", "--", "*", "*", "*", "*", "维护"], ["安徽省", "淮河流域", "<span data-toggle='tooltip' data-placement='right' title='所在地市:淮北市&#10;所属河流:沱河'>小王桥</span>", "06-24 08:00", "Ⅳ", "<span data-toggle='tooltip' data-placement='right' title='原始值：25.17'>25.2</span>", "<span data-toggle='tooltip' data-placement='right' title='原始值：8.43'>8.43</span>", "<span data-toggle='tooltip' data-placement='right' title='原始值：10.17'>10.17</span>", "<span data-toggle='tooltip' data-placement='right' title='原始值：1781.9'>1781.9</span>", "<span data-toggle='tooltip' data-placement='right' title='原始值：54.63'>54.6</span>", "<span data-toggle='tooltip' data-placement='right' title='原始值：6.514'>6.51</span>", "<span data-toggle='tooltip' data-placement='right' title='原始值：0.161'>0.161</span>", "<span data-toggle='tooltip' data-placement='right' title='原始值：0.211'>0.211</span>", "<span data-toggle='tooltip' data-placement='right' title='极值过滤'>--</span>", "*", "*", "维护"], ["安徽省", "长江流域", "<span data-toggle='tooltip' data-placement='right' title='所在地市:安庆市&#10;所属河流:长江'>皖河口</span>", null, "", "--", "--", "--", "--", "--", "--", "--", "--", "--", "*", "*", "停站"], ["安徽省", "淮河流域", "<span data-toggle='tooltip' data-placement='right' title='所在地市:滁州市&#10;所属河流:淮河'>小柳巷</span>", "06-24 08:00", "", "<span data-toggle='tooltip' data-placement='right' title='原始值：25.3'>25.3</span>", "<span data-toggle='tooltip' data-placement='right' title='原始值：7.03'>7.03</span>", "<span data-toggle='tooltip' data-placement='right' title='原始值：4.96'>4.96</span>", "<span data-toggle='tooltip' data-placement='right' title='原始值：322.8'>322.8</span>", "<span data-toggle='tooltip' data-placement='right' title='原始值：123.78'>123.8</span>", "<span data-toggle='tooltip' data-placement='right' title='原始值：3.96'>3.96</span>", "<span data-toggle='tooltip' data-placement='right' title='原始值：0.06'>0.060</span>", "<span data-toggle='tooltip' data-placement='right' title='极值过滤'>--</span>", "<span data-toggle='tooltip' data-placement='right' title='原始值：1.917'>1.92</span>", "*", "*", "维护"], ["安徽省", "淮河流域", "<span data-toggle='tooltip' data-placement='right' title='所在地市:阜阳市&#10;所属河流:黑茨河'>张大桥</span>", "06-24 08:00", "Ⅳ", "<span data-toggle='tooltip' data-placement='right' title='原始值：24.9'>24.9</span>", "<span data-toggle='tooltip' data-placement='right' title='原始值：8.06'>8.06</span>", "<span data-toggle='tooltip' data-placement='right' title='原始值：8.22'>8.22</span>", "<span data-toggle='tooltip' data-placement='right' title='原始值：1925.5'>1925.5</span>", "<span data-toggle='tooltip' data-placement='right' title='原始值：138.51'>138.5</span>", "<span data-toggle='tooltip' data-placement='right' title='原始值：1.99'>1.99</span>", "<span data-toggle='tooltip' data-placement='right' title='原始值：0.04'>0.040</span>", "<span data-toggle='tooltip' data-placement='right' title='原始值：0.264'>0.264</span>", "<span data-toggle='tooltip' data-placement='right' title='原始值：4.642'>4.64</span>", "*", "*", "正常"], ["安徽省", "淮河流域", "<span data-toggle='tooltip' data-placement='right' title='所在地市:阜阳市&#10;所属河流:淮河'>王家坝</span>", "06-24 08:00", "Ⅳ", "<span data-toggle='tooltip' data-placement='right' title='原始值：24.81937'>24.8</span>", "<span data-toggle='tooltip' data-placement='right' title='原始值：7.01073'>7.01</span>", "<span data-toggle='tooltip' data-placement='right' title='原始值：4.85524'>4.86</span>", "<span data-toggle='tooltip' data-placement='right' title='原始值：336.7074'>336.7</span>", "<span data-toggle='tooltip' data-placement='right' title='原始值：65.21744'>65.2</span>", "<span data-toggle='tooltip' data-placement='right' title='原始值：4.29'>4.29</span>", "<span data-toggle='tooltip' data-placement='right' title='原始值：0.197'>0.197</span>", "<span data-toggle='tooltip' data-placement='right' title='原始值：0.22518'>0.225</span>", "<span data-toggle='tooltip' data-placement='right' title='原始值：2.14789'>2.15</span>", "*", "*", "正常"], ["安徽省", "淮河流域", "<span data-toggle='tooltip' data-placement='right' title='所在地市:阜阳市&#10;所属河流:颍河'>界首七渡口(七渡口)</span>", "06-24 08:00", "Ⅳ", "<span data-toggle='tooltip' data-placement='right' title='原始值：15.79722'>15.8</span>", "<span data-toggle='tooltip' data-placement='right' title='原始值：7.70375'>7.70</span>", "<span data-toggle='tooltip' data-placement='right' title='原始值：4.10691'>4.11</span>", "<span data-toggle='tooltip' data-placement='right' title='原始值：883.2202'>883.2</span>", "<span data-toggle='tooltip' data-placement='right' title='原始值：12.96252'>13.0</span>", "<span data-toggle='tooltip' data-placement='right' title='原始值：3.97'>3.97</span>", "<span data-toggle='tooltip' data-placement='right' title='原始值：0.97'>0.970</span>", "<span data-toggle='tooltip' data-placement='right' title='原始值：0.15557'>0.156</span>", "<span data-toggle='tooltip' data-placement='right' title='原始值：3.88585'>3.89</span>", "*", "*", "正常"], ["安徽省", "淮河流域", "<span data-toggle='tooltip' data-placement='right' title='所在地市:阜阳市&#10;所属河流:泉河'>许庄(徐庄)</span>", "06-24 08:00", "Ⅲ", "<span data-toggle='tooltip' data-placement='right' title='原始值：22.9'>22.9</span>", "<span data-toggle='tooltip' data-placement='right' title='原始值：7.49'>7.49</span>", "<span data-toggle='tooltip' data-placement='right' title='原始值：6.7'>6.70</span>", "<span data-toggle='tooltip' data-placement='right' title='原始值：1023.7'>1023.7</span>", "<span data-toggle='tooltip' data-placement='right' title='原始值：42.24'>42.2</span>", "<span data-toggle='tooltip' data-placement='right' title='原始值：4.33'>4.33</span>", "<span data-toggle='tooltip' data-placement='right' title='原始值：0.03'>0.030</span>", "<span data-toggle='tooltip' data-placement='right' title='原始值：0.153'>0.153</span>", "<span data-toggle='tooltip' data-placement='right' title='原始值：1.29'>1.29</span>", "*", "*", "正常"], ["安徽省", "淮河流域", "<span data-toggle='tooltip' data-placement='right' title='所在地市:宿州市&#10;所属河流:奎河'>杨庄</span>", "06-24 04:00", "Ⅴ", "<span data-toggle='tooltip' data-placement='right' title='原始值：24.23'>24.2</span>", "<span data-toggle='tooltip' data-placement='right' title='原始值：7.38'>7.38</span>", "<span data-toggle='tooltip' data-placement='right' title='原始值：4.6'>4.60</span>", "<span data-toggle='tooltip' data-placement='right' title='原始值：827.3'>827.3</span>", "<span data-toggle='tooltip' data-placement='right' title='原始值：98.49'>98.5</span>", "<span data-toggle='tooltip' data-placement='right' title='原始值：3.45'>3.45</span>", "<span data-toggle='tooltip' data-placement='right' title='原始值：1.702'>1.702</span>", "*", "*", "*", "*", "正常"], ["安徽省", "淮河流域", "<span data-toggle='tooltip' data-placement='right' title='所在地市:宿州市&#10;所属河流:新汴河'>泗县公路桥</span>", "06-24 08:00", "Ⅱ", "<span data-toggle='tooltip' data-placement='right' title='原始值：24.7'>24.7</span>", "<span data-toggle='tooltip' data-placement='right' title='原始值：8.39'>8.39</span>", "<span data-toggle='tooltip' data-placement='right' title='原始值：8.12'>8.12</span>", "<span data-toggle='tooltip' data-placement='right' title='原始值：1299.6'>1299.6</span>", "<span data-toggle='tooltip' data-placement='right' title='原始值：71.06'>71.1</span>", "<span data-toggle='tooltip' data-placement='right' title='原始值：3'>3.00</span>", "<span data-toggle='tooltip' data-placement='right' title='原始值：0.13'>0.130</span>", "*", "*", "*", "*", "正常"], ["安徽省", "淮河流域", "<span data-toggle='tooltip' data-placement='right' title='所在地市:亳州市&#10;所属河流:包河'>颜集</span>", "06-24 08:00", "Ⅳ", "<span data-toggle='tooltip' data-placement='right' title='原始值：24.2'>24.2</span>", "<span data-toggle='tooltip' data-placement='right' title='原始值：7.64'>7.64</span>", "<span data-toggle='tooltip' data-placement='right' title='原始值：4.16'>4.16</span>", "<span data-toggle='tooltip' data-placement='right' title='原始值：1241.1'>1241.1</span>", "<span data-toggle='tooltip' data-placement='right' title='原始值：174.04'>174.0</span>", "<span data-toggle='tooltip' data-placement='right' title='原始值：4.68'>4.68</span>", "<span data-toggle='tooltip' data-placement='right' title='原始值：0.52'>0.520</span>", "<span data-toggle='tooltip' data-placement='right' title='原始值：0.282'>0.282</span>", "<span data-toggle='tooltip' data-placement='right' title='原始值：3.432'>3.43</span>", "*", "*", "正常"], ["福建省", "浙闽片河流", "<span data-toggle='tooltip' data-placement='right' title='所在地市:福州市&#10;所属河流:闽江'>白岩潭</span>", "06-24 08:00", "Ⅱ", "<span data-toggle='tooltip' data-placement='right' title='原始值：27.63'>27.6</span>", "<span data-toggle='tooltip' data-placement='right' title='原始值：6.36'>6.36</span>", "<span data-toggle='tooltip' data-placement='right' title='原始值：7.06'>7.06</span>", "<span data-toggle='tooltip' data-placement='right' title='原始值：122.7'>122.7</span>", "<span data-toggle='tooltip' data-placement='right' title='原始值：21.91'>21.9</span>", "<span data-toggle='tooltip' data-placement='right' title='原始值：2.38'>2.38</span>", "<span data-toggle='tooltip' data-placement='right' title='原始值：0.09'>0.090</span>", "*", "*", "*", "*", "正常"], ["江西省", "长江流域", "<span data-toggle='tooltip' data-placement='right' title='所在地市:南昌市&#10;所属河流:赣江南支'>滁槎</span>", "06-24 08:00", "Ⅲ", "<span data-toggle='tooltip' data-placement='right' title='原始值：28.33038'>28.3</span>", "<span data-toggle='tooltip' data-placement='right' title='原始值：7.15763'>7.16</span>", "<span data-toggle='tooltip' data-placement='right' title='原始值：5.84782'>5.85</span>", "<span data-toggle='tooltip' data-placement='right' title='原始值：154.1566'>154.2</span>", "<span data-toggle='tooltip' data-placement='right' title='原始值：11.35476'>11.4</span>", "<span data-toggle='tooltip' data-placement='right' title='原始值：1.11'>1.11</span>", "<span data-toggle='tooltip' data-placement='right' title='原始值：0.22'>0.220</span>", "<span data-toggle='tooltip' data-placement='right' title='原始值：0.103'>0.103</span>", "<span data-toggle='tooltip' data-placement='right' title='原始值：1.8425'>1.84</span>", "*", "*", "正常"], ["江西省", "长江流域", "<span data-toggle='tooltip' data-placement='right' title='所在地市:九江市&#10;所属河流:长江'>姚港(河西水厂)</span>", null, "", "--", "--", "--", "--", "--", "--", "--", "--", "--", "*", "*", "停站"], ["江西省", "长江流域", "<span data-toggle='tooltip' data-placement='right' title='所在地市:九江市&#10;所属河流:鄱阳湖'>蛤蟆石</span>", null, "", "--", "--", "--", "--", "--", "--", "--", "--", "--", "--", "--", "停站"], ["山东省", "黄河流域", "<span data-toggle='tooltip' data-placement='right' title='所在地市:济南市&#10;所属河流:黄河'>泺口</span>", "06-24 08:00", "Ⅱ", "<span data-toggle='tooltip' data-placement='right' title='原始值：24.7353'>24.7</span>", "<span data-toggle='tooltip' data-placement='right' title='原始值：8.39868'>8.40</span>", "<span data-toggle='tooltip' data-placement='right' title='原始值：7.50963'>7.51</span>", "<span data-toggle='tooltip' data-placement='right' title='原始值：953.797'>953.8</span>", "<span data-toggle='tooltip' data-placement='right' title='原始值：1372.19'>1372.2</span>", "<span data-toggle='tooltip' data-placement='right' title='原始值：2.79'>2.79</span>", "<span data-toggle='tooltip' data-placement='right' title='原始值：0.13504'>0.135</span>", "<span data-toggle='tooltip' data-placement='right' title='原始值：0.02482'>0.025</span>", "<span data-toggle='tooltip' data-placement='right' title='原始值：3.522'>3.52</span>", "*", "*", "正常"], ["山东省", "淮河流域", "<span data-toggle='tooltip' data-placement='right' title='所在地市:枣庄市&#10;所属河流:京杭大运河（韩庄运河）'>台儿庄大桥</span>", "06-24 08:00", "Ⅱ", "<span data-toggle='tooltip' data-placement='right' title='原始值：24.36'>24.4</span>", "<span data-toggle='tooltip' data-placement='right' title='原始值：7.73708'>7.74</span>", "<span data-toggle='tooltip' data-placement='right' title='原始值：6.43615'>6.44</span>", "<span data-toggle='tooltip' data-placement='right' title='原始值：722.1126'>722.1</span>", "<span data-toggle='tooltip' data-placement='right' title='原始值：30.65724'>30.7</span>", "<span data-toggle='tooltip' data-placement='right' title='原始值：2.7514'>2.75</span>", "<span data-toggle='tooltip' data-placement='right' title='原始值：0.11868'>0.119</span>", "<span data-toggle='tooltip' data-placement='right' title='原始值：0.05407'>0.054</span>", "<span data-toggle='tooltip' data-placement='right' title='原始值：1.32403'>1.32</span>", "*", "*", "正常"], ["山东省", "淮河流域", "<span data-toggle='tooltip' data-placement='right' title='所在地市:临沂市&#10;所属河流:沭河'>清泉寺</span>", "06-24 04:00", "Ⅳ", "<span data-toggle='tooltip' data-placement='right' title='原始值：24.58307'>24.6</span>", "<span data-toggle='tooltip' data-placement='right' title='原始值：8.06663'>8.07</span>", "<span data-toggle='tooltip' data-placement='right' title='原始值：5.46734'>5.47</span>", "<span data-toggle='tooltip' data-placement='right' title='原始值：1291.779'>1291.8</span>", "<span data-toggle='tooltip' data-placement='right' title='原始值：26.56689'>26.6</span>", "<span data-toggle='tooltip' data-placement='right' title='原始值：7.63'>7.63</span>", "<span data-toggle='tooltip' data-placement='right' title='原始值：0.33'>0.330</span>", "*", "*", "*", "*", "正常"], ["山东省", "淮河流域", "<span data-toggle='tooltip' data-placement='right' title='所在地市:临沂市&#10;所属河流:沂河'>重坊桥</span>", "06-24 08:00", "Ⅲ", "<span data-toggle='tooltip' data-placement='right' title='原始值：24.55372'>24.6</span>", "<span data-toggle='tooltip' data-placement='right' title='原始值：7.53731'>7.54</span>", "<span data-toggle='tooltip' data-placement='right' title='原始值：6.74972'>6.75</span>", "<span data-toggle='tooltip' data-placement='right' title='原始值：828.5555'>828.6</span>", "<span data-toggle='tooltip' data-placement='right' title='原始值：15.06204'>15.1</span>", "<span data-toggle='tooltip' data-placement='right' title='原始值：4.58'>4.58</span>", "<span data-toggle='tooltip' data-placement='right' title='原始值：0.19042'>0.190</span>", "*", "*", "*", "*", "正常"], ["山东省", "淮河流域", "<span data-toggle='tooltip' data-placement='right' title='所在地市:临沂市&#10;所属河流:白马河'>捷庄(涝沟桥)</span>", "06-24 08:00", "Ⅳ", "<span data-toggle='tooltip' data-placement='right' title='原始值：24.3'>24.3</span>", "<span data-toggle='tooltip' data-placement='right' title='原始值：7.01'>7.01</span>", "<span data-toggle='tooltip' data-placement='right' title='原始值：4.24968'>4.25</span>", "<span data-toggle='tooltip' data-placement='right' title='原始值：858.9997'>859.0</span>", "<span data-toggle='tooltip' data-placement='right' title='原始值：22.9968'>23.0</span>", "<span data-toggle='tooltip' data-placement='right' title='原始值：5.96'>5.96</span>", "<span data-toggle='tooltip' data-placement='right' title='原始值：0.61246'>0.612</span>", "<span data-toggle='tooltip' data-placement='right' title='原始值：0.1588'>0.159</span>", "<span data-toggle='tooltip' data-placement='right' title='原始值：3.4255'>3.43</span>", "*", "*", "正常"], ["山东省", "海河流域", "<span data-toggle='tooltip' data-placement='right' title='所在地市:聊城市&#10;所属河流:卫运河'>秤勾湾(秤钩湾)</span>", null, "", "--", "--", "--", "--", "--", "--", "--", "--", "--", "*", "*", "停站"], ["河南省", "长江流域", "<span data-toggle='tooltip' data-placement='right' title='所在地市:南阳市&#10;所属河流:丹江口水库'>陶岔</span>", null, "", "--", "--", "--", "--", "--", "--", "--", "--", "--", "--", "--", "维护"], ["河南省", "淮河流域", "<span data-toggle='tooltip' data-placement='right' title='所在地市:商丘市&#10;所属河流:浍河'>黄口</span>", "06-24 08:00", "", "<span data-toggle='tooltip' data-placement='right' title='原始值：24.2'>24.2</span>", "<span data-toggle='tooltip' data-placement='right' title='原始值：8.75'>8.75</span>", "<span data-toggle='tooltip' data-placement='right' title='原始值：7.82004'>7.82</span>", "<span data-toggle='tooltip' data-placement='right' title='极值过滤'>--</span>", "<span data-toggle='tooltip' data-placement='right' title='原始值：1.4'>1.4</span>", "<span data-toggle='tooltip' data-placement='right' title='原始值：6.74'>6.74</span>", "<span data-toggle='tooltip' data-placement='right' title='原始值：1.62101'>1.621</span>", "<span data-toggle='tooltip' data-placement='right' title='极值过滤'>--</span>", "<span data-toggle='tooltip' data-placement='right' title='极值过滤'>--</span>", "*", "*", "维护"], ["河南省", "淮河流域", "<span data-toggle='tooltip' data-placement='right' title='所在地市:信阳市&#10;所属河流:史灌河'>蒋集</span>", "06-24 08:00", "Ⅲ", "<span data-toggle='tooltip' data-placement='right' title='原始值：21.09903'>21.1</span>", "<span data-toggle='tooltip' data-placement='right' title='原始值：6.7165'>6.72</span>", "<span data-toggle='tooltip' data-placement='right' title='原始值：5.55035'>5.55</span>", "<span data-toggle='tooltip' data-placement='right' title='原始值：145'>145.0</span>", "<span data-toggle='tooltip' data-placement='right' title='原始值：180.5325'>180.5</span>", "<span data-toggle='tooltip' data-placement='right' title='原始值：4.26'>4.26</span>", "<span data-toggle='tooltip' data-placement='right' title='原始值：0.18614'>0.186</span>", "*", "*", "*", "*", "正常"], ["河南省", "淮河流域", "<span data-toggle='tooltip' data-placement='right' title='所在地市:信阳市&#10;所属河流:淮河'>淮滨水文站(淮滨)</span>", "06-24 08:00", "Ⅳ", "<span data-toggle='tooltip' data-placement='right' title='原始值：23'>23.0</span>", "<span data-toggle='tooltip' data-placement='right' title='原始值：6.62'>6.62</span>", "<span data-toggle='tooltip' data-placement='right' title='原始值：5.05'>5.05</span>", "<span data-toggle='tooltip' data-placement='right' title='原始值：242.9922'>243.0</span>", "<span data-toggle='tooltip' data-placement='right' title='原始值：137.6593'>137.7</span>", "<span data-toggle='tooltip' data-placement='right' title='原始值：2.99314'>2.99</span>", "<span data-toggle='tooltip' data-placement='right' title='原始值：0.19884'>0.199</span>", "<span data-toggle='tooltip' data-placement='right' title='原始值：0.20857'>0.209</span>", "<span data-toggle='tooltip' data-placement='right' title='原始值：2.00269'>2.00</span>", "*", "*", "正常"], ["河南省", "淮河流域", "<span data-toggle='tooltip' data-placement='right' title='所在地市:周口市&#10;所属河流:沙河'>沈丘闸</span>", "06-24 08:00", "Ⅳ", "<span data-toggle='tooltip' data-placement='right' title='原始值：23.64005'>23.6</span>", "<span data-toggle='tooltip' data-placement='right' title='原始值：7.57139'>7.57</span>", "<span data-toggle='tooltip' data-placement='right' title='原始值：4.22284'>4.22</span>", "<span data-toggle='tooltip' data-placement='right' title='原始值：749.2364'>749.2</span>", "<span data-toggle='tooltip' data-placement='right' title='原始值：13.42259'>13.4</span>", "<span data-toggle='tooltip' data-placement='right' title='原始值：4.305'>4.30</span>", "<span data-toggle='tooltip' data-placement='right' title='原始值：0.65'>0.650</span>", "*", "*", "*", "*", "正常"], ["河南省", "淮河流域", "<span data-toggle='tooltip' data-placement='right' title='所在地市:周口市&#10;所属河流:涡河'>鹿邑付桥(鹿邑付桥闸)</span>", "06-24 08:00", "", "<span data-toggle='tooltip' data-placement='right' title='原始值：24.2289'>24.2</span>", "<span data-toggle='tooltip' data-placement='right' title='原始值：8.46085'>8.46</span>", "<span data-toggle='tooltip' data-placement='right' title='原始值：8.89212'>8.89</span>", "<span data-toggle='tooltip' data-placement='right' title='原始值：1405.347'>1405.3</span>", "<span data-toggle='tooltip' data-placement='right' title='原始值：11.77934'>11.8</span>", "<span data-toggle='tooltip' data-placement='right' title='原始值：5.7025'>5.70</span>", "<span data-toggle='tooltip' data-placement='right' title='极值过滤'>--</span>", "<span data-toggle='tooltip' data-placement='right' title='原始值：0.1329'>0.133</span>", "<span data-toggle='tooltip' data-placement='right' title='原始值：1.4597'>1.46</span>", "*", "*", "维护"], ["河南省", "淮河流域", "<span data-toggle='tooltip' data-placement='right' title='所在地市:驻马店市&#10;所属河流:洪河'>新蔡班台(班台)</span>", "06-24 08:00", "Ⅳ", "<span data-toggle='tooltip' data-placement='right' title='原始值：24.84204'>24.8</span>", "<span data-toggle='tooltip' data-placement='right' title='原始值：6.76395'>6.76</span>", "<span data-toggle='tooltip' data-placement='right' title='原始值：3.86268'>3.86</span>", "<span data-toggle='tooltip' data-placement='right' title='原始值：1053.631'>1053.6</span>", "<span data-toggle='tooltip' data-placement='right' title='原始值：5.13317'>5.1</span>", "<span data-toggle='tooltip' data-placement='right' title='原始值：4.14'>4.14</span>", "<span data-toggle='tooltip' data-placement='right' title='原始值：0.98'>0.980</span>", "<span data-toggle='tooltip' data-placement='right' title='原始值：0.20992'>0.210</span>", "<span data-toggle='tooltip' data-placement='right' title='原始值：2.9775'>2.98</span>", "*", "*", "正常"], ["河南省", "黄河流域", "<span data-toggle='tooltip' data-placement='right' title='所在地市:济源市&#10;所属河流:黄河'>小浪底水库(小浪底)</span>", "06-24 08:00", "Ⅲ", "<span data-toggle='tooltip' data-placement='right' title='原始值：24.14703'>24.1</span>", "<span data-toggle='tooltip' data-placement='right' title='原始值：8.63667'>8.64</span>", "<span data-toggle='tooltip' data-placement='right' title='原始值：5.99841'>6.00</span>", "<span data-toggle='tooltip' data-placement='right' title='原始值：925.5208'>925.5</span>", "<span data-toggle='tooltip' data-placement='right' title='原始值：5.32882'>5.3</span>", "<span data-toggle='tooltip' data-placement='right' title='原始值：1.4225'>1.42</span>", "<span data-toggle='tooltip' data-placement='right' title='原始值：0.1'>0.100</span>", "<span data-toggle='tooltip' data-placement='right' title='原始值：0.0345'>0.034</span>", "<span data-toggle='tooltip' data-placement='right' title='原始值：2.3575'>2.36</span>", "*", "*", "正常"], ["湖北省", "长江流域", "<span data-toggle='tooltip' data-placement='right' title='所在地市:武汉市&#10;所属河流:汉江'>宗关</span>", null, "", "--", "--", "--", "--", "--", "--", "--", "--", "--", "*", "*", "停站"], ["湖北省", "长江流域", "<span data-toggle='tooltip' data-placement='right' title='所在地市:十堰市&#10;所属河流:丹江口水库'>坝上中(胡家岭)</span>", null, "", "--", "--", "--", "--", "--", "--", "--", "--", "--", "--", "--", "维护"], ["湖北省", "长江流域", "<span data-toggle='tooltip' data-placement='right' title='所在地市:宜昌市&#10;所属河流:长江'>南津关</span>", null, "", "--", "--", "--", "--", "--", "--", "--", "--", "--", "*", "*", "停站"], ["湖南省", "长江流域", "<span data-toggle='tooltip' data-placement='right' title='所在地市:长沙市&#10;所属河流:湘江'>新港</span>", null, "", "--", "--", "--", "--", "--", "--", "--", "--", "--", "*", "*", "停站"], ["湖南省", "长江流域", "<span data-toggle='tooltip' data-placement='right' title='所在地市:岳阳市&#10;所属河流:洞庭湖'>岳阳楼</span>", null, "", "--", "--", "--", "--", "--", "--", "--", "--", "--", "--", "--", "停站"], ["湖南省", "长江流域", "<span data-toggle='tooltip' data-placement='right' title='所在地市:岳阳市&#10;所属河流:长江'>城陵矶</span>", null, "", "--", "--", "--", "--", "--", "--", "--", "--", "--", "*", "*", "停站"], ["广东省", "珠江流域", "<span data-toggle='tooltip' data-placement='right' title='所在地市:清远市&#10;所属河流:北江'>七星岗</span>", "06-24 08:00", "", "<span data-toggle='tooltip' data-placement='right' title='原始值：30.34839'>30.3</span>", "<span data-toggle='tooltip' data-placement='right' title='原始值：7.61021'>7.61</span>", "<span data-toggle='tooltip' data-placement='right' title='原始值：6.17019'>6.17</span>", "<span data-toggle='tooltip' data-placement='right' title='原始值：157.8621'>157.9</span>", "<span data-toggle='tooltip' data-placement='right' title='原始值：17.7091'>17.7</span>", "<span data-toggle='tooltip' data-placement='right' title='原始值：0.19'>0.19</span>", "<span data-toggle='tooltip' data-placement='right' title='极值过滤'>--</span>", "<span data-toggle='tooltip' data-placement='right' title='原始值：0.02182'>0.022</span>", "<span data-toggle='tooltip' data-placement='right' title='原始值：1.8492'>1.85</span>", "*", "*", "维护"], ["广东省", "珠江流域", "<span data-toggle='tooltip' data-placement='right' title='所在地市:中山市&#10;所属河流:西江'>横栏</span>", null, "", "--", "--", "--", "--", "--", "--", "--", "--", "--", "*", "*", "停站"], ["广西壮族自治区", "珠江流域", "<span data-toggle='tooltip' data-placement='right' title='所在地市:南宁市&#10;所属河流:邕江'>老口</span>", "06-24 08:00", "Ⅱ", "<span data-toggle='tooltip' data-placement='right' title='原始值：28.38598'>28.4</span>", "<span data-toggle='tooltip' data-placement='right' title='原始值：7.70126'>7.70</span>", "<span data-toggle='tooltip' data-placement='right' title='原始值：6.73993'>6.74</span>", "<span data-toggle='tooltip' data-placement='right' title='原始值：324.7389'>324.7</span>", "<span data-toggle='tooltip' data-placement='right' title='原始值：8.2444'>8.2</span>", "<span data-toggle='tooltip' data-placement='right' title='原始值：0.87585'>0.88</span>", "<span data-toggle='tooltip' data-placement='right' title='原始值：0.11536'>0.115</span>", "<span data-toggle='tooltip' data-placement='right' title='原始值：0.01786'>0.018</span>", "<span data-toggle='tooltip' data-placement='right' title='原始值：2.12734'>2.13</span>", "*", "*", "正常"], ["广西壮族自治区", "珠江流域", "<span data-toggle='tooltip' data-placement='right' title='所在地市:桂林市&#10;所属河流:漓江'>阳朔</span>", "06-24 04:00", "Ⅱ", "<span data-toggle='tooltip' data-placement='right' title='原始值：26.1'>26.1</span>", "<span data-toggle='tooltip' data-placement='right' title='原始值：7.30999'>7.31</span>", "<span data-toggle='tooltip' data-placement='right' title='原始值：6.81'>6.81</span>", "<span data-toggle='tooltip' data-placement='right' title='原始值：146'>146.0</span>", "<span data-toggle='tooltip' data-placement='right' title='原始值：14.99043'>15.0</span>", "<span data-toggle='tooltip' data-placement='right' title='原始值：1.7'>1.70</span>", "<span data-toggle='tooltip' data-placement='right' title='原始值：0.02891'>0.029</span>", "<span data-toggle='tooltip' data-placement='right' title='原始值：0.00324'>0.003</span>", "<span data-toggle='tooltip' data-placement='right' title='原始值：1.8413'>1.84</span>", "*", "*", "正常"], ["广西壮族自治区", "珠江流域", "<span data-toggle='tooltip' data-placement='right' title='所在地市:梧州市&#10;所属河流:浔江'>界首</span>", null, "", "--", "--", "--", "--", "--", "--", "--", "--", "--", "*", "*", "停站"], ["广西壮族自治区", "珠江流域", "<span data-toggle='tooltip' data-placement='right' title='所在地市:贵港市&#10;所属河流:浔江'>石嘴</span>", "06-24 08:00", "Ⅱ", "<span data-toggle='tooltip' data-placement='right' title='原始值：26.93332'>26.9</span>", "<span data-toggle='tooltip' data-placement='right' title='原始值：7.48131'>7.48</span>", "<span data-toggle='tooltip' data-placement='right' title='原始值：8.1964'>8.20</span>", "<span data-toggle='tooltip' data-placement='right' title='原始值：335.594'>335.6</span>", "<span data-toggle='tooltip' data-placement='right' title='原始值：34.62226'>34.6</span>", "<span data-toggle='tooltip' data-placement='right' title='原始值：1.56'>1.56</span>", "<span data-toggle='tooltip' data-placement='right' title='原始值：0.07'>0.070</span>", "<span data-toggle='tooltip' data-placement='right' title='原始值：0.02612'>0.026</span>", "<span data-toggle='tooltip' data-placement='right' title='原始值：2.1745'>2.17</span>", "*", "*", "正常"], ["广西壮族自治区", "珠江流域", "<span data-toggle='tooltip' data-placement='right' title='所在地市:崇左市&#10;所属河流:平而河'>平而关</span>", "06-24 08:00", "Ⅱ", "<span data-toggle='tooltip' data-placement='right' title='原始值：32.47731'>32.5</span>", "<span data-toggle='tooltip' data-placement='right' title='原始值：7.77128'>7.77</span>", "<span data-toggle='tooltip' data-placement='right' title='原始值：6.65505'>6.66</span>", "<span data-toggle='tooltip' data-placement='right' title='原始值：198.7934'>198.8</span>", "<span data-toggle='tooltip' data-placement='right' title='原始值：35.80525'>35.8</span>", "<span data-toggle='tooltip' data-placement='right' title='原始值：1.495'>1.50</span>", "<span data-toggle='tooltip' data-placement='right' title='原始值：0.17'>0.170</span>", "*", "*", "*", "*", "正常"], ["重庆市", "长江流域", "<span data-toggle='tooltip' data-placement='right' title='所在地市:永川区&#10;所属河流:长江'>朱沱</span>", null, "", "--", "--", "--", "--", "--", "--", "--", "--", "--", "*", "*", "停站"], ["四川省", "长江流域", "<span data-toggle='tooltip' data-placement='right' title='所在地市:攀枝花市&#10;所属河流:金沙江'>龙洞</span>", null, "", "--", "--", "--", "--", "--", "--", "--", "--", "--", "*", "*", "停站"], ["四川省", "长江流域", "<span data-toggle='tooltip' data-placement='right' title='所在地市:泸州市&#10;所属河流:沱江'>沱江大桥(沱江二桥)</span>", null, "", "--", "--", "--", "--", "--", "--", "--", "--", "--", "*", "*", "停站"], ["四川省", "长江流域", "<span data-toggle='tooltip' data-placement='right' title='所在地市:广元市&#10;所属河流:嘉陵江'>清风峡</span>", "06-24 08:00", "Ⅱ", "<span data-toggle='tooltip' data-placement='right' title='原始值：24.40467'>24.4</span>", "<span data-toggle='tooltip' data-placement='right' title='原始值：7.97439'>7.97</span>", "<span data-toggle='tooltip' data-placement='right' title='原始值：8.51598'>8.52</span>", "<span data-toggle='tooltip' data-placement='right' title='原始值：307.8037'>307.8</span>", "<span data-toggle='tooltip' data-placement='right' title='原始值：109.2065'>109.2</span>", "<span data-toggle='tooltip' data-placement='right' title='原始值：2.11'>2.11</span>", "<span data-toggle='tooltip' data-placement='right' title='原始值：0.02828'>0.028</span>", "*", "*", "*", "*", "正常"], ["四川省", "长江流域", "<span data-toggle='tooltip' data-placement='right' title='所在地市:乐山市&#10;所属河流:岷江'>岷江大桥</span>", "06-24 08:00", "Ⅱ", "<span data-toggle='tooltip' data-placement='right' title='原始值：22.60258'>22.6</span>", "<span data-toggle='tooltip' data-placement='right' title='原始值：7.4553'>7.46</span>", "<span data-toggle='tooltip' data-placement='right' title='原始值：8.11286'>8.11</span>", "<span data-toggle='tooltip' data-placement='right' title='原始值：315.0524'>315.1</span>", "<span data-toggle='tooltip' data-placement='right' title='原始值：122.7934'>122.8</span>", "<span data-toggle='tooltip' data-placement='right' title='原始值：2.94'>2.94</span>", "<span data-toggle='tooltip' data-placement='right' title='原始值：0.18'>0.180</span>", "*", "*", "*", "*", "正常"], ["四川省", "长江流域", "<span data-toggle='tooltip' data-placement='right' title='所在地市:宜宾市&#10;所属河流:岷江'>凉姜沟</span>", null, "", "--", "--", "--", "--", "--", "--", "--", "--", "--", "*", "*", "停站"], ["云南省", "滇池流域", "<span data-toggle='tooltip' data-placement='right' title='所在地市:昆明市&#10;所属河流:滇池'>西苑隧道</span>", "06-24 08:00", "Ⅳ", "<span data-toggle='tooltip' data-placement='right' title='原始值：24.80236'>24.8</span>", "<span data-toggle='tooltip' data-placement='right' title='原始值：6.62785'>6.63</span>", "<span data-toggle='tooltip' data-placement='right' title='原始值：6.56988'>6.57</span>", "<span data-toggle='tooltip' data-placement='right' title='原始值：613.4941'>613.5</span>", "<span data-toggle='tooltip' data-placement='right' title='原始值：28.32066'>28.3</span>", "<span data-toggle='tooltip' data-placement='right' title='原始值：7.81998'>7.82</span>", "<span data-toggle='tooltip' data-placement='right' title='原始值：0.35'>0.350</span>", "<span data-toggle='tooltip' data-placement='right' title='原始值：0.09042'>0.090</span>", "<span data-toggle='tooltip' data-placement='right' title='原始值：0.92488'>0.92</span>", "<span data-toggle='tooltip' data-placement='right' title='原始值：0.01944'>0.019</span>", "<span data-toggle='tooltip' data-placement='right' title='原始值：7032885'>7032885</span>", "正常"], ["云南省", "滇池流域", "<span data-toggle='tooltip' data-placement='right' title='所在地市:昆明市&#10;所属河流:滇池'>观音山</span>", "06-24 04:00", "Ⅴ", "<span data-toggle='tooltip' data-placement='right' title='原始值：24.24932'>24.2</span>", "<span data-toggle='tooltip' data-placement='right' title='原始值：7.32071'>7.32</span>", "<span data-toggle='tooltip' data-placement='right' title='原始值：4.99611'>5.00</span>", "<span data-toggle='tooltip' data-placement='right' title='原始值：442.6277'>442.6</span>", "<span data-toggle='tooltip' data-placement='right' title='原始值：60.72323'>60.7</span>", "<span data-toggle='tooltip' data-placement='right' title='原始值：11.23'>11.23</span>", "<span data-toggle='tooltip' data-placement='right' title='原始值：0.14'>0.140</span>", "<span data-toggle='tooltip' data-placement='right' title='原始值：0.1438'>0.144</span>", "<span data-toggle='tooltip' data-placement='right' title='原始值：1.488'>1.49</span>", "<span data-toggle='tooltip' data-placement='right' title='原始值：0.03746'>0.037</span>", "<span data-toggle='tooltip' data-placement='right' title='原始值：7699949'>7699949</span>", "正常"], ["云南省", "西南诸河", "<span data-toggle='tooltip' data-placement='right' title='所在地市:红河哈尼族彝族自治州&#10;所属河流:红河'>河口县医院(河口)</span>", "06-24 08:00", "", "<span data-toggle='tooltip' data-placement='right' title='原始值：25.4'>25.4</span>", "<span data-toggle='tooltip' data-placement='right' title='原始值：7.55'>7.55</span>", "<span data-toggle='tooltip' data-placement='right' title='原始值：10.92746'>10.93</span>", "<span data-toggle='tooltip' data-placement='right' title='原始值：48'>48.0</span>", "<span data-toggle='tooltip' data-placement='right' title='原始值：131.3152'>131.3</span>", "<span data-toggle='tooltip' data-placement='right' title='极值过滤'>--</span>", "<span data-toggle='tooltip' data-placement='right' title='原始值：0.29996'>0.300</span>", "<span data-toggle='tooltip' data-placement='right' title='原始值：0.02512'>0.025</span>", "<span data-toggle='tooltip' data-placement='right' title='原始值：1.01208'>1.01</span>", "*", "*", "维护"], ["云南省", "西南诸河", "<span data-toggle='tooltip' data-placement='right' title='所在地市:西双版纳傣族自治州&#10;所属河流:澜沧江'>橄榄坝</span>", "06-24 08:00", "Ⅲ", "<span data-toggle='tooltip' data-placement='right' title='原始值：17.89891'>17.9</span>", "<span data-toggle='tooltip' data-placement='right' title='原始值：7.41431'>7.41</span>", "<span data-toggle='tooltip' data-placement='right' title='原始值：5.97976'>5.98</span>", "<span data-toggle='tooltip' data-placement='right' title='原始值：638.502'>638.5</span>", "<span data-toggle='tooltip' data-placement='right' title='原始值：12.60934'>12.6</span>", "<span data-toggle='tooltip' data-placement='right' title='原始值：1.1'>1.10</span>", "<span data-toggle='tooltip' data-placement='right' title='原始值：0.14733'>0.147</span>", "*", "*", "*", "*", "正常"], ["陕西省", "黄河流域", "<span data-toggle='tooltip' data-placement='right' title='所在地市:渭南市&#10;所属河流:渭河'>潼关吊桥</span>", null, "", "--", "--", "--", "--", "--", "--", "--", "--", "--", "*", "*", "停站"], ["甘肃省", "黄河流域", "<span data-toggle='tooltip' data-placement='right' title='所在地市:兰州市&#10;所属河流:黄河'>新城桥</span>", "06-24 08:00", "Ⅱ", "<span data-toggle='tooltip' data-placement='right' title='原始值：17.232'>17.2</span>", "<span data-toggle='tooltip' data-placement='right' title='原始值：6.53288'>6.53</span>", "<span data-toggle='tooltip' data-placement='right' title='原始值：7.71311'>7.71</span>", "<span data-toggle='tooltip' data-placement='right' title='原始值：454.191'>454.2</span>", "<span data-toggle='tooltip' data-placement='right' title='原始值：197.8925'>197.9</span>", "<span data-toggle='tooltip' data-placement='right' title='原始值：2.7'>2.70</span>", "<span data-toggle='tooltip' data-placement='right' title='原始值：0.13'>0.130</span>", "<span data-toggle='tooltip' data-placement='right' title='原始值：0.04731'>0.047</span>", "<span data-toggle='tooltip' data-placement='right' title='原始值：2.82038'>2.82</span>", "*", "*", "正常"], ["宁夏回族自治区", "黄河流域", "<span data-toggle='tooltip' data-placement='right' title='所在地市:中卫市&#10;所属河流:黄河'>中卫下河沿(新墩)</span>", "06-24 08:00", "Ⅱ", "<span data-toggle='tooltip' data-placement='right' title='原始值：19.30564'>19.3</span>", "<span data-toggle='tooltip' data-placement='right' title='原始值：8.40855'>8.41</span>", "<span data-toggle='tooltip' data-placement='right' title='原始值：7.39084'>7.39</span>", "<span data-toggle='tooltip' data-placement='right' title='极值过滤'>--</span>", "<span data-toggle='tooltip' data-placement='right' title='原始值：361.7816'>361.8</span>", "<span data-toggle='tooltip' data-placement='right' title='原始值：1.07'>1.07</span>", "<span data-toggle='tooltip' data-placement='right' title='原始值：0.09'>0.090</span>", "<span data-toggle='tooltip' data-placement='right' title='原始值：0.0485'>0.048</span>", "<span data-toggle='tooltip' data-placement='right' title='原始值：2.4082'>2.41</span>", "*", "*", "维护"]]}