{"result": 1, "total": 1, "records": 98, "thead": ["省份", "流域", "断面名称", "监测时间", "水质类别", "水温<br/><span class='unit'>(℃)</span>", "pH<br/><span class='unit'>(无量纲)</span>", "溶解氧<br/><span class='unit'>(mg/L)</span>", "电导率<br/><span class='unit'>(μS/cm)</span>", "浊度<br/><span class='unit'>(NTU)</span>", "高锰酸盐指数<br/><span class='unit'>(mg/L)</span>", "氨氮<br/><span class='unit'>(mg/L)</span>", "总磷<br/><span class='unit'>(mg/L)</span>", "总氮<br/><span class='unit'>(mg/L)</span>", "叶绿素α<br/><span class='unit'>(mg/L)</span>", "藻密度<br/><span class='unit'>(cells/L)</span>", "站点情况"], "tbody": [["北京市", "海河流域", "<span data-toggle='tooltip' data-placement='right' title='所在地市:门头沟区&#10;所属河流:永定河'>沿河城</span>", null, "", "--", "--", "--", "--", "--", "--", "--", "--", "--", "*", "*", "停站"], ["北京市", "海河流域", "<span data-toggle='tooltip' data-placement='right' title='所在地市:密云区&#10;所属河流:潮河'>古北口</span>", "10-25 08:00", "Ⅰ", "<span data-toggle='tooltip' data-placement='right' title='原始值：9.46586'>9.5</span>", "<span data-toggle='tooltip' data-placement='right' title='原始值：7.91991'>7.92</span>", "<span data-toggle='tooltip' data-placement='right' title='原始值：10.96217'>10.96</span>", "<span data-toggle='tooltip' data-placement='right' title='原始值：736.2863'>736.3</span>", "<span data-toggle='tooltip' data-placement='right' title='原始值：2.47076'>2.5</span>", "<span data-toggle='tooltip' data-placement='right' title='原始值：0.895'>0.90</span>", "<span data-toggle='tooltip' data-placement='right' title='原始值：0.03'>0.030</span>", "<span data-toggle='tooltip' data-placement='right' title='原始值：0.0031'>0.003</span>", "<span data-toggle='tooltip' data-placement='right' title='原始值：8.203'>8.20</span>", "*", "*", "正常"], ["天津市", "海河流域", "<span data-toggle='tooltip' data-placement='right' title='所在地市:河北区&#10;所属河流:海河'>三岔口</span>", "10-25 08:00", "Ⅱ", "<span data-toggle='tooltip' data-placement='right' title='原始值：15.9997'>16.0</span>", "<span data-toggle='tooltip' data-placement='right' title='原始值：7.8254'>7.83</span>", "<span data-toggle='tooltip' data-placement='right' title='原始值：8.457'>8.46</span>", "<span data-toggle='tooltip' data-placement='right' title='原始值：421.7724'>421.8</span>", "<span data-toggle='tooltip' data-placement='right' title='原始值：10.981'>11.0</span>", "<span data-toggle='tooltip' data-placement='right' title='原始值：1.18'>1.18</span>", "<span data-toggle='tooltip' data-placement='right' title='原始值：0.19'>0.190</span>", "<span data-toggle='tooltip' data-placement='right' title='原始值：0.0036'>0.004</span>", "<span data-toggle='tooltip' data-placement='right' title='原始值：1.3499'>1.35</span>", "*", "*", "正常"], ["天津市", "海河流域", "<span data-toggle='tooltip' data-placement='right' title='所在地市:蓟州区&#10;所属河流:果河'>果河桥</span>", "10-25 08:00", "Ⅱ", "<span data-toggle='tooltip' data-placement='right' title='原始值：13.7'>13.7</span>", "<span data-toggle='tooltip' data-placement='right' title='原始值：8.25'>8.25</span>", "<span data-toggle='tooltip' data-placement='right' title='原始值：9.267'>9.27</span>", "<span data-toggle='tooltip' data-placement='right' title='原始值：578.428'>578.4</span>", "<span data-toggle='tooltip' data-placement='right' title='原始值：6.9'>6.9</span>", "<span data-toggle='tooltip' data-placement='right' title='原始值：2.287'>2.29</span>", "<span data-toggle='tooltip' data-placement='right' title='原始值：0.26'>0.260</span>", "<span data-toggle='tooltip' data-placement='right' title='原始值：0.0514'>0.051</span>", "<span data-toggle='tooltip' data-placement='right' title='原始值：3.7822'>3.78</span>", "*", "*", "正常"], ["河北省", "海河流域", "<span data-toggle='tooltip' data-placement='right' title='所在地市:石家庄市&#10;所属河流:滹沱河'>岗南水库</span>", "10-25 08:00", "Ⅲ", "<span data-toggle='tooltip' data-placement='right' title='原始值：18.47087'>18.5</span>", "<span data-toggle='tooltip' data-placement='right' title='原始值：8.47256'>8.47</span>", "<span data-toggle='tooltip' data-placement='right' title='原始值：8.73239'>8.73</span>", "<span data-toggle='tooltip' data-placement='right' title='原始值：577.7836'>577.8</span>", "<span data-toggle='tooltip' data-placement='right' title='原始值：2.40804'>2.4</span>", "<span data-toggle='tooltip' data-placement='right' title='原始值：1.80985'>1.81</span>", "<span data-toggle='tooltip' data-placement='right' title='原始值：0.05'>0.050</span>", "<span data-toggle='tooltip' data-placement='right' title='原始值：0.03101'>0.031</span>", "<span data-toggle='tooltip' data-placement='right' title='原始值：2.51526'>2.52</span>", "*", "*", "正常"], ["河北省", "海河流域", "<span data-toggle='tooltip' data-placement='right' title='所在地市:张家口市&#10;所属河流:永定河'>八号桥</span>", "10-25 08:00", "Ⅳ", "<span data-toggle='tooltip' data-placement='right' title='原始值：8.43875'>8.4</span>", "<span data-toggle='tooltip' data-placement='right' title='原始值：8.46528'>8.47</span>", "<span data-toggle='tooltip' data-placement='right' title='原始值：10.29787'>10.30</span>", "<span data-toggle='tooltip' data-placement='right' title='原始值：1500.594'>1500.6</span>", "<span data-toggle='tooltip' data-placement='right' title='原始值：83.04499'>83.0</span>", "<span data-toggle='tooltip' data-placement='right' title='原始值：6.32001'>6.32</span>", "<span data-toggle='tooltip' data-placement='right' title='原始值：0.08'>0.080</span>", "<span data-toggle='tooltip' data-placement='right' title='原始值：0.17501'>0.175</span>", "<span data-toggle='tooltip' data-placement='right' title='原始值：3.48'>3.48</span>", "*", "*", "正常"], ["山西省", "黄河流域", "<span data-toggle='tooltip' data-placement='right' title='所在地市:运城市&#10;所属河流:汾河'>河津大桥</span>", "10-25 08:00", "Ⅴ", "<span data-toggle='tooltip' data-placement='right' title='原始值：16.23768'>16.2</span>", "<span data-toggle='tooltip' data-placement='right' title='原始值：8.15196'>8.15</span>", "<span data-toggle='tooltip' data-placement='right' title='原始值：8.94923'>8.95</span>", "<span data-toggle='tooltip' data-placement='right' title='原始值：1761.804'>1761.8</span>", "<span data-toggle='tooltip' data-placement='right' title='原始值：658.6572'>658.7</span>", "<span data-toggle='tooltip' data-placement='right' title='原始值：11.375'>11.38</span>", "<span data-toggle='tooltip' data-placement='right' title='原始值：0.23'>0.230</span>", "*", "*", "*", "*", "正常"], ["山西省", "黄河流域", "<span data-toggle='tooltip' data-placement='right' title='所在地市:忻州市&#10;所属河流:黄河'>万家寨水库</span>", "10-25 08:00", "Ⅲ", "<span data-toggle='tooltip' data-placement='right' title='原始值：11.27207'>11.3</span>", "<span data-toggle='tooltip' data-placement='right' title='原始值：8.18433'>8.18</span>", "<span data-toggle='tooltip' data-placement='right' title='原始值：10.27278'>10.27</span>", "<span data-toggle='tooltip' data-placement='right' title='原始值：610.6498'>610.6</span>", "<span data-toggle='tooltip' data-placement='right' title='原始值：37.98669'>38.0</span>", "<span data-toggle='tooltip' data-placement='right' title='原始值：4.07'>4.07</span>", "<span data-toggle='tooltip' data-placement='right' title='原始值：0.41'>0.410</span>", "<span data-toggle='tooltip' data-placement='right' title='原始值：0.07875'>0.079</span>", "<span data-toggle='tooltip' data-placement='right' title='原始值：2.12294'>2.12</span>", "*", "*", "正常"], ["内蒙古自治区", "黄河流域", "<span data-toggle='tooltip' data-placement='right' title='所在地市:包头市&#10;所属河流:黄河'>画匠营子</span>", "10-25 08:00", "Ⅱ", "<span data-toggle='tooltip' data-placement='right' title='原始值：11.87796'>11.9</span>", "<span data-toggle='tooltip' data-placement='right' title='原始值：8.23003'>8.23</span>", "<span data-toggle='tooltip' data-placement='right' title='原始值：9.33409'>9.33</span>", "<span data-toggle='tooltip' data-placement='right' title='原始值：703.5178'>703.5</span>", "<span data-toggle='tooltip' data-placement='right' title='原始值：1902.156'>1902.2</span>", "<span data-toggle='tooltip' data-placement='right' title='原始值：3.96124'>3.96</span>", "<span data-toggle='tooltip' data-placement='right' title='原始值：0.05923'>0.059</span>", "*", "*", "*", "*", "正常"], ["内蒙古自治区", "黄河流域", "<span data-toggle='tooltip' data-placement='right' title='所在地市:乌海市&#10;所属河流:黄河'>海勃湾</span>", "10-25 08:00", "Ⅱ", "<span data-toggle='tooltip' data-placement='right' title='原始值：13.0483'>13.0</span>", "<span data-toggle='tooltip' data-placement='right' title='原始值：8.49033'>8.49</span>", "<span data-toggle='tooltip' data-placement='right' title='原始值：8.488'>8.49</span>", "<span data-toggle='tooltip' data-placement='right' title='原始值：538.737'>538.7</span>", "<span data-toggle='tooltip' data-placement='right' title='原始值：72.51712'>72.5</span>", "<span data-toggle='tooltip' data-placement='right' title='原始值：2.3'>2.30</span>", "<span data-toggle='tooltip' data-placement='right' title='原始值：0.14'>0.140</span>", "*", "*", "*", "*", "正常"], ["内蒙古自治区", "松花江流域", "<span data-toggle='tooltip' data-placement='right' title='所在地市:呼伦贝尔市&#10;所属河流:额尔古纳河'>黑山头</span>", null, "", "--", "--", "--", "--", "--", "--", "--", "--", "--", "*", "*", "停站"], ["辽宁省", "辽河流域", "<span data-toggle='tooltip' data-placement='right' title='所在地市:抚顺市&#10;所属河流:浑河'>大伙房水库</span>", "10-25 08:00", "", "<span data-toggle='tooltip' data-placement='right' title='原始值：16.57188'>16.6</span>", "<span data-toggle='tooltip' data-placement='right' title='原始值：7.10597'>7.11</span>", "<span data-toggle='tooltip' data-placement='right' title='原始值：9.95841'>9.96</span>", "<span data-toggle='tooltip' data-placement='right' title='原始值：302.6995'>302.7</span>", "<span data-toggle='tooltip' data-placement='right' title='原始值：4.52342'>4.5</span>", "<span data-toggle='tooltip' data-placement='right' title='原始值：3.07684'>3.08</span>", "<span data-toggle='tooltip' data-placement='right' title='原始值：0.36'>0.360</span>", "<span data-toggle='tooltip' data-placement='right' title='极值过滤'>--</span>", "<span data-toggle='tooltip' data-placement='right' title='原始值：2.15004'>2.15</span>", "<span data-toggle='tooltip' data-placement='right' title='原始值：0.00134'>0.001</span>", "*", "维护"], ["辽宁省", "辽河流域", "<span data-toggle='tooltip' data-placement='right' title='所在地市:丹东市&#10;所属河流:鸭绿江'>江桥</span>", "10-25 08:00", "Ⅱ", "<span data-toggle='tooltip' data-placement='right' title='原始值：15.2'>15.2</span>", "<span data-toggle='tooltip' data-placement='right' title='原始值：6.83'>6.83</span>", "<span data-toggle='tooltip' data-placement='right' title='原始值：8.305'>8.30</span>", "<span data-toggle='tooltip' data-placement='right' title='原始值：136'>136.0</span>", "<span data-toggle='tooltip' data-placement='right' title='原始值：56.99975'>57.0</span>", "<span data-toggle='tooltip' data-placement='right' title='原始值：0.94'>0.94</span>", "<span data-toggle='tooltip' data-placement='right' title='原始值：0.042'>0.042</span>", "<span data-toggle='tooltip' data-placement='right' title='原始值：0.0243'>0.024</span>", "<span data-toggle='tooltip' data-placement='right' title='原始值：1.83096'>1.83</span>", "*", "*", "正常"], ["辽宁省", "辽河流域", "<span data-toggle='tooltip' data-placement='right' title='所在地市:营口市&#10;所属河流:大辽河'>辽河公园</span>", "10-25 08:00", "Ⅳ", "<span data-toggle='tooltip' data-placement='right' title='原始值：16.02865'>16.0</span>", "<span data-toggle='tooltip' data-placement='right' title='原始值：7.8108'>7.81</span>", "<span data-toggle='tooltip' data-placement='right' title='原始值：7.59555'>7.60</span>", "<span data-toggle='tooltip' data-placement='right' title='原始值：1313.774'>1313.8</span>", "<span data-toggle='tooltip' data-placement='right' title='原始值：141.4541'>141.5</span>", "<span data-toggle='tooltip' data-placement='right' title='原始值：8.19478'>8.19</span>", "<span data-toggle='tooltip' data-placement='right' title='原始值：0.076'>0.076</span>", "<span data-toggle='tooltip' data-placement='right' title='原始值：0.20302'>0.203</span>", "<span data-toggle='tooltip' data-placement='right' title='原始值：4.07061'>4.07</span>", "*", "*", "正常"], ["辽宁省", "辽河流域", "<span data-toggle='tooltip' data-placement='right' title='所在地市:辽阳市&#10;所属河流:太子河'>汤河水库</span>", null, "", "--", "--", "--", "--", "--", "--", "--", "--", "--", "*", "*", "停站"], ["辽宁省", "辽河流域", "<span data-toggle='tooltip' data-placement='right' title='所在地市:盘锦市&#10;所属河流:辽河'>盘锦兴安(兴安)</span>", null, "", "--", "--", "--", "--", "--", "--", "--", "--", "--", "*", "*", "停站"], ["辽宁省", "辽河流域", "<span data-toggle='tooltip' data-placement='right' title='所在地市:铁岭市&#10;所属河流:辽河'>珠尔山</span>", null, "", "--", "--", "--", "--", "--", "--", "--", "--", "--", "*", "*", "维护"], ["吉林省", "松花江流域", "<span data-toggle='tooltip' data-placement='right' title='所在地市:长春市&#10;所属河流:松花江'>松花江村</span>", null, "", "--", "--", "--", "--", "--", "--", "--", "--", "--", "*", "*", "停站"], ["吉林省", "松花江流域", "<span data-toggle='tooltip' data-placement='right' title='所在地市:白城市&#10;所属河流:嫩江'>白沙滩</span>", null, "", "--", "--", "--", "--", "--", "--", "--", "--", "--", "*", "*", "停站"], ["吉林省", "松花江流域", "<span data-toggle='tooltip' data-placement='right' title='所在地市:延边朝鲜族自治州&#10;所属河流:图们江'>圈河</span>", "10-25 08:00", "Ⅲ", "<span data-toggle='tooltip' data-placement='right' title='原始值：11.1'>11.1</span>", "<span data-toggle='tooltip' data-placement='right' title='原始值：7.58'>7.58</span>", "<span data-toggle='tooltip' data-placement='right' title='原始值：9.67'>9.67</span>", "<span data-toggle='tooltip' data-placement='right' title='原始值：184'>184.0</span>", "<span data-toggle='tooltip' data-placement='right' title='原始值：90'>90.0</span>", "<span data-toggle='tooltip' data-placement='right' title='原始值：5.53'>5.53</span>", "<span data-toggle='tooltip' data-placement='right' title='原始值：0.03753'>0.038</span>", "<span data-toggle='tooltip' data-placement='right' title='原始值：0.05972'>0.060</span>", "<span data-toggle='tooltip' data-placement='right' title='原始值：1.03264'>1.03</span>", "*", "*", "正常"], ["黑龙江省", "松花江流域", "<span data-toggle='tooltip' data-placement='right' title='所在地市:大庆市&#10;所属河流:松花江'>肇源</span>", null, "", "--", "--", "--", "--", "--", "--", "--", "--", "--", "*", "*", "停站"], ["黑龙江省", "松花江流域", "<span data-toggle='tooltip' data-placement='right' title='所在地市:佳木斯市&#10;所属河流:乌苏里江'>乌苏镇</span>", null, "", "--", "--", "--", "--", "--", "--", "--", "--", "--", "*", "*", "停站"], ["黑龙江省", "松花江流域", "<span data-toggle='tooltip' data-placement='right' title='所在地市:佳木斯市&#10;所属河流:松花江'>同江</span>", "10-25 08:00", "Ⅳ", "<span data-toggle='tooltip' data-placement='right' title='原始值：7.58358'>7.6</span>", "<span data-toggle='tooltip' data-placement='right' title='原始值：7.65626'>7.66</span>", "<span data-toggle='tooltip' data-placement='right' title='原始值：12.50002'>12.50</span>", "<span data-toggle='tooltip' data-placement='right' title='原始值：207.0315'>207.0</span>", "<span data-toggle='tooltip' data-placement='right' title='原始值：106.0021'>106.0</span>", "<span data-toggle='tooltip' data-placement='right' title='原始值：7.69055'>7.69</span>", "<span data-toggle='tooltip' data-placement='right' title='原始值：0.393'>0.393</span>", "<span data-toggle='tooltip' data-placement='right' title='原始值：0.11865'>0.119</span>", "<span data-toggle='tooltip' data-placement='right' title='原始值：2.29233'>2.29</span>", "*", "*", "正常"], ["黑龙江省", "松花江流域", "<span data-toggle='tooltip' data-placement='right' title='所在地市:黑河市&#10;所属河流:黑龙江'>黑河下(黑河)</span>", null, "", "--", "--", "--", "--", "--", "--", "--", "--", "--", "*", "*", "停站"], ["上海市", "长江流域", "<span data-toggle='tooltip' data-placement='right' title='所在地市:青浦区&#10;所属河流:淀山湖'>急水港桥</span>", null, "", "--", "--", "--", "--", "--", "--", "--", "--", "--", "--", "--", "停站"], ["江苏省", "长江流域", "<span data-toggle='tooltip' data-placement='right' title='所在地市:南京市&#10;所属河流:长江'>林山</span>", null, "", "--", "--", "--", "--", "--", "--", "--", "--", "--", "*", "*", "停站"], ["江苏省", "太湖流域", "<span data-toggle='tooltip' data-placement='right' title='所在地市:无锡市&#10;所属河流:太湖'>沙渚</span>", "10-25 08:00", "Ⅳ", "<span data-toggle='tooltip' data-placement='right' title='原始值：19.01087'>19.0</span>", "<span data-toggle='tooltip' data-placement='right' title='原始值：8.818445'>8.82</span>", "<span data-toggle='tooltip' data-placement='right' title='原始值：9.353826'>9.35</span>", "<span data-toggle='tooltip' data-placement='right' title='原始值：489.5374'>489.5</span>", "<span data-toggle='tooltip' data-placement='right' title='原始值：76.88113'>76.9</span>", "<span data-toggle='tooltip' data-placement='right' title='原始值：6.22'>6.22</span>", "<span data-toggle='tooltip' data-placement='right' title='原始值：0.18'>0.180</span>", "<span data-toggle='tooltip' data-placement='right' title='原始值：0.1059'>0.106</span>", "<span data-toggle='tooltip' data-placement='right' title='原始值：1.461'>1.46</span>", "<span data-toggle='tooltip' data-placement='right' title='原始值：0.004604'>0.005</span>", "*", "正常"], ["江苏省", "淮河流域", "<span data-toggle='tooltip' data-placement='right' title='所在地市:徐州市&#10;所属河流:武河'>小红圈</span>", "10-25 08:00", "Ⅰ", "<span data-toggle='tooltip' data-placement='right' title='原始值：14.69'>14.7</span>", "<span data-toggle='tooltip' data-placement='right' title='原始值：7.53'>7.53</span>", "<span data-toggle='tooltip' data-placement='right' title='原始值：14.81'>14.81</span>", "<span data-toggle='tooltip' data-placement='right' title='原始值：945.9'>945.9</span>", "<span data-toggle='tooltip' data-placement='right' title='原始值：11.9'>11.9</span>", "<span data-toggle='tooltip' data-placement='right' title='原始值：1.56'>1.56</span>", "<span data-toggle='tooltip' data-placement='right' title='原始值：0.067'>0.067</span>", "*", "*", "*", "*", "正常"], ["江苏省", "淮河流域", "<span data-toggle='tooltip' data-placement='right' title='所在地市:徐州市&#10;所属河流:沿河'>李集桥</span>", "10-25 08:00", "Ⅲ", "<span data-toggle='tooltip' data-placement='right' title='原始值：16.82'>16.8</span>", "<span data-toggle='tooltip' data-placement='right' title='原始值：7.87'>7.87</span>", "<span data-toggle='tooltip' data-placement='right' title='原始值：8.42'>8.42</span>", "<span data-toggle='tooltip' data-placement='right' title='原始值：982'>982.0</span>", "<span data-toggle='tooltip' data-placement='right' title='原始值：42.52'>42.5</span>", "<span data-toggle='tooltip' data-placement='right' title='原始值：4.33'>4.33</span>", "<span data-toggle='tooltip' data-placement='right' title='原始值：0.015'>0.015</span>", "<span data-toggle='tooltip' data-placement='right' title='原始值：0.045'>0.045</span>", "<span data-toggle='tooltip' data-placement='right' title='原始值：0.537'>0.54</span>", "*", "*", "正常"], ["江苏省", "淮河流域", "<span data-toggle='tooltip' data-placement='right' title='所在地市:徐州市&#10;所属河流:邳苍分洪道'>艾山西大桥</span>", "10-25 08:00", "Ⅱ", "<span data-toggle='tooltip' data-placement='right' title='原始值：15.704'>15.7</span>", "<span data-toggle='tooltip' data-placement='right' title='原始值：8.3325'>8.33</span>", "<span data-toggle='tooltip' data-placement='right' title='原始值：13.408'>13.41</span>", "<span data-toggle='tooltip' data-placement='right' title='原始值：762.503'>762.5</span>", "<span data-toggle='tooltip' data-placement='right' title='原始值：8.77743'>8.8</span>", "<span data-toggle='tooltip' data-placement='right' title='原始值：2.54'>2.54</span>", "<span data-toggle='tooltip' data-placement='right' title='原始值：0.11'>0.110</span>", "<span data-toggle='tooltip' data-placement='right' title='原始值：0.02871'>0.029</span>", "<span data-toggle='tooltip' data-placement='right' title='原始值：11.34102'>11.34</span>", "*", "*", "正常"], ["江苏省", "太湖流域", "<span data-toggle='tooltip' data-placement='right' title='所在地市:苏州市&#10;所属河流:太湖'>兰山嘴(老)</span>", "10-25 08:00", "Ⅲ", "<span data-toggle='tooltip' data-placement='right' title='原始值：17.97833'>18.0</span>", "<span data-toggle='tooltip' data-placement='right' title='原始值：7.49939'>7.50</span>", "<span data-toggle='tooltip' data-placement='right' title='原始值：7.30821'>7.31</span>", "<span data-toggle='tooltip' data-placement='right' title='原始值：327.1967'>327.2</span>", "<span data-toggle='tooltip' data-placement='right' title='原始值：130.9282'>130.9</span>", "<span data-toggle='tooltip' data-placement='right' title='原始值：4.7'>4.70</span>", "<span data-toggle='tooltip' data-placement='right' title='原始值：0.32'>0.320</span>", "<span data-toggle='tooltip' data-placement='right' title='原始值：0.15057'>0.151</span>", "<span data-toggle='tooltip' data-placement='right' title='原始值：2.59692'>2.60</span>", "<span data-toggle='tooltip' data-placement='right' title='原始值：0.00716'>0.007</span>", "*", "正常"], ["江苏省", "太湖流域", "<span data-toggle='tooltip' data-placement='right' title='所在地市:苏州市&#10;所属河流:太湖'>西山</span>", "10-25 08:00", "Ⅳ", "<span data-toggle='tooltip' data-placement='right' title='原始值：18.01412'>18.0</span>", "<span data-toggle='tooltip' data-placement='right' title='原始值：7.68549'>7.69</span>", "<span data-toggle='tooltip' data-placement='right' title='原始值：9.06576'>9.07</span>", "<span data-toggle='tooltip' data-placement='right' title='原始值：390.0458'>390.0</span>", "<span data-toggle='tooltip' data-placement='right' title='原始值：92.22968'>92.2</span>", "<span data-toggle='tooltip' data-placement='right' title='原始值：3.12'>3.12</span>", "<span data-toggle='tooltip' data-placement='right' title='原始值：0.03'>0.030</span>", "<span data-toggle='tooltip' data-placement='right' title='原始值：0.0773'>0.077</span>", "<span data-toggle='tooltip' data-placement='right' title='原始值：0.7179'>0.72</span>", "<span data-toggle='tooltip' data-placement='right' title='原始值：0.00436'>0.004</span>", "*", "正常"], ["江苏省", "淮河流域", "<span data-toggle='tooltip' data-placement='right' title='所在地市:连云港市&#10;所属河流:新沭河'>大兴桥</span>", null, "", "--", "--", "--", "--", "--", "--", "--", "*", "*", "*", "*", "维护"], ["江苏省", "淮河流域", "<span data-toggle='tooltip' data-placement='right' title='所在地市:淮安市&#10;所属河流:淮河'>淮河大桥</span>", "10-25 08:00", "Ⅲ", "<span data-toggle='tooltip' data-placement='right' title='原始值：18.22406'>18.2</span>", "<span data-toggle='tooltip' data-placement='right' title='原始值：8.02013'>8.02</span>", "<span data-toggle='tooltip' data-placement='right' title='原始值：7.57712'>7.58</span>", "<span data-toggle='tooltip' data-placement='right' title='原始值：438.8758'>438.9</span>", "<span data-toggle='tooltip' data-placement='right' title='原始值：41.53445'>41.5</span>", "<span data-toggle='tooltip' data-placement='right' title='原始值：4.1'>4.10</span>", "<span data-toggle='tooltip' data-placement='right' title='原始值：0.18'>0.180</span>", "<span data-toggle='tooltip' data-placement='right' title='原始值：0.1362'>0.136</span>", "<span data-toggle='tooltip' data-placement='right' title='原始值：1.765'>1.76</span>", "*", "*", "正常"], ["江苏省", "长江流域", "<span data-toggle='tooltip' data-placement='right' title='所在地市:扬州市&#10;所属河流:夹江'>三江营</span>", "10-25 08:00", "Ⅱ", "<span data-toggle='tooltip' data-placement='right' title='原始值：19.57'>19.6</span>", "<span data-toggle='tooltip' data-placement='right' title='原始值：7.82'>7.82</span>", "<span data-toggle='tooltip' data-placement='right' title='原始值：7.47'>7.47</span>", "<span data-toggle='tooltip' data-placement='right' title='原始值：326.65'>326.6</span>", "<span data-toggle='tooltip' data-placement='right' title='原始值：29.78'>29.8</span>", "<span data-toggle='tooltip' data-placement='right' title='原始值：1.991'>1.99</span>", "<span data-toggle='tooltip' data-placement='right' title='原始值：0.036'>0.036</span>", "<span data-toggle='tooltip' data-placement='right' title='原始值：0.059'>0.059</span>", "<span data-toggle='tooltip' data-placement='right' title='原始值：1.58'>1.58</span>", "*", "*", "正常"], ["江苏省", "淮河流域", "<span data-toggle='tooltip' data-placement='right' title='所在地市:宿迁市&#10;所属河流:新濉河'>大屈</span>", "10-25 08:00", "Ⅲ", "<span data-toggle='tooltip' data-placement='right' title='原始值：16.9'>16.9</span>", "<span data-toggle='tooltip' data-placement='right' title='原始值：8.36'>8.36</span>", "<span data-toggle='tooltip' data-placement='right' title='原始值：9.63'>9.63</span>", "<span data-toggle='tooltip' data-placement='right' title='原始值：754.7'>754.7</span>", "<span data-toggle='tooltip' data-placement='right' title='原始值：25.55'>25.6</span>", "<span data-toggle='tooltip' data-placement='right' title='原始值：4.44'>4.44</span>", "<span data-toggle='tooltip' data-placement='right' title='原始值：0.06'>0.060</span>", "<span data-toggle='tooltip' data-placement='right' title='原始值：0.047'>0.047</span>", "<span data-toggle='tooltip' data-placement='right' title='原始值：1.022'>1.02</span>", "*", "*", "正常"], ["浙江省", "浙闽片河流", "<span data-toggle='tooltip' data-placement='right' title='所在地市:杭州市&#10;所属河流:新安江'>街口(鸠坑口)</span>", "10-25 08:00", "", "<span data-toggle='tooltip' data-placement='right' title='原始值：21.89'>21.9</span>", "<span data-toggle='tooltip' data-placement='right' title='原始值：7.48'>7.48</span>", "<span data-toggle='tooltip' data-placement='right' title='原始值：6.01'>6.01</span>", "<span data-toggle='tooltip' data-placement='right' title='原始值：153.25'>153.2</span>", "<span data-toggle='tooltip' data-placement='right' title='原始值：21.9'>21.9</span>", "--", "--", "<span data-toggle='tooltip' data-placement='right' title='原始值：0.024'>0.024</span>", "<span data-toggle='tooltip' data-placement='right' title='原始值：1.044'>1.04</span>", "*", "*", "维护"], ["浙江省", "太湖流域", "<span data-toggle='tooltip' data-placement='right' title='所在地市:嘉兴市&#10;所属河流:斜路港河'>斜路港</span>", "10-25 08:00", "Ⅳ", "<span data-toggle='tooltip' data-placement='right' title='原始值：19.2'>19.2</span>", "<span data-toggle='tooltip' data-placement='right' title='原始值：7.34'>7.34</span>", "<span data-toggle='tooltip' data-placement='right' title='原始值：3.72'>3.72</span>", "<span data-toggle='tooltip' data-placement='right' title='原始值：530'>530.0</span>", "<span data-toggle='tooltip' data-placement='right' title='原始值：83'>83.0</span>", "<span data-toggle='tooltip' data-placement='right' title='原始值：4.99'>4.99</span>", "<span data-toggle='tooltip' data-placement='right' title='原始值：0.13301'>0.133</span>", "<span data-toggle='tooltip' data-placement='right' title='原始值：0.06317'>0.063</span>", "<span data-toggle='tooltip' data-placement='right' title='原始值：1.18257'>1.18</span>", "*", "*", "正常"], ["浙江省", "太湖流域", "<span data-toggle='tooltip' data-placement='right' title='所在地市:嘉兴市&#10;所属河流:京杭运河'>王江泾</span>", "10-25 08:00", "Ⅳ", "<span data-toggle='tooltip' data-placement='right' title='原始值：20.79'>20.8</span>", "<span data-toggle='tooltip' data-placement='right' title='原始值：6.91'>6.91</span>", "<span data-toggle='tooltip' data-placement='right' title='原始值：4.21'>4.21</span>", "<span data-toggle='tooltip' data-placement='right' title='原始值：571.91'>571.9</span>", "<span data-toggle='tooltip' data-placement='right' title='原始值：61.2'>61.2</span>", "<span data-toggle='tooltip' data-placement='right' title='原始值：4.272'>4.27</span>", "<span data-toggle='tooltip' data-placement='right' title='原始值：0.05'>0.050</span>", "<span data-toggle='tooltip' data-placement='right' title='原始值：0.067'>0.067</span>", "<span data-toggle='tooltip' data-placement='right' title='原始值：1.576'>1.58</span>", "*", "*", "正常"], ["浙江省", "太湖流域", "<span data-toggle='tooltip' data-placement='right' title='所在地市:湖州市&#10;所属河流:西苕溪'>新港口(新塘港)</span>", "10-25 08:00", "Ⅱ", "<span data-toggle='tooltip' data-placement='right' title='原始值：16.9811'>17.0</span>", "<span data-toggle='tooltip' data-placement='right' title='原始值：7.92532'>7.93</span>", "<span data-toggle='tooltip' data-placement='right' title='原始值：9.28685'>9.29</span>", "<span data-toggle='tooltip' data-placement='right' title='原始值：334.2'>334.2</span>", "<span data-toggle='tooltip' data-placement='right' title='原始值：102.366'>102.4</span>", "<span data-toggle='tooltip' data-placement='right' title='原始值：2.30824'>2.31</span>", "<span data-toggle='tooltip' data-placement='right' title='原始值：0.25818'>0.258</span>", "<span data-toggle='tooltip' data-placement='right' title='原始值：0.03479'>0.035</span>", "<span data-toggle='tooltip' data-placement='right' title='原始值：5.449'>5.45</span>", "<span data-toggle='tooltip' data-placement='right' title='原始值：0.01416'>0.014</span>", "*", "正常"], ["安徽省", "巢湖流域", "<span data-toggle='tooltip' data-placement='right' title='所在地市:合肥市&#10;所属河流:巢湖'>湖滨(老)</span>", "10-25 04:00", "Ⅳ", "<span data-toggle='tooltip' data-placement='right' title='原始值：18.29271'>18.3</span>", "<span data-toggle='tooltip' data-placement='right' title='原始值：6.63962'>6.64</span>", "<span data-toggle='tooltip' data-placement='right' title='原始值：7.56023'>7.56</span>", "<span data-toggle='tooltip' data-placement='right' title='原始值：297.9879'>298.0</span>", "<span data-toggle='tooltip' data-placement='right' title='原始值：85.35268'>85.4</span>", "<span data-toggle='tooltip' data-placement='right' title='原始值：4.42'>4.42</span>", "<span data-toggle='tooltip' data-placement='right' title='原始值：0.14'>0.140</span>", "<span data-toggle='tooltip' data-placement='right' title='原始值：0.073'>0.073</span>", "<span data-toggle='tooltip' data-placement='right' title='原始值：0.867'>0.87</span>", "<span data-toggle='tooltip' data-placement='right' title='原始值：0.02715'>0.027</span>", "*", "正常"], ["安徽省", "巢湖流域", "<span data-toggle='tooltip' data-placement='right' title='所在地市:芜湖市&#10;所属河流:巢湖'>裕溪口(老)</span>", "10-25 08:00", "Ⅳ", "<span data-toggle='tooltip' data-placement='right' title='原始值：19.59141'>19.6</span>", "<span data-toggle='tooltip' data-placement='right' title='原始值：7.64839'>7.65</span>", "<span data-toggle='tooltip' data-placement='right' title='原始值：6.63425'>6.63</span>", "<span data-toggle='tooltip' data-placement='right' title='原始值：281.6161'>281.6</span>", "<span data-toggle='tooltip' data-placement='right' title='原始值：72.94612'>72.9</span>", "<span data-toggle='tooltip' data-placement='right' title='原始值：3.85'>3.85</span>", "<span data-toggle='tooltip' data-placement='right' title='原始值：0.12'>0.120</span>", "<span data-toggle='tooltip' data-placement='right' title='原始值：0.089'>0.089</span>", "<span data-toggle='tooltip' data-placement='right' title='原始值：2.317'>2.32</span>", "*", "*", "正常"], ["安徽省", "淮河流域", "<span data-toggle='tooltip' data-placement='right' title='所在地市:蚌埠市&#10;所属河流:淮河'>蚌埠闸上(蚌埠闸)</span>", "10-25 08:00", "Ⅲ", "<span data-toggle='tooltip' data-placement='right' title='原始值：20.93'>20.9</span>", "<span data-toggle='tooltip' data-placement='right' title='原始值：7.56'>7.56</span>", "<span data-toggle='tooltip' data-placement='right' title='原始值：8.81'>8.81</span>", "<span data-toggle='tooltip' data-placement='right' title='原始值：422.7'>422.7</span>", "<span data-toggle='tooltip' data-placement='right' title='原始值：70.46'>70.5</span>", "<span data-toggle='tooltip' data-placement='right' title='原始值：3.715'>3.72</span>", "<span data-toggle='tooltip' data-placement='right' title='原始值：0.023'>0.023</span>", "<span data-toggle='tooltip' data-placement='right' title='原始值：0.142'>0.142</span>", "<span data-toggle='tooltip' data-placement='right' title='原始值：1.495'>1.50</span>", "*", "*", "正常"], ["安徽省", "淮河流域", "<span data-toggle='tooltip' data-placement='right' title='所在地市:淮南市&#10;所属河流:淮河'>石头埠(老)</span>", "10-25 08:00", "Ⅳ", "<span data-toggle='tooltip' data-placement='right' title='原始值：18.71465'>18.7</span>", "<span data-toggle='tooltip' data-placement='right' title='原始值：7.31515'>7.32</span>", "<span data-toggle='tooltip' data-placement='right' title='原始值：4.52757'>4.53</span>", "<span data-toggle='tooltip' data-placement='right' title='原始值：249.6105'>249.6</span>", "<span data-toggle='tooltip' data-placement='right' title='原始值：71.216'>71.2</span>", "<span data-toggle='tooltip' data-placement='right' title='原始值：3.79'>3.79</span>", "<span data-toggle='tooltip' data-placement='right' title='原始值：0.12'>0.120</span>", "*", "*", "*", "*", "正常"], ["安徽省", "淮河流域", "<span data-toggle='tooltip' data-placement='right' title='所在地市:淮北市&#10;所属河流:沱河'>小王桥</span>", "10-25 08:00", "Ⅳ", "<span data-toggle='tooltip' data-placement='right' title='原始值：17.61'>17.6</span>", "<span data-toggle='tooltip' data-placement='right' title='原始值：8.25'>8.25</span>", "<span data-toggle='tooltip' data-placement='right' title='原始值：8.02'>8.02</span>", "<span data-toggle='tooltip' data-placement='right' title='原始值：1484.18'>1484.2</span>", "<span data-toggle='tooltip' data-placement='right' title='原始值：19.25'>19.2</span>", "<span data-toggle='tooltip' data-placement='right' title='原始值：7.344'>7.34</span>", "<span data-toggle='tooltip' data-placement='right' title='原始值：0.007'>0.007</span>", "<span data-toggle='tooltip' data-placement='right' title='原始值：0.261'>0.261</span>", "<span data-toggle='tooltip' data-placement='right' title='原始值：0.667'>0.67</span>", "*", "*", "正常"], ["安徽省", "长江流域", "<span data-toggle='tooltip' data-placement='right' title='所在地市:安庆市&#10;所属河流:长江'>皖河口</span>", "10-25 08:00", "Ⅱ", "<span data-toggle='tooltip' data-placement='right' title='原始值：19.46'>19.5</span>", "<span data-toggle='tooltip' data-placement='right' title='原始值：7.501'>7.50</span>", "<span data-toggle='tooltip' data-placement='right' title='原始值：7.52'>7.52</span>", "<span data-toggle='tooltip' data-placement='right' title='原始值：277.29'>277.3</span>", "<span data-toggle='tooltip' data-placement='right' title='原始值：28.87'>28.9</span>", "<span data-toggle='tooltip' data-placement='right' title='原始值：1.74'>1.74</span>", "<span data-toggle='tooltip' data-placement='right' title='原始值：0.033'>0.033</span>", "<span data-toggle='tooltip' data-placement='right' title='原始值：0.0541'>0.054</span>", "<span data-toggle='tooltip' data-placement='right' title='原始值：2.139'>2.14</span>", "*", "*", "正常"], ["安徽省", "淮河流域", "<span data-toggle='tooltip' data-placement='right' title='所在地市:滁州市&#10;所属河流:淮河'>小柳巷</span>", null, "", "--", "--", "--", "--", "--", "--", "--", "--", "--", "*", "*", "停站"], ["安徽省", "淮河流域", "<span data-toggle='tooltip' data-placement='right' title='所在地市:阜阳市&#10;所属河流:黑茨河'>张大桥</span>", null, "", "--", "--", "--", "--", "--", "--", "--", "--", "--", "*", "*", "停站"], ["安徽省", "淮河流域", "<span data-toggle='tooltip' data-placement='right' title='所在地市:阜阳市&#10;所属河流:淮河'>王家坝</span>", "10-25 08:00", "Ⅲ", "<span data-toggle='tooltip' data-placement='right' title='原始值：16.87'>16.9</span>", "<span data-toggle='tooltip' data-placement='right' title='原始值：7.09762'>7.10</span>", "<span data-toggle='tooltip' data-placement='right' title='原始值：6.74379'>6.74</span>", "<span data-toggle='tooltip' data-placement='right' title='原始值：352.2023'>352.2</span>", "<span data-toggle='tooltip' data-placement='right' title='原始值：51.46721'>51.5</span>", "<span data-toggle='tooltip' data-placement='right' title='原始值：3.09'>3.09</span>", "<span data-toggle='tooltip' data-placement='right' title='原始值：0.228'>0.228</span>", "<span data-toggle='tooltip' data-placement='right' title='原始值：0.19414'>0.194</span>", "<span data-toggle='tooltip' data-placement='right' title='原始值：2.01588'>2.02</span>", "*", "*", "正常"], ["安徽省", "淮河流域", "<span data-toggle='tooltip' data-placement='right' title='所在地市:阜阳市&#10;所属河流:颍河'>界首七渡口(七渡口)</span>", "10-25 08:00", "Ⅳ", "<span data-toggle='tooltip' data-placement='right' title='原始值：18.54247'>18.5</span>", "<span data-toggle='tooltip' data-placement='right' title='原始值：7.52163'>7.52</span>", "<span data-toggle='tooltip' data-placement='right' title='原始值：3.43798'>3.44</span>", "<span data-toggle='tooltip' data-placement='right' title='原始值：778.5681'>778.6</span>", "<span data-toggle='tooltip' data-placement='right' title='原始值：20.79506'>20.8</span>", "<span data-toggle='tooltip' data-placement='right' title='原始值：3.71'>3.71</span>", "<span data-toggle='tooltip' data-placement='right' title='原始值：0.1'>0.100</span>", "<span data-toggle='tooltip' data-placement='right' title='原始值：0.10214'>0.102</span>", "<span data-toggle='tooltip' data-placement='right' title='原始值：3.40594'>3.41</span>", "*", "*", "正常"], ["安徽省", "淮河流域", "<span data-toggle='tooltip' data-placement='right' title='所在地市:阜阳市&#10;所属河流:泉河'>许庄(徐庄)</span>", "10-25 08:00", "", "<span data-toggle='tooltip' data-placement='right' title='原始值：15.9'>15.9</span>", "<span data-toggle='tooltip' data-placement='right' title='原始值：7.8'>7.80</span>", "<span data-toggle='tooltip' data-placement='right' title='原始值：7.9'>7.90</span>", "<span data-toggle='tooltip' data-placement='right' title='原始值：964.5'>964.5</span>", "<span data-toggle='tooltip' data-placement='right' title='原始值：284.32'>284.3</span>", "<span data-toggle='tooltip' data-placement='right' title='原始值：3.26'>3.26</span>", "<span data-toggle='tooltip' data-placement='right' title='极值过滤'>--</span>", "<span data-toggle='tooltip' data-placement='right' title='原始值：0.11'>0.110</span>", "<span data-toggle='tooltip' data-placement='right' title='原始值：1.66'>1.66</span>", "*", "*", "维护"], ["安徽省", "淮河流域", "<span data-toggle='tooltip' data-placement='right' title='所在地市:宿州市&#10;所属河流:奎河'>杨庄</span>", "10-25 08:00", "Ⅲ", "<span data-toggle='tooltip' data-placement='right' title='原始值：17.35'>17.4</span>", "<span data-toggle='tooltip' data-placement='right' title='原始值：7.95'>7.95</span>", "<span data-toggle='tooltip' data-placement='right' title='原始值：9.12'>9.12</span>", "<span data-toggle='tooltip' data-placement='right' title='原始值：911'>911.0</span>", "<span data-toggle='tooltip' data-placement='right' title='原始值：53.92'>53.9</span>", "<span data-toggle='tooltip' data-placement='right' title='原始值：4.11'>4.11</span>", "<span data-toggle='tooltip' data-placement='right' title='原始值：0.236'>0.236</span>", "*", "*", "*", "*", "正常"], ["安徽省", "淮河流域", "<span data-toggle='tooltip' data-placement='right' title='所在地市:宿州市&#10;所属河流:新汴河'>泗县公路桥</span>", "10-25 08:00", "Ⅲ", "<span data-toggle='tooltip' data-placement='right' title='原始值：17.73'>17.7</span>", "<span data-toggle='tooltip' data-placement='right' title='原始值：8.38'>8.38</span>", "<span data-toggle='tooltip' data-placement='right' title='原始值：9.53'>9.53</span>", "<span data-toggle='tooltip' data-placement='right' title='原始值：976.3'>976.3</span>", "<span data-toggle='tooltip' data-placement='right' title='原始值：28.52'>28.5</span>", "<span data-toggle='tooltip' data-placement='right' title='原始值：5.66'>5.66</span>", "<span data-toggle='tooltip' data-placement='right' title='原始值：0.07'>0.070</span>", "*", "*", "*", "*", "正常"], ["安徽省", "淮河流域", "<span data-toggle='tooltip' data-placement='right' title='所在地市:亳州市&#10;所属河流:包河'>颜集</span>", "10-25 08:00", "Ⅳ", "<span data-toggle='tooltip' data-placement='right' title='原始值：14.6'>14.6</span>", "<span data-toggle='tooltip' data-placement='right' title='原始值：8.09'>8.09</span>", "<span data-toggle='tooltip' data-placement='right' title='原始值：7.24'>7.24</span>", "<span data-toggle='tooltip' data-placement='right' title='原始值：1720.2'>1720.2</span>", "<span data-toggle='tooltip' data-placement='right' title='原始值：120.86'>120.9</span>", "<span data-toggle='tooltip' data-placement='right' title='原始值：4.39'>4.39</span>", "<span data-toggle='tooltip' data-placement='right' title='原始值：0.02'>0.020</span>", "<span data-toggle='tooltip' data-placement='right' title='原始值：0.225'>0.225</span>", "<span data-toggle='tooltip' data-placement='right' title='原始值：5.122'>5.12</span>", "*", "*", "正常"], ["福建省", "浙闽片河流", "<span data-toggle='tooltip' data-placement='right' title='所在地市:福州市&#10;所属河流:闽江'>白岩潭</span>", "10-25 08:00", "Ⅲ", "<span data-toggle='tooltip' data-placement='right' title='原始值：22.88'>22.9</span>", "<span data-toggle='tooltip' data-placement='right' title='原始值：6.98'>6.98</span>", "<span data-toggle='tooltip' data-placement='right' title='原始值：6.55'>6.55</span>", "<span data-toggle='tooltip' data-placement='right' title='原始值：2435.1'>2435.1</span>", "<span data-toggle='tooltip' data-placement='right' title='原始值：447.7'>447.7</span>", "<span data-toggle='tooltip' data-placement='right' title='原始值：5.25'>5.25</span>", "<span data-toggle='tooltip' data-placement='right' title='原始值：0.14'>0.140</span>", "*", "*", "*", "*", "正常"], ["江西省", "长江流域", "<span data-toggle='tooltip' data-placement='right' title='所在地市:南昌市&#10;所属河流:赣江南支'>滁槎</span>", "10-25 08:00", "Ⅲ", "<span data-toggle='tooltip' data-placement='right' title='原始值：20.42479'>20.4</span>", "<span data-toggle='tooltip' data-placement='right' title='原始值：7.038'>7.04</span>", "<span data-toggle='tooltip' data-placement='right' title='原始值：8.42062'>8.42</span>", "<span data-toggle='tooltip' data-placement='right' title='原始值：113.9187'>113.9</span>", "<span data-toggle='tooltip' data-placement='right' title='原始值：44.66505'>44.7</span>", "<span data-toggle='tooltip' data-placement='right' title='原始值：4.63'>4.63</span>", "<span data-toggle='tooltip' data-placement='right' title='原始值：0.46'>0.460</span>", "<span data-toggle='tooltip' data-placement='right' title='原始值：0.053'>0.053</span>", "<span data-toggle='tooltip' data-placement='right' title='原始值：0.5375'>0.54</span>", "*", "*", "正常"], ["江西省", "长江流域", "<span data-toggle='tooltip' data-placement='right' title='所在地市:九江市&#10;所属河流:长江'>姚港(河西水厂)</span>", "10-25 08:00", "Ⅱ", "<span data-toggle='tooltip' data-placement='right' title='原始值：19.44'>19.4</span>", "<span data-toggle='tooltip' data-placement='right' title='原始值：7.41'>7.41</span>", "<span data-toggle='tooltip' data-placement='right' title='原始值：8.13'>8.13</span>", "<span data-toggle='tooltip' data-placement='right' title='原始值：318.88'>318.9</span>", "<span data-toggle='tooltip' data-placement='right' title='原始值：41.29'>41.3</span>", "<span data-toggle='tooltip' data-placement='right' title='原始值：1.609'>1.61</span>", "<span data-toggle='tooltip' data-placement='right' title='原始值：0.193'>0.193</span>", "<span data-toggle='tooltip' data-placement='right' title='原始值：0.091'>0.091</span>", "<span data-toggle='tooltip' data-placement='right' title='原始值：1.56'>1.56</span>", "*", "*", "正常"], ["江西省", "长江流域", "<span data-toggle='tooltip' data-placement='right' title='所在地市:九江市&#10;所属河流:鄱阳湖'>蛤蟆石</span>", "10-25 08:00", "Ⅳ", "<span data-toggle='tooltip' data-placement='right' title='原始值：19.05'>19.0</span>", "<span data-toggle='tooltip' data-placement='right' title='原始值：7.17'>7.17</span>", "<span data-toggle='tooltip' data-placement='right' title='原始值：8.52'>8.52</span>", "<span data-toggle='tooltip' data-placement='right' title='原始值：135.42'>135.4</span>", "<span data-toggle='tooltip' data-placement='right' title='原始值：215.9'>215.9</span>", "<span data-toggle='tooltip' data-placement='right' title='原始值：2.686'>2.69</span>", "<span data-toggle='tooltip' data-placement='right' title='原始值：0.016'>0.016</span>", "<span data-toggle='tooltip' data-placement='right' title='原始值：0.0942'>0.094</span>", "<span data-toggle='tooltip' data-placement='right' title='原始值：1.768'>1.77</span>", "<span data-toggle='tooltip' data-placement='right' title='原始值：0.00157'>0.002</span>", "<span data-toggle='tooltip' data-placement='right' title='原始值：1669749'>1669749</span>", "正常"], ["山东省", "黄河流域", "<span data-toggle='tooltip' data-placement='right' title='所在地市:济南市&#10;所属河流:黄河'>泺口</span>", "10-25 08:00", "Ⅱ", "<span data-toggle='tooltip' data-placement='right' title='原始值：15.0887'>15.1</span>", "<span data-toggle='tooltip' data-placement='right' title='原始值：8.32042'>8.32</span>", "<span data-toggle='tooltip' data-placement='right' title='原始值：9.74499'>9.74</span>", "<span data-toggle='tooltip' data-placement='right' title='原始值：785.667'>785.7</span>", "<span data-toggle='tooltip' data-placement='right' title='原始值：841.416'>841.4</span>", "<span data-toggle='tooltip' data-placement='right' title='原始值：2.36'>2.36</span>", "<span data-toggle='tooltip' data-placement='right' title='原始值：0.10483'>0.105</span>", "<span data-toggle='tooltip' data-placement='right' title='原始值：0.02067'>0.021</span>", "<span data-toggle='tooltip' data-placement='right' title='原始值：3.497'>3.50</span>", "*", "*", "正常"], ["山东省", "淮河流域", "<span data-toggle='tooltip' data-placement='right' title='所在地市:枣庄市&#10;所属河流:京杭大运河（韩庄运河）'>台儿庄大桥</span>", "10-25 08:00", "Ⅱ", "<span data-toggle='tooltip' data-placement='right' title='原始值：14.85'>14.8</span>", "<span data-toggle='tooltip' data-placement='right' title='原始值：7.79008'>7.79</span>", "<span data-toggle='tooltip' data-placement='right' title='原始值：6.77366'>6.77</span>", "<span data-toggle='tooltip' data-placement='right' title='原始值：849.1409'>849.1</span>", "<span data-toggle='tooltip' data-placement='right' title='原始值：20.58036'>20.6</span>", "<span data-toggle='tooltip' data-placement='right' title='原始值：3.08224'>3.08</span>", "<span data-toggle='tooltip' data-placement='right' title='原始值：0.06423'>0.064</span>", "<span data-toggle='tooltip' data-placement='right' title='原始值：0.05218'>0.052</span>", "<span data-toggle='tooltip' data-placement='right' title='原始值：2.38816'>2.39</span>", "*", "*", "正常"], ["山东省", "淮河流域", "<span data-toggle='tooltip' data-placement='right' title='所在地市:临沂市&#10;所属河流:沭河'>清泉寺</span>", null, "", "--", "--", "--", "--", "--", "--", "--", "--", "--", "*", "*", "停站"], ["山东省", "淮河流域", "<span data-toggle='tooltip' data-placement='right' title='所在地市:临沂市&#10;所属河流:沂河'>重坊桥</span>", "10-25 08:00", "Ⅱ", "<span data-toggle='tooltip' data-placement='right' title='原始值：15.42224'>15.4</span>", "<span data-toggle='tooltip' data-placement='right' title='原始值：7.50102'>7.50</span>", "<span data-toggle='tooltip' data-placement='right' title='原始值：9.85962'>9.86</span>", "<span data-toggle='tooltip' data-placement='right' title='原始值：687.6111'>687.6</span>", "<span data-toggle='tooltip' data-placement='right' title='原始值：5.78426'>5.8</span>", "<span data-toggle='tooltip' data-placement='right' title='原始值：2.76'>2.76</span>", "<span data-toggle='tooltip' data-placement='right' title='原始值：0.08374'>0.084</span>", "*", "*", "*", "*", "正常"], ["山东省", "淮河流域", "<span data-toggle='tooltip' data-placement='right' title='所在地市:临沂市&#10;所属河流:白马河'>捷庄(涝沟桥)</span>", "10-25 08:00", "Ⅲ", "<span data-toggle='tooltip' data-placement='right' title='原始值：16.4'>16.4</span>", "<span data-toggle='tooltip' data-placement='right' title='原始值：7.8'>7.80</span>", "<span data-toggle='tooltip' data-placement='right' title='原始值：11.05968'>11.06</span>", "<span data-toggle='tooltip' data-placement='right' title='原始值：835'>835.0</span>", "<span data-toggle='tooltip' data-placement='right' title='原始值：29.44876'>29.4</span>", "<span data-toggle='tooltip' data-placement='right' title='原始值：4.92'>4.92</span>", "<span data-toggle='tooltip' data-placement='right' title='原始值：0.05033'>0.050</span>", "<span data-toggle='tooltip' data-placement='right' title='原始值：0.13049'>0.130</span>", "<span data-toggle='tooltip' data-placement='right' title='原始值：6.87267'>6.87</span>", "*", "*", "正常"], ["山东省", "海河流域", "<span data-toggle='tooltip' data-placement='right' title='所在地市:聊城市&#10;所属河流:卫运河'>秤勾湾(秤钩湾)</span>", null, "", "--", "--", "--", "--", "--", "--", "--", "--", "--", "*", "*", "停站"], ["河南省", "长江流域", "<span data-toggle='tooltip' data-placement='right' title='所在地市:南阳市&#10;所属河流:丹江口水库'>陶岔</span>", "10-25 08:00", "Ⅰ", "<span data-toggle='tooltip' data-placement='right' title='原始值：21.16'>21.2</span>", "<span data-toggle='tooltip' data-placement='right' title='原始值：7.85458'>7.85</span>", "<span data-toggle='tooltip' data-placement='right' title='原始值：8.18382'>8.18</span>", "<span data-toggle='tooltip' data-placement='right' title='原始值：274.0262'>274.0</span>", "<span data-toggle='tooltip' data-placement='right' title='原始值：2.4226'>2.4</span>", "<span data-toggle='tooltip' data-placement='right' title='原始值：1.86'>1.86</span>", "<span data-toggle='tooltip' data-placement='right' title='原始值：0.02446'>0.024</span>", "<span data-toggle='tooltip' data-placement='right' title='原始值：0.0084'>0.008</span>", "<span data-toggle='tooltip' data-placement='right' title='原始值：0.9551'>0.96</span>", "<span data-toggle='tooltip' data-placement='right' title='原始值：0.00532'>0.005</span>", "<span data-toggle='tooltip' data-placement='right' title='原始值：1876837'>1876837</span>", "正常"], ["河南省", "淮河流域", "<span data-toggle='tooltip' data-placement='right' title='所在地市:商丘市&#10;所属河流:浍河'>黄口</span>", "10-25 08:00", "Ⅱ", "<span data-toggle='tooltip' data-placement='right' title='原始值：14.8'>14.8</span>", "<span data-toggle='tooltip' data-placement='right' title='原始值：7.65008'>7.65</span>", "<span data-toggle='tooltip' data-placement='right' title='原始值：8.74008'>8.74</span>", "<span data-toggle='tooltip' data-placement='right' title='原始值：2419.992'>2420.0</span>", "<span data-toggle='tooltip' data-placement='right' title='原始值：30.45837'>30.5</span>", "<span data-toggle='tooltip' data-placement='right' title='原始值：3.64'>3.64</span>", "<span data-toggle='tooltip' data-placement='right' title='原始值：0.0203'>0.020</span>", "<span data-toggle='tooltip' data-placement='right' title='原始值：0.0727'>0.073</span>", "<span data-toggle='tooltip' data-placement='right' title='原始值：7.50973'>7.51</span>", "*", "*", "正常"], ["河南省", "淮河流域", "<span data-toggle='tooltip' data-placement='right' title='所在地市:信阳市&#10;所属河流:史灌河'>蒋集</span>", "10-25 08:00", "", "<span data-toggle='tooltip' data-placement='right' title='原始值：18.7746'>18.8</span>", "<span data-toggle='tooltip' data-placement='right' title='原始值：6.86'>6.86</span>", "<span data-toggle='tooltip' data-placement='right' title='原始值：6.915'>6.92</span>", "<span data-toggle='tooltip' data-placement='right' title='原始值：196.5118'>196.5</span>", "<span data-toggle='tooltip' data-placement='right' title='原始值：193.9237'>193.9</span>", "<span data-toggle='tooltip' data-placement='right' title='原始值：2.67'>2.67</span>", "<span data-toggle='tooltip' data-placement='right' title='极值过滤'>--</span>", "*", "*", "*", "*", "维护"], ["河南省", "淮河流域", "<span data-toggle='tooltip' data-placement='right' title='所在地市:信阳市&#10;所属河流:淮河'>淮滨水文站(淮滨)</span>", "10-25 08:00", "Ⅲ", "<span data-toggle='tooltip' data-placement='right' title='原始值：16.1'>16.1</span>", "<span data-toggle='tooltip' data-placement='right' title='原始值：7.04'>7.04</span>", "<span data-toggle='tooltip' data-placement='right' title='原始值：8.08'>8.08</span>", "<span data-toggle='tooltip' data-placement='right' title='原始值：249'>249.0</span>", "<span data-toggle='tooltip' data-placement='right' title='原始值：150.0393'>150.0</span>", "<span data-toggle='tooltip' data-placement='right' title='原始值：3.28065'>3.28</span>", "<span data-toggle='tooltip' data-placement='right' title='原始值：0.18811'>0.188</span>", "<span data-toggle='tooltip' data-placement='right' title='原始值：0.18307'>0.183</span>", "<span data-toggle='tooltip' data-placement='right' title='原始值：1.36611'>1.37</span>", "*", "*", "正常"], ["河南省", "淮河流域", "<span data-toggle='tooltip' data-placement='right' title='所在地市:周口市&#10;所属河流:沙河'>沈丘闸</span>", "10-25 08:00", "Ⅳ", "<span data-toggle='tooltip' data-placement='right' title='原始值：17.08572'>17.1</span>", "<span data-toggle='tooltip' data-placement='right' title='原始值：7.38215'>7.38</span>", "<span data-toggle='tooltip' data-placement='right' title='原始值：4.67727'>4.68</span>", "<span data-toggle='tooltip' data-placement='right' title='原始值：964.8727'>964.9</span>", "<span data-toggle='tooltip' data-placement='right' title='原始值：24.0443'>24.0</span>", "<span data-toggle='tooltip' data-placement='right' title='原始值：3.865'>3.86</span>", "<span data-toggle='tooltip' data-placement='right' title='原始值：0.12'>0.120</span>", "*", "*", "*", "*", "正常"], ["河南省", "淮河流域", "<span data-toggle='tooltip' data-placement='right' title='所在地市:周口市&#10;所属河流:涡河'>鹿邑付桥(鹿邑付桥闸)</span>", "10-25 08:00", "Ⅳ", "<span data-toggle='tooltip' data-placement='right' title='原始值：17.53313'>17.5</span>", "<span data-toggle='tooltip' data-placement='right' title='原始值：8.48285'>8.48</span>", "<span data-toggle='tooltip' data-placement='right' title='原始值：8.90098'>8.90</span>", "<span data-toggle='tooltip' data-placement='right' title='原始值：1443.674'>1443.7</span>", "<span data-toggle='tooltip' data-placement='right' title='原始值：11.94157'>11.9</span>", "<span data-toggle='tooltip' data-placement='right' title='原始值：6.64'>6.64</span>", "<span data-toggle='tooltip' data-placement='right' title='原始值：0.13'>0.130</span>", "<span data-toggle='tooltip' data-placement='right' title='原始值：0.1375'>0.138</span>", "<span data-toggle='tooltip' data-placement='right' title='原始值：1.42483'>1.42</span>", "*", "*", "正常"], ["河南省", "淮河流域", "<span data-toggle='tooltip' data-placement='right' title='所在地市:驻马店市&#10;所属河流:洪河'>新蔡班台(班台)</span>", null, "", "--", "--", "--", "--", "--", "--", "--", "--", "--", "*", "*", "维护"], ["河南省", "黄河流域", "<span data-toggle='tooltip' data-placement='right' title='所在地市:济源市&#10;所属河流:黄河'>小浪底水库(小浪底)</span>", "10-25 08:00", "Ⅱ", "<span data-toggle='tooltip' data-placement='right' title='原始值：15.98975'>16.0</span>", "<span data-toggle='tooltip' data-placement='right' title='原始值：8.19511'>8.20</span>", "<span data-toggle='tooltip' data-placement='right' title='原始值：8.33402'>8.33</span>", "<span data-toggle='tooltip' data-placement='right' title='原始值：731.2117'>731.2</span>", "<span data-toggle='tooltip' data-placement='right' title='原始值：13.13652'>13.1</span>", "<span data-toggle='tooltip' data-placement='right' title='原始值：1.045'>1.04</span>", "<span data-toggle='tooltip' data-placement='right' title='原始值：0.21'>0.210</span>", "<span data-toggle='tooltip' data-placement='right' title='原始值：0.05'>0.050</span>", "<span data-toggle='tooltip' data-placement='right' title='原始值：3.4875'>3.49</span>", "*", "*", "正常"], ["湖北省", "长江流域", "<span data-toggle='tooltip' data-placement='right' title='所在地市:武汉市&#10;所属河流:汉江'>宗关</span>", "10-25 08:00", "Ⅲ", "<span data-toggle='tooltip' data-placement='right' title='原始值：19.35'>19.4</span>", "<span data-toggle='tooltip' data-placement='right' title='原始值：7.723457'>7.72</span>", "<span data-toggle='tooltip' data-placement='right' title='原始值：7.661774'>7.66</span>", "<span data-toggle='tooltip' data-placement='right' title='原始值：442.78'>442.8</span>", "<span data-toggle='tooltip' data-placement='right' title='原始值：17.96646'>18.0</span>", "<span data-toggle='tooltip' data-placement='right' title='原始值：4.75'>4.75</span>", "<span data-toggle='tooltip' data-placement='right' title='原始值：0.102'>0.102</span>", "<span data-toggle='tooltip' data-placement='right' title='原始值：0.193'>0.193</span>", "<span data-toggle='tooltip' data-placement='right' title='原始值：3.255131'>3.26</span>", "<span data-toggle='tooltip' data-placement='right' title='原始值：0.0017656'>0.002</span>", "*", "正常"], ["湖北省", "长江流域", "<span data-toggle='tooltip' data-placement='right' title='所在地市:十堰市&#10;所属河流:丹江口水库'>坝上中(胡家岭)</span>", "10-25 08:00", "Ⅱ", "<span data-toggle='tooltip' data-placement='right' title='原始值：21.53'>21.5</span>", "<span data-toggle='tooltip' data-placement='right' title='原始值：7.754834'>7.75</span>", "<span data-toggle='tooltip' data-placement='right' title='原始值：6.768633'>6.77</span>", "<span data-toggle='tooltip' data-placement='right' title='原始值：239.541'>239.5</span>", "<span data-toggle='tooltip' data-placement='right' title='原始值：2.140409'>2.1</span>", "<span data-toggle='tooltip' data-placement='right' title='原始值：1.81'>1.81</span>", "<span data-toggle='tooltip' data-placement='right' title='原始值：0.105'>0.105</span>", "<span data-toggle='tooltip' data-placement='right' title='原始值：0.017'>0.017</span>", "<span data-toggle='tooltip' data-placement='right' title='原始值：1.339'>1.34</span>", "<span data-toggle='tooltip' data-placement='right' title='原始值：0.0245607'>0.025</span>", "<span data-toggle='tooltip' data-placement='right' title='原始值：9425000'>9425000</span>", "正常"], ["湖北省", "长江流域", "<span data-toggle='tooltip' data-placement='right' title='所在地市:宜昌市&#10;所属河流:长江'>南津关</span>", "10-25 08:00", "Ⅱ", "<span data-toggle='tooltip' data-placement='right' title='原始值：20.45'>20.4</span>", "<span data-toggle='tooltip' data-placement='right' title='原始值：7.920845'>7.92</span>", "<span data-toggle='tooltip' data-placement='right' title='原始值：8.220821'>8.22</span>", "<span data-toggle='tooltip' data-placement='right' title='原始值：367.878'>367.9</span>", "<span data-toggle='tooltip' data-placement='right' title='原始值：7.535518'>7.5</span>", "<span data-toggle='tooltip' data-placement='right' title='原始值：1.47'>1.47</span>", "<span data-toggle='tooltip' data-placement='right' title='原始值：0.007'>0.007</span>", "<span data-toggle='tooltip' data-placement='right' title='原始值：0.04'>0.040</span>", "<span data-toggle='tooltip' data-placement='right' title='原始值：1.568'>1.57</span>", "<span data-toggle='tooltip' data-placement='right' title='原始值：0.0008629'>0.001</span>", "*", "正常"], ["湖南省", "长江流域", "<span data-toggle='tooltip' data-placement='right' title='所在地市:长沙市&#10;所属河流:湘江'>新港</span>", "10-25 08:00", "Ⅱ", "<span data-toggle='tooltip' data-placement='right' title='原始值：20.08'>20.1</span>", "<span data-toggle='tooltip' data-placement='right' title='原始值：7.09'>7.09</span>", "<span data-toggle='tooltip' data-placement='right' title='原始值：10.5'>10.50</span>", "<span data-toggle='tooltip' data-placement='right' title='原始值：266.06'>266.1</span>", "<span data-toggle='tooltip' data-placement='right' title='原始值：39.51'>39.5</span>", "<span data-toggle='tooltip' data-placement='right' title='原始值：1.47'>1.47</span>", "<span data-toggle='tooltip' data-placement='right' title='原始值：0.085'>0.085</span>", "<span data-toggle='tooltip' data-placement='right' title='原始值：0.062'>0.062</span>", "<span data-toggle='tooltip' data-placement='right' title='原始值：1.65'>1.65</span>", "*", "*", "正常"], ["湖南省", "长江流域", "<span data-toggle='tooltip' data-placement='right' title='所在地市:岳阳市&#10;所属河流:洞庭湖'>岳阳楼</span>", "10-25 08:00", "Ⅳ", "<span data-toggle='tooltip' data-placement='right' title='原始值：18.53'>18.5</span>", "<span data-toggle='tooltip' data-placement='right' title='原始值：7.997761'>8.00</span>", "<span data-toggle='tooltip' data-placement='right' title='原始值：7.796945'>7.80</span>", "<span data-toggle='tooltip' data-placement='right' title='原始值：247.41'>247.4</span>", "<span data-toggle='tooltip' data-placement='right' title='原始值：37.52801'>37.5</span>", "<span data-toggle='tooltip' data-placement='right' title='原始值：1.72'>1.72</span>", "<span data-toggle='tooltip' data-placement='right' title='原始值：0.008'>0.008</span>", "<span data-toggle='tooltip' data-placement='right' title='原始值：0.088'>0.088</span>", "<span data-toggle='tooltip' data-placement='right' title='原始值：2.138'>2.14</span>", "<span data-toggle='tooltip' data-placement='right' title='原始值：0.0030781'>0.003</span>", "<span data-toggle='tooltip' data-placement='right' title='原始值：287.775'>288</span>", "正常"], ["湖南省", "长江流域", "<span data-toggle='tooltip' data-placement='right' title='所在地市:岳阳市&#10;所属河流:长江'>城陵矶</span>", "10-25 08:00", "Ⅱ", "<span data-toggle='tooltip' data-placement='right' title='原始值：19.61'>19.6</span>", "<span data-toggle='tooltip' data-placement='right' title='原始值：7.770608'>7.77</span>", "<span data-toggle='tooltip' data-placement='right' title='原始值：8.97963'>8.98</span>", "<span data-toggle='tooltip' data-placement='right' title='原始值：244.017'>244.0</span>", "<span data-toggle='tooltip' data-placement='right' title='原始值：40.34544'>40.3</span>", "<span data-toggle='tooltip' data-placement='right' title='原始值：2.34'>2.34</span>", "<span data-toggle='tooltip' data-placement='right' title='原始值：0.004'>0.004</span>", "<span data-toggle='tooltip' data-placement='right' title='原始值：0.086'>0.086</span>", "<span data-toggle='tooltip' data-placement='right' title='原始值：1.4581'>1.46</span>", "*", "*", "正常"], ["广东省", "珠江流域", "<span data-toggle='tooltip' data-placement='right' title='所在地市:清远市&#10;所属河流:北江'>七星岗</span>", "10-25 08:00", "劣Ⅴ", "<span data-toggle='tooltip' data-placement='right' title='原始值：24.7977'>24.8</span>", "<span data-toggle='tooltip' data-placement='right' title='原始值：7.65458'>7.65</span>", "<span data-toggle='tooltip' data-placement='right' title='原始值：7.87387'>7.87</span>", "<span data-toggle='tooltip' data-placement='right' title='原始值：244.5415'>244.5</span>", "<span data-toggle='tooltip' data-placement='right' title='原始值：10.5823'>10.6</span>", "<span data-toggle='tooltip' data-placement='right' title='原始值：20'>20.00</span>", "<span data-toggle='tooltip' data-placement='right' title='原始值：0.11238'>0.112</span>", "<span data-toggle='tooltip' data-placement='right' title='原始值：0.04864'>0.049</span>", "<span data-toggle='tooltip' data-placement='right' title='原始值：1.7049'>1.70</span>", "*", "*", "正常"], ["广东省", "珠江流域", "<span data-toggle='tooltip' data-placement='right' title='所在地市:中山市&#10;所属河流:西江'>横栏</span>", "10-25 08:00", "Ⅰ", "<span data-toggle='tooltip' data-placement='right' title='原始值：23.1'>23.1</span>", "<span data-toggle='tooltip' data-placement='right' title='原始值：7.85'>7.85</span>", "<span data-toggle='tooltip' data-placement='right' title='原始值：8.09'>8.09</span>", "<span data-toggle='tooltip' data-placement='right' title='原始值：300'>300.0</span>", "<span data-toggle='tooltip' data-placement='right' title='原始值：0.6'>0.6</span>", "<span data-toggle='tooltip' data-placement='right' title='原始值：1.8'>1.80</span>", "<span data-toggle='tooltip' data-placement='right' title='原始值：0.10042'>0.100</span>", "*", "*", "*", "*", "正常"], ["广西壮族自治区", "珠江流域", "<span data-toggle='tooltip' data-placement='right' title='所在地市:南宁市&#10;所属河流:邕江'>老口</span>", "10-25 08:00", "Ⅱ", "<span data-toggle='tooltip' data-placement='right' title='原始值：23.2286'>23.2</span>", "<span data-toggle='tooltip' data-placement='right' title='原始值：7.63441'>7.63</span>", "<span data-toggle='tooltip' data-placement='right' title='原始值：7.65899'>7.66</span>", "<span data-toggle='tooltip' data-placement='right' title='原始值：334.1552'>334.2</span>", "<span data-toggle='tooltip' data-placement='right' title='原始值：59.72063'>59.7</span>", "<span data-toggle='tooltip' data-placement='right' title='原始值：0.93114'>0.93</span>", "<span data-toggle='tooltip' data-placement='right' title='原始值：0.10231'>0.102</span>", "<span data-toggle='tooltip' data-placement='right' title='原始值：0.03568'>0.036</span>", "<span data-toggle='tooltip' data-placement='right' title='原始值：2.50359'>2.50</span>", "*", "*", "正常"], ["广西壮族自治区", "珠江流域", "<span data-toggle='tooltip' data-placement='right' title='所在地市:桂林市&#10;所属河流:漓江'>阳朔</span>", null, "", "--", "--", "--", "--", "--", "--", "--", "--", "--", "*", "*", "停站"], ["广西壮族自治区", "珠江流域", "<span data-toggle='tooltip' data-placement='right' title='所在地市:梧州市&#10;所属河流:浔江'>界首</span>", null, "", "--", "--", "--", "--", "--", "--", "--", "--", "--", "*", "*", "停站"], ["广西壮族自治区", "珠江流域", "<span data-toggle='tooltip' data-placement='right' title='所在地市:贵港市&#10;所属河流:浔江'>石嘴</span>", "10-25 08:00", "Ⅱ", "<span data-toggle='tooltip' data-placement='right' title='原始值：25.83979'>25.8</span>", "<span data-toggle='tooltip' data-placement='right' title='原始值：8.05485'>8.05</span>", "<span data-toggle='tooltip' data-placement='right' title='原始值：8.6743'>8.67</span>", "<span data-toggle='tooltip' data-placement='right' title='原始值：312.1185'>312.1</span>", "<span data-toggle='tooltip' data-placement='right' title='原始值：20.0288'>20.0</span>", "<span data-toggle='tooltip' data-placement='right' title='原始值：1.35'>1.35</span>", "<span data-toggle='tooltip' data-placement='right' title='原始值：0.25'>0.250</span>", "<span data-toggle='tooltip' data-placement='right' title='原始值：0.01837'>0.018</span>", "<span data-toggle='tooltip' data-placement='right' title='原始值：1.246'>1.25</span>", "*", "*", "正常"], ["广西壮族自治区", "珠江流域", "<span data-toggle='tooltip' data-placement='right' title='所在地市:崇左市&#10;所属河流:平而河'>平而关</span>", "10-25 08:00", "", "<span data-toggle='tooltip' data-placement='right' title='原始值：22.68741'>22.7</span>", "<span data-toggle='tooltip' data-placement='right' title='原始值：7.8646'>7.86</span>", "<span data-toggle='tooltip' data-placement='right' title='原始值：7.9171'>7.92</span>", "<span data-toggle='tooltip' data-placement='right' title='原始值：228.1917'>228.2</span>", "<span data-toggle='tooltip' data-placement='right' title='原始值：33.32467'>33.3</span>", "<span data-toggle='tooltip' data-placement='right' title='原始值：0.92'>0.92</span>", "<span data-toggle='tooltip' data-placement='right' title='极值过滤'>--</span>", "*", "*", "*", "*", "维护"], ["重庆市", "长江流域", "<span data-toggle='tooltip' data-placement='right' title='所在地市:永川区&#10;所属河流:长江'>朱沱</span>", null, "", "--", "--", "--", "--", "--", "--", "--", "--", "--", "*", "*", "停站"], ["四川省", "长江流域", "<span data-toggle='tooltip' data-placement='right' title='所在地市:攀枝花市&#10;所属河流:金沙江'>龙洞</span>", "10-25 08:00", "Ⅰ", "<span data-toggle='tooltip' data-placement='right' title='原始值：18.97'>19.0</span>", "<span data-toggle='tooltip' data-placement='right' title='原始值：8.342946'>8.34</span>", "<span data-toggle='tooltip' data-placement='right' title='原始值：8.910442'>8.91</span>", "<span data-toggle='tooltip' data-placement='right' title='原始值：848.166'>848.2</span>", "<span data-toggle='tooltip' data-placement='right' title='原始值：0.903491'>0.9</span>", "<span data-toggle='tooltip' data-placement='right' title='原始值：1.23'>1.23</span>", "<span data-toggle='tooltip' data-placement='right' title='原始值：0.006'>0.006</span>", "<span data-toggle='tooltip' data-placement='right' title='原始值：0.0093979'>0.009</span>", "<span data-toggle='tooltip' data-placement='right' title='原始值：0.581184'>0.58</span>", "*", "*", "正常"], ["四川省", "长江流域", "<span data-toggle='tooltip' data-placement='right' title='所在地市:泸州市&#10;所属河流:沱江'>沱江大桥(沱江二桥)</span>", "10-25 08:00", "Ⅱ", "<span data-toggle='tooltip' data-placement='right' title='原始值：19.23'>19.2</span>", "<span data-toggle='tooltip' data-placement='right' title='原始值：8.25646'>8.26</span>", "<span data-toggle='tooltip' data-placement='right' title='原始值：9.16289'>9.16</span>", "<span data-toggle='tooltip' data-placement='right' title='原始值：486.2364'>486.2</span>", "<span data-toggle='tooltip' data-placement='right' title='原始值：60.91347'>60.9</span>", "<span data-toggle='tooltip' data-placement='right' title='原始值：2.73'>2.73</span>", "<span data-toggle='tooltip' data-placement='right' title='原始值：0.011'>0.011</span>", "<span data-toggle='tooltip' data-placement='right' title='原始值：0.0993135'>0.099</span>", "<span data-toggle='tooltip' data-placement='right' title='原始值：3.154849'>3.15</span>", "*", "*", "正常"], ["四川省", "长江流域", "<span data-toggle='tooltip' data-placement='right' title='所在地市:广元市&#10;所属河流:嘉陵江'>清风峡</span>", "10-25 04:00", "Ⅱ", "<span data-toggle='tooltip' data-placement='right' title='原始值：15.09998'>15.1</span>", "<span data-toggle='tooltip' data-placement='right' title='原始值：8.31'>8.31</span>", "<span data-toggle='tooltip' data-placement='right' title='原始值：10.19685'>10.20</span>", "<span data-toggle='tooltip' data-placement='right' title='原始值：379'>379.0</span>", "<span data-toggle='tooltip' data-placement='right' title='原始值：172.8658'>172.9</span>", "<span data-toggle='tooltip' data-placement='right' title='原始值：0.51'>0.51</span>", "<span data-toggle='tooltip' data-placement='right' title='原始值：0.1654'>0.165</span>", "*", "*", "*", "*", "正常"], ["四川省", "长江流域", "<span data-toggle='tooltip' data-placement='right' title='所在地市:乐山市&#10;所属河流:岷江'>岷江大桥</span>", null, "", "--", "--", "--", "--", "--", "--", "--", "--", "--", "*", "*", "停站"], ["四川省", "长江流域", "<span data-toggle='tooltip' data-placement='right' title='所在地市:宜宾市&#10;所属河流:岷江'>凉姜沟</span>", "10-25 08:00", "Ⅱ", "<span data-toggle='tooltip' data-placement='right' title='原始值：17.48'>17.5</span>", "<span data-toggle='tooltip' data-placement='right' title='原始值：7.97995'>7.98</span>", "<span data-toggle='tooltip' data-placement='right' title='原始值：9.505322'>9.51</span>", "<span data-toggle='tooltip' data-placement='right' title='原始值：277.4943'>277.5</span>", "<span data-toggle='tooltip' data-placement='right' title='原始值：66.35938'>66.4</span>", "<span data-toggle='tooltip' data-placement='right' title='原始值：1.68'>1.68</span>", "<span data-toggle='tooltip' data-placement='right' title='原始值：0.015'>0.015</span>", "<span data-toggle='tooltip' data-placement='right' title='原始值：0.062257'>0.062</span>", "<span data-toggle='tooltip' data-placement='right' title='原始值：1.879751'>1.88</span>", "*", "*", "正常"], ["云南省", "滇池流域", "<span data-toggle='tooltip' data-placement='right' title='所在地市:昆明市&#10;所属河流:滇池'>西苑隧道</span>", "10-25 08:00", "Ⅲ", "<span data-toggle='tooltip' data-placement='right' title='原始值：17.7'>17.7</span>", "<span data-toggle='tooltip' data-placement='right' title='原始值：8.01436'>8.01</span>", "<span data-toggle='tooltip' data-placement='right' title='原始值：7.96'>7.96</span>", "<span data-toggle='tooltip' data-placement='right' title='原始值：652.388'>652.4</span>", "<span data-toggle='tooltip' data-placement='right' title='原始值：16.579'>16.6</span>", "<span data-toggle='tooltip' data-placement='right' title='原始值：5.3'>5.30</span>", "<span data-toggle='tooltip' data-placement='right' title='原始值：0.02654'>0.027</span>", "<span data-toggle='tooltip' data-placement='right' title='原始值：0.00701'>0.007</span>", "<span data-toggle='tooltip' data-placement='right' title='原始值：2.20626'>2.21</span>", "<span data-toggle='tooltip' data-placement='right' title='原始值：0.0302'>0.030</span>", "<span data-toggle='tooltip' data-placement='right' title='原始值：3.039005E+07'>30390050</span>", "正常"], ["云南省", "滇池流域", "<span data-toggle='tooltip' data-placement='right' title='所在地市:昆明市&#10;所属河流:滇池'>观音山</span>", "10-25 08:00", "劣Ⅴ", "<span data-toggle='tooltip' data-placement='right' title='原始值：17.81368'>17.8</span>", "<span data-toggle='tooltip' data-placement='right' title='原始值：9.40631'>9.41</span>", "<span data-toggle='tooltip' data-placement='right' title='原始值：8.29982'>8.30</span>", "<span data-toggle='tooltip' data-placement='right' title='原始值：391.2889'>391.3</span>", "<span data-toggle='tooltip' data-placement='right' title='原始值：50.54892'>50.5</span>", "<span data-toggle='tooltip' data-placement='right' title='原始值：6.1'>6.10</span>", "<span data-toggle='tooltip' data-placement='right' title='原始值：0.9'>0.900</span>", "<span data-toggle='tooltip' data-placement='right' title='原始值：0.0679'>0.068</span>", "<span data-toggle='tooltip' data-placement='right' title='原始值：1.159'>1.16</span>", "<span data-toggle='tooltip' data-placement='right' title='原始值：0.00558'>0.006</span>", "<span data-toggle='tooltip' data-placement='right' title='原始值：5.517527E+07'>55175270</span>", "正常"], ["云南省", "西南诸河", "<span data-toggle='tooltip' data-placement='right' title='所在地市:红河哈尼族彝族自治州&#10;所属河流:红河'>河口县医院(河口)</span>", "10-25 08:00", "Ⅱ", "<span data-toggle='tooltip' data-placement='right' title='原始值：22.6325'>22.6</span>", "<span data-toggle='tooltip' data-placement='right' title='原始值：6.91569'>6.92</span>", "<span data-toggle='tooltip' data-placement='right' title='原始值：8.12036'>8.12</span>", "<span data-toggle='tooltip' data-placement='right' title='原始值：188.8999'>188.9</span>", "<span data-toggle='tooltip' data-placement='right' title='原始值：99.33916'>99.3</span>", "<span data-toggle='tooltip' data-placement='right' title='原始值：0.88754'>0.89</span>", "<span data-toggle='tooltip' data-placement='right' title='原始值：0.169'>0.169</span>", "<span data-toggle='tooltip' data-placement='right' title='原始值：0.05962'>0.060</span>", "<span data-toggle='tooltip' data-placement='right' title='原始值：1.38438'>1.38</span>", "*", "*", "正常"], ["云南省", "西南诸河", "<span data-toggle='tooltip' data-placement='right' title='所在地市:西双版纳傣族自治州&#10;所属河流:澜沧江'>橄榄坝</span>", "10-25 08:00", "Ⅲ", "<span data-toggle='tooltip' data-placement='right' title='原始值：19.30861'>19.3</span>", "<span data-toggle='tooltip' data-placement='right' title='原始值：7.69844'>7.70</span>", "<span data-toggle='tooltip' data-placement='right' title='原始值：5.41033'>5.41</span>", "<span data-toggle='tooltip' data-placement='right' title='原始值：467.4585'>467.5</span>", "<span data-toggle='tooltip' data-placement='right' title='原始值：13.45019'>13.5</span>", "<span data-toggle='tooltip' data-placement='right' title='原始值：0.86'>0.86</span>", "<span data-toggle='tooltip' data-placement='right' title='原始值：0.06661'>0.067</span>", "*", "*", "*", "*", "正常"], ["陕西省", "黄河流域", "<span data-toggle='tooltip' data-placement='right' title='所在地市:渭南市&#10;所属河流:渭河'>潼关吊桥</span>", null, "", "--", "--", "--", "--", "--", "--", "--", "--", "--", "*", "*", "停站"], ["甘肃省", "黄河流域", "<span data-toggle='tooltip' data-placement='right' title='所在地市:兰州市&#10;所属河流:黄河'>新城桥</span>", null, "", "--", "--", "--", "--", "--", "--", "--", "--", "--", "*", "*", "停站"], ["宁夏回族自治区", "黄河流域", "<span data-toggle='tooltip' data-placement='right' title='所在地市:中卫市&#10;所属河流:黄河'>中卫下河沿(新墩)</span>", "10-25 08:00", "Ⅱ", "<span data-toggle='tooltip' data-placement='right' title='原始值：14.97337'>15.0</span>", "<span data-toggle='tooltip' data-placement='right' title='原始值：7.30195'>7.30</span>", "<span data-toggle='tooltip' data-placement='right' title='原始值：8.7018'>8.70</span>", "<span data-toggle='tooltip' data-placement='right' title='原始值：559.4257'>559.4</span>", "<span data-toggle='tooltip' data-placement='right' title='原始值：27.55136'>27.6</span>", "<span data-toggle='tooltip' data-placement='right' title='原始值：1.4'>1.40</span>", "<span data-toggle='tooltip' data-placement='right' title='原始值：0.08'>0.080</span>", "<span data-toggle='tooltip' data-placement='right' title='原始值：0.0448'>0.045</span>", "<span data-toggle='tooltip' data-placement='right' title='原始值：1.5469'>1.55</span>", "*", "*", "正常"]]}