{"result": 1, "total": 1, "records": 98, "thead": ["省份", "流域", "断面名称", "监测时间", "水质类别", "水温<br/><span class='unit'>(℃)</span>", "pH<br/><span class='unit'>(无量纲)</span>", "溶解氧<br/><span class='unit'>(mg/L)</span>", "电导率<br/><span class='unit'>(μS/cm)</span>", "浊度<br/><span class='unit'>(NTU)</span>", "高锰酸盐指数<br/><span class='unit'>(mg/L)</span>", "氨氮<br/><span class='unit'>(mg/L)</span>", "总磷<br/><span class='unit'>(mg/L)</span>", "总氮<br/><span class='unit'>(mg/L)</span>", "叶绿素α<br/><span class='unit'>(mg/L)</span>", "藻密度<br/><span class='unit'>(cells/L)</span>", "站点情况"], "tbody": [["北京市", "海河流域", "<span data-toggle='tooltip' data-placement='right' title='所在地市:门头沟区&#10;所属河流:永定河'>沿河城</span>", "10-03 08:00", "Ⅲ", "<span data-toggle='tooltip' data-placement='right' title='原始值：16.2126'>16.2</span>", "<span data-toggle='tooltip' data-placement='right' title='原始值：8.60454'>8.60</span>", "<span data-toggle='tooltip' data-placement='right' title='原始值：8.74501'>8.75</span>", "<span data-toggle='tooltip' data-placement='right' title='原始值：1513.29'>1513.3</span>", "<span data-toggle='tooltip' data-placement='right' title='原始值：19.03932'>19.0</span>", "<span data-toggle='tooltip' data-placement='right' title='原始值：5.275'>5.28</span>", "<span data-toggle='tooltip' data-placement='right' title='原始值：0.25'>0.250</span>", "<span data-toggle='tooltip' data-placement='right' title='原始值：0.04432'>0.044</span>", "<span data-toggle='tooltip' data-placement='right' title='原始值：0.70588'>0.71</span>", "*", "*", "正常"], ["北京市", "海河流域", "<span data-toggle='tooltip' data-placement='right' title='所在地市:密云区&#10;所属河流:潮河'>古北口</span>", "10-03 08:00", "Ⅰ", "<span data-toggle='tooltip' data-placement='right' title='原始值：15.35668'>15.4</span>", "<span data-toggle='tooltip' data-placement='right' title='原始值：7.43165'>7.43</span>", "<span data-toggle='tooltip' data-placement='right' title='原始值：9.1741'>9.17</span>", "<span data-toggle='tooltip' data-placement='right' title='原始值：700.2307'>700.2</span>", "<span data-toggle='tooltip' data-placement='right' title='原始值：2.60164'>2.6</span>", "<span data-toggle='tooltip' data-placement='right' title='原始值：1.3775'>1.38</span>", "<span data-toggle='tooltip' data-placement='right' title='原始值：0.14'>0.140</span>", "<span data-toggle='tooltip' data-placement='right' title='原始值：0.0021'>0.002</span>", "<span data-toggle='tooltip' data-placement='right' title='原始值：7.0866'>7.09</span>", "*", "*", "正常"], ["天津市", "海河流域", "<span data-toggle='tooltip' data-placement='right' title='所在地市:河北区&#10;所属河流:海河'>三岔口</span>", "10-03 08:00", "Ⅱ", "<span data-toggle='tooltip' data-placement='right' title='原始值：20.8562'>20.9</span>", "<span data-toggle='tooltip' data-placement='right' title='原始值：7.5906'>7.59</span>", "<span data-toggle='tooltip' data-placement='right' title='原始值：6.433'>6.43</span>", "<span data-toggle='tooltip' data-placement='right' title='原始值：610.517'>610.5</span>", "<span data-toggle='tooltip' data-placement='right' title='原始值：15.576'>15.6</span>", "<span data-toggle='tooltip' data-placement='right' title='原始值：2.22'>2.22</span>", "<span data-toggle='tooltip' data-placement='right' title='原始值：0.17'>0.170</span>", "<span data-toggle='tooltip' data-placement='right' title='原始值：0.004'>0.004</span>", "<span data-toggle='tooltip' data-placement='right' title='原始值：1.1783'>1.18</span>", "*", "*", "正常"], ["天津市", "海河流域", "<span data-toggle='tooltip' data-placement='right' title='所在地市:蓟州区&#10;所属河流:果河'>果河桥</span>", "10-03 08:00", "Ⅱ", "<span data-toggle='tooltip' data-placement='right' title='原始值：20.9'>20.9</span>", "<span data-toggle='tooltip' data-placement='right' title='原始值：8.04'>8.04</span>", "<span data-toggle='tooltip' data-placement='right' title='原始值：9.217'>9.22</span>", "<span data-toggle='tooltip' data-placement='right' title='原始值：684.772'>684.8</span>", "<span data-toggle='tooltip' data-placement='right' title='原始值：6.2'>6.2</span>", "<span data-toggle='tooltip' data-placement='right' title='原始值：2.09'>2.09</span>", "<span data-toggle='tooltip' data-placement='right' title='原始值：0.22'>0.220</span>", "<span data-toggle='tooltip' data-placement='right' title='原始值：0.0476'>0.048</span>", "<span data-toggle='tooltip' data-placement='right' title='原始值：6.7517'>6.75</span>", "*", "*", "正常"], ["河北省", "海河流域", "<span data-toggle='tooltip' data-placement='right' title='所在地市:石家庄市&#10;所属河流:滹沱河'>岗南水库</span>", "10-03 08:00", "Ⅲ", "<span data-toggle='tooltip' data-placement='right' title='原始值：22.96347'>23.0</span>", "<span data-toggle='tooltip' data-placement='right' title='原始值：8.1912'>8.19</span>", "<span data-toggle='tooltip' data-placement='right' title='原始值：6.85315'>6.85</span>", "<span data-toggle='tooltip' data-placement='right' title='原始值：575.3978'>575.4</span>", "<span data-toggle='tooltip' data-placement='right' title='原始值：1.1847'>1.2</span>", "<span data-toggle='tooltip' data-placement='right' title='原始值：2.31288'>2.31</span>", "<span data-toggle='tooltip' data-placement='right' title='原始值：0.1'>0.100</span>", "<span data-toggle='tooltip' data-placement='right' title='原始值：0.02602'>0.026</span>", "<span data-toggle='tooltip' data-placement='right' title='原始值：2.74422'>2.74</span>", "*", "*", "正常"], ["河北省", "海河流域", "<span data-toggle='tooltip' data-placement='right' title='所在地市:张家口市&#10;所属河流:永定河'>八号桥</span>", "10-03 08:00", "Ⅲ", "<span data-toggle='tooltip' data-placement='right' title='原始值：14.49972'>14.5</span>", "<span data-toggle='tooltip' data-placement='right' title='原始值：7.97387'>7.97</span>", "<span data-toggle='tooltip' data-placement='right' title='原始值：8.48098'>8.48</span>", "<span data-toggle='tooltip' data-placement='right' title='原始值：1037.697'>1037.7</span>", "<span data-toggle='tooltip' data-placement='right' title='原始值：78.42656'>78.4</span>", "<span data-toggle='tooltip' data-placement='right' title='原始值：5.5'>5.50</span>", "<span data-toggle='tooltip' data-placement='right' title='原始值：0.16'>0.160</span>", "<span data-toggle='tooltip' data-placement='right' title='原始值：0.1865'>0.186</span>", "<span data-toggle='tooltip' data-placement='right' title='原始值：4.305'>4.30</span>", "*", "*", "正常"], ["山西省", "黄河流域", "<span data-toggle='tooltip' data-placement='right' title='所在地市:运城市&#10;所属河流:汾河'>河津大桥</span>", "10-03 08:00", "Ⅲ", "<span data-toggle='tooltip' data-placement='right' title='原始值：21.16879'>21.2</span>", "<span data-toggle='tooltip' data-placement='right' title='原始值：7.85391'>7.85</span>", "<span data-toggle='tooltip' data-placement='right' title='原始值：7.53923'>7.54</span>", "<span data-toggle='tooltip' data-placement='right' title='原始值：1686.295'>1686.3</span>", "<span data-toggle='tooltip' data-placement='right' title='原始值：97.57021'>97.6</span>", "<span data-toggle='tooltip' data-placement='right' title='原始值：5.2'>5.20</span>", "<span data-toggle='tooltip' data-placement='right' title='原始值：0.12'>0.120</span>", "*", "*", "*", "*", "正常"], ["山西省", "黄河流域", "<span data-toggle='tooltip' data-placement='right' title='所在地市:忻州市&#10;所属河流:黄河'>万家寨水库</span>", "10-03 08:00", "", "<span data-toggle='tooltip' data-placement='right' title='原始值：17.20136'>17.2</span>", "<span data-toggle='tooltip' data-placement='right' title='原始值：7.92089'>7.92</span>", "<span data-toggle='tooltip' data-placement='right' title='原始值：8.93005'>8.93</span>", "<span data-toggle='tooltip' data-placement='right' title='原始值：653.4508'>653.5</span>", "<span data-toggle='tooltip' data-placement='right' title='原始值：127.4282'>127.4</span>", "<span data-toggle='tooltip' data-placement='right' title='极值过滤'>--</span>", "<span data-toggle='tooltip' data-placement='right' title='原始值：0.33'>0.330</span>", "<span data-toggle='tooltip' data-placement='right' title='原始值：0.40975'>0.410</span>", "<span data-toggle='tooltip' data-placement='right' title='原始值：2.625'>2.62</span>", "*", "*", "维护"], ["内蒙古自治区", "黄河流域", "<span data-toggle='tooltip' data-placement='right' title='所在地市:包头市&#10;所属河流:黄河'>画匠营子</span>", "10-03 08:00", "Ⅲ", "<span data-toggle='tooltip' data-placement='right' title='原始值：16.14761'>16.1</span>", "<span data-toggle='tooltip' data-placement='right' title='原始值：7.95468'>7.95</span>", "<span data-toggle='tooltip' data-placement='right' title='原始值：8.19107'>8.19</span>", "<span data-toggle='tooltip' data-placement='right' title='原始值：719.8582'>719.9</span>", "<span data-toggle='tooltip' data-placement='right' title='原始值：1305.175'>1305.2</span>", "<span data-toggle='tooltip' data-placement='right' title='原始值：4.65858'>4.66</span>", "<span data-toggle='tooltip' data-placement='right' title='原始值：0.04066'>0.041</span>", "*", "*", "*", "*", "正常"], ["内蒙古自治区", "黄河流域", "<span data-toggle='tooltip' data-placement='right' title='所在地市:乌海市&#10;所属河流:黄河'>海勃湾</span>", "10-03 08:00", "Ⅱ", "<span data-toggle='tooltip' data-placement='right' title='原始值：16.9482'>16.9</span>", "<span data-toggle='tooltip' data-placement='right' title='原始值：7.67923'>7.68</span>", "<span data-toggle='tooltip' data-placement='right' title='原始值：6.68653'>6.69</span>", "<span data-toggle='tooltip' data-placement='right' title='原始值：638.2581'>638.3</span>", "<span data-toggle='tooltip' data-placement='right' title='原始值：56.61304'>56.6</span>", "<span data-toggle='tooltip' data-placement='right' title='原始值：2.01'>2.01</span>", "<span data-toggle='tooltip' data-placement='right' title='原始值：0.08'>0.080</span>", "*", "*", "*", "*", "正常"], ["内蒙古自治区", "松花江流域", "<span data-toggle='tooltip' data-placement='right' title='所在地市:呼伦贝尔市&#10;所属河流:额尔古纳河'>黑山头</span>", null, "", "--", "--", "--", "--", "--", "--", "--", "--", "--", "*", "*", "停站"], ["辽宁省", "辽河流域", "<span data-toggle='tooltip' data-placement='right' title='所在地市:抚顺市&#10;所属河流:浑河'>大伙房水库</span>", "10-03 08:00", "", "<span data-toggle='tooltip' data-placement='right' title='原始值：20.27421'>20.3</span>", "<span data-toggle='tooltip' data-placement='right' title='原始值：7.11679'>7.12</span>", "<span data-toggle='tooltip' data-placement='right' title='原始值：8.52279'>8.52</span>", "<span data-toggle='tooltip' data-placement='right' title='原始值：292.4113'>292.4</span>", "<span data-toggle='tooltip' data-placement='right' title='原始值：13.0321'>13.0</span>", "<span data-toggle='tooltip' data-placement='right' title='原始值：3.32057'>3.32</span>", "<span data-toggle='tooltip' data-placement='right' title='原始值：0.12'>0.120</span>", "<span data-toggle='tooltip' data-placement='right' title='极值过滤'>--</span>", "<span data-toggle='tooltip' data-placement='right' title='极值过滤'>--</span>", "<span data-toggle='tooltip' data-placement='right' title='极值过滤'>--</span>", "*", "维护"], ["辽宁省", "辽河流域", "<span data-toggle='tooltip' data-placement='right' title='所在地市:丹东市&#10;所属河流:鸭绿江'>江桥</span>", null, "", "--", "--", "--", "--", "--", "--", "--", "--", "--", "*", "*", "维护"], ["辽宁省", "辽河流域", "<span data-toggle='tooltip' data-placement='right' title='所在地市:营口市&#10;所属河流:大辽河'>辽河公园</span>", "10-03 08:00", "劣Ⅴ", "<span data-toggle='tooltip' data-placement='right' title='原始值：20.43105'>20.4</span>", "<span data-toggle='tooltip' data-placement='right' title='原始值：5.80892'>5.81</span>", "<span data-toggle='tooltip' data-placement='right' title='原始值：6.53983'>6.54</span>", "<span data-toggle='tooltip' data-placement='right' title='原始值：2133.512'>2133.5</span>", "<span data-toggle='tooltip' data-placement='right' title='原始值：111.5576'>111.6</span>", "<span data-toggle='tooltip' data-placement='right' title='原始值：6.05926'>6.06</span>", "<span data-toggle='tooltip' data-placement='right' title='原始值：0.15744'>0.157</span>", "<span data-toggle='tooltip' data-placement='right' title='原始值：0.17868'>0.179</span>", "<span data-toggle='tooltip' data-placement='right' title='原始值：3.66384'>3.66</span>", "*", "*", "正常"], ["辽宁省", "辽河流域", "<span data-toggle='tooltip' data-placement='right' title='所在地市:辽阳市&#10;所属河流:太子河'>汤河水库</span>", null, "", "--", "--", "--", "--", "--", "--", "--", "--", "--", "*", "*", "停站"], ["辽宁省", "辽河流域", "<span data-toggle='tooltip' data-placement='right' title='所在地市:盘锦市&#10;所属河流:辽河'>盘锦兴安(兴安)</span>", null, "", "--", "--", "--", "--", "--", "--", "--", "--", "--", "*", "*", "停站"], ["辽宁省", "辽河流域", "<span data-toggle='tooltip' data-placement='right' title='所在地市:铁岭市&#10;所属河流:辽河'>珠尔山</span>", "10-03 08:00", "Ⅲ", "<span data-toggle='tooltip' data-placement='right' title='原始值：14.88748'>14.9</span>", "<span data-toggle='tooltip' data-placement='right' title='原始值：7.43196'>7.43</span>", "<span data-toggle='tooltip' data-placement='right' title='原始值：13.86332'>13.86</span>", "<span data-toggle='tooltip' data-placement='right' title='原始值：446.017'>446.0</span>", "<span data-toggle='tooltip' data-placement='right' title='原始值：55.13821'>55.1</span>", "<span data-toggle='tooltip' data-placement='right' title='原始值：3.63332'>3.63</span>", "<span data-toggle='tooltip' data-placement='right' title='原始值：0.17'>0.170</span>", "<span data-toggle='tooltip' data-placement='right' title='原始值：0.15808'>0.158</span>", "<span data-toggle='tooltip' data-placement='right' title='原始值：5.44893'>5.45</span>", "*", "*", "正常"], ["吉林省", "松花江流域", "<span data-toggle='tooltip' data-placement='right' title='所在地市:长春市&#10;所属河流:松花江'>松花江村</span>", null, "", "--", "--", "--", "--", "--", "--", "--", "--", "--", "*", "*", "停站"], ["吉林省", "松花江流域", "<span data-toggle='tooltip' data-placement='right' title='所在地市:白城市&#10;所属河流:嫩江'>白沙滩</span>", null, "", "--", "--", "--", "--", "--", "--", "--", "--", "--", "*", "*", "停站"], ["吉林省", "松花江流域", "<span data-toggle='tooltip' data-placement='right' title='所在地市:延边朝鲜族自治州&#10;所属河流:图们江'>圈河</span>", "10-03 08:00", "Ⅲ", "<span data-toggle='tooltip' data-placement='right' title='原始值：17.49961'>17.5</span>", "<span data-toggle='tooltip' data-placement='right' title='原始值：6.80736'>6.81</span>", "<span data-toggle='tooltip' data-placement='right' title='原始值：7.81'>7.81</span>", "<span data-toggle='tooltip' data-placement='right' title='原始值：149'>149.0</span>", "<span data-toggle='tooltip' data-placement='right' title='原始值：20.00006'>20.0</span>", "<span data-toggle='tooltip' data-placement='right' title='原始值：5.79'>5.79</span>", "<span data-toggle='tooltip' data-placement='right' title='原始值：0.1159'>0.116</span>", "<span data-toggle='tooltip' data-placement='right' title='原始值：0.08834'>0.088</span>", "<span data-toggle='tooltip' data-placement='right' title='原始值：1.33034'>1.33</span>", "*", "*", "正常"], ["黑龙江省", "松花江流域", "<span data-toggle='tooltip' data-placement='right' title='所在地市:大庆市&#10;所属河流:松花江'>肇源</span>", null, "", "--", "--", "--", "--", "--", "--", "--", "--", "--", "*", "*", "停站"], ["黑龙江省", "松花江流域", "<span data-toggle='tooltip' data-placement='right' title='所在地市:佳木斯市&#10;所属河流:乌苏里江'>乌苏镇</span>", null, "", "--", "--", "--", "--", "--", "--", "--", "--", "--", "*", "*", "停站"], ["黑龙江省", "松花江流域", "<span data-toggle='tooltip' data-placement='right' title='所在地市:佳木斯市&#10;所属河流:松花江'>同江</span>", null, "", "--", "--", "--", "--", "--", "--", "--", "--", "--", "*", "*", "停站"], ["黑龙江省", "松花江流域", "<span data-toggle='tooltip' data-placement='right' title='所在地市:黑河市&#10;所属河流:黑龙江'>黑河下(黑河)</span>", null, "", "--", "--", "--", "--", "--", "--", "--", "--", "--", "*", "*", "停站"], ["上海市", "长江流域", "<span data-toggle='tooltip' data-placement='right' title='所在地市:青浦区&#10;所属河流:淀山湖'>急水港桥</span>", "10-03 08:00", "Ⅴ", "<span data-toggle='tooltip' data-placement='right' title='原始值：24.6'>24.6</span>", "<span data-toggle='tooltip' data-placement='right' title='原始值：7.16'>7.16</span>", "<span data-toggle='tooltip' data-placement='right' title='原始值：2.65'>2.65</span>", "<span data-toggle='tooltip' data-placement='right' title='原始值：456'>456.0</span>", "<span data-toggle='tooltip' data-placement='right' title='原始值：148.7'>148.7</span>", "<span data-toggle='tooltip' data-placement='right' title='原始值：4.4375'>4.44</span>", "<span data-toggle='tooltip' data-placement='right' title='原始值：0.5438'>0.544</span>", "<span data-toggle='tooltip' data-placement='right' title='原始值：0.07666'>0.077</span>", "<span data-toggle='tooltip' data-placement='right' title='原始值：0.91797'>0.92</span>", "<span data-toggle='tooltip' data-placement='right' title='原始值：0.00359'>0.004</span>", "<span data-toggle='tooltip' data-placement='right' title='原始值：2.137129E+07'>21371290</span>", "正常"], ["江苏省", "长江流域", "<span data-toggle='tooltip' data-placement='right' title='所在地市:南京市&#10;所属河流:长江'>林山</span>", null, "", "--", "--", "--", "--", "--", "--", "--", "--", "--", "*", "*", "停站"], ["江苏省", "太湖流域", "<span data-toggle='tooltip' data-placement='right' title='所在地市:无锡市&#10;所属河流:太湖'>沙渚</span>", "10-03 08:00", "Ⅳ", "<span data-toggle='tooltip' data-placement='right' title='原始值：24.63042'>24.6</span>", "<span data-toggle='tooltip' data-placement='right' title='原始值：8.801195'>8.80</span>", "<span data-toggle='tooltip' data-placement='right' title='原始值：7.522632'>7.52</span>", "<span data-toggle='tooltip' data-placement='right' title='原始值：437.6241'>437.6</span>", "<span data-toggle='tooltip' data-placement='right' title='原始值：73.84151'>73.8</span>", "<span data-toggle='tooltip' data-placement='right' title='原始值：7.81'>7.81</span>", "<span data-toggle='tooltip' data-placement='right' title='原始值：0.15'>0.150</span>", "<span data-toggle='tooltip' data-placement='right' title='原始值：0.1342'>0.134</span>", "<span data-toggle='tooltip' data-placement='right' title='原始值：1.806'>1.81</span>", "*", "*", "正常"], ["江苏省", "淮河流域", "<span data-toggle='tooltip' data-placement='right' title='所在地市:徐州市&#10;所属河流:武河'>小红圈</span>", "10-03 08:00", "Ⅱ", "<span data-toggle='tooltip' data-placement='right' title='原始值：20.07'>20.1</span>", "<span data-toggle='tooltip' data-placement='right' title='原始值：7.34'>7.34</span>", "<span data-toggle='tooltip' data-placement='right' title='原始值：6.86'>6.86</span>", "<span data-toggle='tooltip' data-placement='right' title='原始值：876'>876.0</span>", "<span data-toggle='tooltip' data-placement='right' title='原始值：61.26'>61.3</span>", "<span data-toggle='tooltip' data-placement='right' title='原始值：2.24'>2.24</span>", "<span data-toggle='tooltip' data-placement='right' title='原始值：0.095'>0.095</span>", "*", "*", "*", "*", "正常"], ["江苏省", "淮河流域", "<span data-toggle='tooltip' data-placement='right' title='所在地市:徐州市&#10;所属河流:沿河'>李集桥</span>", "10-03 08:00", "Ⅲ", "<span data-toggle='tooltip' data-placement='right' title='原始值：23.34'>23.3</span>", "<span data-toggle='tooltip' data-placement='right' title='原始值：7.39'>7.39</span>", "<span data-toggle='tooltip' data-placement='right' title='原始值：6.48'>6.48</span>", "<span data-toggle='tooltip' data-placement='right' title='原始值：1039.9'>1039.9</span>", "<span data-toggle='tooltip' data-placement='right' title='原始值：14.94'>14.9</span>", "<span data-toggle='tooltip' data-placement='right' title='原始值：4.97'>4.97</span>", "<span data-toggle='tooltip' data-placement='right' title='原始值：0.298'>0.298</span>", "<span data-toggle='tooltip' data-placement='right' title='原始值：0.075'>0.075</span>", "<span data-toggle='tooltip' data-placement='right' title='原始值：1.179'>1.18</span>", "*", "*", "正常"], ["江苏省", "淮河流域", "<span data-toggle='tooltip' data-placement='right' title='所在地市:徐州市&#10;所属河流:邳苍分洪道'>艾山西大桥</span>", "10-03 08:00", "Ⅱ", "<span data-toggle='tooltip' data-placement='right' title='原始值：21.5101'>21.5</span>", "<span data-toggle='tooltip' data-placement='right' title='原始值：8.16603'>8.17</span>", "<span data-toggle='tooltip' data-placement='right' title='原始值：9.6827'>9.68</span>", "<span data-toggle='tooltip' data-placement='right' title='原始值：824.733'>824.7</span>", "<span data-toggle='tooltip' data-placement='right' title='原始值：10.406'>10.4</span>", "<span data-toggle='tooltip' data-placement='right' title='原始值：3'>3.00</span>", "<span data-toggle='tooltip' data-placement='right' title='原始值：0.11'>0.110</span>", "<span data-toggle='tooltip' data-placement='right' title='原始值：0.06648'>0.066</span>", "<span data-toggle='tooltip' data-placement='right' title='原始值：9.93607'>9.94</span>", "*", "*", "正常"], ["江苏省", "太湖流域", "<span data-toggle='tooltip' data-placement='right' title='所在地市:苏州市&#10;所属河流:太湖'>兰山嘴(老)</span>", "10-03 04:00", "劣Ⅴ", "<span data-toggle='tooltip' data-placement='right' title='原始值：25.66927'>25.7</span>", "<span data-toggle='tooltip' data-placement='right' title='原始值：7.16127'>7.16</span>", "<span data-toggle='tooltip' data-placement='right' title='原始值：8.65612'>8.66</span>", "<span data-toggle='tooltip' data-placement='right' title='原始值：318.5798'>318.6</span>", "<span data-toggle='tooltip' data-placement='right' title='原始值：3.53087'>3.5</span>", "<span data-toggle='tooltip' data-placement='right' title='原始值：5.55'>5.55</span>", "<span data-toggle='tooltip' data-placement='right' title='原始值：0.29'>0.290</span>", "<span data-toggle='tooltip' data-placement='right' title='原始值：0.49077'>0.491</span>", "<span data-toggle='tooltip' data-placement='right' title='极值过滤'>--</span>", "*", "*", "维护"], ["江苏省", "太湖流域", "<span data-toggle='tooltip' data-placement='right' title='所在地市:苏州市&#10;所属河流:太湖'>西山</span>", null, "", "--", "--", "--", "--", "--", "--", "--", "--", "--", "*", "*", "维护"], ["江苏省", "淮河流域", "<span data-toggle='tooltip' data-placement='right' title='所在地市:连云港市&#10;所属河流:新沭河'>大兴桥</span>", "10-03 08:00", "Ⅲ", "<span data-toggle='tooltip' data-placement='right' title='原始值：23.4'>23.4</span>", "<span data-toggle='tooltip' data-placement='right' title='原始值：7.9'>7.90</span>", "<span data-toggle='tooltip' data-placement='right' title='原始值：9.48'>9.48</span>", "<span data-toggle='tooltip' data-placement='right' title='原始值：637.6'>637.6</span>", "<span data-toggle='tooltip' data-placement='right' title='原始值：32.83'>32.8</span>", "<span data-toggle='tooltip' data-placement='right' title='原始值：4.68'>4.68</span>", "<span data-toggle='tooltip' data-placement='right' title='原始值：0.09'>0.090</span>", "*", "*", "*", "*", "正常"], ["江苏省", "淮河流域", "<span data-toggle='tooltip' data-placement='right' title='所在地市:淮安市&#10;所属河流:淮河'>淮河大桥</span>", "10-03 08:00", "Ⅲ", "<span data-toggle='tooltip' data-placement='right' title='原始值：24.79121'>24.8</span>", "<span data-toggle='tooltip' data-placement='right' title='原始值：7.86725'>7.87</span>", "<span data-toggle='tooltip' data-placement='right' title='原始值：5.75703'>5.76</span>", "<span data-toggle='tooltip' data-placement='right' title='原始值：404.6891'>404.7</span>", "<span data-toggle='tooltip' data-placement='right' title='原始值：55.81305'>55.8</span>", "<span data-toggle='tooltip' data-placement='right' title='原始值：5.18'>5.18</span>", "<span data-toggle='tooltip' data-placement='right' title='原始值：0.22'>0.220</span>", "<span data-toggle='tooltip' data-placement='right' title='原始值：0.1386'>0.139</span>", "<span data-toggle='tooltip' data-placement='right' title='原始值：2.88'>2.88</span>", "*", "*", "正常"], ["江苏省", "长江流域", "<span data-toggle='tooltip' data-placement='right' title='所在地市:扬州市&#10;所属河流:夹江'>三江营</span>", "10-03 08:00", "Ⅱ", "<span data-toggle='tooltip' data-placement='right' title='原始值：24.2'>24.2</span>", "<span data-toggle='tooltip' data-placement='right' title='原始值：7.74'>7.74</span>", "<span data-toggle='tooltip' data-placement='right' title='原始值：6.65'>6.65</span>", "<span data-toggle='tooltip' data-placement='right' title='原始值：291.62'>291.6</span>", "<span data-toggle='tooltip' data-placement='right' title='原始值：84.99'>85.0</span>", "<span data-toggle='tooltip' data-placement='right' title='原始值：2.316'>2.32</span>", "<span data-toggle='tooltip' data-placement='right' title='原始值：0.042'>0.042</span>", "<span data-toggle='tooltip' data-placement='right' title='原始值：0.093'>0.093</span>", "<span data-toggle='tooltip' data-placement='right' title='原始值：1.88'>1.88</span>", "*", "*", "正常"], ["江苏省", "淮河流域", "<span data-toggle='tooltip' data-placement='right' title='所在地市:宿迁市&#10;所属河流:新濉河'>大屈</span>", "10-03 08:00", "Ⅲ", "<span data-toggle='tooltip' data-placement='right' title='原始值：22.4'>22.4</span>", "<span data-toggle='tooltip' data-placement='right' title='原始值：8.36'>8.36</span>", "<span data-toggle='tooltip' data-placement='right' title='原始值：7.26'>7.26</span>", "<span data-toggle='tooltip' data-placement='right' title='原始值：765.8'>765.8</span>", "<span data-toggle='tooltip' data-placement='right' title='原始值：32.47'>32.5</span>", "<span data-toggle='tooltip' data-placement='right' title='原始值：4.46'>4.46</span>", "<span data-toggle='tooltip' data-placement='right' title='原始值：0.08'>0.080</span>", "<span data-toggle='tooltip' data-placement='right' title='原始值：0.125'>0.125</span>", "<span data-toggle='tooltip' data-placement='right' title='原始值：1.094'>1.09</span>", "*", "*", "正常"], ["浙江省", "浙闽片河流", "<span data-toggle='tooltip' data-placement='right' title='所在地市:杭州市&#10;所属河流:新安江'>街口(鸠坑口)</span>", "10-03 08:00", "Ⅰ", "<span data-toggle='tooltip' data-placement='right' title='原始值：24.68'>24.7</span>", "<span data-toggle='tooltip' data-placement='right' title='原始值：8.29'>8.29</span>", "<span data-toggle='tooltip' data-placement='right' title='原始值：8.49'>8.49</span>", "<span data-toggle='tooltip' data-placement='right' title='原始值：151.48'>151.5</span>", "<span data-toggle='tooltip' data-placement='right' title='原始值：45.34'>45.3</span>", "<span data-toggle='tooltip' data-placement='right' title='原始值：1.668'>1.67</span>", "<span data-toggle='tooltip' data-placement='right' title='原始值：0.003'>0.003</span>", "<span data-toggle='tooltip' data-placement='right' title='原始值：0.013'>0.013</span>", "<span data-toggle='tooltip' data-placement='right' title='原始值：0.551'>0.55</span>", "*", "*", "正常"], ["浙江省", "太湖流域", "<span data-toggle='tooltip' data-placement='right' title='所在地市:嘉兴市&#10;所属河流:斜路港河'>斜路港</span>", "10-03 08:00", "Ⅳ", "<span data-toggle='tooltip' data-placement='right' title='原始值：25.4'>25.4</span>", "<span data-toggle='tooltip' data-placement='right' title='原始值：7.11'>7.11</span>", "<span data-toggle='tooltip' data-placement='right' title='原始值：3.19'>3.19</span>", "<span data-toggle='tooltip' data-placement='right' title='原始值：515'>515.0</span>", "<span data-toggle='tooltip' data-placement='right' title='原始值：230.3'>230.3</span>", "<span data-toggle='tooltip' data-placement='right' title='原始值：4.99'>4.99</span>", "<span data-toggle='tooltip' data-placement='right' title='原始值：0.12922'>0.129</span>", "<span data-toggle='tooltip' data-placement='right' title='原始值：0.06203'>0.062</span>", "<span data-toggle='tooltip' data-placement='right' title='原始值：1.42061'>1.42</span>", "*", "*", "正常"], ["浙江省", "太湖流域", "<span data-toggle='tooltip' data-placement='right' title='所在地市:嘉兴市&#10;所属河流:京杭运河'>王江泾</span>", "10-03 08:00", "Ⅲ", "<span data-toggle='tooltip' data-placement='right' title='原始值：26.44'>26.4</span>", "<span data-toggle='tooltip' data-placement='right' title='原始值：7.14'>7.14</span>", "<span data-toggle='tooltip' data-placement='right' title='原始值：5.14'>5.14</span>", "<span data-toggle='tooltip' data-placement='right' title='原始值：633.35'>633.4</span>", "<span data-toggle='tooltip' data-placement='right' title='原始值：39.93'>39.9</span>", "<span data-toggle='tooltip' data-placement='right' title='原始值：4.59'>4.59</span>", "<span data-toggle='tooltip' data-placement='right' title='原始值：0.114'>0.114</span>", "<span data-toggle='tooltip' data-placement='right' title='原始值：0.06'>0.060</span>", "<span data-toggle='tooltip' data-placement='right' title='原始值：1.717'>1.72</span>", "*", "*", "正常"], ["浙江省", "太湖流域", "<span data-toggle='tooltip' data-placement='right' title='所在地市:湖州市&#10;所属河流:西苕溪'>新港口(新塘港)</span>", "10-03 08:00", "Ⅲ", "<span data-toggle='tooltip' data-placement='right' title='原始值：25.3035'>25.3</span>", "<span data-toggle='tooltip' data-placement='right' title='原始值：8.93772'>8.94</span>", "<span data-toggle='tooltip' data-placement='right' title='原始值：8.29918'>8.30</span>", "<span data-toggle='tooltip' data-placement='right' title='原始值：302.246'>302.2</span>", "<span data-toggle='tooltip' data-placement='right' title='原始值：108.963'>109.0</span>", "<span data-toggle='tooltip' data-placement='right' title='原始值：5.26974'>5.27</span>", "<span data-toggle='tooltip' data-placement='right' title='原始值：0.23484'>0.235</span>", "<span data-toggle='tooltip' data-placement='right' title='原始值：0.08061'>0.081</span>", "<span data-toggle='tooltip' data-placement='right' title='原始值：1.87381'>1.87</span>", "*", "*", "正常"], ["安徽省", "巢湖流域", "<span data-toggle='tooltip' data-placement='right' title='所在地市:合肥市&#10;所属河流:巢湖'>湖滨(老)</span>", "10-03 08:00", "Ⅳ", "<span data-toggle='tooltip' data-placement='right' title='原始值：24.65254'>24.7</span>", "<span data-toggle='tooltip' data-placement='right' title='原始值：6.55275'>6.55</span>", "<span data-toggle='tooltip' data-placement='right' title='原始值：5.10373'>5.10</span>", "<span data-toggle='tooltip' data-placement='right' title='原始值：221.3332'>221.3</span>", "<span data-toggle='tooltip' data-placement='right' title='原始值：108.022'>108.0</span>", "<span data-toggle='tooltip' data-placement='right' title='原始值：6.88'>6.88</span>", "<span data-toggle='tooltip' data-placement='right' title='原始值：0.38'>0.380</span>", "<span data-toggle='tooltip' data-placement='right' title='原始值：0.0997'>0.100</span>", "<span data-toggle='tooltip' data-placement='right' title='原始值：1.996'>2.00</span>", "<span data-toggle='tooltip' data-placement='right' title='原始值：0.02744'>0.027</span>", "*", "正常"], ["安徽省", "巢湖流域", "<span data-toggle='tooltip' data-placement='right' title='所在地市:芜湖市&#10;所属河流:巢湖'>裕溪口(老)</span>", "10-03 08:00", "Ⅴ", "<span data-toggle='tooltip' data-placement='right' title='原始值：24.83638'>24.8</span>", "<span data-toggle='tooltip' data-placement='right' title='原始值：6.89952'>6.90</span>", "<span data-toggle='tooltip' data-placement='right' title='原始值：6.08075'>6.08</span>", "<span data-toggle='tooltip' data-placement='right' title='原始值：255.5935'>255.6</span>", "<span data-toggle='tooltip' data-placement='right' title='原始值：114.3659'>114.4</span>", "<span data-toggle='tooltip' data-placement='right' title='原始值：3.61'>3.61</span>", "<span data-toggle='tooltip' data-placement='right' title='原始值：0.18'>0.180</span>", "<span data-toggle='tooltip' data-placement='right' title='原始值：0.1082'>0.108</span>", "<span data-toggle='tooltip' data-placement='right' title='原始值：2.759'>2.76</span>", "*", "*", "正常"], ["安徽省", "淮河流域", "<span data-toggle='tooltip' data-placement='right' title='所在地市:蚌埠市&#10;所属河流:淮河'>蚌埠闸上(蚌埠闸)</span>", "10-03 08:00", "Ⅳ", "<span data-toggle='tooltip' data-placement='right' title='原始值：25.57'>25.6</span>", "<span data-toggle='tooltip' data-placement='right' title='原始值：8'>8.00</span>", "<span data-toggle='tooltip' data-placement='right' title='原始值：8.49'>8.49</span>", "<span data-toggle='tooltip' data-placement='right' title='极值过滤'>--</span>", "<span data-toggle='tooltip' data-placement='right' title='原始值：174.25'>174.2</span>", "<span data-toggle='tooltip' data-placement='right' title='原始值：9.273'>9.27</span>", "<span data-toggle='tooltip' data-placement='right' title='原始值：0.21'>0.210</span>", "<span data-toggle='tooltip' data-placement='right' title='原始值：0.259'>0.259</span>", "<span data-toggle='tooltip' data-placement='right' title='原始值：1.338'>1.34</span>", "*", "*", "维护"], ["安徽省", "淮河流域", "<span data-toggle='tooltip' data-placement='right' title='所在地市:淮南市&#10;所属河流:淮河'>石头埠(老)</span>", "10-03 08:00", "Ⅳ", "<span data-toggle='tooltip' data-placement='right' title='原始值：25.28361'>25.3</span>", "<span data-toggle='tooltip' data-placement='right' title='原始值：7.26209'>7.26</span>", "<span data-toggle='tooltip' data-placement='right' title='原始值：3.32021'>3.32</span>", "<span data-toggle='tooltip' data-placement='right' title='原始值：232.6216'>232.6</span>", "<span data-toggle='tooltip' data-placement='right' title='原始值：31.05701'>31.1</span>", "<span data-toggle='tooltip' data-placement='right' title='原始值：5.02'>5.02</span>", "<span data-toggle='tooltip' data-placement='right' title='原始值：0.14'>0.140</span>", "*", "*", "*", "*", "正常"], ["安徽省", "淮河流域", "<span data-toggle='tooltip' data-placement='right' title='所在地市:淮北市&#10;所属河流:沱河'>小王桥</span>", "10-03 08:00", "劣Ⅴ", "<span data-toggle='tooltip' data-placement='right' title='原始值：23.98'>24.0</span>", "<span data-toggle='tooltip' data-placement='right' title='原始值：8'>8.00</span>", "<span data-toggle='tooltip' data-placement='right' title='原始值：3.84'>3.84</span>", "<span data-toggle='tooltip' data-placement='right' title='原始值：1370.09'>1370.1</span>", "<span data-toggle='tooltip' data-placement='right' title='原始值：15.33'>15.3</span>", "<span data-toggle='tooltip' data-placement='right' title='原始值：7.683'>7.68</span>", "<span data-toggle='tooltip' data-placement='right' title='原始值：0.046'>0.046</span>", "<span data-toggle='tooltip' data-placement='right' title='原始值：0.404'>0.404</span>", "<span data-toggle='tooltip' data-placement='right' title='原始值：1.088'>1.09</span>", "*", "*", "正常"], ["安徽省", "长江流域", "<span data-toggle='tooltip' data-placement='right' title='所在地市:安庆市&#10;所属河流:长江'>皖河口</span>", "10-03 08:00", "Ⅱ", "<span data-toggle='tooltip' data-placement='right' title='原始值：24.08'>24.1</span>", "<span data-toggle='tooltip' data-placement='right' title='原始值：7.323'>7.32</span>", "<span data-toggle='tooltip' data-placement='right' title='原始值：6.45'>6.45</span>", "<span data-toggle='tooltip' data-placement='right' title='原始值：275.19'>275.2</span>", "<span data-toggle='tooltip' data-placement='right' title='原始值：37.93'>37.9</span>", "<span data-toggle='tooltip' data-placement='right' title='原始值：1.931'>1.93</span>", "<span data-toggle='tooltip' data-placement='right' title='原始值：0.03'>0.030</span>", "<span data-toggle='tooltip' data-placement='right' title='原始值：0.0515'>0.052</span>", "<span data-toggle='tooltip' data-placement='right' title='原始值：2.047'>2.05</span>", "*", "*", "正常"], ["安徽省", "淮河流域", "<span data-toggle='tooltip' data-placement='right' title='所在地市:滁州市&#10;所属河流:淮河'>小柳巷</span>", "10-03 08:00", "Ⅲ", "<span data-toggle='tooltip' data-placement='right' title='原始值：24.9'>24.9</span>", "<span data-toggle='tooltip' data-placement='right' title='原始值：7.59'>7.59</span>", "<span data-toggle='tooltip' data-placement='right' title='原始值：6.86'>6.86</span>", "<span data-toggle='tooltip' data-placement='right' title='原始值：400'>400.0</span>", "<span data-toggle='tooltip' data-placement='right' title='原始值：61.68'>61.7</span>", "<span data-toggle='tooltip' data-placement='right' title='原始值：2.33'>2.33</span>", "<span data-toggle='tooltip' data-placement='right' title='原始值：0.04'>0.040</span>", "<span data-toggle='tooltip' data-placement='right' title='原始值：0.117'>0.117</span>", "<span data-toggle='tooltip' data-placement='right' title='原始值：1.224'>1.22</span>", "*", "*", "正常"], ["安徽省", "淮河流域", "<span data-toggle='tooltip' data-placement='right' title='所在地市:阜阳市&#10;所属河流:黑茨河'>张大桥</span>", null, "", "--", "--", "--", "--", "--", "--", "--", "--", "--", "*", "*", "停站"], ["安徽省", "淮河流域", "<span data-toggle='tooltip' data-placement='right' title='所在地市:阜阳市&#10;所属河流:淮河'>王家坝</span>", "10-03 08:00", "Ⅲ", "<span data-toggle='tooltip' data-placement='right' title='原始值：22.97'>23.0</span>", "<span data-toggle='tooltip' data-placement='right' title='原始值：7.3292'>7.33</span>", "<span data-toggle='tooltip' data-placement='right' title='原始值：6.84929'>6.85</span>", "<span data-toggle='tooltip' data-placement='right' title='原始值：342.0292'>342.0</span>", "<span data-toggle='tooltip' data-placement='right' title='原始值：42.80702'>42.8</span>", "<span data-toggle='tooltip' data-placement='right' title='原始值：2.92'>2.92</span>", "<span data-toggle='tooltip' data-placement='right' title='原始值：0.194'>0.194</span>", "<span data-toggle='tooltip' data-placement='right' title='原始值：0.19374'>0.194</span>", "<span data-toggle='tooltip' data-placement='right' title='原始值：1.75904'>1.76</span>", "*", "*", "正常"], ["安徽省", "淮河流域", "<span data-toggle='tooltip' data-placement='right' title='所在地市:阜阳市&#10;所属河流:颍河'>界首七渡口(七渡口)</span>", "10-03 08:00", "Ⅳ", "<span data-toggle='tooltip' data-placement='right' title='原始值：23.70788'>23.7</span>", "<span data-toggle='tooltip' data-placement='right' title='原始值：8.35805'>8.36</span>", "<span data-toggle='tooltip' data-placement='right' title='原始值：3.70703'>3.71</span>", "<span data-toggle='tooltip' data-placement='right' title='原始值：835.0785'>835.1</span>", "<span data-toggle='tooltip' data-placement='right' title='原始值：21.40674'>21.4</span>", "<span data-toggle='tooltip' data-placement='right' title='原始值：3.3'>3.30</span>", "<span data-toggle='tooltip' data-placement='right' title='原始值：0.33'>0.330</span>", "<span data-toggle='tooltip' data-placement='right' title='原始值：0.10959'>0.110</span>", "<span data-toggle='tooltip' data-placement='right' title='原始值：2.58519'>2.59</span>", "*", "*", "正常"], ["安徽省", "淮河流域", "<span data-toggle='tooltip' data-placement='right' title='所在地市:阜阳市&#10;所属河流:泉河'>许庄(徐庄)</span>", "10-03 08:00", "Ⅳ", "<span data-toggle='tooltip' data-placement='right' title='原始值：21.7'>21.7</span>", "<span data-toggle='tooltip' data-placement='right' title='原始值：7.59'>7.59</span>", "<span data-toggle='tooltip' data-placement='right' title='原始值：3.33'>3.33</span>", "<span data-toggle='tooltip' data-placement='right' title='原始值：822.1'>822.1</span>", "<span data-toggle='tooltip' data-placement='right' title='原始值：85.86'>85.9</span>", "<span data-toggle='tooltip' data-placement='right' title='原始值：1.82'>1.82</span>", "<span data-toggle='tooltip' data-placement='right' title='原始值：0.03'>0.030</span>", "<span data-toggle='tooltip' data-placement='right' title='原始值：0.135'>0.135</span>", "<span data-toggle='tooltip' data-placement='right' title='原始值：1.121'>1.12</span>", "*", "*", "正常"], ["安徽省", "淮河流域", "<span data-toggle='tooltip' data-placement='right' title='所在地市:宿州市&#10;所属河流:奎河'>杨庄</span>", "10-03 08:00", "Ⅱ", "<span data-toggle='tooltip' data-placement='right' title='原始值：23.12'>23.1</span>", "<span data-toggle='tooltip' data-placement='right' title='原始值：7.65'>7.65</span>", "<span data-toggle='tooltip' data-placement='right' title='原始值：7.27'>7.27</span>", "<span data-toggle='tooltip' data-placement='right' title='原始值：884'>884.0</span>", "<span data-toggle='tooltip' data-placement='right' title='原始值：166.99'>167.0</span>", "<span data-toggle='tooltip' data-placement='right' title='原始值：2.25'>2.25</span>", "<span data-toggle='tooltip' data-placement='right' title='原始值：0.301'>0.301</span>", "*", "*", "*", "*", "正常"], ["安徽省", "淮河流域", "<span data-toggle='tooltip' data-placement='right' title='所在地市:宿州市&#10;所属河流:新汴河'>泗县公路桥</span>", "10-03 08:00", "Ⅳ", "<span data-toggle='tooltip' data-placement='right' title='原始值：24.05'>24.0</span>", "<span data-toggle='tooltip' data-placement='right' title='原始值：8.38'>8.38</span>", "<span data-toggle='tooltip' data-placement='right' title='原始值：8.1'>8.10</span>", "<span data-toggle='tooltip' data-placement='right' title='原始值：939.8'>939.8</span>", "<span data-toggle='tooltip' data-placement='right' title='原始值：31.31'>31.3</span>", "<span data-toggle='tooltip' data-placement='right' title='原始值：7.1'>7.10</span>", "<span data-toggle='tooltip' data-placement='right' title='原始值：0.068'>0.068</span>", "*", "*", "*", "*", "正常"], ["安徽省", "淮河流域", "<span data-toggle='tooltip' data-placement='right' title='所在地市:亳州市&#10;所属河流:包河'>颜集</span>", "10-03 08:00", "Ⅳ", "<span data-toggle='tooltip' data-placement='right' title='原始值：20.3'>20.3</span>", "<span data-toggle='tooltip' data-placement='right' title='原始值：7.81'>7.81</span>", "<span data-toggle='tooltip' data-placement='right' title='原始值：6.04'>6.04</span>", "<span data-toggle='tooltip' data-placement='right' title='原始值：1710'>1710.0</span>", "<span data-toggle='tooltip' data-placement='right' title='原始值：270.26'>270.3</span>", "<span data-toggle='tooltip' data-placement='right' title='原始值：4.73'>4.73</span>", "<span data-toggle='tooltip' data-placement='right' title='原始值：0.16'>0.160</span>", "<span data-toggle='tooltip' data-placement='right' title='原始值：0.221'>0.221</span>", "<span data-toggle='tooltip' data-placement='right' title='原始值：5.832'>5.83</span>", "*", "*", "正常"], ["福建省", "浙闽片河流", "<span data-toggle='tooltip' data-placement='right' title='所在地市:福州市&#10;所属河流:闽江'>白岩潭</span>", "10-03 08:00", "Ⅱ", "<span data-toggle='tooltip' data-placement='right' title='原始值：26.75'>26.8</span>", "<span data-toggle='tooltip' data-placement='right' title='原始值：6.82'>6.82</span>", "<span data-toggle='tooltip' data-placement='right' title='原始值：7.09'>7.09</span>", "<span data-toggle='tooltip' data-placement='right' title='原始值：147.5'>147.5</span>", "<span data-toggle='tooltip' data-placement='right' title='原始值：42.44'>42.4</span>", "<span data-toggle='tooltip' data-placement='right' title='原始值：2.21'>2.21</span>", "<span data-toggle='tooltip' data-placement='right' title='原始值：0.122'>0.122</span>", "*", "*", "*", "*", "正常"], ["江西省", "长江流域", "<span data-toggle='tooltip' data-placement='right' title='所在地市:南昌市&#10;所属河流:赣江南支'>滁槎</span>", null, "", "--", "--", "--", "--", "--", "--", "--", "--", "--", "*", "*", "维护"], ["江西省", "长江流域", "<span data-toggle='tooltip' data-placement='right' title='所在地市:九江市&#10;所属河流:长江'>姚港(河西水厂)</span>", "10-03 08:00", "Ⅱ", "<span data-toggle='tooltip' data-placement='right' title='原始值：23.25'>23.2</span>", "<span data-toggle='tooltip' data-placement='right' title='原始值：7.34'>7.34</span>", "<span data-toggle='tooltip' data-placement='right' title='原始值：7.29'>7.29</span>", "<span data-toggle='tooltip' data-placement='right' title='原始值：307.51'>307.5</span>", "<span data-toggle='tooltip' data-placement='right' title='原始值：54.56'>54.6</span>", "<span data-toggle='tooltip' data-placement='right' title='原始值：1.37'>1.37</span>", "<span data-toggle='tooltip' data-placement='right' title='原始值：0.098'>0.098</span>", "<span data-toggle='tooltip' data-placement='right' title='原始值：0.096'>0.096</span>", "<span data-toggle='tooltip' data-placement='right' title='原始值：1.42'>1.42</span>", "*", "*", "正常"], ["江西省", "长江流域", "<span data-toggle='tooltip' data-placement='right' title='所在地市:九江市&#10;所属河流:鄱阳湖'>蛤蟆石</span>", "10-03 08:00", "Ⅱ", "<span data-toggle='tooltip' data-placement='right' title='原始值：23.86'>23.9</span>", "<span data-toggle='tooltip' data-placement='right' title='原始值：6.96'>6.96</span>", "<span data-toggle='tooltip' data-placement='right' title='原始值：7.67'>7.67</span>", "<span data-toggle='tooltip' data-placement='right' title='原始值：133.61'>133.6</span>", "<span data-toggle='tooltip' data-placement='right' title='原始值：13.38'>13.4</span>", "<span data-toggle='tooltip' data-placement='right' title='原始值：1.839'>1.84</span>", "<span data-toggle='tooltip' data-placement='right' title='原始值：0.004'>0.004</span>", "<span data-toggle='tooltip' data-placement='right' title='原始值：0.0238'>0.024</span>", "<span data-toggle='tooltip' data-placement='right' title='原始值：0.824'>0.82</span>", "<span data-toggle='tooltip' data-placement='right' title='原始值：0.0047'>0.005</span>", "<span data-toggle='tooltip' data-placement='right' title='原始值：1853548'>1853548</span>", "正常"], ["山东省", "黄河流域", "<span data-toggle='tooltip' data-placement='right' title='所在地市:济南市&#10;所属河流:黄河'>泺口</span>", "10-03 08:00", "Ⅱ", "<span data-toggle='tooltip' data-placement='right' title='原始值：20.5113'>20.5</span>", "<span data-toggle='tooltip' data-placement='right' title='原始值：8.11993'>8.12</span>", "<span data-toggle='tooltip' data-placement='right' title='原始值：8.84303'>8.84</span>", "<span data-toggle='tooltip' data-placement='right' title='原始值：718.23'>718.2</span>", "<span data-toggle='tooltip' data-placement='right' title='原始值：1527.69'>1527.7</span>", "<span data-toggle='tooltip' data-placement='right' title='原始值：2.61'>2.61</span>", "<span data-toggle='tooltip' data-placement='right' title='原始值：0.1149'>0.115</span>", "<span data-toggle='tooltip' data-placement='right' title='原始值：0.02067'>0.021</span>", "<span data-toggle='tooltip' data-placement='right' title='原始值：3.092'>3.09</span>", "*", "*", "正常"], ["山东省", "淮河流域", "<span data-toggle='tooltip' data-placement='right' title='所在地市:枣庄市&#10;所属河流:京杭大运河（韩庄运河）'>台儿庄大桥</span>", "10-03 08:00", "Ⅱ", "<span data-toggle='tooltip' data-placement='right' title='原始值：23.56'>23.6</span>", "<span data-toggle='tooltip' data-placement='right' title='原始值：7.60333'>7.60</span>", "<span data-toggle='tooltip' data-placement='right' title='原始值：6.06327'>6.06</span>", "<span data-toggle='tooltip' data-placement='right' title='原始值：843.6844'>843.7</span>", "<span data-toggle='tooltip' data-placement='right' title='原始值：36.87474'>36.9</span>", "<span data-toggle='tooltip' data-placement='right' title='原始值：3.45742'>3.46</span>", "<span data-toggle='tooltip' data-placement='right' title='原始值：0.05234'>0.052</span>", "<span data-toggle='tooltip' data-placement='right' title='原始值：0.06514'>0.065</span>", "<span data-toggle='tooltip' data-placement='right' title='原始值：1.84919'>1.85</span>", "*", "*", "正常"], ["山东省", "淮河流域", "<span data-toggle='tooltip' data-placement='right' title='所在地市:临沂市&#10;所属河流:沭河'>清泉寺</span>", "10-03 08:00", "Ⅲ", "<span data-toggle='tooltip' data-placement='right' title='原始值：21.80802'>21.8</span>", "<span data-toggle='tooltip' data-placement='right' title='原始值：8.15425'>8.15</span>", "<span data-toggle='tooltip' data-placement='right' title='原始值：7.07021'>7.07</span>", "<span data-toggle='tooltip' data-placement='right' title='原始值：837.5589'>837.6</span>", "<span data-toggle='tooltip' data-placement='right' title='原始值：30.5925'>30.6</span>", "<span data-toggle='tooltip' data-placement='right' title='原始值：5.79'>5.79</span>", "<span data-toggle='tooltip' data-placement='right' title='原始值：0.29'>0.290</span>", "*", "*", "*", "*", "正常"], ["山东省", "淮河流域", "<span data-toggle='tooltip' data-placement='right' title='所在地市:临沂市&#10;所属河流:沂河'>重坊桥</span>", "10-03 08:00", "Ⅱ", "<span data-toggle='tooltip' data-placement='right' title='原始值：22.19998'>22.2</span>", "<span data-toggle='tooltip' data-placement='right' title='原始值：7.87'>7.87</span>", "<span data-toggle='tooltip' data-placement='right' title='原始值：7.77664'>7.78</span>", "<span data-toggle='tooltip' data-placement='right' title='原始值：583.9066'>583.9</span>", "<span data-toggle='tooltip' data-placement='right' title='原始值：19.38037'>19.4</span>", "<span data-toggle='tooltip' data-placement='right' title='原始值：3.23'>3.23</span>", "<span data-toggle='tooltip' data-placement='right' title='原始值：0.19936'>0.199</span>", "*", "*", "*", "*", "正常"], ["山东省", "淮河流域", "<span data-toggle='tooltip' data-placement='right' title='所在地市:临沂市&#10;所属河流:白马河'>捷庄(涝沟桥)</span>", "10-03 08:00", "Ⅳ", "<span data-toggle='tooltip' data-placement='right' title='原始值：20.6'>20.6</span>", "<span data-toggle='tooltip' data-placement='right' title='原始值：7.64'>7.64</span>", "<span data-toggle='tooltip' data-placement='right' title='原始值：9.66744'>9.67</span>", "<span data-toggle='tooltip' data-placement='right' title='原始值：757'>757.0</span>", "<span data-toggle='tooltip' data-placement='right' title='原始值：36.82594'>36.8</span>", "<span data-toggle='tooltip' data-placement='right' title='原始值：6.41'>6.41</span>", "<span data-toggle='tooltip' data-placement='right' title='原始值：0.04319'>0.043</span>", "<span data-toggle='tooltip' data-placement='right' title='原始值：0.09733'>0.097</span>", "<span data-toggle='tooltip' data-placement='right' title='原始值：4.69792'>4.70</span>", "*", "*", "正常"], ["山东省", "海河流域", "<span data-toggle='tooltip' data-placement='right' title='所在地市:聊城市&#10;所属河流:卫运河'>秤勾湾(秤钩湾)</span>", null, "", "--", "--", "--", "--", "--", "--", "--", "--", "--", "*", "*", "停站"], ["河南省", "长江流域", "<span data-toggle='tooltip' data-placement='right' title='所在地市:南阳市&#10;所属河流:丹江口水库'>陶岔</span>", "10-03 08:00", "Ⅱ", "<span data-toggle='tooltip' data-placement='right' title='原始值：23.47'>23.5</span>", "<span data-toggle='tooltip' data-placement='right' title='原始值：7.74124'>7.74</span>", "<span data-toggle='tooltip' data-placement='right' title='原始值：7.4395'>7.44</span>", "<span data-toggle='tooltip' data-placement='right' title='原始值：280.6727'>280.7</span>", "<span data-toggle='tooltip' data-placement='right' title='原始值：2.36391'>2.4</span>", "<span data-toggle='tooltip' data-placement='right' title='原始值：2.01'>2.01</span>", "<span data-toggle='tooltip' data-placement='right' title='原始值：0.0484'>0.048</span>", "<span data-toggle='tooltip' data-placement='right' title='原始值：0.01219'>0.012</span>", "<span data-toggle='tooltip' data-placement='right' title='原始值：0.90544'>0.91</span>", "<span data-toggle='tooltip' data-placement='right' title='原始值：0.00378'>0.004</span>", "<span data-toggle='tooltip' data-placement='right' title='原始值：417860.8'>417861</span>", "正常"], ["河南省", "淮河流域", "<span data-toggle='tooltip' data-placement='right' title='所在地市:商丘市&#10;所属河流:浍河'>黄口</span>", "10-03 08:00", "Ⅲ", "<span data-toggle='tooltip' data-placement='right' title='原始值：19.15'>19.2</span>", "<span data-toggle='tooltip' data-placement='right' title='原始值：7.245'>7.24</span>", "<span data-toggle='tooltip' data-placement='right' title='原始值：5.14016'>5.14</span>", "<span data-toggle='tooltip' data-placement='right' title='原始值：1561.5'>1561.5</span>", "<span data-toggle='tooltip' data-placement='right' title='原始值：48.21414'>48.2</span>", "<span data-toggle='tooltip' data-placement='right' title='原始值：3.06'>3.06</span>", "<span data-toggle='tooltip' data-placement='right' title='原始值：0.07877'>0.079</span>", "<span data-toggle='tooltip' data-placement='right' title='原始值：0.0663'>0.066</span>", "<span data-toggle='tooltip' data-placement='right' title='原始值：14.08777'>14.09</span>", "*", "*", "正常"], ["河南省", "淮河流域", "<span data-toggle='tooltip' data-placement='right' title='所在地市:信阳市&#10;所属河流:史灌河'>蒋集</span>", "10-03 08:00", "Ⅲ", "<span data-toggle='tooltip' data-placement='right' title='原始值：24.8437'>24.8</span>", "<span data-toggle='tooltip' data-placement='right' title='原始值：7.0665'>7.07</span>", "<span data-toggle='tooltip' data-placement='right' title='原始值：5.76'>5.76</span>", "<span data-toggle='tooltip' data-placement='right' title='原始值：212.9695'>213.0</span>", "<span data-toggle='tooltip' data-placement='right' title='原始值：444.4028'>444.4</span>", "<span data-toggle='tooltip' data-placement='right' title='原始值：3.21'>3.21</span>", "<span data-toggle='tooltip' data-placement='right' title='原始值：0.06767'>0.068</span>", "*", "*", "*", "*", "正常"], ["河南省", "淮河流域", "<span data-toggle='tooltip' data-placement='right' title='所在地市:信阳市&#10;所属河流:淮河'>淮滨水文站(淮滨)</span>", "10-03 08:00", "Ⅲ", "<span data-toggle='tooltip' data-placement='right' title='原始值：21.8'>21.8</span>", "<span data-toggle='tooltip' data-placement='right' title='原始值：7.2'>7.20</span>", "<span data-toggle='tooltip' data-placement='right' title='原始值：7.30999'>7.31</span>", "<span data-toggle='tooltip' data-placement='right' title='原始值：243'>243.0</span>", "<span data-toggle='tooltip' data-placement='right' title='原始值：278.2875'>278.3</span>", "<span data-toggle='tooltip' data-placement='right' title='原始值：2.52758'>2.53</span>", "<span data-toggle='tooltip' data-placement='right' title='原始值：0.13668'>0.137</span>", "<span data-toggle='tooltip' data-placement='right' title='原始值：0.13111'>0.131</span>", "<span data-toggle='tooltip' data-placement='right' title='原始值：1.11343'>1.11</span>", "*", "*", "正常"], ["河南省", "淮河流域", "<span data-toggle='tooltip' data-placement='right' title='所在地市:周口市&#10;所属河流:沙河'>沈丘闸</span>", "10-03 08:00", "Ⅳ", "<span data-toggle='tooltip' data-placement='right' title='原始值：23.44737'>23.4</span>", "<span data-toggle='tooltip' data-placement='right' title='原始值：7.25707'>7.26</span>", "<span data-toggle='tooltip' data-placement='right' title='原始值：3.05365'>3.05</span>", "<span data-toggle='tooltip' data-placement='right' title='原始值：1048'>1048.0</span>", "<span data-toggle='tooltip' data-placement='right' title='原始值：19.31592'>19.3</span>", "<span data-toggle='tooltip' data-placement='right' title='原始值：3.14878'>3.15</span>", "<span data-toggle='tooltip' data-placement='right' title='原始值：0.03'>0.030</span>", "*", "*", "*", "*", "正常"], ["河南省", "淮河流域", "<span data-toggle='tooltip' data-placement='right' title='所在地市:周口市&#10;所属河流:涡河'>鹿邑付桥(鹿邑付桥闸)</span>", "10-03 08:00", "Ⅲ", "<span data-toggle='tooltip' data-placement='right' title='原始值：21.99802'>22.0</span>", "<span data-toggle='tooltip' data-placement='right' title='原始值：8.36671'>8.37</span>", "<span data-toggle='tooltip' data-placement='right' title='原始值：6.50187'>6.50</span>", "<span data-toggle='tooltip' data-placement='right' title='原始值：1423.388'>1423.4</span>", "<span data-toggle='tooltip' data-placement='right' title='原始值：10.23425'>10.2</span>", "<span data-toggle='tooltip' data-placement='right' title='原始值：5.915'>5.92</span>", "<span data-toggle='tooltip' data-placement='right' title='原始值：0.11'>0.110</span>", "<span data-toggle='tooltip' data-placement='right' title='原始值：0.1538'>0.154</span>", "<span data-toggle='tooltip' data-placement='right' title='原始值：1.11817'>1.12</span>", "*", "*", "正常"], ["河南省", "淮河流域", "<span data-toggle='tooltip' data-placement='right' title='所在地市:驻马店市&#10;所属河流:洪河'>新蔡班台(班台)</span>", "10-03 08:00", "Ⅴ", "<span data-toggle='tooltip' data-placement='right' title='原始值：22.92485'>22.9</span>", "<span data-toggle='tooltip' data-placement='right' title='原始值：7.41826'>7.42</span>", "<span data-toggle='tooltip' data-placement='right' title='原始值：6.28917'>6.29</span>", "<span data-toggle='tooltip' data-placement='right' title='原始值：833.5924'>833.6</span>", "<span data-toggle='tooltip' data-placement='right' title='原始值：10.71456'>10.7</span>", "<span data-toggle='tooltip' data-placement='right' title='原始值：3.405'>3.40</span>", "<span data-toggle='tooltip' data-placement='right' title='原始值：0.12'>0.120</span>", "<span data-toggle='tooltip' data-placement='right' title='原始值：0.30437'>0.304</span>", "<span data-toggle='tooltip' data-placement='right' title='原始值：3.05666'>3.06</span>", "*", "*", "正常"], ["河南省", "黄河流域", "<span data-toggle='tooltip' data-placement='right' title='所在地市:济源市&#10;所属河流:黄河'>小浪底水库(小浪底)</span>", "10-03 08:00", "", "<span data-toggle='tooltip' data-placement='right' title='原始值：21.74985'>21.7</span>", "<span data-toggle='tooltip' data-placement='right' title='原始值：8.14693'>8.15</span>", "<span data-toggle='tooltip' data-placement='right' title='原始值：9.85143'>9.85</span>", "<span data-toggle='tooltip' data-placement='right' title='原始值：583.9539'>584.0</span>", "<span data-toggle='tooltip' data-placement='right' title='原始值：7.30967'>7.3</span>", "<span data-toggle='tooltip' data-placement='right' title='原始值：1.2125'>1.21</span>", "<span data-toggle='tooltip' data-placement='right' title='原始值：2.54'>2.540</span>", "<span data-toggle='tooltip' data-placement='right' title='极值过滤'>--</span>", "<span data-toggle='tooltip' data-placement='right' title='极值过滤'>--</span>", "*", "*", "维护"], ["湖北省", "长江流域", "<span data-toggle='tooltip' data-placement='right' title='所在地市:武汉市&#10;所属河流:汉江'>宗关</span>", null, "", "--", "--", "--", "--", "--", "--", "--", "--", "--", "--", "*", "停站"], ["湖北省", "长江流域", "<span data-toggle='tooltip' data-placement='right' title='所在地市:十堰市&#10;所属河流:丹江口水库'>坝上中(胡家岭)</span>", "10-03 08:00", "Ⅱ", "<span data-toggle='tooltip' data-placement='right' title='原始值：24.18'>24.2</span>", "<span data-toggle='tooltip' data-placement='right' title='原始值：7.801702'>7.80</span>", "<span data-toggle='tooltip' data-placement='right' title='原始值：6.32805'>6.33</span>", "<span data-toggle='tooltip' data-placement='right' title='原始值：235.319'>235.3</span>", "<span data-toggle='tooltip' data-placement='right' title='原始值：1.801188'>1.8</span>", "<span data-toggle='tooltip' data-placement='right' title='原始值：2.37'>2.37</span>", "<span data-toggle='tooltip' data-placement='right' title='原始值：0.113'>0.113</span>", "<span data-toggle='tooltip' data-placement='right' title='原始值：0.014'>0.014</span>", "<span data-toggle='tooltip' data-placement='right' title='原始值：1.276'>1.28</span>", "<span data-toggle='tooltip' data-placement='right' title='原始值：0.0148796'>0.015</span>", "<span data-toggle='tooltip' data-placement='right' title='原始值：1.2307E+07'>12307000</span>", "正常"], ["湖北省", "长江流域", "<span data-toggle='tooltip' data-placement='right' title='所在地市:宜昌市&#10;所属河流:长江'>南津关</span>", null, "", "--", "--", "--", "--", "--", "--", "--", "--", "--", "--", "*", "维护"], ["湖南省", "长江流域", "<span data-toggle='tooltip' data-placement='right' title='所在地市:长沙市&#10;所属河流:湘江'>新港</span>", "10-03 08:00", "Ⅱ", "<span data-toggle='tooltip' data-placement='right' title='原始值：23.62'>23.6</span>", "<span data-toggle='tooltip' data-placement='right' title='原始值：7.21'>7.21</span>", "<span data-toggle='tooltip' data-placement='right' title='原始值：7.43'>7.43</span>", "<span data-toggle='tooltip' data-placement='right' title='原始值：240.34'>240.3</span>", "<span data-toggle='tooltip' data-placement='right' title='原始值：40.83'>40.8</span>", "<span data-toggle='tooltip' data-placement='right' title='原始值：1.57'>1.57</span>", "<span data-toggle='tooltip' data-placement='right' title='原始值：0.035'>0.035</span>", "<span data-toggle='tooltip' data-placement='right' title='原始值：0.073'>0.073</span>", "<span data-toggle='tooltip' data-placement='right' title='原始值：1.59'>1.59</span>", "*", "*", "正常"], ["湖南省", "长江流域", "<span data-toggle='tooltip' data-placement='right' title='所在地市:岳阳市&#10;所属河流:洞庭湖'>岳阳楼</span>", "10-03 08:00", "Ⅳ", "<span data-toggle='tooltip' data-placement='right' title='原始值：21.79'>21.8</span>", "<span data-toggle='tooltip' data-placement='right' title='原始值：7.798148'>7.80</span>", "<span data-toggle='tooltip' data-placement='right' title='原始值：6.424556'>6.42</span>", "<span data-toggle='tooltip' data-placement='right' title='原始值：236.1169'>236.1</span>", "<span data-toggle='tooltip' data-placement='right' title='原始值：41.53293'>41.5</span>", "<span data-toggle='tooltip' data-placement='right' title='原始值：5.96'>5.96</span>", "<span data-toggle='tooltip' data-placement='right' title='原始值：0.013'>0.013</span>", "<span data-toggle='tooltip' data-placement='right' title='原始值：0.098'>0.098</span>", "<span data-toggle='tooltip' data-placement='right' title='原始值：2.498'>2.50</span>", "<span data-toggle='tooltip' data-placement='right' title='原始值：0.0032188'>0.003</span>", "<span data-toggle='tooltip' data-placement='right' title='原始值：244.161'>244</span>", "正常"], ["湖南省", "长江流域", "<span data-toggle='tooltip' data-placement='right' title='所在地市:岳阳市&#10;所属河流:长江'>城陵矶</span>", "10-03 08:00", "", "<span data-toggle='tooltip' data-placement='right' title='原始值：22.7'>22.7</span>", "<span data-toggle='tooltip' data-placement='right' title='原始值：7.657371'>7.66</span>", "<span data-toggle='tooltip' data-placement='right' title='原始值：7.89249'>7.89</span>", "<span data-toggle='tooltip' data-placement='right' title='原始值：232.695'>232.7</span>", "<span data-toggle='tooltip' data-placement='right' title='原始值：52.80315'>52.8</span>", "--", "<span data-toggle='tooltip' data-placement='right' title='原始值：0.014'>0.014</span>", "<span data-toggle='tooltip' data-placement='right' title='原始值：0.096'>0.096</span>", "<span data-toggle='tooltip' data-placement='right' title='原始值：1.1719'>1.17</span>", "*", "*", "维护"], ["广东省", "珠江流域", "<span data-toggle='tooltip' data-placement='right' title='所在地市:清远市&#10;所属河流:北江'>七星岗</span>", "10-03 08:00", "Ⅲ", "<span data-toggle='tooltip' data-placement='right' title='原始值：27.97892'>28.0</span>", "<span data-toggle='tooltip' data-placement='right' title='原始值：7.51474'>7.51</span>", "<span data-toggle='tooltip' data-placement='right' title='原始值：5.78896'>5.79</span>", "<span data-toggle='tooltip' data-placement='right' title='原始值：247.4416'>247.4</span>", "<span data-toggle='tooltip' data-placement='right' title='原始值：10.18006'>10.2</span>", "<span data-toggle='tooltip' data-placement='right' title='原始值：1.15'>1.15</span>", "<span data-toggle='tooltip' data-placement='right' title='原始值：0.13527'>0.135</span>", "<span data-toggle='tooltip' data-placement='right' title='原始值：0.02986'>0.030</span>", "<span data-toggle='tooltip' data-placement='right' title='原始值：0.7388'>0.74</span>", "*", "*", "正常"], ["广东省", "珠江流域", "<span data-toggle='tooltip' data-placement='right' title='所在地市:中山市&#10;所属河流:西江'>横栏</span>", "10-03 08:00", "Ⅰ", "<span data-toggle='tooltip' data-placement='right' title='原始值：25.7'>25.7</span>", "<span data-toggle='tooltip' data-placement='right' title='原始值：7.71'>7.71</span>", "<span data-toggle='tooltip' data-placement='right' title='原始值：8.45'>8.45</span>", "<span data-toggle='tooltip' data-placement='right' title='原始值：234'>234.0</span>", "<span data-toggle='tooltip' data-placement='right' title='原始值：28.1'>28.1</span>", "<span data-toggle='tooltip' data-placement='right' title='原始值：1.85'>1.85</span>", "<span data-toggle='tooltip' data-placement='right' title='原始值：0.10199'>0.102</span>", "*", "*", "*", "*", "正常"], ["广西壮族自治区", "珠江流域", "<span data-toggle='tooltip' data-placement='right' title='所在地市:南宁市&#10;所属河流:邕江'>老口</span>", null, "", "--", "--", "--", "--", "--", "--", "--", "--", "--", "*", "*", "维护"], ["广西壮族自治区", "珠江流域", "<span data-toggle='tooltip' data-placement='right' title='所在地市:桂林市&#10;所属河流:漓江'>阳朔</span>", null, "", "--", "--", "--", "--", "--", "--", "--", "--", "--", "*", "*", "停站"], ["广西壮族自治区", "珠江流域", "<span data-toggle='tooltip' data-placement='right' title='所在地市:梧州市&#10;所属河流:浔江'>界首</span>", null, "", "--", "--", "--", "--", "--", "--", "--", "--", "--", "*", "*", "停站"], ["广西壮族自治区", "珠江流域", "<span data-toggle='tooltip' data-placement='right' title='所在地市:贵港市&#10;所属河流:浔江'>石嘴</span>", "10-03 08:00", "Ⅰ", "<span data-toggle='tooltip' data-placement='right' title='原始值：27.04858'>27.0</span>", "<span data-toggle='tooltip' data-placement='right' title='原始值：7.91345'>7.91</span>", "<span data-toggle='tooltip' data-placement='right' title='原始值：7.81729'>7.82</span>", "<span data-toggle='tooltip' data-placement='right' title='原始值：292.0159'>292.0</span>", "<span data-toggle='tooltip' data-placement='right' title='原始值：21.98436'>22.0</span>", "<span data-toggle='tooltip' data-placement='right' title='原始值：1.41'>1.41</span>", "<span data-toggle='tooltip' data-placement='right' title='原始值：0.09'>0.090</span>", "<span data-toggle='tooltip' data-placement='right' title='原始值：0.0096'>0.010</span>", "<span data-toggle='tooltip' data-placement='right' title='原始值：0.0729'>0.07</span>", "*", "*", "正常"], ["广西壮族自治区", "珠江流域", "<span data-toggle='tooltip' data-placement='right' title='所在地市:崇左市&#10;所属河流:平而河'>平而关</span>", "10-03 08:00", "Ⅱ", "<span data-toggle='tooltip' data-placement='right' title='原始值：26.89609'>26.9</span>", "<span data-toggle='tooltip' data-placement='right' title='原始值：7.81182'>7.81</span>", "<span data-toggle='tooltip' data-placement='right' title='原始值：7.18643'>7.19</span>", "<span data-toggle='tooltip' data-placement='right' title='原始值：223.3469'>223.3</span>", "<span data-toggle='tooltip' data-placement='right' title='原始值：46.99629'>47.0</span>", "<span data-toggle='tooltip' data-placement='right' title='原始值：1.195'>1.20</span>", "<span data-toggle='tooltip' data-placement='right' title='原始值：0.07'>0.070</span>", "*", "*", "*", "*", "正常"], ["重庆市", "长江流域", "<span data-toggle='tooltip' data-placement='right' title='所在地市:永川区&#10;所属河流:长江'>朱沱</span>", null, "", "--", "--", "--", "--", "--", "--", "--", "--", "--", "*", "*", "停站"], ["四川省", "长江流域", "<span data-toggle='tooltip' data-placement='right' title='所在地市:攀枝花市&#10;所属河流:金沙江'>龙洞</span>", "10-03 08:00", "Ⅰ", "<span data-toggle='tooltip' data-placement='right' title='原始值：20.8'>20.8</span>", "<span data-toggle='tooltip' data-placement='right' title='原始值：8.274297'>8.27</span>", "<span data-toggle='tooltip' data-placement='right' title='原始值：9.897674'>9.90</span>", "<span data-toggle='tooltip' data-placement='right' title='原始值：797.472'>797.5</span>", "<span data-toggle='tooltip' data-placement='right' title='原始值：10.2478'>10.2</span>", "<span data-toggle='tooltip' data-placement='right' title='原始值：1.07'>1.07</span>", "<span data-toggle='tooltip' data-placement='right' title='原始值：0.008'>0.008</span>", "<span data-toggle='tooltip' data-placement='right' title='原始值：0.017027'>0.017</span>", "<span data-toggle='tooltip' data-placement='right' title='原始值：0.728047'>0.73</span>", "*", "*", "正常"], ["四川省", "长江流域", "<span data-toggle='tooltip' data-placement='right' title='所在地市:泸州市&#10;所属河流:沱江'>沱江大桥(沱江二桥)</span>", "10-03 08:00", "Ⅲ", "<span data-toggle='tooltip' data-placement='right' title='原始值：23.71'>23.7</span>", "<span data-toggle='tooltip' data-placement='right' title='原始值：8.154286'>8.15</span>", "<span data-toggle='tooltip' data-placement='right' title='原始值：7.964348'>7.96</span>", "<span data-toggle='tooltip' data-placement='right' title='原始值：493.6819'>493.7</span>", "<span data-toggle='tooltip' data-placement='right' title='原始值：78.02068'>78.0</span>", "<span data-toggle='tooltip' data-placement='right' title='原始值：3.44'>3.44</span>", "<span data-toggle='tooltip' data-placement='right' title='原始值：0.016'>0.016</span>", "<span data-toggle='tooltip' data-placement='right' title='原始值：0.177232'>0.177</span>", "<span data-toggle='tooltip' data-placement='right' title='原始值：4.312459'>4.31</span>", "*", "*", "正常"], ["四川省", "长江流域", "<span data-toggle='tooltip' data-placement='right' title='所在地市:广元市&#10;所属河流:嘉陵江'>清风峡</span>", null, "", "--", "--", "--", "--", "--", "--", "--", "--", "--", "*", "*", "停站"], ["四川省", "长江流域", "<span data-toggle='tooltip' data-placement='right' title='所在地市:乐山市&#10;所属河流:岷江'>岷江大桥</span>", null, "", "--", "--", "--", "--", "--", "--", "--", "*", "*", "*", "*", "维护"], ["四川省", "长江流域", "<span data-toggle='tooltip' data-placement='right' title='所在地市:宜宾市&#10;所属河流:岷江'>凉姜沟</span>", null, "", "--", "--", "--", "--", "--", "--", "--", "--", "--", "*", "*", "停站"], ["云南省", "滇池流域", "<span data-toggle='tooltip' data-placement='right' title='所在地市:昆明市&#10;所属河流:滇池'>西苑隧道</span>", null, "", "--", "--", "--", "--", "--", "--", "--", "--", "--", "--", "--", "停站"], ["云南省", "滇池流域", "<span data-toggle='tooltip' data-placement='right' title='所在地市:昆明市&#10;所属河流:滇池'>观音山</span>", "10-03 08:00", "Ⅳ", "<span data-toggle='tooltip' data-placement='right' title='原始值：22.49047'>22.5</span>", "<span data-toggle='tooltip' data-placement='right' title='原始值：8.44836'>8.45</span>", "<span data-toggle='tooltip' data-placement='right' title='原始值：7.57547'>7.58</span>", "<span data-toggle='tooltip' data-placement='right' title='原始值：432.7769'>432.8</span>", "<span data-toggle='tooltip' data-placement='right' title='原始值：48.98621'>49.0</span>", "<span data-toggle='tooltip' data-placement='right' title='原始值：7.16923'>7.17</span>", "<span data-toggle='tooltip' data-placement='right' title='原始值：0.5'>0.500</span>", "<span data-toggle='tooltip' data-placement='right' title='原始值：0.0845'>0.084</span>", "<span data-toggle='tooltip' data-placement='right' title='原始值：1.518'>1.52</span>", "<span data-toggle='tooltip' data-placement='right' title='原始值：0.00287'>0.003</span>", "<span data-toggle='tooltip' data-placement='right' title='原始值：2.168098E+07'>21680980</span>", "正常"], ["云南省", "西南诸河", "<span data-toggle='tooltip' data-placement='right' title='所在地市:红河哈尼族彝族自治州&#10;所属河流:红河'>河口县医院(河口)</span>", "10-03 08:00", "Ⅱ", "<span data-toggle='tooltip' data-placement='right' title='原始值：25.7391'>25.7</span>", "<span data-toggle='tooltip' data-placement='right' title='原始值：7.35537'>7.36</span>", "<span data-toggle='tooltip' data-placement='right' title='原始值：7.77819'>7.78</span>", "<span data-toggle='tooltip' data-placement='right' title='原始值：233.838'>233.8</span>", "<span data-toggle='tooltip' data-placement='right' title='原始值：75.03181'>75.0</span>", "<span data-toggle='tooltip' data-placement='right' title='原始值：2.13678'>2.14</span>", "<span data-toggle='tooltip' data-placement='right' title='原始值：0.01742'>0.017</span>", "<span data-toggle='tooltip' data-placement='right' title='原始值：0.08841'>0.088</span>", "<span data-toggle='tooltip' data-placement='right' title='原始值：1.61473'>1.61</span>", "*", "*", "正常"], ["云南省", "西南诸河", "<span data-toggle='tooltip' data-placement='right' title='所在地市:西双版纳傣族自治州&#10;所属河流:澜沧江'>橄榄坝</span>", "10-03 08:00", "Ⅰ", "<span data-toggle='tooltip' data-placement='right' title='原始值：20.05764'>20.1</span>", "<span data-toggle='tooltip' data-placement='right' title='原始值：7.76826'>7.77</span>", "<span data-toggle='tooltip' data-placement='right' title='原始值：8.49033'>8.49</span>", "<span data-toggle='tooltip' data-placement='right' title='原始值：463.7971'>463.8</span>", "<span data-toggle='tooltip' data-placement='right' title='原始值：36.55093'>36.6</span>", "<span data-toggle='tooltip' data-placement='right' title='原始值：1.28'>1.28</span>", "<span data-toggle='tooltip' data-placement='right' title='原始值：0.07715'>0.077</span>", "*", "*", "*", "*", "正常"], ["陕西省", "黄河流域", "<span data-toggle='tooltip' data-placement='right' title='所在地市:渭南市&#10;所属河流:渭河'>潼关吊桥</span>", null, "", "--", "--", "--", "--", "--", "--", "--", "--", "--", "*", "*", "停站"], ["甘肃省", "黄河流域", "<span data-toggle='tooltip' data-placement='right' title='所在地市:兰州市&#10;所属河流:黄河'>新城桥</span>", "10-03 08:00", "", "<span data-toggle='tooltip' data-placement='right' title='原始值：15.08252'>15.1</span>", "<span data-toggle='tooltip' data-placement='right' title='原始值：7.41105'>7.41</span>", "<span data-toggle='tooltip' data-placement='right' title='原始值：7.37885'>7.38</span>", "<span data-toggle='tooltip' data-placement='right' title='原始值：418.4958'>418.5</span>", "<span data-toggle='tooltip' data-placement='right' title='原始值：84.24273'>84.2</span>", "<span data-toggle='tooltip' data-placement='right' title='原始值：1.7'>1.70</span>", "<span data-toggle='tooltip' data-placement='right' title='极值过滤'>--</span>", "<span data-toggle='tooltip' data-placement='right' title='原始值：0.01907'>0.019</span>", "<span data-toggle='tooltip' data-placement='right' title='原始值：1.69238'>1.69</span>", "*", "*", "维护"], ["宁夏回族自治区", "黄河流域", "<span data-toggle='tooltip' data-placement='right' title='所在地市:中卫市&#10;所属河流:黄河'>中卫下河沿(新墩)</span>", "10-03 08:00", "Ⅱ", "<span data-toggle='tooltip' data-placement='right' title='原始值：16.75198'>16.8</span>", "<span data-toggle='tooltip' data-placement='right' title='原始值：7.36609'>7.37</span>", "<span data-toggle='tooltip' data-placement='right' title='原始值：7.77143'>7.77</span>", "<span data-toggle='tooltip' data-placement='right' title='原始值：555.2684'>555.3</span>", "<span data-toggle='tooltip' data-placement='right' title='原始值：390.8109'>390.8</span>", "<span data-toggle='tooltip' data-placement='right' title='原始值：1.9'>1.90</span>", "<span data-toggle='tooltip' data-placement='right' title='原始值：0.09'>0.090</span>", "<span data-toggle='tooltip' data-placement='right' title='原始值：0.0792'>0.079</span>", "<span data-toggle='tooltip' data-placement='right' title='原始值：1.2708'>1.27</span>", "*", "*", "正常"]]}