{"result": 1, "total": 1, "records": 98, "thead": ["省份", "流域", "断面名称", "监测时间", "水质类别", "水温<br/><span class='unit'>(℃)</span>", "pH<br/><span class='unit'>(无量纲)</span>", "溶解氧<br/><span class='unit'>(mg/L)</span>", "电导率<br/><span class='unit'>(μS/cm)</span>", "浊度<br/><span class='unit'>(NTU)</span>", "高锰酸盐指数<br/><span class='unit'>(mg/L)</span>", "氨氮<br/><span class='unit'>(mg/L)</span>", "总磷<br/><span class='unit'>(mg/L)</span>", "总氮<br/><span class='unit'>(mg/L)</span>", "叶绿素α<br/><span class='unit'>(mg/L)</span>", "藻密度<br/><span class='unit'>(cells/L)</span>", "站点情况"], "tbody": [["北京市", "海河流域", "<span data-toggle='tooltip' data-placement='right' title='所在地市:门头沟区&#10;所属河流:永定河'>沿河城</span>", "10-18 08:00", "Ⅳ", "<span data-toggle='tooltip' data-placement='right' title='原始值：13.85857'>13.9</span>", "<span data-toggle='tooltip' data-placement='right' title='原始值：8.29961'>8.30</span>", "<span data-toggle='tooltip' data-placement='right' title='原始值：9.53034'>9.53</span>", "<span data-toggle='tooltip' data-placement='right' title='原始值：1581.905'>1581.9</span>", "<span data-toggle='tooltip' data-placement='right' title='原始值：30.09081'>30.1</span>", "<span data-toggle='tooltip' data-placement='right' title='原始值：6.57'>6.57</span>", "<span data-toggle='tooltip' data-placement='right' title='原始值：0.29'>0.290</span>", "<span data-toggle='tooltip' data-placement='right' title='原始值：0.05034'>0.050</span>", "<span data-toggle='tooltip' data-placement='right' title='原始值：0.74746'>0.75</span>", "*", "*", "正常"], ["北京市", "海河流域", "<span data-toggle='tooltip' data-placement='right' title='所在地市:密云区&#10;所属河流:潮河'>古北口</span>", "10-18 08:00", "", "<span data-toggle='tooltip' data-placement='right' title='原始值：10.97356'>11.0</span>", "<span data-toggle='tooltip' data-placement='right' title='原始值：7.8852'>7.89</span>", "<span data-toggle='tooltip' data-placement='right' title='原始值：10.53553'>10.54</span>", "<span data-toggle='tooltip' data-placement='right' title='原始值：720.9796'>721.0</span>", "<span data-toggle='tooltip' data-placement='right' title='原始值：1.53404'>1.5</span>", "<span data-toggle='tooltip' data-placement='right' title='原始值：1.0375'>1.04</span>", "<span data-toggle='tooltip' data-placement='right' title='原始值：0.17'>0.170</span>", "<span data-toggle='tooltip' data-placement='right' title='极值过滤'>--</span>", "<span data-toggle='tooltip' data-placement='right' title='原始值：8.1102'>8.11</span>", "*", "*", "维护"], ["天津市", "海河流域", "<span data-toggle='tooltip' data-placement='right' title='所在地市:河北区&#10;所属河流:海河'>三岔口</span>", "10-18 08:00", "Ⅱ", "<span data-toggle='tooltip' data-placement='right' title='原始值：17.7102'>17.7</span>", "<span data-toggle='tooltip' data-placement='right' title='原始值：7.7179'>7.72</span>", "<span data-toggle='tooltip' data-placement='right' title='原始值：7.139'>7.14</span>", "<span data-toggle='tooltip' data-placement='right' title='原始值：528.4709'>528.5</span>", "<span data-toggle='tooltip' data-placement='right' title='原始值：8.701'>8.7</span>", "<span data-toggle='tooltip' data-placement='right' title='原始值：2.04'>2.04</span>", "<span data-toggle='tooltip' data-placement='right' title='原始值：0.24'>0.240</span>", "<span data-toggle='tooltip' data-placement='right' title='原始值：0.005'>0.005</span>", "<span data-toggle='tooltip' data-placement='right' title='原始值：1.4103'>1.41</span>", "*", "*", "正常"], ["天津市", "海河流域", "<span data-toggle='tooltip' data-placement='right' title='所在地市:蓟州区&#10;所属河流:果河'>果河桥</span>", "10-18 08:00", "Ⅱ", "<span data-toggle='tooltip' data-placement='right' title='原始值：15.1'>15.1</span>", "<span data-toggle='tooltip' data-placement='right' title='原始值：8.15'>8.15</span>", "<span data-toggle='tooltip' data-placement='right' title='原始值：8.576'>8.58</span>", "<span data-toggle='tooltip' data-placement='right' title='原始值：568.467'>568.5</span>", "<span data-toggle='tooltip' data-placement='right' title='原始值：15.5'>15.5</span>", "<span data-toggle='tooltip' data-placement='right' title='原始值：2.2655'>2.27</span>", "<span data-toggle='tooltip' data-placement='right' title='原始值：0.3'>0.300</span>", "<span data-toggle='tooltip' data-placement='right' title='原始值：0.0769'>0.077</span>", "<span data-toggle='tooltip' data-placement='right' title='原始值：2.7303'>2.73</span>", "*", "*", "正常"], ["河北省", "海河流域", "<span data-toggle='tooltip' data-placement='right' title='所在地市:石家庄市&#10;所属河流:滹沱河'>岗南水库</span>", "10-18 08:00", "Ⅲ", "<span data-toggle='tooltip' data-placement='right' title='原始值：19.7067'>19.7</span>", "<span data-toggle='tooltip' data-placement='right' title='原始值：8.39112'>8.39</span>", "<span data-toggle='tooltip' data-placement='right' title='原始值：8.21216'>8.21</span>", "<span data-toggle='tooltip' data-placement='right' title='原始值：536.7534'>536.8</span>", "<span data-toggle='tooltip' data-placement='right' title='原始值：1.88649'>1.9</span>", "<span data-toggle='tooltip' data-placement='right' title='原始值：1.88867'>1.89</span>", "<span data-toggle='tooltip' data-placement='right' title='原始值：0.07'>0.070</span>", "<span data-toggle='tooltip' data-placement='right' title='原始值：0.03155'>0.032</span>", "<span data-toggle='tooltip' data-placement='right' title='原始值：2.63613'>2.64</span>", "*", "*", "正常"], ["河北省", "海河流域", "<span data-toggle='tooltip' data-placement='right' title='所在地市:张家口市&#10;所属河流:永定河'>八号桥</span>", "10-18 08:00", "Ⅲ", "<span data-toggle='tooltip' data-placement='right' title='原始值：11.12225'>11.1</span>", "<span data-toggle='tooltip' data-placement='right' title='原始值：8.5627'>8.56</span>", "<span data-toggle='tooltip' data-placement='right' title='原始值：10.51097'>10.51</span>", "<span data-toggle='tooltip' data-placement='right' title='原始值：1153.627'>1153.6</span>", "<span data-toggle='tooltip' data-placement='right' title='原始值：52.17018'>52.2</span>", "<span data-toggle='tooltip' data-placement='right' title='原始值：5.71'>5.71</span>", "<span data-toggle='tooltip' data-placement='right' title='原始值：0.11'>0.110</span>", "<span data-toggle='tooltip' data-placement='right' title='原始值：0.131'>0.131</span>", "<span data-toggle='tooltip' data-placement='right' title='原始值：4.415'>4.42</span>", "*", "*", "正常"], ["山西省", "黄河流域", "<span data-toggle='tooltip' data-placement='right' title='所在地市:运城市&#10;所属河流:汾河'>河津大桥</span>", "10-18 04:00", "Ⅲ", "<span data-toggle='tooltip' data-placement='right' title='原始值：17.82084'>17.8</span>", "<span data-toggle='tooltip' data-placement='right' title='原始值：8.09387'>8.09</span>", "<span data-toggle='tooltip' data-placement='right' title='原始值：9.01437'>9.01</span>", "<span data-toggle='tooltip' data-placement='right' title='原始值：1727.153'>1727.2</span>", "<span data-toggle='tooltip' data-placement='right' title='原始值：60.02956'>60.0</span>", "<span data-toggle='tooltip' data-placement='right' title='原始值：5.85'>5.85</span>", "<span data-toggle='tooltip' data-placement='right' title='原始值：0.06'>0.060</span>", "*", "*", "*", "*", "正常"], ["山西省", "黄河流域", "<span data-toggle='tooltip' data-placement='right' title='所在地市:忻州市&#10;所属河流:黄河'>万家寨水库</span>", "10-18 08:00", "Ⅲ", "<span data-toggle='tooltip' data-placement='right' title='原始值：12.8728'>12.9</span>", "<span data-toggle='tooltip' data-placement='right' title='原始值：8.14926'>8.15</span>", "<span data-toggle='tooltip' data-placement='right' title='原始值：10.02974'>10.03</span>", "<span data-toggle='tooltip' data-placement='right' title='原始值：507.9826'>508.0</span>", "<span data-toggle='tooltip' data-placement='right' title='原始值：28.68331'>28.7</span>", "<span data-toggle='tooltip' data-placement='right' title='原始值：4.69'>4.69</span>", "<span data-toggle='tooltip' data-placement='right' title='原始值：0.4'>0.400</span>", "<span data-toggle='tooltip' data-placement='right' title='原始值：0.058'>0.058</span>", "<span data-toggle='tooltip' data-placement='right' title='原始值：2.375'>2.38</span>", "*", "*", "正常"], ["内蒙古自治区", "黄河流域", "<span data-toggle='tooltip' data-placement='right' title='所在地市:包头市&#10;所属河流:黄河'>画匠营子</span>", "10-18 08:00", "Ⅲ", "<span data-toggle='tooltip' data-placement='right' title='原始值：13.59677'>13.6</span>", "<span data-toggle='tooltip' data-placement='right' title='原始值：8.03312'>8.03</span>", "<span data-toggle='tooltip' data-placement='right' title='原始值：8.83611'>8.84</span>", "<span data-toggle='tooltip' data-placement='right' title='原始值：726.5033'>726.5</span>", "<span data-toggle='tooltip' data-placement='right' title='原始值：1627.237'>1627.2</span>", "<span data-toggle='tooltip' data-placement='right' title='原始值：4.11231'>4.11</span>", "<span data-toggle='tooltip' data-placement='right' title='原始值：0.057'>0.057</span>", "*", "*", "*", "*", "正常"], ["内蒙古自治区", "黄河流域", "<span data-toggle='tooltip' data-placement='right' title='所在地市:乌海市&#10;所属河流:黄河'>海勃湾</span>", "10-18 08:00", "Ⅱ", "<span data-toggle='tooltip' data-placement='right' title='原始值：13.79427'>13.8</span>", "<span data-toggle='tooltip' data-placement='right' title='原始值：8.32845'>8.33</span>", "<span data-toggle='tooltip' data-placement='right' title='原始值：8.30641'>8.31</span>", "<span data-toggle='tooltip' data-placement='right' title='原始值：546.7018'>546.7</span>", "<span data-toggle='tooltip' data-placement='right' title='原始值：136.4091'>136.4</span>", "<span data-toggle='tooltip' data-placement='right' title='原始值：2.37'>2.37</span>", "<span data-toggle='tooltip' data-placement='right' title='原始值：0.12'>0.120</span>", "*", "*", "*", "*", "正常"], ["内蒙古自治区", "松花江流域", "<span data-toggle='tooltip' data-placement='right' title='所在地市:呼伦贝尔市&#10;所属河流:额尔古纳河'>黑山头</span>", null, "", "--", "--", "--", "--", "--", "--", "--", "--", "--", "*", "*", "停站"], ["辽宁省", "辽河流域", "<span data-toggle='tooltip' data-placement='right' title='所在地市:抚顺市&#10;所属河流:浑河'>大伙房水库</span>", null, "", "--", "--", "--", "--", "--", "--", "--", "--", "--", "--", "*", "停站"], ["辽宁省", "辽河流域", "<span data-toggle='tooltip' data-placement='right' title='所在地市:丹东市&#10;所属河流:鸭绿江'>江桥</span>", "10-18 08:00", "Ⅱ", "<span data-toggle='tooltip' data-placement='right' title='原始值：15.6'>15.6</span>", "<span data-toggle='tooltip' data-placement='right' title='原始值：6.73'>6.73</span>", "<span data-toggle='tooltip' data-placement='right' title='原始值：8.695'>8.70</span>", "<span data-toggle='tooltip' data-placement='right' title='原始值：132'>132.0</span>", "<span data-toggle='tooltip' data-placement='right' title='原始值：23.84844'>23.8</span>", "<span data-toggle='tooltip' data-placement='right' title='原始值：1.21'>1.21</span>", "<span data-toggle='tooltip' data-placement='right' title='原始值：0.01575'>0.016</span>", "<span data-toggle='tooltip' data-placement='right' title='原始值：0.02435'>0.024</span>", "<span data-toggle='tooltip' data-placement='right' title='原始值：2.03236'>2.03</span>", "*", "*", "正常"], ["辽宁省", "辽河流域", "<span data-toggle='tooltip' data-placement='right' title='所在地市:营口市&#10;所属河流:大辽河'>辽河公园</span>", "10-18 08:00", "劣Ⅴ", "<span data-toggle='tooltip' data-placement='right' title='原始值：16.25717'>16.3</span>", "<span data-toggle='tooltip' data-placement='right' title='原始值：5.39961'>5.40</span>", "<span data-toggle='tooltip' data-placement='right' title='原始值：7.55559'>7.56</span>", "<span data-toggle='tooltip' data-placement='right' title='原始值：10502.24'>10502.2</span>", "<span data-toggle='tooltip' data-placement='right' title='原始值：99.62321'>99.6</span>", "<span data-toggle='tooltip' data-placement='right' title='原始值：7.58775'>7.59</span>", "<span data-toggle='tooltip' data-placement='right' title='原始值：0.10463'>0.105</span>", "<span data-toggle='tooltip' data-placement='right' title='原始值：0.15777'>0.158</span>", "<span data-toggle='tooltip' data-placement='right' title='原始值：3.4525'>3.45</span>", "*", "*", "正常"], ["辽宁省", "辽河流域", "<span data-toggle='tooltip' data-placement='right' title='所在地市:辽阳市&#10;所属河流:太子河'>汤河水库</span>", null, "", "--", "--", "--", "--", "--", "--", "--", "--", "--", "*", "*", "停站"], ["辽宁省", "辽河流域", "<span data-toggle='tooltip' data-placement='right' title='所在地市:盘锦市&#10;所属河流:辽河'>盘锦兴安(兴安)</span>", null, "", "--", "--", "--", "--", "--", "--", "--", "--", "--", "*", "*", "停站"], ["辽宁省", "辽河流域", "<span data-toggle='tooltip' data-placement='right' title='所在地市:铁岭市&#10;所属河流:辽河'>珠尔山</span>", "10-18 08:00", "Ⅲ", "<span data-toggle='tooltip' data-placement='right' title='原始值：11.51664'>11.5</span>", "<span data-toggle='tooltip' data-placement='right' title='原始值：7.60255'>7.60</span>", "<span data-toggle='tooltip' data-placement='right' title='原始值：10.73446'>10.73</span>", "<span data-toggle='tooltip' data-placement='right' title='原始值：428.5632'>428.6</span>", "<span data-toggle='tooltip' data-placement='right' title='原始值：36.758'>36.8</span>", "<span data-toggle='tooltip' data-placement='right' title='原始值：2.98606'>2.99</span>", "<span data-toggle='tooltip' data-placement='right' title='原始值：0.19'>0.190</span>", "<span data-toggle='tooltip' data-placement='right' title='原始值：0.12659'>0.127</span>", "<span data-toggle='tooltip' data-placement='right' title='原始值：3.37474'>3.37</span>", "*", "*", "正常"], ["吉林省", "松花江流域", "<span data-toggle='tooltip' data-placement='right' title='所在地市:长春市&#10;所属河流:松花江'>松花江村</span>", null, "", "--", "--", "--", "--", "--", "--", "--", "--", "--", "*", "*", "停站"], ["吉林省", "松花江流域", "<span data-toggle='tooltip' data-placement='right' title='所在地市:白城市&#10;所属河流:嫩江'>白沙滩</span>", null, "", "--", "--", "--", "--", "--", "--", "--", "--", "--", "*", "*", "停站"], ["吉林省", "松花江流域", "<span data-toggle='tooltip' data-placement='right' title='所在地市:延边朝鲜族自治州&#10;所属河流:图们江'>圈河</span>", "10-18 08:00", "Ⅲ", "<span data-toggle='tooltip' data-placement='right' title='原始值：12.7'>12.7</span>", "<span data-toggle='tooltip' data-placement='right' title='原始值：7.49'>7.49</span>", "<span data-toggle='tooltip' data-placement='right' title='原始值：9.76'>9.76</span>", "<span data-toggle='tooltip' data-placement='right' title='原始值：175'>175.0</span>", "<span data-toggle='tooltip' data-placement='right' title='原始值：38'>38.0</span>", "<span data-toggle='tooltip' data-placement='right' title='原始值：5.34'>5.34</span>", "<span data-toggle='tooltip' data-placement='right' title='原始值：0.25321'>0.253</span>", "<span data-toggle='tooltip' data-placement='right' title='原始值：0.05945'>0.059</span>", "<span data-toggle='tooltip' data-placement='right' title='原始值：0.79724'>0.80</span>", "*", "*", "正常"], ["黑龙江省", "松花江流域", "<span data-toggle='tooltip' data-placement='right' title='所在地市:大庆市&#10;所属河流:松花江'>肇源</span>", null, "", "--", "--", "--", "--", "--", "--", "--", "--", "--", "*", "*", "停站"], ["黑龙江省", "松花江流域", "<span data-toggle='tooltip' data-placement='right' title='所在地市:佳木斯市&#10;所属河流:乌苏里江'>乌苏镇</span>", null, "", "--", "--", "--", "--", "--", "--", "--", "--", "--", "*", "*", "停站"], ["黑龙江省", "松花江流域", "<span data-toggle='tooltip' data-placement='right' title='所在地市:佳木斯市&#10;所属河流:松花江'>同江</span>", "10-18 08:00", "Ⅴ", "<span data-toggle='tooltip' data-placement='right' title='原始值：9.5823'>9.6</span>", "<span data-toggle='tooltip' data-placement='right' title='原始值：7.75001'>7.75</span>", "<span data-toggle='tooltip' data-placement='right' title='原始值：11.43752'>11.44</span>", "<span data-toggle='tooltip' data-placement='right' title='原始值：199.219'>199.2</span>", "<span data-toggle='tooltip' data-placement='right' title='原始值：74.00211'>74.0</span>", "<span data-toggle='tooltip' data-placement='right' title='原始值：14.37247'>14.37</span>", "<span data-toggle='tooltip' data-placement='right' title='原始值：0.21675'>0.217</span>", "<span data-toggle='tooltip' data-placement='right' title='原始值：0.10205'>0.102</span>", "<span data-toggle='tooltip' data-placement='right' title='原始值：2.31308'>2.31</span>", "*", "*", "正常"], ["黑龙江省", "松花江流域", "<span data-toggle='tooltip' data-placement='right' title='所在地市:黑河市&#10;所属河流:黑龙江'>黑河下(黑河)</span>", null, "", "--", "--", "--", "--", "--", "--", "--", "--", "--", "*", "*", "停站"], ["上海市", "长江流域", "<span data-toggle='tooltip' data-placement='right' title='所在地市:青浦区&#10;所属河流:淀山湖'>急水港桥</span>", null, "", "--", "--", "--", "--", "--", "--", "--", "--", "--", "--", "--", "停站"], ["江苏省", "长江流域", "<span data-toggle='tooltip' data-placement='right' title='所在地市:南京市&#10;所属河流:长江'>林山</span>", null, "", "--", "--", "--", "--", "--", "--", "--", "--", "--", "*", "*", "停站"], ["江苏省", "太湖流域", "<span data-toggle='tooltip' data-placement='right' title='所在地市:无锡市&#10;所属河流:太湖'>沙渚</span>", null, "", "--", "--", "--", "--", "--", "--", "--", "--", "--", "--", "*", "维护"], ["江苏省", "淮河流域", "<span data-toggle='tooltip' data-placement='right' title='所在地市:徐州市&#10;所属河流:武河'>小红圈</span>", "10-18 08:00", "Ⅰ", "<span data-toggle='tooltip' data-placement='right' title='原始值：15.7'>15.7</span>", "<span data-toggle='tooltip' data-placement='right' title='原始值：7.51'>7.51</span>", "<span data-toggle='tooltip' data-placement='right' title='原始值：12.17'>12.17</span>", "<span data-toggle='tooltip' data-placement='right' title='原始值：973.4'>973.4</span>", "<span data-toggle='tooltip' data-placement='right' title='原始值：11.02'>11.0</span>", "<span data-toggle='tooltip' data-placement='right' title='原始值：1.85'>1.85</span>", "<span data-toggle='tooltip' data-placement='right' title='原始值：0.074'>0.074</span>", "*", "*", "*", "*", "正常"], ["江苏省", "淮河流域", "<span data-toggle='tooltip' data-placement='right' title='所在地市:徐州市&#10;所属河流:沿河'>李集桥</span>", "10-18 08:00", "Ⅲ", "<span data-toggle='tooltip' data-placement='right' title='原始值：18.66'>18.7</span>", "<span data-toggle='tooltip' data-placement='right' title='原始值：7.4'>7.40</span>", "<span data-toggle='tooltip' data-placement='right' title='原始值：5.02'>5.02</span>", "<span data-toggle='tooltip' data-placement='right' title='原始值：1142.5'>1142.5</span>", "<span data-toggle='tooltip' data-placement='right' title='原始值：26.48'>26.5</span>", "<span data-toggle='tooltip' data-placement='right' title='原始值：4.56'>4.56</span>", "<span data-toggle='tooltip' data-placement='right' title='原始值：0.002'>0.002</span>", "<span data-toggle='tooltip' data-placement='right' title='原始值：0.061'>0.061</span>", "<span data-toggle='tooltip' data-placement='right' title='原始值：1.623'>1.62</span>", "*", "*", "正常"], ["江苏省", "淮河流域", "<span data-toggle='tooltip' data-placement='right' title='所在地市:徐州市&#10;所属河流:邳苍分洪道'>艾山西大桥</span>", "10-18 08:00", "Ⅱ", "<span data-toggle='tooltip' data-placement='right' title='原始值：16.5338'>16.5</span>", "<span data-toggle='tooltip' data-placement='right' title='原始值：8.23824'>8.24</span>", "<span data-toggle='tooltip' data-placement='right' title='原始值：11.9761'>11.98</span>", "<span data-toggle='tooltip' data-placement='right' title='原始值：791.407'>791.4</span>", "<span data-toggle='tooltip' data-placement='right' title='原始值：37.9342'>37.9</span>", "<span data-toggle='tooltip' data-placement='right' title='原始值：2.92'>2.92</span>", "<span data-toggle='tooltip' data-placement='right' title='原始值：0.11'>0.110</span>", "<span data-toggle='tooltip' data-placement='right' title='原始值：0.02813'>0.028</span>", "<span data-toggle='tooltip' data-placement='right' title='原始值：10.47237'>10.47</span>", "*", "*", "正常"], ["江苏省", "太湖流域", "<span data-toggle='tooltip' data-placement='right' title='所在地市:苏州市&#10;所属河流:太湖'>兰山嘴(老)</span>", null, "", "--", "--", "--", "--", "--", "--", "--", "--", "--", "--", "*", "维护"], ["江苏省", "太湖流域", "<span data-toggle='tooltip' data-placement='right' title='所在地市:苏州市&#10;所属河流:太湖'>西山</span>", null, "", "--", "--", "--", "--", "--", "--", "--", "--", "--", "--", "*", "维护"], ["江苏省", "淮河流域", "<span data-toggle='tooltip' data-placement='right' title='所在地市:连云港市&#10;所属河流:新沭河'>大兴桥</span>", "10-18 08:00", "Ⅲ", "<span data-toggle='tooltip' data-placement='right' title='原始值：18.3'>18.3</span>", "<span data-toggle='tooltip' data-placement='right' title='原始值：8.5'>8.50</span>", "<span data-toggle='tooltip' data-placement='right' title='原始值：11.27'>11.27</span>", "<span data-toggle='tooltip' data-placement='right' title='原始值：725.2'>725.2</span>", "<span data-toggle='tooltip' data-placement='right' title='原始值：52.58'>52.6</span>", "<span data-toggle='tooltip' data-placement='right' title='原始值：4.97'>4.97</span>", "<span data-toggle='tooltip' data-placement='right' title='原始值：0.043'>0.043</span>", "*", "*", "*", "*", "正常"], ["江苏省", "淮河流域", "<span data-toggle='tooltip' data-placement='right' title='所在地市:淮安市&#10;所属河流:淮河'>淮河大桥</span>", "10-18 08:00", "Ⅲ", "<span data-toggle='tooltip' data-placement='right' title='原始值：19.96208'>20.0</span>", "<span data-toggle='tooltip' data-placement='right' title='原始值：7.95627'>7.96</span>", "<span data-toggle='tooltip' data-placement='right' title='原始值：7.21743'>7.22</span>", "<span data-toggle='tooltip' data-placement='right' title='原始值：475.767'>475.8</span>", "<span data-toggle='tooltip' data-placement='right' title='原始值：40.75137'>40.8</span>", "<span data-toggle='tooltip' data-placement='right' title='原始值：4.3'>4.30</span>", "<span data-toggle='tooltip' data-placement='right' title='原始值：0.41'>0.410</span>", "<span data-toggle='tooltip' data-placement='right' title='原始值：0.1511'>0.151</span>", "<span data-toggle='tooltip' data-placement='right' title='原始值：1.68'>1.68</span>", "*", "*", "正常"], ["江苏省", "长江流域", "<span data-toggle='tooltip' data-placement='right' title='所在地市:扬州市&#10;所属河流:夹江'>三江营</span>", "10-18 08:00", "Ⅱ", "<span data-toggle='tooltip' data-placement='right' title='原始值：21.05'>21.0</span>", "<span data-toggle='tooltip' data-placement='right' title='原始值：7.83'>7.83</span>", "<span data-toggle='tooltip' data-placement='right' title='原始值：7.23'>7.23</span>", "<span data-toggle='tooltip' data-placement='right' title='原始值：330.74'>330.7</span>", "<span data-toggle='tooltip' data-placement='right' title='原始值：97.11'>97.1</span>", "<span data-toggle='tooltip' data-placement='right' title='原始值：3.173'>3.17</span>", "<span data-toggle='tooltip' data-placement='right' title='原始值：0.057'>0.057</span>", "<span data-toggle='tooltip' data-placement='right' title='原始值：0.09'>0.090</span>", "<span data-toggle='tooltip' data-placement='right' title='原始值：1.82'>1.82</span>", "*", "*", "正常"], ["江苏省", "淮河流域", "<span data-toggle='tooltip' data-placement='right' title='所在地市:宿迁市&#10;所属河流:新濉河'>大屈</span>", "10-18 08:00", "Ⅱ", "<span data-toggle='tooltip' data-placement='right' title='原始值：18.7'>18.7</span>", "<span data-toggle='tooltip' data-placement='right' title='原始值：8.27'>8.27</span>", "<span data-toggle='tooltip' data-placement='right' title='原始值：9.27'>9.27</span>", "<span data-toggle='tooltip' data-placement='right' title='原始值：763.9'>763.9</span>", "<span data-toggle='tooltip' data-placement='right' title='原始值：31.22'>31.2</span>", "<span data-toggle='tooltip' data-placement='right' title='原始值：3.64'>3.64</span>", "<span data-toggle='tooltip' data-placement='right' title='原始值：0.06'>0.060</span>", "<span data-toggle='tooltip' data-placement='right' title='原始值：0.059'>0.059</span>", "<span data-toggle='tooltip' data-placement='right' title='原始值：0.842'>0.84</span>", "*", "*", "正常"], ["浙江省", "浙闽片河流", "<span data-toggle='tooltip' data-placement='right' title='所在地市:杭州市&#10;所属河流:新安江'>街口(鸠坑口)</span>", "10-18 08:00", "Ⅰ", "<span data-toggle='tooltip' data-placement='right' title='原始值：21.17'>21.2</span>", "<span data-toggle='tooltip' data-placement='right' title='原始值：7.54'>7.54</span>", "<span data-toggle='tooltip' data-placement='right' title='原始值：8.97'>8.97</span>", "<span data-toggle='tooltip' data-placement='right' title='原始值：159.85'>159.8</span>", "<span data-toggle='tooltip' data-placement='right' title='原始值：29.3'>29.3</span>", "<span data-toggle='tooltip' data-placement='right' title='原始值：1.58'>1.58</span>", "<span data-toggle='tooltip' data-placement='right' title='原始值：0.009'>0.009</span>", "<span data-toggle='tooltip' data-placement='right' title='原始值：0.016'>0.016</span>", "<span data-toggle='tooltip' data-placement='right' title='原始值：0.692'>0.69</span>", "*", "*", "正常"], ["浙江省", "太湖流域", "<span data-toggle='tooltip' data-placement='right' title='所在地市:嘉兴市&#10;所属河流:斜路港河'>斜路港</span>", "10-18 08:00", "Ⅳ", "<span data-toggle='tooltip' data-placement='right' title='原始值：20.7'>20.7</span>", "<span data-toggle='tooltip' data-placement='right' title='原始值：7.42'>7.42</span>", "<span data-toggle='tooltip' data-placement='right' title='原始值：3.72'>3.72</span>", "<span data-toggle='tooltip' data-placement='right' title='原始值：480'>480.0</span>", "<span data-toggle='tooltip' data-placement='right' title='原始值：90'>90.0</span>", "<span data-toggle='tooltip' data-placement='right' title='原始值：4.66'>4.66</span>", "<span data-toggle='tooltip' data-placement='right' title='原始值：0.10966'>0.110</span>", "<span data-toggle='tooltip' data-placement='right' title='原始值：0.06157'>0.062</span>", "<span data-toggle='tooltip' data-placement='right' title='原始值：1.26955'>1.27</span>", "*", "*", "正常"], ["浙江省", "太湖流域", "<span data-toggle='tooltip' data-placement='right' title='所在地市:嘉兴市&#10;所属河流:京杭运河'>王江泾</span>", "10-18 08:00", "Ⅳ", "<span data-toggle='tooltip' data-placement='right' title='原始值：21.63'>21.6</span>", "<span data-toggle='tooltip' data-placement='right' title='原始值：7.27'>7.27</span>", "<span data-toggle='tooltip' data-placement='right' title='原始值：4.03'>4.03</span>", "<span data-toggle='tooltip' data-placement='right' title='原始值：546.51'>546.5</span>", "<span data-toggle='tooltip' data-placement='right' title='原始值：71.09'>71.1</span>", "<span data-toggle='tooltip' data-placement='right' title='原始值：4.338'>4.34</span>", "<span data-toggle='tooltip' data-placement='right' title='原始值：0.255'>0.255</span>", "<span data-toggle='tooltip' data-placement='right' title='原始值：0.072'>0.072</span>", "<span data-toggle='tooltip' data-placement='right' title='原始值：1.325'>1.32</span>", "*", "*", "正常"], ["浙江省", "太湖流域", "<span data-toggle='tooltip' data-placement='right' title='所在地市:湖州市&#10;所属河流:西苕溪'>新港口(新塘港)</span>", null, "", "--", "--", "--", "--", "--", "--", "--", "--", "--", "--", "*", "维护"], ["安徽省", "巢湖流域", "<span data-toggle='tooltip' data-placement='right' title='所在地市:合肥市&#10;所属河流:巢湖'>湖滨(老)</span>", "10-18 08:00", "Ⅳ", "<span data-toggle='tooltip' data-placement='right' title='原始值：18.96118'>19.0</span>", "<span data-toggle='tooltip' data-placement='right' title='原始值：6.55056'>6.55</span>", "<span data-toggle='tooltip' data-placement='right' title='原始值：6.56637'>6.57</span>", "<span data-toggle='tooltip' data-placement='right' title='原始值：248.1195'>248.1</span>", "<span data-toggle='tooltip' data-placement='right' title='原始值：86.6725'>86.7</span>", "<span data-toggle='tooltip' data-placement='right' title='原始值：5.2'>5.20</span>", "<span data-toggle='tooltip' data-placement='right' title='原始值：0.35'>0.350</span>", "<span data-toggle='tooltip' data-placement='right' title='原始值：0.082'>0.082</span>", "<span data-toggle='tooltip' data-placement='right' title='原始值：1.002'>1.00</span>", "<span data-toggle='tooltip' data-placement='right' title='原始值：0.02426'>0.024</span>", "*", "正常"], ["安徽省", "巢湖流域", "<span data-toggle='tooltip' data-placement='right' title='所在地市:芜湖市&#10;所属河流:巢湖'>裕溪口(老)</span>", "10-18 08:00", "Ⅴ", "<span data-toggle='tooltip' data-placement='right' title='原始值：20.91818'>20.9</span>", "<span data-toggle='tooltip' data-placement='right' title='原始值：7.34934'>7.35</span>", "<span data-toggle='tooltip' data-placement='right' title='原始值：5.30434'>5.30</span>", "<span data-toggle='tooltip' data-placement='right' title='原始值：355.3544'>355.4</span>", "<span data-toggle='tooltip' data-placement='right' title='原始值：63.44946'>63.4</span>", "<span data-toggle='tooltip' data-placement='right' title='原始值：5.01'>5.01</span>", "<span data-toggle='tooltip' data-placement='right' title='原始值：0.11'>0.110</span>", "<span data-toggle='tooltip' data-placement='right' title='原始值：0.1037'>0.104</span>", "<span data-toggle='tooltip' data-placement='right' title='原始值：2.203'>2.20</span>", "*", "*", "正常"], ["安徽省", "淮河流域", "<span data-toggle='tooltip' data-placement='right' title='所在地市:蚌埠市&#10;所属河流:淮河'>蚌埠闸上(蚌埠闸)</span>", "10-18 08:00", "", "<span data-toggle='tooltip' data-placement='right' title='原始值：21.57'>21.6</span>", "<span data-toggle='tooltip' data-placement='right' title='原始值：7.52'>7.52</span>", "<span data-toggle='tooltip' data-placement='right' title='原始值：9.4'>9.40</span>", "<span data-toggle='tooltip' data-placement='right' title='原始值：407.06'>407.1</span>", "<span data-toggle='tooltip' data-placement='right' title='原始值：174.33'>174.3</span>", "<span data-toggle='tooltip' data-placement='right' title='原始值：8.443'>8.44</span>", "<span data-toggle='tooltip' data-placement='right' title='极值过滤'>--</span>", "<span data-toggle='tooltip' data-placement='right' title='极值过滤'>--</span>", "<span data-toggle='tooltip' data-placement='right' title='原始值：1.464'>1.46</span>", "*", "*", "维护"], ["安徽省", "淮河流域", "<span data-toggle='tooltip' data-placement='right' title='所在地市:淮南市&#10;所属河流:淮河'>石头埠(老)</span>", "10-18 08:00", "Ⅳ", "<span data-toggle='tooltip' data-placement='right' title='原始值：19.42406'>19.4</span>", "<span data-toggle='tooltip' data-placement='right' title='原始值：7.31523'>7.32</span>", "<span data-toggle='tooltip' data-placement='right' title='原始值：4.46037'>4.46</span>", "<span data-toggle='tooltip' data-placement='right' title='原始值：235.9809'>236.0</span>", "<span data-toggle='tooltip' data-placement='right' title='原始值：60.72251'>60.7</span>", "<span data-toggle='tooltip' data-placement='right' title='原始值：3.68'>3.68</span>", "<span data-toggle='tooltip' data-placement='right' title='原始值：0.17'>0.170</span>", "*", "*", "*", "*", "正常"], ["安徽省", "淮河流域", "<span data-toggle='tooltip' data-placement='right' title='所在地市:淮北市&#10;所属河流:沱河'>小王桥</span>", "10-18 08:00", "Ⅴ", "<span data-toggle='tooltip' data-placement='right' title='原始值：19.41'>19.4</span>", "<span data-toggle='tooltip' data-placement='right' title='原始值：7.94'>7.94</span>", "<span data-toggle='tooltip' data-placement='right' title='原始值：3.92'>3.92</span>", "<span data-toggle='tooltip' data-placement='right' title='原始值：1374.95'>1375.0</span>", "<span data-toggle='tooltip' data-placement='right' title='原始值：23.77'>23.8</span>", "<span data-toggle='tooltip' data-placement='right' title='原始值：6.687'>6.69</span>", "<span data-toggle='tooltip' data-placement='right' title='原始值：0.041'>0.041</span>", "<span data-toggle='tooltip' data-placement='right' title='原始值：0.345'>0.345</span>", "<span data-toggle='tooltip' data-placement='right' title='原始值：0.888'>0.89</span>", "*", "*", "正常"], ["安徽省", "长江流域", "<span data-toggle='tooltip' data-placement='right' title='所在地市:安庆市&#10;所属河流:长江'>皖河口</span>", "10-18 08:00", "Ⅱ", "<span data-toggle='tooltip' data-placement='right' title='原始值：20.6'>20.6</span>", "<span data-toggle='tooltip' data-placement='right' title='原始值：7.463'>7.46</span>", "<span data-toggle='tooltip' data-placement='right' title='原始值：7.2'>7.20</span>", "<span data-toggle='tooltip' data-placement='right' title='原始值：296.72'>296.7</span>", "<span data-toggle='tooltip' data-placement='right' title='原始值：5.38'>5.4</span>", "<span data-toggle='tooltip' data-placement='right' title='原始值：1.681'>1.68</span>", "<span data-toggle='tooltip' data-placement='right' title='原始值：0.029'>0.029</span>", "<span data-toggle='tooltip' data-placement='right' title='原始值：0.0549'>0.055</span>", "<span data-toggle='tooltip' data-placement='right' title='原始值：2.121'>2.12</span>", "*", "*", "正常"], ["安徽省", "淮河流域", "<span data-toggle='tooltip' data-placement='right' title='所在地市:滁州市&#10;所属河流:淮河'>小柳巷</span>", "10-18 08:00", "Ⅲ", "<span data-toggle='tooltip' data-placement='right' title='原始值：20.8'>20.8</span>", "<span data-toggle='tooltip' data-placement='right' title='原始值：7.48'>7.48</span>", "<span data-toggle='tooltip' data-placement='right' title='原始值：7.32'>7.32</span>", "<span data-toggle='tooltip' data-placement='right' title='原始值：429.6'>429.6</span>", "<span data-toggle='tooltip' data-placement='right' title='原始值：182.91'>182.9</span>", "<span data-toggle='tooltip' data-placement='right' title='原始值：2.84'>2.84</span>", "<span data-toggle='tooltip' data-placement='right' title='原始值：0.04'>0.040</span>", "<span data-toggle='tooltip' data-placement='right' title='原始值：0.144'>0.144</span>", "<span data-toggle='tooltip' data-placement='right' title='原始值：1.483'>1.48</span>", "*", "*", "正常"], ["安徽省", "淮河流域", "<span data-toggle='tooltip' data-placement='right' title='所在地市:阜阳市&#10;所属河流:黑茨河'>张大桥</span>", null, "", "--", "--", "--", "--", "--", "--", "--", "--", "--", "*", "*", "停站"], ["安徽省", "淮河流域", "<span data-toggle='tooltip' data-placement='right' title='所在地市:阜阳市&#10;所属河流:淮河'>王家坝</span>", "10-18 08:00", "Ⅳ", "<span data-toggle='tooltip' data-placement='right' title='原始值：17.85'>17.8</span>", "<span data-toggle='tooltip' data-placement='right' title='原始值：7.16314'>7.16</span>", "<span data-toggle='tooltip' data-placement='right' title='原始值：5.35674'>5.36</span>", "<span data-toggle='tooltip' data-placement='right' title='原始值：354.8568'>354.9</span>", "<span data-toggle='tooltip' data-placement='right' title='原始值：47.05939'>47.1</span>", "<span data-toggle='tooltip' data-placement='right' title='原始值：3.06'>3.06</span>", "<span data-toggle='tooltip' data-placement='right' title='原始值：0.224'>0.224</span>", "<span data-toggle='tooltip' data-placement='right' title='原始值：0.20281'>0.203</span>", "<span data-toggle='tooltip' data-placement='right' title='原始值：1.86414'>1.86</span>", "*", "*", "正常"], ["安徽省", "淮河流域", "<span data-toggle='tooltip' data-placement='right' title='所在地市:阜阳市&#10;所属河流:颍河'>界首七渡口(七渡口)</span>", "10-18 08:00", "Ⅴ", "<span data-toggle='tooltip' data-placement='right' title='原始值：19.51691'>19.5</span>", "<span data-toggle='tooltip' data-placement='right' title='原始值：7.62302'>7.62</span>", "<span data-toggle='tooltip' data-placement='right' title='原始值：2.12583'>2.13</span>", "<span data-toggle='tooltip' data-placement='right' title='原始值：832.8329'>832.8</span>", "<span data-toggle='tooltip' data-placement='right' title='原始值：14.33547'>14.3</span>", "<span data-toggle='tooltip' data-placement='right' title='原始值：3.87'>3.87</span>", "<span data-toggle='tooltip' data-placement='right' title='原始值：0.43'>0.430</span>", "<span data-toggle='tooltip' data-placement='right' title='原始值：0.11337'>0.113</span>", "<span data-toggle='tooltip' data-placement='right' title='原始值：3.64891'>3.65</span>", "*", "*", "正常"], ["安徽省", "淮河流域", "<span data-toggle='tooltip' data-placement='right' title='所在地市:阜阳市&#10;所属河流:泉河'>许庄(徐庄)</span>", "10-18 08:00", "Ⅲ", "<span data-toggle='tooltip' data-placement='right' title='原始值：15'>15.0</span>", "<span data-toggle='tooltip' data-placement='right' title='原始值：7.68'>7.68</span>", "<span data-toggle='tooltip' data-placement='right' title='原始值：7.15'>7.15</span>", "<span data-toggle='tooltip' data-placement='right' title='原始值：916.5'>916.5</span>", "<span data-toggle='tooltip' data-placement='right' title='原始值：162.65'>162.6</span>", "<span data-toggle='tooltip' data-placement='right' title='原始值：3.63'>3.63</span>", "<span data-toggle='tooltip' data-placement='right' title='原始值：0.03'>0.030</span>", "<span data-toggle='tooltip' data-placement='right' title='原始值：0.122'>0.122</span>", "<span data-toggle='tooltip' data-placement='right' title='原始值：1.497'>1.50</span>", "*", "*", "正常"], ["安徽省", "淮河流域", "<span data-toggle='tooltip' data-placement='right' title='所在地市:宿州市&#10;所属河流:奎河'>杨庄</span>", "10-18 08:00", "Ⅲ", "<span data-toggle='tooltip' data-placement='right' title='原始值：18.63'>18.6</span>", "<span data-toggle='tooltip' data-placement='right' title='原始值：7.63'>7.63</span>", "<span data-toggle='tooltip' data-placement='right' title='原始值：8.85'>8.85</span>", "<span data-toggle='tooltip' data-placement='right' title='原始值：901.5'>901.5</span>", "<span data-toggle='tooltip' data-placement='right' title='原始值：84.26'>84.3</span>", "<span data-toggle='tooltip' data-placement='right' title='原始值：4.21'>4.21</span>", "<span data-toggle='tooltip' data-placement='right' title='原始值：0.399'>0.399</span>", "*", "*", "*", "*", "正常"], ["安徽省", "淮河流域", "<span data-toggle='tooltip' data-placement='right' title='所在地市:宿州市&#10;所属河流:新汴河'>泗县公路桥</span>", "10-18 08:00", "Ⅳ", "<span data-toggle='tooltip' data-placement='right' title='原始值：18.99'>19.0</span>", "<span data-toggle='tooltip' data-placement='right' title='原始值：8.4'>8.40</span>", "<span data-toggle='tooltip' data-placement='right' title='原始值：9.21'>9.21</span>", "<span data-toggle='tooltip' data-placement='right' title='原始值：971.6'>971.6</span>", "<span data-toggle='tooltip' data-placement='right' title='原始值：33.41'>33.4</span>", "<span data-toggle='tooltip' data-placement='right' title='原始值：7.1'>7.10</span>", "<span data-toggle='tooltip' data-placement='right' title='原始值：0.083'>0.083</span>", "*", "*", "*", "*", "正常"], ["安徽省", "淮河流域", "<span data-toggle='tooltip' data-placement='right' title='所在地市:亳州市&#10;所属河流:包河'>颜集</span>", "10-18 08:00", "Ⅲ", "<span data-toggle='tooltip' data-placement='right' title='原始值：14.8'>14.8</span>", "<span data-toggle='tooltip' data-placement='right' title='原始值：8.09'>8.09</span>", "<span data-toggle='tooltip' data-placement='right' title='原始值：7.29'>7.29</span>", "<span data-toggle='tooltip' data-placement='right' title='原始值：1681.2'>1681.2</span>", "<span data-toggle='tooltip' data-placement='right' title='原始值：291.91'>291.9</span>", "<span data-toggle='tooltip' data-placement='right' title='原始值：3.37'>3.37</span>", "<span data-toggle='tooltip' data-placement='right' title='原始值：0.2'>0.200</span>", "<span data-toggle='tooltip' data-placement='right' title='原始值：0.177'>0.177</span>", "<span data-toggle='tooltip' data-placement='right' title='原始值：5.097'>5.10</span>", "*", "*", "正常"], ["福建省", "浙闽片河流", "<span data-toggle='tooltip' data-placement='right' title='所在地市:福州市&#10;所属河流:闽江'>白岩潭</span>", "10-18 08:00", "", "<span data-toggle='tooltip' data-placement='right' title='原始值：25.6'>25.6</span>", "<span data-toggle='tooltip' data-placement='right' title='原始值：6.7'>6.70</span>", "<span data-toggle='tooltip' data-placement='right' title='原始值：7.93'>7.93</span>", "<span data-toggle='tooltip' data-placement='right' title='极值过滤'>--</span>", "<span data-toggle='tooltip' data-placement='right' title='极值过滤'>--</span>", "<span data-toggle='tooltip' data-placement='right' title='极值过滤'>--</span>", "<span data-toggle='tooltip' data-placement='right' title='原始值：0.379'>0.379</span>", "*", "*", "*", "*", "维护"], ["江西省", "长江流域", "<span data-toggle='tooltip' data-placement='right' title='所在地市:南昌市&#10;所属河流:赣江南支'>滁槎</span>", "10-18 08:00", "", "<span data-toggle='tooltip' data-placement='right' title='原始值：21.68694'>21.7</span>", "<span data-toggle='tooltip' data-placement='right' title='原始值：7.65253'>7.65</span>", "<span data-toggle='tooltip' data-placement='right' title='原始值：7.75081'>7.75</span>", "<span data-toggle='tooltip' data-placement='right' title='原始值：181.5176'>181.5</span>", "<span data-toggle='tooltip' data-placement='right' title='原始值：40.76055'>40.8</span>", "<span data-toggle='tooltip' data-placement='right' title='原始值：3.1'>3.10</span>", "<span data-toggle='tooltip' data-placement='right' title='极值过滤'>--</span>", "<span data-toggle='tooltip' data-placement='right' title='原始值：0.05756'>0.058</span>", "<span data-toggle='tooltip' data-placement='right' title='原始值：1.3'>1.30</span>", "*", "*", "维护"], ["江西省", "长江流域", "<span data-toggle='tooltip' data-placement='right' title='所在地市:九江市&#10;所属河流:长江'>姚港(河西水厂)</span>", "10-18 04:00", "Ⅱ", "<span data-toggle='tooltip' data-placement='right' title='原始值：20.59'>20.6</span>", "<span data-toggle='tooltip' data-placement='right' title='原始值：7.48'>7.48</span>", "<span data-toggle='tooltip' data-placement='right' title='原始值：8.02'>8.02</span>", "<span data-toggle='tooltip' data-placement='right' title='原始值：322.84'>322.8</span>", "<span data-toggle='tooltip' data-placement='right' title='原始值：40.23'>40.2</span>", "<span data-toggle='tooltip' data-placement='right' title='原始值：1.333'>1.33</span>", "<span data-toggle='tooltip' data-placement='right' title='原始值：0.034'>0.034</span>", "<span data-toggle='tooltip' data-placement='right' title='原始值：0.074'>0.074</span>", "<span data-toggle='tooltip' data-placement='right' title='原始值：1.42'>1.42</span>", "*", "*", "正常"], ["江西省", "长江流域", "<span data-toggle='tooltip' data-placement='right' title='所在地市:九江市&#10;所属河流:鄱阳湖'>蛤蟆石</span>", "10-18 08:00", "Ⅲ", "<span data-toggle='tooltip' data-placement='right' title='原始值：20.22'>20.2</span>", "<span data-toggle='tooltip' data-placement='right' title='原始值：7.3'>7.30</span>", "<span data-toggle='tooltip' data-placement='right' title='原始值：8.65'>8.65</span>", "<span data-toggle='tooltip' data-placement='right' title='原始值：144.73'>144.7</span>", "<span data-toggle='tooltip' data-placement='right' title='原始值：61.71'>61.7</span>", "<span data-toggle='tooltip' data-placement='right' title='原始值：2.413'>2.41</span>", "<span data-toggle='tooltip' data-placement='right' title='原始值：0.035'>0.035</span>", "<span data-toggle='tooltip' data-placement='right' title='原始值：0.0393'>0.039</span>", "<span data-toggle='tooltip' data-placement='right' title='原始值：1.071'>1.07</span>", "<span data-toggle='tooltip' data-placement='right' title='原始值：0.00293'>0.003</span>", "<span data-toggle='tooltip' data-placement='right' title='原始值：2838392'>2838392</span>", "正常"], ["山东省", "黄河流域", "<span data-toggle='tooltip' data-placement='right' title='所在地市:济南市&#10;所属河流:黄河'>泺口</span>", "10-18 08:00", "Ⅱ", "<span data-toggle='tooltip' data-placement='right' title='原始值：16.9643'>17.0</span>", "<span data-toggle='tooltip' data-placement='right' title='原始值：8.25622'>8.26</span>", "<span data-toggle='tooltip' data-placement='right' title='原始值：9.31153'>9.31</span>", "<span data-toggle='tooltip' data-placement='right' title='原始值：777.115'>777.1</span>", "<span data-toggle='tooltip' data-placement='right' title='原始值：1233.21'>1233.2</span>", "<span data-toggle='tooltip' data-placement='right' title='原始值：2.2'>2.20</span>", "<span data-toggle='tooltip' data-placement='right' title='原始值：0.10849'>0.108</span>", "<span data-toggle='tooltip' data-placement='right' title='原始值：0.01351'>0.014</span>", "<span data-toggle='tooltip' data-placement='right' title='原始值：3.503'>3.50</span>", "*", "*", "正常"], ["山东省", "淮河流域", "<span data-toggle='tooltip' data-placement='right' title='所在地市:枣庄市&#10;所属河流:京杭大运河（韩庄运河）'>台儿庄大桥</span>", "10-18 08:00", "Ⅱ", "<span data-toggle='tooltip' data-placement='right' title='原始值：19.01'>19.0</span>", "<span data-toggle='tooltip' data-placement='right' title='原始值：7.76265'>7.76</span>", "<span data-toggle='tooltip' data-placement='right' title='原始值：6.97366'>6.97</span>", "<span data-toggle='tooltip' data-placement='right' title='原始值：850.0284'>850.0</span>", "<span data-toggle='tooltip' data-placement='right' title='原始值：41.43161'>41.4</span>", "<span data-toggle='tooltip' data-placement='right' title='原始值：3.18229'>3.18</span>", "<span data-toggle='tooltip' data-placement='right' title='原始值：0.05564'>0.056</span>", "<span data-toggle='tooltip' data-placement='right' title='原始值：0.06028'>0.060</span>", "<span data-toggle='tooltip' data-placement='right' title='原始值：2.32891'>2.33</span>", "*", "*", "正常"], ["山东省", "淮河流域", "<span data-toggle='tooltip' data-placement='right' title='所在地市:临沂市&#10;所属河流:沭河'>清泉寺</span>", "10-18 08:00", "Ⅳ", "<span data-toggle='tooltip' data-placement='right' title='原始值：17.75094'>17.8</span>", "<span data-toggle='tooltip' data-placement='right' title='原始值：8.72196'>8.72</span>", "<span data-toggle='tooltip' data-placement='right' title='原始值：11.40861'>11.41</span>", "<span data-toggle='tooltip' data-placement='right' title='原始值：844.0726'>844.1</span>", "<span data-toggle='tooltip' data-placement='right' title='原始值：17.29327'>17.3</span>", "<span data-toggle='tooltip' data-placement='right' title='原始值：7.47'>7.47</span>", "<span data-toggle='tooltip' data-placement='right' title='原始值：0.29'>0.290</span>", "*", "*", "*", "*", "正常"], ["山东省", "淮河流域", "<span data-toggle='tooltip' data-placement='right' title='所在地市:临沂市&#10;所属河流:沂河'>重坊桥</span>", "10-18 08:00", "Ⅱ", "<span data-toggle='tooltip' data-placement='right' title='原始值：17.30002'>17.3</span>", "<span data-toggle='tooltip' data-placement='right' title='原始值：8.30861'>8.31</span>", "<span data-toggle='tooltip' data-placement='right' title='原始值：9.62129'>9.62</span>", "<span data-toggle='tooltip' data-placement='right' title='原始值：713.7593'>713.8</span>", "<span data-toggle='tooltip' data-placement='right' title='原始值：8.36667'>8.4</span>", "<span data-toggle='tooltip' data-placement='right' title='原始值：3.57'>3.57</span>", "<span data-toggle='tooltip' data-placement='right' title='原始值：0.12412'>0.124</span>", "*", "*", "*", "*", "正常"], ["山东省", "淮河流域", "<span data-toggle='tooltip' data-placement='right' title='所在地市:临沂市&#10;所属河流:白马河'>捷庄(涝沟桥)</span>", "10-18 08:00", "Ⅲ", "<span data-toggle='tooltip' data-placement='right' title='原始值：17.2'>17.2</span>", "<span data-toggle='tooltip' data-placement='right' title='原始值：7.77'>7.77</span>", "<span data-toggle='tooltip' data-placement='right' title='原始值：9.76999'>9.77</span>", "<span data-toggle='tooltip' data-placement='right' title='原始值：845'>845.0</span>", "<span data-toggle='tooltip' data-placement='right' title='原始值：28.69981'>28.7</span>", "<span data-toggle='tooltip' data-placement='right' title='原始值：4.55'>4.55</span>", "<span data-toggle='tooltip' data-placement='right' title='原始值：0.12908'>0.129</span>", "<span data-toggle='tooltip' data-placement='right' title='原始值：0.161'>0.161</span>", "<span data-toggle='tooltip' data-placement='right' title='原始值：6.0354'>6.04</span>", "*", "*", "正常"], ["山东省", "海河流域", "<span data-toggle='tooltip' data-placement='right' title='所在地市:聊城市&#10;所属河流:卫运河'>秤勾湾(秤钩湾)</span>", null, "", "--", "--", "--", "--", "--", "--", "--", "--", "--", "*", "*", "停站"], ["河南省", "长江流域", "<span data-toggle='tooltip' data-placement='right' title='所在地市:南阳市&#10;所属河流:丹江口水库'>陶岔</span>", "10-18 08:00", "Ⅰ", "<span data-toggle='tooltip' data-placement='right' title='原始值：21.3'>21.3</span>", "<span data-toggle='tooltip' data-placement='right' title='原始值：7.76909'>7.77</span>", "<span data-toggle='tooltip' data-placement='right' title='原始值：8.00399'>8.00</span>", "<span data-toggle='tooltip' data-placement='right' title='原始值：297.8176'>297.8</span>", "<span data-toggle='tooltip' data-placement='right' title='原始值：2.09632'>2.1</span>", "<span data-toggle='tooltip' data-placement='right' title='原始值：1.78'>1.78</span>", "<span data-toggle='tooltip' data-placement='right' title='原始值：0.01943'>0.019</span>", "<span data-toggle='tooltip' data-placement='right' title='原始值：0.00639'>0.006</span>", "<span data-toggle='tooltip' data-placement='right' title='原始值：1.60935'>1.61</span>", "<span data-toggle='tooltip' data-placement='right' title='原始值：0.00521'>0.005</span>", "<span data-toggle='tooltip' data-placement='right' title='原始值：624801.9'>624802</span>", "正常"], ["河南省", "淮河流域", "<span data-toggle='tooltip' data-placement='right' title='所在地市:商丘市&#10;所属河流:浍河'>黄口</span>", "10-18 08:00", "Ⅲ", "<span data-toggle='tooltip' data-placement='right' title='原始值：15.1'>15.1</span>", "<span data-toggle='tooltip' data-placement='right' title='原始值：7.34'>7.34</span>", "<span data-toggle='tooltip' data-placement='right' title='原始值：6.73032'>6.73</span>", "<span data-toggle='tooltip' data-placement='right' title='原始值：1721.016'>1721.0</span>", "<span data-toggle='tooltip' data-placement='right' title='原始值：41.09414'>41.1</span>", "<span data-toggle='tooltip' data-placement='right' title='原始值：2.72'>2.72</span>", "<span data-toggle='tooltip' data-placement='right' title='原始值：0.09105'>0.091</span>", "<span data-toggle='tooltip' data-placement='right' title='原始值：0.1163'>0.116</span>", "<span data-toggle='tooltip' data-placement='right' title='原始值：12.01951'>12.02</span>", "*", "*", "正常"], ["河南省", "淮河流域", "<span data-toggle='tooltip' data-placement='right' title='所在地市:信阳市&#10;所属河流:史灌河'>蒋集</span>", "10-18 08:00", "Ⅱ", "<span data-toggle='tooltip' data-placement='right' title='原始值：18.86211'>18.9</span>", "<span data-toggle='tooltip' data-placement='right' title='原始值：7.0315'>7.03</span>", "<span data-toggle='tooltip' data-placement='right' title='原始值：6.29133'>6.29</span>", "<span data-toggle='tooltip' data-placement='right' title='原始值：215.9375'>215.9</span>", "<span data-toggle='tooltip' data-placement='right' title='原始值：225.3751'>225.4</span>", "<span data-toggle='tooltip' data-placement='right' title='原始值：2.64'>2.64</span>", "<span data-toggle='tooltip' data-placement='right' title='原始值：0.0912'>0.091</span>", "*", "*", "*", "*", "正常"], ["河南省", "淮河流域", "<span data-toggle='tooltip' data-placement='right' title='所在地市:信阳市&#10;所属河流:淮河'>淮滨水文站(淮滨)</span>", "10-18 08:00", "Ⅲ", "<span data-toggle='tooltip' data-placement='right' title='原始值：16.8'>16.8</span>", "<span data-toggle='tooltip' data-placement='right' title='原始值：6.97'>6.97</span>", "<span data-toggle='tooltip' data-placement='right' title='原始值：7.67'>7.67</span>", "<span data-toggle='tooltip' data-placement='right' title='原始值：231'>231.0</span>", "<span data-toggle='tooltip' data-placement='right' title='原始值：110.8862'>110.9</span>", "<span data-toggle='tooltip' data-placement='right' title='原始值：2.78664'>2.79</span>", "<span data-toggle='tooltip' data-placement='right' title='原始值：0.18143'>0.181</span>", "<span data-toggle='tooltip' data-placement='right' title='原始值：0.19852'>0.199</span>", "<span data-toggle='tooltip' data-placement='right' title='原始值：0.7425'>0.74</span>", "*", "*", "正常"], ["河南省", "淮河流域", "<span data-toggle='tooltip' data-placement='right' title='所在地市:周口市&#10;所属河流:沙河'>沈丘闸</span>", "10-18 08:00", "Ⅳ", "<span data-toggle='tooltip' data-placement='right' title='原始值：18.6449'>18.6</span>", "<span data-toggle='tooltip' data-placement='right' title='原始值：7.18684'>7.19</span>", "<span data-toggle='tooltip' data-placement='right' title='原始值：3.19376'>3.19</span>", "<span data-toggle='tooltip' data-placement='right' title='原始值：994.3636'>994.4</span>", "<span data-toggle='tooltip' data-placement='right' title='原始值：27.65634'>27.7</span>", "<span data-toggle='tooltip' data-placement='right' title='原始值：3.86'>3.86</span>", "<span data-toggle='tooltip' data-placement='right' title='原始值：0.08'>0.080</span>", "*", "*", "*", "*", "正常"], ["河南省", "淮河流域", "<span data-toggle='tooltip' data-placement='right' title='所在地市:周口市&#10;所属河流:涡河'>鹿邑付桥(鹿邑付桥闸)</span>", "10-18 08:00", "Ⅳ", "<span data-toggle='tooltip' data-placement='right' title='原始值：18.57104'>18.6</span>", "<span data-toggle='tooltip' data-placement='right' title='原始值：8.45275'>8.45</span>", "<span data-toggle='tooltip' data-placement='right' title='原始值：7.96792'>7.97</span>", "<span data-toggle='tooltip' data-placement='right' title='原始值：1428.312'>1428.3</span>", "<span data-toggle='tooltip' data-placement='right' title='原始值：11.15502'>11.2</span>", "<span data-toggle='tooltip' data-placement='right' title='原始值：6.605'>6.60</span>", "<span data-toggle='tooltip' data-placement='right' title='原始值：0.11'>0.110</span>", "<span data-toggle='tooltip' data-placement='right' title='原始值：0.1412'>0.141</span>", "<span data-toggle='tooltip' data-placement='right' title='原始值：1.06499'>1.06</span>", "*", "*", "正常"], ["河南省", "淮河流域", "<span data-toggle='tooltip' data-placement='right' title='所在地市:驻马店市&#10;所属河流:洪河'>新蔡班台(班台)</span>", "10-18 08:00", "Ⅳ", "<span data-toggle='tooltip' data-placement='right' title='原始值：18.76345'>18.8</span>", "<span data-toggle='tooltip' data-placement='right' title='原始值：7.43842'>7.44</span>", "<span data-toggle='tooltip' data-placement='right' title='原始值：7.61983'>7.62</span>", "<span data-toggle='tooltip' data-placement='right' title='原始值：756.2323'>756.2</span>", "<span data-toggle='tooltip' data-placement='right' title='原始值：18.18882'>18.2</span>", "<span data-toggle='tooltip' data-placement='right' title='原始值：3.805'>3.80</span>", "<span data-toggle='tooltip' data-placement='right' title='原始值：0.16'>0.160</span>", "<span data-toggle='tooltip' data-placement='right' title='原始值：0.26589'>0.266</span>", "<span data-toggle='tooltip' data-placement='right' title='原始值：3.374'>3.37</span>", "*", "*", "正常"], ["河南省", "黄河流域", "<span data-toggle='tooltip' data-placement='right' title='所在地市:济源市&#10;所属河流:黄河'>小浪底水库(小浪底)</span>", "10-18 08:00", "Ⅱ", "<span data-toggle='tooltip' data-placement='right' title='原始值：17.20875'>17.2</span>", "<span data-toggle='tooltip' data-placement='right' title='原始值：8.12112'>8.12</span>", "<span data-toggle='tooltip' data-placement='right' title='原始值：7.16513'>7.17</span>", "<span data-toggle='tooltip' data-placement='right' title='原始值：733.5565'>733.6</span>", "<span data-toggle='tooltip' data-placement='right' title='原始值：11.24799'>11.2</span>", "<span data-toggle='tooltip' data-placement='right' title='原始值：1.1625'>1.16</span>", "<span data-toggle='tooltip' data-placement='right' title='原始值：0.18'>0.180</span>", "<span data-toggle='tooltip' data-placement='right' title='原始值：0.0615'>0.062</span>", "<span data-toggle='tooltip' data-placement='right' title='原始值：3.16'>3.16</span>", "*", "*", "正常"], ["湖北省", "长江流域", "<span data-toggle='tooltip' data-placement='right' title='所在地市:武汉市&#10;所属河流:汉江'>宗关</span>", "10-18 08:00", "Ⅲ", "<span data-toggle='tooltip' data-placement='right' title='原始值：19.45'>19.4</span>", "<span data-toggle='tooltip' data-placement='right' title='原始值：7.627788'>7.63</span>", "<span data-toggle='tooltip' data-placement='right' title='原始值：7.662662'>7.66</span>", "<span data-toggle='tooltip' data-placement='right' title='原始值：417.7075'>417.7</span>", "<span data-toggle='tooltip' data-placement='right' title='原始值：20.75944'>20.8</span>", "<span data-toggle='tooltip' data-placement='right' title='原始值：5.5'>5.50</span>", "<span data-toggle='tooltip' data-placement='right' title='原始值：0.103'>0.103</span>", "<span data-toggle='tooltip' data-placement='right' title='原始值：0.116'>0.116</span>", "<span data-toggle='tooltip' data-placement='right' title='原始值：3.581292'>3.58</span>", "<span data-toggle='tooltip' data-placement='right' title='原始值：0.0032188'>0.003</span>", "*", "正常"], ["湖北省", "长江流域", "<span data-toggle='tooltip' data-placement='right' title='所在地市:十堰市&#10;所属河流:丹江口水库'>坝上中(胡家岭)</span>", "10-18 08:00", "Ⅱ", "<span data-toggle='tooltip' data-placement='right' title='原始值：22.13'>22.1</span>", "<span data-toggle='tooltip' data-placement='right' title='原始值：7.721165'>7.72</span>", "<span data-toggle='tooltip' data-placement='right' title='原始值：6.282593'>6.28</span>", "<span data-toggle='tooltip' data-placement='right' title='原始值：237.69'>237.7</span>", "<span data-toggle='tooltip' data-placement='right' title='原始值：2.413481'>2.4</span>", "<span data-toggle='tooltip' data-placement='right' title='原始值：2.22'>2.22</span>", "<span data-toggle='tooltip' data-placement='right' title='原始值：0.062'>0.062</span>", "<span data-toggle='tooltip' data-placement='right' title='原始值：0.016'>0.016</span>", "<span data-toggle='tooltip' data-placement='right' title='原始值：1.221'>1.22</span>", "<span data-toggle='tooltip' data-placement='right' title='原始值：0.0210259'>0.021</span>", "<span data-toggle='tooltip' data-placement='right' title='原始值：9703000'>9703000</span>", "正常"], ["湖北省", "长江流域", "<span data-toggle='tooltip' data-placement='right' title='所在地市:宜昌市&#10;所属河流:长江'>南津关</span>", "10-18 08:00", "Ⅱ", "<span data-toggle='tooltip' data-placement='right' title='原始值：20.91'>20.9</span>", "<span data-toggle='tooltip' data-placement='right' title='原始值：7.899435'>7.90</span>", "<span data-toggle='tooltip' data-placement='right' title='原始值：8.31722'>8.32</span>", "<span data-toggle='tooltip' data-placement='right' title='原始值：367.041'>367.0</span>", "<span data-toggle='tooltip' data-placement='right' title='原始值：13.15676'>13.2</span>", "<span data-toggle='tooltip' data-placement='right' title='原始值：1.56'>1.56</span>", "<span data-toggle='tooltip' data-placement='right' title='原始值：0.009'>0.009</span>", "<span data-toggle='tooltip' data-placement='right' title='原始值：0.04'>0.040</span>", "<span data-toggle='tooltip' data-placement='right' title='原始值：1.502'>1.50</span>", "<span data-toggle='tooltip' data-placement='right' title='原始值：0.0007627'>0.001</span>", "*", "正常"], ["湖南省", "长江流域", "<span data-toggle='tooltip' data-placement='right' title='所在地市:长沙市&#10;所属河流:湘江'>新港</span>", "10-18 08:00", "Ⅱ", "<span data-toggle='tooltip' data-placement='right' title='原始值：20.66'>20.7</span>", "<span data-toggle='tooltip' data-placement='right' title='原始值：7.22'>7.22</span>", "<span data-toggle='tooltip' data-placement='right' title='原始值：9.43'>9.43</span>", "<span data-toggle='tooltip' data-placement='right' title='原始值：257.08'>257.1</span>", "<span data-toggle='tooltip' data-placement='right' title='原始值：32.39'>32.4</span>", "<span data-toggle='tooltip' data-placement='right' title='原始值：1.37'>1.37</span>", "<span data-toggle='tooltip' data-placement='right' title='原始值：0.064'>0.064</span>", "<span data-toggle='tooltip' data-placement='right' title='原始值：0.066'>0.066</span>", "<span data-toggle='tooltip' data-placement='right' title='原始值：1.75'>1.75</span>", "*", "*", "正常"], ["湖南省", "长江流域", "<span data-toggle='tooltip' data-placement='right' title='所在地市:岳阳市&#10;所属河流:洞庭湖'>岳阳楼</span>", "10-18 08:00", "Ⅳ", "<span data-toggle='tooltip' data-placement='right' title='原始值：18.23'>18.2</span>", "<span data-toggle='tooltip' data-placement='right' title='原始值：8.127768'>8.13</span>", "<span data-toggle='tooltip' data-placement='right' title='原始值：8.28473'>8.28</span>", "<span data-toggle='tooltip' data-placement='right' title='原始值：261.1425'>261.1</span>", "<span data-toggle='tooltip' data-placement='right' title='原始值：40.47598'>40.5</span>", "<span data-toggle='tooltip' data-placement='right' title='原始值：1.81'>1.81</span>", "<span data-toggle='tooltip' data-placement='right' title='原始值：0.018'>0.018</span>", "<span data-toggle='tooltip' data-placement='right' title='原始值：0.062'>0.062</span>", "<span data-toggle='tooltip' data-placement='right' title='原始值：2.327'>2.33</span>", "<span data-toggle='tooltip' data-placement='right' title='原始值：0.0031406'>0.003</span>", "<span data-toggle='tooltip' data-placement='right' title='原始值：258.2'>258</span>", "正常"], ["湖南省", "长江流域", "<span data-toggle='tooltip' data-placement='right' title='所在地市:岳阳市&#10;所属河流:长江'>城陵矶</span>", "10-18 08:00", "Ⅱ", "<span data-toggle='tooltip' data-placement='right' title='原始值：18.93'>18.9</span>", "<span data-toggle='tooltip' data-placement='right' title='原始值：7.93394'>7.93</span>", "<span data-toggle='tooltip' data-placement='right' title='原始值：9.221673'>9.22</span>", "<span data-toggle='tooltip' data-placement='right' title='原始值：269.457'>269.5</span>", "<span data-toggle='tooltip' data-placement='right' title='原始值：52.90988'>52.9</span>", "<span data-toggle='tooltip' data-placement='right' title='原始值：1.99'>1.99</span>", "<span data-toggle='tooltip' data-placement='right' title='原始值：0.013'>0.013</span>", "<span data-toggle='tooltip' data-placement='right' title='原始值：0.041'>0.041</span>", "<span data-toggle='tooltip' data-placement='right' title='原始值：1.515'>1.52</span>", "*", "*", "正常"], ["广东省", "珠江流域", "<span data-toggle='tooltip' data-placement='right' title='所在地市:清远市&#10;所属河流:北江'>七星岗</span>", "10-18 08:00", "Ⅱ", "<span data-toggle='tooltip' data-placement='right' title='原始值：26.0432'>26.0</span>", "<span data-toggle='tooltip' data-placement='right' title='原始值：7.57507'>7.58</span>", "<span data-toggle='tooltip' data-placement='right' title='原始值：7.51848'>7.52</span>", "<span data-toggle='tooltip' data-placement='right' title='原始值：239.6135'>239.6</span>", "<span data-toggle='tooltip' data-placement='right' title='原始值：16.27514'>16.3</span>", "<span data-toggle='tooltip' data-placement='right' title='原始值：0.74'>0.74</span>", "<span data-toggle='tooltip' data-placement='right' title='原始值：0.15106'>0.151</span>", "<span data-toggle='tooltip' data-placement='right' title='原始值：0.03282'>0.033</span>", "<span data-toggle='tooltip' data-placement='right' title='原始值：1.3777'>1.38</span>", "*", "*", "正常"], ["广东省", "珠江流域", "<span data-toggle='tooltip' data-placement='right' title='所在地市:中山市&#10;所属河流:西江'>横栏</span>", "10-18 08:00", "Ⅰ", "<span data-toggle='tooltip' data-placement='right' title='原始值：24.1'>24.1</span>", "<span data-toggle='tooltip' data-placement='right' title='原始值：7.84'>7.84</span>", "<span data-toggle='tooltip' data-placement='right' title='原始值：7.88'>7.88</span>", "<span data-toggle='tooltip' data-placement='right' title='原始值：281'>281.0</span>", "<span data-toggle='tooltip' data-placement='right' title='原始值：8.9'>8.9</span>", "<span data-toggle='tooltip' data-placement='right' title='原始值：1.69'>1.69</span>", "<span data-toggle='tooltip' data-placement='right' title='原始值：0.10408'>0.104</span>", "*", "*", "*", "*", "正常"], ["广西壮族自治区", "珠江流域", "<span data-toggle='tooltip' data-placement='right' title='所在地市:南宁市&#10;所属河流:邕江'>老口</span>", "10-18 08:00", "Ⅲ", "<span data-toggle='tooltip' data-placement='right' title='原始值：23.86852'>23.9</span>", "<span data-toggle='tooltip' data-placement='right' title='原始值：7.44285'>7.44</span>", "<span data-toggle='tooltip' data-placement='right' title='原始值：7.95705'>7.96</span>", "<span data-toggle='tooltip' data-placement='right' title='原始值：263.5301'>263.5</span>", "<span data-toggle='tooltip' data-placement='right' title='原始值：196.7523'>196.8</span>", "<span data-toggle='tooltip' data-placement='right' title='原始值：1.32645'>1.33</span>", "<span data-toggle='tooltip' data-placement='right' title='原始值：0.12291'>0.123</span>", "<span data-toggle='tooltip' data-placement='right' title='原始值：0.10326'>0.103</span>", "<span data-toggle='tooltip' data-placement='right' title='原始值：2.41014'>2.41</span>", "*", "*", "正常"], ["广西壮族自治区", "珠江流域", "<span data-toggle='tooltip' data-placement='right' title='所在地市:桂林市&#10;所属河流:漓江'>阳朔</span>", null, "", "--", "--", "--", "--", "--", "--", "--", "--", "--", "*", "*", "停站"], ["广西壮族自治区", "珠江流域", "<span data-toggle='tooltip' data-placement='right' title='所在地市:梧州市&#10;所属河流:浔江'>界首</span>", null, "", "--", "--", "--", "--", "--", "--", "--", "--", "--", "*", "*", "停站"], ["广西壮族自治区", "珠江流域", "<span data-toggle='tooltip' data-placement='right' title='所在地市:贵港市&#10;所属河流:浔江'>石嘴</span>", "10-18 08:00", "Ⅱ", "<span data-toggle='tooltip' data-placement='right' title='原始值：26.00942'>26.0</span>", "<span data-toggle='tooltip' data-placement='right' title='原始值：7.97229'>7.97</span>", "<span data-toggle='tooltip' data-placement='right' title='原始值：8.12967'>8.13</span>", "<span data-toggle='tooltip' data-placement='right' title='原始值：307.9021'>307.9</span>", "<span data-toggle='tooltip' data-placement='right' title='原始值：92.06673'>92.1</span>", "<span data-toggle='tooltip' data-placement='right' title='原始值：1.87'>1.87</span>", "<span data-toggle='tooltip' data-placement='right' title='原始值：0.13'>0.130</span>", "<span data-toggle='tooltip' data-placement='right' title='原始值：0.05184'>0.052</span>", "<span data-toggle='tooltip' data-placement='right' title='原始值：3.2495'>3.25</span>", "*", "*", "正常"], ["广西壮族自治区", "珠江流域", "<span data-toggle='tooltip' data-placement='right' title='所在地市:崇左市&#10;所属河流:平而河'>平而关</span>", "10-18 08:00", "Ⅱ", "<span data-toggle='tooltip' data-placement='right' title='原始值：23.21118'>23.2</span>", "<span data-toggle='tooltip' data-placement='right' title='原始值：7.30267'>7.30</span>", "<span data-toggle='tooltip' data-placement='right' title='原始值：7.36299'>7.36</span>", "<span data-toggle='tooltip' data-placement='right' title='原始值：147.2795'>147.3</span>", "<span data-toggle='tooltip' data-placement='right' title='原始值：264.7689'>264.8</span>", "<span data-toggle='tooltip' data-placement='right' title='原始值：3.12013'>3.12</span>", "<span data-toggle='tooltip' data-placement='right' title='原始值：0.05'>0.050</span>", "*", "*", "*", "*", "正常"], ["重庆市", "长江流域", "<span data-toggle='tooltip' data-placement='right' title='所在地市:永川区&#10;所属河流:长江'>朱沱</span>", null, "", "--", "--", "--", "--", "--", "--", "--", "--", "--", "*", "*", "停站"], ["四川省", "长江流域", "<span data-toggle='tooltip' data-placement='right' title='所在地市:攀枝花市&#10;所属河流:金沙江'>龙洞</span>", "10-18 08:00", "Ⅰ", "<span data-toggle='tooltip' data-placement='right' title='原始值：19.58'>19.6</span>", "<span data-toggle='tooltip' data-placement='right' title='原始值：8.310992'>8.31</span>", "<span data-toggle='tooltip' data-placement='right' title='原始值：9.17838'>9.18</span>", "<span data-toggle='tooltip' data-placement='right' title='原始值：862.305'>862.3</span>", "<span data-toggle='tooltip' data-placement='right' title='原始值：2.198567'>2.2</span>", "<span data-toggle='tooltip' data-placement='right' title='原始值：1'>1.00</span>", "<span data-toggle='tooltip' data-placement='right' title='原始值：0.012'>0.012</span>", "<span data-toggle='tooltip' data-placement='right' title='原始值：0.00592'>0.006</span>", "<span data-toggle='tooltip' data-placement='right' title='原始值：0.510482'>0.51</span>", "*", "*", "正常"], ["四川省", "长江流域", "<span data-toggle='tooltip' data-placement='right' title='所在地市:泸州市&#10;所属河流:沱江'>沱江大桥(沱江二桥)</span>", "10-18 08:00", "Ⅱ", "<span data-toggle='tooltip' data-placement='right' title='原始值：19.24'>19.2</span>", "<span data-toggle='tooltip' data-placement='right' title='原始值：8.179061'>8.18</span>", "<span data-toggle='tooltip' data-placement='right' title='原始值：9.2298'>9.23</span>", "<span data-toggle='tooltip' data-placement='right' title='原始值：451.522'>451.5</span>", "<span data-toggle='tooltip' data-placement='right' title='原始值：62.29671'>62.3</span>", "<span data-toggle='tooltip' data-placement='right' title='原始值：2.86'>2.86</span>", "<span data-toggle='tooltip' data-placement='right' title='原始值：0.005'>0.005</span>", "<span data-toggle='tooltip' data-placement='right' title='原始值：0.0962798'>0.096</span>", "<span data-toggle='tooltip' data-placement='right' title='原始值：3.083817'>3.08</span>", "*", "*", "正常"], ["四川省", "长江流域", "<span data-toggle='tooltip' data-placement='right' title='所在地市:广元市&#10;所属河流:嘉陵江'>清风峡</span>", null, "", "--", "--", "--", "--", "--", "--", "--", "--", "--", "*", "*", "停站"], ["四川省", "长江流域", "<span data-toggle='tooltip' data-placement='right' title='所在地市:乐山市&#10;所属河流:岷江'>岷江大桥</span>", null, "", "--", "--", "--", "--", "--", "--", "--", "--", "--", "*", "*", "停站"], ["四川省", "长江流域", "<span data-toggle='tooltip' data-placement='right' title='所在地市:宜宾市&#10;所属河流:岷江'>凉姜沟</span>", "10-18 08:00", "Ⅱ", "<span data-toggle='tooltip' data-placement='right' title='原始值：17.37'>17.4</span>", "<span data-toggle='tooltip' data-placement='right' title='原始值：8.038996'>8.04</span>", "<span data-toggle='tooltip' data-placement='right' title='原始值：9.670342'>9.67</span>", "<span data-toggle='tooltip' data-placement='right' title='原始值：291.8893'>291.9</span>", "<span data-toggle='tooltip' data-placement='right' title='原始值：48.19219'>48.2</span>", "<span data-toggle='tooltip' data-placement='right' title='原始值：1.61'>1.61</span>", "<span data-toggle='tooltip' data-placement='right' title='原始值：0.017'>0.017</span>", "<span data-toggle='tooltip' data-placement='right' title='原始值：0.0790927'>0.079</span>", "<span data-toggle='tooltip' data-placement='right' title='原始值：1.892116'>1.89</span>", "*", "*", "正常"], ["云南省", "滇池流域", "<span data-toggle='tooltip' data-placement='right' title='所在地市:昆明市&#10;所属河流:滇池'>西苑隧道</span>", "10-18 08:00", "Ⅳ", "<span data-toggle='tooltip' data-placement='right' title='原始值：17.37'>17.4</span>", "<span data-toggle='tooltip' data-placement='right' title='原始值：7.67263'>7.67</span>", "<span data-toggle='tooltip' data-placement='right' title='原始值：4.177'>4.18</span>", "<span data-toggle='tooltip' data-placement='right' title='原始值：663.047'>663.0</span>", "<span data-toggle='tooltip' data-placement='right' title='原始值：22.99'>23.0</span>", "<span data-toggle='tooltip' data-placement='right' title='原始值：5.03'>5.03</span>", "<span data-toggle='tooltip' data-placement='right' title='原始值：0.2808'>0.281</span>", "<span data-toggle='tooltip' data-placement='right' title='原始值：0.06479'>0.065</span>", "<span data-toggle='tooltip' data-placement='right' title='原始值：2.16172'>2.16</span>", "<span data-toggle='tooltip' data-placement='right' title='原始值：0.00198'>0.002</span>", "<span data-toggle='tooltip' data-placement='right' title='原始值：4127823'>4127823</span>", "正常"], ["云南省", "滇池流域", "<span data-toggle='tooltip' data-placement='right' title='所在地市:昆明市&#10;所属河流:滇池'>观音山</span>", "10-18 08:00", "劣Ⅴ", "<span data-toggle='tooltip' data-placement='right' title='原始值：18.77291'>18.8</span>", "<span data-toggle='tooltip' data-placement='right' title='原始值：9.50712'>9.51</span>", "<span data-toggle='tooltip' data-placement='right' title='原始值：8.43431'>8.43</span>", "<span data-toggle='tooltip' data-placement='right' title='原始值：393.611'>393.6</span>", "<span data-toggle='tooltip' data-placement='right' title='原始值：41.40786'>41.4</span>", "<span data-toggle='tooltip' data-placement='right' title='原始值：7.66923'>7.67</span>", "<span data-toggle='tooltip' data-placement='right' title='原始值：0.47'>0.470</span>", "<span data-toggle='tooltip' data-placement='right' title='原始值：0.0878'>0.088</span>", "<span data-toggle='tooltip' data-placement='right' title='原始值：1.302'>1.30</span>", "<span data-toggle='tooltip' data-placement='right' title='原始值：0.00134'>0.001</span>", "<span data-toggle='tooltip' data-placement='right' title='原始值：1.564921E+07'>15649210</span>", "正常"], ["云南省", "西南诸河", "<span data-toggle='tooltip' data-placement='right' title='所在地市:红河哈尼族彝族自治州&#10;所属河流:红河'>河口县医院(河口)</span>", "10-18 08:00", "Ⅱ", "<span data-toggle='tooltip' data-placement='right' title='原始值：21.99009'>22.0</span>", "<span data-toggle='tooltip' data-placement='right' title='原始值：7.25209'>7.25</span>", "<span data-toggle='tooltip' data-placement='right' title='原始值：8.13227'>8.13</span>", "<span data-toggle='tooltip' data-placement='right' title='原始值：293.0265'>293.0</span>", "<span data-toggle='tooltip' data-placement='right' title='原始值：44.90115'>44.9</span>", "<span data-toggle='tooltip' data-placement='right' title='原始值：2.01368'>2.01</span>", "<span data-toggle='tooltip' data-placement='right' title='原始值：0.12909'>0.129</span>", "<span data-toggle='tooltip' data-placement='right' title='原始值：0.05664'>0.057</span>", "<span data-toggle='tooltip' data-placement='right' title='原始值：1.33063'>1.33</span>", "*", "*", "正常"], ["云南省", "西南诸河", "<span data-toggle='tooltip' data-placement='right' title='所在地市:西双版纳傣族自治州&#10;所属河流:澜沧江'>橄榄坝</span>", "10-18 08:00", "Ⅰ", "<span data-toggle='tooltip' data-placement='right' title='原始值：19.70762'>19.7</span>", "<span data-toggle='tooltip' data-placement='right' title='原始值：7.71595'>7.72</span>", "<span data-toggle='tooltip' data-placement='right' title='原始值：10.14511'>10.15</span>", "<span data-toggle='tooltip' data-placement='right' title='原始值：467.9653'>468.0</span>", "<span data-toggle='tooltip' data-placement='right' title='原始值：14.98482'>15.0</span>", "<span data-toggle='tooltip' data-placement='right' title='原始值：0.87'>0.87</span>", "<span data-toggle='tooltip' data-placement='right' title='原始值：0.05881'>0.059</span>", "*", "*", "*", "*", "正常"], ["陕西省", "黄河流域", "<span data-toggle='tooltip' data-placement='right' title='所在地市:渭南市&#10;所属河流:渭河'>潼关吊桥</span>", null, "", "--", "--", "--", "--", "--", "--", "--", "--", "--", "*", "*", "停站"], ["甘肃省", "黄河流域", "<span data-toggle='tooltip' data-placement='right' title='所在地市:兰州市&#10;所属河流:黄河'>新城桥</span>", null, "", "--", "--", "--", "--", "--", "--", "--", "--", "--", "*", "*", "停站"], ["宁夏回族自治区", "黄河流域", "<span data-toggle='tooltip' data-placement='right' title='所在地市:中卫市&#10;所属河流:黄河'>中卫下河沿(新墩)</span>", "10-18 08:00", "Ⅱ", "<span data-toggle='tooltip' data-placement='right' title='原始值：14.67654'>14.7</span>", "<span data-toggle='tooltip' data-placement='right' title='原始值：7.59605'>7.60</span>", "<span data-toggle='tooltip' data-placement='right' title='原始值：8.70656'>8.71</span>", "<span data-toggle='tooltip' data-placement='right' title='原始值：557.748'>557.7</span>", "<span data-toggle='tooltip' data-placement='right' title='原始值：44.77833'>44.8</span>", "<span data-toggle='tooltip' data-placement='right' title='原始值：1.18'>1.18</span>", "<span data-toggle='tooltip' data-placement='right' title='原始值：0.1'>0.100</span>", "<span data-toggle='tooltip' data-placement='right' title='原始值：0.034'>0.034</span>", "<span data-toggle='tooltip' data-placement='right' title='原始值：1.6171'>1.62</span>", "*", "*", "正常"]]}