{"result": 1, "total": 1, "records": 98, "thead": ["省份", "流域", "断面名称", "监测时间", "水质类别", "水温<br/><span class='unit'>(℃)</span>", "pH<br/><span class='unit'>(无量纲)</span>", "溶解氧<br/><span class='unit'>(mg/L)</span>", "电导率<br/><span class='unit'>(μS/cm)</span>", "浊度<br/><span class='unit'>(NTU)</span>", "高锰酸盐指数<br/><span class='unit'>(mg/L)</span>", "氨氮<br/><span class='unit'>(mg/L)</span>", "总磷<br/><span class='unit'>(mg/L)</span>", "总氮<br/><span class='unit'>(mg/L)</span>", "叶绿素α<br/><span class='unit'>(mg/L)</span>", "藻密度<br/><span class='unit'>(cells/L)</span>", "站点情况"], "tbody": [["北京市", "海河流域", "<span data-toggle='tooltip' data-placement='right' title='所在地市:门头沟区&#10;所属河流:永定河'>沿河城</span>", null, "", "--", "--", "--", "--", "--", "--", "--", "--", "--", "*", "*", "停站"], ["北京市", "海河流域", "<span data-toggle='tooltip' data-placement='right' title='所在地市:密云区&#10;所属河流:潮河'>古北口</span>", "10-26 08:00", "Ⅰ", "<span data-toggle='tooltip' data-placement='right' title='原始值：9.96652'>10.0</span>", "<span data-toggle='tooltip' data-placement='right' title='原始值：7.87842'>7.88</span>", "<span data-toggle='tooltip' data-placement='right' title='原始值：10.7948'>10.79</span>", "<span data-toggle='tooltip' data-placement='right' title='原始值：738.9281'>738.9</span>", "<span data-toggle='tooltip' data-placement='right' title='原始值：1.56401'>1.6</span>", "<span data-toggle='tooltip' data-placement='right' title='原始值：0.69742'>0.70</span>", "<span data-toggle='tooltip' data-placement='right' title='原始值：0.01'>0.010</span>", "<span data-toggle='tooltip' data-placement='right' title='原始值：0.0001'>0.0001</span>", "<span data-toggle='tooltip' data-placement='right' title='原始值：8.6995'>8.70</span>", "*", "*", "正常"], ["天津市", "海河流域", "<span data-toggle='tooltip' data-placement='right' title='所在地市:河北区&#10;所属河流:海河'>三岔口</span>", "10-26 08:00", "Ⅱ", "<span data-toggle='tooltip' data-placement='right' title='原始值：16.1069'>16.1</span>", "<span data-toggle='tooltip' data-placement='right' title='原始值：7.8252'>7.83</span>", "<span data-toggle='tooltip' data-placement='right' title='原始值：8.408'>8.41</span>", "<span data-toggle='tooltip' data-placement='right' title='原始值：504.7088'>504.7</span>", "<span data-toggle='tooltip' data-placement='right' title='原始值：9.852'>9.9</span>", "<span data-toggle='tooltip' data-placement='right' title='原始值：1.22'>1.22</span>", "<span data-toggle='tooltip' data-placement='right' title='原始值：0.2'>0.200</span>", "<span data-toggle='tooltip' data-placement='right' title='原始值：0.0034'>0.003</span>", "<span data-toggle='tooltip' data-placement='right' title='原始值：1.3239'>1.32</span>", "*", "*", "正常"], ["天津市", "海河流域", "<span data-toggle='tooltip' data-placement='right' title='所在地市:蓟州区&#10;所属河流:果河'>果河桥</span>", "10-26 08:00", "Ⅱ", "<span data-toggle='tooltip' data-placement='right' title='原始值：14.3'>14.3</span>", "<span data-toggle='tooltip' data-placement='right' title='原始值：8.32'>8.32</span>", "<span data-toggle='tooltip' data-placement='right' title='原始值：8.915'>8.92</span>", "<span data-toggle='tooltip' data-placement='right' title='原始值：578.258'>578.3</span>", "<span data-toggle='tooltip' data-placement='right' title='原始值：7.5'>7.5</span>", "<span data-toggle='tooltip' data-placement='right' title='原始值：2.3549'>2.35</span>", "<span data-toggle='tooltip' data-placement='right' title='原始值：0.26'>0.260</span>", "<span data-toggle='tooltip' data-placement='right' title='原始值：0.0543'>0.054</span>", "<span data-toggle='tooltip' data-placement='right' title='原始值：3.6858'>3.69</span>", "*", "*", "正常"], ["河北省", "海河流域", "<span data-toggle='tooltip' data-placement='right' title='所在地市:石家庄市&#10;所属河流:滹沱河'>岗南水库</span>", "10-26 08:00", "Ⅲ", "<span data-toggle='tooltip' data-placement='right' title='原始值：18.39978'>18.4</span>", "<span data-toggle='tooltip' data-placement='right' title='原始值：8.4915'>8.49</span>", "<span data-toggle='tooltip' data-placement='right' title='原始值：8.87711'>8.88</span>", "<span data-toggle='tooltip' data-placement='right' title='原始值：578.4691'>578.5</span>", "<span data-toggle='tooltip' data-placement='right' title='原始值：2.06098'>2.1</span>", "<span data-toggle='tooltip' data-placement='right' title='原始值：1.83645'>1.84</span>", "<span data-toggle='tooltip' data-placement='right' title='原始值：0.08'>0.080</span>", "<span data-toggle='tooltip' data-placement='right' title='原始值：0.0289'>0.029</span>", "<span data-toggle='tooltip' data-placement='right' title='原始值：2.6278'>2.63</span>", "*", "*", "正常"], ["河北省", "海河流域", "<span data-toggle='tooltip' data-placement='right' title='所在地市:张家口市&#10;所属河流:永定河'>八号桥</span>", "10-26 08:00", "Ⅲ", "<span data-toggle='tooltip' data-placement='right' title='原始值：8.58623'>8.6</span>", "<span data-toggle='tooltip' data-placement='right' title='原始值：8.40455'>8.40</span>", "<span data-toggle='tooltip' data-placement='right' title='原始值：10.18381'>10.18</span>", "<span data-toggle='tooltip' data-placement='right' title='原始值：1498.143'>1498.1</span>", "<span data-toggle='tooltip' data-placement='right' title='原始值：102.8889'>102.9</span>", "<span data-toggle='tooltip' data-placement='right' title='原始值：5.67'>5.67</span>", "<span data-toggle='tooltip' data-placement='right' title='原始值：0.16'>0.160</span>", "<span data-toggle='tooltip' data-placement='right' title='原始值：0.1955'>0.196</span>", "<span data-toggle='tooltip' data-placement='right' title='原始值：2.6138'>2.61</span>", "*", "*", "正常"], ["山西省", "黄河流域", "<span data-toggle='tooltip' data-placement='right' title='所在地市:运城市&#10;所属河流:汾河'>河津大桥</span>", "10-26 08:00", "Ⅳ", "<span data-toggle='tooltip' data-placement='right' title='原始值：16.58218'>16.6</span>", "<span data-toggle='tooltip' data-placement='right' title='原始值：8.20138'>8.20</span>", "<span data-toggle='tooltip' data-placement='right' title='原始值：9.71148'>9.71</span>", "<span data-toggle='tooltip' data-placement='right' title='原始值：1728.523'>1728.5</span>", "<span data-toggle='tooltip' data-placement='right' title='原始值：291.2554'>291.3</span>", "<span data-toggle='tooltip' data-placement='right' title='原始值：8.7'>8.70</span>", "<span data-toggle='tooltip' data-placement='right' title='原始值：0.17'>0.170</span>", "*", "*", "*", "*", "正常"], ["山西省", "黄河流域", "<span data-toggle='tooltip' data-placement='right' title='所在地市:忻州市&#10;所属河流:黄河'>万家寨水库</span>", "10-26 08:00", "Ⅲ", "<span data-toggle='tooltip' data-placement='right' title='原始值：11.85021'>11.9</span>", "<span data-toggle='tooltip' data-placement='right' title='原始值：8.18013'>8.18</span>", "<span data-toggle='tooltip' data-placement='right' title='原始值：10.09665'>10.10</span>", "<span data-toggle='tooltip' data-placement='right' title='原始值：590.741'>590.7</span>", "<span data-toggle='tooltip' data-placement='right' title='原始值：15.1741'>15.2</span>", "<span data-toggle='tooltip' data-placement='right' title='原始值：5.02'>5.02</span>", "<span data-toggle='tooltip' data-placement='right' title='原始值：0.35'>0.350</span>", "<span data-toggle='tooltip' data-placement='right' title='原始值：0.02675'>0.027</span>", "<span data-toggle='tooltip' data-placement='right' title='原始值：2.3125'>2.31</span>", "*", "*", "正常"], ["内蒙古自治区", "黄河流域", "<span data-toggle='tooltip' data-placement='right' title='所在地市:包头市&#10;所属河流:黄河'>画匠营子</span>", "10-26 08:00", "Ⅱ", "<span data-toggle='tooltip' data-placement='right' title='原始值：12.61242'>12.6</span>", "<span data-toggle='tooltip' data-placement='right' title='原始值：8.19221'>8.19</span>", "<span data-toggle='tooltip' data-placement='right' title='原始值：9.09167'>9.09</span>", "<span data-toggle='tooltip' data-placement='right' title='原始值：699.2273'>699.2</span>", "<span data-toggle='tooltip' data-placement='right' title='原始值：1275.621'>1275.6</span>", "<span data-toggle='tooltip' data-placement='right' title='原始值：3.78576'>3.79</span>", "<span data-toggle='tooltip' data-placement='right' title='原始值：0.06029'>0.060</span>", "*", "*", "*", "*", "正常"], ["内蒙古自治区", "黄河流域", "<span data-toggle='tooltip' data-placement='right' title='所在地市:乌海市&#10;所属河流:黄河'>海勃湾</span>", "10-26 08:00", "Ⅱ", "<span data-toggle='tooltip' data-placement='right' title='原始值：12.70789'>12.7</span>", "<span data-toggle='tooltip' data-placement='right' title='原始值：8.51117'>8.51</span>", "<span data-toggle='tooltip' data-placement='right' title='原始值：8.57859'>8.58</span>", "<span data-toggle='tooltip' data-placement='right' title='原始值：540.6184'>540.6</span>", "<span data-toggle='tooltip' data-placement='right' title='原始值：86.08317'>86.1</span>", "<span data-toggle='tooltip' data-placement='right' title='原始值：2.34'>2.34</span>", "<span data-toggle='tooltip' data-placement='right' title='原始值：0.13'>0.130</span>", "*", "*", "*", "*", "正常"], ["内蒙古自治区", "松花江流域", "<span data-toggle='tooltip' data-placement='right' title='所在地市:呼伦贝尔市&#10;所属河流:额尔古纳河'>黑山头</span>", null, "", "--", "--", "--", "--", "--", "--", "--", "--", "--", "*", "*", "停站"], ["辽宁省", "辽河流域", "<span data-toggle='tooltip' data-placement='right' title='所在地市:抚顺市&#10;所属河流:浑河'>大伙房水库</span>", "10-26 08:00", "", "<span data-toggle='tooltip' data-placement='right' title='原始值：16.45495'>16.5</span>", "<span data-toggle='tooltip' data-placement='right' title='原始值：7.08486'>7.08</span>", "<span data-toggle='tooltip' data-placement='right' title='原始值：9.99386'>9.99</span>", "<span data-toggle='tooltip' data-placement='right' title='原始值：302.6815'>302.7</span>", "<span data-toggle='tooltip' data-placement='right' title='原始值：3.53761'>3.5</span>", "<span data-toggle='tooltip' data-placement='right' title='原始值：3.94392'>3.94</span>", "<span data-toggle='tooltip' data-placement='right' title='极值过滤'>--</span>", "<span data-toggle='tooltip' data-placement='right' title='极值过滤'>--</span>", "<span data-toggle='tooltip' data-placement='right' title='原始值：2.12623'>2.13</span>", "<span data-toggle='tooltip' data-placement='right' title='原始值：0.00151'>0.002</span>", "*", "维护"], ["辽宁省", "辽河流域", "<span data-toggle='tooltip' data-placement='right' title='所在地市:丹东市&#10;所属河流:鸭绿江'>江桥</span>", "10-26 08:00", "劣Ⅴ", "<span data-toggle='tooltip' data-placement='right' title='原始值：16.09687'>16.1</span>", "<span data-toggle='tooltip' data-placement='right' title='原始值：6.92'>6.92</span>", "<span data-toggle='tooltip' data-placement='right' title='原始值：8.33'>8.33</span>", "<span data-toggle='tooltip' data-placement='right' title='原始值：149'>149.0</span>", "<span data-toggle='tooltip' data-placement='right' title='原始值：56'>56.0</span>", "<span data-toggle='tooltip' data-placement='right' title='原始值：0.92'>0.92</span>", "<span data-toggle='tooltip' data-placement='right' title='原始值：3.879'>3.879</span>", "<span data-toggle='tooltip' data-placement='right' title='原始值：0.02121'>0.021</span>", "<span data-toggle='tooltip' data-placement='right' title='原始值：1.95522'>1.96</span>", "*", "*", "正常"], ["辽宁省", "辽河流域", "<span data-toggle='tooltip' data-placement='right' title='所在地市:营口市&#10;所属河流:大辽河'>辽河公园</span>", "10-26 08:00", "Ⅳ", "<span data-toggle='tooltip' data-placement='right' title='原始值：16.40725'>16.4</span>", "<span data-toggle='tooltip' data-placement='right' title='原始值：7.9016'>7.90</span>", "<span data-toggle='tooltip' data-placement='right' title='原始值：7.30767'>7.31</span>", "<span data-toggle='tooltip' data-placement='right' title='原始值：1362.233'>1362.2</span>", "<span data-toggle='tooltip' data-placement='right' title='原始值：140.5199'>140.5</span>", "<span data-toggle='tooltip' data-placement='right' title='原始值：7.69879'>7.70</span>", "<span data-toggle='tooltip' data-placement='right' title='原始值：0.08933'>0.089</span>", "<span data-toggle='tooltip' data-placement='right' title='原始值：0.20118'>0.201</span>", "<span data-toggle='tooltip' data-placement='right' title='原始值：3.92277'>3.92</span>", "*", "*", "正常"], ["辽宁省", "辽河流域", "<span data-toggle='tooltip' data-placement='right' title='所在地市:辽阳市&#10;所属河流:太子河'>汤河水库</span>", null, "", "--", "--", "--", "--", "--", "--", "--", "--", "--", "*", "*", "停站"], ["辽宁省", "辽河流域", "<span data-toggle='tooltip' data-placement='right' title='所在地市:盘锦市&#10;所属河流:辽河'>盘锦兴安(兴安)</span>", null, "", "--", "--", "--", "--", "--", "--", "--", "--", "--", "*", "*", "停站"], ["辽宁省", "辽河流域", "<span data-toggle='tooltip' data-placement='right' title='所在地市:铁岭市&#10;所属河流:辽河'>珠尔山</span>", null, "", "--", "--", "--", "--", "--", "--", "--", "--", "--", "*", "*", "维护"], ["吉林省", "松花江流域", "<span data-toggle='tooltip' data-placement='right' title='所在地市:长春市&#10;所属河流:松花江'>松花江村</span>", null, "", "--", "--", "--", "--", "--", "--", "--", "--", "--", "*", "*", "停站"], ["吉林省", "松花江流域", "<span data-toggle='tooltip' data-placement='right' title='所在地市:白城市&#10;所属河流:嫩江'>白沙滩</span>", null, "", "--", "--", "--", "--", "--", "--", "--", "--", "--", "*", "*", "停站"], ["吉林省", "松花江流域", "<span data-toggle='tooltip' data-placement='right' title='所在地市:延边朝鲜族自治州&#10;所属河流:图们江'>圈河</span>", "10-26 08:00", "Ⅲ", "<span data-toggle='tooltip' data-placement='right' title='原始值：11.5'>11.5</span>", "<span data-toggle='tooltip' data-placement='right' title='原始值：7.55'>7.55</span>", "<span data-toggle='tooltip' data-placement='right' title='原始值：9.6925'>9.69</span>", "<span data-toggle='tooltip' data-placement='right' title='原始值：183'>183.0</span>", "<span data-toggle='tooltip' data-placement='right' title='原始值：87.75011'>87.8</span>", "<span data-toggle='tooltip' data-placement='right' title='原始值：5.24'>5.24</span>", "<span data-toggle='tooltip' data-placement='right' title='原始值：0.04332'>0.043</span>", "<span data-toggle='tooltip' data-placement='right' title='原始值：0.0512'>0.051</span>", "<span data-toggle='tooltip' data-placement='right' title='原始值：0.002'>0.002</span>", "*", "*", "正常"], ["黑龙江省", "松花江流域", "<span data-toggle='tooltip' data-placement='right' title='所在地市:大庆市&#10;所属河流:松花江'>肇源</span>", null, "", "--", "--", "--", "--", "--", "--", "--", "--", "--", "*", "*", "停站"], ["黑龙江省", "松花江流域", "<span data-toggle='tooltip' data-placement='right' title='所在地市:佳木斯市&#10;所属河流:乌苏里江'>乌苏镇</span>", null, "", "--", "--", "--", "--", "--", "--", "--", "--", "--", "*", "*", "停站"], ["黑龙江省", "松花江流域", "<span data-toggle='tooltip' data-placement='right' title='所在地市:佳木斯市&#10;所属河流:松花江'>同江</span>", "10-26 08:00", "Ⅳ", "<span data-toggle='tooltip' data-placement='right' title='原始值：7.96046'>8.0</span>", "<span data-toggle='tooltip' data-placement='right' title='原始值：7.75001'>7.75</span>", "<span data-toggle='tooltip' data-placement='right' title='原始值：12.18752'>12.19</span>", "<span data-toggle='tooltip' data-placement='right' title='原始值：207.0315'>207.0</span>", "<span data-toggle='tooltip' data-placement='right' title='原始值：98.00211'>98.0</span>", "<span data-toggle='tooltip' data-placement='right' title='原始值：7.46929'>7.47</span>", "<span data-toggle='tooltip' data-placement='right' title='原始值：0.37697'>0.377</span>", "<span data-toggle='tooltip' data-placement='right' title='原始值：0.11084'>0.111</span>", "<span data-toggle='tooltip' data-placement='right' title='原始值：2.35541'>2.36</span>", "*", "*", "正常"], ["黑龙江省", "松花江流域", "<span data-toggle='tooltip' data-placement='right' title='所在地市:黑河市&#10;所属河流:黑龙江'>黑河下(黑河)</span>", null, "", "--", "--", "--", "--", "--", "--", "--", "--", "--", "*", "*", "停站"], ["上海市", "长江流域", "<span data-toggle='tooltip' data-placement='right' title='所在地市:青浦区&#10;所属河流:淀山湖'>急水港桥</span>", null, "", "--", "--", "--", "--", "--", "--", "--", "--", "--", "--", "--", "停站"], ["江苏省", "长江流域", "<span data-toggle='tooltip' data-placement='right' title='所在地市:南京市&#10;所属河流:长江'>林山</span>", null, "", "--", "--", "--", "--", "--", "--", "--", "--", "--", "*", "*", "停站"], ["江苏省", "太湖流域", "<span data-toggle='tooltip' data-placement='right' title='所在地市:无锡市&#10;所属河流:太湖'>沙渚</span>", "10-26 08:00", "Ⅲ", "<span data-toggle='tooltip' data-placement='right' title='原始值：20.08122'>20.1</span>", "<span data-toggle='tooltip' data-placement='right' title='原始值：8.837929'>8.84</span>", "<span data-toggle='tooltip' data-placement='right' title='原始值：9.333961'>9.33</span>", "<span data-toggle='tooltip' data-placement='right' title='原始值：484.2882'>484.3</span>", "<span data-toggle='tooltip' data-placement='right' title='原始值：60.50068'>60.5</span>", "<span data-toggle='tooltip' data-placement='right' title='原始值：5.98'>5.98</span>", "<span data-toggle='tooltip' data-placement='right' title='原始值：0.31'>0.310</span>", "<span data-toggle='tooltip' data-placement='right' title='原始值：0.0881'>0.088</span>", "<span data-toggle='tooltip' data-placement='right' title='原始值：1.265'>1.26</span>", "<span data-toggle='tooltip' data-placement='right' title='原始值：0.004475'>0.004</span>", "*", "正常"], ["江苏省", "淮河流域", "<span data-toggle='tooltip' data-placement='right' title='所在地市:徐州市&#10;所属河流:武河'>小红圈</span>", "10-26 08:00", "Ⅰ", "<span data-toggle='tooltip' data-placement='right' title='原始值：14.69'>14.7</span>", "<span data-toggle='tooltip' data-placement='right' title='原始值：7.51'>7.51</span>", "<span data-toggle='tooltip' data-placement='right' title='原始值：14.6'>14.60</span>", "<span data-toggle='tooltip' data-placement='right' title='原始值：913.3'>913.3</span>", "<span data-toggle='tooltip' data-placement='right' title='原始值：6.78'>6.8</span>", "<span data-toggle='tooltip' data-placement='right' title='原始值：1.63'>1.63</span>", "<span data-toggle='tooltip' data-placement='right' title='原始值：0.089'>0.089</span>", "*", "*", "*", "*", "正常"], ["江苏省", "淮河流域", "<span data-toggle='tooltip' data-placement='right' title='所在地市:徐州市&#10;所属河流:沿河'>李集桥</span>", "10-26 08:00", "Ⅲ", "<span data-toggle='tooltip' data-placement='right' title='原始值：16.89'>16.9</span>", "<span data-toggle='tooltip' data-placement='right' title='原始值：7.78'>7.78</span>", "<span data-toggle='tooltip' data-placement='right' title='原始值：8.06'>8.06</span>", "<span data-toggle='tooltip' data-placement='right' title='原始值：992.8'>992.8</span>", "<span data-toggle='tooltip' data-placement='right' title='原始值：20.26'>20.3</span>", "<span data-toggle='tooltip' data-placement='right' title='原始值：4.14'>4.14</span>", "<span data-toggle='tooltip' data-placement='right' title='原始值：0.021'>0.021</span>", "<span data-toggle='tooltip' data-placement='right' title='原始值：0.035'>0.035</span>", "<span data-toggle='tooltip' data-placement='right' title='原始值：0.563'>0.56</span>", "*", "*", "正常"], ["江苏省", "淮河流域", "<span data-toggle='tooltip' data-placement='right' title='所在地市:徐州市&#10;所属河流:邳苍分洪道'>艾山西大桥</span>", "10-26 08:00", "Ⅱ", "<span data-toggle='tooltip' data-placement='right' title='原始值：15.4504'>15.5</span>", "<span data-toggle='tooltip' data-placement='right' title='原始值：8.34298'>8.34</span>", "<span data-toggle='tooltip' data-placement='right' title='原始值：13.8495'>13.85</span>", "<span data-toggle='tooltip' data-placement='right' title='原始值：747.839'>747.8</span>", "<span data-toggle='tooltip' data-placement='right' title='原始值：8.0084'>8.0</span>", "<span data-toggle='tooltip' data-placement='right' title='原始值：2.6'>2.60</span>", "<span data-toggle='tooltip' data-placement='right' title='原始值：0.1'>0.100</span>", "<span data-toggle='tooltip' data-placement='right' title='原始值：0.02696'>0.027</span>", "<span data-toggle='tooltip' data-placement='right' title='原始值：10.91297'>10.91</span>", "*", "*", "正常"], ["江苏省", "太湖流域", "<span data-toggle='tooltip' data-placement='right' title='所在地市:苏州市&#10;所属河流:太湖'>兰山嘴(老)</span>", "10-26 08:00", "Ⅲ", "<span data-toggle='tooltip' data-placement='right' title='原始值：18.54819'>18.5</span>", "<span data-toggle='tooltip' data-placement='right' title='原始值：7.53169'>7.53</span>", "<span data-toggle='tooltip' data-placement='right' title='原始值：7.33474'>7.33</span>", "<span data-toggle='tooltip' data-placement='right' title='原始值：349.0533'>349.1</span>", "<span data-toggle='tooltip' data-placement='right' title='原始值：80.62298'>80.6</span>", "<span data-toggle='tooltip' data-placement='right' title='原始值：3.75'>3.75</span>", "<span data-toggle='tooltip' data-placement='right' title='原始值：0.42'>0.420</span>", "<span data-toggle='tooltip' data-placement='right' title='原始值：0.13308'>0.133</span>", "<span data-toggle='tooltip' data-placement='right' title='原始值：2.91377'>2.91</span>", "<span data-toggle='tooltip' data-placement='right' title='原始值：0.00781'>0.008</span>", "*", "正常"], ["江苏省", "太湖流域", "<span data-toggle='tooltip' data-placement='right' title='所在地市:苏州市&#10;所属河流:太湖'>西山</span>", "10-26 08:00", "Ⅴ", "<span data-toggle='tooltip' data-placement='right' title='原始值：17.92914'>17.9</span>", "<span data-toggle='tooltip' data-placement='right' title='原始值：7.7297'>7.73</span>", "<span data-toggle='tooltip' data-placement='right' title='原始值：8.1533'>8.15</span>", "<span data-toggle='tooltip' data-placement='right' title='原始值：405.9596'>406.0</span>", "<span data-toggle='tooltip' data-placement='right' title='原始值：97.22526'>97.2</span>", "<span data-toggle='tooltip' data-placement='right' title='原始值：2.77'>2.77</span>", "<span data-toggle='tooltip' data-placement='right' title='原始值：0.11'>0.110</span>", "<span data-toggle='tooltip' data-placement='right' title='原始值：0.1033'>0.103</span>", "<span data-toggle='tooltip' data-placement='right' title='原始值：0.5379'>0.54</span>", "<span data-toggle='tooltip' data-placement='right' title='原始值：0.00124'>0.001</span>", "*", "正常"], ["江苏省", "淮河流域", "<span data-toggle='tooltip' data-placement='right' title='所在地市:连云港市&#10;所属河流:新沭河'>大兴桥</span>", "10-26 08:00", "Ⅲ", "<span data-toggle='tooltip' data-placement='right' title='原始值：17.7'>17.7</span>", "<span data-toggle='tooltip' data-placement='right' title='原始值：8.62'>8.62</span>", "<span data-toggle='tooltip' data-placement='right' title='原始值：10.91'>10.91</span>", "<span data-toggle='tooltip' data-placement='right' title='原始值：735.5'>735.5</span>", "<span data-toggle='tooltip' data-placement='right' title='原始值：298.57'>298.6</span>", "<span data-toggle='tooltip' data-placement='right' title='原始值：4.92'>4.92</span>", "<span data-toggle='tooltip' data-placement='right' title='原始值：0.069'>0.069</span>", "*", "*", "*", "*", "正常"], ["江苏省", "淮河流域", "<span data-toggle='tooltip' data-placement='right' title='所在地市:淮安市&#10;所属河流:淮河'>淮河大桥</span>", "10-26 08:00", "Ⅲ", "<span data-toggle='tooltip' data-placement='right' title='原始值：18.6187'>18.6</span>", "<span data-toggle='tooltip' data-placement='right' title='原始值：7.96183'>7.96</span>", "<span data-toggle='tooltip' data-placement='right' title='原始值：7.35498'>7.35</span>", "<span data-toggle='tooltip' data-placement='right' title='原始值：431.688'>431.7</span>", "<span data-toggle='tooltip' data-placement='right' title='原始值：58.12885'>58.1</span>", "<span data-toggle='tooltip' data-placement='right' title='原始值：4.1'>4.10</span>", "<span data-toggle='tooltip' data-placement='right' title='原始值：0.13'>0.130</span>", "<span data-toggle='tooltip' data-placement='right' title='原始值：0.1576'>0.158</span>", "<span data-toggle='tooltip' data-placement='right' title='原始值：1.831'>1.83</span>", "*", "*", "正常"], ["江苏省", "长江流域", "<span data-toggle='tooltip' data-placement='right' title='所在地市:扬州市&#10;所属河流:夹江'>三江营</span>", "10-26 08:00", "Ⅱ", "<span data-toggle='tooltip' data-placement='right' title='原始值：19.55'>19.6</span>", "<span data-toggle='tooltip' data-placement='right' title='原始值：7.84'>7.84</span>", "<span data-toggle='tooltip' data-placement='right' title='原始值：7.5'>7.50</span>", "<span data-toggle='tooltip' data-placement='right' title='原始值：322.53'>322.5</span>", "<span data-toggle='tooltip' data-placement='right' title='原始值：29.15'>29.2</span>", "<span data-toggle='tooltip' data-placement='right' title='原始值：1.958'>1.96</span>", "<span data-toggle='tooltip' data-placement='right' title='原始值：0.11'>0.110</span>", "<span data-toggle='tooltip' data-placement='right' title='原始值：0.056'>0.056</span>", "<span data-toggle='tooltip' data-placement='right' title='原始值：1.61'>1.61</span>", "*", "*", "正常"], ["江苏省", "淮河流域", "<span data-toggle='tooltip' data-placement='right' title='所在地市:宿迁市&#10;所属河流:新濉河'>大屈</span>", "10-26 08:00", "Ⅲ", "<span data-toggle='tooltip' data-placement='right' title='原始值：17.5'>17.5</span>", "<span data-toggle='tooltip' data-placement='right' title='原始值：8.28'>8.28</span>", "<span data-toggle='tooltip' data-placement='right' title='原始值：9.48'>9.48</span>", "<span data-toggle='tooltip' data-placement='right' title='原始值：761'>761.0</span>", "<span data-toggle='tooltip' data-placement='right' title='原始值：25.86'>25.9</span>", "<span data-toggle='tooltip' data-placement='right' title='原始值：4.88'>4.88</span>", "<span data-toggle='tooltip' data-placement='right' title='原始值：0.06'>0.060</span>", "<span data-toggle='tooltip' data-placement='right' title='原始值：0.045'>0.045</span>", "<span data-toggle='tooltip' data-placement='right' title='原始值：1.043'>1.04</span>", "*", "*", "正常"], ["浙江省", "浙闽片河流", "<span data-toggle='tooltip' data-placement='right' title='所在地市:杭州市&#10;所属河流:新安江'>街口(鸠坑口)</span>", "10-26 08:00", "", "<span data-toggle='tooltip' data-placement='right' title='原始值：22.16'>22.2</span>", "<span data-toggle='tooltip' data-placement='right' title='原始值：7.51'>7.51</span>", "<span data-toggle='tooltip' data-placement='right' title='原始值：6.01'>6.01</span>", "<span data-toggle='tooltip' data-placement='right' title='原始值：152.18'>152.2</span>", "<span data-toggle='tooltip' data-placement='right' title='原始值：21.29'>21.3</span>", "<span data-toggle='tooltip' data-placement='right' title='原始值：1.398'>1.40</span>", "<span data-toggle='tooltip' data-placement='right' title='极值过滤'>--</span>", "<span data-toggle='tooltip' data-placement='right' title='原始值：0.022'>0.022</span>", "<span data-toggle='tooltip' data-placement='right' title='原始值：1.168'>1.17</span>", "*", "*", "维护"], ["浙江省", "太湖流域", "<span data-toggle='tooltip' data-placement='right' title='所在地市:嘉兴市&#10;所属河流:斜路港河'>斜路港</span>", "10-26 08:00", "Ⅳ", "<span data-toggle='tooltip' data-placement='right' title='原始值：19.5'>19.5</span>", "<span data-toggle='tooltip' data-placement='right' title='原始值：7.33'>7.33</span>", "<span data-toggle='tooltip' data-placement='right' title='原始值：3.68'>3.68</span>", "<span data-toggle='tooltip' data-placement='right' title='原始值：529'>529.0</span>", "<span data-toggle='tooltip' data-placement='right' title='原始值：63.7'>63.7</span>", "<span data-toggle='tooltip' data-placement='right' title='原始值：5.15'>5.15</span>", "<span data-toggle='tooltip' data-placement='right' title='原始值：0.13571'>0.136</span>", "<span data-toggle='tooltip' data-placement='right' title='原始值：0.05798'>0.058</span>", "<span data-toggle='tooltip' data-placement='right' title='原始值：1.68765'>1.69</span>", "*", "*", "正常"], ["浙江省", "太湖流域", "<span data-toggle='tooltip' data-placement='right' title='所在地市:嘉兴市&#10;所属河流:京杭运河'>王江泾</span>", "10-26 08:00", "Ⅳ", "<span data-toggle='tooltip' data-placement='right' title='原始值：20.8'>20.8</span>", "<span data-toggle='tooltip' data-placement='right' title='原始值：6.89'>6.89</span>", "<span data-toggle='tooltip' data-placement='right' title='原始值：4.41'>4.41</span>", "<span data-toggle='tooltip' data-placement='right' title='原始值：572.43'>572.4</span>", "<span data-toggle='tooltip' data-placement='right' title='原始值：71.51'>71.5</span>", "<span data-toggle='tooltip' data-placement='right' title='原始值：4.431'>4.43</span>", "<span data-toggle='tooltip' data-placement='right' title='原始值：0.051'>0.051</span>", "<span data-toggle='tooltip' data-placement='right' title='原始值：0.064'>0.064</span>", "<span data-toggle='tooltip' data-placement='right' title='原始值：1.511'>1.51</span>", "*", "*", "正常"], ["浙江省", "太湖流域", "<span data-toggle='tooltip' data-placement='right' title='所在地市:湖州市&#10;所属河流:西苕溪'>新港口(新塘港)</span>", "10-26 08:00", "Ⅱ", "<span data-toggle='tooltip' data-placement='right' title='原始值：17.6697'>17.7</span>", "<span data-toggle='tooltip' data-placement='right' title='原始值：7.84076'>7.84</span>", "<span data-toggle='tooltip' data-placement='right' title='原始值：9.05828'>9.06</span>", "<span data-toggle='tooltip' data-placement='right' title='原始值：330.675'>330.7</span>", "<span data-toggle='tooltip' data-placement='right' title='原始值：100.421'>100.4</span>", "<span data-toggle='tooltip' data-placement='right' title='原始值：2.43526'>2.44</span>", "<span data-toggle='tooltip' data-placement='right' title='原始值：0.22614'>0.226</span>", "<span data-toggle='tooltip' data-placement='right' title='原始值：0.0334'>0.033</span>", "<span data-toggle='tooltip' data-placement='right' title='原始值：2.27054'>2.27</span>", "<span data-toggle='tooltip' data-placement='right' title='原始值：0.01289'>0.013</span>", "*", "正常"], ["安徽省", "巢湖流域", "<span data-toggle='tooltip' data-placement='right' title='所在地市:合肥市&#10;所属河流:巢湖'>湖滨(老)</span>", null, "", "--", "--", "--", "--", "--", "--", "--", "--", "--", "--", "*", "维护"], ["安徽省", "巢湖流域", "<span data-toggle='tooltip' data-placement='right' title='所在地市:芜湖市&#10;所属河流:巢湖'>裕溪口(老)</span>", "10-26 08:00", "Ⅳ", "<span data-toggle='tooltip' data-placement='right' title='原始值：20.10451'>20.1</span>", "<span data-toggle='tooltip' data-placement='right' title='原始值：7.43887'>7.44</span>", "<span data-toggle='tooltip' data-placement='right' title='原始值：6.62139'>6.62</span>", "<span data-toggle='tooltip' data-placement='right' title='原始值：283.1025'>283.1</span>", "<span data-toggle='tooltip' data-placement='right' title='原始值：82.57686'>82.6</span>", "<span data-toggle='tooltip' data-placement='right' title='原始值：3.64'>3.64</span>", "<span data-toggle='tooltip' data-placement='right' title='原始值：0.13'>0.130</span>", "<span data-toggle='tooltip' data-placement='right' title='原始值：0.0928'>0.093</span>", "<span data-toggle='tooltip' data-placement='right' title='原始值：2.584'>2.58</span>", "*", "*", "正常"], ["安徽省", "淮河流域", "<span data-toggle='tooltip' data-placement='right' title='所在地市:蚌埠市&#10;所属河流:淮河'>蚌埠闸上(蚌埠闸)</span>", "10-26 08:00", "Ⅲ", "<span data-toggle='tooltip' data-placement='right' title='原始值：20.94'>20.9</span>", "<span data-toggle='tooltip' data-placement='right' title='原始值：7.55'>7.55</span>", "<span data-toggle='tooltip' data-placement='right' title='原始值：8.82'>8.82</span>", "<span data-toggle='tooltip' data-placement='right' title='原始值：427.45'>427.4</span>", "<span data-toggle='tooltip' data-placement='right' title='原始值：76.49'>76.5</span>", "<span data-toggle='tooltip' data-placement='right' title='原始值：3.319'>3.32</span>", "<span data-toggle='tooltip' data-placement='right' title='原始值：0.021'>0.021</span>", "<span data-toggle='tooltip' data-placement='right' title='原始值：0.143'>0.143</span>", "<span data-toggle='tooltip' data-placement='right' title='原始值：1.489'>1.49</span>", "*", "*", "正常"], ["安徽省", "淮河流域", "<span data-toggle='tooltip' data-placement='right' title='所在地市:淮南市&#10;所属河流:淮河'>石头埠(老)</span>", "10-26 08:00", "Ⅳ", "<span data-toggle='tooltip' data-placement='right' title='原始值：19.64194'>19.6</span>", "<span data-toggle='tooltip' data-placement='right' title='原始值：7.33919'>7.34</span>", "<span data-toggle='tooltip' data-placement='right' title='原始值：4.7908'>4.79</span>", "<span data-toggle='tooltip' data-placement='right' title='原始值：463.6067'>463.6</span>", "<span data-toggle='tooltip' data-placement='right' title='原始值：50.38396'>50.4</span>", "<span data-toggle='tooltip' data-placement='right' title='原始值：3.83'>3.83</span>", "<span data-toggle='tooltip' data-placement='right' title='原始值：0.12'>0.120</span>", "*", "*", "*", "*", "正常"], ["安徽省", "淮河流域", "<span data-toggle='tooltip' data-placement='right' title='所在地市:淮北市&#10;所属河流:沱河'>小王桥</span>", "10-26 08:00", "Ⅳ", "<span data-toggle='tooltip' data-placement='right' title='原始值：17.71'>17.7</span>", "<span data-toggle='tooltip' data-placement='right' title='原始值：8.2'>8.20</span>", "<span data-toggle='tooltip' data-placement='right' title='原始值：7.73'>7.73</span>", "<span data-toggle='tooltip' data-placement='right' title='原始值：1493.83'>1493.8</span>", "<span data-toggle='tooltip' data-placement='right' title='原始值：16.56'>16.6</span>", "<span data-toggle='tooltip' data-placement='right' title='原始值：7.282'>7.28</span>", "<span data-toggle='tooltip' data-placement='right' title='原始值：0.016'>0.016</span>", "<span data-toggle='tooltip' data-placement='right' title='原始值：0.249'>0.249</span>", "<span data-toggle='tooltip' data-placement='right' title='原始值：0.676'>0.68</span>", "*", "*", "正常"], ["安徽省", "长江流域", "<span data-toggle='tooltip' data-placement='right' title='所在地市:安庆市&#10;所属河流:长江'>皖河口</span>", "10-26 08:00", "Ⅱ", "<span data-toggle='tooltip' data-placement='right' title='原始值：19.91'>19.9</span>", "<span data-toggle='tooltip' data-placement='right' title='原始值：7.467'>7.47</span>", "<span data-toggle='tooltip' data-placement='right' title='原始值：7.48'>7.48</span>", "<span data-toggle='tooltip' data-placement='right' title='原始值：273.73'>273.7</span>", "<span data-toggle='tooltip' data-placement='right' title='原始值：31.58'>31.6</span>", "<span data-toggle='tooltip' data-placement='right' title='原始值：1.521'>1.52</span>", "<span data-toggle='tooltip' data-placement='right' title='原始值：0.037'>0.037</span>", "<span data-toggle='tooltip' data-placement='right' title='原始值：0.0539'>0.054</span>", "<span data-toggle='tooltip' data-placement='right' title='原始值：2.28'>2.28</span>", "*", "*", "正常"], ["安徽省", "淮河流域", "<span data-toggle='tooltip' data-placement='right' title='所在地市:滁州市&#10;所属河流:淮河'>小柳巷</span>", "10-26 08:00", "Ⅲ", "<span data-toggle='tooltip' data-placement='right' title='原始值：19.4'>19.4</span>", "<span data-toggle='tooltip' data-placement='right' title='原始值：7.63'>7.63</span>", "<span data-toggle='tooltip' data-placement='right' title='原始值：7.87'>7.87</span>", "<span data-toggle='tooltip' data-placement='right' title='原始值：420.7'>420.7</span>", "<span data-toggle='tooltip' data-placement='right' title='原始值：177.98'>178.0</span>", "<span data-toggle='tooltip' data-placement='right' title='原始值：3.05'>3.05</span>", "<span data-toggle='tooltip' data-placement='right' title='原始值：0.03'>0.030</span>", "<span data-toggle='tooltip' data-placement='right' title='原始值：0.146'>0.146</span>", "<span data-toggle='tooltip' data-placement='right' title='原始值：1.611'>1.61</span>", "*", "*", "正常"], ["安徽省", "淮河流域", "<span data-toggle='tooltip' data-placement='right' title='所在地市:阜阳市&#10;所属河流:黑茨河'>张大桥</span>", null, "", "--", "--", "--", "--", "--", "--", "--", "--", "--", "*", "*", "停站"], ["安徽省", "淮河流域", "<span data-toggle='tooltip' data-placement='right' title='所在地市:阜阳市&#10;所属河流:淮河'>王家坝</span>", "10-26 08:00", "Ⅱ", "<span data-toggle='tooltip' data-placement='right' title='原始值：17.21'>17.2</span>", "<span data-toggle='tooltip' data-placement='right' title='原始值：7.09085'>7.09</span>", "<span data-toggle='tooltip' data-placement='right' title='原始值：8.13707'>8.14</span>", "<span data-toggle='tooltip' data-placement='right' title='原始值：318.5232'>318.5</span>", "<span data-toggle='tooltip' data-placement='right' title='原始值：46.44653'>46.4</span>", "<span data-toggle='tooltip' data-placement='right' title='原始值：3.7'>3.70</span>", "<span data-toggle='tooltip' data-placement='right' title='原始值：0.239'>0.239</span>", "<span data-toggle='tooltip' data-placement='right' title='原始值：0.09656'>0.097</span>", "<span data-toggle='tooltip' data-placement='right' title='原始值：1.72283'>1.72</span>", "*", "*", "正常"], ["安徽省", "淮河流域", "<span data-toggle='tooltip' data-placement='right' title='所在地市:阜阳市&#10;所属河流:颍河'>界首七渡口(七渡口)</span>", "10-26 08:00", "Ⅳ", "<span data-toggle='tooltip' data-placement='right' title='原始值：18.74244'>18.7</span>", "<span data-toggle='tooltip' data-placement='right' title='原始值：7.46744'>7.47</span>", "<span data-toggle='tooltip' data-placement='right' title='原始值：3.59349'>3.59</span>", "<span data-toggle='tooltip' data-placement='right' title='原始值：790.688'>790.7</span>", "<span data-toggle='tooltip' data-placement='right' title='原始值：19.26739'>19.3</span>", "<span data-toggle='tooltip' data-placement='right' title='原始值：3.64'>3.64</span>", "<span data-toggle='tooltip' data-placement='right' title='原始值：0.11'>0.110</span>", "<span data-toggle='tooltip' data-placement='right' title='原始值：0.10134'>0.101</span>", "<span data-toggle='tooltip' data-placement='right' title='原始值：3.60203'>3.60</span>", "*", "*", "正常"], ["安徽省", "淮河流域", "<span data-toggle='tooltip' data-placement='right' title='所在地市:阜阳市&#10;所属河流:泉河'>许庄(徐庄)</span>", "10-26 08:00", "Ⅳ", "<span data-toggle='tooltip' data-placement='right' title='原始值：17.6'>17.6</span>", "<span data-toggle='tooltip' data-placement='right' title='原始值：7.83'>7.83</span>", "<span data-toggle='tooltip' data-placement='right' title='原始值：4.39'>4.39</span>", "<span data-toggle='tooltip' data-placement='right' title='原始值：988.9'>988.9</span>", "<span data-toggle='tooltip' data-placement='right' title='原始值：434.99'>435.0</span>", "<span data-toggle='tooltip' data-placement='right' title='原始值：3.18'>3.18</span>", "<span data-toggle='tooltip' data-placement='right' title='原始值：0.02'>0.020</span>", "<span data-toggle='tooltip' data-placement='right' title='原始值：0.101'>0.101</span>", "<span data-toggle='tooltip' data-placement='right' title='原始值：1.627'>1.63</span>", "*", "*", "正常"], ["安徽省", "淮河流域", "<span data-toggle='tooltip' data-placement='right' title='所在地市:宿州市&#10;所属河流:奎河'>杨庄</span>", "10-26 08:00", "Ⅲ", "<span data-toggle='tooltip' data-placement='right' title='原始值：17.27'>17.3</span>", "<span data-toggle='tooltip' data-placement='right' title='原始值：7.94'>7.94</span>", "<span data-toggle='tooltip' data-placement='right' title='原始值：9.08'>9.08</span>", "<span data-toggle='tooltip' data-placement='right' title='原始值：901.8'>901.8</span>", "<span data-toggle='tooltip' data-placement='right' title='原始值：57.15'>57.2</span>", "<span data-toggle='tooltip' data-placement='right' title='原始值：4.42'>4.42</span>", "<span data-toggle='tooltip' data-placement='right' title='原始值：0.156'>0.156</span>", "*", "*", "*", "*", "正常"], ["安徽省", "淮河流域", "<span data-toggle='tooltip' data-placement='right' title='所在地市:宿州市&#10;所属河流:新汴河'>泗县公路桥</span>", "10-26 08:00", "Ⅲ", "<span data-toggle='tooltip' data-placement='right' title='原始值：17.88'>17.9</span>", "<span data-toggle='tooltip' data-placement='right' title='原始值：8.41'>8.41</span>", "<span data-toggle='tooltip' data-placement='right' title='原始值：9.47'>9.47</span>", "<span data-toggle='tooltip' data-placement='right' title='原始值：974.6'>974.6</span>", "<span data-toggle='tooltip' data-placement='right' title='原始值：32.23'>32.2</span>", "<span data-toggle='tooltip' data-placement='right' title='原始值：5.74'>5.74</span>", "<span data-toggle='tooltip' data-placement='right' title='原始值：0.073'>0.073</span>", "*", "*", "*", "*", "正常"], ["安徽省", "淮河流域", "<span data-toggle='tooltip' data-placement='right' title='所在地市:亳州市&#10;所属河流:包河'>颜集</span>", "10-26 08:00", "", "<span data-toggle='tooltip' data-placement='right' title='原始值：15.6'>15.6</span>", "<span data-toggle='tooltip' data-placement='right' title='原始值：8.16'>8.16</span>", "<span data-toggle='tooltip' data-placement='right' title='原始值：7.03'>7.03</span>", "<span data-toggle='tooltip' data-placement='right' title='原始值：1670.9'>1670.9</span>", "<span data-toggle='tooltip' data-placement='right' title='原始值：242.47'>242.5</span>", "<span data-toggle='tooltip' data-placement='right' title='极值过滤'>--</span>", "<span data-toggle='tooltip' data-placement='right' title='原始值：0.01'>0.010</span>", "<span data-toggle='tooltip' data-placement='right' title='原始值：0.279'>0.279</span>", "<span data-toggle='tooltip' data-placement='right' title='原始值：3.978'>3.98</span>", "*", "*", "维护"], ["福建省", "浙闽片河流", "<span data-toggle='tooltip' data-placement='right' title='所在地市:福州市&#10;所属河流:闽江'>白岩潭</span>", "10-26 08:00", "Ⅳ", "<span data-toggle='tooltip' data-placement='right' title='原始值：22.89'>22.9</span>", "<span data-toggle='tooltip' data-placement='right' title='原始值：6.99'>6.99</span>", "<span data-toggle='tooltip' data-placement='right' title='原始值：6.69'>6.69</span>", "<span data-toggle='tooltip' data-placement='right' title='原始值：2916.6'>2916.6</span>", "<span data-toggle='tooltip' data-placement='right' title='原始值：549.64'>549.6</span>", "<span data-toggle='tooltip' data-placement='right' title='原始值：7.72'>7.72</span>", "<span data-toggle='tooltip' data-placement='right' title='原始值：0.163'>0.163</span>", "*", "*", "*", "*", "正常"], ["江西省", "长江流域", "<span data-toggle='tooltip' data-placement='right' title='所在地市:南昌市&#10;所属河流:赣江南支'>滁槎</span>", "10-26 08:00", "Ⅱ", "<span data-toggle='tooltip' data-placement='right' title='原始值：20.49543'>20.5</span>", "<span data-toggle='tooltip' data-placement='right' title='原始值：6.97043'>6.97</span>", "<span data-toggle='tooltip' data-placement='right' title='原始值：8.3724'>8.37</span>", "<span data-toggle='tooltip' data-placement='right' title='原始值：106.0038'>106.0</span>", "<span data-toggle='tooltip' data-placement='right' title='原始值：68.78505'>68.8</span>", "<span data-toggle='tooltip' data-placement='right' title='原始值：3.41'>3.41</span>", "<span data-toggle='tooltip' data-placement='right' title='原始值：0.45'>0.450</span>", "<span data-toggle='tooltip' data-placement='right' title='原始值：0.0145'>0.014</span>", "<span data-toggle='tooltip' data-placement='right' title='原始值：2.465'>2.46</span>", "*", "*", "正常"], ["江西省", "长江流域", "<span data-toggle='tooltip' data-placement='right' title='所在地市:九江市&#10;所属河流:长江'>姚港(河西水厂)</span>", "10-26 08:00", "Ⅱ", "<span data-toggle='tooltip' data-placement='right' title='原始值：19.61'>19.6</span>", "<span data-toggle='tooltip' data-placement='right' title='原始值：7.46'>7.46</span>", "<span data-toggle='tooltip' data-placement='right' title='原始值：8.36'>8.36</span>", "<span data-toggle='tooltip' data-placement='right' title='原始值：310.89'>310.9</span>", "<span data-toggle='tooltip' data-placement='right' title='原始值：41.33'>41.3</span>", "<span data-toggle='tooltip' data-placement='right' title='原始值：1.553'>1.55</span>", "<span data-toggle='tooltip' data-placement='right' title='原始值：0.008'>0.008</span>", "<span data-toggle='tooltip' data-placement='right' title='原始值：0.072'>0.072</span>", "<span data-toggle='tooltip' data-placement='right' title='原始值：1.37'>1.37</span>", "*", "*", "正常"], ["江西省", "长江流域", "<span data-toggle='tooltip' data-placement='right' title='所在地市:九江市&#10;所属河流:鄱阳湖'>蛤蟆石</span>", "10-26 08:00", "Ⅳ", "<span data-toggle='tooltip' data-placement='right' title='原始值：19.13'>19.1</span>", "<span data-toggle='tooltip' data-placement='right' title='原始值：7.15'>7.15</span>", "<span data-toggle='tooltip' data-placement='right' title='原始值：8.52'>8.52</span>", "<span data-toggle='tooltip' data-placement='right' title='原始值：134.73'>134.7</span>", "<span data-toggle='tooltip' data-placement='right' title='原始值：202.34'>202.3</span>", "<span data-toggle='tooltip' data-placement='right' title='原始值：2.674'>2.67</span>", "<span data-toggle='tooltip' data-placement='right' title='原始值：0.01'>0.010</span>", "<span data-toggle='tooltip' data-placement='right' title='原始值：0.0827'>0.083</span>", "<span data-toggle='tooltip' data-placement='right' title='原始值：2.314'>2.31</span>", "<span data-toggle='tooltip' data-placement='right' title='原始值：0.00168'>0.002</span>", "<span data-toggle='tooltip' data-placement='right' title='原始值：1894070'>1894070</span>", "正常"], ["山东省", "黄河流域", "<span data-toggle='tooltip' data-placement='right' title='所在地市:济南市&#10;所属河流:黄河'>泺口</span>", "10-26 08:00", "Ⅱ", "<span data-toggle='tooltip' data-placement='right' title='原始值：14.9803'>15.0</span>", "<span data-toggle='tooltip' data-placement='right' title='原始值：8.34722'>8.35</span>", "<span data-toggle='tooltip' data-placement='right' title='原始值：9.74817'>9.75</span>", "<span data-toggle='tooltip' data-placement='right' title='原始值：786.525'>786.5</span>", "<span data-toggle='tooltip' data-placement='right' title='原始值：771.022'>771.0</span>", "<span data-toggle='tooltip' data-placement='right' title='原始值：2.52'>2.52</span>", "<span data-toggle='tooltip' data-placement='right' title='原始值：0.15862'>0.159</span>", "<span data-toggle='tooltip' data-placement='right' title='原始值：0.01957'>0.020</span>", "<span data-toggle='tooltip' data-placement='right' title='原始值：3.622'>3.62</span>", "*", "*", "正常"], ["山东省", "淮河流域", "<span data-toggle='tooltip' data-placement='right' title='所在地市:枣庄市&#10;所属河流:京杭大运河（韩庄运河）'>台儿庄大桥</span>", "10-26 08:00", "Ⅱ", "<span data-toggle='tooltip' data-placement='right' title='原始值：16.43'>16.4</span>", "<span data-toggle='tooltip' data-placement='right' title='原始值：7.78922'>7.79</span>", "<span data-toggle='tooltip' data-placement='right' title='原始值：7.51515'>7.52</span>", "<span data-toggle='tooltip' data-placement='right' title='原始值：858.9137'>858.9</span>", "<span data-toggle='tooltip' data-placement='right' title='原始值：36.64729'>36.6</span>", "<span data-toggle='tooltip' data-placement='right' title='原始值：3.12212'>3.12</span>", "<span data-toggle='tooltip' data-placement='right' title='原始值：0.001'>0.001</span>", "<span data-toggle='tooltip' data-placement='right' title='原始值：0.05273'>0.053</span>", "<span data-toggle='tooltip' data-placement='right' title='原始值：2.48327'>2.48</span>", "*", "*", "正常"], ["山东省", "淮河流域", "<span data-toggle='tooltip' data-placement='right' title='所在地市:临沂市&#10;所属河流:沭河'>清泉寺</span>", null, "", "--", "--", "--", "--", "--", "--", "--", "--", "--", "*", "*", "停站"], ["山东省", "淮河流域", "<span data-toggle='tooltip' data-placement='right' title='所在地市:临沂市&#10;所属河流:沂河'>重坊桥</span>", "10-26 08:00", "Ⅱ", "<span data-toggle='tooltip' data-placement='right' title='原始值：16.04815'>16.0</span>", "<span data-toggle='tooltip' data-placement='right' title='原始值：7.45001'>7.45</span>", "<span data-toggle='tooltip' data-placement='right' title='原始值：9.87852'>9.88</span>", "<span data-toggle='tooltip' data-placement='right' title='原始值：687.3889'>687.4</span>", "<span data-toggle='tooltip' data-placement='right' title='原始值：3.25185'>3.3</span>", "<span data-toggle='tooltip' data-placement='right' title='原始值：2.49'>2.49</span>", "<span data-toggle='tooltip' data-placement='right' title='原始值：0.12751'>0.128</span>", "*", "*", "*", "*", "正常"], ["山东省", "淮河流域", "<span data-toggle='tooltip' data-placement='right' title='所在地市:临沂市&#10;所属河流:白马河'>捷庄(涝沟桥)</span>", "10-26 08:00", "Ⅲ", "<span data-toggle='tooltip' data-placement='right' title='原始值：16.9'>16.9</span>", "<span data-toggle='tooltip' data-placement='right' title='原始值：7.88'>7.88</span>", "<span data-toggle='tooltip' data-placement='right' title='原始值：10.44935'>10.45</span>", "<span data-toggle='tooltip' data-placement='right' title='原始值：845'>845.0</span>", "<span data-toggle='tooltip' data-placement='right' title='原始值：35.38417'>35.4</span>", "<span data-toggle='tooltip' data-placement='right' title='原始值：4.72'>4.72</span>", "<span data-toggle='tooltip' data-placement='right' title='原始值：0.06241'>0.062</span>", "<span data-toggle='tooltip' data-placement='right' title='原始值：0.13665'>0.137</span>", "<span data-toggle='tooltip' data-placement='right' title='原始值：6.66072'>6.66</span>", "*", "*", "正常"], ["山东省", "海河流域", "<span data-toggle='tooltip' data-placement='right' title='所在地市:聊城市&#10;所属河流:卫运河'>秤勾湾(秤钩湾)</span>", null, "", "--", "--", "--", "--", "--", "--", "--", "--", "--", "*", "*", "停站"], ["河南省", "长江流域", "<span data-toggle='tooltip' data-placement='right' title='所在地市:南阳市&#10;所属河流:丹江口水库'>陶岔</span>", "10-26 08:00", "Ⅰ", "<span data-toggle='tooltip' data-placement='right' title='原始值：21.06'>21.1</span>", "<span data-toggle='tooltip' data-placement='right' title='原始值：7.77049'>7.77</span>", "<span data-toggle='tooltip' data-placement='right' title='原始值：8.25329'>8.25</span>", "<span data-toggle='tooltip' data-placement='right' title='原始值：273.9751'>274.0</span>", "<span data-toggle='tooltip' data-placement='right' title='原始值：2.64504'>2.6</span>", "<span data-toggle='tooltip' data-placement='right' title='原始值：1.54'>1.54</span>", "<span data-toggle='tooltip' data-placement='right' title='原始值：0.00614'>0.006</span>", "<span data-toggle='tooltip' data-placement='right' title='原始值：0.00902'>0.009</span>", "<span data-toggle='tooltip' data-placement='right' title='原始值：0.92258'>0.92</span>", "<span data-toggle='tooltip' data-placement='right' title='原始值：0.01047'>0.010</span>", "<span data-toggle='tooltip' data-placement='right' title='原始值：1867381'>1867381</span>", "正常"], ["河南省", "淮河流域", "<span data-toggle='tooltip' data-placement='right' title='所在地市:商丘市&#10;所属河流:浍河'>黄口</span>", "10-26 08:00", "Ⅱ", "<span data-toggle='tooltip' data-placement='right' title='原始值：15.4'>15.4</span>", "<span data-toggle='tooltip' data-placement='right' title='原始值：7.52063'>7.52</span>", "<span data-toggle='tooltip' data-placement='right' title='原始值：8.33998'>8.34</span>", "<span data-toggle='tooltip' data-placement='right' title='原始值：2263'>2263.0</span>", "<span data-toggle='tooltip' data-placement='right' title='原始值：42.0989'>42.1</span>", "<span data-toggle='tooltip' data-placement='right' title='原始值：3.43'>3.43</span>", "<span data-toggle='tooltip' data-placement='right' title='原始值：0.002'>0.002</span>", "<span data-toggle='tooltip' data-placement='right' title='原始值：0.0709'>0.071</span>", "<span data-toggle='tooltip' data-placement='right' title='原始值：9.3884'>9.39</span>", "*", "*", "正常"], ["河南省", "淮河流域", "<span data-toggle='tooltip' data-placement='right' title='所在地市:信阳市&#10;所属河流:史灌河'>蒋集</span>", "10-26 08:00", "", "<span data-toggle='tooltip' data-placement='right' title='原始值：18.99994'>19.0</span>", "<span data-toggle='tooltip' data-placement='right' title='原始值：6.89281'>6.89</span>", "<span data-toggle='tooltip' data-placement='right' title='原始值：6.65999'>6.66</span>", "<span data-toggle='tooltip' data-placement='right' title='原始值：196.5'>196.5</span>", "<span data-toggle='tooltip' data-placement='right' title='原始值：229.8956'>229.9</span>", "<span data-toggle='tooltip' data-placement='right' title='原始值：3.02'>3.02</span>", "<span data-toggle='tooltip' data-placement='right' title='极值过滤'>--</span>", "*", "*", "*", "*", "维护"], ["河南省", "淮河流域", "<span data-toggle='tooltip' data-placement='right' title='所在地市:信阳市&#10;所属河流:淮河'>淮滨水文站(淮滨)</span>", "10-26 08:00", "Ⅲ", "<span data-toggle='tooltip' data-placement='right' title='原始值：16.5'>16.5</span>", "<span data-toggle='tooltip' data-placement='right' title='原始值：7.06'>7.06</span>", "<span data-toggle='tooltip' data-placement='right' title='原始值：8.15984'>8.16</span>", "<span data-toggle='tooltip' data-placement='right' title='原始值：249.0002'>249.0</span>", "<span data-toggle='tooltip' data-placement='right' title='原始值：152.9579'>153.0</span>", "<span data-toggle='tooltip' data-placement='right' title='原始值：2.85141'>2.85</span>", "<span data-toggle='tooltip' data-placement='right' title='原始值：0.1862'>0.186</span>", "<span data-toggle='tooltip' data-placement='right' title='原始值：0.16082'>0.161</span>", "<span data-toggle='tooltip' data-placement='right' title='原始值：1.42394'>1.42</span>", "*", "*", "正常"], ["河南省", "淮河流域", "<span data-toggle='tooltip' data-placement='right' title='所在地市:周口市&#10;所属河流:沙河'>沈丘闸</span>", "10-26 08:00", "Ⅲ", "<span data-toggle='tooltip' data-placement='right' title='原始值：17.26874'>17.3</span>", "<span data-toggle='tooltip' data-placement='right' title='原始值：7.4202'>7.42</span>", "<span data-toggle='tooltip' data-placement='right' title='原始值：5.37906'>5.38</span>", "<span data-toggle='tooltip' data-placement='right' title='原始值：948.9454'>948.9</span>", "<span data-toggle='tooltip' data-placement='right' title='原始值：18.08048'>18.1</span>", "<span data-toggle='tooltip' data-placement='right' title='原始值：3.905'>3.90</span>", "<span data-toggle='tooltip' data-placement='right' title='原始值：0.05'>0.050</span>", "*", "*", "*", "*", "正常"], ["河南省", "淮河流域", "<span data-toggle='tooltip' data-placement='right' title='所在地市:周口市&#10;所属河流:涡河'>鹿邑付桥(鹿邑付桥闸)</span>", "10-26 08:00", "Ⅳ", "<span data-toggle='tooltip' data-placement='right' title='原始值：17.5272'>17.5</span>", "<span data-toggle='tooltip' data-placement='right' title='原始值：8.43656'>8.44</span>", "<span data-toggle='tooltip' data-placement='right' title='原始值：7.94506'>7.95</span>", "<span data-toggle='tooltip' data-placement='right' title='原始值：1450.117'>1450.1</span>", "<span data-toggle='tooltip' data-placement='right' title='原始值：13.28752'>13.3</span>", "<span data-toggle='tooltip' data-placement='right' title='原始值：6.715'>6.72</span>", "<span data-toggle='tooltip' data-placement='right' title='原始值：0.16'>0.160</span>", "<span data-toggle='tooltip' data-placement='right' title='原始值：0.14'>0.140</span>", "<span data-toggle='tooltip' data-placement='right' title='极值过滤'>--</span>", "*", "*", "维护"], ["河南省", "淮河流域", "<span data-toggle='tooltip' data-placement='right' title='所在地市:驻马店市&#10;所属河流:洪河'>新蔡班台(班台)</span>", null, "", "--", "--", "--", "--", "--", "--", "--", "--", "--", "*", "*", "维护"], ["河南省", "黄河流域", "<span data-toggle='tooltip' data-placement='right' title='所在地市:济源市&#10;所属河流:黄河'>小浪底水库(小浪底)</span>", "10-26 08:00", "Ⅰ", "<span data-toggle='tooltip' data-placement='right' title='原始值：16.43028'>16.4</span>", "<span data-toggle='tooltip' data-placement='right' title='原始值：8.26324'>8.26</span>", "<span data-toggle='tooltip' data-placement='right' title='原始值：8.88527'>8.89</span>", "<span data-toggle='tooltip' data-placement='right' title='原始值：731.288'>731.3</span>", "<span data-toggle='tooltip' data-placement='right' title='原始值：10.49373'>10.5</span>", "<span data-toggle='tooltip' data-placement='right' title='原始值：0.675'>0.68</span>", "<span data-toggle='tooltip' data-placement='right' title='原始值：0.1'>0.100</span>", "<span data-toggle='tooltip' data-placement='right' title='原始值：0.0195'>0.020</span>", "<span data-toggle='tooltip' data-placement='right' title='原始值：3.0025'>3.00</span>", "*", "*", "正常"], ["湖北省", "长江流域", "<span data-toggle='tooltip' data-placement='right' title='所在地市:武汉市&#10;所属河流:汉江'>宗关</span>", "10-26 08:00", "Ⅲ", "<span data-toggle='tooltip' data-placement='right' title='原始值：19.56'>19.6</span>", "<span data-toggle='tooltip' data-placement='right' title='原始值：7.733261'>7.73</span>", "<span data-toggle='tooltip' data-placement='right' title='原始值：7.709345'>7.71</span>", "<span data-toggle='tooltip' data-placement='right' title='原始值：438.4227'>438.4</span>", "<span data-toggle='tooltip' data-placement='right' title='原始值：16.5137'>16.5</span>", "<span data-toggle='tooltip' data-placement='right' title='原始值：4.43'>4.43</span>", "<span data-toggle='tooltip' data-placement='right' title='原始值：0.08'>0.080</span>", "<span data-toggle='tooltip' data-placement='right' title='原始值：0.153'>0.153</span>", "<span data-toggle='tooltip' data-placement='right' title='原始值：3.024338'>3.02</span>", "<span data-toggle='tooltip' data-placement='right' title='原始值：0.0020312'>0.002</span>", "*", "正常"], ["湖北省", "长江流域", "<span data-toggle='tooltip' data-placement='right' title='所在地市:十堰市&#10;所属河流:丹江口水库'>坝上中(胡家岭)</span>", "10-26 08:00", "Ⅱ", "<span data-toggle='tooltip' data-placement='right' title='原始值：21.53'>21.5</span>", "<span data-toggle='tooltip' data-placement='right' title='原始值：7.798898'>7.80</span>", "<span data-toggle='tooltip' data-placement='right' title='原始值：7.096451'>7.10</span>", "<span data-toggle='tooltip' data-placement='right' title='原始值：238.844'>238.8</span>", "<span data-toggle='tooltip' data-placement='right' title='原始值：2.064707'>2.1</span>", "<span data-toggle='tooltip' data-placement='right' title='原始值：1.8'>1.80</span>", "<span data-toggle='tooltip' data-placement='right' title='原始值：0.087'>0.087</span>", "<span data-toggle='tooltip' data-placement='right' title='原始值：0.015'>0.015</span>", "<span data-toggle='tooltip' data-placement='right' title='原始值：1.283'>1.28</span>", "<span data-toggle='tooltip' data-placement='right' title='原始值：0.0395188'>0.040</span>", "<span data-toggle='tooltip' data-placement='right' title='原始值：9323000'>9323000</span>", "正常"], ["湖北省", "长江流域", "<span data-toggle='tooltip' data-placement='right' title='所在地市:宜昌市&#10;所属河流:长江'>南津关</span>", "10-26 08:00", "Ⅱ", "<span data-toggle='tooltip' data-placement='right' title='原始值：20.43'>20.4</span>", "<span data-toggle='tooltip' data-placement='right' title='原始值：7.947063'>7.95</span>", "<span data-toggle='tooltip' data-placement='right' title='原始值：8.299145'>8.30</span>", "<span data-toggle='tooltip' data-placement='right' title='原始值：366.808'>366.8</span>", "<span data-toggle='tooltip' data-placement='right' title='原始值：7.491509'>7.5</span>", "<span data-toggle='tooltip' data-placement='right' title='原始值：1.44'>1.44</span>", "<span data-toggle='tooltip' data-placement='right' title='原始值：0.016'>0.016</span>", "<span data-toggle='tooltip' data-placement='right' title='原始值：0.04'>0.040</span>", "<span data-toggle='tooltip' data-placement='right' title='原始值：1.55'>1.55</span>", "<span data-toggle='tooltip' data-placement='right' title='原始值：0.001012'>0.001</span>", "*", "正常"], ["湖南省", "长江流域", "<span data-toggle='tooltip' data-placement='right' title='所在地市:长沙市&#10;所属河流:湘江'>新港</span>", "10-26 08:00", "Ⅱ", "<span data-toggle='tooltip' data-placement='right' title='原始值：20.31'>20.3</span>", "<span data-toggle='tooltip' data-placement='right' title='原始值：7.09'>7.09</span>", "<span data-toggle='tooltip' data-placement='right' title='原始值：10.75'>10.75</span>", "<span data-toggle='tooltip' data-placement='right' title='原始值：268.13'>268.1</span>", "<span data-toggle='tooltip' data-placement='right' title='原始值：34.13'>34.1</span>", "<span data-toggle='tooltip' data-placement='right' title='原始值：1.51'>1.51</span>", "<span data-toggle='tooltip' data-placement='right' title='原始值：0.055'>0.055</span>", "<span data-toggle='tooltip' data-placement='right' title='原始值：0.059'>0.059</span>", "<span data-toggle='tooltip' data-placement='right' title='原始值：1.68'>1.68</span>", "*", "*", "正常"], ["湖南省", "长江流域", "<span data-toggle='tooltip' data-placement='right' title='所在地市:岳阳市&#10;所属河流:洞庭湖'>岳阳楼</span>", "10-26 08:00", "Ⅳ", "<span data-toggle='tooltip' data-placement='right' title='原始值：18.93'>18.9</span>", "<span data-toggle='tooltip' data-placement='right' title='原始值：8.004972'>8.00</span>", "<span data-toggle='tooltip' data-placement='right' title='原始值：7.738939'>7.74</span>", "<span data-toggle='tooltip' data-placement='right' title='原始值：249.2908'>249.3</span>", "<span data-toggle='tooltip' data-placement='right' title='原始值：33.65303'>33.7</span>", "<span data-toggle='tooltip' data-placement='right' title='原始值：1.74'>1.74</span>", "<span data-toggle='tooltip' data-placement='right' title='原始值：0.019'>0.019</span>", "<span data-toggle='tooltip' data-placement='right' title='原始值：0.09'>0.090</span>", "<span data-toggle='tooltip' data-placement='right' title='原始值：2.096'>2.10</span>", "<span data-toggle='tooltip' data-placement='right' title='原始值：0.003'>0.003</span>", "<span data-toggle='tooltip' data-placement='right' title='原始值：271.733'>272</span>", "正常"], ["湖南省", "长江流域", "<span data-toggle='tooltip' data-placement='right' title='所在地市:岳阳市&#10;所属河流:长江'>城陵矶</span>", "10-26 08:00", "Ⅱ", "<span data-toggle='tooltip' data-placement='right' title='原始值：19.76'>19.8</span>", "<span data-toggle='tooltip' data-placement='right' title='原始值：7.783922'>7.78</span>", "<span data-toggle='tooltip' data-placement='right' title='原始值：8.930373'>8.93</span>", "<span data-toggle='tooltip' data-placement='right' title='原始值：247.991'>248.0</span>", "<span data-toggle='tooltip' data-placement='right' title='原始值：39.07864'>39.1</span>", "<span data-toggle='tooltip' data-placement='right' title='原始值：2.37'>2.37</span>", "<span data-toggle='tooltip' data-placement='right' title='原始值：0.001'>0.001</span>", "<span data-toggle='tooltip' data-placement='right' title='原始值：0.082'>0.082</span>", "<span data-toggle='tooltip' data-placement='right' title='原始值：1.6168'>1.62</span>", "*", "*", "正常"], ["广东省", "珠江流域", "<span data-toggle='tooltip' data-placement='right' title='所在地市:清远市&#10;所属河流:北江'>七星岗</span>", "10-26 08:00", "劣Ⅴ", "<span data-toggle='tooltip' data-placement='right' title='原始值：25.27423'>25.3</span>", "<span data-toggle='tooltip' data-placement='right' title='原始值：7.61575'>7.62</span>", "<span data-toggle='tooltip' data-placement='right' title='原始值：7.85124'>7.85</span>", "<span data-toggle='tooltip' data-placement='right' title='原始值：245.4195'>245.4</span>", "<span data-toggle='tooltip' data-placement='right' title='原始值：9.30389'>9.3</span>", "<span data-toggle='tooltip' data-placement='right' title='原始值：20'>20.00</span>", "<span data-toggle='tooltip' data-placement='right' title='原始值：0.09659'>0.097</span>", "<span data-toggle='tooltip' data-placement='right' title='原始值：0.04413'>0.044</span>", "<span data-toggle='tooltip' data-placement='right' title='原始值：2.0901'>2.09</span>", "*", "*", "正常"], ["广东省", "珠江流域", "<span data-toggle='tooltip' data-placement='right' title='所在地市:中山市&#10;所属河流:西江'>横栏</span>", "10-26 08:00", "Ⅰ", "<span data-toggle='tooltip' data-placement='right' title='原始值：23.3'>23.3</span>", "<span data-toggle='tooltip' data-placement='right' title='原始值：7.81'>7.81</span>", "<span data-toggle='tooltip' data-placement='right' title='原始值：8.22'>8.22</span>", "<span data-toggle='tooltip' data-placement='right' title='原始值：288'>288.0</span>", "<span data-toggle='tooltip' data-placement='right' title='原始值：1.8'>1.8</span>", "<span data-toggle='tooltip' data-placement='right' title='原始值：1.71'>1.71</span>", "<span data-toggle='tooltip' data-placement='right' title='原始值：0.10081'>0.101</span>", "*", "*", "*", "*", "正常"], ["广西壮族自治区", "珠江流域", "<span data-toggle='tooltip' data-placement='right' title='所在地市:南宁市&#10;所属河流:邕江'>老口</span>", "10-26 08:00", "Ⅱ", "<span data-toggle='tooltip' data-placement='right' title='原始值：23.09856'>23.1</span>", "<span data-toggle='tooltip' data-placement='right' title='原始值：7.65628'>7.66</span>", "<span data-toggle='tooltip' data-placement='right' title='原始值：7.66857'>7.67</span>", "<span data-toggle='tooltip' data-placement='right' title='原始值：319.9334'>319.9</span>", "<span data-toggle='tooltip' data-placement='right' title='原始值：56.66158'>56.7</span>", "<span data-toggle='tooltip' data-placement='right' title='原始值：0.97916'>0.98</span>", "<span data-toggle='tooltip' data-placement='right' title='原始值：0.1561'>0.156</span>", "<span data-toggle='tooltip' data-placement='right' title='原始值：0.03426'>0.034</span>", "<span data-toggle='tooltip' data-placement='right' title='原始值：2.63203'>2.63</span>", "*", "*", "正常"], ["广西壮族自治区", "珠江流域", "<span data-toggle='tooltip' data-placement='right' title='所在地市:桂林市&#10;所属河流:漓江'>阳朔</span>", null, "", "--", "--", "--", "--", "--", "--", "--", "--", "--", "*", "*", "停站"], ["广西壮族自治区", "珠江流域", "<span data-toggle='tooltip' data-placement='right' title='所在地市:梧州市&#10;所属河流:浔江'>界首</span>", null, "", "--", "--", "--", "--", "--", "--", "--", "--", "--", "*", "*", "停站"], ["广西壮族自治区", "珠江流域", "<span data-toggle='tooltip' data-placement='right' title='所在地市:贵港市&#10;所属河流:浔江'>石嘴</span>", "10-26 08:00", "Ⅱ", "<span data-toggle='tooltip' data-placement='right' title='原始值：24.89352'>24.9</span>", "<span data-toggle='tooltip' data-placement='right' title='原始值：7.99324'>7.99</span>", "<span data-toggle='tooltip' data-placement='right' title='原始值：8.40872'>8.41</span>", "<span data-toggle='tooltip' data-placement='right' title='原始值：293.9984'>294.0</span>", "<span data-toggle='tooltip' data-placement='right' title='原始值：37.76264'>37.8</span>", "<span data-toggle='tooltip' data-placement='right' title='原始值：0.62'>0.62</span>", "<span data-toggle='tooltip' data-placement='right' title='原始值：0.25'>0.250</span>", "<span data-toggle='tooltip' data-placement='right' title='原始值：0.03166'>0.032</span>", "<span data-toggle='tooltip' data-placement='right' title='原始值：1.9739'>1.97</span>", "*", "*", "正常"], ["广西壮族自治区", "珠江流域", "<span data-toggle='tooltip' data-placement='right' title='所在地市:崇左市&#10;所属河流:平而河'>平而关</span>", "10-26 04:00", "Ⅰ", "<span data-toggle='tooltip' data-placement='right' title='原始值：23.07674'>23.1</span>", "<span data-toggle='tooltip' data-placement='right' title='原始值：7.73954'>7.74</span>", "<span data-toggle='tooltip' data-placement='right' title='原始值：7.85089'>7.85</span>", "<span data-toggle='tooltip' data-placement='right' title='原始值：232.3181'>232.3</span>", "<span data-toggle='tooltip' data-placement='right' title='原始值：31.12919'>31.1</span>", "<span data-toggle='tooltip' data-placement='right' title='原始值：1.095'>1.10</span>", "<span data-toggle='tooltip' data-placement='right' title='原始值：0.15'>0.150</span>", "*", "*", "*", "*", "正常"], ["重庆市", "长江流域", "<span data-toggle='tooltip' data-placement='right' title='所在地市:永川区&#10;所属河流:长江'>朱沱</span>", null, "", "--", "--", "--", "--", "--", "--", "--", "--", "--", "*", "*", "停站"], ["四川省", "长江流域", "<span data-toggle='tooltip' data-placement='right' title='所在地市:攀枝花市&#10;所属河流:金沙江'>龙洞</span>", "10-26 08:00", "Ⅰ", "<span data-toggle='tooltip' data-placement='right' title='原始值：18.97'>19.0</span>", "<span data-toggle='tooltip' data-placement='right' title='原始值：8.343406'>8.34</span>", "<span data-toggle='tooltip' data-placement='right' title='原始值：8.905635'>8.91</span>", "<span data-toggle='tooltip' data-placement='right' title='原始值：842.761'>842.8</span>", "<span data-toggle='tooltip' data-placement='right' title='原始值：1.251776'>1.3</span>", "<span data-toggle='tooltip' data-placement='right' title='原始值：1.25'>1.25</span>", "<span data-toggle='tooltip' data-placement='right' title='原始值：0.016'>0.016</span>", "<span data-toggle='tooltip' data-placement='right' title='原始值：0.0084915'>0.008</span>", "<span data-toggle='tooltip' data-placement='right' title='原始值：0.547854'>0.55</span>", "*", "*", "正常"], ["四川省", "长江流域", "<span data-toggle='tooltip' data-placement='right' title='所在地市:泸州市&#10;所属河流:沱江'>沱江大桥(沱江二桥)</span>", "10-26 08:00", "Ⅱ", "<span data-toggle='tooltip' data-placement='right' title='原始值：19.25'>19.2</span>", "<span data-toggle='tooltip' data-placement='right' title='原始值：8.267261'>8.27</span>", "<span data-toggle='tooltip' data-placement='right' title='原始值：9.089779'>9.09</span>", "<span data-toggle='tooltip' data-placement='right' title='原始值：494.9482'>494.9</span>", "<span data-toggle='tooltip' data-placement='right' title='原始值：55.39264'>55.4</span>", "<span data-toggle='tooltip' data-placement='right' title='原始值：2.64'>2.64</span>", "<span data-toggle='tooltip' data-placement='right' title='原始值：0.004'>0.004</span>", "<span data-toggle='tooltip' data-placement='right' title='原始值：0.0982987'>0.098</span>", "<span data-toggle='tooltip' data-placement='right' title='原始值：3.183536'>3.18</span>", "*", "*", "正常"], ["四川省", "长江流域", "<span data-toggle='tooltip' data-placement='right' title='所在地市:广元市&#10;所属河流:嘉陵江'>清风峡</span>", "10-26 08:00", "Ⅰ", "<span data-toggle='tooltip' data-placement='right' title='原始值：14.82223'>14.8</span>", "<span data-toggle='tooltip' data-placement='right' title='原始值：8.32677'>8.33</span>", "<span data-toggle='tooltip' data-placement='right' title='原始值：10.37583'>10.38</span>", "<span data-toggle='tooltip' data-placement='right' title='原始值：384.0926'>384.1</span>", "<span data-toggle='tooltip' data-placement='right' title='原始值：120.7556'>120.8</span>", "<span data-toggle='tooltip' data-placement='right' title='原始值：0.75'>0.75</span>", "<span data-toggle='tooltip' data-placement='right' title='原始值：0.14057'>0.141</span>", "*", "*", "*", "*", "正常"], ["四川省", "长江流域", "<span data-toggle='tooltip' data-placement='right' title='所在地市:乐山市&#10;所属河流:岷江'>岷江大桥</span>", null, "", "--", "--", "--", "--", "--", "--", "--", "--", "--", "*", "*", "停站"], ["四川省", "长江流域", "<span data-toggle='tooltip' data-placement='right' title='所在地市:宜宾市&#10;所属河流:岷江'>凉姜沟</span>", "10-26 08:00", "Ⅱ", "<span data-toggle='tooltip' data-placement='right' title='原始值：17.52'>17.5</span>", "<span data-toggle='tooltip' data-placement='right' title='原始值：7.954399'>7.95</span>", "<span data-toggle='tooltip' data-placement='right' title='原始值：9.292058'>9.29</span>", "<span data-toggle='tooltip' data-placement='right' title='原始值：256.0219'>256.0</span>", "<span data-toggle='tooltip' data-placement='right' title='原始值：60.17973'>60.2</span>", "<span data-toggle='tooltip' data-placement='right' title='原始值：1.72'>1.72</span>", "<span data-toggle='tooltip' data-placement='right' title='原始值：0.08'>0.080</span>", "<span data-toggle='tooltip' data-placement='right' title='原始值：0.0651112'>0.065</span>", "<span data-toggle='tooltip' data-placement='right' title='原始值：1.847626'>1.85</span>", "*", "*", "正常"], ["云南省", "滇池流域", "<span data-toggle='tooltip' data-placement='right' title='所在地市:昆明市&#10;所属河流:滇池'>西苑隧道</span>", "10-26 08:00", "Ⅳ", "<span data-toggle='tooltip' data-placement='right' title='原始值：18.86'>18.9</span>", "<span data-toggle='tooltip' data-placement='right' title='原始值：7.9414'>7.94</span>", "<span data-toggle='tooltip' data-placement='right' title='原始值：8.386'>8.39</span>", "<span data-toggle='tooltip' data-placement='right' title='原始值：635.073'>635.1</span>", "<span data-toggle='tooltip' data-placement='right' title='原始值：14.563'>14.6</span>", "<span data-toggle='tooltip' data-placement='right' title='原始值：8.93'>8.93</span>", "<span data-toggle='tooltip' data-placement='right' title='原始值：0.02727'>0.027</span>", "<span data-toggle='tooltip' data-placement='right' title='原始值：0.00417'>0.004</span>", "<span data-toggle='tooltip' data-placement='right' title='原始值：1.97629'>1.98</span>", "<span data-toggle='tooltip' data-placement='right' title='原始值：0.03549'>0.035</span>", "<span data-toggle='tooltip' data-placement='right' title='原始值：2.270516E+07'>22705160</span>", "正常"], ["云南省", "滇池流域", "<span data-toggle='tooltip' data-placement='right' title='所在地市:昆明市&#10;所属河流:滇池'>观音山</span>", "10-26 04:00", "劣Ⅴ", "<span data-toggle='tooltip' data-placement='right' title='原始值：17.9324'>17.9</span>", "<span data-toggle='tooltip' data-placement='right' title='原始值：9.21094'>9.21</span>", "<span data-toggle='tooltip' data-placement='right' title='原始值：7.81518'>7.82</span>", "<span data-toggle='tooltip' data-placement='right' title='原始值：393.6489'>393.6</span>", "<span data-toggle='tooltip' data-placement='right' title='原始值：36.7331'>36.7</span>", "<span data-toggle='tooltip' data-placement='right' title='原始值：5.91154'>5.91</span>", "<span data-toggle='tooltip' data-placement='right' title='原始值：1.53'>1.530</span>", "<span data-toggle='tooltip' data-placement='right' title='原始值：0.0663'>0.066</span>", "<span data-toggle='tooltip' data-placement='right' title='原始值：1.161'>1.16</span>", "<span data-toggle='tooltip' data-placement='right' title='原始值：0.00483'>0.005</span>", "<span data-toggle='tooltip' data-placement='right' title='原始值：5.846898E+07'>58468980</span>", "正常"], ["云南省", "西南诸河", "<span data-toggle='tooltip' data-placement='right' title='所在地市:红河哈尼族彝族自治州&#10;所属河流:红河'>河口县医院(河口)</span>", "10-26 08:00", "Ⅱ", "<span data-toggle='tooltip' data-placement='right' title='原始值：23.11521'>23.1</span>", "<span data-toggle='tooltip' data-placement='right' title='原始值：6.71324'>6.71</span>", "<span data-toggle='tooltip' data-placement='right' title='原始值：8.1845'>8.18</span>", "<span data-toggle='tooltip' data-placement='right' title='原始值：182.046'>182.0</span>", "<span data-toggle='tooltip' data-placement='right' title='原始值：95.12585'>95.1</span>", "<span data-toggle='tooltip' data-placement='right' title='原始值：0.86018'>0.86</span>", "<span data-toggle='tooltip' data-placement='right' title='原始值：0.10255'>0.103</span>", "<span data-toggle='tooltip' data-placement='right' title='原始值：0.07712'>0.077</span>", "<span data-toggle='tooltip' data-placement='right' title='原始值：1.35608'>1.36</span>", "*", "*", "正常"], ["云南省", "西南诸河", "<span data-toggle='tooltip' data-placement='right' title='所在地市:西双版纳傣族自治州&#10;所属河流:澜沧江'>橄榄坝</span>", "10-26 08:00", "Ⅲ", "<span data-toggle='tooltip' data-placement='right' title='原始值：19.35821'>19.4</span>", "<span data-toggle='tooltip' data-placement='right' title='原始值：7.68105'>7.68</span>", "<span data-toggle='tooltip' data-placement='right' title='原始值：5.95286'>5.95</span>", "<span data-toggle='tooltip' data-placement='right' title='原始值：431.8983'>431.9</span>", "<span data-toggle='tooltip' data-placement='right' title='原始值：13.76387'>13.8</span>", "<span data-toggle='tooltip' data-placement='right' title='原始值：0.77'>0.77</span>", "<span data-toggle='tooltip' data-placement='right' title='原始值：0.07397'>0.074</span>", "*", "*", "*", "*", "正常"], ["陕西省", "黄河流域", "<span data-toggle='tooltip' data-placement='right' title='所在地市:渭南市&#10;所属河流:渭河'>潼关吊桥</span>", null, "", "--", "--", "--", "--", "--", "--", "--", "--", "--", "*", "*", "停站"], ["甘肃省", "黄河流域", "<span data-toggle='tooltip' data-placement='right' title='所在地市:兰州市&#10;所属河流:黄河'>新城桥</span>", null, "", "--", "--", "--", "--", "--", "--", "--", "--", "--", "*", "*", "停站"], ["宁夏回族自治区", "黄河流域", "<span data-toggle='tooltip' data-placement='right' title='所在地市:中卫市&#10;所属河流:黄河'>中卫下河沿(新墩)</span>", "10-26 08:00", "Ⅱ", "<span data-toggle='tooltip' data-placement='right' title='原始值：14.8904'>14.9</span>", "<span data-toggle='tooltip' data-placement='right' title='原始值：7.27082'>7.27</span>", "<span data-toggle='tooltip' data-placement='right' title='原始值：8.75122'>8.75</span>", "<span data-toggle='tooltip' data-placement='right' title='原始值：554.3702'>554.4</span>", "<span data-toggle='tooltip' data-placement='right' title='原始值：31.48437'>31.5</span>", "<span data-toggle='tooltip' data-placement='right' title='原始值：1.77'>1.77</span>", "<span data-toggle='tooltip' data-placement='right' title='原始值：0.05'>0.050</span>", "<span data-toggle='tooltip' data-placement='right' title='原始值：0.0446'>0.045</span>", "<span data-toggle='tooltip' data-placement='right' title='原始值：1.658'>1.66</span>", "*", "*", "正常"]]}