{"result": 1, "total": 1, "records": 98, "thead": ["省份", "流域", "断面名称", "监测时间", "水质类别", "水温<br/><span class='unit'>(℃)</span>", "pH<br/><span class='unit'>(无量纲)</span>", "溶解氧<br/><span class='unit'>(mg/L)</span>", "电导率<br/><span class='unit'>(μS/cm)</span>", "浊度<br/><span class='unit'>(NTU)</span>", "高锰酸盐指数<br/><span class='unit'>(mg/L)</span>", "氨氮<br/><span class='unit'>(mg/L)</span>", "总磷<br/><span class='unit'>(mg/L)</span>", "总氮<br/><span class='unit'>(mg/L)</span>", "叶绿素α<br/><span class='unit'>(mg/L)</span>", "藻密度<br/><span class='unit'>(cells/L)</span>", "站点情况"], "tbody": [["北京市", "海河流域", "<span data-toggle='tooltip' data-placement='right' title='所在地市:门头沟区&#10;所属河流:永定河'>沿河城</span>", "10-21 08:00", "Ⅳ", "<span data-toggle='tooltip' data-placement='right' title='原始值：13.58976'>13.6</span>", "<span data-toggle='tooltip' data-placement='right' title='原始值：8.33036'>8.33</span>", "<span data-toggle='tooltip' data-placement='right' title='原始值：9.47941'>9.48</span>", "<span data-toggle='tooltip' data-placement='right' title='原始值：1547.8'>1547.8</span>", "<span data-toggle='tooltip' data-placement='right' title='原始值：43.00183'>43.0</span>", "<span data-toggle='tooltip' data-placement='right' title='原始值：7.14001'>7.14</span>", "<span data-toggle='tooltip' data-placement='right' title='原始值：0.27'>0.270</span>", "<span data-toggle='tooltip' data-placement='right' title='原始值：0.05503'>0.055</span>", "<span data-toggle='tooltip' data-placement='right' title='原始值：0.73909'>0.74</span>", "*", "*", "正常"], ["北京市", "海河流域", "<span data-toggle='tooltip' data-placement='right' title='所在地市:密云区&#10;所属河流:潮河'>古北口</span>", "10-21 08:00", "", "<span data-toggle='tooltip' data-placement='right' title='原始值：11.51734'>11.5</span>", "<span data-toggle='tooltip' data-placement='right' title='原始值：7.80056'>7.80</span>", "<span data-toggle='tooltip' data-placement='right' title='原始值：10.40072'>10.40</span>", "<span data-toggle='tooltip' data-placement='right' title='原始值：737.7541'>737.8</span>", "<span data-toggle='tooltip' data-placement='right' title='原始值：1.57299'>1.6</span>", "<span data-toggle='tooltip' data-placement='right' title='原始值：0.78083'>0.78</span>", "<span data-toggle='tooltip' data-placement='right' title='原始值：0.15'>0.150</span>", "<span data-toggle='tooltip' data-placement='right' title='极值过滤'>--</span>", "<span data-toggle='tooltip' data-placement='right' title='原始值：8.4967'>8.50</span>", "*", "*", "维护"], ["天津市", "海河流域", "<span data-toggle='tooltip' data-placement='right' title='所在地市:河北区&#10;所属河流:海河'>三岔口</span>", "10-21 08:00", "Ⅱ", "<span data-toggle='tooltip' data-placement='right' title='原始值：16.866'>16.9</span>", "<span data-toggle='tooltip' data-placement='right' title='原始值：7.6857'>7.69</span>", "<span data-toggle='tooltip' data-placement='right' title='原始值：6.951'>6.95</span>", "<span data-toggle='tooltip' data-placement='right' title='原始值：595.3245'>595.3</span>", "<span data-toggle='tooltip' data-placement='right' title='原始值：23.414'>23.4</span>", "<span data-toggle='tooltip' data-placement='right' title='原始值：1.34'>1.34</span>", "<span data-toggle='tooltip' data-placement='right' title='原始值：0.22'>0.220</span>", "<span data-toggle='tooltip' data-placement='right' title='原始值：0.0074'>0.007</span>", "<span data-toggle='tooltip' data-placement='right' title='原始值：1.3753'>1.38</span>", "*", "*", "正常"], ["天津市", "海河流域", "<span data-toggle='tooltip' data-placement='right' title='所在地市:蓟州区&#10;所属河流:果河'>果河桥</span>", "10-21 08:00", "Ⅱ", "<span data-toggle='tooltip' data-placement='right' title='原始值：15.3'>15.3</span>", "<span data-toggle='tooltip' data-placement='right' title='原始值：8.23'>8.23</span>", "<span data-toggle='tooltip' data-placement='right' title='原始值：8.673'>8.67</span>", "<span data-toggle='tooltip' data-placement='right' title='原始值：579.612'>579.6</span>", "<span data-toggle='tooltip' data-placement='right' title='原始值：7.7'>7.7</span>", "<span data-toggle='tooltip' data-placement='right' title='原始值：2.2677'>2.27</span>", "<span data-toggle='tooltip' data-placement='right' title='原始值：0.28'>0.280</span>", "<span data-toggle='tooltip' data-placement='right' title='原始值：0.0617'>0.062</span>", "<span data-toggle='tooltip' data-placement='right' title='原始值：3.6521'>3.65</span>", "*", "*", "正常"], ["河北省", "海河流域", "<span data-toggle='tooltip' data-placement='right' title='所在地市:石家庄市&#10;所属河流:滹沱河'>岗南水库</span>", "10-21 08:00", "Ⅲ", "<span data-toggle='tooltip' data-placement='right' title='原始值：19.19971'>19.2</span>", "<span data-toggle='tooltip' data-placement='right' title='原始值：8.41509'>8.42</span>", "<span data-toggle='tooltip' data-placement='right' title='原始值：8.47153'>8.47</span>", "<span data-toggle='tooltip' data-placement='right' title='原始值：578.8759'>578.9</span>", "<span data-toggle='tooltip' data-placement='right' title='原始值：2.26561'>2.3</span>", "<span data-toggle='tooltip' data-placement='right' title='原始值：1.74384'>1.74</span>", "<span data-toggle='tooltip' data-placement='right' title='原始值：0.04'>0.040</span>", "<span data-toggle='tooltip' data-placement='right' title='原始值：0.03147'>0.031</span>", "<span data-toggle='tooltip' data-placement='right' title='原始值：2.57535'>2.58</span>", "*", "*", "正常"], ["河北省", "海河流域", "<span data-toggle='tooltip' data-placement='right' title='所在地市:张家口市&#10;所属河流:永定河'>八号桥</span>", "10-21 08:00", "Ⅲ", "<span data-toggle='tooltip' data-placement='right' title='原始值：10.43721'>10.4</span>", "<span data-toggle='tooltip' data-placement='right' title='原始值：8.63332'>8.63</span>", "<span data-toggle='tooltip' data-placement='right' title='原始值：10.82502'>10.83</span>", "<span data-toggle='tooltip' data-placement='right' title='原始值：1187.02'>1187.0</span>", "<span data-toggle='tooltip' data-placement='right' title='原始值：53.02254'>53.0</span>", "<span data-toggle='tooltip' data-placement='right' title='原始值：5.48'>5.48</span>", "<span data-toggle='tooltip' data-placement='right' title='原始值：0.1'>0.100</span>", "<span data-toggle='tooltip' data-placement='right' title='原始值：0.132'>0.132</span>", "<span data-toggle='tooltip' data-placement='right' title='原始值：4.54'>4.54</span>", "*", "*", "正常"], ["山西省", "黄河流域", "<span data-toggle='tooltip' data-placement='right' title='所在地市:运城市&#10;所属河流:汾河'>河津大桥</span>", "10-21 08:00", "Ⅲ", "<span data-toggle='tooltip' data-placement='right' title='原始值：17.3104'>17.3</span>", "<span data-toggle='tooltip' data-placement='right' title='原始值：8.32495'>8.32</span>", "<span data-toggle='tooltip' data-placement='right' title='原始值：9.51991'>9.52</span>", "<span data-toggle='tooltip' data-placement='right' title='原始值：1707.083'>1707.1</span>", "<span data-toggle='tooltip' data-placement='right' title='原始值：70.54591'>70.5</span>", "<span data-toggle='tooltip' data-placement='right' title='原始值：5.675'>5.68</span>", "<span data-toggle='tooltip' data-placement='right' title='原始值：0.2'>0.200</span>", "*", "*", "*", "*", "正常"], ["山西省", "黄河流域", "<span data-toggle='tooltip' data-placement='right' title='所在地市:忻州市&#10;所属河流:黄河'>万家寨水库</span>", "10-21 08:00", "Ⅲ", "<span data-toggle='tooltip' data-placement='right' title='原始值：12.05838'>12.1</span>", "<span data-toggle='tooltip' data-placement='right' title='原始值：8.26636'>8.27</span>", "<span data-toggle='tooltip' data-placement='right' title='原始值：9.98548'>9.99</span>", "<span data-toggle='tooltip' data-placement='right' title='原始值：589.1643'>589.2</span>", "<span data-toggle='tooltip' data-placement='right' title='原始值：31.90731'>31.9</span>", "<span data-toggle='tooltip' data-placement='right' title='原始值：5.71'>5.71</span>", "<span data-toggle='tooltip' data-placement='right' title='原始值：0.39'>0.390</span>", "<span data-toggle='tooltip' data-placement='right' title='原始值：0.0655'>0.066</span>", "<span data-toggle='tooltip' data-placement='right' title='原始值：2.20479'>2.20</span>", "*", "*", "正常"], ["内蒙古自治区", "黄河流域", "<span data-toggle='tooltip' data-placement='right' title='所在地市:包头市&#10;所属河流:黄河'>画匠营子</span>", "10-21 08:00", "Ⅲ", "<span data-toggle='tooltip' data-placement='right' title='原始值：13.38364'>13.4</span>", "<span data-toggle='tooltip' data-placement='right' title='原始值：8.04701'>8.05</span>", "<span data-toggle='tooltip' data-placement='right' title='原始值：8.81294'>8.81</span>", "<span data-toggle='tooltip' data-placement='right' title='原始值：671.8108'>671.8</span>", "<span data-toggle='tooltip' data-placement='right' title='原始值：2578.059'>2578.1</span>", "<span data-toggle='tooltip' data-placement='right' title='原始值：4.15961'>4.16</span>", "<span data-toggle='tooltip' data-placement='right' title='原始值：0.06573'>0.066</span>", "*", "*", "*", "*", "正常"], ["内蒙古自治区", "黄河流域", "<span data-toggle='tooltip' data-placement='right' title='所在地市:乌海市&#10;所属河流:黄河'>海勃湾</span>", "10-21 08:00", "", "<span data-toggle='tooltip' data-placement='right' title='原始值：12.83168'>12.8</span>", "<span data-toggle='tooltip' data-placement='right' title='原始值：8.51447'>8.51</span>", "<span data-toggle='tooltip' data-placement='right' title='原始值：8.47197'>8.47</span>", "<span data-toggle='tooltip' data-placement='right' title='原始值：542.0455'>542.0</span>", "<span data-toggle='tooltip' data-placement='right' title='原始值：205.6293'>205.6</span>", "<span data-toggle='tooltip' data-placement='right' title='极值过滤'>--</span>", "<span data-toggle='tooltip' data-placement='right' title='原始值：0.15'>0.150</span>", "*", "*", "*", "*", "维护"], ["内蒙古自治区", "松花江流域", "<span data-toggle='tooltip' data-placement='right' title='所在地市:呼伦贝尔市&#10;所属河流:额尔古纳河'>黑山头</span>", null, "", "--", "--", "--", "--", "--", "--", "--", "--", "--", "*", "*", "停站"], ["辽宁省", "辽河流域", "<span data-toggle='tooltip' data-placement='right' title='所在地市:抚顺市&#10;所属河流:浑河'>大伙房水库</span>", "10-21 08:00", "Ⅱ", "<span data-toggle='tooltip' data-placement='right' title='原始值：17.63765'>17.6</span>", "<span data-toggle='tooltip' data-placement='right' title='原始值：7.07229'>7.07</span>", "<span data-toggle='tooltip' data-placement='right' title='原始值：9.54823'>9.55</span>", "<span data-toggle='tooltip' data-placement='right' title='原始值：297.1497'>297.1</span>", "<span data-toggle='tooltip' data-placement='right' title='原始值：4.91062'>4.9</span>", "<span data-toggle='tooltip' data-placement='right' title='原始值：2.77381'>2.77</span>", "<span data-toggle='tooltip' data-placement='right' title='原始值：0.11'>0.110</span>", "<span data-toggle='tooltip' data-placement='right' title='原始值：0.03379'>0.034</span>", "<span data-toggle='tooltip' data-placement='right' title='原始值：2.30944'>2.31</span>", "<span data-toggle='tooltip' data-placement='right' title='原始值：0.00129'>0.001</span>", "*", "正常"], ["辽宁省", "辽河流域", "<span data-toggle='tooltip' data-placement='right' title='所在地市:丹东市&#10;所属河流:鸭绿江'>江桥</span>", "10-21 08:00", "Ⅱ", "<span data-toggle='tooltip' data-placement='right' title='原始值：16.4'>16.4</span>", "<span data-toggle='tooltip' data-placement='right' title='原始值：6.9'>6.90</span>", "<span data-toggle='tooltip' data-placement='right' title='原始值：7.85063'>7.85</span>", "<span data-toggle='tooltip' data-placement='right' title='原始值：148'>148.0</span>", "<span data-toggle='tooltip' data-placement='right' title='原始值：5.9'>5.9</span>", "<span data-toggle='tooltip' data-placement='right' title='原始值：1.2'>1.20</span>", "<span data-toggle='tooltip' data-placement='right' title='原始值：0.03885'>0.039</span>", "<span data-toggle='tooltip' data-placement='right' title='原始值：0.02221'>0.022</span>", "<span data-toggle='tooltip' data-placement='right' title='原始值：1.89406'>1.89</span>", "*", "*", "正常"], ["辽宁省", "辽河流域", "<span data-toggle='tooltip' data-placement='right' title='所在地市:营口市&#10;所属河流:大辽河'>辽河公园</span>", "10-21 08:00", "Ⅴ", "<span data-toggle='tooltip' data-placement='right' title='原始值：18.67697'>18.7</span>", "<span data-toggle='tooltip' data-placement='right' title='原始值：7.90982'>7.91</span>", "<span data-toggle='tooltip' data-placement='right' title='原始值：8.30739'>8.31</span>", "<span data-toggle='tooltip' data-placement='right' title='原始值：25067.25'>25067.2</span>", "<span data-toggle='tooltip' data-placement='right' title='原始值：686.5062'>686.5</span>", "<span data-toggle='tooltip' data-placement='right' title='原始值：10.76104'>10.76</span>", "<span data-toggle='tooltip' data-placement='right' title='原始值：0.11755'>0.118</span>", "<span data-toggle='tooltip' data-placement='right' title='原始值：0.27443'>0.274</span>", "<span data-toggle='tooltip' data-placement='right' title='原始值：2.12501'>2.13</span>", "*", "*", "正常"], ["辽宁省", "辽河流域", "<span data-toggle='tooltip' data-placement='right' title='所在地市:辽阳市&#10;所属河流:太子河'>汤河水库</span>", null, "", "--", "--", "--", "--", "--", "--", "--", "--", "--", "*", "*", "停站"], ["辽宁省", "辽河流域", "<span data-toggle='tooltip' data-placement='right' title='所在地市:盘锦市&#10;所属河流:辽河'>盘锦兴安(兴安)</span>", null, "", "--", "--", "--", "--", "--", "--", "--", "--", "--", "*", "*", "停站"], ["辽宁省", "辽河流域", "<span data-toggle='tooltip' data-placement='right' title='所在地市:铁岭市&#10;所属河流:辽河'>珠尔山</span>", "10-21 08:00", "Ⅲ", "<span data-toggle='tooltip' data-placement='right' title='原始值：13.54103'>13.5</span>", "<span data-toggle='tooltip' data-placement='right' title='原始值：7.7909'>7.79</span>", "<span data-toggle='tooltip' data-placement='right' title='原始值：10.18153'>10.18</span>", "<span data-toggle='tooltip' data-placement='right' title='原始值：430.4088'>430.4</span>", "<span data-toggle='tooltip' data-placement='right' title='原始值：34.08994'>34.1</span>", "<span data-toggle='tooltip' data-placement='right' title='原始值：3.09442'>3.09</span>", "<span data-toggle='tooltip' data-placement='right' title='原始值：0.16'>0.160</span>", "<span data-toggle='tooltip' data-placement='right' title='原始值：0.13607'>0.136</span>", "<span data-toggle='tooltip' data-placement='right' title='原始值：3.76767'>3.77</span>", "*", "*", "正常"], ["吉林省", "松花江流域", "<span data-toggle='tooltip' data-placement='right' title='所在地市:长春市&#10;所属河流:松花江'>松花江村</span>", null, "", "--", "--", "--", "--", "--", "--", "--", "--", "--", "*", "*", "停站"], ["吉林省", "松花江流域", "<span data-toggle='tooltip' data-placement='right' title='所在地市:白城市&#10;所属河流:嫩江'>白沙滩</span>", null, "", "--", "--", "--", "--", "--", "--", "--", "--", "--", "*", "*", "停站"], ["吉林省", "松花江流域", "<span data-toggle='tooltip' data-placement='right' title='所在地市:延边朝鲜族自治州&#10;所属河流:图们江'>圈河</span>", "10-21 08:00", "Ⅲ", "<span data-toggle='tooltip' data-placement='right' title='原始值：13.2'>13.2</span>", "<span data-toggle='tooltip' data-placement='right' title='原始值：7.49'>7.49</span>", "<span data-toggle='tooltip' data-placement='right' title='原始值：9.74'>9.74</span>", "<span data-toggle='tooltip' data-placement='right' title='原始值：175'>175.0</span>", "<span data-toggle='tooltip' data-placement='right' title='原始值：34'>34.0</span>", "<span data-toggle='tooltip' data-placement='right' title='原始值：5.34'>5.34</span>", "<span data-toggle='tooltip' data-placement='right' title='原始值：0.10465'>0.105</span>", "<span data-toggle='tooltip' data-placement='right' title='原始值：0.05487'>0.055</span>", "<span data-toggle='tooltip' data-placement='right' title='原始值：3.30662'>3.31</span>", "*", "*", "正常"], ["黑龙江省", "松花江流域", "<span data-toggle='tooltip' data-placement='right' title='所在地市:大庆市&#10;所属河流:松花江'>肇源</span>", null, "", "--", "--", "--", "--", "--", "--", "--", "--", "--", "*", "*", "停站"], ["黑龙江省", "松花江流域", "<span data-toggle='tooltip' data-placement='right' title='所在地市:佳木斯市&#10;所属河流:乌苏里江'>乌苏镇</span>", null, "", "--", "--", "--", "--", "--", "--", "--", "--", "--", "*", "*", "停站"], ["黑龙江省", "松花江流域", "<span data-toggle='tooltip' data-placement='right' title='所在地市:佳木斯市&#10;所属河流:松花江'>同江</span>", "10-21 08:00", "Ⅳ", "<span data-toggle='tooltip' data-placement='right' title='原始值：10.70344'>10.7</span>", "<span data-toggle='tooltip' data-placement='right' title='原始值：7.71876'>7.72</span>", "<span data-toggle='tooltip' data-placement='right' title='原始值：11.43752'>11.44</span>", "<span data-toggle='tooltip' data-placement='right' title='原始值：199.219'>199.2</span>", "<span data-toggle='tooltip' data-placement='right' title='原始值：65.00211'>65.0</span>", "<span data-toggle='tooltip' data-placement='right' title='原始值：7.62646'>7.63</span>", "<span data-toggle='tooltip' data-placement='right' title='原始值：0.24285'>0.243</span>", "<span data-toggle='tooltip' data-placement='right' title='原始值：0.07861'>0.079</span>", "<span data-toggle='tooltip' data-placement='right' title='原始值：1.83585'>1.84</span>", "*", "*", "正常"], ["黑龙江省", "松花江流域", "<span data-toggle='tooltip' data-placement='right' title='所在地市:黑河市&#10;所属河流:黑龙江'>黑河下(黑河)</span>", null, "", "--", "--", "--", "--", "--", "--", "--", "--", "--", "*", "*", "停站"], ["上海市", "长江流域", "<span data-toggle='tooltip' data-placement='right' title='所在地市:青浦区&#10;所属河流:淀山湖'>急水港桥</span>", null, "", "--", "--", "--", "--", "--", "--", "--", "--", "--", "--", "--", "停站"], ["江苏省", "长江流域", "<span data-toggle='tooltip' data-placement='right' title='所在地市:南京市&#10;所属河流:长江'>林山</span>", null, "", "--", "--", "--", "--", "--", "--", "--", "--", "--", "*", "*", "停站"], ["江苏省", "太湖流域", "<span data-toggle='tooltip' data-placement='right' title='所在地市:无锡市&#10;所属河流:太湖'>沙渚</span>", null, "", "--", "--", "--", "--", "--", "--", "--", "--", "--", "--", "*", "维护"], ["江苏省", "淮河流域", "<span data-toggle='tooltip' data-placement='right' title='所在地市:徐州市&#10;所属河流:武河'>小红圈</span>", "10-21 08:00", "Ⅰ", "<span data-toggle='tooltip' data-placement='right' title='原始值：15.99'>16.0</span>", "<span data-toggle='tooltip' data-placement='right' title='原始值：7.52'>7.52</span>", "<span data-toggle='tooltip' data-placement='right' title='原始值：10.37'>10.37</span>", "<span data-toggle='tooltip' data-placement='right' title='原始值：983.8'>983.8</span>", "<span data-toggle='tooltip' data-placement='right' title='原始值：9.46'>9.5</span>", "<span data-toggle='tooltip' data-placement='right' title='原始值：1.58'>1.58</span>", "<span data-toggle='tooltip' data-placement='right' title='原始值：0.066'>0.066</span>", "*", "*", "*", "*", "正常"], ["江苏省", "淮河流域", "<span data-toggle='tooltip' data-placement='right' title='所在地市:徐州市&#10;所属河流:沿河'>李集桥</span>", "10-21 08:00", "Ⅲ", "<span data-toggle='tooltip' data-placement='right' title='原始值：17.93'>17.9</span>", "<span data-toggle='tooltip' data-placement='right' title='原始值：7.7'>7.70</span>", "<span data-toggle='tooltip' data-placement='right' title='原始值：6.97'>6.97</span>", "<span data-toggle='tooltip' data-placement='right' title='原始值：967.9'>967.9</span>", "<span data-toggle='tooltip' data-placement='right' title='原始值：29.82'>29.8</span>", "<span data-toggle='tooltip' data-placement='right' title='原始值：4.18'>4.18</span>", "<span data-toggle='tooltip' data-placement='right' title='原始值：0.241'>0.241</span>", "<span data-toggle='tooltip' data-placement='right' title='原始值：0.107'>0.107</span>", "<span data-toggle='tooltip' data-placement='right' title='原始值：2.165'>2.16</span>", "*", "*", "正常"], ["江苏省", "淮河流域", "<span data-toggle='tooltip' data-placement='right' title='所在地市:徐州市&#10;所属河流:邳苍分洪道'>艾山西大桥</span>", "10-21 08:00", "Ⅱ", "<span data-toggle='tooltip' data-placement='right' title='原始值：16.7949'>16.8</span>", "<span data-toggle='tooltip' data-placement='right' title='原始值：8.40627'>8.41</span>", "<span data-toggle='tooltip' data-placement='right' title='原始值：14.076'>14.08</span>", "<span data-toggle='tooltip' data-placement='right' title='原始值：728.46'>728.5</span>", "<span data-toggle='tooltip' data-placement='right' title='原始值：8.22027'>8.2</span>", "<span data-toggle='tooltip' data-placement='right' title='原始值：3.43'>3.43</span>", "<span data-toggle='tooltip' data-placement='right' title='原始值：0.12'>0.120</span>", "<span data-toggle='tooltip' data-placement='right' title='原始值：0.033'>0.033</span>", "<span data-toggle='tooltip' data-placement='right' title='原始值：9.51197'>9.51</span>", "*", "*", "正常"], ["江苏省", "太湖流域", "<span data-toggle='tooltip' data-placement='right' title='所在地市:苏州市&#10;所属河流:太湖'>兰山嘴(老)</span>", null, "", "--", "--", "--", "--", "--", "--", "--", "--", "--", "--", "*", "维护"], ["江苏省", "太湖流域", "<span data-toggle='tooltip' data-placement='right' title='所在地市:苏州市&#10;所属河流:太湖'>西山</span>", null, "", "--", "--", "--", "--", "--", "--", "--", "--", "--", "--", "*", "维护"], ["江苏省", "淮河流域", "<span data-toggle='tooltip' data-placement='right' title='所在地市:连云港市&#10;所属河流:新沭河'>大兴桥</span>", "10-21 08:00", "Ⅲ", "<span data-toggle='tooltip' data-placement='right' title='原始值：18.9'>18.9</span>", "<span data-toggle='tooltip' data-placement='right' title='原始值：8.43'>8.43</span>", "<span data-toggle='tooltip' data-placement='right' title='原始值：10.66'>10.66</span>", "<span data-toggle='tooltip' data-placement='right' title='原始值：700.3'>700.3</span>", "<span data-toggle='tooltip' data-placement='right' title='原始值：31.39'>31.4</span>", "<span data-toggle='tooltip' data-placement='right' title='原始值：4.95'>4.95</span>", "<span data-toggle='tooltip' data-placement='right' title='原始值：0.068'>0.068</span>", "*", "*", "*", "*", "正常"], ["江苏省", "淮河流域", "<span data-toggle='tooltip' data-placement='right' title='所在地市:淮安市&#10;所属河流:淮河'>淮河大桥</span>", "10-21 08:00", "", "<span data-toggle='tooltip' data-placement='right' title='原始值：20.05995'>20.1</span>", "<span data-toggle='tooltip' data-placement='right' title='原始值：7.94042'>7.94</span>", "<span data-toggle='tooltip' data-placement='right' title='原始值：11.70249'>11.70</span>", "<span data-toggle='tooltip' data-placement='right' title='原始值：456.0612'>456.1</span>", "<span data-toggle='tooltip' data-placement='right' title='原始值：39.74693'>39.7</span>", "<span data-toggle='tooltip' data-placement='right' title='原始值：4'>4.00</span>", "<span data-toggle='tooltip' data-placement='right' title='极值过滤'>--</span>", "<span data-toggle='tooltip' data-placement='right' title='原始值：0.1367'>0.137</span>", "<span data-toggle='tooltip' data-placement='right' title='原始值：1.7'>1.70</span>", "*", "*", "维护"], ["江苏省", "长江流域", "<span data-toggle='tooltip' data-placement='right' title='所在地市:扬州市&#10;所属河流:夹江'>三江营</span>", "10-21 08:00", "Ⅱ", "<span data-toggle='tooltip' data-placement='right' title='原始值：20.81'>20.8</span>", "<span data-toggle='tooltip' data-placement='right' title='原始值：7.83'>7.83</span>", "<span data-toggle='tooltip' data-placement='right' title='原始值：7.24'>7.24</span>", "<span data-toggle='tooltip' data-placement='right' title='原始值：323.4'>323.4</span>", "<span data-toggle='tooltip' data-placement='right' title='原始值：77.25'>77.2</span>", "<span data-toggle='tooltip' data-placement='right' title='原始值：2.479'>2.48</span>", "<span data-toggle='tooltip' data-placement='right' title='原始值：0.036'>0.036</span>", "<span data-toggle='tooltip' data-placement='right' title='原始值：0.078'>0.078</span>", "<span data-toggle='tooltip' data-placement='right' title='原始值：1.8'>1.80</span>", "*", "*", "正常"], ["江苏省", "淮河流域", "<span data-toggle='tooltip' data-placement='right' title='所在地市:宿迁市&#10;所属河流:新濉河'>大屈</span>", "10-21 08:00", "Ⅱ", "<span data-toggle='tooltip' data-placement='right' title='原始值：19'>19.0</span>", "<span data-toggle='tooltip' data-placement='right' title='原始值：8.32'>8.32</span>", "<span data-toggle='tooltip' data-placement='right' title='原始值：9.5'>9.50</span>", "<span data-toggle='tooltip' data-placement='right' title='原始值：753.9'>753.9</span>", "<span data-toggle='tooltip' data-placement='right' title='原始值：57.17'>57.2</span>", "<span data-toggle='tooltip' data-placement='right' title='原始值：3.4'>3.40</span>", "<span data-toggle='tooltip' data-placement='right' title='原始值：0.07'>0.070</span>", "<span data-toggle='tooltip' data-placement='right' title='原始值：0.048'>0.048</span>", "<span data-toggle='tooltip' data-placement='right' title='原始值：0.558'>0.56</span>", "*", "*", "正常"], ["浙江省", "浙闽片河流", "<span data-toggle='tooltip' data-placement='right' title='所在地市:杭州市&#10;所属河流:新安江'>街口(鸠坑口)</span>", "10-21 08:00", "Ⅰ", "<span data-toggle='tooltip' data-placement='right' title='原始值：21.42'>21.4</span>", "<span data-toggle='tooltip' data-placement='right' title='原始值：7.48'>7.48</span>", "<span data-toggle='tooltip' data-placement='right' title='原始值：8.92'>8.92</span>", "<span data-toggle='tooltip' data-placement='right' title='原始值：149.69'>149.7</span>", "<span data-toggle='tooltip' data-placement='right' title='原始值：35.83'>35.8</span>", "<span data-toggle='tooltip' data-placement='right' title='原始值：1.492'>1.49</span>", "<span data-toggle='tooltip' data-placement='right' title='原始值：0.008'>0.008</span>", "<span data-toggle='tooltip' data-placement='right' title='原始值：0.02'>0.020</span>", "<span data-toggle='tooltip' data-placement='right' title='原始值：0.902'>0.90</span>", "*", "*", "正常"], ["浙江省", "太湖流域", "<span data-toggle='tooltip' data-placement='right' title='所在地市:嘉兴市&#10;所属河流:斜路港河'>斜路港</span>", "10-21 08:00", "Ⅳ", "<span data-toggle='tooltip' data-placement='right' title='原始值：20.8'>20.8</span>", "<span data-toggle='tooltip' data-placement='right' title='原始值：7.39'>7.39</span>", "<span data-toggle='tooltip' data-placement='right' title='原始值：3.76'>3.76</span>", "<span data-toggle='tooltip' data-placement='right' title='原始值：498'>498.0</span>", "<span data-toggle='tooltip' data-placement='right' title='原始值：91.2'>91.2</span>", "<span data-toggle='tooltip' data-placement='right' title='原始值：4.74'>4.74</span>", "<span data-toggle='tooltip' data-placement='right' title='原始值：0.07789'>0.078</span>", "<span data-toggle='tooltip' data-placement='right' title='原始值：0.0573'>0.057</span>", "<span data-toggle='tooltip' data-placement='right' title='原始值：1.90433'>1.90</span>", "*", "*", "正常"], ["浙江省", "太湖流域", "<span data-toggle='tooltip' data-placement='right' title='所在地市:嘉兴市&#10;所属河流:京杭运河'>王江泾</span>", "10-21 08:00", "Ⅳ", "<span data-toggle='tooltip' data-placement='right' title='原始值：21.52'>21.5</span>", "<span data-toggle='tooltip' data-placement='right' title='原始值：6.89'>6.89</span>", "<span data-toggle='tooltip' data-placement='right' title='原始值：3.37'>3.37</span>", "<span data-toggle='tooltip' data-placement='right' title='原始值：547.17'>547.2</span>", "<span data-toggle='tooltip' data-placement='right' title='原始值：83.07'>83.1</span>", "<span data-toggle='tooltip' data-placement='right' title='原始值：3.993'>3.99</span>", "<span data-toggle='tooltip' data-placement='right' title='原始值：0.045'>0.045</span>", "<span data-toggle='tooltip' data-placement='right' title='原始值：0.065'>0.065</span>", "<span data-toggle='tooltip' data-placement='right' title='原始值：1.426'>1.43</span>", "*", "*", "正常"], ["浙江省", "太湖流域", "<span data-toggle='tooltip' data-placement='right' title='所在地市:湖州市&#10;所属河流:西苕溪'>新港口(新塘港)</span>", null, "", "--", "--", "--", "--", "--", "--", "--", "--", "--", "--", "*", "维护"], ["安徽省", "巢湖流域", "<span data-toggle='tooltip' data-placement='right' title='所在地市:合肥市&#10;所属河流:巢湖'>湖滨(老)</span>", "10-21 08:00", "Ⅳ", "<span data-toggle='tooltip' data-placement='right' title='原始值：18.73227'>18.7</span>", "<span data-toggle='tooltip' data-placement='right' title='原始值：6.45367'>6.45</span>", "<span data-toggle='tooltip' data-placement='right' title='原始值：6.6523'>6.65</span>", "<span data-toggle='tooltip' data-placement='right' title='原始值：233.8419'>233.8</span>", "<span data-toggle='tooltip' data-placement='right' title='原始值：122.7959'>122.8</span>", "<span data-toggle='tooltip' data-placement='right' title='原始值：5.07'>5.07</span>", "<span data-toggle='tooltip' data-placement='right' title='原始值：0.44'>0.440</span>", "<span data-toggle='tooltip' data-placement='right' title='原始值：0.0883'>0.088</span>", "<span data-toggle='tooltip' data-placement='right' title='原始值：1.083'>1.08</span>", "<span data-toggle='tooltip' data-placement='right' title='原始值：0.01352'>0.014</span>", "*", "正常"], ["安徽省", "巢湖流域", "<span data-toggle='tooltip' data-placement='right' title='所在地市:芜湖市&#10;所属河流:巢湖'>裕溪口(老)</span>", "10-21 08:00", "Ⅴ", "<span data-toggle='tooltip' data-placement='right' title='原始值：20.97987'>21.0</span>", "<span data-toggle='tooltip' data-placement='right' title='原始值：7.26067'>7.26</span>", "<span data-toggle='tooltip' data-placement='right' title='原始值：4.65526'>4.66</span>", "<span data-toggle='tooltip' data-placement='right' title='原始值：319.1025'>319.1</span>", "<span data-toggle='tooltip' data-placement='right' title='原始值：80.90878'>80.9</span>", "<span data-toggle='tooltip' data-placement='right' title='原始值：3.84'>3.84</span>", "<span data-toggle='tooltip' data-placement='right' title='原始值：0.17'>0.170</span>", "<span data-toggle='tooltip' data-placement='right' title='原始值：0.1122'>0.112</span>", "<span data-toggle='tooltip' data-placement='right' title='原始值：2.84'>2.84</span>", "*", "*", "正常"], ["安徽省", "淮河流域", "<span data-toggle='tooltip' data-placement='right' title='所在地市:蚌埠市&#10;所属河流:淮河'>蚌埠闸上(蚌埠闸)</span>", "10-21 08:00", "", "<span data-toggle='tooltip' data-placement='right' title='原始值：21.85'>21.8</span>", "<span data-toggle='tooltip' data-placement='right' title='原始值：7.53'>7.53</span>", "<span data-toggle='tooltip' data-placement='right' title='原始值：8.63'>8.63</span>", "<span data-toggle='tooltip' data-placement='right' title='原始值：404.21'>404.2</span>", "<span data-toggle='tooltip' data-placement='right' title='原始值：73.26'>73.3</span>", "<span data-toggle='tooltip' data-placement='right' title='原始值：4.064'>4.06</span>", "<span data-toggle='tooltip' data-placement='right' title='极值过滤'>--</span>", "<span data-toggle='tooltip' data-placement='right' title='原始值：0.152'>0.152</span>", "<span data-toggle='tooltip' data-placement='right' title='原始值：1.495'>1.50</span>", "*", "*", "维护"], ["安徽省", "淮河流域", "<span data-toggle='tooltip' data-placement='right' title='所在地市:淮南市&#10;所属河流:淮河'>石头埠(老)</span>", "10-21 08:00", "Ⅳ", "<span data-toggle='tooltip' data-placement='right' title='原始值：20.472'>20.5</span>", "<span data-toggle='tooltip' data-placement='right' title='原始值：7.25913'>7.26</span>", "<span data-toggle='tooltip' data-placement='right' title='原始值：3.49675'>3.50</span>", "<span data-toggle='tooltip' data-placement='right' title='原始值：285.8583'>285.9</span>", "<span data-toggle='tooltip' data-placement='right' title='原始值：64.42801'>64.4</span>", "<span data-toggle='tooltip' data-placement='right' title='原始值：3.69'>3.69</span>", "<span data-toggle='tooltip' data-placement='right' title='原始值：0.1'>0.100</span>", "*", "*", "*", "*", "正常"], ["安徽省", "淮河流域", "<span data-toggle='tooltip' data-placement='right' title='所在地市:淮北市&#10;所属河流:沱河'>小王桥</span>", "10-21 08:00", "Ⅴ", "<span data-toggle='tooltip' data-placement='right' title='原始值：18.72'>18.7</span>", "<span data-toggle='tooltip' data-placement='right' title='原始值：7.97'>7.97</span>", "<span data-toggle='tooltip' data-placement='right' title='原始值：5.43'>5.43</span>", "<span data-toggle='tooltip' data-placement='right' title='原始值：1429.61'>1429.6</span>", "<span data-toggle='tooltip' data-placement='right' title='原始值：23.06'>23.1</span>", "<span data-toggle='tooltip' data-placement='right' title='原始值：6.774'>6.77</span>", "<span data-toggle='tooltip' data-placement='right' title='原始值：0.016'>0.016</span>", "<span data-toggle='tooltip' data-placement='right' title='原始值：0.304'>0.304</span>", "<span data-toggle='tooltip' data-placement='right' title='原始值：0.855'>0.86</span>", "*", "*", "正常"], ["安徽省", "长江流域", "<span data-toggle='tooltip' data-placement='right' title='所在地市:安庆市&#10;所属河流:长江'>皖河口</span>", "10-21 08:00", "Ⅱ", "<span data-toggle='tooltip' data-placement='right' title='原始值：20.12'>20.1</span>", "<span data-toggle='tooltip' data-placement='right' title='原始值：7.478'>7.48</span>", "<span data-toggle='tooltip' data-placement='right' title='原始值：7.28'>7.28</span>", "<span data-toggle='tooltip' data-placement='right' title='原始值：298.98'>299.0</span>", "<span data-toggle='tooltip' data-placement='right' title='原始值：25.87'>25.9</span>", "<span data-toggle='tooltip' data-placement='right' title='原始值：1.46'>1.46</span>", "<span data-toggle='tooltip' data-placement='right' title='原始值：0.039'>0.039</span>", "<span data-toggle='tooltip' data-placement='right' title='原始值：0.056'>0.056</span>", "<span data-toggle='tooltip' data-placement='right' title='原始值：2.2'>2.20</span>", "*", "*", "正常"], ["安徽省", "淮河流域", "<span data-toggle='tooltip' data-placement='right' title='所在地市:滁州市&#10;所属河流:淮河'>小柳巷</span>", "10-21 08:00", "Ⅲ", "<span data-toggle='tooltip' data-placement='right' title='原始值：20.1'>20.1</span>", "<span data-toggle='tooltip' data-placement='right' title='原始值：7.42'>7.42</span>", "<span data-toggle='tooltip' data-placement='right' title='原始值：7.48'>7.48</span>", "<span data-toggle='tooltip' data-placement='right' title='原始值：395.3'>395.3</span>", "<span data-toggle='tooltip' data-placement='right' title='原始值：186.04'>186.0</span>", "<span data-toggle='tooltip' data-placement='right' title='原始值：2.74'>2.74</span>", "<span data-toggle='tooltip' data-placement='right' title='原始值：0.044'>0.044</span>", "<span data-toggle='tooltip' data-placement='right' title='原始值：0.136'>0.136</span>", "<span data-toggle='tooltip' data-placement='right' title='极值过滤'>--</span>", "*", "*", "维护"], ["安徽省", "淮河流域", "<span data-toggle='tooltip' data-placement='right' title='所在地市:阜阳市&#10;所属河流:黑茨河'>张大桥</span>", null, "", "--", "--", "--", "--", "--", "--", "--", "--", "--", "*", "*", "停站"], ["安徽省", "淮河流域", "<span data-toggle='tooltip' data-placement='right' title='所在地市:阜阳市&#10;所属河流:淮河'>王家坝</span>", "10-21 08:00", "Ⅲ", "<span data-toggle='tooltip' data-placement='right' title='原始值：17.33'>17.3</span>", "<span data-toggle='tooltip' data-placement='right' title='原始值：7.22785'>7.23</span>", "<span data-toggle='tooltip' data-placement='right' title='原始值：7.73536'>7.74</span>", "<span data-toggle='tooltip' data-placement='right' title='原始值：415.4084'>415.4</span>", "<span data-toggle='tooltip' data-placement='right' title='原始值：39.25339'>39.3</span>", "<span data-toggle='tooltip' data-placement='right' title='原始值：3.09'>3.09</span>", "<span data-toggle='tooltip' data-placement='right' title='原始值：0.211'>0.211</span>", "<span data-toggle='tooltip' data-placement='right' title='原始值：0.18645'>0.186</span>", "<span data-toggle='tooltip' data-placement='right' title='原始值：2.14448'>2.14</span>", "*", "*", "正常"], ["安徽省", "淮河流域", "<span data-toggle='tooltip' data-placement='right' title='所在地市:阜阳市&#10;所属河流:颍河'>界首七渡口(七渡口)</span>", null, "", "--", "--", "--", "--", "--", "--", "--", "--", "--", "*", "*", "维护"], ["安徽省", "淮河流域", "<span data-toggle='tooltip' data-placement='right' title='所在地市:阜阳市&#10;所属河流:泉河'>许庄(徐庄)</span>", "10-21 04:00", "Ⅲ", "<span data-toggle='tooltip' data-placement='right' title='原始值：16.6'>16.6</span>", "<span data-toggle='tooltip' data-placement='right' title='原始值：7.79'>7.79</span>", "<span data-toggle='tooltip' data-placement='right' title='原始值：8.58'>8.58</span>", "<span data-toggle='tooltip' data-placement='right' title='原始值：890.9'>890.9</span>", "<span data-toggle='tooltip' data-placement='right' title='原始值：95.4'>95.4</span>", "<span data-toggle='tooltip' data-placement='right' title='原始值：3.46'>3.46</span>", "<span data-toggle='tooltip' data-placement='right' title='原始值：0.03'>0.030</span>", "<span data-toggle='tooltip' data-placement='right' title='原始值：0.129'>0.129</span>", "<span data-toggle='tooltip' data-placement='right' title='原始值：1.53'>1.53</span>", "*", "*", "正常"], ["安徽省", "淮河流域", "<span data-toggle='tooltip' data-placement='right' title='所在地市:宿州市&#10;所属河流:奎河'>杨庄</span>", "10-21 08:00", "Ⅲ", "<span data-toggle='tooltip' data-placement='right' title='原始值：18.61'>18.6</span>", "<span data-toggle='tooltip' data-placement='right' title='原始值：7.74'>7.74</span>", "<span data-toggle='tooltip' data-placement='right' title='原始值：8.89'>8.89</span>", "<span data-toggle='tooltip' data-placement='right' title='原始值：887.5'>887.5</span>", "<span data-toggle='tooltip' data-placement='right' title='原始值：103.97'>104.0</span>", "<span data-toggle='tooltip' data-placement='right' title='原始值：4.12'>4.12</span>", "<span data-toggle='tooltip' data-placement='right' title='原始值：0.28'>0.280</span>", "*", "*", "*", "*", "正常"], ["安徽省", "淮河流域", "<span data-toggle='tooltip' data-placement='right' title='所在地市:宿州市&#10;所属河流:新汴河'>泗县公路桥</span>", "10-21 08:00", "Ⅳ", "<span data-toggle='tooltip' data-placement='right' title='原始值：19.34'>19.3</span>", "<span data-toggle='tooltip' data-placement='right' title='原始值：8.46'>8.46</span>", "<span data-toggle='tooltip' data-placement='right' title='原始值：9.12'>9.12</span>", "<span data-toggle='tooltip' data-placement='right' title='原始值：971.8'>971.8</span>", "<span data-toggle='tooltip' data-placement='right' title='原始值：102.96'>103.0</span>", "<span data-toggle='tooltip' data-placement='right' title='原始值：7.28'>7.28</span>", "<span data-toggle='tooltip' data-placement='right' title='原始值：0.089'>0.089</span>", "*", "*", "*", "*", "正常"], ["安徽省", "淮河流域", "<span data-toggle='tooltip' data-placement='right' title='所在地市:亳州市&#10;所属河流:包河'>颜集</span>", "10-21 08:00", "Ⅲ", "<span data-toggle='tooltip' data-placement='right' title='原始值：16.5'>16.5</span>", "<span data-toggle='tooltip' data-placement='right' title='原始值：8.12'>8.12</span>", "<span data-toggle='tooltip' data-placement='right' title='原始值：8.05'>8.05</span>", "<span data-toggle='tooltip' data-placement='right' title='原始值：1837.4'>1837.4</span>", "<span data-toggle='tooltip' data-placement='right' title='原始值：198.48'>198.5</span>", "<span data-toggle='tooltip' data-placement='right' title='原始值：4.96'>4.96</span>", "<span data-toggle='tooltip' data-placement='right' title='原始值：0.25'>0.250</span>", "<span data-toggle='tooltip' data-placement='right' title='原始值：0.182'>0.182</span>", "<span data-toggle='tooltip' data-placement='right' title='原始值：7.515'>7.52</span>", "*", "*", "正常"], ["福建省", "浙闽片河流", "<span data-toggle='tooltip' data-placement='right' title='所在地市:福州市&#10;所属河流:闽江'>白岩潭</span>", "10-21 08:00", "Ⅳ", "<span data-toggle='tooltip' data-placement='right' title='原始值：23.43'>23.4</span>", "<span data-toggle='tooltip' data-placement='right' title='原始值：7.16'>7.16</span>", "<span data-toggle='tooltip' data-placement='right' title='原始值：6.5'>6.50</span>", "<span data-toggle='tooltip' data-placement='right' title='原始值：1164.4'>1164.4</span>", "<span data-toggle='tooltip' data-placement='right' title='原始值：477.32'>477.3</span>", "<span data-toggle='tooltip' data-placement='right' title='原始值：8.32'>8.32</span>", "<span data-toggle='tooltip' data-placement='right' title='原始值：0.166'>0.166</span>", "*", "*", "*", "*", "正常"], ["江西省", "长江流域", "<span data-toggle='tooltip' data-placement='right' title='所在地市:南昌市&#10;所属河流:赣江南支'>滁槎</span>", "10-21 08:00", "", "<span data-toggle='tooltip' data-placement='right' title='原始值：21.69365'>21.7</span>", "<span data-toggle='tooltip' data-placement='right' title='原始值：7.51761'>7.52</span>", "<span data-toggle='tooltip' data-placement='right' title='原始值：7.77237'>7.77</span>", "<span data-toggle='tooltip' data-placement='right' title='原始值：170.162'>170.2</span>", "<span data-toggle='tooltip' data-placement='right' title='原始值：44.35347'>44.4</span>", "<span data-toggle='tooltip' data-placement='right' title='原始值：3.51'>3.51</span>", "<span data-toggle='tooltip' data-placement='right' title='原始值：0.45'>0.450</span>", "<span data-toggle='tooltip' data-placement='right' title='极值过滤'>--</span>", "<span data-toggle='tooltip' data-placement='right' title='原始值：4.5725'>4.57</span>", "*", "*", "维护"], ["江西省", "长江流域", "<span data-toggle='tooltip' data-placement='right' title='所在地市:九江市&#10;所属河流:长江'>姚港(河西水厂)</span>", "10-21 08:00", "Ⅱ", "<span data-toggle='tooltip' data-placement='right' title='原始值：19.9'>19.9</span>", "<span data-toggle='tooltip' data-placement='right' title='原始值：7.47'>7.47</span>", "<span data-toggle='tooltip' data-placement='right' title='原始值：8.36'>8.36</span>", "<span data-toggle='tooltip' data-placement='right' title='原始值：322.01'>322.0</span>", "<span data-toggle='tooltip' data-placement='right' title='原始值：41.71'>41.7</span>", "<span data-toggle='tooltip' data-placement='right' title='原始值：1.472'>1.47</span>", "<span data-toggle='tooltip' data-placement='right' title='原始值：0.008'>0.008</span>", "<span data-toggle='tooltip' data-placement='right' title='原始值：0.073'>0.073</span>", "<span data-toggle='tooltip' data-placement='right' title='原始值：1.42'>1.42</span>", "*", "*", "正常"], ["江西省", "长江流域", "<span data-toggle='tooltip' data-placement='right' title='所在地市:九江市&#10;所属河流:鄱阳湖'>蛤蟆石</span>", "10-21 08:00", "Ⅳ", "<span data-toggle='tooltip' data-placement='right' title='原始值：19.67'>19.7</span>", "<span data-toggle='tooltip' data-placement='right' title='原始值：7.24'>7.24</span>", "<span data-toggle='tooltip' data-placement='right' title='原始值：8.54'>8.54</span>", "<span data-toggle='tooltip' data-placement='right' title='原始值：133.29'>133.3</span>", "<span data-toggle='tooltip' data-placement='right' title='原始值：169.33'>169.3</span>", "<span data-toggle='tooltip' data-placement='right' title='原始值：2.893'>2.89</span>", "<span data-toggle='tooltip' data-placement='right' title='原始值：0.037'>0.037</span>", "<span data-toggle='tooltip' data-placement='right' title='原始值：0.0697'>0.070</span>", "<span data-toggle='tooltip' data-placement='right' title='原始值：1.339'>1.34</span>", "<span data-toggle='tooltip' data-placement='right' title='原始值：0.00178'>0.002</span>", "<span data-toggle='tooltip' data-placement='right' title='原始值：2141910'>2141910</span>", "正常"], ["山东省", "黄河流域", "<span data-toggle='tooltip' data-placement='right' title='所在地市:济南市&#10;所属河流:黄河'>泺口</span>", "10-21 08:00", "Ⅱ", "<span data-toggle='tooltip' data-placement='right' title='原始值：16.5451'>16.5</span>", "<span data-toggle='tooltip' data-placement='right' title='原始值：8.29298'>8.29</span>", "<span data-toggle='tooltip' data-placement='right' title='原始值：9.24797'>9.25</span>", "<span data-toggle='tooltip' data-placement='right' title='原始值：786.999'>787.0</span>", "<span data-toggle='tooltip' data-placement='right' title='原始值：1047.56'>1047.6</span>", "<span data-toggle='tooltip' data-placement='right' title='原始值：2.61'>2.61</span>", "<span data-toggle='tooltip' data-placement='right' title='原始值：0.12543'>0.125</span>", "<span data-toggle='tooltip' data-placement='right' title='原始值：0.02372'>0.024</span>", "<span data-toggle='tooltip' data-placement='right' title='原始值：3.409'>3.41</span>", "*", "*", "正常"], ["山东省", "淮河流域", "<span data-toggle='tooltip' data-placement='right' title='所在地市:枣庄市&#10;所属河流:京杭大运河（韩庄运河）'>台儿庄大桥</span>", "10-21 08:00", "Ⅱ", "<span data-toggle='tooltip' data-placement='right' title='原始值：18.98'>19.0</span>", "<span data-toggle='tooltip' data-placement='right' title='原始值：7.76225'>7.76</span>", "<span data-toggle='tooltip' data-placement='right' title='原始值：7.04068'>7.04</span>", "<span data-toggle='tooltip' data-placement='right' title='原始值：853.7294'>853.7</span>", "<span data-toggle='tooltip' data-placement='right' title='原始值：33.96901'>34.0</span>", "<span data-toggle='tooltip' data-placement='right' title='原始值：3.01937'>3.02</span>", "<span data-toggle='tooltip' data-placement='right' title='原始值：0.05262'>0.053</span>", "<span data-toggle='tooltip' data-placement='right' title='原始值：0.05833'>0.058</span>", "<span data-toggle='tooltip' data-placement='right' title='原始值：2.35956'>2.36</span>", "*", "*", "正常"], ["山东省", "淮河流域", "<span data-toggle='tooltip' data-placement='right' title='所在地市:临沂市&#10;所属河流:沭河'>清泉寺</span>", "10-21 08:00", "Ⅳ", "<span data-toggle='tooltip' data-placement='right' title='原始值：17.20605'>17.2</span>", "<span data-toggle='tooltip' data-placement='right' title='原始值：8.60629'>8.61</span>", "<span data-toggle='tooltip' data-placement='right' title='原始值：11.55368'>11.55</span>", "<span data-toggle='tooltip' data-placement='right' title='原始值：829.8545'>829.9</span>", "<span data-toggle='tooltip' data-placement='right' title='原始值：24.29671'>24.3</span>", "<span data-toggle='tooltip' data-placement='right' title='原始值：7.07999'>7.08</span>", "<span data-toggle='tooltip' data-placement='right' title='原始值：0.28'>0.280</span>", "*", "*", "*", "*", "正常"], ["山东省", "淮河流域", "<span data-toggle='tooltip' data-placement='right' title='所在地市:临沂市&#10;所属河流:沂河'>重坊桥</span>", "10-21 08:00", "Ⅱ", "<span data-toggle='tooltip' data-placement='right' title='原始值：17.90002'>17.9</span>", "<span data-toggle='tooltip' data-placement='right' title='原始值：7.98822'>7.99</span>", "<span data-toggle='tooltip' data-placement='right' title='原始值：9.82776'>9.83</span>", "<span data-toggle='tooltip' data-placement='right' title='原始值：697.6542'>697.7</span>", "<span data-toggle='tooltip' data-placement='right' title='原始值：7.18225'>7.2</span>", "<span data-toggle='tooltip' data-placement='right' title='原始值：3.88'>3.88</span>", "<span data-toggle='tooltip' data-placement='right' title='原始值：0.1069'>0.107</span>", "*", "*", "*", "*", "正常"], ["山东省", "淮河流域", "<span data-toggle='tooltip' data-placement='right' title='所在地市:临沂市&#10;所属河流:白马河'>捷庄(涝沟桥)</span>", "10-21 08:00", "Ⅲ", "<span data-toggle='tooltip' data-placement='right' title='原始值：17.8'>17.8</span>", "<span data-toggle='tooltip' data-placement='right' title='原始值：7.59'>7.59</span>", "<span data-toggle='tooltip' data-placement='right' title='原始值：9.58873'>9.59</span>", "<span data-toggle='tooltip' data-placement='right' title='原始值：878'>878.0</span>", "<span data-toggle='tooltip' data-placement='right' title='原始值：29.47463'>29.5</span>", "<span data-toggle='tooltip' data-placement='right' title='原始值：4.66'>4.66</span>", "<span data-toggle='tooltip' data-placement='right' title='原始值：0.03982'>0.040</span>", "<span data-toggle='tooltip' data-placement='right' title='原始值：0.13706'>0.137</span>", "<span data-toggle='tooltip' data-placement='right' title='原始值：6.7927'>6.79</span>", "*", "*", "正常"], ["山东省", "海河流域", "<span data-toggle='tooltip' data-placement='right' title='所在地市:聊城市&#10;所属河流:卫运河'>秤勾湾(秤钩湾)</span>", null, "", "--", "--", "--", "--", "--", "--", "--", "--", "--", "*", "*", "停站"], ["河南省", "长江流域", "<span data-toggle='tooltip' data-placement='right' title='所在地市:南阳市&#10;所属河流:丹江口水库'>陶岔</span>", "10-21 08:00", "Ⅰ", "<span data-toggle='tooltip' data-placement='right' title='原始值：21.21'>21.2</span>", "<span data-toggle='tooltip' data-placement='right' title='原始值：7.80605'>7.81</span>", "<span data-toggle='tooltip' data-placement='right' title='原始值：8.03035'>8.03</span>", "<span data-toggle='tooltip' data-placement='right' title='原始值：274.9956'>275.0</span>", "<span data-toggle='tooltip' data-placement='right' title='原始值：2.4691'>2.5</span>", "<span data-toggle='tooltip' data-placement='right' title='原始值：1.69'>1.69</span>", "<span data-toggle='tooltip' data-placement='right' title='原始值：0.02474'>0.025</span>", "<span data-toggle='tooltip' data-placement='right' title='原始值：0.00715'>0.007</span>", "<span data-toggle='tooltip' data-placement='right' title='原始值：0.95744'>0.96</span>", "<span data-toggle='tooltip' data-placement='right' title='原始值：0.00731'>0.007</span>", "<span data-toggle='tooltip' data-placement='right' title='原始值：1902989'>1902989</span>", "正常"], ["河南省", "淮河流域", "<span data-toggle='tooltip' data-placement='right' title='所在地市:商丘市&#10;所属河流:浍河'>黄口</span>", "10-21 08:00", "Ⅲ", "<span data-toggle='tooltip' data-placement='right' title='原始值：16.9'>16.9</span>", "<span data-toggle='tooltip' data-placement='right' title='原始值：7.49004'>7.49</span>", "<span data-toggle='tooltip' data-placement='right' title='原始值：6.59004'>6.59</span>", "<span data-toggle='tooltip' data-placement='right' title='原始值：2082.133'>2082.1</span>", "<span data-toggle='tooltip' data-placement='right' title='原始值：42.51171'>42.5</span>", "<span data-toggle='tooltip' data-placement='right' title='原始值：4.2'>4.20</span>", "<span data-toggle='tooltip' data-placement='right' title='原始值：0.06298'>0.063</span>", "<span data-toggle='tooltip' data-placement='right' title='原始值：0.0848'>0.085</span>", "<span data-toggle='tooltip' data-placement='right' title='原始值：7.71397'>7.71</span>", "*", "*", "正常"], ["河南省", "淮河流域", "<span data-toggle='tooltip' data-placement='right' title='所在地市:信阳市&#10;所属河流:史灌河'>蒋集</span>", "10-21 08:00", "Ⅱ", "<span data-toggle='tooltip' data-placement='right' title='原始值：17.72637'>17.7</span>", "<span data-toggle='tooltip' data-placement='right' title='原始值：7.8015'>7.80</span>", "<span data-toggle='tooltip' data-placement='right' title='原始值：7.71'>7.71</span>", "<span data-toggle='tooltip' data-placement='right' title='极值过滤'>--</span>", "<span data-toggle='tooltip' data-placement='right' title='极值过滤'>--</span>", "<span data-toggle='tooltip' data-placement='right' title='原始值：2.79'>2.79</span>", "<span data-toggle='tooltip' data-placement='right' title='原始值：0.08903'>0.089</span>", "*", "*", "*", "*", "维护"], ["河南省", "淮河流域", "<span data-toggle='tooltip' data-placement='right' title='所在地市:信阳市&#10;所属河流:淮河'>淮滨水文站(淮滨)</span>", "10-21 08:00", "Ⅲ", "<span data-toggle='tooltip' data-placement='right' title='原始值：16.6'>16.6</span>", "<span data-toggle='tooltip' data-placement='right' title='原始值：7.05'>7.05</span>", "<span data-toggle='tooltip' data-placement='right' title='原始值：8.24875'>8.25</span>", "<span data-toggle='tooltip' data-placement='right' title='原始值：238'>238.0</span>", "<span data-toggle='tooltip' data-placement='right' title='原始值：83.38315'>83.4</span>", "<span data-toggle='tooltip' data-placement='right' title='原始值：3.23242'>3.23</span>", "<span data-toggle='tooltip' data-placement='right' title='原始值：0.17019'>0.170</span>", "<span data-toggle='tooltip' data-placement='right' title='原始值：0.16101'>0.161</span>", "<span data-toggle='tooltip' data-placement='right' title='原始值：1.12638'>1.13</span>", "*", "*", "正常"], ["河南省", "淮河流域", "<span data-toggle='tooltip' data-placement='right' title='所在地市:周口市&#10;所属河流:沙河'>沈丘闸</span>", "10-21 08:00", "Ⅳ", "<span data-toggle='tooltip' data-placement='right' title='原始值：18.27744'>18.3</span>", "<span data-toggle='tooltip' data-placement='right' title='原始值：7.29574'>7.30</span>", "<span data-toggle='tooltip' data-placement='right' title='原始值：4.74509'>4.75</span>", "<span data-toggle='tooltip' data-placement='right' title='原始值：1057.527'>1057.5</span>", "<span data-toggle='tooltip' data-placement='right' title='原始值：22.66535'>22.7</span>", "<span data-toggle='tooltip' data-placement='right' title='原始值：3.76'>3.76</span>", "<span data-toggle='tooltip' data-placement='right' title='原始值：0.18'>0.180</span>", "*", "*", "*", "*", "正常"], ["河南省", "淮河流域", "<span data-toggle='tooltip' data-placement='right' title='所在地市:周口市&#10;所属河流:涡河'>鹿邑付桥(鹿邑付桥闸)</span>", "10-21 08:00", "Ⅳ", "<span data-toggle='tooltip' data-placement='right' title='原始值：18.08881'>18.1</span>", "<span data-toggle='tooltip' data-placement='right' title='原始值：8.50031'>8.50</span>", "<span data-toggle='tooltip' data-placement='right' title='原始值：8.74113'>8.74</span>", "<span data-toggle='tooltip' data-placement='right' title='原始值：1432.767'>1432.8</span>", "<span data-toggle='tooltip' data-placement='right' title='原始值：12.8846'>12.9</span>", "<span data-toggle='tooltip' data-placement='right' title='原始值：6.89'>6.89</span>", "<span data-toggle='tooltip' data-placement='right' title='原始值：0.13'>0.130</span>", "<span data-toggle='tooltip' data-placement='right' title='原始值：0.1419'>0.142</span>", "<span data-toggle='tooltip' data-placement='right' title='原始值：1.52049'>1.52</span>", "*", "*", "正常"], ["河南省", "淮河流域", "<span data-toggle='tooltip' data-placement='right' title='所在地市:驻马店市&#10;所属河流:洪河'>新蔡班台(班台)</span>", "10-21 08:00", "Ⅴ", "<span data-toggle='tooltip' data-placement='right' title='原始值：18.92426'>18.9</span>", "<span data-toggle='tooltip' data-placement='right' title='原始值：7.22057'>7.22</span>", "<span data-toggle='tooltip' data-placement='right' title='原始值：8.75635'>8.76</span>", "<span data-toggle='tooltip' data-placement='right' title='原始值：661.7728'>661.8</span>", "<span data-toggle='tooltip' data-placement='right' title='原始值：46.89998'>46.9</span>", "<span data-toggle='tooltip' data-placement='right' title='原始值：3.745'>3.74</span>", "<span data-toggle='tooltip' data-placement='right' title='原始值：0.3'>0.300</span>", "<span data-toggle='tooltip' data-placement='right' title='原始值：0.3141'>0.314</span>", "<span data-toggle='tooltip' data-placement='right' title='原始值：4.54653'>4.55</span>", "*", "*", "正常"], ["河南省", "黄河流域", "<span data-toggle='tooltip' data-placement='right' title='所在地市:济源市&#10;所属河流:黄河'>小浪底水库(小浪底)</span>", "10-21 08:00", "Ⅲ", "<span data-toggle='tooltip' data-placement='right' title='原始值：17.2149'>17.2</span>", "<span data-toggle='tooltip' data-placement='right' title='原始值：8.22941'>8.23</span>", "<span data-toggle='tooltip' data-placement='right' title='原始值：9.21271'>9.21</span>", "<span data-toggle='tooltip' data-placement='right' title='原始值：733.6329'>733.6</span>", "<span data-toggle='tooltip' data-placement='right' title='原始值：10.4055'>10.4</span>", "<span data-toggle='tooltip' data-placement='right' title='原始值：0.385'>0.38</span>", "<span data-toggle='tooltip' data-placement='right' title='原始值：0.13'>0.130</span>", "<span data-toggle='tooltip' data-placement='right' title='原始值：0.1005'>0.100</span>", "<span data-toggle='tooltip' data-placement='right' title='原始值：3.0975'>3.10</span>", "*", "*", "正常"], ["湖北省", "长江流域", "<span data-toggle='tooltip' data-placement='right' title='所在地市:武汉市&#10;所属河流:汉江'>宗关</span>", "10-21 08:00", "Ⅲ", "<span data-toggle='tooltip' data-placement='right' title='原始值：18.63'>18.6</span>", "<span data-toggle='tooltip' data-placement='right' title='原始值：7.665796'>7.67</span>", "<span data-toggle='tooltip' data-placement='right' title='原始值：8.040134'>8.04</span>", "<span data-toggle='tooltip' data-placement='right' title='原始值：422.5301'>422.5</span>", "<span data-toggle='tooltip' data-placement='right' title='原始值：19.05218'>19.1</span>", "<span data-toggle='tooltip' data-placement='right' title='原始值：4.81'>4.81</span>", "<span data-toggle='tooltip' data-placement='right' title='原始值：0.066'>0.066</span>", "<span data-toggle='tooltip' data-placement='right' title='原始值：0.113'>0.113</span>", "<span data-toggle='tooltip' data-placement='right' title='原始值：3.264668'>3.26</span>", "<span data-toggle='tooltip' data-placement='right' title='原始值：0.0030313'>0.003</span>", "*", "正常"], ["湖北省", "长江流域", "<span data-toggle='tooltip' data-placement='right' title='所在地市:十堰市&#10;所属河流:丹江口水库'>坝上中(胡家岭)</span>", "10-21 08:00", "Ⅱ", "<span data-toggle='tooltip' data-placement='right' title='原始值：21.76'>21.8</span>", "<span data-toggle='tooltip' data-placement='right' title='原始值：7.749165'>7.75</span>", "<span data-toggle='tooltip' data-placement='right' title='原始值：6.51909'>6.52</span>", "<span data-toggle='tooltip' data-placement='right' title='原始值：238.352'>238.4</span>", "<span data-toggle='tooltip' data-placement='right' title='原始值：2.580354'>2.6</span>", "<span data-toggle='tooltip' data-placement='right' title='原始值：1.73'>1.73</span>", "<span data-toggle='tooltip' data-placement='right' title='原始值：0.093'>0.093</span>", "<span data-toggle='tooltip' data-placement='right' title='原始值：0.013'>0.013</span>", "<span data-toggle='tooltip' data-placement='right' title='原始值：1.282'>1.28</span>", "<span data-toggle='tooltip' data-placement='right' title='原始值：0.0857306'>0.086</span>", "<span data-toggle='tooltip' data-placement='right' title='原始值：1.0506E+07'>10506000</span>", "正常"], ["湖北省", "长江流域", "<span data-toggle='tooltip' data-placement='right' title='所在地市:宜昌市&#10;所属河流:长江'>南津关</span>", "10-21 08:00", "Ⅳ", "<span data-toggle='tooltip' data-placement='right' title='原始值：20.81'>20.8</span>", "<span data-toggle='tooltip' data-placement='right' title='原始值：7.943762'>7.94</span>", "<span data-toggle='tooltip' data-placement='right' title='原始值：8.238702'>8.24</span>", "<span data-toggle='tooltip' data-placement='right' title='原始值：376.575'>376.6</span>", "<span data-toggle='tooltip' data-placement='right' title='原始值：8.833933'>8.8</span>", "<span data-toggle='tooltip' data-placement='right' title='原始值：7.72'>7.72</span>", "<span data-toggle='tooltip' data-placement='right' title='原始值：0.014'>0.014</span>", "<span data-toggle='tooltip' data-placement='right' title='原始值：0.04'>0.040</span>", "<span data-toggle='tooltip' data-placement='right' title='原始值：1.592'>1.59</span>", "<span data-toggle='tooltip' data-placement='right' title='原始值：0.0007086'>0.001</span>", "*", "正常"], ["湖南省", "长江流域", "<span data-toggle='tooltip' data-placement='right' title='所在地市:长沙市&#10;所属河流:湘江'>新港</span>", "10-21 08:00", "Ⅱ", "<span data-toggle='tooltip' data-placement='right' title='原始值：20.05'>20.0</span>", "<span data-toggle='tooltip' data-placement='right' title='原始值：7.11'>7.11</span>", "<span data-toggle='tooltip' data-placement='right' title='原始值：10.23'>10.23</span>", "<span data-toggle='tooltip' data-placement='right' title='原始值：245.35'>245.4</span>", "<span data-toggle='tooltip' data-placement='right' title='原始值：55.66'>55.7</span>", "<span data-toggle='tooltip' data-placement='right' title='原始值：1.42'>1.42</span>", "<span data-toggle='tooltip' data-placement='right' title='原始值：0.079'>0.079</span>", "<span data-toggle='tooltip' data-placement='right' title='原始值：0.068'>0.068</span>", "<span data-toggle='tooltip' data-placement='right' title='原始值：0.51'>0.51</span>", "*", "*", "正常"], ["湖南省", "长江流域", "<span data-toggle='tooltip' data-placement='right' title='所在地市:岳阳市&#10;所属河流:洞庭湖'>岳阳楼</span>", "10-21 08:00", "Ⅳ", "<span data-toggle='tooltip' data-placement='right' title='原始值：17.93'>17.9</span>", "<span data-toggle='tooltip' data-placement='right' title='原始值：8.03769'>8.04</span>", "<span data-toggle='tooltip' data-placement='right' title='原始值：7.876485'>7.88</span>", "<span data-toggle='tooltip' data-placement='right' title='原始值：252.0127'>252.0</span>", "<span data-toggle='tooltip' data-placement='right' title='原始值：42.14812'>42.1</span>", "<span data-toggle='tooltip' data-placement='right' title='原始值：1.83'>1.83</span>", "<span data-toggle='tooltip' data-placement='right' title='原始值：0.016'>0.016</span>", "<span data-toggle='tooltip' data-placement='right' title='原始值：0.098'>0.098</span>", "<span data-toggle='tooltip' data-placement='right' title='原始值：2.062'>2.06</span>", "<span data-toggle='tooltip' data-placement='right' title='原始值：0.0030313'>0.003</span>", "<span data-toggle='tooltip' data-placement='right' title='原始值：296.042'>296</span>", "正常"], ["湖南省", "长江流域", "<span data-toggle='tooltip' data-placement='right' title='所在地市:岳阳市&#10;所属河流:长江'>城陵矶</span>", "10-21 08:00", "Ⅱ", "<span data-toggle='tooltip' data-placement='right' title='原始值：18.53'>18.5</span>", "<span data-toggle='tooltip' data-placement='right' title='原始值：7.926616'>7.93</span>", "<span data-toggle='tooltip' data-placement='right' title='原始值：9.129989'>9.13</span>", "<span data-toggle='tooltip' data-placement='right' title='原始值：248.608'>248.6</span>", "<span data-toggle='tooltip' data-placement='right' title='原始值：50.30093'>50.3</span>", "<span data-toggle='tooltip' data-placement='right' title='原始值：2.32'>2.32</span>", "<span data-toggle='tooltip' data-placement='right' title='原始值：0.004'>0.004</span>", "<span data-toggle='tooltip' data-placement='right' title='原始值：0.087'>0.087</span>", "<span data-toggle='tooltip' data-placement='right' title='原始值：1.454'>1.45</span>", "*", "*", "正常"], ["广东省", "珠江流域", "<span data-toggle='tooltip' data-placement='right' title='所在地市:清远市&#10;所属河流:北江'>七星岗</span>", "10-21 08:00", "Ⅱ", "<span data-toggle='tooltip' data-placement='right' title='原始值：25.74885'>25.7</span>", "<span data-toggle='tooltip' data-placement='right' title='原始值：7.56518'>7.57</span>", "<span data-toggle='tooltip' data-placement='right' title='原始值：7.81302'>7.81</span>", "<span data-toggle='tooltip' data-placement='right' title='原始值：241.3332'>241.3</span>", "<span data-toggle='tooltip' data-placement='right' title='原始值：10.29467'>10.3</span>", "<span data-toggle='tooltip' data-placement='right' title='原始值：1.03'>1.03</span>", "<span data-toggle='tooltip' data-placement='right' title='原始值：0.13115'>0.131</span>", "<span data-toggle='tooltip' data-placement='right' title='原始值：0.03675'>0.037</span>", "<span data-toggle='tooltip' data-placement='right' title='原始值：2.1933'>2.19</span>", "*", "*", "正常"], ["广东省", "珠江流域", "<span data-toggle='tooltip' data-placement='right' title='所在地市:中山市&#10;所属河流:西江'>横栏</span>", "10-21 08:00", "Ⅰ", "<span data-toggle='tooltip' data-placement='right' title='原始值：23.6'>23.6</span>", "<span data-toggle='tooltip' data-placement='right' title='原始值：7.81'>7.81</span>", "<span data-toggle='tooltip' data-placement='right' title='原始值：7.94'>7.94</span>", "<span data-toggle='tooltip' data-placement='right' title='原始值：275'>275.0</span>", "<span data-toggle='tooltip' data-placement='right' title='原始值：7.3'>7.3</span>", "<span data-toggle='tooltip' data-placement='right' title='原始值：1.93'>1.93</span>", "<span data-toggle='tooltip' data-placement='right' title='原始值：0.10781'>0.108</span>", "*", "*", "*", "*", "正常"], ["广西壮族自治区", "珠江流域", "<span data-toggle='tooltip' data-placement='right' title='所在地市:南宁市&#10;所属河流:邕江'>老口</span>", null, "", "--", "--", "--", "--", "--", "--", "--", "--", "--", "*", "*", "维护"], ["广西壮族自治区", "珠江流域", "<span data-toggle='tooltip' data-placement='right' title='所在地市:桂林市&#10;所属河流:漓江'>阳朔</span>", null, "", "--", "--", "--", "--", "--", "--", "--", "--", "--", "*", "*", "停站"], ["广西壮族自治区", "珠江流域", "<span data-toggle='tooltip' data-placement='right' title='所在地市:梧州市&#10;所属河流:浔江'>界首</span>", null, "", "--", "--", "--", "--", "--", "--", "--", "--", "--", "*", "*", "停站"], ["广西壮族自治区", "珠江流域", "<span data-toggle='tooltip' data-placement='right' title='所在地市:贵港市&#10;所属河流:浔江'>石嘴</span>", "10-21 08:00", "Ⅱ", "<span data-toggle='tooltip' data-placement='right' title='原始值：25.28591'>25.3</span>", "<span data-toggle='tooltip' data-placement='right' title='原始值：7.9497'>7.95</span>", "<span data-toggle='tooltip' data-placement='right' title='原始值：8.4832'>8.48</span>", "<span data-toggle='tooltip' data-placement='right' title='原始值：297.0114'>297.0</span>", "<span data-toggle='tooltip' data-placement='right' title='原始值：59.42912'>59.4</span>", "<span data-toggle='tooltip' data-placement='right' title='原始值：1.18'>1.18</span>", "<span data-toggle='tooltip' data-placement='right' title='原始值：0.14'>0.140</span>", "<span data-toggle='tooltip' data-placement='right' title='原始值：0.02778'>0.028</span>", "<span data-toggle='tooltip' data-placement='right' title='原始值：1.0863'>1.09</span>", "*", "*", "正常"], ["广西壮族自治区", "珠江流域", "<span data-toggle='tooltip' data-placement='right' title='所在地市:崇左市&#10;所属河流:平而河'>平而关</span>", "10-21 08:00", "Ⅰ", "<span data-toggle='tooltip' data-placement='right' title='原始值：22.9225'>22.9</span>", "<span data-toggle='tooltip' data-placement='right' title='原始值：7.68298'>7.68</span>", "<span data-toggle='tooltip' data-placement='right' title='原始值：7.66336'>7.66</span>", "<span data-toggle='tooltip' data-placement='right' title='原始值：191.5328'>191.5</span>", "<span data-toggle='tooltip' data-placement='right' title='原始值：68.79566'>68.8</span>", "<span data-toggle='tooltip' data-placement='right' title='原始值：1.34878'>1.35</span>", "<span data-toggle='tooltip' data-placement='right' title='原始值：0.01'>0.010</span>", "*", "*", "*", "*", "正常"], ["重庆市", "长江流域", "<span data-toggle='tooltip' data-placement='right' title='所在地市:永川区&#10;所属河流:长江'>朱沱</span>", null, "", "--", "--", "--", "--", "--", "--", "--", "--", "--", "*", "*", "停站"], ["四川省", "长江流域", "<span data-toggle='tooltip' data-placement='right' title='所在地市:攀枝花市&#10;所属河流:金沙江'>龙洞</span>", "10-21 08:00", "Ⅰ", "<span data-toggle='tooltip' data-placement='right' title='原始值：19.09'>19.1</span>", "<span data-toggle='tooltip' data-placement='right' title='原始值：8.311566'>8.31</span>", "<span data-toggle='tooltip' data-placement='right' title='原始值：9.034046'>9.03</span>", "<span data-toggle='tooltip' data-placement='right' title='原始值：844.339'>844.3</span>", "<span data-toggle='tooltip' data-placement='right' title='原始值：9.721583'>9.7</span>", "<span data-toggle='tooltip' data-placement='right' title='原始值：1.3'>1.30</span>", "<span data-toggle='tooltip' data-placement='right' title='原始值：0.004'>0.004</span>", "<span data-toggle='tooltip' data-placement='right' title='原始值：0.0093178'>0.009</span>", "<span data-toggle='tooltip' data-placement='right' title='原始值：0.580133'>0.58</span>", "*", "*", "正常"], ["四川省", "长江流域", "<span data-toggle='tooltip' data-placement='right' title='所在地市:泸州市&#10;所属河流:沱江'>沱江大桥(沱江二桥)</span>", "10-21 08:00", "Ⅱ", "<span data-toggle='tooltip' data-placement='right' title='原始值：18.87'>18.9</span>", "<span data-toggle='tooltip' data-placement='right' title='原始值：8.197386'>8.20</span>", "<span data-toggle='tooltip' data-placement='right' title='原始值：9.299726'>9.30</span>", "<span data-toggle='tooltip' data-placement='right' title='原始值：460.9158'>460.9</span>", "<span data-toggle='tooltip' data-placement='right' title='原始值：61.38813'>61.4</span>", "<span data-toggle='tooltip' data-placement='right' title='原始值：2.94'>2.94</span>", "<span data-toggle='tooltip' data-placement='right' title='原始值：0.004'>0.004</span>", "<span data-toggle='tooltip' data-placement='right' title='原始值：0.0971246'>0.097</span>", "<span data-toggle='tooltip' data-placement='right' title='原始值：3.075018'>3.08</span>", "*", "*", "正常"], ["四川省", "长江流域", "<span data-toggle='tooltip' data-placement='right' title='所在地市:广元市&#10;所属河流:嘉陵江'>清风峡</span>", null, "", "--", "--", "--", "--", "--", "--", "--", "--", "--", "*", "*", "停站"], ["四川省", "长江流域", "<span data-toggle='tooltip' data-placement='right' title='所在地市:乐山市&#10;所属河流:岷江'>岷江大桥</span>", null, "", "--", "--", "--", "--", "--", "--", "--", "--", "--", "*", "*", "停站"], ["四川省", "长江流域", "<span data-toggle='tooltip' data-placement='right' title='所在地市:宜宾市&#10;所属河流:岷江'>凉姜沟</span>", "10-21 08:00", "Ⅱ", "<span data-toggle='tooltip' data-placement='right' title='原始值：17.23'>17.2</span>", "<span data-toggle='tooltip' data-placement='right' title='原始值：8.004131'>8.00</span>", "<span data-toggle='tooltip' data-placement='right' title='原始值：9.617543'>9.62</span>", "<span data-toggle='tooltip' data-placement='right' title='原始值：277.751'>277.8</span>", "<span data-toggle='tooltip' data-placement='right' title='原始值：35.18565'>35.2</span>", "<span data-toggle='tooltip' data-placement='right' title='原始值：1.62'>1.62</span>", "<span data-toggle='tooltip' data-placement='right' title='原始值：0.08'>0.080</span>", "<span data-toggle='tooltip' data-placement='right' title='原始值：0.0598697'>0.060</span>", "<span data-toggle='tooltip' data-placement='right' title='原始值：1.817738'>1.82</span>", "*", "*", "正常"], ["云南省", "滇池流域", "<span data-toggle='tooltip' data-placement='right' title='所在地市:昆明市&#10;所属河流:滇池'>西苑隧道</span>", "10-21 08:00", "Ⅳ", "<span data-toggle='tooltip' data-placement='right' title='原始值：15.77'>15.8</span>", "<span data-toggle='tooltip' data-placement='right' title='原始值：7.67058'>7.67</span>", "<span data-toggle='tooltip' data-placement='right' title='原始值：4.942'>4.94</span>", "<span data-toggle='tooltip' data-placement='right' title='原始值：646.275'>646.3</span>", "<span data-toggle='tooltip' data-placement='right' title='原始值：38.501'>38.5</span>", "<span data-toggle='tooltip' data-placement='right' title='原始值：4.67'>4.67</span>", "<span data-toggle='tooltip' data-placement='right' title='原始值：0.10593'>0.106</span>", "<span data-toggle='tooltip' data-placement='right' title='原始值：0.03757'>0.038</span>", "<span data-toggle='tooltip' data-placement='right' title='原始值：2.27385'>2.27</span>", "<span data-toggle='tooltip' data-placement='right' title='原始值：0.00199'>0.002</span>", "<span data-toggle='tooltip' data-placement='right' title='原始值：3970664'>3970664</span>", "正常"], ["云南省", "滇池流域", "<span data-toggle='tooltip' data-placement='right' title='所在地市:昆明市&#10;所属河流:滇池'>观音山</span>", "10-21 08:00", "劣Ⅴ", "<span data-toggle='tooltip' data-placement='right' title='原始值：17.1166'>17.1</span>", "<span data-toggle='tooltip' data-placement='right' title='原始值：9.72843'>9.73</span>", "<span data-toggle='tooltip' data-placement='right' title='原始值：8.18711'>8.19</span>", "<span data-toggle='tooltip' data-placement='right' title='原始值：389.1597'>389.2</span>", "<span data-toggle='tooltip' data-placement='right' title='原始值：70.16753'>70.2</span>", "<span data-toggle='tooltip' data-placement='right' title='原始值：9.16538'>9.17</span>", "<span data-toggle='tooltip' data-placement='right' title='原始值：0.62'>0.620</span>", "<span data-toggle='tooltip' data-placement='right' title='原始值：0.1677'>0.168</span>", "<span data-toggle='tooltip' data-placement='right' title='原始值：1.586'>1.59</span>", "<span data-toggle='tooltip' data-placement='right' title='原始值：0.00723'>0.007</span>", "<span data-toggle='tooltip' data-placement='right' title='原始值：1.227874E+08'>122787400</span>", "正常"], ["云南省", "西南诸河", "<span data-toggle='tooltip' data-placement='right' title='所在地市:红河哈尼族彝族自治州&#10;所属河流:红河'>河口县医院(河口)</span>", "10-21 08:00", "Ⅱ", "<span data-toggle='tooltip' data-placement='right' title='原始值：21.66838'>21.7</span>", "<span data-toggle='tooltip' data-placement='right' title='原始值：6.65772'>6.66</span>", "<span data-toggle='tooltip' data-placement='right' title='原始值：8.28123'>8.28</span>", "<span data-toggle='tooltip' data-placement='right' title='原始值：308.1924'>308.2</span>", "<span data-toggle='tooltip' data-placement='right' title='原始值：48.23498'>48.2</span>", "<span data-toggle='tooltip' data-placement='right' title='原始值：1.98632'>1.99</span>", "<span data-toggle='tooltip' data-placement='right' title='原始值：0.17722'>0.177</span>", "<span data-toggle='tooltip' data-placement='right' title='原始值：0.06899'>0.069</span>", "<span data-toggle='tooltip' data-placement='right' title='原始值：1.51021'>1.51</span>", "*", "*", "正常"], ["云南省", "西南诸河", "<span data-toggle='tooltip' data-placement='right' title='所在地市:西双版纳傣族自治州&#10;所属河流:澜沧江'>橄榄坝</span>", "10-21 08:00", "Ⅱ", "<span data-toggle='tooltip' data-placement='right' title='原始值：19.46702'>19.5</span>", "<span data-toggle='tooltip' data-placement='right' title='原始值：7.70954'>7.71</span>", "<span data-toggle='tooltip' data-placement='right' title='原始值：6.18296'>6.18</span>", "<span data-toggle='tooltip' data-placement='right' title='原始值：482.1692'>482.2</span>", "<span data-toggle='tooltip' data-placement='right' title='原始值：15.96708'>16.0</span>", "<span data-toggle='tooltip' data-placement='right' title='原始值：0.89'>0.89</span>", "<span data-toggle='tooltip' data-placement='right' title='原始值：0.06746'>0.067</span>", "*", "*", "*", "*", "正常"], ["陕西省", "黄河流域", "<span data-toggle='tooltip' data-placement='right' title='所在地市:渭南市&#10;所属河流:渭河'>潼关吊桥</span>", null, "", "--", "--", "--", "--", "--", "--", "--", "--", "--", "*", "*", "停站"], ["甘肃省", "黄河流域", "<span data-toggle='tooltip' data-placement='right' title='所在地市:兰州市&#10;所属河流:黄河'>新城桥</span>", null, "", "--", "--", "--", "--", "--", "--", "--", "--", "--", "*", "*", "停站"], ["宁夏回族自治区", "黄河流域", "<span data-toggle='tooltip' data-placement='right' title='所在地市:中卫市&#10;所属河流:黄河'>中卫下河沿(新墩)</span>", "10-21 08:00", "Ⅱ", "<span data-toggle='tooltip' data-placement='right' title='原始值：15.18385'>15.2</span>", "<span data-toggle='tooltip' data-placement='right' title='原始值：7.45687'>7.46</span>", "<span data-toggle='tooltip' data-placement='right' title='原始值：8.57697'>8.58</span>", "<span data-toggle='tooltip' data-placement='right' title='原始值：564.2305'>564.2</span>", "<span data-toggle='tooltip' data-placement='right' title='原始值：37.17646'>37.2</span>", "<span data-toggle='tooltip' data-placement='right' title='原始值：1.22'>1.22</span>", "<span data-toggle='tooltip' data-placement='right' title='原始值：0.06'>0.060</span>", "<span data-toggle='tooltip' data-placement='right' title='原始值：0.0423'>0.042</span>", "<span data-toggle='tooltip' data-placement='right' title='原始值：1.5969'>1.60</span>", "*", "*", "正常"]]}