{"result": 1, "total": 1, "records": 98, "thead": ["省份", "流域", "断面名称", "监测时间", "水质类别", "水温<br/><span class='unit'>(℃)</span>", "pH<br/><span class='unit'>(无量纲)</span>", "溶解氧<br/><span class='unit'>(mg/L)</span>", "电导率<br/><span class='unit'>(μS/cm)</span>", "浊度<br/><span class='unit'>(NTU)</span>", "高锰酸盐指数<br/><span class='unit'>(mg/L)</span>", "氨氮<br/><span class='unit'>(mg/L)</span>", "总磷<br/><span class='unit'>(mg/L)</span>", "总氮<br/><span class='unit'>(mg/L)</span>", "叶绿素α<br/><span class='unit'>(mg/L)</span>", "藻密度<br/><span class='unit'>(cells/L)</span>", "站点情况"], "tbody": [["北京市", "海河流域", "<span data-toggle='tooltip' data-placement='right' title='所在地市:门头沟区&#10;所属河流:永定河'>沿河城</span>", "10-24 08:00", "Ⅳ", "<span data-toggle='tooltip' data-placement='right' title='原始值：12.64422'>12.6</span>", "<span data-toggle='tooltip' data-placement='right' title='原始值：8.37062'>8.37</span>", "<span data-toggle='tooltip' data-placement='right' title='原始值：9.75672'>9.76</span>", "<span data-toggle='tooltip' data-placement='right' title='原始值：1559.645'>1559.6</span>", "<span data-toggle='tooltip' data-placement='right' title='原始值：25.74049'>25.7</span>", "<span data-toggle='tooltip' data-placement='right' title='原始值：6.65'>6.65</span>", "<span data-toggle='tooltip' data-placement='right' title='原始值：0.3'>0.300</span>", "<span data-toggle='tooltip' data-placement='right' title='原始值：0.04688'>0.047</span>", "<span data-toggle='tooltip' data-placement='right' title='原始值：0.80665'>0.81</span>", "*", "*", "正常"], ["北京市", "海河流域", "<span data-toggle='tooltip' data-placement='right' title='所在地市:密云区&#10;所属河流:潮河'>古北口</span>", "10-24 08:00", "Ⅱ", "<span data-toggle='tooltip' data-placement='right' title='原始值：8.97576'>9.0</span>", "<span data-toggle='tooltip' data-placement='right' title='原始值：7.96024'>7.96</span>", "<span data-toggle='tooltip' data-placement='right' title='原始值：11.07739'>11.08</span>", "<span data-toggle='tooltip' data-placement='right' title='原始值：733.2297'>733.2</span>", "<span data-toggle='tooltip' data-placement='right' title='原始值：1.62968'>1.6</span>", "<span data-toggle='tooltip' data-placement='right' title='原始值：0.9525'>0.95</span>", "<span data-toggle='tooltip' data-placement='right' title='原始值：0.16'>0.160</span>", "<span data-toggle='tooltip' data-placement='right' title='原始值：0.0031'>0.003</span>", "<span data-toggle='tooltip' data-placement='right' title='原始值：8.4421'>8.44</span>", "*", "*", "正常"], ["天津市", "海河流域", "<span data-toggle='tooltip' data-placement='right' title='所在地市:河北区&#10;所属河流:海河'>三岔口</span>", "10-24 08:00", "Ⅱ", "<span data-toggle='tooltip' data-placement='right' title='原始值：16.0334'>16.0</span>", "<span data-toggle='tooltip' data-placement='right' title='原始值：7.7492'>7.75</span>", "<span data-toggle='tooltip' data-placement='right' title='原始值：8.224'>8.22</span>", "<span data-toggle='tooltip' data-placement='right' title='原始值：422.3281'>422.3</span>", "<span data-toggle='tooltip' data-placement='right' title='原始值：14.768'>14.8</span>", "<span data-toggle='tooltip' data-placement='right' title='原始值：1.28'>1.28</span>", "<span data-toggle='tooltip' data-placement='right' title='原始值：0.24'>0.240</span>", "<span data-toggle='tooltip' data-placement='right' title='原始值：0.0092'>0.009</span>", "<span data-toggle='tooltip' data-placement='right' title='原始值：1.363'>1.36</span>", "*", "*", "正常"], ["天津市", "海河流域", "<span data-toggle='tooltip' data-placement='right' title='所在地市:蓟州区&#10;所属河流:果河'>果河桥</span>", "10-24 08:00", "Ⅱ", "<span data-toggle='tooltip' data-placement='right' title='原始值：13.9'>13.9</span>", "<span data-toggle='tooltip' data-placement='right' title='原始值：8.32'>8.32</span>", "<span data-toggle='tooltip' data-placement='right' title='原始值：8.999'>9.00</span>", "<span data-toggle='tooltip' data-placement='right' title='原始值：583.171'>583.2</span>", "<span data-toggle='tooltip' data-placement='right' title='原始值：8.2'>8.2</span>", "<span data-toggle='tooltip' data-placement='right' title='原始值：2.3'>2.30</span>", "<span data-toggle='tooltip' data-placement='right' title='原始值：0.29'>0.290</span>", "<span data-toggle='tooltip' data-placement='right' title='原始值：0.0591'>0.059</span>", "<span data-toggle='tooltip' data-placement='right' title='原始值：3.8757'>3.88</span>", "*", "*", "正常"], ["河北省", "海河流域", "<span data-toggle='tooltip' data-placement='right' title='所在地市:石家庄市&#10;所属河流:滹沱河'>岗南水库</span>", "10-24 08:00", "Ⅲ", "<span data-toggle='tooltip' data-placement='right' title='原始值：18.50311'>18.5</span>", "<span data-toggle='tooltip' data-placement='right' title='原始值：8.45296'>8.45</span>", "<span data-toggle='tooltip' data-placement='right' title='原始值：8.62225'>8.62</span>", "<span data-toggle='tooltip' data-placement='right' title='原始值：578.7528'>578.8</span>", "<span data-toggle='tooltip' data-placement='right' title='原始值：2.56193'>2.6</span>", "<span data-toggle='tooltip' data-placement='right' title='原始值：1.86995'>1.87</span>", "<span data-toggle='tooltip' data-placement='right' title='原始值：0.08'>0.080</span>", "<span data-toggle='tooltip' data-placement='right' title='原始值：0.03619'>0.036</span>", "<span data-toggle='tooltip' data-placement='right' title='原始值：2.56982'>2.57</span>", "*", "*", "正常"], ["河北省", "海河流域", "<span data-toggle='tooltip' data-placement='right' title='所在地市:张家口市&#10;所属河流:永定河'>八号桥</span>", "10-24 08:00", "Ⅲ", "<span data-toggle='tooltip' data-placement='right' title='原始值：8.51459'>8.5</span>", "<span data-toggle='tooltip' data-placement='right' title='原始值：8.59706'>8.60</span>", "<span data-toggle='tooltip' data-placement='right' title='原始值：10.5399'>10.54</span>", "<span data-toggle='tooltip' data-placement='right' title='原始值：1105.892'>1105.9</span>", "<span data-toggle='tooltip' data-placement='right' title='原始值：76.94043'>76.9</span>", "<span data-toggle='tooltip' data-placement='right' title='原始值：4.16'>4.16</span>", "<span data-toggle='tooltip' data-placement='right' title='原始值：0.1'>0.100</span>", "<span data-toggle='tooltip' data-placement='right' title='原始值：0.124'>0.124</span>", "<span data-toggle='tooltip' data-placement='right' title='原始值：4.50486'>4.50</span>", "*", "*", "正常"], ["山西省", "黄河流域", "<span data-toggle='tooltip' data-placement='right' title='所在地市:运城市&#10;所属河流:汾河'>河津大桥</span>", "10-24 08:00", "Ⅳ", "<span data-toggle='tooltip' data-placement='right' title='原始值：16.69526'>16.7</span>", "<span data-toggle='tooltip' data-placement='right' title='原始值：8.2419'>8.24</span>", "<span data-toggle='tooltip' data-placement='right' title='原始值：11.29095'>11.29</span>", "<span data-toggle='tooltip' data-placement='right' title='原始值：1769.033'>1769.0</span>", "<span data-toggle='tooltip' data-placement='right' title='原始值：145.7504'>145.8</span>", "<span data-toggle='tooltip' data-placement='right' title='原始值：7.75'>7.75</span>", "<span data-toggle='tooltip' data-placement='right' title='原始值：0.22'>0.220</span>", "*", "*", "*", "*", "正常"], ["山西省", "黄河流域", "<span data-toggle='tooltip' data-placement='right' title='所在地市:忻州市&#10;所属河流:黄河'>万家寨水库</span>", "10-24 08:00", "Ⅲ", "<span data-toggle='tooltip' data-placement='right' title='原始值：11.44499'>11.4</span>", "<span data-toggle='tooltip' data-placement='right' title='原始值：8.18171'>8.18</span>", "<span data-toggle='tooltip' data-placement='right' title='原始值：10.19195'>10.19</span>", "<span data-toggle='tooltip' data-placement='right' title='原始值：629.0756'>629.1</span>", "<span data-toggle='tooltip' data-placement='right' title='原始值：27.02633'>27.0</span>", "<span data-toggle='tooltip' data-placement='right' title='原始值：4.53'>4.53</span>", "<span data-toggle='tooltip' data-placement='right' title='原始值：0.4'>0.400</span>", "<span data-toggle='tooltip' data-placement='right' title='原始值：0.06054'>0.061</span>", "<span data-toggle='tooltip' data-placement='right' title='原始值：2.275'>2.28</span>", "*", "*", "正常"], ["内蒙古自治区", "黄河流域", "<span data-toggle='tooltip' data-placement='right' title='所在地市:包头市&#10;所属河流:黄河'>画匠营子</span>", "10-24 08:00", "Ⅰ", "<span data-toggle='tooltip' data-placement='right' title='原始值：11.97757'>12.0</span>", "<span data-toggle='tooltip' data-placement='right' title='原始值：8.22702'>8.23</span>", "<span data-toggle='tooltip' data-placement='right' title='原始值：9.15537'>9.16</span>", "<span data-toggle='tooltip' data-placement='right' title='原始值：694.2741'>694.3</span>", "<span data-toggle='tooltip' data-placement='right' title='原始值：1638.435'>1638.4</span>", "<span data-toggle='tooltip' data-placement='right' title='原始值：1.49386'>1.49</span>", "<span data-toggle='tooltip' data-placement='right' title='原始值：0.05967'>0.060</span>", "*", "*", "*", "*", "正常"], ["内蒙古自治区", "黄河流域", "<span data-toggle='tooltip' data-placement='right' title='所在地市:乌海市&#10;所属河流:黄河'>海勃湾</span>", "10-24 08:00", "Ⅱ", "<span data-toggle='tooltip' data-placement='right' title='原始值：12.73148'>12.7</span>", "<span data-toggle='tooltip' data-placement='right' title='原始值：8.54989'>8.55</span>", "<span data-toggle='tooltip' data-placement='right' title='原始值：8.64334'>8.64</span>", "<span data-toggle='tooltip' data-placement='right' title='原始值：529.4858'>529.5</span>", "<span data-toggle='tooltip' data-placement='right' title='原始值：101.3016'>101.3</span>", "<span data-toggle='tooltip' data-placement='right' title='原始值：2.61'>2.61</span>", "<span data-toggle='tooltip' data-placement='right' title='原始值：0.09'>0.090</span>", "*", "*", "*", "*", "正常"], ["内蒙古自治区", "松花江流域", "<span data-toggle='tooltip' data-placement='right' title='所在地市:呼伦贝尔市&#10;所属河流:额尔古纳河'>黑山头</span>", null, "", "--", "--", "--", "--", "--", "--", "--", "--", "--", "*", "*", "停站"], ["辽宁省", "辽河流域", "<span data-toggle='tooltip' data-placement='right' title='所在地市:抚顺市&#10;所属河流:浑河'>大伙房水库</span>", "10-24 08:00", "", "<span data-toggle='tooltip' data-placement='right' title='原始值：16.80363'>16.8</span>", "<span data-toggle='tooltip' data-placement='right' title='原始值：7.09291'>7.09</span>", "<span data-toggle='tooltip' data-placement='right' title='原始值：9.95893'>9.96</span>", "<span data-toggle='tooltip' data-placement='right' title='原始值：302.04'>302.0</span>", "<span data-toggle='tooltip' data-placement='right' title='原始值：4.65092'>4.7</span>", "<span data-toggle='tooltip' data-placement='right' title='原始值：3.60234'>3.60</span>", "<span data-toggle='tooltip' data-placement='right' title='原始值：0.79'>0.790</span>", "<span data-toggle='tooltip' data-placement='right' title='极值过滤'>--</span>", "<span data-toggle='tooltip' data-placement='right' title='原始值：2.14349'>2.14</span>", "<span data-toggle='tooltip' data-placement='right' title='原始值：0.00139'>0.001</span>", "*", "维护"], ["辽宁省", "辽河流域", "<span data-toggle='tooltip' data-placement='right' title='所在地市:丹东市&#10;所属河流:鸭绿江'>江桥</span>", "10-24 08:00", "Ⅱ", "<span data-toggle='tooltip' data-placement='right' title='原始值：15.2'>15.2</span>", "<span data-toggle='tooltip' data-placement='right' title='原始值：6.87'>6.87</span>", "<span data-toggle='tooltip' data-placement='right' title='原始值：8.32754'>8.33</span>", "<span data-toggle='tooltip' data-placement='right' title='原始值：142'>142.0</span>", "<span data-toggle='tooltip' data-placement='right' title='原始值：156.0001'>156.0</span>", "<span data-toggle='tooltip' data-placement='right' title='原始值：0.96'>0.96</span>", "<span data-toggle='tooltip' data-placement='right' title='原始值：0.03881'>0.039</span>", "<span data-toggle='tooltip' data-placement='right' title='原始值：0.02181'>0.022</span>", "<span data-toggle='tooltip' data-placement='right' title='原始值：1.8655'>1.87</span>", "*", "*", "正常"], ["辽宁省", "辽河流域", "<span data-toggle='tooltip' data-placement='right' title='所在地市:营口市&#10;所属河流:大辽河'>辽河公园</span>", "10-24 08:00", "Ⅳ", "<span data-toggle='tooltip' data-placement='right' title='原始值：16.87547'>16.9</span>", "<span data-toggle='tooltip' data-placement='right' title='原始值：7.73333'>7.73</span>", "<span data-toggle='tooltip' data-placement='right' title='原始值：7.36537'>7.37</span>", "<span data-toggle='tooltip' data-placement='right' title='原始值：1420.094'>1420.1</span>", "<span data-toggle='tooltip' data-placement='right' title='原始值：203.4851'>203.5</span>", "<span data-toggle='tooltip' data-placement='right' title='原始值：9.28112'>9.28</span>", "<span data-toggle='tooltip' data-placement='right' title='原始值：0.07908'>0.079</span>", "<span data-toggle='tooltip' data-placement='right' title='原始值：0.25148'>0.251</span>", "<span data-toggle='tooltip' data-placement='right' title='原始值：4.0868'>4.09</span>", "*", "*", "正常"], ["辽宁省", "辽河流域", "<span data-toggle='tooltip' data-placement='right' title='所在地市:辽阳市&#10;所属河流:太子河'>汤河水库</span>", null, "", "--", "--", "--", "--", "--", "--", "--", "--", "--", "*", "*", "停站"], ["辽宁省", "辽河流域", "<span data-toggle='tooltip' data-placement='right' title='所在地市:盘锦市&#10;所属河流:辽河'>盘锦兴安(兴安)</span>", null, "", "--", "--", "--", "--", "--", "--", "--", "--", "--", "*", "*", "停站"], ["辽宁省", "辽河流域", "<span data-toggle='tooltip' data-placement='right' title='所在地市:铁岭市&#10;所属河流:辽河'>珠尔山</span>", "10-24 08:00", "Ⅲ", "<span data-toggle='tooltip' data-placement='right' title='原始值：8.13025'>8.1</span>", "<span data-toggle='tooltip' data-placement='right' title='原始值：7.86893'>7.87</span>", "<span data-toggle='tooltip' data-placement='right' title='原始值：11.48285'>11.48</span>", "<span data-toggle='tooltip' data-placement='right' title='原始值：568.3577'>568.4</span>", "<span data-toggle='tooltip' data-placement='right' title='原始值：25.25277'>25.3</span>", "<span data-toggle='tooltip' data-placement='right' title='原始值：3.48696'>3.49</span>", "<span data-toggle='tooltip' data-placement='right' title='原始值：0.16'>0.160</span>", "<span data-toggle='tooltip' data-placement='right' title='原始值：0.13025'>0.130</span>", "<span data-toggle='tooltip' data-placement='right' title='原始值：4.46644'>4.47</span>", "*", "*", "正常"], ["吉林省", "松花江流域", "<span data-toggle='tooltip' data-placement='right' title='所在地市:长春市&#10;所属河流:松花江'>松花江村</span>", null, "", "--", "--", "--", "--", "--", "--", "--", "--", "--", "*", "*", "停站"], ["吉林省", "松花江流域", "<span data-toggle='tooltip' data-placement='right' title='所在地市:白城市&#10;所属河流:嫩江'>白沙滩</span>", null, "", "--", "--", "--", "--", "--", "--", "--", "--", "--", "*", "*", "停站"], ["吉林省", "松花江流域", "<span data-toggle='tooltip' data-placement='right' title='所在地市:延边朝鲜族自治州&#10;所属河流:图们江'>圈河</span>", "10-24 08:00", "Ⅲ", "<span data-toggle='tooltip' data-placement='right' title='原始值：11.69375'>11.7</span>", "<span data-toggle='tooltip' data-placement='right' title='原始值：7.58'>7.58</span>", "<span data-toggle='tooltip' data-placement='right' title='原始值：9.52'>9.52</span>", "<span data-toggle='tooltip' data-placement='right' title='原始值：188'>188.0</span>", "<span data-toggle='tooltip' data-placement='right' title='原始值：62'>62.0</span>", "<span data-toggle='tooltip' data-placement='right' title='原始值：5.43'>5.43</span>", "<span data-toggle='tooltip' data-placement='right' title='原始值：0.11622'>0.116</span>", "<span data-toggle='tooltip' data-placement='right' title='原始值：0.0523'>0.052</span>", "<span data-toggle='tooltip' data-placement='right' title='原始值：1.13497'>1.13</span>", "*", "*", "正常"], ["黑龙江省", "松花江流域", "<span data-toggle='tooltip' data-placement='right' title='所在地市:大庆市&#10;所属河流:松花江'>肇源</span>", null, "", "--", "--", "--", "--", "--", "--", "--", "--", "--", "*", "*", "停站"], ["黑龙江省", "松花江流域", "<span data-toggle='tooltip' data-placement='right' title='所在地市:佳木斯市&#10;所属河流:乌苏里江'>乌苏镇</span>", null, "", "--", "--", "--", "--", "--", "--", "--", "--", "--", "*", "*", "停站"], ["黑龙江省", "松花江流域", "<span data-toggle='tooltip' data-placement='right' title='所在地市:佳木斯市&#10;所属河流:松花江'>同江</span>", "10-24 08:00", "Ⅳ", "<span data-toggle='tooltip' data-placement='right' title='原始值：8.4184'>8.4</span>", "<span data-toggle='tooltip' data-placement='right' title='原始值：7.75001'>7.75</span>", "<span data-toggle='tooltip' data-placement='right' title='原始值：11.81252'>11.81</span>", "<span data-toggle='tooltip' data-placement='right' title='原始值：203.1253'>203.1</span>", "<span data-toggle='tooltip' data-placement='right' title='原始值：94.50211'>94.5</span>", "<span data-toggle='tooltip' data-placement='right' title='原始值：7.57153'>7.57</span>", "<span data-toggle='tooltip' data-placement='right' title='原始值：0.24582'>0.246</span>", "<span data-toggle='tooltip' data-placement='right' title='原始值：0.10596'>0.106</span>", "<span data-toggle='tooltip' data-placement='right' title='原始值：2.11527'>2.12</span>", "*", "*", "正常"], ["黑龙江省", "松花江流域", "<span data-toggle='tooltip' data-placement='right' title='所在地市:黑河市&#10;所属河流:黑龙江'>黑河下(黑河)</span>", null, "", "--", "--", "--", "--", "--", "--", "--", "--", "--", "*", "*", "停站"], ["上海市", "长江流域", "<span data-toggle='tooltip' data-placement='right' title='所在地市:青浦区&#10;所属河流:淀山湖'>急水港桥</span>", null, "", "--", "--", "--", "--", "--", "--", "--", "--", "--", "--", "--", "停站"], ["江苏省", "长江流域", "<span data-toggle='tooltip' data-placement='right' title='所在地市:南京市&#10;所属河流:长江'>林山</span>", null, "", "--", "--", "--", "--", "--", "--", "--", "--", "--", "*", "*", "停站"], ["江苏省", "太湖流域", "<span data-toggle='tooltip' data-placement='right' title='所在地市:无锡市&#10;所属河流:太湖'>沙渚</span>", "10-24 08:00", "劣Ⅴ", "<span data-toggle='tooltip' data-placement='right' title='原始值：18.28242'>18.3</span>", "<span data-toggle='tooltip' data-placement='right' title='原始值：8.764071'>8.76</span>", "<span data-toggle='tooltip' data-placement='right' title='原始值：9.067293'>9.07</span>", "<span data-toggle='tooltip' data-placement='right' title='原始值：503.2678'>503.3</span>", "<span data-toggle='tooltip' data-placement='right' title='原始值：62.35873'>62.4</span>", "<span data-toggle='tooltip' data-placement='right' title='原始值：6.06'>6.06</span>", "<span data-toggle='tooltip' data-placement='right' title='原始值：25.5'>25.500</span>", "<span data-toggle='tooltip' data-placement='right' title='原始值：0.0965'>0.096</span>", "<span data-toggle='tooltip' data-placement='right' title='原始值：1.451'>1.45</span>", "<span data-toggle='tooltip' data-placement='right' title='原始值：0.004361'>0.004</span>", "*", "正常"], ["江苏省", "淮河流域", "<span data-toggle='tooltip' data-placement='right' title='所在地市:徐州市&#10;所属河流:武河'>小红圈</span>", "10-24 08:00", "Ⅰ", "<span data-toggle='tooltip' data-placement='right' title='原始值：14.34'>14.3</span>", "<span data-toggle='tooltip' data-placement='right' title='原始值：7.42'>7.42</span>", "<span data-toggle='tooltip' data-placement='right' title='原始值：12.7'>12.70</span>", "<span data-toggle='tooltip' data-placement='right' title='原始值：965.1'>965.1</span>", "<span data-toggle='tooltip' data-placement='right' title='原始值：9.44'>9.4</span>", "<span data-toggle='tooltip' data-placement='right' title='原始值：1.47'>1.47</span>", "<span data-toggle='tooltip' data-placement='right' title='原始值：0.068'>0.068</span>", "*", "*", "*", "*", "正常"], ["江苏省", "淮河流域", "<span data-toggle='tooltip' data-placement='right' title='所在地市:徐州市&#10;所属河流:沿河'>李集桥</span>", "10-24 08:00", "Ⅲ", "<span data-toggle='tooltip' data-placement='right' title='原始值：16.92'>16.9</span>", "<span data-toggle='tooltip' data-placement='right' title='原始值：7.97'>7.97</span>", "<span data-toggle='tooltip' data-placement='right' title='原始值：8.88'>8.88</span>", "<span data-toggle='tooltip' data-placement='right' title='原始值：969'>969.0</span>", "<span data-toggle='tooltip' data-placement='right' title='原始值：20.86'>20.9</span>", "<span data-toggle='tooltip' data-placement='right' title='原始值：4.73'>4.73</span>", "<span data-toggle='tooltip' data-placement='right' title='原始值：0.011'>0.011</span>", "<span data-toggle='tooltip' data-placement='right' title='原始值：0.051'>0.051</span>", "<span data-toggle='tooltip' data-placement='right' title='原始值：0.514'>0.51</span>", "*", "*", "正常"], ["江苏省", "淮河流域", "<span data-toggle='tooltip' data-placement='right' title='所在地市:徐州市&#10;所属河流:邳苍分洪道'>艾山西大桥</span>", "10-24 08:00", "Ⅱ", "<span data-toggle='tooltip' data-placement='right' title='原始值：16.1234'>16.1</span>", "<span data-toggle='tooltip' data-placement='right' title='原始值：8.29457'>8.29</span>", "<span data-toggle='tooltip' data-placement='right' title='原始值：13.2286'>13.23</span>", "<span data-toggle='tooltip' data-placement='right' title='原始值：783.074'>783.1</span>", "<span data-toggle='tooltip' data-placement='right' title='原始值：10.7618'>10.8</span>", "<span data-toggle='tooltip' data-placement='right' title='原始值：2.33'>2.33</span>", "<span data-toggle='tooltip' data-placement='right' title='原始值：0.09'>0.090</span>", "<span data-toggle='tooltip' data-placement='right' title='原始值：0.02739'>0.027</span>", "<span data-toggle='tooltip' data-placement='right' title='原始值：11.74708'>11.75</span>", "*", "*", "正常"], ["江苏省", "太湖流域", "<span data-toggle='tooltip' data-placement='right' title='所在地市:苏州市&#10;所属河流:太湖'>兰山嘴(老)</span>", "10-24 08:00", "Ⅲ", "<span data-toggle='tooltip' data-placement='right' title='原始值：17.74109'>17.7</span>", "<span data-toggle='tooltip' data-placement='right' title='原始值：7.51987'>7.52</span>", "<span data-toggle='tooltip' data-placement='right' title='原始值：7.17871'>7.18</span>", "<span data-toggle='tooltip' data-placement='right' title='原始值：324.6724'>324.7</span>", "<span data-toggle='tooltip' data-placement='right' title='原始值：67.67165'>67.7</span>", "<span data-toggle='tooltip' data-placement='right' title='原始值：4.17'>4.17</span>", "<span data-toggle='tooltip' data-placement='right' title='原始值：0.27'>0.270</span>", "<span data-toggle='tooltip' data-placement='right' title='原始值：0.1116'>0.112</span>", "<span data-toggle='tooltip' data-placement='right' title='原始值：1.74035'>1.74</span>", "<span data-toggle='tooltip' data-placement='right' title='原始值：0.00874'>0.009</span>", "*", "正常"], ["江苏省", "太湖流域", "<span data-toggle='tooltip' data-placement='right' title='所在地市:苏州市&#10;所属河流:太湖'>西山</span>", "10-24 08:00", "", "<span data-toggle='tooltip' data-placement='right' title='原始值：17.78742'>17.8</span>", "<span data-toggle='tooltip' data-placement='right' title='原始值：7.46252'>7.46</span>", "<span data-toggle='tooltip' data-placement='right' title='原始值：8.41559'>8.42</span>", "<span data-toggle='tooltip' data-placement='right' title='原始值：410.2411'>410.2</span>", "<span data-toggle='tooltip' data-placement='right' title='原始值：145.4874'>145.5</span>", "<span data-toggle='tooltip' data-placement='right' title='原始值：3.24'>3.24</span>", "<span data-toggle='tooltip' data-placement='right' title='极值过滤'>--</span>", "<span data-toggle='tooltip' data-placement='right' title='原始值：0.0813'>0.081</span>", "<span data-toggle='tooltip' data-placement='right' title='原始值：0.6827'>0.68</span>", "<span data-toggle='tooltip' data-placement='right' title='原始值：0.00581'>0.006</span>", "*", "维护"], ["江苏省", "淮河流域", "<span data-toggle='tooltip' data-placement='right' title='所在地市:连云港市&#10;所属河流:新沭河'>大兴桥</span>", "10-24 08:00", "Ⅲ", "<span data-toggle='tooltip' data-placement='right' title='原始值：17.7'>17.7</span>", "<span data-toggle='tooltip' data-placement='right' title='原始值：8.7'>8.70</span>", "<span data-toggle='tooltip' data-placement='right' title='原始值：11.62'>11.62</span>", "<span data-toggle='tooltip' data-placement='right' title='原始值：754.1'>754.1</span>", "<span data-toggle='tooltip' data-placement='right' title='原始值：102.09'>102.1</span>", "<span data-toggle='tooltip' data-placement='right' title='原始值：5.19'>5.19</span>", "<span data-toggle='tooltip' data-placement='right' title='原始值：0.073'>0.073</span>", "*", "*", "*", "*", "正常"], ["江苏省", "淮河流域", "<span data-toggle='tooltip' data-placement='right' title='所在地市:淮安市&#10;所属河流:淮河'>淮河大桥</span>", "10-24 08:00", "Ⅲ", "<span data-toggle='tooltip' data-placement='right' title='原始值：18.45457'>18.5</span>", "<span data-toggle='tooltip' data-placement='right' title='原始值：7.98684'>7.99</span>", "<span data-toggle='tooltip' data-placement='right' title='原始值：7.98081'>7.98</span>", "<span data-toggle='tooltip' data-placement='right' title='原始值：448.686'>448.7</span>", "<span data-toggle='tooltip' data-placement='right' title='原始值：42.45175'>42.5</span>", "<span data-toggle='tooltip' data-placement='right' title='原始值：3.8'>3.80</span>", "<span data-toggle='tooltip' data-placement='right' title='原始值：0.17'>0.170</span>", "<span data-toggle='tooltip' data-placement='right' title='原始值：0.1306'>0.131</span>", "<span data-toggle='tooltip' data-placement='right' title='原始值：1.693'>1.69</span>", "*", "*", "正常"], ["江苏省", "长江流域", "<span data-toggle='tooltip' data-placement='right' title='所在地市:扬州市&#10;所属河流:夹江'>三江营</span>", "10-24 08:00", "Ⅱ", "<span data-toggle='tooltip' data-placement='right' title='原始值：19.67'>19.7</span>", "<span data-toggle='tooltip' data-placement='right' title='原始值：7.81'>7.81</span>", "<span data-toggle='tooltip' data-placement='right' title='原始值：7.38'>7.38</span>", "<span data-toggle='tooltip' data-placement='right' title='原始值：324.75'>324.8</span>", "<span data-toggle='tooltip' data-placement='right' title='原始值：35.49'>35.5</span>", "<span data-toggle='tooltip' data-placement='right' title='原始值：1.982'>1.98</span>", "<span data-toggle='tooltip' data-placement='right' title='原始值：0.037'>0.037</span>", "<span data-toggle='tooltip' data-placement='right' title='原始值：0.06'>0.060</span>", "<span data-toggle='tooltip' data-placement='right' title='原始值：1.6'>1.60</span>", "*", "*", "正常"], ["江苏省", "淮河流域", "<span data-toggle='tooltip' data-placement='right' title='所在地市:宿迁市&#10;所属河流:新濉河'>大屈</span>", "10-24 08:00", "Ⅲ", "<span data-toggle='tooltip' data-placement='right' title='原始值：16.9'>16.9</span>", "<span data-toggle='tooltip' data-placement='right' title='原始值：8.41'>8.41</span>", "<span data-toggle='tooltip' data-placement='right' title='原始值：9.99'>9.99</span>", "<span data-toggle='tooltip' data-placement='right' title='原始值：745.4'>745.4</span>", "<span data-toggle='tooltip' data-placement='right' title='原始值：20.98'>21.0</span>", "<span data-toggle='tooltip' data-placement='right' title='原始值：5.21'>5.21</span>", "<span data-toggle='tooltip' data-placement='right' title='原始值：0.07'>0.070</span>", "<span data-toggle='tooltip' data-placement='right' title='原始值：0.052'>0.052</span>", "<span data-toggle='tooltip' data-placement='right' title='原始值：0.931'>0.93</span>", "*", "*", "正常"], ["浙江省", "浙闽片河流", "<span data-toggle='tooltip' data-placement='right' title='所在地市:杭州市&#10;所属河流:新安江'>街口(鸠坑口)</span>", null, "", "--", "--", "--", "--", "--", "--", "--", "--", "--", "*", "*", "维护"], ["浙江省", "太湖流域", "<span data-toggle='tooltip' data-placement='right' title='所在地市:嘉兴市&#10;所属河流:斜路港河'>斜路港</span>", "10-24 08:00", "Ⅳ", "<span data-toggle='tooltip' data-placement='right' title='原始值：19.3'>19.3</span>", "<span data-toggle='tooltip' data-placement='right' title='原始值：7.42'>7.42</span>", "<span data-toggle='tooltip' data-placement='right' title='原始值：4.14'>4.14</span>", "<span data-toggle='tooltip' data-placement='right' title='原始值：523'>523.0</span>", "<span data-toggle='tooltip' data-placement='right' title='原始值：103.7'>103.7</span>", "<span data-toggle='tooltip' data-placement='right' title='原始值：5.04'>5.04</span>", "<span data-toggle='tooltip' data-placement='right' title='原始值：0.002'>0.002</span>", "<span data-toggle='tooltip' data-placement='right' title='原始值：0.0724'>0.072</span>", "<span data-toggle='tooltip' data-placement='right' title='原始值：9.56741'>9.57</span>", "*", "*", "正常"], ["浙江省", "太湖流域", "<span data-toggle='tooltip' data-placement='right' title='所在地市:嘉兴市&#10;所属河流:京杭运河'>王江泾</span>", "10-24 08:00", "Ⅲ", "<span data-toggle='tooltip' data-placement='right' title='原始值：20.74'>20.7</span>", "<span data-toggle='tooltip' data-placement='right' title='原始值：7.03'>7.03</span>", "<span data-toggle='tooltip' data-placement='right' title='原始值：6.67'>6.67</span>", "<span data-toggle='tooltip' data-placement='right' title='原始值：561.04'>561.0</span>", "<span data-toggle='tooltip' data-placement='right' title='原始值：77.59'>77.6</span>", "<span data-toggle='tooltip' data-placement='right' title='原始值：4.073'>4.07</span>", "<span data-toggle='tooltip' data-placement='right' title='原始值：0.041'>0.041</span>", "<span data-toggle='tooltip' data-placement='right' title='原始值：0.063'>0.063</span>", "<span data-toggle='tooltip' data-placement='right' title='原始值：1.168'>1.17</span>", "*", "*", "正常"], ["浙江省", "太湖流域", "<span data-toggle='tooltip' data-placement='right' title='所在地市:湖州市&#10;所属河流:西苕溪'>新港口(新塘港)</span>", "10-24 08:00", "Ⅱ", "<span data-toggle='tooltip' data-placement='right' title='原始值：17.3109'>17.3</span>", "<span data-toggle='tooltip' data-placement='right' title='原始值：8.05619'>8.06</span>", "<span data-toggle='tooltip' data-placement='right' title='原始值：9.57893'>9.58</span>", "<span data-toggle='tooltip' data-placement='right' title='原始值：336.234'>336.2</span>", "<span data-toggle='tooltip' data-placement='right' title='原始值：71.486'>71.5</span>", "<span data-toggle='tooltip' data-placement='right' title='原始值：2.21407'>2.21</span>", "<span data-toggle='tooltip' data-placement='right' title='原始值：0.2472'>0.247</span>", "<span data-toggle='tooltip' data-placement='right' title='原始值：0.0355'>0.036</span>", "<span data-toggle='tooltip' data-placement='right' title='原始值：6.26993'>6.27</span>", "<span data-toggle='tooltip' data-placement='right' title='原始值：0.0145'>0.014</span>", "*", "正常"], ["安徽省", "巢湖流域", "<span data-toggle='tooltip' data-placement='right' title='所在地市:合肥市&#10;所属河流:巢湖'>湖滨(老)</span>", "10-24 08:00", "劣Ⅴ", "<span data-toggle='tooltip' data-placement='right' title='原始值：17.83572'>17.8</span>", "<span data-toggle='tooltip' data-placement='right' title='原始值：6.55407'>6.55</span>", "<span data-toggle='tooltip' data-placement='right' title='原始值：7.26591'>7.27</span>", "<span data-toggle='tooltip' data-placement='right' title='原始值：299.2219'>299.2</span>", "<span data-toggle='tooltip' data-placement='right' title='原始值：90.00516'>90.0</span>", "<span data-toggle='tooltip' data-placement='right' title='原始值：4.51'>4.51</span>", "<span data-toggle='tooltip' data-placement='right' title='原始值：2.58'>2.580</span>", "<span data-toggle='tooltip' data-placement='right' title='原始值：0.0745'>0.074</span>", "<span data-toggle='tooltip' data-placement='right' title='原始值：0.9748'>0.97</span>", "<span data-toggle='tooltip' data-placement='right' title='原始值：0.04307'>0.043</span>", "*", "正常"], ["安徽省", "巢湖流域", "<span data-toggle='tooltip' data-placement='right' title='所在地市:芜湖市&#10;所属河流:巢湖'>裕溪口(老)</span>", "10-24 08:00", "Ⅳ", "<span data-toggle='tooltip' data-placement='right' title='原始值：19.60852'>19.6</span>", "<span data-toggle='tooltip' data-placement='right' title='原始值：7.6186'>7.62</span>", "<span data-toggle='tooltip' data-placement='right' title='原始值：6.08388'>6.08</span>", "<span data-toggle='tooltip' data-placement='right' title='原始值：287.8373'>287.8</span>", "<span data-toggle='tooltip' data-placement='right' title='原始值：69.32858'>69.3</span>", "<span data-toggle='tooltip' data-placement='right' title='原始值：3.88'>3.88</span>", "<span data-toggle='tooltip' data-placement='right' title='原始值：0.13'>0.130</span>", "<span data-toggle='tooltip' data-placement='right' title='原始值：0.0911'>0.091</span>", "<span data-toggle='tooltip' data-placement='right' title='原始值：2.494'>2.49</span>", "*", "*", "正常"], ["安徽省", "淮河流域", "<span data-toggle='tooltip' data-placement='right' title='所在地市:蚌埠市&#10;所属河流:淮河'>蚌埠闸上(蚌埠闸)</span>", "10-24 08:00", "Ⅲ", "<span data-toggle='tooltip' data-placement='right' title='原始值：20.73'>20.7</span>", "<span data-toggle='tooltip' data-placement='right' title='原始值：7.57'>7.57</span>", "<span data-toggle='tooltip' data-placement='right' title='原始值：8.84'>8.84</span>", "<span data-toggle='tooltip' data-placement='right' title='原始值：425.48'>425.5</span>", "<span data-toggle='tooltip' data-placement='right' title='原始值：71.55'>71.6</span>", "<span data-toggle='tooltip' data-placement='right' title='原始值：3.347'>3.35</span>", "<span data-toggle='tooltip' data-placement='right' title='原始值：0.033'>0.033</span>", "<span data-toggle='tooltip' data-placement='right' title='原始值：0.165'>0.165</span>", "<span data-toggle='tooltip' data-placement='right' title='原始值：1.478'>1.48</span>", "*", "*", "正常"], ["安徽省", "淮河流域", "<span data-toggle='tooltip' data-placement='right' title='所在地市:淮南市&#10;所属河流:淮河'>石头埠(老)</span>", "10-24 08:00", "Ⅳ", "<span data-toggle='tooltip' data-placement='right' title='原始值：18.41713'>18.4</span>", "<span data-toggle='tooltip' data-placement='right' title='原始值：7.35593'>7.36</span>", "<span data-toggle='tooltip' data-placement='right' title='原始值：4.50265'>4.50</span>", "<span data-toggle='tooltip' data-placement='right' title='原始值：268.2975'>268.3</span>", "<span data-toggle='tooltip' data-placement='right' title='原始值：74.58916'>74.6</span>", "<span data-toggle='tooltip' data-placement='right' title='原始值：3.71'>3.71</span>", "<span data-toggle='tooltip' data-placement='right' title='原始值：0.11'>0.110</span>", "*", "*", "*", "*", "正常"], ["安徽省", "淮河流域", "<span data-toggle='tooltip' data-placement='right' title='所在地市:淮北市&#10;所属河流:沱河'>小王桥</span>", "10-24 08:00", "Ⅳ", "<span data-toggle='tooltip' data-placement='right' title='原始值：18.16'>18.2</span>", "<span data-toggle='tooltip' data-placement='right' title='原始值：8.19'>8.19</span>", "<span data-toggle='tooltip' data-placement='right' title='原始值：7.62'>7.62</span>", "<span data-toggle='tooltip' data-placement='right' title='原始值：1473.26'>1473.3</span>", "<span data-toggle='tooltip' data-placement='right' title='原始值：23.05'>23.0</span>", "<span data-toggle='tooltip' data-placement='right' title='原始值：7.443'>7.44</span>", "<span data-toggle='tooltip' data-placement='right' title='原始值：0.012'>0.012</span>", "<span data-toggle='tooltip' data-placement='right' title='原始值：0.275'>0.275</span>", "<span data-toggle='tooltip' data-placement='right' title='原始值：0.756'>0.76</span>", "*", "*", "正常"], ["安徽省", "长江流域", "<span data-toggle='tooltip' data-placement='right' title='所在地市:安庆市&#10;所属河流:长江'>皖河口</span>", "10-24 08:00", "Ⅱ", "<span data-toggle='tooltip' data-placement='right' title='原始值：19.63'>19.6</span>", "<span data-toggle='tooltip' data-placement='right' title='原始值：7.488'>7.49</span>", "<span data-toggle='tooltip' data-placement='right' title='原始值：7.43'>7.43</span>", "<span data-toggle='tooltip' data-placement='right' title='原始值：288.71'>288.7</span>", "<span data-toggle='tooltip' data-placement='right' title='原始值：30.65'>30.6</span>", "<span data-toggle='tooltip' data-placement='right' title='原始值：1.68'>1.68</span>", "<span data-toggle='tooltip' data-placement='right' title='原始值：0.036'>0.036</span>", "<span data-toggle='tooltip' data-placement='right' title='原始值：0.0547'>0.055</span>", "<span data-toggle='tooltip' data-placement='right' title='原始值：2.281'>2.28</span>", "*", "*", "正常"], ["安徽省", "淮河流域", "<span data-toggle='tooltip' data-placement='right' title='所在地市:滁州市&#10;所属河流:淮河'>小柳巷</span>", null, "", "--", "--", "--", "--", "--", "--", "--", "--", "--", "*", "*", "停站"], ["安徽省", "淮河流域", "<span data-toggle='tooltip' data-placement='right' title='所在地市:阜阳市&#10;所属河流:黑茨河'>张大桥</span>", null, "", "--", "--", "--", "--", "--", "--", "--", "--", "--", "*", "*", "停站"], ["安徽省", "淮河流域", "<span data-toggle='tooltip' data-placement='right' title='所在地市:阜阳市&#10;所属河流:淮河'>王家坝</span>", "10-24 08:00", "Ⅲ", "<span data-toggle='tooltip' data-placement='right' title='原始值：17.06'>17.1</span>", "<span data-toggle='tooltip' data-placement='right' title='原始值：7.19564'>7.20</span>", "<span data-toggle='tooltip' data-placement='right' title='原始值：6.47575'>6.48</span>", "<span data-toggle='tooltip' data-placement='right' title='原始值：446.1623'>446.2</span>", "<span data-toggle='tooltip' data-placement='right' title='原始值：44.82806'>44.8</span>", "<span data-toggle='tooltip' data-placement='right' title='原始值：3.35'>3.35</span>", "<span data-toggle='tooltip' data-placement='right' title='原始值：0.264'>0.264</span>", "<span data-toggle='tooltip' data-placement='right' title='原始值：0.19319'>0.193</span>", "<span data-toggle='tooltip' data-placement='right' title='原始值：2.2386'>2.24</span>", "*", "*", "正常"], ["安徽省", "淮河流域", "<span data-toggle='tooltip' data-placement='right' title='所在地市:阜阳市&#10;所属河流:颍河'>界首七渡口(七渡口)</span>", "10-24 08:00", "Ⅳ", "<span data-toggle='tooltip' data-placement='right' title='原始值：18.4861'>18.5</span>", "<span data-toggle='tooltip' data-placement='right' title='原始值：7.52823'>7.53</span>", "<span data-toggle='tooltip' data-placement='right' title='原始值：3.48033'>3.48</span>", "<span data-toggle='tooltip' data-placement='right' title='原始值：797.3822'>797.4</span>", "<span data-toggle='tooltip' data-placement='right' title='原始值：18.71471'>18.7</span>", "<span data-toggle='tooltip' data-placement='right' title='原始值：3.84'>3.84</span>", "<span data-toggle='tooltip' data-placement='right' title='原始值：0.1'>0.100</span>", "<span data-toggle='tooltip' data-placement='right' title='原始值：0.1083'>0.108</span>", "<span data-toggle='tooltip' data-placement='right' title='原始值：3.33614'>3.34</span>", "*", "*", "正常"], ["安徽省", "淮河流域", "<span data-toggle='tooltip' data-placement='right' title='所在地市:阜阳市&#10;所属河流:泉河'>许庄(徐庄)</span>", "10-24 08:00", "Ⅲ", "<span data-toggle='tooltip' data-placement='right' title='原始值：14.7'>14.7</span>", "<span data-toggle='tooltip' data-placement='right' title='原始值：7.78'>7.78</span>", "<span data-toggle='tooltip' data-placement='right' title='原始值：8.49'>8.49</span>", "<span data-toggle='tooltip' data-placement='right' title='原始值：942.2'>942.2</span>", "<span data-toggle='tooltip' data-placement='right' title='原始值：106.4'>106.4</span>", "<span data-toggle='tooltip' data-placement='right' title='原始值：3.18'>3.18</span>", "<span data-toggle='tooltip' data-placement='right' title='原始值：0.01'>0.010</span>", "<span data-toggle='tooltip' data-placement='right' title='原始值：0.108'>0.108</span>", "<span data-toggle='tooltip' data-placement='right' title='原始值：1.764'>1.76</span>", "*", "*", "正常"], ["安徽省", "淮河流域", "<span data-toggle='tooltip' data-placement='right' title='所在地市:宿州市&#10;所属河流:奎河'>杨庄</span>", "10-24 08:00", "Ⅲ", "<span data-toggle='tooltip' data-placement='right' title='原始值：17'>17.0</span>", "<span data-toggle='tooltip' data-placement='right' title='原始值：7.91'>7.91</span>", "<span data-toggle='tooltip' data-placement='right' title='原始值：7.94'>7.94</span>", "<span data-toggle='tooltip' data-placement='right' title='原始值：903.9'>903.9</span>", "<span data-toggle='tooltip' data-placement='right' title='原始值：52.13'>52.1</span>", "<span data-toggle='tooltip' data-placement='right' title='原始值：4.48'>4.48</span>", "<span data-toggle='tooltip' data-placement='right' title='原始值：0.778'>0.778</span>", "*", "*", "*", "*", "正常"], ["安徽省", "淮河流域", "<span data-toggle='tooltip' data-placement='right' title='所在地市:宿州市&#10;所属河流:新汴河'>泗县公路桥</span>", "10-24 08:00", "Ⅳ", "<span data-toggle='tooltip' data-placement='right' title='原始值：17.84'>17.8</span>", "<span data-toggle='tooltip' data-placement='right' title='原始值：8.39'>8.39</span>", "<span data-toggle='tooltip' data-placement='right' title='原始值：9.22'>9.22</span>", "<span data-toggle='tooltip' data-placement='right' title='原始值：974.9'>974.9</span>", "<span data-toggle='tooltip' data-placement='right' title='原始值：29.55'>29.6</span>", "<span data-toggle='tooltip' data-placement='right' title='原始值：7.22'>7.22</span>", "<span data-toggle='tooltip' data-placement='right' title='原始值：0.07'>0.070</span>", "*", "*", "*", "*", "正常"], ["安徽省", "淮河流域", "<span data-toggle='tooltip' data-placement='right' title='所在地市:亳州市&#10;所属河流:包河'>颜集</span>", "10-24 08:00", "Ⅳ", "<span data-toggle='tooltip' data-placement='right' title='原始值：13.9'>13.9</span>", "<span data-toggle='tooltip' data-placement='right' title='原始值：8.13'>8.13</span>", "<span data-toggle='tooltip' data-placement='right' title='原始值：6.85'>6.85</span>", "<span data-toggle='tooltip' data-placement='right' title='原始值：1790.1'>1790.1</span>", "<span data-toggle='tooltip' data-placement='right' title='原始值：182.92'>182.9</span>", "<span data-toggle='tooltip' data-placement='right' title='原始值：3.94'>3.94</span>", "<span data-toggle='tooltip' data-placement='right' title='原始值：0.05'>0.050</span>", "<span data-toggle='tooltip' data-placement='right' title='原始值：0.25'>0.250</span>", "<span data-toggle='tooltip' data-placement='right' title='原始值：6.954'>6.95</span>", "*", "*", "正常"], ["福建省", "浙闽片河流", "<span data-toggle='tooltip' data-placement='right' title='所在地市:福州市&#10;所属河流:闽江'>白岩潭</span>", "10-24 08:00", "Ⅳ", "<span data-toggle='tooltip' data-placement='right' title='原始值：22.99'>23.0</span>", "<span data-toggle='tooltip' data-placement='right' title='原始值：7.26'>7.26</span>", "<span data-toggle='tooltip' data-placement='right' title='原始值：6.52'>6.52</span>", "<span data-toggle='tooltip' data-placement='right' title='原始值：1359'>1359.0</span>", "<span data-toggle='tooltip' data-placement='right' title='原始值：549.64'>549.6</span>", "<span data-toggle='tooltip' data-placement='right' title='原始值：7.72'>7.72</span>", "<span data-toggle='tooltip' data-placement='right' title='原始值：0.166'>0.166</span>", "*", "*", "*", "*", "正常"], ["江西省", "长江流域", "<span data-toggle='tooltip' data-placement='right' title='所在地市:南昌市&#10;所属河流:赣江南支'>滁槎</span>", "10-24 08:00", "Ⅱ", "<span data-toggle='tooltip' data-placement='right' title='原始值：20.7995'>20.8</span>", "<span data-toggle='tooltip' data-placement='right' title='原始值：7.07226'>7.07</span>", "<span data-toggle='tooltip' data-placement='right' title='原始值：8.10255'>8.10</span>", "<span data-toggle='tooltip' data-placement='right' title='原始值：110.8424'>110.8</span>", "<span data-toggle='tooltip' data-placement='right' title='原始值：45.66803'>45.7</span>", "<span data-toggle='tooltip' data-placement='right' title='原始值：3.97'>3.97</span>", "<span data-toggle='tooltip' data-placement='right' title='原始值：0.45'>0.450</span>", "<span data-toggle='tooltip' data-placement='right' title='原始值：0.04675'>0.047</span>", "<span data-toggle='tooltip' data-placement='right' title='原始值：1.07805'>1.08</span>", "*", "*", "正常"], ["江西省", "长江流域", "<span data-toggle='tooltip' data-placement='right' title='所在地市:九江市&#10;所属河流:长江'>姚港(河西水厂)</span>", "10-24 08:00", "Ⅲ", "<span data-toggle='tooltip' data-placement='right' title='原始值：19.47'>19.5</span>", "<span data-toggle='tooltip' data-placement='right' title='原始值：7.4'>7.40</span>", "<span data-toggle='tooltip' data-placement='right' title='原始值：8.13'>8.13</span>", "<span data-toggle='tooltip' data-placement='right' title='原始值：316.15'>316.2</span>", "<span data-toggle='tooltip' data-placement='right' title='原始值：44.37'>44.4</span>", "<span data-toggle='tooltip' data-placement='right' title='原始值：1.673'>1.67</span>", "<span data-toggle='tooltip' data-placement='right' title='原始值：0.208'>0.208</span>", "<span data-toggle='tooltip' data-placement='right' title='原始值：0.103'>0.103</span>", "<span data-toggle='tooltip' data-placement='right' title='原始值：1.59'>1.59</span>", "*", "*", "正常"], ["江西省", "长江流域", "<span data-toggle='tooltip' data-placement='right' title='所在地市:九江市&#10;所属河流:鄱阳湖'>蛤蟆石</span>", "10-24 08:00", "Ⅳ", "<span data-toggle='tooltip' data-placement='right' title='原始值：19.5'>19.5</span>", "<span data-toggle='tooltip' data-placement='right' title='原始值：7.17'>7.17</span>", "<span data-toggle='tooltip' data-placement='right' title='原始值：8.46'>8.46</span>", "<span data-toggle='tooltip' data-placement='right' title='原始值：133.91'>133.9</span>", "<span data-toggle='tooltip' data-placement='right' title='原始值：219.31'>219.3</span>", "<span data-toggle='tooltip' data-placement='right' title='原始值：2.79'>2.79</span>", "<span data-toggle='tooltip' data-placement='right' title='原始值：0.017'>0.017</span>", "<span data-toggle='tooltip' data-placement='right' title='原始值：0.0929'>0.093</span>", "<span data-toggle='tooltip' data-placement='right' title='原始值：1.751'>1.75</span>", "<span data-toggle='tooltip' data-placement='right' title='原始值：0.00161'>0.002</span>", "<span data-toggle='tooltip' data-placement='right' title='原始值：1591960'>1591960</span>", "正常"], ["山东省", "黄河流域", "<span data-toggle='tooltip' data-placement='right' title='所在地市:济南市&#10;所属河流:黄河'>泺口</span>", "10-24 08:00", "Ⅱ", "<span data-toggle='tooltip' data-placement='right' title='原始值：14.7553'>14.8</span>", "<span data-toggle='tooltip' data-placement='right' title='原始值：8.32517'>8.33</span>", "<span data-toggle='tooltip' data-placement='right' title='原始值：9.69818'>9.70</span>", "<span data-toggle='tooltip' data-placement='right' title='原始值：785.16'>785.2</span>", "<span data-toggle='tooltip' data-placement='right' title='原始值：990.973'>991.0</span>", "<span data-toggle='tooltip' data-placement='right' title='原始值：2.15'>2.15</span>", "<span data-toggle='tooltip' data-placement='right' title='原始值：0.14054'>0.141</span>", "<span data-toggle='tooltip' data-placement='right' title='原始值：0.0214'>0.021</span>", "<span data-toggle='tooltip' data-placement='right' title='原始值：3.488'>3.49</span>", "*", "*", "正常"], ["山东省", "淮河流域", "<span data-toggle='tooltip' data-placement='right' title='所在地市:枣庄市&#10;所属河流:京杭大运河（韩庄运河）'>台儿庄大桥</span>", "10-24 08:00", "Ⅱ", "<span data-toggle='tooltip' data-placement='right' title='原始值：14.85'>14.8</span>", "<span data-toggle='tooltip' data-placement='right' title='原始值：7.79008'>7.79</span>", "<span data-toggle='tooltip' data-placement='right' title='原始值：6.77366'>6.77</span>", "<span data-toggle='tooltip' data-placement='right' title='原始值：849.1409'>849.1</span>", "<span data-toggle='tooltip' data-placement='right' title='原始值：20.58036'>20.6</span>", "<span data-toggle='tooltip' data-placement='right' title='原始值：3.00179'>3.00</span>", "<span data-toggle='tooltip' data-placement='right' title='原始值：0.05727'>0.057</span>", "<span data-toggle='tooltip' data-placement='right' title='原始值：0.05308'>0.053</span>", "<span data-toggle='tooltip' data-placement='right' title='原始值：2.3501'>2.35</span>", "*", "*", "正常"], ["山东省", "淮河流域", "<span data-toggle='tooltip' data-placement='right' title='所在地市:临沂市&#10;所属河流:沭河'>清泉寺</span>", "10-24 08:00", "劣Ⅴ", "<span data-toggle='tooltip' data-placement='right' title='原始值：16.46255'>16.5</span>", "<span data-toggle='tooltip' data-placement='right' title='原始值：8.42091'>8.42</span>", "<span data-toggle='tooltip' data-placement='right' title='原始值：8.95834'>8.96</span>", "<span data-toggle='tooltip' data-placement='right' title='原始值：822.0493'>822.0</span>", "<span data-toggle='tooltip' data-placement='right' title='原始值：18.18128'>18.2</span>", "<span data-toggle='tooltip' data-placement='right' title='原始值：8.19'>8.19</span>", "<span data-toggle='tooltip' data-placement='right' title='原始值：2.77'>2.770</span>", "*", "*", "*", "*", "正常"], ["山东省", "淮河流域", "<span data-toggle='tooltip' data-placement='right' title='所在地市:临沂市&#10;所属河流:沂河'>重坊桥</span>", "10-24 08:00", "Ⅱ", "<span data-toggle='tooltip' data-placement='right' title='原始值：15.31667'>15.3</span>", "<span data-toggle='tooltip' data-placement='right' title='原始值：7.64686'>7.65</span>", "<span data-toggle='tooltip' data-placement='right' title='原始值：9.96953'>9.97</span>", "<span data-toggle='tooltip' data-placement='right' title='原始值：679.7315'>679.7</span>", "<span data-toggle='tooltip' data-placement='right' title='原始值：6.01389'>6.0</span>", "<span data-toggle='tooltip' data-placement='right' title='原始值：3.13'>3.13</span>", "<span data-toggle='tooltip' data-placement='right' title='原始值：0.10768'>0.108</span>", "*", "*", "*", "*", "正常"], ["山东省", "淮河流域", "<span data-toggle='tooltip' data-placement='right' title='所在地市:临沂市&#10;所属河流:白马河'>捷庄(涝沟桥)</span>", "10-24 08:00", "Ⅲ", "<span data-toggle='tooltip' data-placement='right' title='原始值：16.5'>16.5</span>", "<span data-toggle='tooltip' data-placement='right' title='原始值：7.91'>7.91</span>", "<span data-toggle='tooltip' data-placement='right' title='原始值：11.1584'>11.16</span>", "<span data-toggle='tooltip' data-placement='right' title='原始值：852'>852.0</span>", "<span data-toggle='tooltip' data-placement='right' title='原始值：29.79453'>29.8</span>", "<span data-toggle='tooltip' data-placement='right' title='原始值：5.05'>5.05</span>", "<span data-toggle='tooltip' data-placement='right' title='原始值：0.03936'>0.039</span>", "<span data-toggle='tooltip' data-placement='right' title='原始值：0.1367'>0.137</span>", "<span data-toggle='tooltip' data-placement='right' title='原始值：6.72154'>6.72</span>", "*", "*", "正常"], ["山东省", "海河流域", "<span data-toggle='tooltip' data-placement='right' title='所在地市:聊城市&#10;所属河流:卫运河'>秤勾湾(秤钩湾)</span>", null, "", "--", "--", "--", "--", "--", "--", "--", "--", "--", "*", "*", "停站"], ["河南省", "长江流域", "<span data-toggle='tooltip' data-placement='right' title='所在地市:南阳市&#10;所属河流:丹江口水库'>陶岔</span>", "10-24 08:00", "Ⅰ", "<span data-toggle='tooltip' data-placement='right' title='原始值：21.24'>21.2</span>", "<span data-toggle='tooltip' data-placement='right' title='原始值：7.87705'>7.88</span>", "<span data-toggle='tooltip' data-placement='right' title='原始值：8.18427'>8.18</span>", "<span data-toggle='tooltip' data-placement='right' title='原始值：274.5265'>274.5</span>", "<span data-toggle='tooltip' data-placement='right' title='原始值：5.06896'>5.1</span>", "<span data-toggle='tooltip' data-placement='right' title='原始值：1.63'>1.63</span>", "<span data-toggle='tooltip' data-placement='right' title='原始值：0.01914'>0.019</span>", "<span data-toggle='tooltip' data-placement='right' title='原始值：0.00887'>0.009</span>", "<span data-toggle='tooltip' data-placement='right' title='原始值：0.94646'>0.95</span>", "<span data-toggle='tooltip' data-placement='right' title='原始值：0.00596'>0.006</span>", "<span data-toggle='tooltip' data-placement='right' title='原始值：1833854'>1833854</span>", "正常"], ["河南省", "淮河流域", "<span data-toggle='tooltip' data-placement='right' title='所在地市:商丘市&#10;所属河流:浍河'>黄口</span>", "10-24 08:00", "Ⅲ", "<span data-toggle='tooltip' data-placement='right' title='原始值：16.4'>16.4</span>", "<span data-toggle='tooltip' data-placement='right' title='原始值：7.78001'>7.78</span>", "<span data-toggle='tooltip' data-placement='right' title='原始值：8.17063'>8.17</span>", "<span data-toggle='tooltip' data-placement='right' title='原始值：3404.937'>3404.9</span>", "<span data-toggle='tooltip' data-placement='right' title='原始值：58.53933'>58.5</span>", "<span data-toggle='tooltip' data-placement='right' title='原始值：5.26'>5.26</span>", "<span data-toggle='tooltip' data-placement='right' title='原始值：0.04953'>0.050</span>", "<span data-toggle='tooltip' data-placement='right' title='原始值：0.1282'>0.128</span>", "<span data-toggle='tooltip' data-placement='right' title='原始值：1.70039'>1.70</span>", "*", "*", "正常"], ["河南省", "淮河流域", "<span data-toggle='tooltip' data-placement='right' title='所在地市:信阳市&#10;所属河流:史灌河'>蒋集</span>", "10-24 08:00", "Ⅱ", "<span data-toggle='tooltip' data-placement='right' title='原始值：18.83749'>18.8</span>", "<span data-toggle='tooltip' data-placement='right' title='原始值：6.90922'>6.91</span>", "<span data-toggle='tooltip' data-placement='right' title='原始值：6.84'>6.84</span>", "<span data-toggle='tooltip' data-placement='right' title='原始值：203.5'>203.5</span>", "<span data-toggle='tooltip' data-placement='right' title='原始值：197.701'>197.7</span>", "<span data-toggle='tooltip' data-placement='right' title='原始值：2.82'>2.82</span>", "<span data-toggle='tooltip' data-placement='right' title='原始值：0.03268'>0.033</span>", "*", "*", "*", "*", "正常"], ["河南省", "淮河流域", "<span data-toggle='tooltip' data-placement='right' title='所在地市:信阳市&#10;所属河流:淮河'>淮滨水文站(淮滨)</span>", "10-24 08:00", "Ⅲ", "<span data-toggle='tooltip' data-placement='right' title='原始值：16.3'>16.3</span>", "<span data-toggle='tooltip' data-placement='right' title='原始值：7.03'>7.03</span>", "<span data-toggle='tooltip' data-placement='right' title='原始值：7.98875'>7.99</span>", "<span data-toggle='tooltip' data-placement='right' title='原始值：249'>249.0</span>", "<span data-toggle='tooltip' data-placement='right' title='原始值：117.0426'>117.0</span>", "<span data-toggle='tooltip' data-placement='right' title='原始值：3.24689'>3.25</span>", "<span data-toggle='tooltip' data-placement='right' title='原始值：0.19249'>0.192</span>", "<span data-toggle='tooltip' data-placement='right' title='原始值：0.18987'>0.190</span>", "<span data-toggle='tooltip' data-placement='right' title='原始值：1.61371'>1.61</span>", "*", "*", "正常"], ["河南省", "淮河流域", "<span data-toggle='tooltip' data-placement='right' title='所在地市:周口市&#10;所属河流:沙河'>沈丘闸</span>", "10-24 08:00", "Ⅳ", "<span data-toggle='tooltip' data-placement='right' title='原始值：17.25499'>17.3</span>", "<span data-toggle='tooltip' data-placement='right' title='原始值：7.40865'>7.41</span>", "<span data-toggle='tooltip' data-placement='right' title='原始值：4.90975'>4.91</span>", "<span data-toggle='tooltip' data-placement='right' title='原始值：1034.162'>1034.2</span>", "<span data-toggle='tooltip' data-placement='right' title='原始值：24.63927'>24.6</span>", "<span data-toggle='tooltip' data-placement='right' title='原始值：3.835'>3.84</span>", "<span data-toggle='tooltip' data-placement='right' title='原始值：0.15'>0.150</span>", "*", "*", "*", "*", "正常"], ["河南省", "淮河流域", "<span data-toggle='tooltip' data-placement='right' title='所在地市:周口市&#10;所属河流:涡河'>鹿邑付桥(鹿邑付桥闸)</span>", "10-24 08:00", "Ⅳ", "<span data-toggle='tooltip' data-placement='right' title='原始值：17.56693'>17.6</span>", "<span data-toggle='tooltip' data-placement='right' title='原始值：8.49769'>8.50</span>", "<span data-toggle='tooltip' data-placement='right' title='原始值：9.28667'>9.29</span>", "<span data-toggle='tooltip' data-placement='right' title='原始值：1441.224'>1441.2</span>", "<span data-toggle='tooltip' data-placement='right' title='原始值：14.25409'>14.3</span>", "<span data-toggle='tooltip' data-placement='right' title='原始值：7.065'>7.06</span>", "<span data-toggle='tooltip' data-placement='right' title='原始值：0.1'>0.100</span>", "<span data-toggle='tooltip' data-placement='right' title='原始值：0.1419'>0.142</span>", "<span data-toggle='tooltip' data-placement='right' title='原始值：1.04193'>1.04</span>", "*", "*", "正常"], ["河南省", "淮河流域", "<span data-toggle='tooltip' data-placement='right' title='所在地市:驻马店市&#10;所属河流:洪河'>新蔡班台(班台)</span>", null, "", "--", "--", "--", "--", "--", "--", "--", "--", "--", "*", "*", "维护"], ["河南省", "黄河流域", "<span data-toggle='tooltip' data-placement='right' title='所在地市:济源市&#10;所属河流:黄河'>小浪底水库(小浪底)</span>", "10-24 08:00", "", "<span data-toggle='tooltip' data-placement='right' title='原始值：16.09593'>16.1</span>", "<span data-toggle='tooltip' data-placement='right' title='原始值：8.21575'>8.22</span>", "<span data-toggle='tooltip' data-placement='right' title='原始值：8.78232'>8.78</span>", "<span data-toggle='tooltip' data-placement='right' title='原始值：729.774'>729.8</span>", "<span data-toggle='tooltip' data-placement='right' title='原始值：10.55897'>10.6</span>", "<span data-toggle='tooltip' data-placement='right' title='原始值：1.0775'>1.08</span>", "<span data-toggle='tooltip' data-placement='right' title='原始值：0.12'>0.120</span>", "<span data-toggle='tooltip' data-placement='right' title='极值过滤'>--</span>", "<span data-toggle='tooltip' data-placement='right' title='极值过滤'>--</span>", "*", "*", "维护"], ["湖北省", "长江流域", "<span data-toggle='tooltip' data-placement='right' title='所在地市:武汉市&#10;所属河流:汉江'>宗关</span>", "10-24 08:00", "Ⅲ", "<span data-toggle='tooltip' data-placement='right' title='原始值：18.94'>18.9</span>", "<span data-toggle='tooltip' data-placement='right' title='原始值：7.735774'>7.74</span>", "<span data-toggle='tooltip' data-placement='right' title='原始值：8.412057'>8.41</span>", "<span data-toggle='tooltip' data-placement='right' title='原始值：433.6776'>433.7</span>", "<span data-toggle='tooltip' data-placement='right' title='原始值：18.56587'>18.6</span>", "<span data-toggle='tooltip' data-placement='right' title='原始值：4.86'>4.86</span>", "<span data-toggle='tooltip' data-placement='right' title='原始值：0.101'>0.101</span>", "<span data-toggle='tooltip' data-placement='right' title='原始值：0.149'>0.149</span>", "<span data-toggle='tooltip' data-placement='right' title='原始值：3.153658'>3.15</span>", "<span data-toggle='tooltip' data-placement='right' title='原始值：0.0026406'>0.003</span>", "*", "正常"], ["湖北省", "长江流域", "<span data-toggle='tooltip' data-placement='right' title='所在地市:十堰市&#10;所属河流:丹江口水库'>坝上中(胡家岭)</span>", "10-24 08:00", "Ⅱ", "<span data-toggle='tooltip' data-placement='right' title='原始值：21.63'>21.6</span>", "<span data-toggle='tooltip' data-placement='right' title='原始值：7.761354'>7.76</span>", "<span data-toggle='tooltip' data-placement='right' title='原始值：6.832504'>6.83</span>", "<span data-toggle='tooltip' data-placement='right' title='原始值：238.859'>238.9</span>", "<span data-toggle='tooltip' data-placement='right' title='原始值：2.325137'>2.3</span>", "<span data-toggle='tooltip' data-placement='right' title='原始值：1.74'>1.74</span>", "<span data-toggle='tooltip' data-placement='right' title='原始值：0.087'>0.087</span>", "<span data-toggle='tooltip' data-placement='right' title='原始值：0.016'>0.016</span>", "<span data-toggle='tooltip' data-placement='right' title='原始值：1.274'>1.27</span>", "<span data-toggle='tooltip' data-placement='right' title='原始值：0.0143266'>0.014</span>", "<span data-toggle='tooltip' data-placement='right' title='原始值：9681000'>9681000</span>", "正常"], ["湖北省", "长江流域", "<span data-toggle='tooltip' data-placement='right' title='所在地市:宜昌市&#10;所属河流:长江'>南津关</span>", "10-24 08:00", "Ⅱ", "<span data-toggle='tooltip' data-placement='right' title='原始值：20.52'>20.5</span>", "<span data-toggle='tooltip' data-placement='right' title='原始值：7.915022'>7.92</span>", "<span data-toggle='tooltip' data-placement='right' title='原始值：8.192281'>8.19</span>", "<span data-toggle='tooltip' data-placement='right' title='原始值：369.749'>369.7</span>", "<span data-toggle='tooltip' data-placement='right' title='原始值：8.648978'>8.6</span>", "<span data-toggle='tooltip' data-placement='right' title='原始值：1.44'>1.44</span>", "<span data-toggle='tooltip' data-placement='right' title='原始值：0.017'>0.017</span>", "<span data-toggle='tooltip' data-placement='right' title='原始值：0.04'>0.040</span>", "<span data-toggle='tooltip' data-placement='right' title='原始值：1.508'>1.51</span>", "<span data-toggle='tooltip' data-placement='right' title='原始值：0.0008293'>0.001</span>", "*", "正常"], ["湖南省", "长江流域", "<span data-toggle='tooltip' data-placement='right' title='所在地市:长沙市&#10;所属河流:湘江'>新港</span>", "10-24 08:00", "Ⅱ", "<span data-toggle='tooltip' data-placement='right' title='原始值：20.08'>20.1</span>", "<span data-toggle='tooltip' data-placement='right' title='原始值：7.12'>7.12</span>", "<span data-toggle='tooltip' data-placement='right' title='原始值：10.87'>10.87</span>", "<span data-toggle='tooltip' data-placement='right' title='原始值：260.27'>260.3</span>", "<span data-toggle='tooltip' data-placement='right' title='原始值：67.02'>67.0</span>", "<span data-toggle='tooltip' data-placement='right' title='原始值：1.52'>1.52</span>", "<span data-toggle='tooltip' data-placement='right' title='原始值：0.077'>0.077</span>", "<span data-toggle='tooltip' data-placement='right' title='原始值：0.069'>0.069</span>", "<span data-toggle='tooltip' data-placement='right' title='原始值：1.61'>1.61</span>", "*", "*", "正常"], ["湖南省", "长江流域", "<span data-toggle='tooltip' data-placement='right' title='所在地市:岳阳市&#10;所属河流:洞庭湖'>岳阳楼</span>", "10-24 08:00", "Ⅳ", "<span data-toggle='tooltip' data-placement='right' title='原始值：18.43'>18.4</span>", "<span data-toggle='tooltip' data-placement='right' title='原始值：7.982636'>7.98</span>", "<span data-toggle='tooltip' data-placement='right' title='原始值：7.734588'>7.73</span>", "<span data-toggle='tooltip' data-placement='right' title='原始值：246.7933'>246.8</span>", "<span data-toggle='tooltip' data-placement='right' title='原始值：35.34173'>35.3</span>", "<span data-toggle='tooltip' data-placement='right' title='原始值：1.78'>1.78</span>", "<span data-toggle='tooltip' data-placement='right' title='原始值：0.008'>0.008</span>", "<span data-toggle='tooltip' data-placement='right' title='原始值：0.092'>0.092</span>", "<span data-toggle='tooltip' data-placement='right' title='原始值：2.082'>2.08</span>", "<span data-toggle='tooltip' data-placement='right' title='原始值：0.0030469'>0.003</span>", "<span data-toggle='tooltip' data-placement='right' title='原始值：278.801'>279</span>", "正常"], ["湖南省", "长江流域", "<span data-toggle='tooltip' data-placement='right' title='所在地市:岳阳市&#10;所属河流:长江'>城陵矶</span>", "10-24 08:00", "Ⅱ", "<span data-toggle='tooltip' data-placement='right' title='原始值：19.67'>19.7</span>", "<span data-toggle='tooltip' data-placement='right' title='原始值：7.779021'>7.78</span>", "<span data-toggle='tooltip' data-placement='right' title='原始值：8.989473'>8.99</span>", "<span data-toggle='tooltip' data-placement='right' title='原始值：252.647'>252.6</span>", "<span data-toggle='tooltip' data-placement='right' title='原始值：39.48537'>39.5</span>", "<span data-toggle='tooltip' data-placement='right' title='原始值：2.3'>2.30</span>", "<span data-toggle='tooltip' data-placement='right' title='原始值：0.009'>0.009</span>", "<span data-toggle='tooltip' data-placement='right' title='原始值：0.085'>0.085</span>", "<span data-toggle='tooltip' data-placement='right' title='原始值：1.4613'>1.46</span>", "*", "*", "正常"], ["广东省", "珠江流域", "<span data-toggle='tooltip' data-placement='right' title='所在地市:清远市&#10;所属河流:北江'>七星岗</span>", "10-24 08:00", "Ⅱ", "<span data-toggle='tooltip' data-placement='right' title='原始值：24.50504'>24.5</span>", "<span data-toggle='tooltip' data-placement='right' title='原始值：7.72542'>7.73</span>", "<span data-toggle='tooltip' data-placement='right' title='原始值：8.00957'>8.01</span>", "<span data-toggle='tooltip' data-placement='right' title='原始值：245.9642'>246.0</span>", "<span data-toggle='tooltip' data-placement='right' title='原始值：13.04214'>13.0</span>", "<span data-toggle='tooltip' data-placement='right' title='原始值：0.68'>0.68</span>", "<span data-toggle='tooltip' data-placement='right' title='原始值：0.14168'>0.142</span>", "<span data-toggle='tooltip' data-placement='right' title='原始值：0.05068'>0.051</span>", "<span data-toggle='tooltip' data-placement='right' title='原始值：2.1268'>2.13</span>", "*", "*", "正常"], ["广东省", "珠江流域", "<span data-toggle='tooltip' data-placement='right' title='所在地市:中山市&#10;所属河流:西江'>横栏</span>", "10-24 08:00", "Ⅰ", "<span data-toggle='tooltip' data-placement='right' title='原始值：22.9'>22.9</span>", "<span data-toggle='tooltip' data-placement='right' title='原始值：7.84'>7.84</span>", "<span data-toggle='tooltip' data-placement='right' title='原始值：8.06'>8.06</span>", "<span data-toggle='tooltip' data-placement='right' title='原始值：295'>295.0</span>", "<span data-toggle='tooltip' data-placement='right' title='原始值：1.1'>1.1</span>", "<span data-toggle='tooltip' data-placement='right' title='原始值：1.78'>1.78</span>", "<span data-toggle='tooltip' data-placement='right' title='原始值：0.10922'>0.109</span>", "*", "*", "*", "*", "正常"], ["广西壮族自治区", "珠江流域", "<span data-toggle='tooltip' data-placement='right' title='所在地市:南宁市&#10;所属河流:邕江'>老口</span>", "10-24 08:00", "Ⅱ", "<span data-toggle='tooltip' data-placement='right' title='原始值：22.77525'>22.8</span>", "<span data-toggle='tooltip' data-placement='right' title='原始值：7.64193'>7.64</span>", "<span data-toggle='tooltip' data-placement='right' title='原始值：7.89998'>7.90</span>", "<span data-toggle='tooltip' data-placement='right' title='原始值：291.4734'>291.5</span>", "<span data-toggle='tooltip' data-placement='right' title='原始值：92.57039'>92.6</span>", "<span data-toggle='tooltip' data-placement='right' title='原始值：0.97737'>0.98</span>", "<span data-toggle='tooltip' data-placement='right' title='原始值：0.10231'>0.102</span>", "<span data-toggle='tooltip' data-placement='right' title='原始值：0.04024'>0.040</span>", "<span data-toggle='tooltip' data-placement='right' title='原始值：2.67732'>2.68</span>", "*", "*", "正常"], ["广西壮族自治区", "珠江流域", "<span data-toggle='tooltip' data-placement='right' title='所在地市:桂林市&#10;所属河流:漓江'>阳朔</span>", null, "", "--", "--", "--", "--", "--", "--", "--", "--", "--", "*", "*", "停站"], ["广西壮族自治区", "珠江流域", "<span data-toggle='tooltip' data-placement='right' title='所在地市:梧州市&#10;所属河流:浔江'>界首</span>", null, "", "--", "--", "--", "--", "--", "--", "--", "--", "--", "*", "*", "停站"], ["广西壮族自治区", "珠江流域", "<span data-toggle='tooltip' data-placement='right' title='所在地市:贵港市&#10;所属河流:浔江'>石嘴</span>", null, "", "--", "--", "--", "--", "--", "--", "--", "--", "--", "*", "*", "维护"], ["广西壮族自治区", "珠江流域", "<span data-toggle='tooltip' data-placement='right' title='所在地市:崇左市&#10;所属河流:平而河'>平而关</span>", "10-24 04:00", "", "<span data-toggle='tooltip' data-placement='right' title='原始值：22.65331'>22.7</span>", "<span data-toggle='tooltip' data-placement='right' title='原始值：7.82642'>7.83</span>", "<span data-toggle='tooltip' data-placement='right' title='原始值：7.93163'>7.93</span>", "<span data-toggle='tooltip' data-placement='right' title='原始值：209.4423'>209.4</span>", "<span data-toggle='tooltip' data-placement='right' title='原始值：37.27282'>37.3</span>", "<span data-toggle='tooltip' data-placement='right' title='原始值：1.135'>1.14</span>", "<span data-toggle='tooltip' data-placement='right' title='极值过滤'>--</span>", "*", "*", "*", "*", "维护"], ["重庆市", "长江流域", "<span data-toggle='tooltip' data-placement='right' title='所在地市:永川区&#10;所属河流:长江'>朱沱</span>", null, "", "--", "--", "--", "--", "--", "--", "--", "--", "--", "*", "*", "停站"], ["四川省", "长江流域", "<span data-toggle='tooltip' data-placement='right' title='所在地市:攀枝花市&#10;所属河流:金沙江'>龙洞</span>", "10-24 08:00", "Ⅰ", "<span data-toggle='tooltip' data-placement='right' title='原始值：19.09'>19.1</span>", "<span data-toggle='tooltip' data-placement='right' title='原始值：8.333472'>8.33</span>", "<span data-toggle='tooltip' data-placement='right' title='原始值：9.009914'>9.01</span>", "<span data-toggle='tooltip' data-placement='right' title='原始值：851.308'>851.3</span>", "<span data-toggle='tooltip' data-placement='right' title='原始值：1.413152'>1.4</span>", "<span data-toggle='tooltip' data-placement='right' title='原始值：1.24'>1.24</span>", "<span data-toggle='tooltip' data-placement='right' title='原始值：0.004'>0.004</span>", "<span data-toggle='tooltip' data-placement='right' title='原始值：0.0038764'>0.004</span>", "<span data-toggle='tooltip' data-placement='right' title='原始值：0.531885'>0.53</span>", "*", "*", "正常"], ["四川省", "长江流域", "<span data-toggle='tooltip' data-placement='right' title='所在地市:泸州市&#10;所属河流:沱江'>沱江大桥(沱江二桥)</span>", "10-24 08:00", "Ⅱ", "<span data-toggle='tooltip' data-placement='right' title='原始值：19.05'>19.0</span>", "<span data-toggle='tooltip' data-placement='right' title='原始值：8.250156'>8.25</span>", "<span data-toggle='tooltip' data-placement='right' title='原始值：9.266603'>9.27</span>", "<span data-toggle='tooltip' data-placement='right' title='原始值：480.2348'>480.2</span>", "<span data-toggle='tooltip' data-placement='right' title='原始值：60.39064'>60.4</span>", "<span data-toggle='tooltip' data-placement='right' title='原始值：2.8'>2.80</span>", "<span data-toggle='tooltip' data-placement='right' title='原始值：0.015'>0.015</span>", "<span data-toggle='tooltip' data-placement='right' title='原始值：0.0924111'>0.092</span>", "<span data-toggle='tooltip' data-placement='right' title='原始值：2.901375'>2.90</span>", "*", "*", "正常"], ["四川省", "长江流域", "<span data-toggle='tooltip' data-placement='right' title='所在地市:广元市&#10;所属河流:嘉陵江'>清风峡</span>", "10-24 08:00", "Ⅱ", "<span data-toggle='tooltip' data-placement='right' title='原始值：14.68981'>14.7</span>", "<span data-toggle='tooltip' data-placement='right' title='原始值：8.28001'>8.28</span>", "<span data-toggle='tooltip' data-placement='right' title='原始值：10.20213'>10.20</span>", "<span data-toggle='tooltip' data-placement='right' title='原始值：375'>375.0</span>", "<span data-toggle='tooltip' data-placement='right' title='原始值：217.4287'>217.4</span>", "<span data-toggle='tooltip' data-placement='right' title='原始值：1.1'>1.10</span>", "<span data-toggle='tooltip' data-placement='right' title='原始值：0.16355'>0.164</span>", "*", "*", "*", "*", "正常"], ["四川省", "长江流域", "<span data-toggle='tooltip' data-placement='right' title='所在地市:乐山市&#10;所属河流:岷江'>岷江大桥</span>", null, "", "--", "--", "--", "--", "--", "--", "--", "--", "--", "*", "*", "停站"], ["四川省", "长江流域", "<span data-toggle='tooltip' data-placement='right' title='所在地市:宜宾市&#10;所属河流:岷江'>凉姜沟</span>", "10-24 04:00", "Ⅱ", "<span data-toggle='tooltip' data-placement='right' title='原始值：17.25'>17.2</span>", "<span data-toggle='tooltip' data-placement='right' title='原始值：7.980625'>7.98</span>", "<span data-toggle='tooltip' data-placement='right' title='原始值：9.62068'>9.62</span>", "<span data-toggle='tooltip' data-placement='right' title='原始值：282.5392'>282.5</span>", "<span data-toggle='tooltip' data-placement='right' title='原始值：39.3004'>39.3</span>", "<span data-toggle='tooltip' data-placement='right' title='原始值：1.69'>1.69</span>", "<span data-toggle='tooltip' data-placement='right' title='原始值：0.011'>0.011</span>", "<span data-toggle='tooltip' data-placement='right' title='原始值：0.068274'>0.068</span>", "<span data-toggle='tooltip' data-placement='right' title='原始值：1.886907'>1.89</span>", "*", "*", "正常"], ["云南省", "滇池流域", "<span data-toggle='tooltip' data-placement='right' title='所在地市:昆明市&#10;所属河流:滇池'>西苑隧道</span>", "10-24 08:00", "Ⅳ", "<span data-toggle='tooltip' data-placement='right' title='原始值：16.47'>16.5</span>", "<span data-toggle='tooltip' data-placement='right' title='原始值：7.92615'>7.93</span>", "<span data-toggle='tooltip' data-placement='right' title='原始值：7.126'>7.13</span>", "<span data-toggle='tooltip' data-placement='right' title='原始值：674.337'>674.3</span>", "<span data-toggle='tooltip' data-placement='right' title='原始值：17.982'>18.0</span>", "<span data-toggle='tooltip' data-placement='right' title='原始值：6.5'>6.50</span>", "<span data-toggle='tooltip' data-placement='right' title='原始值：0.03289'>0.033</span>", "<span data-toggle='tooltip' data-placement='right' title='原始值：0.01672'>0.017</span>", "<span data-toggle='tooltip' data-placement='right' title='原始值：2.34174'>2.34</span>", "<span data-toggle='tooltip' data-placement='right' title='原始值：0.02247'>0.022</span>", "<span data-toggle='tooltip' data-placement='right' title='原始值：2.957596E+07'>29575960</span>", "正常"], ["云南省", "滇池流域", "<span data-toggle='tooltip' data-placement='right' title='所在地市:昆明市&#10;所属河流:滇池'>观音山</span>", "10-24 08:00", "劣Ⅴ", "<span data-toggle='tooltip' data-placement='right' title='原始值：17.46888'>17.5</span>", "<span data-toggle='tooltip' data-placement='right' title='原始值：9.52934'>9.53</span>", "<span data-toggle='tooltip' data-placement='right' title='原始值：8.72959'>8.73</span>", "<span data-toggle='tooltip' data-placement='right' title='原始值：391.1248'>391.1</span>", "<span data-toggle='tooltip' data-placement='right' title='原始值：40.9166'>40.9</span>", "<span data-toggle='tooltip' data-placement='right' title='原始值：6.48462'>6.48</span>", "<span data-toggle='tooltip' data-placement='right' title='原始值：0.72'>0.720</span>", "<span data-toggle='tooltip' data-placement='right' title='原始值：0.0749'>0.075</span>", "<span data-toggle='tooltip' data-placement='right' title='原始值：1.178'>1.18</span>", "<span data-toggle='tooltip' data-placement='right' title='原始值：0.0059'>0.006</span>", "<span data-toggle='tooltip' data-placement='right' title='原始值：4.557906E+07'>45579060</span>", "正常"], ["云南省", "西南诸河", "<span data-toggle='tooltip' data-placement='right' title='所在地市:红河哈尼族彝族自治州&#10;所属河流:红河'>河口县医院(河口)</span>", "10-24 08:00", "Ⅱ", "<span data-toggle='tooltip' data-placement='right' title='原始值：22.4368'>22.4</span>", "<span data-toggle='tooltip' data-placement='right' title='原始值：7.0705'>7.07</span>", "<span data-toggle='tooltip' data-placement='right' title='原始值：8.36257'>8.36</span>", "<span data-toggle='tooltip' data-placement='right' title='原始值：172.8861'>172.9</span>", "<span data-toggle='tooltip' data-placement='right' title='原始值：128.4789'>128.5</span>", "<span data-toggle='tooltip' data-placement='right' title='原始值：1.44377'>1.44</span>", "<span data-toggle='tooltip' data-placement='right' title='原始值：0.13907'>0.139</span>", "<span data-toggle='tooltip' data-placement='right' title='原始值：0.08724'>0.087</span>", "<span data-toggle='tooltip' data-placement='right' title='原始值：1.43621'>1.44</span>", "*", "*", "正常"], ["云南省", "西南诸河", "<span data-toggle='tooltip' data-placement='right' title='所在地市:西双版纳傣族自治州&#10;所属河流:澜沧江'>橄榄坝</span>", "10-24 08:00", "Ⅲ", "<span data-toggle='tooltip' data-placement='right' title='原始值：19.33608'>19.3</span>", "<span data-toggle='tooltip' data-placement='right' title='原始值：7.70465'>7.70</span>", "<span data-toggle='tooltip' data-placement='right' title='原始值：5.30899'>5.31</span>", "<span data-toggle='tooltip' data-placement='right' title='原始值：472.3701'>472.4</span>", "<span data-toggle='tooltip' data-placement='right' title='原始值：14.025'>14.0</span>", "<span data-toggle='tooltip' data-placement='right' title='原始值：0.67'>0.67</span>", "<span data-toggle='tooltip' data-placement='right' title='原始值：0.05158'>0.052</span>", "*", "*", "*", "*", "正常"], ["陕西省", "黄河流域", "<span data-toggle='tooltip' data-placement='right' title='所在地市:渭南市&#10;所属河流:渭河'>潼关吊桥</span>", null, "", "--", "--", "--", "--", "--", "--", "--", "--", "--", "*", "*", "停站"], ["甘肃省", "黄河流域", "<span data-toggle='tooltip' data-placement='right' title='所在地市:兰州市&#10;所属河流:黄河'>新城桥</span>", null, "", "--", "--", "--", "--", "--", "--", "--", "--", "--", "*", "*", "停站"], ["宁夏回族自治区", "黄河流域", "<span data-toggle='tooltip' data-placement='right' title='所在地市:中卫市&#10;所属河流:黄河'>中卫下河沿(新墩)</span>", "10-24 08:00", "Ⅱ", "<span data-toggle='tooltip' data-placement='right' title='原始值：14.75761'>14.8</span>", "<span data-toggle='tooltip' data-placement='right' title='原始值：7.28957'>7.29</span>", "<span data-toggle='tooltip' data-placement='right' title='原始值：8.64861'>8.65</span>", "<span data-toggle='tooltip' data-placement='right' title='原始值：561.7589'>561.8</span>", "<span data-toggle='tooltip' data-placement='right' title='原始值：30.66515'>30.7</span>", "<span data-toggle='tooltip' data-placement='right' title='原始值：1.59'>1.59</span>", "<span data-toggle='tooltip' data-placement='right' title='原始值：0.03'>0.030</span>", "<span data-toggle='tooltip' data-placement='right' title='原始值：0.0298'>0.030</span>", "<span data-toggle='tooltip' data-placement='right' title='原始值：1.5879'>1.59</span>", "*", "*", "正常"]]}