{"result": 1, "total": 2, "records": 100, "thead": ["省份", "流域", "断面名称", "监测时间", "水质类别", "水温<br/><span class='unit'>(℃)</span>", "pH<br/><span class='unit'>(无量纲)</span>", "溶解氧<br/><span class='unit'>(mg/L)</span>", "电导率<br/><span class='unit'>(μS/cm)</span>", "浊度<br/><span class='unit'>(NTU)</span>", "高锰酸盐指数<br/><span class='unit'>(mg/L)</span>", "氨氮<br/><span class='unit'>(mg/L)</span>", "总磷<br/><span class='unit'>(mg/L)</span>", "总氮<br/><span class='unit'>(mg/L)</span>", "叶绿素α<br/><span class='unit'>(mg/L)</span>", "藻密度<br/><span class='unit'>(cells/L)</span>", "站点情况"], "tbody": [["北京市", "海河流域", "<span data-toggle='tooltip' data-placement='right' title='所在地市:门头沟区&#10;所属河流:永定河'>沿河城</span>", null, "", "--", "--", "--", "--", "--", "--", "--", "--", "--", "*", "*", "停站"], ["北京市", "淮河流域", "<span data-toggle='tooltip' data-placement='right' title='所在地市:房山区&#10;所属河流:小清河'>八间房漫水桥</span>", "04-03 08:00", "Ⅲ", "<span data-toggle='tooltip' data-placement='right' title='原始值：14.8'>14.8</span>", "<span data-toggle='tooltip' data-placement='right' title='原始值：7.64'>7.64</span>", "<span data-toggle='tooltip' data-placement='right' title='原始值：7.86'>7.86</span>", "<span data-toggle='tooltip' data-placement='right' title='原始值：1088.9'>1088.9</span>", "<span data-toggle='tooltip' data-placement='right' title='原始值：9.24'>9.2</span>", "<span data-toggle='tooltip' data-placement='right' title='原始值：4.357'>4.36</span>", "<span data-toggle='tooltip' data-placement='right' title='原始值：0.016'>0.016</span>", "<span data-toggle='tooltip' data-placement='right' title='原始值：0.048'>0.048</span>", "<span data-toggle='tooltip' data-placement='right' title='原始值：3.65'>3.65</span>", "*", "*", "正常"], ["北京市", "海河流域", "<span data-toggle='tooltip' data-placement='right' title='所在地市:密云区&#10;所属河流:潮河'>古北口</span>", "04-03 08:00", "Ⅰ", "<span data-toggle='tooltip' data-placement='right' title='原始值：11.94939'>11.9</span>", "<span data-toggle='tooltip' data-placement='right' title='原始值：7.90786'>7.91</span>", "<span data-toggle='tooltip' data-placement='right' title='原始值：10.81343'>10.81</span>", "<span data-toggle='tooltip' data-placement='right' title='原始值：599.4598'>599.5</span>", "<span data-toggle='tooltip' data-placement='right' title='原始值：7.71079'>7.7</span>", "<span data-toggle='tooltip' data-placement='right' title='原始值：0.63007'>0.63</span>", "<span data-toggle='tooltip' data-placement='right' title='原始值：0.11'>0.110</span>", "<span data-toggle='tooltip' data-placement='right' title='原始值：0.0011'>0.001</span>", "<span data-toggle='tooltip' data-placement='right' title='原始值：8.0105'>8.01</span>", "*", "*", "正常"], ["天津市", "海河流域", "<span data-toggle='tooltip' data-placement='right' title='所在地市:河北区&#10;所属河流:海河'>三岔口</span>", "04-03 08:00", "Ⅱ", "<span data-toggle='tooltip' data-placement='right' title='原始值：13.84'>13.8</span>", "<span data-toggle='tooltip' data-placement='right' title='原始值：7.9351'>7.94</span>", "<span data-toggle='tooltip' data-placement='right' title='原始值：9.899'>9.90</span>", "<span data-toggle='tooltip' data-placement='right' title='原始值：699.9358'>699.9</span>", "<span data-toggle='tooltip' data-placement='right' title='原始值：14.995'>15.0</span>", "<span data-toggle='tooltip' data-placement='right' title='原始值：1.57'>1.57</span>", "<span data-toggle='tooltip' data-placement='right' title='原始值：0.07'>0.070</span>", "<span data-toggle='tooltip' data-placement='right' title='原始值：0.033'>0.033</span>", "<span data-toggle='tooltip' data-placement='right' title='原始值：1.0486'>1.05</span>", "*", "*", "正常"], ["天津市", "海河流域", "<span data-toggle='tooltip' data-placement='right' title='所在地市:蓟州区&#10;所属河流:果河'>果河桥</span>", "04-03 08:00", "Ⅱ", "<span data-toggle='tooltip' data-placement='right' title='原始值：14'>14.0</span>", "<span data-toggle='tooltip' data-placement='right' title='原始值：8.57'>8.57</span>", "<span data-toggle='tooltip' data-placement='right' title='原始值：11.945'>11.94</span>", "<span data-toggle='tooltip' data-placement='right' title='原始值：771.164'>771.2</span>", "<span data-toggle='tooltip' data-placement='right' title='原始值：35.5'>35.5</span>", "<span data-toggle='tooltip' data-placement='right' title='原始值：1.51'>1.51</span>", "<span data-toggle='tooltip' data-placement='right' title='原始值：0.16'>0.160</span>", "<span data-toggle='tooltip' data-placement='right' title='原始值：0.052'>0.052</span>", "<span data-toggle='tooltip' data-placement='right' title='原始值：9.56'>9.56</span>", "*", "*", "正常"], ["河北省", "海河流域", "<span data-toggle='tooltip' data-placement='right' title='所在地市:石家庄市&#10;所属河流:滹沱河'>岗南水库</span>", "04-03 08:00", "Ⅱ", "<span data-toggle='tooltip' data-placement='right' title='原始值：13.70433'>13.7</span>", "<span data-toggle='tooltip' data-placement='right' title='原始值：8.87752'>8.88</span>", "<span data-toggle='tooltip' data-placement='right' title='原始值：15.49746'>15.50</span>", "<span data-toggle='tooltip' data-placement='right' title='原始值：575.814'>575.8</span>", "<span data-toggle='tooltip' data-placement='right' title='原始值：3.70154'>3.7</span>", "<span data-toggle='tooltip' data-placement='right' title='原始值：2.24215'>2.24</span>", "<span data-toggle='tooltip' data-placement='right' title='原始值：0.06'>0.060</span>", "<span data-toggle='tooltip' data-placement='right' title='原始值：0.00363'>0.004</span>", "<span data-toggle='tooltip' data-placement='right' title='原始值：1.00701'>1.01</span>", "*", "*", "正常"], ["河北省", "海河流域", "<span data-toggle='tooltip' data-placement='right' title='所在地市:张家口市&#10;所属河流:永定河'>八号桥</span>", "04-03 08:00", "Ⅲ", "<span data-toggle='tooltip' data-placement='right' title='原始值：11.45203'>11.5</span>", "<span data-toggle='tooltip' data-placement='right' title='原始值：8.34173'>8.34</span>", "<span data-toggle='tooltip' data-placement='right' title='原始值：10.42738'>10.43</span>", "<span data-toggle='tooltip' data-placement='right' title='原始值：1263.096'>1263.1</span>", "<span data-toggle='tooltip' data-placement='right' title='原始值：30.70238'>30.7</span>", "<span data-toggle='tooltip' data-placement='right' title='原始值：4.47'>4.47</span>", "<span data-toggle='tooltip' data-placement='right' title='原始值：0.21'>0.210</span>", "<span data-toggle='tooltip' data-placement='right' title='原始值：0.1565'>0.156</span>", "<span data-toggle='tooltip' data-placement='right' title='原始值：6.165'>6.16</span>", "*", "*", "正常"], ["山西省", "黄河流域", "<span data-toggle='tooltip' data-placement='right' title='所在地市:运城市&#10;所属河流:汾河'>河津大桥</span>", null, "", "--", "--", "--", "--", "--", "--", "--", "--", "--", "*", "*", "停站"], ["山西省", "黄河流域", "<span data-toggle='tooltip' data-placement='right' title='所在地市:忻州市&#10;所属河流:黄河'>万家寨水库</span>", null, "", "--", "--", "--", "--", "--", "--", "--", "--", "--", "*", "*", "停站"], ["内蒙古自治区", "黄河流域", "<span data-toggle='tooltip' data-placement='right' title='所在地市:包头市&#10;所属河流:黄河'>画匠营子</span>", "04-03 08:00", "Ⅲ", "<span data-toggle='tooltip' data-placement='right' title='原始值：11.97838'>12.0</span>", "<span data-toggle='tooltip' data-placement='right' title='原始值：7.94586'>7.95</span>", "<span data-toggle='tooltip' data-placement='right' title='原始值：8.91245'>8.91</span>", "<span data-toggle='tooltip' data-placement='right' title='原始值：1257.444'>1257.4</span>", "<span data-toggle='tooltip' data-placement='right' title='原始值：3292.543'>3292.5</span>", "<span data-toggle='tooltip' data-placement='right' title='原始值：4.64332'>4.64</span>", "<span data-toggle='tooltip' data-placement='right' title='原始值：0.06482'>0.065</span>", "*", "*", "*", "*", "正常"], ["内蒙古自治区", "黄河流域", "<span data-toggle='tooltip' data-placement='right' title='所在地市:乌海市&#10;所属河流:黄河'>海勃湾</span>", "04-03 08:00", "Ⅰ", "<span data-toggle='tooltip' data-placement='right' title='原始值：9.96912'>10.0</span>", "<span data-toggle='tooltip' data-placement='right' title='原始值：8.02986'>8.03</span>", "<span data-toggle='tooltip' data-placement='right' title='原始值：9.75607'>9.76</span>", "<span data-toggle='tooltip' data-placement='right' title='原始值：871.1495'>871.1</span>", "<span data-toggle='tooltip' data-placement='right' title='原始值：18.33647'>18.3</span>", "<span data-toggle='tooltip' data-placement='right' title='原始值：1.57'>1.57</span>", "<span data-toggle='tooltip' data-placement='right' title='原始值：0.09'>0.090</span>", "*", "*", "*", "*", "正常"], ["内蒙古自治区", "松花江流域", "<span data-toggle='tooltip' data-placement='right' title='所在地市:呼伦贝尔市&#10;所属河流:额尔古纳河'>黑山头</span>", null, "", "--", "--", "--", "--", "--", "--", "--", "--", "--", "*", "*", "停站"], ["辽宁省", "辽河流域", "<span data-toggle='tooltip' data-placement='right' title='所在地市:抚顺市&#10;所属河流:浑河'>大伙房水库</span>", "04-03 08:00", "Ⅱ", "<span data-toggle='tooltip' data-placement='right' title='原始值：6.82509'>6.8</span>", "<span data-toggle='tooltip' data-placement='right' title='原始值：7.62951'>7.63</span>", "<span data-toggle='tooltip' data-placement='right' title='原始值：10.39152'>10.39</span>", "<span data-toggle='tooltip' data-placement='right' title='原始值：330.5768'>330.6</span>", "<span data-toggle='tooltip' data-placement='right' title='原始值：9.19351'>9.2</span>", "<span data-toggle='tooltip' data-placement='right' title='原始值：2.75005'>2.75</span>", "<span data-toggle='tooltip' data-placement='right' title='原始值：0.18'>0.180</span>", "<span data-toggle='tooltip' data-placement='right' title='原始值：0.01236'>0.012</span>", "<span data-toggle='tooltip' data-placement='right' title='原始值：3.07631'>3.08</span>", "<span data-toggle='tooltip' data-placement='right' title='原始值：0.00337'>0.003</span>", "*", "正常"], ["辽宁省", "辽河流域", "<span data-toggle='tooltip' data-placement='right' title='所在地市:丹东市&#10;所属河流:鸭绿江'>江桥</span>", "04-03 08:00", "劣Ⅴ", "<span data-toggle='tooltip' data-placement='right' title='原始值：8.2'>8.2</span>", "<span data-toggle='tooltip' data-placement='right' title='原始值：5.9075'>5.91</span>", "<span data-toggle='tooltip' data-placement='right' title='原始值：10.75742'>10.76</span>", "<span data-toggle='tooltip' data-placement='right' title='原始值：149.0077'>149.0</span>", "<span data-toggle='tooltip' data-placement='right' title='原始值：7.75782'>7.8</span>", "<span data-toggle='tooltip' data-placement='right' title='原始值：1.05'>1.05</span>", "<span data-toggle='tooltip' data-placement='right' title='原始值：0.08719'>0.087</span>", "<span data-toggle='tooltip' data-placement='right' title='原始值：0.01499'>0.015</span>", "<span data-toggle='tooltip' data-placement='right' title='原始值：1.76622'>1.77</span>", "*", "*", "正常"], ["辽宁省", "辽河流域", "<span data-toggle='tooltip' data-placement='right' title='所在地市:营口市&#10;所属河流:大辽河'>辽河公园</span>", "04-03 08:00", "Ⅴ", "<span data-toggle='tooltip' data-placement='right' title='原始值：12.11632'>12.1</span>", "<span data-toggle='tooltip' data-placement='right' title='原始值：7.77563'>7.78</span>", "<span data-toggle='tooltip' data-placement='right' title='原始值：9.12825'>9.13</span>", "<span data-toggle='tooltip' data-placement='right' title='原始值：10070.06'>10070.1</span>", "<span data-toggle='tooltip' data-placement='right' title='原始值：239.3558'>239.4</span>", "<span data-toggle='tooltip' data-placement='right' title='原始值：6.84279'>6.84</span>", "<span data-toggle='tooltip' data-placement='right' title='原始值：1.85094'>1.851</span>", "<span data-toggle='tooltip' data-placement='right' title='原始值：0.21401'>0.214</span>", "<span data-toggle='tooltip' data-placement='right' title='原始值：7.70218'>7.70</span>", "*", "*", "正常"], ["辽宁省", "辽河流域", "<span data-toggle='tooltip' data-placement='right' title='所在地市:辽阳市&#10;所属河流:太子河'>汤河水库</span>", null, "", "--", "--", "--", "--", "--", "--", "--", "--", "--", "*", "*", "停站"], ["辽宁省", "辽河流域", "<span data-toggle='tooltip' data-placement='right' title='所在地市:盘锦市&#10;所属河流:辽河'>盘锦兴安(兴安)</span>", null, "", "--", "--", "--", "--", "--", "--", "--", "--", "--", "*", "*", "停站"], ["辽宁省", "辽河流域", "<span data-toggle='tooltip' data-placement='right' title='所在地市:铁岭市&#10;所属河流:辽河'>珠尔山</span>", "04-03 08:00", "Ⅲ", "<span data-toggle='tooltip' data-placement='right' title='原始值：10.6455'>10.6</span>", "<span data-toggle='tooltip' data-placement='right' title='原始值：7.85075'>7.85</span>", "<span data-toggle='tooltip' data-placement='right' title='原始值：10.25153'>10.25</span>", "<span data-toggle='tooltip' data-placement='right' title='原始值：604.559'>604.6</span>", "<span data-toggle='tooltip' data-placement='right' title='原始值：9.86655'>9.9</span>", "<span data-toggle='tooltip' data-placement='right' title='原始值：3.36109'>3.36</span>", "<span data-toggle='tooltip' data-placement='right' title='原始值：0.44'>0.440</span>", "<span data-toggle='tooltip' data-placement='right' title='原始值：0.10017'>0.100</span>", "<span data-toggle='tooltip' data-placement='right' title='原始值：6.27302'>6.27</span>", "*", "*", "正常"], ["吉林省", "松花江流域", "<span data-toggle='tooltip' data-placement='right' title='所在地市:长春市&#10;所属河流:松花江'>松花江村</span>", null, "", "--", "--", "--", "--", "--", "--", "--", "--", "--", "*", "*", "停站"], ["吉林省", "松花江流域", "<span data-toggle='tooltip' data-placement='right' title='所在地市:白城市&#10;所属河流:嫩江'>白沙滩</span>", "04-03 08:00", "Ⅱ", "<span data-toggle='tooltip' data-placement='right' title='原始值：6.67274'>6.7</span>", "<span data-toggle='tooltip' data-placement='right' title='原始值：6.82124'>6.82</span>", "<span data-toggle='tooltip' data-placement='right' title='原始值：12.65304'>12.65</span>", "<span data-toggle='tooltip' data-placement='right' title='原始值：242.0933'>242.1</span>", "<span data-toggle='tooltip' data-placement='right' title='原始值：75.16254'>75.2</span>", "<span data-toggle='tooltip' data-placement='right' title='原始值：2.51481'>2.51</span>", "<span data-toggle='tooltip' data-placement='right' title='原始值：0.20091'>0.201</span>", "<span data-toggle='tooltip' data-placement='right' title='原始值：0.07904'>0.079</span>", "<span data-toggle='tooltip' data-placement='right' title='原始值：2.28341'>2.28</span>", "*", "*", "正常"], ["吉林省", "松花江流域", "<span data-toggle='tooltip' data-placement='right' title='所在地市:延边朝鲜族自治州&#10;所属河流:图们江'>圈河</span>", "04-03 08:00", "Ⅳ", "<span data-toggle='tooltip' data-placement='right' title='原始值：11.15'>11.2</span>", "<span data-toggle='tooltip' data-placement='right' title='原始值：6.89'>6.89</span>", "<span data-toggle='tooltip' data-placement='right' title='原始值：9.275'>9.28</span>", "<span data-toggle='tooltip' data-placement='right' title='原始值：175'>175.0</span>", "<span data-toggle='tooltip' data-placement='right' title='原始值：138'>138.0</span>", "<span data-toggle='tooltip' data-placement='right' title='原始值：7.71'>7.71</span>", "<span data-toggle='tooltip' data-placement='right' title='原始值：0.47965'>0.480</span>", "<span data-toggle='tooltip' data-placement='right' title='原始值：0.21568'>0.216</span>", "<span data-toggle='tooltip' data-placement='right' title='原始值：0.09074'>0.09</span>", "*", "*", "正常"], ["黑龙江省", "松花江流域", "<span data-toggle='tooltip' data-placement='right' title='所在地市:大庆市&#10;所属河流:松花江'>肇源</span>", null, "", "--", "--", "--", "--", "--", "--", "--", "--", "--", "*", "*", "停站"], ["黑龙江省", "松花江流域", "<span data-toggle='tooltip' data-placement='right' title='所在地市:佳木斯市&#10;所属河流:乌苏里江'>乌苏镇</span>", null, "", "--", "--", "--", "--", "--", "--", "--", "--", "--", "*", "*", "停站"], ["黑龙江省", "松花江流域", "<span data-toggle='tooltip' data-placement='right' title='所在地市:佳木斯市&#10;所属河流:松花江'>同江</span>", null, "", "--", "--", "--", "--", "--", "--", "--", "--", "--", "*", "*", "停站"], ["黑龙江省", "松花江流域", "<span data-toggle='tooltip' data-placement='right' title='所在地市:黑河市&#10;所属河流:黑龙江'>黑河下(黑河)</span>", null, "", "--", "--", "--", "--", "--", "--", "--", "--", "--", "*", "*", "停站"], ["上海市", "长江流域", "<span data-toggle='tooltip' data-placement='right' title='所在地市:青浦区&#10;所属河流:淀山湖'>急水港桥</span>", "04-03 08:00", "Ⅳ", "<span data-toggle='tooltip' data-placement='right' title='原始值：17.6'>17.6</span>", "<span data-toggle='tooltip' data-placement='right' title='原始值：7.18'>7.18</span>", "<span data-toggle='tooltip' data-placement='right' title='原始值：5.82'>5.82</span>", "<span data-toggle='tooltip' data-placement='right' title='原始值：708'>708.0</span>", "<span data-toggle='tooltip' data-placement='right' title='原始值：137.2'>137.2</span>", "<span data-toggle='tooltip' data-placement='right' title='原始值：3.34375'>3.34</span>", "<span data-toggle='tooltip' data-placement='right' title='原始值：0.39666'>0.397</span>", "<span data-toggle='tooltip' data-placement='right' title='原始值：0.06727'>0.067</span>", "<span data-toggle='tooltip' data-placement='right' title='原始值：3.86521'>3.87</span>", "<span data-toggle='tooltip' data-placement='right' title='原始值：0.01238'>0.012</span>", "<span data-toggle='tooltip' data-placement='right' title='原始值：7070942'>7070942</span>", "正常"], ["江苏省", "长江流域", "<span data-toggle='tooltip' data-placement='right' title='所在地市:南京市&#10;所属河流:长江'>林山</span>", "04-03 08:00", "Ⅰ", "<span data-toggle='tooltip' data-placement='right' title='原始值：18.097'>18.1</span>", "<span data-toggle='tooltip' data-placement='right' title='原始值：7.79797'>7.80</span>", "<span data-toggle='tooltip' data-placement='right' title='原始值：7.59594'>7.60</span>", "<span data-toggle='tooltip' data-placement='right' title='原始值：322.527'>322.5</span>", "<span data-toggle='tooltip' data-placement='right' title='原始值：17.2477'>17.2</span>", "<span data-toggle='tooltip' data-placement='right' title='原始值：1.74'>1.74</span>", "<span data-toggle='tooltip' data-placement='right' title='原始值：0.04555'>0.046</span>", "*", "*", "*", "*", "正常"], ["江苏省", "太湖流域", "<span data-toggle='tooltip' data-placement='right' title='所在地市:无锡市&#10;所属河流:太湖'>沙渚</span>", "04-03 08:00", "Ⅱ", "<span data-toggle='tooltip' data-placement='right' title='原始值：18.05791'>18.1</span>", "<span data-toggle='tooltip' data-placement='right' title='原始值：7.840847'>7.84</span>", "<span data-toggle='tooltip' data-placement='right' title='原始值：7.529424'>7.53</span>", "<span data-toggle='tooltip' data-placement='right' title='原始值：552.4628'>552.5</span>", "<span data-toggle='tooltip' data-placement='right' title='原始值：45.64542'>45.6</span>", "<span data-toggle='tooltip' data-placement='right' title='原始值：2.568166'>2.57</span>", "<span data-toggle='tooltip' data-placement='right' title='原始值：0.23'>0.230</span>", "<span data-toggle='tooltip' data-placement='right' title='原始值：0.0454'>0.045</span>", "<span data-toggle='tooltip' data-placement='right' title='原始值：1.736'>1.74</span>", "<span data-toggle='tooltip' data-placement='right' title='原始值：0.030849'>0.031</span>", "*", "正常"], ["江苏省", "淮河流域", "<span data-toggle='tooltip' data-placement='right' title='所在地市:徐州市&#10;所属河流:武河'>小红圈</span>", "04-03 08:00", "Ⅱ", "<span data-toggle='tooltip' data-placement='right' title='原始值：13.89'>13.9</span>", "<span data-toggle='tooltip' data-placement='right' title='原始值：7.07'>7.07</span>", "<span data-toggle='tooltip' data-placement='right' title='原始值：7.82'>7.82</span>", "<span data-toggle='tooltip' data-placement='right' title='原始值：634.8'>634.8</span>", "<span data-toggle='tooltip' data-placement='right' title='原始值：24.85'>24.8</span>", "<span data-toggle='tooltip' data-placement='right' title='原始值：3.83'>3.83</span>", "<span data-toggle='tooltip' data-placement='right' title='原始值：0.198'>0.198</span>", "*", "*", "*", "*", "正常"], ["江苏省", "淮河流域", "<span data-toggle='tooltip' data-placement='right' title='所在地市:徐州市&#10;所属河流:沿河'>李集桥</span>", "04-03 08:00", "Ⅲ", "<span data-toggle='tooltip' data-placement='right' title='原始值：14.53'>14.5</span>", "<span data-toggle='tooltip' data-placement='right' title='原始值：7.89'>7.89</span>", "<span data-toggle='tooltip' data-placement='right' title='原始值：9.3'>9.30</span>", "<span data-toggle='tooltip' data-placement='right' title='原始值：1221.3'>1221.3</span>", "<span data-toggle='tooltip' data-placement='right' title='原始值：11.22'>11.2</span>", "<span data-toggle='tooltip' data-placement='right' title='原始值：4.88'>4.88</span>", "<span data-toggle='tooltip' data-placement='right' title='原始值：0.033'>0.033</span>", "<span data-toggle='tooltip' data-placement='right' title='原始值：0.039'>0.039</span>", "<span data-toggle='tooltip' data-placement='right' title='原始值：1.841'>1.84</span>", "*", "*", "正常"], ["江苏省", "淮河流域", "<span data-toggle='tooltip' data-placement='right' title='所在地市:徐州市&#10;所属河流:邳苍分洪道'>艾山西大桥</span>", "04-03 08:00", "Ⅱ", "<span data-toggle='tooltip' data-placement='right' title='原始值：13.9376'>13.9</span>", "<span data-toggle='tooltip' data-placement='right' title='原始值：7.96719'>7.97</span>", "<span data-toggle='tooltip' data-placement='right' title='原始值：9.26861'>9.27</span>", "<span data-toggle='tooltip' data-placement='right' title='原始值：843.451'>843.5</span>", "<span data-toggle='tooltip' data-placement='right' title='原始值：102.603'>102.6</span>", "<span data-toggle='tooltip' data-placement='right' title='原始值：3.74'>3.74</span>", "<span data-toggle='tooltip' data-placement='right' title='原始值：0.02'>0.020</span>", "<span data-toggle='tooltip' data-placement='right' title='原始值：0.02942'>0.029</span>", "<span data-toggle='tooltip' data-placement='right' title='原始值：5.86807'>5.87</span>", "*", "*", "正常"], ["江苏省", "太湖流域", "<span data-toggle='tooltip' data-placement='right' title='所在地市:苏州市&#10;所属河流:太湖'>兰山嘴(老)</span>", "04-03 08:00", "Ⅲ", "<span data-toggle='tooltip' data-placement='right' title='原始值：17.35054'>17.4</span>", "<span data-toggle='tooltip' data-placement='right' title='原始值：7.6395'>7.64</span>", "<span data-toggle='tooltip' data-placement='right' title='原始值：8.29093'>8.29</span>", "<span data-toggle='tooltip' data-placement='right' title='原始值：387.5409'>387.5</span>", "<span data-toggle='tooltip' data-placement='right' title='原始值：33.37574'>33.4</span>", "<span data-toggle='tooltip' data-placement='right' title='原始值：3.49'>3.49</span>", "<span data-toggle='tooltip' data-placement='right' title='原始值：0.12583'>0.126</span>", "<span data-toggle='tooltip' data-placement='right' title='原始值：0.11855'>0.119</span>", "<span data-toggle='tooltip' data-placement='right' title='原始值：4.74956'>4.75</span>", "<span data-toggle='tooltip' data-placement='right' title='原始值：0.04129'>0.041</span>", "*", "正常"], ["江苏省", "太湖流域", "<span data-toggle='tooltip' data-placement='right' title='所在地市:苏州市&#10;所属河流:太湖'>西山</span>", "04-03 08:00", "Ⅳ", "<span data-toggle='tooltip' data-placement='right' title='原始值：17.45707'>17.5</span>", "<span data-toggle='tooltip' data-placement='right' title='原始值：7.54035'>7.54</span>", "<span data-toggle='tooltip' data-placement='right' title='原始值：9.51106'>9.51</span>", "<span data-toggle='tooltip' data-placement='right' title='原始值：445.2245'>445.2</span>", "<span data-toggle='tooltip' data-placement='right' title='原始值：220.3798'>220.4</span>", "<span data-toggle='tooltip' data-placement='right' title='原始值：2.3'>2.30</span>", "<span data-toggle='tooltip' data-placement='right' title='原始值：0.14'>0.140</span>", "<span data-toggle='tooltip' data-placement='right' title='原始值：0.076'>0.076</span>", "<span data-toggle='tooltip' data-placement='right' title='原始值：1.425'>1.42</span>", "<span data-toggle='tooltip' data-placement='right' title='原始值：0.00666'>0.007</span>", "*", "正常"], ["江苏省", "淮河流域", "<span data-toggle='tooltip' data-placement='right' title='所在地市:连云港市&#10;所属河流:新沭河'>大兴桥</span>", "04-03 08:00", "Ⅲ", "<span data-toggle='tooltip' data-placement='right' title='原始值：14.8'>14.8</span>", "<span data-toggle='tooltip' data-placement='right' title='原始值：8.29'>8.29</span>", "<span data-toggle='tooltip' data-placement='right' title='原始值：8.12'>8.12</span>", "<span data-toggle='tooltip' data-placement='right' title='原始值：1137.8'>1137.8</span>", "<span data-toggle='tooltip' data-placement='right' title='原始值：98.74'>98.7</span>", "<span data-toggle='tooltip' data-placement='right' title='原始值：4.35'>4.35</span>", "<span data-toggle='tooltip' data-placement='right' title='原始值：0.066'>0.066</span>", "*", "*", "*", "*", "正常"], ["江苏省", "淮河流域", "<span data-toggle='tooltip' data-placement='right' title='所在地市:淮安市&#10;所属河流:淮河'>淮河大桥</span>", "04-03 08:00", "Ⅱ", "<span data-toggle='tooltip' data-placement='right' title='原始值：16.4756'>16.5</span>", "<span data-toggle='tooltip' data-placement='right' title='原始值：8.00071'>8.00</span>", "<span data-toggle='tooltip' data-placement='right' title='原始值：7.70399'>7.70</span>", "<span data-toggle='tooltip' data-placement='right' title='原始值：574.0439'>574.0</span>", "<span data-toggle='tooltip' data-placement='right' title='原始值：24.9354'>24.9</span>", "<span data-toggle='tooltip' data-placement='right' title='原始值：3.42'>3.42</span>", "<span data-toggle='tooltip' data-placement='right' title='原始值：0.27'>0.270</span>", "<span data-toggle='tooltip' data-placement='right' title='原始值：0.05225'>0.052</span>", "<span data-toggle='tooltip' data-placement='right' title='原始值：2.9825'>2.98</span>", "*", "*", "正常"], ["江苏省", "长江流域", "<span data-toggle='tooltip' data-placement='right' title='所在地市:扬州市&#10;所属河流:夹江'>三江营</span>", "04-03 08:00", "Ⅱ", "<span data-toggle='tooltip' data-placement='right' title='原始值：15.47'>15.5</span>", "<span data-toggle='tooltip' data-placement='right' title='原始值：7.8'>7.80</span>", "<span data-toggle='tooltip' data-placement='right' title='原始值：9.23'>9.23</span>", "<span data-toggle='tooltip' data-placement='right' title='原始值：300.73'>300.7</span>", "<span data-toggle='tooltip' data-placement='right' title='原始值：59.4'>59.4</span>", "<span data-toggle='tooltip' data-placement='right' title='原始值：2'>2.00</span>", "<span data-toggle='tooltip' data-placement='right' title='原始值：0.103'>0.103</span>", "<span data-toggle='tooltip' data-placement='right' title='原始值：0.085'>0.085</span>", "<span data-toggle='tooltip' data-placement='right' title='原始值：2.291'>2.29</span>", "*", "*", "正常"], ["江苏省", "淮河流域", "<span data-toggle='tooltip' data-placement='right' title='所在地市:宿迁市&#10;所属河流:新濉河'>大屈</span>", "04-03 08:00", "Ⅲ", "<span data-toggle='tooltip' data-placement='right' title='原始值：14.1'>14.1</span>", "<span data-toggle='tooltip' data-placement='right' title='原始值：8.07'>8.07</span>", "<span data-toggle='tooltip' data-placement='right' title='原始值：6.72'>6.72</span>", "<span data-toggle='tooltip' data-placement='right' title='原始值：830.5'>830.5</span>", "<span data-toggle='tooltip' data-placement='right' title='原始值：96.34'>96.3</span>", "<span data-toggle='tooltip' data-placement='right' title='原始值：5.56'>5.56</span>", "<span data-toggle='tooltip' data-placement='right' title='原始值：0.24'>0.240</span>", "<span data-toggle='tooltip' data-placement='right' title='原始值：0.058'>0.058</span>", "<span data-toggle='tooltip' data-placement='right' title='原始值：1.903'>1.90</span>", "*", "*", "正常"], ["浙江省", "浙闽片河流", "<span data-toggle='tooltip' data-placement='right' title='所在地市:杭州市&#10;所属河流:新安江'>街口(鸠坑口)</span>", "04-03 08:00", "Ⅱ", "<span data-toggle='tooltip' data-placement='right' title='原始值：19.29'>19.3</span>", "<span data-toggle='tooltip' data-placement='right' title='原始值：6.94'>6.94</span>", "<span data-toggle='tooltip' data-placement='right' title='原始值：8.37'>8.37</span>", "<span data-toggle='tooltip' data-placement='right' title='原始值：131.4'>131.4</span>", "<span data-toggle='tooltip' data-placement='right' title='原始值：5.57'>5.6</span>", "<span data-toggle='tooltip' data-placement='right' title='原始值：1.756'>1.76</span>", "<span data-toggle='tooltip' data-placement='right' title='原始值：0.057'>0.057</span>", "<span data-toggle='tooltip' data-placement='right' title='原始值：0.074'>0.074</span>", "<span data-toggle='tooltip' data-placement='right' title='原始值：1.866'>1.87</span>", "*", "*", "正常"], ["浙江省", "太湖流域", "<span data-toggle='tooltip' data-placement='right' title='所在地市:嘉兴市&#10;所属河流:斜路港河'>斜路港</span>", "04-03 08:00", "Ⅲ", "<span data-toggle='tooltip' data-placement='right' title='原始值：18.6'>18.6</span>", "<span data-toggle='tooltip' data-placement='right' title='原始值：7.39'>7.39</span>", "<span data-toggle='tooltip' data-placement='right' title='原始值：7.71'>7.71</span>", "<span data-toggle='tooltip' data-placement='right' title='原始值：754'>754.0</span>", "<span data-toggle='tooltip' data-placement='right' title='原始值：847.3'>847.3</span>", "<span data-toggle='tooltip' data-placement='right' title='原始值：4.99'>4.99</span>", "<span data-toggle='tooltip' data-placement='right' title='原始值：0.47725'>0.477</span>", "<span data-toggle='tooltip' data-placement='right' title='原始值：0.07103'>0.071</span>", "<span data-toggle='tooltip' data-placement='right' title='原始值：3.47295'>3.47</span>", "*", "*", "正常"], ["浙江省", "太湖流域", "<span data-toggle='tooltip' data-placement='right' title='所在地市:嘉兴市&#10;所属河流:京杭运河'>王江泾</span>", "04-03 08:00", "Ⅴ", "<span data-toggle='tooltip' data-placement='right' title='原始值：19.09'>19.1</span>", "<span data-toggle='tooltip' data-placement='right' title='原始值：7.08'>7.08</span>", "<span data-toggle='tooltip' data-placement='right' title='原始值：2.11'>2.11</span>", "<span data-toggle='tooltip' data-placement='right' title='原始值：778.74'>778.7</span>", "<span data-toggle='tooltip' data-placement='right' title='原始值：33.33'>33.3</span>", "<span data-toggle='tooltip' data-placement='right' title='原始值：5.71'>5.71</span>", "<span data-toggle='tooltip' data-placement='right' title='原始值：0.563'>0.563</span>", "<span data-toggle='tooltip' data-placement='right' title='原始值：0.07'>0.070</span>", "<span data-toggle='tooltip' data-placement='right' title='原始值：4.289'>4.29</span>", "*", "*", "正常"], ["浙江省", "太湖流域", "<span data-toggle='tooltip' data-placement='right' title='所在地市:湖州市&#10;所属河流:西苕溪'>新港口(新塘港)</span>", "04-03 08:00", "Ⅱ", "<span data-toggle='tooltip' data-placement='right' title='原始值：17.45'>17.4</span>", "<span data-toggle='tooltip' data-placement='right' title='原始值：7.15196'>7.15</span>", "<span data-toggle='tooltip' data-placement='right' title='原始值：6.33634'>6.34</span>", "<span data-toggle='tooltip' data-placement='right' title='原始值：303.285'>303.3</span>", "<span data-toggle='tooltip' data-placement='right' title='原始值：127.226'>127.2</span>", "<span data-toggle='tooltip' data-placement='right' title='原始值：2.74243'>2.74</span>", "<span data-toggle='tooltip' data-placement='right' title='原始值：0.42252'>0.423</span>", "<span data-toggle='tooltip' data-placement='right' title='原始值：0.07107'>0.071</span>", "<span data-toggle='tooltip' data-placement='right' title='原始值：14.27787'>14.28</span>", "<span data-toggle='tooltip' data-placement='right' title='原始值：0.02064'>0.021</span>", "*", "正常"], ["安徽省", "巢湖流域", "<span data-toggle='tooltip' data-placement='right' title='所在地市:合肥市&#10;所属河流:巢湖'>湖滨(老)</span>", null, "", "--", "--", "--", "--", "--", "--", "--", "--", "--", "--", "*", "维护"], ["安徽省", "巢湖流域", "<span data-toggle='tooltip' data-placement='right' title='所在地市:芜湖市&#10;所属河流:巢湖'>裕溪口(老)</span>", "04-03 08:00", "Ⅲ", "<span data-toggle='tooltip' data-placement='right' title='原始值：15.75935'>15.8</span>", "<span data-toggle='tooltip' data-placement='right' title='原始值：7.42306'>7.42</span>", "<span data-toggle='tooltip' data-placement='right' title='原始值：7.95465'>7.95</span>", "<span data-toggle='tooltip' data-placement='right' title='原始值：302.9367'>302.9</span>", "<span data-toggle='tooltip' data-placement='right' title='原始值：65.30906'>65.3</span>", "<span data-toggle='tooltip' data-placement='right' title='原始值：2.94'>2.94</span>", "<span data-toggle='tooltip' data-placement='right' title='原始值：0.14'>0.140</span>", "<span data-toggle='tooltip' data-placement='right' title='原始值：0.0381'>0.038</span>", "<span data-toggle='tooltip' data-placement='right' title='原始值：2.944'>2.94</span>", "<span data-toggle='tooltip' data-placement='right' title='原始值：0.0277'>0.028</span>", "*", "正常"], ["安徽省", "淮河流域", "<span data-toggle='tooltip' data-placement='right' title='所在地市:蚌埠市&#10;所属河流:淮河'>蚌埠闸上(蚌埠闸)</span>", "04-03 08:00", "Ⅱ", "<span data-toggle='tooltip' data-placement='right' title='原始值：15.57'>15.6</span>", "<span data-toggle='tooltip' data-placement='right' title='原始值：7.4'>7.40</span>", "<span data-toggle='tooltip' data-placement='right' title='原始值：10.6'>10.60</span>", "<span data-toggle='tooltip' data-placement='right' title='原始值：481.3'>481.3</span>", "<span data-toggle='tooltip' data-placement='right' title='原始值：134.21'>134.2</span>", "<span data-toggle='tooltip' data-placement='right' title='原始值：2.549'>2.55</span>", "<span data-toggle='tooltip' data-placement='right' title='原始值：0.224'>0.224</span>", "<span data-toggle='tooltip' data-placement='right' title='原始值：0.083'>0.083</span>", "<span data-toggle='tooltip' data-placement='right' title='原始值：2.351'>2.35</span>", "*", "*", "正常"], ["安徽省", "淮河流域", "<span data-toggle='tooltip' data-placement='right' title='所在地市:淮南市&#10;所属河流:淮河'>石头埠(老)</span>", "04-03 08:00", "Ⅳ", "<span data-toggle='tooltip' data-placement='right' title='原始值：15.66865'>15.7</span>", "<span data-toggle='tooltip' data-placement='right' title='原始值：6.66829'>6.67</span>", "<span data-toggle='tooltip' data-placement='right' title='原始值：4.5781'>4.58</span>", "<span data-toggle='tooltip' data-placement='right' title='原始值：444.2172'>444.2</span>", "<span data-toggle='tooltip' data-placement='right' title='原始值：37.30197'>37.3</span>", "<span data-toggle='tooltip' data-placement='right' title='原始值：3.26'>3.26</span>", "<span data-toggle='tooltip' data-placement='right' title='原始值：0.22'>0.220</span>", "*", "*", "*", "*", "正常"], ["安徽省", "淮河流域", "<span data-toggle='tooltip' data-placement='right' title='所在地市:淮北市&#10;所属河流:沱河'>小王桥</span>", "04-03 08:00", "Ⅳ", "<span data-toggle='tooltip' data-placement='right' title='原始值：14.44'>14.4</span>", "<span data-toggle='tooltip' data-placement='right' title='原始值：8.07'>8.07</span>", "<span data-toggle='tooltip' data-placement='right' title='原始值：8'>8.00</span>", "<span data-toggle='tooltip' data-placement='right' title='原始值：1894.97'>1895.0</span>", "<span data-toggle='tooltip' data-placement='right' title='原始值：17.46'>17.5</span>", "<span data-toggle='tooltip' data-placement='right' title='原始值：6.092'>6.09</span>", "<span data-toggle='tooltip' data-placement='right' title='原始值：0.022'>0.022</span>", "<span data-toggle='tooltip' data-placement='right' title='原始值：0.059'>0.059</span>", "<span data-toggle='tooltip' data-placement='right' title='原始值：0.951'>0.95</span>", "*", "*", "正常"], ["安徽省", "长江流域", "<span data-toggle='tooltip' data-placement='right' title='所在地市:安庆市&#10;所属河流:长江'>皖河口</span>", "04-03 08:00", "Ⅱ", "<span data-toggle='tooltip' data-placement='right' title='原始值：16.79'>16.8</span>", "<span data-toggle='tooltip' data-placement='right' title='原始值：7.508'>7.51</span>", "<span data-toggle='tooltip' data-placement='right' title='原始值：8.34'>8.34</span>", "<span data-toggle='tooltip' data-placement='right' title='原始值：281.47'>281.5</span>", "<span data-toggle='tooltip' data-placement='right' title='原始值：57.19'>57.2</span>", "<span data-toggle='tooltip' data-placement='right' title='原始值：1.947'>1.95</span>", "<span data-toggle='tooltip' data-placement='right' title='原始值：0.03'>0.030</span>", "<span data-toggle='tooltip' data-placement='right' title='原始值：0.0655'>0.066</span>", "<span data-toggle='tooltip' data-placement='right' title='原始值：2.339'>2.34</span>", "*", "*", "正常"], ["安徽省", "淮河流域", "<span data-toggle='tooltip' data-placement='right' title='所在地市:滁州市&#10;所属河流:淮河'>小柳巷</span>", "04-03 08:00", "Ⅱ", "<span data-toggle='tooltip' data-placement='right' title='原始值：14.4'>14.4</span>", "<span data-toggle='tooltip' data-placement='right' title='原始值：8'>8.00</span>", "<span data-toggle='tooltip' data-placement='right' title='原始值：9.3'>9.30</span>", "<span data-toggle='tooltip' data-placement='right' title='原始值：518.7'>518.7</span>", "<span data-toggle='tooltip' data-placement='right' title='原始值：56.85'>56.8</span>", "<span data-toggle='tooltip' data-placement='right' title='原始值：2.964'>2.96</span>", "<span data-toggle='tooltip' data-placement='right' title='原始值：0.321'>0.321</span>", "<span data-toggle='tooltip' data-placement='right' title='原始值：0.069'>0.069</span>", "<span data-toggle='tooltip' data-placement='right' title='原始值：2.344'>2.34</span>", "*", "*", "正常"], ["安徽省", "淮河流域", "<span data-toggle='tooltip' data-placement='right' title='所在地市:阜阳市&#10;所属河流:黑茨河'>张大桥</span>", null, "", "--", "--", "--", "--", "--", "--", "--", "--", "--", "*", "*", "维护"], ["安徽省", "淮河流域", "<span data-toggle='tooltip' data-placement='right' title='所在地市:阜阳市&#10;所属河流:淮河'>王家坝</span>", "04-03 08:00", "Ⅲ", "<span data-toggle='tooltip' data-placement='right' title='原始值：14.62968'>14.6</span>", "<span data-toggle='tooltip' data-placement='right' title='原始值：7.44471'>7.44</span>", "<span data-toggle='tooltip' data-placement='right' title='原始值：8.30476'>8.30</span>", "<span data-toggle='tooltip' data-placement='right' title='原始值：294.1484'>294.1</span>", "<span data-toggle='tooltip' data-placement='right' title='原始值：20.085'>20.1</span>", "<span data-toggle='tooltip' data-placement='right' title='原始值：3.24'>3.24</span>", "<span data-toggle='tooltip' data-placement='right' title='原始值：0.201'>0.201</span>", "<span data-toggle='tooltip' data-placement='right' title='原始值：0.10848'>0.108</span>", "<span data-toggle='tooltip' data-placement='right' title='原始值：2.28148'>2.28</span>", "*", "*", "正常"], ["安徽省", "淮河流域", "<span data-toggle='tooltip' data-placement='right' title='所在地市:阜阳市&#10;所属河流:颍河'>界首七渡口(七渡口)</span>", "04-03 08:00", "Ⅱ", "<span data-toggle='tooltip' data-placement='right' title='原始值：14.47204'>14.5</span>", "<span data-toggle='tooltip' data-placement='right' title='原始值：7.60564'>7.61</span>", "<span data-toggle='tooltip' data-placement='right' title='原始值：6.90803'>6.91</span>", "<span data-toggle='tooltip' data-placement='right' title='原始值：756.1659'>756.2</span>", "<span data-toggle='tooltip' data-placement='right' title='原始值：18.27709'>18.3</span>", "<span data-toggle='tooltip' data-placement='right' title='原始值：3.81'>3.81</span>", "<span data-toggle='tooltip' data-placement='right' title='原始值：0.39'>0.390</span>", "<span data-toggle='tooltip' data-placement='right' title='原始值：0.09056'>0.091</span>", "<span data-toggle='tooltip' data-placement='right' title='原始值：4.80276'>4.80</span>", "*", "*", "正常"], ["安徽省", "淮河流域", "<span data-toggle='tooltip' data-placement='right' title='所在地市:阜阳市&#10;所属河流:泉河'>许庄(徐庄)</span>", "04-03 08:00", "Ⅲ", "<span data-toggle='tooltip' data-placement='right' title='原始值：15.9'>15.9</span>", "<span data-toggle='tooltip' data-placement='right' title='原始值：7.47'>7.47</span>", "<span data-toggle='tooltip' data-placement='right' title='原始值：6.52'>6.52</span>", "<span data-toggle='tooltip' data-placement='right' title='原始值：1069.6'>1069.6</span>", "<span data-toggle='tooltip' data-placement='right' title='原始值：4.74'>4.7</span>", "<span data-toggle='tooltip' data-placement='right' title='原始值：4.85'>4.85</span>", "<span data-toggle='tooltip' data-placement='right' title='原始值：0.02'>0.020</span>", "<span data-toggle='tooltip' data-placement='right' title='原始值：0.049'>0.049</span>", "<span data-toggle='tooltip' data-placement='right' title='原始值：3.257'>3.26</span>", "*", "*", "正常"], ["安徽省", "淮河流域", "<span data-toggle='tooltip' data-placement='right' title='所在地市:宿州市&#10;所属河流:奎河'>杨庄</span>", "04-03 08:00", "Ⅲ", "<span data-toggle='tooltip' data-placement='right' title='原始值：14.96'>15.0</span>", "<span data-toggle='tooltip' data-placement='right' title='原始值：7.27'>7.27</span>", "<span data-toggle='tooltip' data-placement='right' title='原始值：9.21'>9.21</span>", "<span data-toggle='tooltip' data-placement='right' title='原始值：1081'>1081.0</span>", "<span data-toggle='tooltip' data-placement='right' title='原始值：96.3'>96.3</span>", "<span data-toggle='tooltip' data-placement='right' title='原始值：4.84'>4.84</span>", "<span data-toggle='tooltip' data-placement='right' title='原始值：0.878'>0.878</span>", "*", "*", "*", "*", "正常"], ["安徽省", "淮河流域", "<span data-toggle='tooltip' data-placement='right' title='所在地市:宿州市&#10;所属河流:新汴河'>泗县公路桥</span>", "04-03 08:00", "Ⅲ", "<span data-toggle='tooltip' data-placement='right' title='原始值：14.2'>14.2</span>", "<span data-toggle='tooltip' data-placement='right' title='原始值：8'>8.00</span>", "<span data-toggle='tooltip' data-placement='right' title='原始值：9.86'>9.86</span>", "<span data-toggle='tooltip' data-placement='right' title='原始值：955.7'>955.7</span>", "<span data-toggle='tooltip' data-placement='right' title='原始值：0.37'>0.4</span>", "<span data-toggle='tooltip' data-placement='right' title='原始值：4.97'>4.97</span>", "<span data-toggle='tooltip' data-placement='right' title='原始值：0.18'>0.180</span>", "*", "*", "*", "*", "正常"], ["安徽省", "淮河流域", "<span data-toggle='tooltip' data-placement='right' title='所在地市:亳州市&#10;所属河流:包河'>颜集</span>", "04-03 08:00", "Ⅲ", "<span data-toggle='tooltip' data-placement='right' title='原始值：12.8'>12.8</span>", "<span data-toggle='tooltip' data-placement='right' title='原始值：8.13'>8.13</span>", "<span data-toggle='tooltip' data-placement='right' title='原始值：9.9'>9.90</span>", "<span data-toggle='tooltip' data-placement='right' title='原始值：1496.2'>1496.2</span>", "<span data-toggle='tooltip' data-placement='right' title='原始值：121.09'>121.1</span>", "<span data-toggle='tooltip' data-placement='right' title='原始值：3.02'>3.02</span>", "<span data-toggle='tooltip' data-placement='right' title='原始值：0.12'>0.120</span>", "<span data-toggle='tooltip' data-placement='right' title='原始值：0.104'>0.104</span>", "<span data-toggle='tooltip' data-placement='right' title='原始值：4.026'>4.03</span>", "*", "*", "正常"], ["福建省", "浙闽片河流", "<span data-toggle='tooltip' data-placement='right' title='所在地市:福州市&#10;所属河流:闽江'>白岩潭</span>", "04-03 08:00", "Ⅱ", "<span data-toggle='tooltip' data-placement='right' title='原始值：20.51'>20.5</span>", "<span data-toggle='tooltip' data-placement='right' title='原始值：7.36'>7.36</span>", "<span data-toggle='tooltip' data-placement='right' title='原始值：9.16'>9.16</span>", "<span data-toggle='tooltip' data-placement='right' title='原始值：1976.6'>1976.6</span>", "<span data-toggle='tooltip' data-placement='right' title='原始值：169.79'>169.8</span>", "<span data-toggle='tooltip' data-placement='right' title='原始值：4'>4.00</span>", "<span data-toggle='tooltip' data-placement='right' title='原始值：0.27'>0.270</span>", "*", "*", "*", "*", "正常"], ["江西省", "长江流域", "<span data-toggle='tooltip' data-placement='right' title='所在地市:南昌市&#10;所属河流:赣江南支'>滁槎</span>", "04-03 08:00", "Ⅱ", "<span data-toggle='tooltip' data-placement='right' title='原始值：19.04514'>19.0</span>", "<span data-toggle='tooltip' data-placement='right' title='原始值：7.06715'>7.07</span>", "<span data-toggle='tooltip' data-placement='right' title='原始值：7.63815'>7.64</span>", "<span data-toggle='tooltip' data-placement='right' title='原始值：146.5008'>146.5</span>", "<span data-toggle='tooltip' data-placement='right' title='原始值：70.76595'>70.8</span>", "<span data-toggle='tooltip' data-placement='right' title='原始值：3.23'>3.23</span>", "<span data-toggle='tooltip' data-placement='right' title='原始值：0.46'>0.460</span>", "<span data-toggle='tooltip' data-placement='right' title='原始值：0.08025'>0.080</span>", "<span data-toggle='tooltip' data-placement='right' title='原始值：2.36'>2.36</span>", "*", "*", "正常"], ["江西省", "长江流域", "<span data-toggle='tooltip' data-placement='right' title='所在地市:九江市&#10;所属河流:长江'>姚港(河西水厂)</span>", "04-03 08:00", "Ⅱ", "<span data-toggle='tooltip' data-placement='right' title='原始值：15.97'>16.0</span>", "<span data-toggle='tooltip' data-placement='right' title='原始值：7.59'>7.59</span>", "<span data-toggle='tooltip' data-placement='right' title='原始值：9.05'>9.05</span>", "<span data-toggle='tooltip' data-placement='right' title='原始值：350.49'>350.5</span>", "<span data-toggle='tooltip' data-placement='right' title='原始值：31.44'>31.4</span>", "<span data-toggle='tooltip' data-placement='right' title='原始值：1.259'>1.26</span>", "<span data-toggle='tooltip' data-placement='right' title='原始值：0.099'>0.099</span>", "<span data-toggle='tooltip' data-placement='right' title='原始值：0.076'>0.076</span>", "<span data-toggle='tooltip' data-placement='right' title='原始值：2.148'>2.15</span>", "*", "*", "正常"], ["江西省", "长江流域", "<span data-toggle='tooltip' data-placement='right' title='所在地市:九江市&#10;所属河流:鄱阳湖'>蛤蟆石</span>", "04-03 08:00", "Ⅳ", "<span data-toggle='tooltip' data-placement='right' title='原始值：17.68'>17.7</span>", "<span data-toggle='tooltip' data-placement='right' title='原始值：7.1'>7.10</span>", "<span data-toggle='tooltip' data-placement='right' title='原始值：8.46'>8.46</span>", "<span data-toggle='tooltip' data-placement='right' title='原始值：144.42'>144.4</span>", "<span data-toggle='tooltip' data-placement='right' title='原始值：43.42'>43.4</span>", "<span data-toggle='tooltip' data-placement='right' title='原始值：1.965'>1.96</span>", "<span data-toggle='tooltip' data-placement='right' title='原始值：0.111'>0.111</span>", "<span data-toggle='tooltip' data-placement='right' title='原始值：0.0634'>0.063</span>", "<span data-toggle='tooltip' data-placement='right' title='原始值：1.389'>1.39</span>", "<span data-toggle='tooltip' data-placement='right' title='原始值：0.00136'>0.001</span>", "<span data-toggle='tooltip' data-placement='right' title='原始值：1831454'>1831454</span>", "正常"], ["山东省", "黄河流域", "<span data-toggle='tooltip' data-placement='right' title='所在地市:济南市&#10;所属河流:黄河'>泺口</span>", "04-03 08:00", "", "<span data-toggle='tooltip' data-placement='right' title='原始值：13.3483'>13.3</span>", "<span data-toggle='tooltip' data-placement='right' title='原始值：8.55449'>8.55</span>", "<span data-toggle='tooltip' data-placement='right' title='原始值：10.2795'>10.28</span>", "<span data-toggle='tooltip' data-placement='right' title='原始值：1054.67'>1054.7</span>", "<span data-toggle='tooltip' data-placement='right' title='原始值：498.22'>498.2</span>", "<span data-toggle='tooltip' data-placement='right' title='原始值：3.97'>3.97</span>", "<span data-toggle='tooltip' data-placement='right' title='原始值：0.23621'>0.236</span>", "<span data-toggle='tooltip' data-placement='right' title='极值过滤'>--</span>", "<span data-toggle='tooltip' data-placement='right' title='原始值：4.302'>4.30</span>", "*", "*", "维护"], ["山东省", "淮河流域", "<span data-toggle='tooltip' data-placement='right' title='所在地市:枣庄市&#10;所属河流:京杭大运河（韩庄运河）'>台儿庄大桥</span>", "04-03 08:00", "Ⅱ", "<span data-toggle='tooltip' data-placement='right' title='原始值：13.72016'>13.7</span>", "<span data-toggle='tooltip' data-placement='right' title='原始值：7.93644'>7.94</span>", "<span data-toggle='tooltip' data-placement='right' title='原始值：9.54172'>9.54</span>", "<span data-toggle='tooltip' data-placement='right' title='原始值：761.5944'>761.6</span>", "<span data-toggle='tooltip' data-placement='right' title='原始值：20.4368'>20.4</span>", "<span data-toggle='tooltip' data-placement='right' title='原始值：3.88803'>3.89</span>", "<span data-toggle='tooltip' data-placement='right' title='原始值：0.07259'>0.073</span>", "<span data-toggle='tooltip' data-placement='right' title='原始值：0.05543'>0.055</span>", "<span data-toggle='tooltip' data-placement='right' title='原始值：3.40075'>3.40</span>", "*", "*", "正常"], ["山东省", "淮河流域", "<span data-toggle='tooltip' data-placement='right' title='所在地市:临沂市&#10;所属河流:沭河'>清泉寺</span>", "04-03 08:00", "Ⅲ", "<span data-toggle='tooltip' data-placement='right' title='原始值：17.39212'>17.4</span>", "<span data-toggle='tooltip' data-placement='right' title='原始值：7.12687'>7.13</span>", "<span data-toggle='tooltip' data-placement='right' title='原始值：7.94159'>7.94</span>", "<span data-toggle='tooltip' data-placement='right' title='原始值：1267.87'>1267.9</span>", "<span data-toggle='tooltip' data-placement='right' title='原始值：13.37197'>13.4</span>", "<span data-toggle='tooltip' data-placement='right' title='原始值：4.83'>4.83</span>", "<span data-toggle='tooltip' data-placement='right' title='原始值：0.24'>0.240</span>", "*", "*", "*", "*", "正常"], ["山东省", "淮河流域", "<span data-toggle='tooltip' data-placement='right' title='所在地市:临沂市&#10;所属河流:沂河'>重坊桥</span>", null, "", "--", "--", "--", "--", "--", "--", "--", "--", "--", "*", "*", "停站"], ["山东省", "淮河流域", "<span data-toggle='tooltip' data-placement='right' title='所在地市:临沂市&#10;所属河流:白马河'>捷庄(涝沟桥)</span>", "04-03 08:00", "Ⅲ", "<span data-toggle='tooltip' data-placement='right' title='原始值：12.9'>12.9</span>", "<span data-toggle='tooltip' data-placement='right' title='原始值：7.80999'>7.81</span>", "<span data-toggle='tooltip' data-placement='right' title='原始值：9.1787'>9.18</span>", "<span data-toggle='tooltip' data-placement='right' title='原始值：856.9697'>857.0</span>", "<span data-toggle='tooltip' data-placement='right' title='原始值：10.9124'>10.9</span>", "<span data-toggle='tooltip' data-placement='right' title='原始值：5.19'>5.19</span>", "<span data-toggle='tooltip' data-placement='right' title='原始值：0.06439'>0.064</span>", "<span data-toggle='tooltip' data-placement='right' title='原始值：0.0473'>0.047</span>", "<span data-toggle='tooltip' data-placement='right' title='原始值：5.39614'>5.40</span>", "*", "*", "正常"], ["山东省", "海河流域", "<span data-toggle='tooltip' data-placement='right' title='所在地市:聊城市&#10;所属河流:卫运河'>秤勾湾(秤钩湾)</span>", null, "", "--", "--", "--", "--", "--", "--", "--", "--", "--", "*", "*", "停站"], ["河南省", "长江流域", "<span data-toggle='tooltip' data-placement='right' title='所在地市:南阳市&#10;所属河流:丹江口水库'>陶岔</span>", "04-03 08:00", "Ⅰ", "<span data-toggle='tooltip' data-placement='right' title='原始值：17.39'>17.4</span>", "<span data-toggle='tooltip' data-placement='right' title='原始值：7.98572'>7.99</span>", "<span data-toggle='tooltip' data-placement='right' title='原始值：8.73519'>8.74</span>", "<span data-toggle='tooltip' data-placement='right' title='原始值：282.3092'>282.3</span>", "<span data-toggle='tooltip' data-placement='right' title='原始值：1.35351'>1.4</span>", "<span data-toggle='tooltip' data-placement='right' title='原始值：1.94'>1.94</span>", "<span data-toggle='tooltip' data-placement='right' title='原始值：0.0245'>0.024</span>", "<span data-toggle='tooltip' data-placement='right' title='原始值：0.0069'>0.007</span>", "<span data-toggle='tooltip' data-placement='right' title='原始值：1.08844'>1.09</span>", "<span data-toggle='tooltip' data-placement='right' title='原始值：0.00365'>0.004</span>", "<span data-toggle='tooltip' data-placement='right' title='原始值：448240.9'>448241</span>", "正常"], ["河南省", "淮河流域", "<span data-toggle='tooltip' data-placement='right' title='所在地市:商丘市&#10;所属河流:浍河'>黄口</span>", "04-03 08:00", "Ⅳ", "<span data-toggle='tooltip' data-placement='right' title='原始值：13.5'>13.5</span>", "<span data-toggle='tooltip' data-placement='right' title='原始值：7.47031'>7.47</span>", "<span data-toggle='tooltip' data-placement='right' title='原始值：4.82063'>4.82</span>", "<span data-toggle='tooltip' data-placement='right' title='原始值：2392'>2392.0</span>", "<span data-toggle='tooltip' data-placement='right' title='原始值：20.97793'>21.0</span>", "<span data-toggle='tooltip' data-placement='right' title='原始值：3.22'>3.22</span>", "<span data-toggle='tooltip' data-placement='right' title='原始值：0.12623'>0.126</span>", "<span data-toggle='tooltip' data-placement='right' title='原始值：0.0712'>0.071</span>", "<span data-toggle='tooltip' data-placement='right' title='原始值：6.80945'>6.81</span>", "*", "*", "正常"], ["河南省", "淮河流域", "<span data-toggle='tooltip' data-placement='right' title='所在地市:信阳市&#10;所属河流:史灌河'>蒋集</span>", null, "", "--", "--", "--", "--", "--", "--", "--", "--", "--", "*", "*", "停站"], ["河南省", "淮河流域", "<span data-toggle='tooltip' data-placement='right' title='所在地市:信阳市&#10;所属河流:淮河'>息县大埠口</span>", null, "", "*", "--", "*", "*", "*", "*", "*", "*", "*", "*", "*", "维护"], ["河南省", "淮河流域", "<span data-toggle='tooltip' data-placement='right' title='所在地市:信阳市&#10;所属河流:淮河'>淮滨水文站(淮滨)</span>", "04-03 08:00", "Ⅲ", "<span data-toggle='tooltip' data-placement='right' title='原始值：15.6'>15.6</span>", "<span data-toggle='tooltip' data-placement='right' title='原始值：7.05'>7.05</span>", "<span data-toggle='tooltip' data-placement='right' title='原始值：8.48'>8.48</span>", "<span data-toggle='tooltip' data-placement='right' title='原始值：224'>224.0</span>", "<span data-toggle='tooltip' data-placement='right' title='原始值：85.08516'>85.1</span>", "<span data-toggle='tooltip' data-placement='right' title='原始值：3.60412'>3.60</span>", "<span data-toggle='tooltip' data-placement='right' title='原始值：0.002'>0.002</span>", "<span data-toggle='tooltip' data-placement='right' title='原始值：0.11448'>0.114</span>", "<span data-toggle='tooltip' data-placement='right' title='原始值：1.93894'>1.94</span>", "*", "*", "正常"], ["河南省", "淮河流域", "<span data-toggle='tooltip' data-placement='right' title='所在地市:周口市&#10;所属河流:沙河'>沈丘闸</span>", "04-03 08:00", "Ⅲ", "<span data-toggle='tooltip' data-placement='right' title='原始值：14.26213'>14.3</span>", "<span data-toggle='tooltip' data-placement='right' title='原始值：7.47772'>7.48</span>", "<span data-toggle='tooltip' data-placement='right' title='原始值：6.05615'>6.06</span>", "<span data-toggle='tooltip' data-placement='right' title='原始值：939.3091'>939.3</span>", "<span data-toggle='tooltip' data-placement='right' title='原始值：18.89524'>18.9</span>", "<span data-toggle='tooltip' data-placement='right' title='原始值：3.58'>3.58</span>", "<span data-toggle='tooltip' data-placement='right' title='原始值：0.7'>0.700</span>", "*", "*", "*", "*", "正常"], ["河南省", "淮河流域", "<span data-toggle='tooltip' data-placement='right' title='所在地市:周口市&#10;所属河流:涡河'>鹿邑付桥(鹿邑付桥闸)</span>", "04-03 08:00", "Ⅲ", "<span data-toggle='tooltip' data-placement='right' title='原始值：15.73723'>15.7</span>", "<span data-toggle='tooltip' data-placement='right' title='原始值：8.76228'>8.76</span>", "<span data-toggle='tooltip' data-placement='right' title='原始值：12.44797'>12.45</span>", "<span data-toggle='tooltip' data-placement='right' title='原始值：1507.825'>1507.8</span>", "<span data-toggle='tooltip' data-placement='right' title='原始值：3.10615'>3.1</span>", "<span data-toggle='tooltip' data-placement='right' title='原始值：5.18'>5.18</span>", "<span data-toggle='tooltip' data-placement='right' title='原始值：0.03'>0.030</span>", "<span data-toggle='tooltip' data-placement='right' title='原始值：0.051'>0.051</span>", "<span data-toggle='tooltip' data-placement='right' title='原始值：0.66476'>0.66</span>", "*", "*", "正常"], ["河南省", "淮河流域", "<span data-toggle='tooltip' data-placement='right' title='所在地市:驻马店市&#10;所属河流:洪河'>新蔡班台(班台)</span>", "04-03 08:00", "Ⅳ", "<span data-toggle='tooltip' data-placement='right' title='原始值：15.04766'>15.0</span>", "<span data-toggle='tooltip' data-placement='right' title='原始值：7.27321'>7.27</span>", "<span data-toggle='tooltip' data-placement='right' title='原始值：7.05216'>7.05</span>", "<span data-toggle='tooltip' data-placement='right' title='原始值：670.2273'>670.2</span>", "<span data-toggle='tooltip' data-placement='right' title='原始值：4.45738'>4.5</span>", "<span data-toggle='tooltip' data-placement='right' title='原始值：4.295'>4.30</span>", "<span data-toggle='tooltip' data-placement='right' title='原始值：0.83'>0.830</span>", "<span data-toggle='tooltip' data-placement='right' title='原始值：0.24378'>0.244</span>", "<span data-toggle='tooltip' data-placement='right' title='原始值：3.93824'>3.94</span>", "*", "*", "正常"], ["河南省", "黄河流域", "<span data-toggle='tooltip' data-placement='right' title='所在地市:济源市&#10;所属河流:黄河'>小浪底水库(小浪底)</span>", "04-03 08:00", "Ⅱ", "<span data-toggle='tooltip' data-placement='right' title='原始值：7.42972'>7.4</span>", "<span data-toggle='tooltip' data-placement='right' title='原始值：8.36917'>8.37</span>", "<span data-toggle='tooltip' data-placement='right' title='原始值：14.84315'>14.84</span>", "<span data-toggle='tooltip' data-placement='right' title='原始值：871.5863'>871.6</span>", "<span data-toggle='tooltip' data-placement='right' title='原始值：9.4053'>9.4</span>", "<span data-toggle='tooltip' data-placement='right' title='原始值：1.305'>1.30</span>", "<span data-toggle='tooltip' data-placement='right' title='原始值：0.12'>0.120</span>", "<span data-toggle='tooltip' data-placement='right' title='原始值：0.038'>0.038</span>", "<span data-toggle='tooltip' data-placement='right' title='原始值：4.0125'>4.01</span>", "*", "*", "正常"], ["湖北省", "长江流域", "<span data-toggle='tooltip' data-placement='right' title='所在地市:武汉市&#10;所属河流:汉江'>宗关</span>", "04-03 08:00", "Ⅱ", "<span data-toggle='tooltip' data-placement='right' title='原始值：15.91'>15.9</span>", "<span data-toggle='tooltip' data-placement='right' title='原始值：7.714583'>7.71</span>", "<span data-toggle='tooltip' data-placement='right' title='原始值：8.222435'>8.22</span>", "<span data-toggle='tooltip' data-placement='right' title='原始值：362.1002'>362.1</span>", "<span data-toggle='tooltip' data-placement='right' title='原始值：18.61082'>18.6</span>", "<span data-toggle='tooltip' data-placement='right' title='原始值：2.59'>2.59</span>", "<span data-toggle='tooltip' data-placement='right' title='原始值：0.182'>0.182</span>", "<span data-toggle='tooltip' data-placement='right' title='原始值：0.087'>0.087</span>", "<span data-toggle='tooltip' data-placement='right' title='原始值：3.030823'>3.03</span>", "<span data-toggle='tooltip' data-placement='right' title='原始值：0.0017187'>0.002</span>", "*", "正常"], ["湖北省", "长江流域", "<span data-toggle='tooltip' data-placement='right' title='所在地市:十堰市&#10;所属河流:丹江口水库'>坝上中(胡家岭)</span>", "04-03 08:00", "Ⅱ", "<span data-toggle='tooltip' data-placement='right' title='原始值：13.71'>13.7</span>", "<span data-toggle='tooltip' data-placement='right' title='原始值：8.192297'>8.19</span>", "<span data-toggle='tooltip' data-placement='right' title='原始值：10.59878'>10.60</span>", "<span data-toggle='tooltip' data-placement='right' title='原始值：241.143'>241.1</span>", "<span data-toggle='tooltip' data-placement='right' title='原始值：2.323984'>2.3</span>", "<span data-toggle='tooltip' data-placement='right' title='原始值：2.03'>2.03</span>", "<span data-toggle='tooltip' data-placement='right' title='原始值：0.095'>0.095</span>", "<span data-toggle='tooltip' data-placement='right' title='原始值：0.007'>0.007</span>", "<span data-toggle='tooltip' data-placement='right' title='原始值：1.2669'>1.27</span>", "<span data-toggle='tooltip' data-placement='right' title='原始值：0.0066714'>0.007</span>", "<span data-toggle='tooltip' data-placement='right' title='原始值：8588000'>8588000</span>", "正常"], ["湖北省", "长江流域", "<span data-toggle='tooltip' data-placement='right' title='所在地市:宜昌市&#10;所属河流:长江'>南津关</span>", "04-03 08:00", "Ⅱ", "<span data-toggle='tooltip' data-placement='right' title='原始值：14.87'>14.9</span>", "<span data-toggle='tooltip' data-placement='right' title='原始值：7.922076'>7.92</span>", "<span data-toggle='tooltip' data-placement='right' title='原始值：8.739574'>8.74</span>", "<span data-toggle='tooltip' data-placement='right' title='原始值：459.826'>459.8</span>", "<span data-toggle='tooltip' data-placement='right' title='原始值：2.052717'>2.1</span>", "<span data-toggle='tooltip' data-placement='right' title='原始值：0.95'>0.95</span>", "<span data-toggle='tooltip' data-placement='right' title='原始值：0.083'>0.083</span>", "<span data-toggle='tooltip' data-placement='right' title='原始值：0.049'>0.049</span>", "<span data-toggle='tooltip' data-placement='right' title='原始值：1.645'>1.64</span>", "<span data-toggle='tooltip' data-placement='right' title='原始值：0.0059384'>0.006</span>", "*", "正常"], ["湖南省", "长江流域", "<span data-toggle='tooltip' data-placement='right' title='所在地市:长沙市&#10;所属河流:湘江'>新港</span>", "04-03 08:00", "Ⅱ", "<span data-toggle='tooltip' data-placement='right' title='原始值：17.32'>17.3</span>", "<span data-toggle='tooltip' data-placement='right' title='原始值：7.03'>7.03</span>", "<span data-toggle='tooltip' data-placement='right' title='原始值：7.33'>7.33</span>", "<span data-toggle='tooltip' data-placement='right' title='原始值：242.49'>242.5</span>", "<span data-toggle='tooltip' data-placement='right' title='原始值：35.22'>35.2</span>", "<span data-toggle='tooltip' data-placement='right' title='原始值：1.82'>1.82</span>", "<span data-toggle='tooltip' data-placement='right' title='原始值：0.21'>0.210</span>", "<span data-toggle='tooltip' data-placement='right' title='原始值：0.076'>0.076</span>", "<span data-toggle='tooltip' data-placement='right' title='原始值：1.68'>1.68</span>", "*", "*", "正常"], ["湖南省", "长江流域", "<span data-toggle='tooltip' data-placement='right' title='所在地市:岳阳市&#10;所属河流:洞庭湖'>岳阳楼</span>", "04-03 08:00", "Ⅳ", "<span data-toggle='tooltip' data-placement='right' title='原始值：14.74'>14.7</span>", "<span data-toggle='tooltip' data-placement='right' title='原始值：7.592616'>7.59</span>", "<span data-toggle='tooltip' data-placement='right' title='原始值：7.689493'>7.69</span>", "<span data-toggle='tooltip' data-placement='right' title='原始值：235.8431'>235.8</span>", "<span data-toggle='tooltip' data-placement='right' title='原始值：46.57545'>46.6</span>", "<span data-toggle='tooltip' data-placement='right' title='原始值：1.39'>1.39</span>", "<span data-toggle='tooltip' data-placement='right' title='原始值：0.013'>0.013</span>", "<span data-toggle='tooltip' data-placement='right' title='原始值：0.082'>0.082</span>", "<span data-toggle='tooltip' data-placement='right' title='原始值：1.31'>1.31</span>", "<span data-toggle='tooltip' data-placement='right' title='原始值：0.0030156'>0.003</span>", "<span data-toggle='tooltip' data-placement='right' title='原始值：217.834'>218</span>", "正常"], ["湖南省", "长江流域", "<span data-toggle='tooltip' data-placement='right' title='所在地市:岳阳市&#10;所属河流:长江'>城陵矶</span>", "04-03 08:00", "Ⅲ", "<span data-toggle='tooltip' data-placement='right' title='原始值：15.37'>15.4</span>", "<span data-toggle='tooltip' data-placement='right' title='原始值：7.669203'>7.67</span>", "<span data-toggle='tooltip' data-placement='right' title='原始值：9.520998'>9.52</span>", "<span data-toggle='tooltip' data-placement='right' title='原始值：250.183'>250.2</span>", "<span data-toggle='tooltip' data-placement='right' title='原始值：55.21646'>55.2</span>", "<span data-toggle='tooltip' data-placement='right' title='原始值：1.62'>1.62</span>", "<span data-toggle='tooltip' data-placement='right' title='原始值：0.004'>0.004</span>", "<span data-toggle='tooltip' data-placement='right' title='原始值：0.123'>0.123</span>", "<span data-toggle='tooltip' data-placement='right' title='原始值：2.0252'>2.03</span>", "*", "*", "正常"], ["广东省", "珠江流域", "<span data-toggle='tooltip' data-placement='right' title='所在地市:清远市&#10;所属河流:北江'>七星岗</span>", "04-03 08:00", "Ⅱ", "<span data-toggle='tooltip' data-placement='right' title='原始值：24.00769'>24.0</span>", "<span data-toggle='tooltip' data-placement='right' title='原始值：7.1329'>7.13</span>", "<span data-toggle='tooltip' data-placement='right' title='原始值：6.70596'>6.71</span>", "<span data-toggle='tooltip' data-placement='right' title='原始值：284.4002'>284.4</span>", "<span data-toggle='tooltip' data-placement='right' title='原始值：7.38203'>7.4</span>", "<span data-toggle='tooltip' data-placement='right' title='原始值：0.67'>0.67</span>", "<span data-toggle='tooltip' data-placement='right' title='原始值：0.19478'>0.195</span>", "<span data-toggle='tooltip' data-placement='right' title='原始值：0.02409'>0.024</span>", "<span data-toggle='tooltip' data-placement='right' title='原始值：2.0762'>2.08</span>", "*", "*", "正常"], ["广东省", "珠江流域", "<span data-toggle='tooltip' data-placement='right' title='所在地市:中山市&#10;所属河流:西江'>横栏</span>", "04-03 08:00", "Ⅱ", "<span data-toggle='tooltip' data-placement='right' title='原始值：23.7'>23.7</span>", "<span data-toggle='tooltip' data-placement='right' title='原始值：7.77'>7.77</span>", "<span data-toggle='tooltip' data-placement='right' title='原始值：7.14'>7.14</span>", "<span data-toggle='tooltip' data-placement='right' title='原始值：310'>310.0</span>", "<span data-toggle='tooltip' data-placement='right' title='原始值：3.2'>3.2</span>", "<span data-toggle='tooltip' data-placement='right' title='原始值：1.7'>1.70</span>", "<span data-toggle='tooltip' data-placement='right' title='原始值：0.10582'>0.106</span>", "*", "*", "*", "*", "正常"], ["广西壮族自治区", "珠江流域", "<span data-toggle='tooltip' data-placement='right' title='所在地市:南宁市&#10;所属河流:邕江'>老口</span>", "04-03 08:00", "Ⅱ", "<span data-toggle='tooltip' data-placement='right' title='原始值：23.03559'>23.0</span>", "<span data-toggle='tooltip' data-placement='right' title='原始值：7.49175'>7.49</span>", "<span data-toggle='tooltip' data-placement='right' title='原始值：7.2466'>7.25</span>", "<span data-toggle='tooltip' data-placement='right' title='原始值：270.71'>270.7</span>", "<span data-toggle='tooltip' data-placement='right' title='原始值：11.76759'>11.8</span>", "<span data-toggle='tooltip' data-placement='right' title='原始值：1.55011'>1.55</span>", "<span data-toggle='tooltip' data-placement='right' title='原始值：0.1165'>0.116</span>", "<span data-toggle='tooltip' data-placement='right' title='原始值：0.03748'>0.037</span>", "<span data-toggle='tooltip' data-placement='right' title='原始值：1.30821'>1.31</span>", "*", "*", "正常"], ["广西壮族自治区", "珠江流域", "<span data-toggle='tooltip' data-placement='right' title='所在地市:桂林市&#10;所属河流:漓江'>阳朔</span>", null, "", "--", "--", "--", "--", "--", "--", "--", "--", "--", "*", "*", "停站"], ["广西壮族自治区", "珠江流域", "<span data-toggle='tooltip' data-placement='right' title='所在地市:梧州市&#10;所属河流:浔江'>界首</span>", null, "", "--", "--", "--", "--", "--", "--", "--", "--", "--", "*", "*", "停站"], ["广西壮族自治区", "珠江流域", "<span data-toggle='tooltip' data-placement='right' title='所在地市:贵港市&#10;所属河流:浔江'>石嘴</span>", "04-03 08:00", "", "<span data-toggle='tooltip' data-placement='right' title='原始值：22.34933'>22.3</span>", "<span data-toggle='tooltip' data-placement='right' title='原始值：7.92639'>7.93</span>", "<span data-toggle='tooltip' data-placement='right' title='原始值：9.33509'>9.34</span>", "<span data-toggle='tooltip' data-placement='right' title='原始值：278.6171'>278.6</span>", "<span data-toggle='tooltip' data-placement='right' title='原始值：6.52792'>6.5</span>", "<span data-toggle='tooltip' data-placement='right' title='原始值：0.78'>0.78</span>", "<span data-toggle='tooltip' data-placement='right' title='极值过滤'>--</span>", "<span data-toggle='tooltip' data-placement='right' title='原始值：0.02528'>0.025</span>", "<span data-toggle='tooltip' data-placement='right' title='原始值：2.2455'>2.25</span>", "*", "*", "维护"], ["广西壮族自治区", "珠江流域", "<span data-toggle='tooltip' data-placement='right' title='所在地市:崇左市&#10;所属河流:平而河'>平而关</span>", "04-03 08:00", "Ⅱ", "<span data-toggle='tooltip' data-placement='right' title='原始值：25.5185'>25.5</span>", "<span data-toggle='tooltip' data-placement='right' title='原始值：7.33446'>7.33</span>", "<span data-toggle='tooltip' data-placement='right' title='原始值：7.1973'>7.20</span>", "<span data-toggle='tooltip' data-placement='right' title='原始值：263.1569'>263.2</span>", "<span data-toggle='tooltip' data-placement='right' title='原始值：21.8507'>21.9</span>", "<span data-toggle='tooltip' data-placement='right' title='原始值：1.695'>1.70</span>", "<span data-toggle='tooltip' data-placement='right' title='原始值：0.13'>0.130</span>", "*", "*", "*", "*", "正常"], ["重庆市", "长江流域", "<span data-toggle='tooltip' data-placement='right' title='所在地市:永川区&#10;所属河流:长江'>朱沱</span>", "04-03 08:00", "Ⅱ", "<span data-toggle='tooltip' data-placement='right' title='原始值：16.51'>16.5</span>", "<span data-toggle='tooltip' data-placement='right' title='原始值：7.82'>7.82</span>", "<span data-toggle='tooltip' data-placement='right' title='原始值：10.01'>10.01</span>", "<span data-toggle='tooltip' data-placement='right' title='原始值：441.52'>441.5</span>", "<span data-toggle='tooltip' data-placement='right' title='原始值：61.8'>61.8</span>", "<span data-toggle='tooltip' data-placement='right' title='原始值：1.176'>1.18</span>", "<span data-toggle='tooltip' data-placement='right' title='原始值：0.041'>0.041</span>", "<span data-toggle='tooltip' data-placement='right' title='原始值：0.071'>0.071</span>", "<span data-toggle='tooltip' data-placement='right' title='原始值：1.656'>1.66</span>", "*", "*", "正常"], ["四川省", "长江流域", "<span data-toggle='tooltip' data-placement='right' title='所在地市:攀枝花市&#10;所属河流:金沙江'>龙洞</span>", "04-03 08:00", "", "<span data-toggle='tooltip' data-placement='right' title='原始值：14.43'>14.4</span>", "<span data-toggle='tooltip' data-placement='right' title='原始值：8.31213'>8.31</span>", "<span data-toggle='tooltip' data-placement='right' title='原始值：8.925767'>8.93</span>", "<span data-toggle='tooltip' data-placement='right' title='原始值：710.304'>710.3</span>", "<span data-toggle='tooltip' data-placement='right' title='原始值：2.780781'>2.8</span>", "<span data-toggle='tooltip' data-placement='right' title='原始值：0.9'>0.90</span>", "<span data-toggle='tooltip' data-placement='right' title='原始值：0.008'>0.008</span>", "<span data-toggle='tooltip' data-placement='right' title='极值过滤'>--</span>", "<span data-toggle='tooltip' data-placement='right' title='原始值：0.538162'>0.54</span>", "*", "*", "维护"], ["四川省", "长江流域", "<span data-toggle='tooltip' data-placement='right' title='所在地市:泸州市&#10;所属河流:沱江'>沱江大桥(沱江二桥)</span>", "04-03 08:00", "Ⅲ", "<span data-toggle='tooltip' data-placement='right' title='原始值：19.94'>19.9</span>", "<span data-toggle='tooltip' data-placement='right' title='原始值：8.018334'>8.02</span>", "<span data-toggle='tooltip' data-placement='right' title='原始值：7.531411'>7.53</span>", "<span data-toggle='tooltip' data-placement='right' title='原始值：707.7742'>707.8</span>", "<span data-toggle='tooltip' data-placement='right' title='原始值：21.98772'>22.0</span>", "<span data-toggle='tooltip' data-placement='right' title='原始值：2.12'>2.12</span>", "<span data-toggle='tooltip' data-placement='right' title='原始值：0.013'>0.013</span>", "<span data-toggle='tooltip' data-placement='right' title='原始值：0.161537'>0.162</span>", "<span data-toggle='tooltip' data-placement='right' title='原始值：4.120572'>4.12</span>", "*", "*", "正常"], ["四川省", "长江流域", "<span data-toggle='tooltip' data-placement='right' title='所在地市:广元市&#10;所属河流:嘉陵江'>清风峡</span>", "04-03 08:00", "Ⅰ", "<span data-toggle='tooltip' data-placement='right' title='原始值：13.87409'>13.9</span>", "<span data-toggle='tooltip' data-placement='right' title='原始值：8.25'>8.25</span>", "<span data-toggle='tooltip' data-placement='right' title='原始值：11.89057'>11.89</span>", "<span data-toggle='tooltip' data-placement='right' title='原始值：407'>407.0</span>", "<span data-toggle='tooltip' data-placement='right' title='原始值：77.78794'>77.8</span>", "<span data-toggle='tooltip' data-placement='right' title='原始值：1.04'>1.04</span>", "<span data-toggle='tooltip' data-placement='right' title='原始值：0.09299'>0.093</span>", "*", "*", "*", "*", "正常"], ["四川省", "长江流域", "<span data-toggle='tooltip' data-placement='right' title='所在地市:乐山市&#10;所属河流:岷江'>岷江大桥</span>", null, "", "--", "--", "--", "--", "--", "--", "--", "--", "--", "*", "*", "停站"], ["四川省", "长江流域", "<span data-toggle='tooltip' data-placement='right' title='所在地市:宜宾市&#10;所属河流:岷江'>凉姜沟</span>", "04-03 08:00", "Ⅲ", "<span data-toggle='tooltip' data-placement='right' title='原始值：17.25'>17.2</span>", "<span data-toggle='tooltip' data-placement='right' title='原始值：8.00238'>8.00</span>", "<span data-toggle='tooltip' data-placement='right' title='原始值：8.008435'>8.01</span>", "<span data-toggle='tooltip' data-placement='right' title='原始值：336.4938'>336.5</span>", "<span data-toggle='tooltip' data-placement='right' title='原始值：15.83321'>15.8</span>", "<span data-toggle='tooltip' data-placement='right' title='原始值：1.49'>1.49</span>", "<span data-toggle='tooltip' data-placement='right' title='原始值：0.206'>0.206</span>", "<span data-toggle='tooltip' data-placement='right' title='原始值：0.112851'>0.113</span>", "<span data-toggle='tooltip' data-placement='right' title='原始值：2.064766'>2.06</span>", "*", "*", "正常"], ["云南省", "滇池流域", "<span data-toggle='tooltip' data-placement='right' title='所在地市:昆明市&#10;所属河流:滇池'>西苑隧道</span>", "04-03 08:00", "Ⅴ", "<span data-toggle='tooltip' data-placement='right' title='原始值：17.63'>17.6</span>", "<span data-toggle='tooltip' data-placement='right' title='原始值：7.85368'>7.85</span>", "<span data-toggle='tooltip' data-placement='right' title='原始值：6.952'>6.95</span>", "<span data-toggle='tooltip' data-placement='right' title='原始值：659.739'>659.7</span>", "<span data-toggle='tooltip' data-placement='right' title='原始值：12.511'>12.5</span>", "<span data-toggle='tooltip' data-placement='right' title='原始值：7.20034'>7.20</span>", "<span data-toggle='tooltip' data-placement='right' title='原始值：1.7956'>1.796</span>", "<span data-toggle='tooltip' data-placement='right' title='原始值：0.18164'>0.182</span>", "<span data-toggle='tooltip' data-placement='right' title='原始值：6.33786'>6.34</span>", "<span data-toggle='tooltip' data-placement='right' title='原始值：0.04857'>0.049</span>", "<span data-toggle='tooltip' data-placement='right' title='原始值：2.771765E+07'>27717650</span>", "正常"], ["云南省", "滇池流域", "<span data-toggle='tooltip' data-placement='right' title='所在地市:昆明市&#10;所属河流:滇池'>观音山</span>", "04-03 08:00", "", "<span data-toggle='tooltip' data-placement='right' title='原始值：16.51482'>16.5</span>", "<span data-toggle='tooltip' data-placement='right' title='原始值：9.20192'>9.20</span>", "<span data-toggle='tooltip' data-placement='right' title='原始值：9.634'>9.63</span>", "<span data-toggle='tooltip' data-placement='right' title='原始值：427.065'>427.1</span>", "<span data-toggle='tooltip' data-placement='right' title='原始值：26.499'>26.5</span>", "<span data-toggle='tooltip' data-placement='right' title='原始值：8.4878'>8.49</span>", "<span data-toggle='tooltip' data-placement='right' title='原始值：0.19'>0.190</span>", "<span data-toggle='tooltip' data-placement='right' title='极值过滤'>--</span>", "<span data-toggle='tooltip' data-placement='right' title='原始值：1.454'>1.45</span>", "<span data-toggle='tooltip' data-placement='right' title='原始值：0.0137'>0.014</span>", "<span data-toggle='tooltip' data-placement='right' title='原始值：4.973966E+07'>49739660</span>", "维护"], ["云南省", "西南诸河", "<span data-toggle='tooltip' data-placement='right' title='所在地市:红河哈尼族彝族自治州&#10;所属河流:红河'>河口县医院(河口)</span>", "04-03 08:00", "Ⅱ", "<span data-toggle='tooltip' data-placement='right' title='原始值：23.56776'>23.6</span>", "<span data-toggle='tooltip' data-placement='right' title='原始值：8.03655'>8.04</span>", "<span data-toggle='tooltip' data-placement='right' title='原始值：8.04327'>8.04</span>", "<span data-toggle='tooltip' data-placement='right' title='原始值：249.0658'>249.1</span>", "<span data-toggle='tooltip' data-placement='right' title='原始值：17.31862'>17.3</span>", "<span data-toggle='tooltip' data-placement='right' title='原始值：1.19601'>1.20</span>", "<span data-toggle='tooltip' data-placement='right' title='原始值：0.08423'>0.084</span>", "<span data-toggle='tooltip' data-placement='right' title='原始值：0.04634'>0.046</span>", "<span data-toggle='tooltip' data-placement='right' title='原始值：0.96974'>0.97</span>", "*", "*", "正常"], ["云南省", "西南诸河", "<span data-toggle='tooltip' data-placement='right' title='所在地市:西双版纳傣族自治州&#10;所属河流:澜沧江'>橄榄坝</span>", "04-03 08:00", "Ⅱ", "<span data-toggle='tooltip' data-placement='right' title='原始值：19.449'>19.4</span>", "<span data-toggle='tooltip' data-placement='right' title='原始值：7.656'>7.66</span>", "<span data-toggle='tooltip' data-placement='right' title='原始值：7.135'>7.14</span>", "<span data-toggle='tooltip' data-placement='right' title='原始值：520.466'>520.5</span>", "<span data-toggle='tooltip' data-placement='right' title='原始值：4.71'>4.7</span>", "<span data-toggle='tooltip' data-placement='right' title='原始值：0.954'>0.95</span>", "<span data-toggle='tooltip' data-placement='right' title='原始值：0.045'>0.045</span>", "*", "*", "*", "*", "正常"], ["陕西省", "黄河流域", "<span data-toggle='tooltip' data-placement='right' title='所在地市:渭南市&#10;所属河流:渭河'>潼关吊桥</span>", "04-03 04:00", "Ⅱ", "<span data-toggle='tooltip' data-placement='right' title='原始值：14.2'>14.2</span>", "<span data-toggle='tooltip' data-placement='right' title='原始值：8.06992'>8.07</span>", "<span data-toggle='tooltip' data-placement='right' title='原始值：7.75008'>7.75</span>", "<span data-toggle='tooltip' data-placement='right' title='原始值：1261'>1261.0</span>", "<span data-toggle='tooltip' data-placement='right' title='原始值：92.69611'>92.7</span>", "<span data-toggle='tooltip' data-placement='right' title='原始值：2.21'>2.21</span>", "<span data-toggle='tooltip' data-placement='right' title='原始值：0.16'>0.160</span>", "<span data-toggle='tooltip' data-placement='right' title='原始值：0.09617'>0.096</span>", "<span data-toggle='tooltip' data-placement='right' title='原始值：7.07627'>7.08</span>", "*", "*", "正常"]]}