{"result": 1, "total": 2, "records": 100, "thead": ["省份", "流域", "断面名称", "监测时间", "水质类别", "水温<br/><span class='unit'>(℃)</span>", "pH<br/><span class='unit'>(无量纲)</span>", "溶解氧<br/><span class='unit'>(mg/L)</span>", "电导率<br/><span class='unit'>(μS/cm)</span>", "浊度<br/><span class='unit'>(NTU)</span>", "高锰酸盐指数<br/><span class='unit'>(mg/L)</span>", "氨氮<br/><span class='unit'>(mg/L)</span>", "总磷<br/><span class='unit'>(mg/L)</span>", "总氮<br/><span class='unit'>(mg/L)</span>", "叶绿素α<br/><span class='unit'>(mg/L)</span>", "藻密度<br/><span class='unit'>(cells/L)</span>", "站点情况"], "tbody": [["北京市", "海河流域", "<span data-toggle='tooltip' data-placement='right' title='所在地市:门头沟区&#10;所属河流:永定河'>沿河城</span>", null, "", "--", "--", "--", "--", "--", "--", "--", "--", "--", "*", "*", "停站"], ["北京市", "淮河流域", "<span data-toggle='tooltip' data-placement='right' title='所在地市:房山区&#10;所属河流:小清河'>八间房漫水桥</span>", null, "", "*", "*", "*", "*", "*", "*", "*", "*", "*", "*", "*", "维护"], ["北京市", "海河流域", "<span data-toggle='tooltip' data-placement='right' title='所在地市:密云区&#10;所属河流:潮河'>古北口</span>", null, "", "--", "--", "--", "--", "--", "--", "--", "--", "--", "*", "*", "停站"], ["天津市", "海河流域", "<span data-toggle='tooltip' data-placement='right' title='所在地市:河北区&#10;所属河流:海河'>三岔口</span>", "01-10 08:00", "Ⅱ", "<span data-toggle='tooltip' data-placement='right' title='原始值：3.5809'>3.6</span>", "<span data-toggle='tooltip' data-placement='right' title='原始值：7.9856'>7.99</span>", "<span data-toggle='tooltip' data-placement='right' title='原始值：11.557'>11.56</span>", "<span data-toggle='tooltip' data-placement='right' title='原始值：573.6824'>573.7</span>", "<span data-toggle='tooltip' data-placement='right' title='原始值：5.547'>5.5</span>", "<span data-toggle='tooltip' data-placement='right' title='原始值：1.52'>1.52</span>", "<span data-toggle='tooltip' data-placement='right' title='原始值：0.19'>0.190</span>", "<span data-toggle='tooltip' data-placement='right' title='原始值：0.0091'>0.009</span>", "<span data-toggle='tooltip' data-placement='right' title='原始值：1.1629'>1.16</span>", "*", "*", "正常"], ["天津市", "海河流域", "<span data-toggle='tooltip' data-placement='right' title='所在地市:蓟州区&#10;所属河流:果河'>果河桥</span>", "01-10 08:00", "劣Ⅴ", "<span data-toggle='tooltip' data-placement='right' title='原始值：5.6'>5.6</span>", "<span data-toggle='tooltip' data-placement='right' title='原始值：9.03'>9.03</span>", "<span data-toggle='tooltip' data-placement='right' title='原始值：15.419'>15.42</span>", "<span data-toggle='tooltip' data-placement='right' title='原始值：681.691'>681.7</span>", "<span data-toggle='tooltip' data-placement='right' title='原始值：5.2'>5.2</span>", "<span data-toggle='tooltip' data-placement='right' title='原始值：3.676'>3.68</span>", "<span data-toggle='tooltip' data-placement='right' title='原始值：0.25'>0.250</span>", "<span data-toggle='tooltip' data-placement='right' title='原始值：0.0389'>0.039</span>", "<span data-toggle='tooltip' data-placement='right' title='原始值：5.1636'>5.16</span>", "*", "*", "正常"], ["河北省", "海河流域", "<span data-toggle='tooltip' data-placement='right' title='所在地市:石家庄市&#10;所属河流:滹沱河'>岗南水库</span>", "01-10 08:00", "Ⅱ", "<span data-toggle='tooltip' data-placement='right' title='原始值：7.72227'>7.7</span>", "<span data-toggle='tooltip' data-placement='right' title='原始值：8.82376'>8.82</span>", "<span data-toggle='tooltip' data-placement='right' title='原始值：12.28001'>12.28</span>", "<span data-toggle='tooltip' data-placement='right' title='原始值：558.8751'>558.9</span>", "<span data-toggle='tooltip' data-placement='right' title='原始值：2.81789'>2.8</span>", "<span data-toggle='tooltip' data-placement='right' title='原始值：2.26698'>2.27</span>", "<span data-toggle='tooltip' data-placement='right' title='原始值：0.07'>0.070</span>", "<span data-toggle='tooltip' data-placement='right' title='原始值：0.01657'>0.017</span>", "<span data-toggle='tooltip' data-placement='right' title='原始值：2.33488'>2.33</span>", "*", "*", "正常"], ["河北省", "海河流域", "<span data-toggle='tooltip' data-placement='right' title='所在地市:张家口市&#10;所属河流:永定河'>八号桥</span>", "01-10 08:00", "Ⅲ", "<span data-toggle='tooltip' data-placement='right' title='原始值：1.18166'>1.2</span>", "<span data-toggle='tooltip' data-placement='right' title='原始值：8.21934'>8.22</span>", "<span data-toggle='tooltip' data-placement='right' title='原始值：11.20198'>11.20</span>", "<span data-toggle='tooltip' data-placement='right' title='原始值：1580.324'>1580.3</span>", "<span data-toggle='tooltip' data-placement='right' title='原始值：19.78068'>19.8</span>", "<span data-toggle='tooltip' data-placement='right' title='原始值：2.84'>2.84</span>", "<span data-toggle='tooltip' data-placement='right' title='原始值：0.49'>0.490</span>", "<span data-toggle='tooltip' data-placement='right' title='原始值：0.1505'>0.150</span>", "<span data-toggle='tooltip' data-placement='right' title='原始值：8.645'>8.64</span>", "*", "*", "正常"], ["山西省", "黄河流域", "<span data-toggle='tooltip' data-placement='right' title='所在地市:运城市&#10;所属河流:汾河'>河津大桥</span>", null, "", "--", "--", "--", "--", "--", "--", "--", "--", "--", "*", "*", "停站"], ["山西省", "黄河流域", "<span data-toggle='tooltip' data-placement='right' title='所在地市:忻州市&#10;所属河流:黄河'>万家寨水库</span>", null, "", "--", "--", "--", "--", "--", "--", "--", "--", "--", "*", "*", "停站"], ["内蒙古自治区", "黄河流域", "<span data-toggle='tooltip' data-placement='right' title='所在地市:包头市&#10;所属河流:黄河'>画匠营子</span>", null, "", "--", "--", "--", "--", "--", "--", "--", "--", "--", "*", "*", "停站"], ["内蒙古自治区", "黄河流域", "<span data-toggle='tooltip' data-placement='right' title='所在地市:乌海市&#10;所属河流:黄河'>海勃湾</span>", "01-10 08:00", "Ⅰ", "<span data-toggle='tooltip' data-placement='right' title='原始值：6.13557'>6.1</span>", "<span data-toggle='tooltip' data-placement='right' title='原始值：8.07451'>8.07</span>", "<span data-toggle='tooltip' data-placement='right' title='原始值：9.05852'>9.06</span>", "<span data-toggle='tooltip' data-placement='right' title='原始值：829.9197'>829.9</span>", "<span data-toggle='tooltip' data-placement='right' title='原始值：16.86101'>16.9</span>", "<span data-toggle='tooltip' data-placement='right' title='原始值：0.21'>0.21</span>", "<span data-toggle='tooltip' data-placement='right' title='原始值：0.14'>0.140</span>", "*", "*", "*", "*", "正常"], ["内蒙古自治区", "松花江流域", "<span data-toggle='tooltip' data-placement='right' title='所在地市:呼伦贝尔市&#10;所属河流:额尔古纳河'>黑山头</span>", null, "", "--", "--", "--", "--", "--", "--", "--", "--", "--", "*", "*", "停站"], ["辽宁省", "辽河流域", "<span data-toggle='tooltip' data-placement='right' title='所在地市:抚顺市&#10;所属河流:浑河'>大伙房水库</span>", "01-10 08:00", "Ⅲ", "<span data-toggle='tooltip' data-placement='right' title='原始值：5.31218'>5.3</span>", "<span data-toggle='tooltip' data-placement='right' title='原始值：7.72816'>7.73</span>", "<span data-toggle='tooltip' data-placement='right' title='原始值：11.73797'>11.74</span>", "<span data-toggle='tooltip' data-placement='right' title='原始值：311.6029'>311.6</span>", "<span data-toggle='tooltip' data-placement='right' title='原始值：3.63531'>3.6</span>", "<span data-toggle='tooltip' data-placement='right' title='原始值：4.36566'>4.37</span>", "<span data-toggle='tooltip' data-placement='right' title='原始值：0.08'>0.080</span>", "<span data-toggle='tooltip' data-placement='right' title='原始值：0.01991'>0.020</span>", "<span data-toggle='tooltip' data-placement='right' title='原始值：2.39638'>2.40</span>", "<span data-toggle='tooltip' data-placement='right' title='原始值：0.00149'>0.001</span>", "*", "正常"], ["辽宁省", "辽河流域", "<span data-toggle='tooltip' data-placement='right' title='所在地市:丹东市&#10;所属河流:鸭绿江'>江桥</span>", null, "", "--", "--", "--", "--", "--", "--", "--", "--", "--", "*", "*", "停站"], ["辽宁省", "辽河流域", "<span data-toggle='tooltip' data-placement='right' title='所在地市:营口市&#10;所属河流:大辽河'>辽河公园</span>", null, "", "--", "--", "--", "--", "--", "--", "--", "--", "--", "*", "*", "停站"], ["辽宁省", "辽河流域", "<span data-toggle='tooltip' data-placement='right' title='所在地市:辽阳市&#10;所属河流:太子河'>汤河水库</span>", null, "", "--", "--", "--", "--", "--", "--", "--", "--", "--", "*", "*", "停站"], ["辽宁省", "辽河流域", "<span data-toggle='tooltip' data-placement='right' title='所在地市:盘锦市&#10;所属河流:辽河'>盘锦兴安(兴安)</span>", null, "", "--", "--", "--", "--", "--", "--", "--", "--", "--", "*", "*", "停站"], ["辽宁省", "辽河流域", "<span data-toggle='tooltip' data-placement='right' title='所在地市:铁岭市&#10;所属河流:辽河'>珠尔山</span>", null, "", "--", "--", "--", "--", "--", "--", "--", "--", "--", "*", "*", "停站"], ["吉林省", "松花江流域", "<span data-toggle='tooltip' data-placement='right' title='所在地市:长春市&#10;所属河流:松花江'>松花江村</span>", null, "", "--", "--", "--", "--", "--", "--", "--", "--", "--", "*", "*", "停站"], ["吉林省", "松花江流域", "<span data-toggle='tooltip' data-placement='right' title='所在地市:白城市&#10;所属河流:嫩江'>白沙滩</span>", "01-10 08:00", "Ⅳ", "<span data-toggle='tooltip' data-placement='right' title='原始值：3.17167'>3.2</span>", "<span data-toggle='tooltip' data-placement='right' title='原始值：6.91709'>6.92</span>", "<span data-toggle='tooltip' data-placement='right' title='原始值：12.99885'>13.00</span>", "<span data-toggle='tooltip' data-placement='right' title='原始值：404.2825'>404.3</span>", "<span data-toggle='tooltip' data-placement='right' title='原始值：33.36249'>33.4</span>", "<span data-toggle='tooltip' data-placement='right' title='原始值：7.14122'>7.14</span>", "<span data-toggle='tooltip' data-placement='right' title='原始值：0.22524'>0.225</span>", "<span data-toggle='tooltip' data-placement='right' title='原始值：0.06654'>0.067</span>", "<span data-toggle='tooltip' data-placement='right' title='原始值：1.96916'>1.97</span>", "*", "*", "正常"], ["吉林省", "松花江流域", "<span data-toggle='tooltip' data-placement='right' title='所在地市:延边朝鲜族自治州&#10;所属河流:图们江'>圈河</span>", null, "", "--", "--", "--", "--", "--", "--", "--", "--", "--", "*", "*", "停站"], ["黑龙江省", "松花江流域", "<span data-toggle='tooltip' data-placement='right' title='所在地市:大庆市&#10;所属河流:松花江'>肇源</span>", null, "", "--", "--", "--", "--", "--", "--", "--", "--", "--", "*", "*", "停站"], ["黑龙江省", "松花江流域", "<span data-toggle='tooltip' data-placement='right' title='所在地市:佳木斯市&#10;所属河流:乌苏里江'>乌苏镇</span>", null, "", "--", "--", "--", "--", "--", "--", "--", "--", "--", "*", "*", "停站"], ["黑龙江省", "松花江流域", "<span data-toggle='tooltip' data-placement='right' title='所在地市:佳木斯市&#10;所属河流:松花江'>同江</span>", "01-10 08:00", "Ⅲ", "<span data-toggle='tooltip' data-placement='right' title='原始值：3.00922'>3.0</span>", "<span data-toggle='tooltip' data-placement='right' title='原始值：7.23567'>7.24</span>", "<span data-toggle='tooltip' data-placement='right' title='原始值：11.9838'>11.98</span>", "<span data-toggle='tooltip' data-placement='right' title='原始值：362.907'>362.9</span>", "<span data-toggle='tooltip' data-placement='right' title='原始值：19.5559'>19.6</span>", "<span data-toggle='tooltip' data-placement='right' title='原始值：5.78622'>5.79</span>", "<span data-toggle='tooltip' data-placement='right' title='原始值：0.28313'>0.283</span>", "<span data-toggle='tooltip' data-placement='right' title='原始值：0.05054'>0.051</span>", "<span data-toggle='tooltip' data-placement='right' title='原始值：3.0611'>3.06</span>", "*", "*", "正常"], ["黑龙江省", "松花江流域", "<span data-toggle='tooltip' data-placement='right' title='所在地市:黑河市&#10;所属河流:黑龙江'>黑河下(黑河)</span>", null, "", "--", "--", "--", "--", "--", "--", "--", "--", "--", "*", "*", "停站"], ["上海市", "长江流域", "<span data-toggle='tooltip' data-placement='right' title='所在地市:青浦区&#10;所属河流:淀山湖'>急水港桥</span>", "01-10 08:00", "Ⅳ", "<span data-toggle='tooltip' data-placement='right' title='原始值：2.4'>2.4</span>", "<span data-toggle='tooltip' data-placement='right' title='原始值：7.57'>7.57</span>", "<span data-toggle='tooltip' data-placement='right' title='原始值：11.1'>11.10</span>", "<span data-toggle='tooltip' data-placement='right' title='原始值：668'>668.0</span>", "<span data-toggle='tooltip' data-placement='right' title='原始值：76.4'>76.4</span>", "<span data-toggle='tooltip' data-placement='right' title='原始值：3.85938'>3.86</span>", "<span data-toggle='tooltip' data-placement='right' title='原始值：0.002'>0.002</span>", "<span data-toggle='tooltip' data-placement='right' title='原始值：0.07666'>0.077</span>", "<span data-toggle='tooltip' data-placement='right' title='原始值：3.87894'>3.88</span>", "<span data-toggle='tooltip' data-placement='right' title='原始值：0.00632'>0.006</span>", "<span data-toggle='tooltip' data-placement='right' title='原始值：3417513'>3417513</span>", "正常"], ["江苏省", "长江流域", "<span data-toggle='tooltip' data-placement='right' title='所在地市:南京市&#10;所属河流:长江'>林山</span>", "01-10 08:00", "Ⅱ", "<span data-toggle='tooltip' data-placement='right' title='原始值：8.57864'>8.6</span>", "<span data-toggle='tooltip' data-placement='right' title='原始值：7.99638'>8.00</span>", "<span data-toggle='tooltip' data-placement='right' title='原始值：11.6078'>11.61</span>", "<span data-toggle='tooltip' data-placement='right' title='原始值：366.462'>366.5</span>", "<span data-toggle='tooltip' data-placement='right' title='原始值：28.738'>28.7</span>", "<span data-toggle='tooltip' data-placement='right' title='原始值：1.17'>1.17</span>", "<span data-toggle='tooltip' data-placement='right' title='原始值：0.173'>0.173</span>", "*", "*", "*", "*", "正常"], ["江苏省", "太湖流域", "<span data-toggle='tooltip' data-placement='right' title='所在地市:无锡市&#10;所属河流:太湖'>沙渚</span>", null, "", "--", "--", "--", "--", "--", "--", "--", "--", "--", "--", "*", "停站"], ["江苏省", "淮河流域", "<span data-toggle='tooltip' data-placement='right' title='所在地市:徐州市&#10;所属河流:武河'>小红圈</span>", "01-10 08:00", "Ⅲ", "<span data-toggle='tooltip' data-placement='right' title='原始值：8.98'>9.0</span>", "<span data-toggle='tooltip' data-placement='right' title='原始值：8.22'>8.22</span>", "<span data-toggle='tooltip' data-placement='right' title='原始值：15.73'>15.73</span>", "<span data-toggle='tooltip' data-placement='right' title='原始值：908.9'>908.9</span>", "<span data-toggle='tooltip' data-placement='right' title='原始值：13.37'>13.4</span>", "<span data-toggle='tooltip' data-placement='right' title='原始值：4.92'>4.92</span>", "<span data-toggle='tooltip' data-placement='right' title='原始值：0.06'>0.060</span>", "*", "*", "*", "*", "正常"], ["江苏省", "淮河流域", "<span data-toggle='tooltip' data-placement='right' title='所在地市:徐州市&#10;所属河流:沿河'>李集桥</span>", null, "", "--", "--", "--", "--", "--", "--", "--", "--", "--", "*", "*", "停站"], ["江苏省", "淮河流域", "<span data-toggle='tooltip' data-placement='right' title='所在地市:徐州市&#10;所属河流:邳苍分洪道'>艾山西大桥</span>", "01-10 08:00", "Ⅱ", "<span data-toggle='tooltip' data-placement='right' title='原始值：0.61166'>0.6</span>", "<span data-toggle='tooltip' data-placement='right' title='原始值：8.47836'>8.48</span>", "<span data-toggle='tooltip' data-placement='right' title='原始值：15.172'>15.17</span>", "<span data-toggle='tooltip' data-placement='right' title='原始值：975.648'>975.6</span>", "<span data-toggle='tooltip' data-placement='right' title='原始值：3.79688'>3.8</span>", "<span data-toggle='tooltip' data-placement='right' title='原始值：2.24'>2.24</span>", "<span data-toggle='tooltip' data-placement='right' title='原始值：0.13'>0.130</span>", "<span data-toggle='tooltip' data-placement='right' title='原始值：0.03791'>0.038</span>", "<span data-toggle='tooltip' data-placement='right' title='原始值：15.2484'>15.25</span>", "*", "*", "正常"], ["江苏省", "太湖流域", "<span data-toggle='tooltip' data-placement='right' title='所在地市:苏州市&#10;所属河流:太湖'>兰山嘴(老)</span>", null, "", "--", "--", "--", "--", "--", "--", "--", "--", "--", "--", "*", "维护"], ["江苏省", "太湖流域", "<span data-toggle='tooltip' data-placement='right' title='所在地市:苏州市&#10;所属河流:太湖'>西山</span>", null, "", "--", "--", "--", "--", "--", "--", "--", "--", "--", "--", "*", "维护"], ["江苏省", "淮河流域", "<span data-toggle='tooltip' data-placement='right' title='所在地市:连云港市&#10;所属河流:新沭河'>大兴桥</span>", "01-10 08:00", "Ⅲ", "<span data-toggle='tooltip' data-placement='right' title='原始值：2.8'>2.8</span>", "<span data-toggle='tooltip' data-placement='right' title='原始值：7.4'>7.40</span>", "<span data-toggle='tooltip' data-placement='right' title='原始值：14.63'>14.63</span>", "<span data-toggle='tooltip' data-placement='right' title='原始值：1017.4'>1017.4</span>", "<span data-toggle='tooltip' data-placement='right' title='原始值：12.15'>12.2</span>", "<span data-toggle='tooltip' data-placement='right' title='原始值：5'>5.00</span>", "<span data-toggle='tooltip' data-placement='right' title='原始值：0.255'>0.255</span>", "*", "*", "*", "*", "正常"], ["江苏省", "淮河流域", "<span data-toggle='tooltip' data-placement='right' title='所在地市:淮安市&#10;所属河流:淮河'>淮河大桥</span>", null, "", "--", "--", "--", "--", "--", "--", "--", "--", "--", "*", "*", "维护"], ["江苏省", "长江流域", "<span data-toggle='tooltip' data-placement='right' title='所在地市:扬州市&#10;所属河流:夹江'>三江营</span>", null, "", "--", "--", "--", "--", "--", "--", "--", "--", "--", "*", "*", "停站"], ["江苏省", "淮河流域", "<span data-toggle='tooltip' data-placement='right' title='所在地市:宿迁市&#10;所属河流:新濉河'>大屈</span>", "01-10 08:00", "Ⅲ", "<span data-toggle='tooltip' data-placement='right' title='原始值：6.3'>6.3</span>", "<span data-toggle='tooltip' data-placement='right' title='原始值：7.48'>7.48</span>", "<span data-toggle='tooltip' data-placement='right' title='原始值：12.23'>12.23</span>", "<span data-toggle='tooltip' data-placement='right' title='原始值：1029'>1029.0</span>", "<span data-toggle='tooltip' data-placement='right' title='原始值：28.69'>28.7</span>", "<span data-toggle='tooltip' data-placement='right' title='原始值：4.66'>4.66</span>", "<span data-toggle='tooltip' data-placement='right' title='原始值：0.08'>0.080</span>", "<span data-toggle='tooltip' data-placement='right' title='原始值：0.058'>0.058</span>", "<span data-toggle='tooltip' data-placement='right' title='原始值：3.952'>3.95</span>", "*", "*", "正常"], ["浙江省", "浙闽片河流", "<span data-toggle='tooltip' data-placement='right' title='所在地市:杭州市&#10;所属河流:新安江'>街口(鸠坑口)</span>", "01-10 08:00", "", "<span data-toggle='tooltip' data-placement='right' title='原始值：5.84'>5.8</span>", "<span data-toggle='tooltip' data-placement='right' title='原始值：7.21'>7.21</span>", "<span data-toggle='tooltip' data-placement='right' title='原始值：11.2'>11.20</span>", "<span data-toggle='tooltip' data-placement='right' title='原始值：88.32'>88.3</span>", "<span data-toggle='tooltip' data-placement='right' title='原始值：13.76'>13.8</span>", "<span data-toggle='tooltip' data-placement='right' title='原始值：0.839'>0.84</span>", "<span data-toggle='tooltip' data-placement='right' title='极值过滤'>--</span>", "<span data-toggle='tooltip' data-placement='right' title='原始值：0.01'>0.010</span>", "<span data-toggle='tooltip' data-placement='right' title='原始值：1.373'>1.37</span>", "*", "*", "维护"], ["浙江省", "太湖流域", "<span data-toggle='tooltip' data-placement='right' title='所在地市:嘉兴市&#10;所属河流:斜路港河'>斜路港</span>", null, "", "--", "--", "--", "--", "--", "--", "--", "--", "--", "*", "*", "停站"], ["浙江省", "太湖流域", "<span data-toggle='tooltip' data-placement='right' title='所在地市:嘉兴市&#10;所属河流:京杭运河'>王江泾</span>", null, "", "--", "--", "--", "--", "--", "--", "--", "--", "--", "*", "*", "停站"], ["浙江省", "太湖流域", "<span data-toggle='tooltip' data-placement='right' title='所在地市:湖州市&#10;所属河流:西苕溪'>新港口(新塘港)</span>", "01-10 08:00", "Ⅱ", "<span data-toggle='tooltip' data-placement='right' title='原始值：1.70459'>1.7</span>", "<span data-toggle='tooltip' data-placement='right' title='原始值：8.17148'>8.17</span>", "<span data-toggle='tooltip' data-placement='right' title='原始值：13.592'>13.59</span>", "<span data-toggle='tooltip' data-placement='right' title='原始值：420.658'>420.7</span>", "<span data-toggle='tooltip' data-placement='right' title='原始值：213.275'>213.3</span>", "<span data-toggle='tooltip' data-placement='right' title='原始值：1.98419'>1.98</span>", "<span data-toggle='tooltip' data-placement='right' title='原始值：0.11742'>0.117</span>", "<span data-toggle='tooltip' data-placement='right' title='原始值：0.09695'>0.097</span>", "<span data-toggle='tooltip' data-placement='right' title='原始值：5.77249'>5.77</span>", "<span data-toggle='tooltip' data-placement='right' title='原始值：0.01175'>0.012</span>", "*", "正常"], ["安徽省", "巢湖流域", "<span data-toggle='tooltip' data-placement='right' title='所在地市:合肥市&#10;所属河流:巢湖'>湖滨(老)</span>", "01-10 08:00", "", "<span data-toggle='tooltip' data-placement='right' title='原始值：4.133'>4.1</span>", "<span data-toggle='tooltip' data-placement='right' title='原始值：6.9424'>6.94</span>", "<span data-toggle='tooltip' data-placement='right' title='原始值：13.54297'>13.54</span>", "<span data-toggle='tooltip' data-placement='right' title='原始值：385.7273'>385.7</span>", "<span data-toggle='tooltip' data-placement='right' title='原始值：49.20694'>49.2</span>", "<span data-toggle='tooltip' data-placement='right' title='极值过滤'>--</span>", "<span data-toggle='tooltip' data-placement='right' title='原始值：0.42'>0.420</span>", "<span data-toggle='tooltip' data-placement='right' title='原始值：0.067'>0.067</span>", "<span data-toggle='tooltip' data-placement='right' title='原始值：3.092'>3.09</span>", "<span data-toggle='tooltip' data-placement='right' title='原始值：0.01878'>0.019</span>", "*", "维护"], ["安徽省", "巢湖流域", "<span data-toggle='tooltip' data-placement='right' title='所在地市:芜湖市&#10;所属河流:巢湖'>裕溪口(老)</span>", "01-10 08:00", "Ⅴ", "<span data-toggle='tooltip' data-placement='right' title='原始值：6.32118'>6.3</span>", "<span data-toggle='tooltip' data-placement='right' title='原始值：7.74509'>7.75</span>", "<span data-toggle='tooltip' data-placement='right' title='原始值：10.63707'>10.64</span>", "<span data-toggle='tooltip' data-placement='right' title='原始值：260.2837'>260.3</span>", "<span data-toggle='tooltip' data-placement='right' title='原始值：103.7952'>103.8</span>", "<span data-toggle='tooltip' data-placement='right' title='原始值：0.95'>0.95</span>", "<span data-toggle='tooltip' data-placement='right' title='原始值：0.14'>0.140</span>", "<span data-toggle='tooltip' data-placement='right' title='原始值：0.1064'>0.106</span>", "<span data-toggle='tooltip' data-placement='right' title='原始值：4.319'>4.32</span>", "<span data-toggle='tooltip' data-placement='right' title='原始值：0.01893'>0.019</span>", "*", "正常"], ["安徽省", "淮河流域", "<span data-toggle='tooltip' data-placement='right' title='所在地市:蚌埠市&#10;所属河流:淮河'>蚌埠闸上(蚌埠闸)</span>", "01-10 08:00", "Ⅱ", "<span data-toggle='tooltip' data-placement='right' title='原始值：5.38'>5.4</span>", "<span data-toggle='tooltip' data-placement='right' title='原始值：8.42'>8.42</span>", "<span data-toggle='tooltip' data-placement='right' title='原始值：13.74'>13.74</span>", "<span data-toggle='tooltip' data-placement='right' title='原始值：707.54'>707.5</span>", "<span data-toggle='tooltip' data-placement='right' title='原始值：51.03'>51.0</span>", "<span data-toggle='tooltip' data-placement='right' title='原始值：3.026'>3.03</span>", "<span data-toggle='tooltip' data-placement='right' title='原始值：0.259'>0.259</span>", "<span data-toggle='tooltip' data-placement='right' title='原始值：0.081'>0.081</span>", "<span data-toggle='tooltip' data-placement='right' title='原始值：2.216'>2.22</span>", "*", "*", "正常"], ["安徽省", "淮河流域", "<span data-toggle='tooltip' data-placement='right' title='所在地市:淮南市&#10;所属河流:淮河'>石头埠(老)</span>", "01-10 08:00", "", "<span data-toggle='tooltip' data-placement='right' title='原始值：7.33845'>7.3</span>", "<span data-toggle='tooltip' data-placement='right' title='原始值：7.73749'>7.74</span>", "<span data-toggle='tooltip' data-placement='right' title='原始值：7.73866'>7.74</span>", "<span data-toggle='tooltip' data-placement='right' title='原始值：210.5547'>210.6</span>", "<span data-toggle='tooltip' data-placement='right' title='原始值：18.40215'>18.4</span>", "<span data-toggle='tooltip' data-placement='right' title='原始值：2.87'>2.87</span>", "<span data-toggle='tooltip' data-placement='right' title='极值过滤'>--</span>", "*", "*", "*", "*", "维护"], ["安徽省", "淮河流域", "<span data-toggle='tooltip' data-placement='right' title='所在地市:淮北市&#10;所属河流:沱河'>小王桥</span>", "01-10 08:00", "Ⅳ", "<span data-toggle='tooltip' data-placement='right' title='原始值：3.34'>3.3</span>", "<span data-toggle='tooltip' data-placement='right' title='原始值：8.26'>8.26</span>", "<span data-toggle='tooltip' data-placement='right' title='原始值：15.31'>15.31</span>", "<span data-toggle='tooltip' data-placement='right' title='原始值：1494.58'>1494.6</span>", "<span data-toggle='tooltip' data-placement='right' title='原始值：27.88'>27.9</span>", "<span data-toggle='tooltip' data-placement='right' title='原始值：7.914'>7.91</span>", "<span data-toggle='tooltip' data-placement='right' title='原始值：0.074'>0.074</span>", "<span data-toggle='tooltip' data-placement='right' title='原始值：0.127'>0.127</span>", "<span data-toggle='tooltip' data-placement='right' title='原始值：3.375'>3.38</span>", "*", "*", "正常"], ["安徽省", "长江流域", "<span data-toggle='tooltip' data-placement='right' title='所在地市:安庆市&#10;所属河流:长江'>皖河口</span>", "01-10 08:00", "Ⅱ", "<span data-toggle='tooltip' data-placement='right' title='原始值：9.88'>9.9</span>", "<span data-toggle='tooltip' data-placement='right' title='原始值：7.648'>7.65</span>", "<span data-toggle='tooltip' data-placement='right' title='原始值：9.35'>9.35</span>", "<span data-toggle='tooltip' data-placement='right' title='原始值：323.41'>323.4</span>", "<span data-toggle='tooltip' data-placement='right' title='原始值：34.86'>34.9</span>", "<span data-toggle='tooltip' data-placement='right' title='原始值：2.011'>2.01</span>", "<span data-toggle='tooltip' data-placement='right' title='原始值：0.082'>0.082</span>", "<span data-toggle='tooltip' data-placement='right' title='原始值：0.0708'>0.071</span>", "<span data-toggle='tooltip' data-placement='right' title='原始值：2.211'>2.21</span>", "*", "*", "正常"], ["安徽省", "淮河流域", "<span data-toggle='tooltip' data-placement='right' title='所在地市:滁州市&#10;所属河流:淮河'>小柳巷</span>", null, "", "--", "--", "--", "--", "--", "--", "--", "--", "--", "*", "*", "维护"], ["安徽省", "淮河流域", "<span data-toggle='tooltip' data-placement='right' title='所在地市:阜阳市&#10;所属河流:黑茨河'>张大桥</span>", null, "", "--", "--", "--", "--", "--", "--", "--", "--", "--", "*", "*", "停站"], ["安徽省", "淮河流域", "<span data-toggle='tooltip' data-placement='right' title='所在地市:阜阳市&#10;所属河流:淮河'>王家坝</span>", "01-10 08:00", "Ⅲ", "<span data-toggle='tooltip' data-placement='right' title='原始值：2.95871'>3.0</span>", "<span data-toggle='tooltip' data-placement='right' title='原始值：7.71597'>7.72</span>", "<span data-toggle='tooltip' data-placement='right' title='原始值：13.19367'>13.19</span>", "<span data-toggle='tooltip' data-placement='right' title='原始值：269.0277'>269.0</span>", "<span data-toggle='tooltip' data-placement='right' title='原始值：13.28222'>13.3</span>", "<span data-toggle='tooltip' data-placement='right' title='原始值：4.14'>4.14</span>", "<span data-toggle='tooltip' data-placement='right' title='原始值：0.659'>0.659</span>", "<span data-toggle='tooltip' data-placement='right' title='原始值：0.04248'>0.042</span>", "<span data-toggle='tooltip' data-placement='right' title='原始值：2.26074'>2.26</span>", "*", "*", "正常"], ["安徽省", "淮河流域", "<span data-toggle='tooltip' data-placement='right' title='所在地市:阜阳市&#10;所属河流:颍河'>界首七渡口(七渡口)</span>", null, "", "--", "--", "--", "--", "--", "--", "--", "--", "--", "*", "*", "维护"], ["安徽省", "淮河流域", "<span data-toggle='tooltip' data-placement='right' title='所在地市:阜阳市&#10;所属河流:泉河'>许庄(徐庄)</span>", null, "", "--", "--", "--", "--", "--", "--", "--", "--", "--", "*", "*", "维护"], ["安徽省", "淮河流域", "<span data-toggle='tooltip' data-placement='right' title='所在地市:宿州市&#10;所属河流:奎河'>杨庄</span>", "01-10 08:00", "Ⅴ", "<span data-toggle='tooltip' data-placement='right' title='原始值：3.41'>3.4</span>", "<span data-toggle='tooltip' data-placement='right' title='原始值：8.02'>8.02</span>", "<span data-toggle='tooltip' data-placement='right' title='原始值：11.45'>11.45</span>", "<span data-toggle='tooltip' data-placement='right' title='原始值：980.7'>980.7</span>", "<span data-toggle='tooltip' data-placement='right' title='原始值：64.8'>64.8</span>", "<span data-toggle='tooltip' data-placement='right' title='原始值：5.21'>5.21</span>", "<span data-toggle='tooltip' data-placement='right' title='原始值：1.733'>1.733</span>", "*", "*", "*", "*", "正常"], ["安徽省", "淮河流域", "<span data-toggle='tooltip' data-placement='right' title='所在地市:宿州市&#10;所属河流:新汴河'>泗县公路桥</span>", null, "", "--", "--", "--", "--", "--", "--", "--", "*", "*", "*", "*", "维护"], ["安徽省", "淮河流域", "<span data-toggle='tooltip' data-placement='right' title='所在地市:亳州市&#10;所属河流:包河'>颜集</span>", null, "", "--", "--", "--", "--", "--", "--", "--", "--", "--", "*", "*", "维护"], ["福建省", "浙闽片河流", "<span data-toggle='tooltip' data-placement='right' title='所在地市:福州市&#10;所属河流:闽江'>白岩潭</span>", "01-10 08:00", "Ⅳ", "<span data-toggle='tooltip' data-placement='right' title='原始值：14.46'>14.5</span>", "<span data-toggle='tooltip' data-placement='right' title='原始值：7.2'>7.20</span>", "<span data-toggle='tooltip' data-placement='right' title='原始值：8.18'>8.18</span>", "<span data-toggle='tooltip' data-placement='right' title='原始值：5147.1'>5147.1</span>", "<span data-toggle='tooltip' data-placement='right' title='原始值：342.55'>342.6</span>", "<span data-toggle='tooltip' data-placement='right' title='原始值：6.18'>6.18</span>", "<span data-toggle='tooltip' data-placement='right' title='原始值：0.192'>0.192</span>", "*", "*", "*", "*", "正常"], ["江西省", "长江流域", "<span data-toggle='tooltip' data-placement='right' title='所在地市:南昌市&#10;所属河流:赣江南支'>滁槎</span>", "01-10 08:00", "Ⅱ", "<span data-toggle='tooltip' data-placement='right' title='原始值：10.14653'>10.1</span>", "<span data-toggle='tooltip' data-placement='right' title='原始值：7.15202'>7.15</span>", "<span data-toggle='tooltip' data-placement='right' title='原始值：10.01865'>10.02</span>", "<span data-toggle='tooltip' data-placement='right' title='原始值：121.4937'>121.5</span>", "<span data-toggle='tooltip' data-placement='right' title='原始值：55.10007'>55.1</span>", "<span data-toggle='tooltip' data-placement='right' title='原始值：1.14'>1.14</span>", "<span data-toggle='tooltip' data-placement='right' title='原始值：0.4'>0.400</span>", "<span data-toggle='tooltip' data-placement='right' title='原始值：0.0825'>0.082</span>", "<span data-toggle='tooltip' data-placement='right' title='原始值：1.3025'>1.30</span>", "*", "*", "正常"], ["江西省", "长江流域", "<span data-toggle='tooltip' data-placement='right' title='所在地市:九江市&#10;所属河流:长江'>姚港(河西水厂)</span>", "01-10 08:00", "Ⅱ", "<span data-toggle='tooltip' data-placement='right' title='原始值：9.45'>9.4</span>", "<span data-toggle='tooltip' data-placement='right' title='原始值：7.59'>7.59</span>", "<span data-toggle='tooltip' data-placement='right' title='原始值：11.25'>11.25</span>", "<span data-toggle='tooltip' data-placement='right' title='原始值：374.5'>374.5</span>", "<span data-toggle='tooltip' data-placement='right' title='原始值：29.05'>29.0</span>", "<span data-toggle='tooltip' data-placement='right' title='原始值：1.209'>1.21</span>", "<span data-toggle='tooltip' data-placement='right' title='原始值：0.057'>0.057</span>", "<span data-toggle='tooltip' data-placement='right' title='原始值：0.088'>0.088</span>", "<span data-toggle='tooltip' data-placement='right' title='原始值：2.04'>2.04</span>", "*", "*", "正常"], ["江西省", "长江流域", "<span data-toggle='tooltip' data-placement='right' title='所在地市:九江市&#10;所属河流:鄱阳湖'>蛤蟆石</span>", "01-10 08:00", "Ⅲ", "<span data-toggle='tooltip' data-placement='right' title='原始值：5.86'>5.9</span>", "<span data-toggle='tooltip' data-placement='right' title='原始值：7.57'>7.57</span>", "<span data-toggle='tooltip' data-placement='right' title='原始值：12.29'>12.29</span>", "<span data-toggle='tooltip' data-placement='right' title='原始值：227.8'>227.8</span>", "<span data-toggle='tooltip' data-placement='right' title='原始值：20.38'>20.4</span>", "<span data-toggle='tooltip' data-placement='right' title='原始值：1.053'>1.05</span>", "<span data-toggle='tooltip' data-placement='right' title='原始值：0.191'>0.191</span>", "<span data-toggle='tooltip' data-placement='right' title='原始值：0.0425'>0.042</span>", "<span data-toggle='tooltip' data-placement='right' title='原始值：1.872'>1.87</span>", "<span data-toggle='tooltip' data-placement='right' title='原始值：0.00291'>0.003</span>", "<span data-toggle='tooltip' data-placement='right' title='原始值：1098241'>1098241</span>", "正常"], ["山东省", "黄河流域", "<span data-toggle='tooltip' data-placement='right' title='所在地市:济南市&#10;所属河流:黄河'>泺口</span>", null, "", "--", "--", "--", "--", "--", "--", "--", "--", "--", "*", "*", "停站"], ["山东省", "淮河流域", "<span data-toggle='tooltip' data-placement='right' title='所在地市:枣庄市&#10;所属河流:京杭大运河（韩庄运河）'>台儿庄大桥</span>", "01-10 08:00", "Ⅲ", "<span data-toggle='tooltip' data-placement='right' title='原始值：2.92289'>2.9</span>", "<span data-toggle='tooltip' data-placement='right' title='原始值：8.39179'>8.39</span>", "<span data-toggle='tooltip' data-placement='right' title='原始值：12.86521'>12.87</span>", "<span data-toggle='tooltip' data-placement='right' title='原始值：1033.997'>1034.0</span>", "<span data-toggle='tooltip' data-placement='right' title='原始值：61.03378'>61.0</span>", "<span data-toggle='tooltip' data-placement='right' title='原始值：4.37543'>4.38</span>", "<span data-toggle='tooltip' data-placement='right' title='原始值：0.24992'>0.250</span>", "<span data-toggle='tooltip' data-placement='right' title='原始值：0.0825'>0.082</span>", "<span data-toggle='tooltip' data-placement='right' title='原始值：5.26432'>5.26</span>", "*", "*", "正常"], ["山东省", "淮河流域", "<span data-toggle='tooltip' data-placement='right' title='所在地市:临沂市&#10;所属河流:沭河'>清泉寺</span>", "01-10 08:00", "Ⅳ", "<span data-toggle='tooltip' data-placement='right' title='原始值：5.38156'>5.4</span>", "<span data-toggle='tooltip' data-placement='right' title='原始值：8.83007'>8.83</span>", "<span data-toggle='tooltip' data-placement='right' title='原始值：11.84752'>11.85</span>", "<span data-toggle='tooltip' data-placement='right' title='原始值：1347.094'>1347.1</span>", "<span data-toggle='tooltip' data-placement='right' title='原始值：4.25456'>4.3</span>", "<span data-toggle='tooltip' data-placement='right' title='原始值：6.25'>6.25</span>", "<span data-toggle='tooltip' data-placement='right' title='原始值：0.14'>0.140</span>", "*", "*", "*", "*", "正常"], ["山东省", "淮河流域", "<span data-toggle='tooltip' data-placement='right' title='所在地市:临沂市&#10;所属河流:沂河'>重坊桥</span>", null, "", "--", "--", "--", "--", "--", "--", "--", "--", "--", "*", "*", "停站"], ["山东省", "淮河流域", "<span data-toggle='tooltip' data-placement='right' title='所在地市:临沂市&#10;所属河流:白马河'>捷庄(涝沟桥)</span>", "01-10 08:00", "Ⅱ", "<span data-toggle='tooltip' data-placement='right' title='原始值：4.4002'>4.4</span>", "<span data-toggle='tooltip' data-placement='right' title='原始值：7.74998'>7.75</span>", "<span data-toggle='tooltip' data-placement='right' title='原始值：20'>20.00</span>", "<span data-toggle='tooltip' data-placement='right' title='原始值：942.9395'>942.9</span>", "<span data-toggle='tooltip' data-placement='right' title='原始值：12.94256'>12.9</span>", "<span data-toggle='tooltip' data-placement='right' title='原始值：4'>4.00</span>", "<span data-toggle='tooltip' data-placement='right' title='原始值：0.06497'>0.065</span>", "<span data-toggle='tooltip' data-placement='right' title='原始值：0.05301'>0.053</span>", "<span data-toggle='tooltip' data-placement='right' title='原始值：7.68594'>7.69</span>", "*", "*", "正常"], ["山东省", "海河流域", "<span data-toggle='tooltip' data-placement='right' title='所在地市:聊城市&#10;所属河流:卫运河'>秤勾湾(秤钩湾)</span>", null, "", "--", "--", "--", "--", "--", "--", "--", "--", "--", "*", "*", "停站"], ["河南省", "长江流域", "<span data-toggle='tooltip' data-placement='right' title='所在地市:南阳市&#10;所属河流:丹江口水库'>陶岔</span>", "01-10 08:00", "Ⅰ", "<span data-toggle='tooltip' data-placement='right' title='原始值：14.26'>14.3</span>", "<span data-toggle='tooltip' data-placement='right' title='原始值：7.87758'>7.88</span>", "<span data-toggle='tooltip' data-placement='right' title='原始值：9.45347'>9.45</span>", "<span data-toggle='tooltip' data-placement='right' title='原始值：273.9412'>273.9</span>", "<span data-toggle='tooltip' data-placement='right' title='原始值：4.40353'>4.4</span>", "<span data-toggle='tooltip' data-placement='right' title='原始值：1.75'>1.75</span>", "<span data-toggle='tooltip' data-placement='right' title='原始值：0.04128'>0.041</span>", "<span data-toggle='tooltip' data-placement='right' title='原始值：0.00564'>0.006</span>", "<span data-toggle='tooltip' data-placement='right' title='原始值：1.06316'>1.06</span>", "<span data-toggle='tooltip' data-placement='right' title='原始值：0.00492'>0.005</span>", "<span data-toggle='tooltip' data-placement='right' title='原始值：137034.8'>137035</span>", "正常"], ["河南省", "淮河流域", "<span data-toggle='tooltip' data-placement='right' title='所在地市:商丘市&#10;所属河流:浍河'>黄口</span>", "01-10 08:00", "Ⅱ", "<span data-toggle='tooltip' data-placement='right' title='原始值：5.5'>5.5</span>", "<span data-toggle='tooltip' data-placement='right' title='原始值：7.36'>7.36</span>", "<span data-toggle='tooltip' data-placement='right' title='原始值：12.86868'>12.87</span>", "<span data-toggle='tooltip' data-placement='right' title='原始值：2146.936'>2146.9</span>", "<span data-toggle='tooltip' data-placement='right' title='原始值：54.47539'>54.5</span>", "<span data-toggle='tooltip' data-placement='right' title='原始值：3.42'>3.42</span>", "<span data-toggle='tooltip' data-placement='right' title='原始值：0.0837'>0.084</span>", "<span data-toggle='tooltip' data-placement='right' title='原始值：0.0738'>0.074</span>", "<span data-toggle='tooltip' data-placement='right' title='原始值：12.06924'>12.07</span>", "*", "*", "正常"], ["河南省", "淮河流域", "<span data-toggle='tooltip' data-placement='right' title='所在地市:信阳市&#10;所属河流:史灌河'>蒋集</span>", "01-10 08:00", "Ⅱ", "<span data-toggle='tooltip' data-placement='right' title='原始值：2.5375'>2.5</span>", "<span data-toggle='tooltip' data-placement='right' title='原始值：7.29051'>7.29</span>", "<span data-toggle='tooltip' data-placement='right' title='原始值：11.84977'>11.85</span>", "<span data-toggle='tooltip' data-placement='right' title='原始值：203.499'>203.5</span>", "<span data-toggle='tooltip' data-placement='right' title='原始值：115.0133'>115.0</span>", "<span data-toggle='tooltip' data-placement='right' title='原始值：2.89'>2.89</span>", "<span data-toggle='tooltip' data-placement='right' title='原始值：0.24435'>0.244</span>", "*", "*", "*", "*", "正常"], ["河南省", "淮河流域", "<span data-toggle='tooltip' data-placement='right' title='所在地市:信阳市&#10;所属河流:淮河'>息县大埠口</span>", null, "", "*", "*", "*", "*", "*", "*", "*", "*", "*", "*", "*", "维护"], ["河南省", "淮河流域", "<span data-toggle='tooltip' data-placement='right' title='所在地市:信阳市&#10;所属河流:淮河'>淮滨水文站(淮滨)</span>", "01-10 08:00", "Ⅱ", "<span data-toggle='tooltip' data-placement='right' title='原始值：4.7'>4.7</span>", "<span data-toggle='tooltip' data-placement='right' title='原始值：7.45'>7.45</span>", "<span data-toggle='tooltip' data-placement='right' title='原始值：12.64999'>12.65</span>", "<span data-toggle='tooltip' data-placement='right' title='原始值：296'>296.0</span>", "<span data-toggle='tooltip' data-placement='right' title='原始值：51.98714'>52.0</span>", "<span data-toggle='tooltip' data-placement='right' title='原始值：3.20969'>3.21</span>", "<span data-toggle='tooltip' data-placement='right' title='原始值：0.12257'>0.123</span>", "<span data-toggle='tooltip' data-placement='right' title='原始值：0.08601'>0.086</span>", "<span data-toggle='tooltip' data-placement='right' title='原始值：1.80877'>1.81</span>", "*", "*", "正常"], ["河南省", "淮河流域", "<span data-toggle='tooltip' data-placement='right' title='所在地市:周口市&#10;所属河流:沙河'>沈丘闸</span>", "01-10 08:00", "Ⅲ", "<span data-toggle='tooltip' data-placement='right' title='原始值：4.17021'>4.2</span>", "<span data-toggle='tooltip' data-placement='right' title='原始值：7.8699'>7.87</span>", "<span data-toggle='tooltip' data-placement='right' title='原始值：11.3912'>11.39</span>", "<span data-toggle='tooltip' data-placement='right' title='原始值：1096'>1096.0</span>", "<span data-toggle='tooltip' data-placement='right' title='原始值：5.1122'>5.1</span>", "<span data-toggle='tooltip' data-placement='right' title='原始值：4.89027'>4.89</span>", "<span data-toggle='tooltip' data-placement='right' title='原始值：0.43'>0.430</span>", "*", "*", "*", "*", "正常"], ["河南省", "淮河流域", "<span data-toggle='tooltip' data-placement='right' title='所在地市:周口市&#10;所属河流:涡河'>鹿邑付桥(鹿邑付桥闸)</span>", "01-10 08:00", "", "<span data-toggle='tooltip' data-placement='right' title='原始值：15.37953'>15.4</span>", "<span data-toggle='tooltip' data-placement='right' title='原始值：9.69739'>9.70</span>", "<span data-toggle='tooltip' data-placement='right' title='原始值：9.85261'>9.85</span>", "<span data-toggle='tooltip' data-placement='right' title='极值过滤'>--</span>", "<span data-toggle='tooltip' data-placement='right' title='原始值：1.81341'>1.8</span>", "<span data-toggle='tooltip' data-placement='right' title='极值过滤'>--</span>", "<span data-toggle='tooltip' data-placement='right' title='原始值：2.52'>2.520</span>", "<span data-toggle='tooltip' data-placement='right' title='极值过滤'>--</span>", "<span data-toggle='tooltip' data-placement='right' title='极值过滤'>--</span>", "*", "*", "维护"], ["河南省", "淮河流域", "<span data-toggle='tooltip' data-placement='right' title='所在地市:驻马店市&#10;所属河流:洪河'>新蔡班台(班台)</span>", "01-10 08:00", "Ⅳ", "<span data-toggle='tooltip' data-placement='right' title='原始值：7.31969'>7.3</span>", "<span data-toggle='tooltip' data-placement='right' title='原始值：7.57606'>7.58</span>", "<span data-toggle='tooltip' data-placement='right' title='原始值：15.3967'>15.40</span>", "<span data-toggle='tooltip' data-placement='right' title='原始值：655.7961'>655.8</span>", "<span data-toggle='tooltip' data-placement='right' title='原始值：9.79074'>9.8</span>", "<span data-toggle='tooltip' data-placement='right' title='原始值：6.025'>6.02</span>", "<span data-toggle='tooltip' data-placement='right' title='原始值：0.58'>0.580</span>", "<span data-toggle='tooltip' data-placement='right' title='原始值：0.09644'>0.096</span>", "<span data-toggle='tooltip' data-placement='right' title='原始值：5.41834'>5.42</span>", "*", "*", "正常"], ["河南省", "黄河流域", "<span data-toggle='tooltip' data-placement='right' title='所在地市:济源市&#10;所属河流:黄河'>小浪底水库(小浪底)</span>", "01-10 08:00", "Ⅱ", "<span data-toggle='tooltip' data-placement='right' title='原始值：9.01241'>9.0</span>", "<span data-toggle='tooltip' data-placement='right' title='原始值：8.75786'>8.76</span>", "<span data-toggle='tooltip' data-placement='right' title='原始值：11.56601'>11.57</span>", "<span data-toggle='tooltip' data-placement='right' title='原始值：698.0439'>698.0</span>", "<span data-toggle='tooltip' data-placement='right' title='原始值：9.57981'>9.6</span>", "<span data-toggle='tooltip' data-placement='right' title='原始值：2.775'>2.78</span>", "<span data-toggle='tooltip' data-placement='right' title='原始值：0.12'>0.120</span>", "<span data-toggle='tooltip' data-placement='right' title='原始值：0.0355'>0.036</span>", "<span data-toggle='tooltip' data-placement='right' title='原始值：2.6125'>2.61</span>", "*", "*", "正常"], ["湖北省", "长江流域", "<span data-toggle='tooltip' data-placement='right' title='所在地市:武汉市&#10;所属河流:汉江'>宗关</span>", "01-10 08:00", "", "<span data-toggle='tooltip' data-placement='right' title='原始值：7.23'>7.2</span>", "<span data-toggle='tooltip' data-placement='right' title='原始值：8.021583'>8.02</span>", "<span data-toggle='tooltip' data-placement='right' title='原始值：11.74989'>11.75</span>", "<span data-toggle='tooltip' data-placement='right' title='原始值：373.3624'>373.4</span>", "<span data-toggle='tooltip' data-placement='right' title='原始值：13.84827'>13.8</span>", "<span data-toggle='tooltip' data-placement='right' title='原始值：2.45'>2.45</span>", "--", "<span data-toggle='tooltip' data-placement='right' title='原始值：0.069'>0.069</span>", "<span data-toggle='tooltip' data-placement='right' title='原始值：2.936599'>2.94</span>", "<span data-toggle='tooltip' data-placement='right' title='原始值：0.0060625'>0.006</span>", "*", "维护"], ["湖北省", "长江流域", "<span data-toggle='tooltip' data-placement='right' title='所在地市:十堰市&#10;所属河流:丹江口水库'>坝上中(胡家岭)</span>", "01-10 08:00", "Ⅱ", "<span data-toggle='tooltip' data-placement='right' title='原始值：12.17'>12.2</span>", "<span data-toggle='tooltip' data-placement='right' title='原始值：7.736287'>7.74</span>", "<span data-toggle='tooltip' data-placement='right' title='原始值：8.148601'>8.15</span>", "<span data-toggle='tooltip' data-placement='right' title='原始值：272.596'>272.6</span>", "<span data-toggle='tooltip' data-placement='right' title='原始值：4.889418'>4.9</span>", "<span data-toggle='tooltip' data-placement='right' title='原始值：2.44'>2.44</span>", "<span data-toggle='tooltip' data-placement='right' title='原始值：0.119'>0.119</span>", "<span data-toggle='tooltip' data-placement='right' title='原始值：0.018'>0.018</span>", "<span data-toggle='tooltip' data-placement='right' title='原始值：1.25'>1.25</span>", "<span data-toggle='tooltip' data-placement='right' title='原始值：0.0056401'>0.006</span>", "<span data-toggle='tooltip' data-placement='right' title='原始值：6590000'>6590000</span>", "正常"], ["湖北省", "长江流域", "<span data-toggle='tooltip' data-placement='right' title='所在地市:宜昌市&#10;所属河流:长江'>南津关</span>", "01-10 08:00", "Ⅱ", "<span data-toggle='tooltip' data-placement='right' title='原始值：15.5'>15.5</span>", "<span data-toggle='tooltip' data-placement='right' title='原始值：7.921773'>7.92</span>", "<span data-toggle='tooltip' data-placement='right' title='原始值：8.706437'>8.71</span>", "<span data-toggle='tooltip' data-placement='right' title='原始值：411.835'>411.8</span>", "<span data-toggle='tooltip' data-placement='right' title='原始值：5.015572'>5.0</span>", "<span data-toggle='tooltip' data-placement='right' title='原始值：1.29'>1.29</span>", "<span data-toggle='tooltip' data-placement='right' title='原始值：0.052'>0.052</span>", "<span data-toggle='tooltip' data-placement='right' title='原始值：0.045'>0.045</span>", "<span data-toggle='tooltip' data-placement='right' title='原始值：1.383'>1.38</span>", "<span data-toggle='tooltip' data-placement='right' title='原始值：0.0039621'>0.004</span>", "*", "正常"], ["湖南省", "长江流域", "<span data-toggle='tooltip' data-placement='right' title='所在地市:长沙市&#10;所属河流:湘江'>新港</span>", "01-10 08:00", "Ⅱ", "<span data-toggle='tooltip' data-placement='right' title='原始值：9.5'>9.5</span>", "<span data-toggle='tooltip' data-placement='right' title='原始值：7.74'>7.74</span>", "<span data-toggle='tooltip' data-placement='right' title='原始值：8.47'>8.47</span>", "<span data-toggle='tooltip' data-placement='right' title='原始值：293.68'>293.7</span>", "<span data-toggle='tooltip' data-placement='right' title='原始值：17.79'>17.8</span>", "<span data-toggle='tooltip' data-placement='right' title='原始值：1.99'>1.99</span>", "<span data-toggle='tooltip' data-placement='right' title='原始值：0.18'>0.180</span>", "<span data-toggle='tooltip' data-placement='right' title='原始值：0.036'>0.036</span>", "<span data-toggle='tooltip' data-placement='right' title='原始值：1.45'>1.45</span>", "*", "*", "正常"], ["湖南省", "长江流域", "<span data-toggle='tooltip' data-placement='right' title='所在地市:岳阳市&#10;所属河流:洞庭湖'>岳阳楼</span>", "01-10 08:00", "Ⅴ", "<span data-toggle='tooltip' data-placement='right' title='原始值：6.63'>6.6</span>", "<span data-toggle='tooltip' data-placement='right' title='原始值：8.083534'>8.08</span>", "<span data-toggle='tooltip' data-placement='right' title='原始值：10.69712'>10.70</span>", "<span data-toggle='tooltip' data-placement='right' title='原始值：291.3986'>291.4</span>", "<span data-toggle='tooltip' data-placement='right' title='原始值：32.48956'>32.5</span>", "<span data-toggle='tooltip' data-placement='right' title='原始值：2.01'>2.01</span>", "<span data-toggle='tooltip' data-placement='right' title='原始值：0.088'>0.088</span>", "<span data-toggle='tooltip' data-placement='right' title='原始值：0.112'>0.112</span>", "<span data-toggle='tooltip' data-placement='right' title='原始值：2.926'>2.93</span>", "<span data-toggle='tooltip' data-placement='right' title='原始值：0.0032656'>0.003</span>", "<span data-toggle='tooltip' data-placement='right' title='原始值：271.029'>271</span>", "正常"], ["湖南省", "长江流域", "<span data-toggle='tooltip' data-placement='right' title='所在地市:岳阳市&#10;所属河流:长江'>城陵矶</span>", "01-10 08:00", "Ⅲ", "<span data-toggle='tooltip' data-placement='right' title='原始值：9.01'>9.0</span>", "<span data-toggle='tooltip' data-placement='right' title='原始值：7.810347'>7.81</span>", "<span data-toggle='tooltip' data-placement='right' title='原始值：10.87909'>10.88</span>", "<span data-toggle='tooltip' data-placement='right' title='原始值：356.697'>356.7</span>", "<span data-toggle='tooltip' data-placement='right' title='原始值：28.62809'>28.6</span>", "<span data-toggle='tooltip' data-placement='right' title='原始值：2.87'>2.87</span>", "<span data-toggle='tooltip' data-placement='right' title='原始值：0.099'>0.099</span>", "<span data-toggle='tooltip' data-placement='right' title='原始值：0.112'>0.112</span>", "<span data-toggle='tooltip' data-placement='right' title='原始值：1.8807'>1.88</span>", "*", "*", "正常"], ["广东省", "珠江流域", "<span data-toggle='tooltip' data-placement='right' title='所在地市:清远市&#10;所属河流:北江'>七星岗</span>", "01-10 08:00", "Ⅱ", "<span data-toggle='tooltip' data-placement='right' title='原始值：13.72974'>13.7</span>", "<span data-toggle='tooltip' data-placement='right' title='原始值：7.8565'>7.86</span>", "<span data-toggle='tooltip' data-placement='right' title='原始值：10.8417'>10.84</span>", "<span data-toggle='tooltip' data-placement='right' title='原始值：283.424'>283.4</span>", "<span data-toggle='tooltip' data-placement='right' title='原始值：7.94346'>7.9</span>", "<span data-toggle='tooltip' data-placement='right' title='原始值：2.25'>2.25</span>", "<span data-toggle='tooltip' data-placement='right' title='原始值：0.2472'>0.247</span>", "<span data-toggle='tooltip' data-placement='right' title='原始值：0.03304'>0.033</span>", "<span data-toggle='tooltip' data-placement='right' title='原始值：2.6593'>2.66</span>", "*", "*", "正常"], ["广东省", "珠江流域", "<span data-toggle='tooltip' data-placement='right' title='所在地市:中山市&#10;所属河流:西江'>横栏</span>", "01-10 08:00", "Ⅰ", "<span data-toggle='tooltip' data-placement='right' title='原始值：14.2'>14.2</span>", "<span data-toggle='tooltip' data-placement='right' title='原始值：7.63'>7.63</span>", "<span data-toggle='tooltip' data-placement='right' title='原始值：9.07'>9.07</span>", "<span data-toggle='tooltip' data-placement='right' title='原始值：330'>330.0</span>", "<span data-toggle='tooltip' data-placement='right' title='原始值：4.8'>4.8</span>", "<span data-toggle='tooltip' data-placement='right' title='原始值：1.51'>1.51</span>", "<span data-toggle='tooltip' data-placement='right' title='原始值：0.13386'>0.134</span>", "*", "*", "*", "*", "正常"], ["广西壮族自治区", "珠江流域", "<span data-toggle='tooltip' data-placement='right' title='所在地市:南宁市&#10;所属河流:邕江'>老口</span>", null, "", "--", "--", "--", "--", "--", "--", "--", "--", "--", "*", "*", "维护"], ["广西壮族自治区", "珠江流域", "<span data-toggle='tooltip' data-placement='right' title='所在地市:桂林市&#10;所属河流:漓江'>阳朔</span>", null, "", "--", "--", "--", "--", "--", "--", "--", "--", "--", "*", "*", "停站"], ["广西壮族自治区", "珠江流域", "<span data-toggle='tooltip' data-placement='right' title='所在地市:梧州市&#10;所属河流:浔江'>界首</span>", null, "", "--", "--", "--", "--", "--", "--", "--", "--", "--", "*", "*", "停站"], ["广西壮族自治区", "珠江流域", "<span data-toggle='tooltip' data-placement='right' title='所在地市:贵港市&#10;所属河流:浔江'>石嘴</span>", "01-10 08:00", "Ⅱ", "<span data-toggle='tooltip' data-placement='right' title='原始值：18.36571'>18.4</span>", "<span data-toggle='tooltip' data-placement='right' title='原始值：8.12893'>8.13</span>", "<span data-toggle='tooltip' data-placement='right' title='原始值：9.15199'>9.15</span>", "<span data-toggle='tooltip' data-placement='right' title='原始值：295.8829'>295.9</span>", "<span data-toggle='tooltip' data-placement='right' title='原始值：7.98293'>8.0</span>", "<span data-toggle='tooltip' data-placement='right' title='原始值：0.67'>0.67</span>", "<span data-toggle='tooltip' data-placement='right' title='原始值：0.19'>0.190</span>", "<span data-toggle='tooltip' data-placement='right' title='原始值：0.02915'>0.029</span>", "<span data-toggle='tooltip' data-placement='right' title='原始值：2.2267'>2.23</span>", "*", "*", "正常"], ["广西壮族自治区", "珠江流域", "<span data-toggle='tooltip' data-placement='right' title='所在地市:崇左市&#10;所属河流:平而河'>平而关</span>", "01-10 08:00", "Ⅱ", "<span data-toggle='tooltip' data-placement='right' title='原始值：14.15406'>14.2</span>", "<span data-toggle='tooltip' data-placement='right' title='原始值：7.97887'>7.98</span>", "<span data-toggle='tooltip' data-placement='right' title='原始值：10.36784'>10.37</span>", "<span data-toggle='tooltip' data-placement='right' title='原始值：252.6592'>252.7</span>", "<span data-toggle='tooltip' data-placement='right' title='原始值：24.90118'>24.9</span>", "<span data-toggle='tooltip' data-placement='right' title='原始值：1.01987'>1.02</span>", "<span data-toggle='tooltip' data-placement='right' title='原始值：0.17'>0.170</span>", "*", "*", "*", "*", "正常"], ["重庆市", "长江流域", "<span data-toggle='tooltip' data-placement='right' title='所在地市:永川区&#10;所属河流:长江'>朱沱</span>", "01-10 08:00", "Ⅱ", "<span data-toggle='tooltip' data-placement='right' title='原始值：8.21'>8.2</span>", "<span data-toggle='tooltip' data-placement='right' title='原始值：7.41'>7.41</span>", "<span data-toggle='tooltip' data-placement='right' title='原始值：16.58'>16.58</span>", "<span data-toggle='tooltip' data-placement='right' title='原始值：424.68'>424.7</span>", "<span data-toggle='tooltip' data-placement='right' title='原始值：70.97'>71.0</span>", "<span data-toggle='tooltip' data-placement='right' title='原始值：0.99'>0.99</span>", "<span data-toggle='tooltip' data-placement='right' title='原始值：0.009'>0.009</span>", "<span data-toggle='tooltip' data-placement='right' title='原始值：0.068'>0.068</span>", "<span data-toggle='tooltip' data-placement='right' title='原始值：1.428'>1.43</span>", "*", "*", "正常"], ["四川省", "长江流域", "<span data-toggle='tooltip' data-placement='right' title='所在地市:攀枝花市&#10;所属河流:金沙江'>龙洞</span>", "01-10 08:00", "Ⅰ", "<span data-toggle='tooltip' data-placement='right' title='原始值：13.57'>13.6</span>", "<span data-toggle='tooltip' data-placement='right' title='原始值：8.322728'>8.32</span>", "<span data-toggle='tooltip' data-placement='right' title='原始值：8.71546'>8.72</span>", "<span data-toggle='tooltip' data-placement='right' title='原始值：902.288'>902.3</span>", "<span data-toggle='tooltip' data-placement='right' title='原始值：3.367349'>3.4</span>", "<span data-toggle='tooltip' data-placement='right' title='原始值：0.96'>0.96</span>", "<span data-toggle='tooltip' data-placement='right' title='原始值：0.008'>0.008</span>", "<span data-toggle='tooltip' data-placement='right' title='原始值：0.0057869'>0.006</span>", "<span data-toggle='tooltip' data-placement='right' title='原始值：2.050981'>2.05</span>", "*", "*", "正常"], ["四川省", "长江流域", "<span data-toggle='tooltip' data-placement='right' title='所在地市:泸州市&#10;所属河流:沱江'>沱江大桥(沱江二桥)</span>", "01-10 08:00", "Ⅱ", "<span data-toggle='tooltip' data-placement='right' title='原始值：9.67'>9.7</span>", "<span data-toggle='tooltip' data-placement='right' title='原始值：8.266549'>8.27</span>", "<span data-toggle='tooltip' data-placement='right' title='原始值：10.84028'>10.84</span>", "<span data-toggle='tooltip' data-placement='right' title='原始值：673.3984'>673.4</span>", "<span data-toggle='tooltip' data-placement='right' title='原始值：7.299473'>7.3</span>", "<span data-toggle='tooltip' data-placement='right' title='原始值：1.86'>1.86</span>", "<span data-toggle='tooltip' data-placement='right' title='原始值：0.004'>0.004</span>", "<span data-toggle='tooltip' data-placement='right' title='原始值：0.0936335'>0.094</span>", "<span data-toggle='tooltip' data-placement='right' title='原始值：3.855068'>3.86</span>", "*", "*", "正常"], ["四川省", "长江流域", "<span data-toggle='tooltip' data-placement='right' title='所在地市:广元市&#10;所属河流:嘉陵江'>清风峡</span>", "01-10 08:00", "Ⅰ", "<span data-toggle='tooltip' data-placement='right' title='原始值：3.56759'>3.6</span>", "<span data-toggle='tooltip' data-placement='right' title='原始值：8.36713'>8.37</span>", "<span data-toggle='tooltip' data-placement='right' title='原始值：14.25593'>14.26</span>", "<span data-toggle='tooltip' data-placement='right' title='原始值：423.0926'>423.1</span>", "<span data-toggle='tooltip' data-placement='right' title='原始值：42.79814'>42.8</span>", "<span data-toggle='tooltip' data-placement='right' title='原始值：0.55'>0.55</span>", "<span data-toggle='tooltip' data-placement='right' title='原始值：0.0554'>0.055</span>", "*", "*", "*", "*", "正常"], ["四川省", "长江流域", "<span data-toggle='tooltip' data-placement='right' title='所在地市:乐山市&#10;所属河流:岷江'>岷江大桥</span>", null, "", "--", "--", "--", "--", "--", "--", "--", "--", "--", "*", "*", "停站"], ["四川省", "长江流域", "<span data-toggle='tooltip' data-placement='right' title='所在地市:宜宾市&#10;所属河流:岷江'>凉姜沟</span>", "01-10 08:00", "Ⅲ", "<span data-toggle='tooltip' data-placement='right' title='原始值：9.91'>9.9</span>", "<span data-toggle='tooltip' data-placement='right' title='原始值：7.753946'>7.75</span>", "<span data-toggle='tooltip' data-placement='right' title='原始值：10.03533'>10.04</span>", "<span data-toggle='tooltip' data-placement='right' title='原始值：352.4081'>352.4</span>", "<span data-toggle='tooltip' data-placement='right' title='原始值：32.27453'>32.3</span>", "<span data-toggle='tooltip' data-placement='right' title='原始值：1.44'>1.44</span>", "<span data-toggle='tooltip' data-placement='right' title='原始值：0.232'>0.232</span>", "<span data-toggle='tooltip' data-placement='right' title='原始值：0.118761'>0.119</span>", "<span data-toggle='tooltip' data-placement='right' title='原始值：2.226336'>2.23</span>", "*", "*", "正常"], ["云南省", "滇池流域", "<span data-toggle='tooltip' data-placement='right' title='所在地市:昆明市&#10;所属河流:滇池'>西苑隧道</span>", "01-10 08:00", "Ⅲ", "<span data-toggle='tooltip' data-placement='right' title='原始值：10.88'>10.9</span>", "<span data-toggle='tooltip' data-placement='right' title='原始值：7.8866'>7.89</span>", "<span data-toggle='tooltip' data-placement='right' title='原始值：8.887'>8.89</span>", "<span data-toggle='tooltip' data-placement='right' title='原始值：708.046'>708.0</span>", "<span data-toggle='tooltip' data-placement='right' title='原始值：12.217'>12.2</span>", "<span data-toggle='tooltip' data-placement='right' title='原始值：4.03253'>4.03</span>", "<span data-toggle='tooltip' data-placement='right' title='原始值：0.05482'>0.055</span>", "<span data-toggle='tooltip' data-placement='right' title='原始值：0.02298'>0.023</span>", "<span data-toggle='tooltip' data-placement='right' title='原始值：4.88577'>4.89</span>", "<span data-toggle='tooltip' data-placement='right' title='原始值：0.00161'>0.002</span>", "<span data-toggle='tooltip' data-placement='right' title='原始值：4804740'>4804740</span>", "正常"], ["云南省", "滇池流域", "<span data-toggle='tooltip' data-placement='right' title='所在地市:昆明市&#10;所属河流:滇池'>观音山</span>", "01-10 08:00", "Ⅴ", "<span data-toggle='tooltip' data-placement='right' title='原始值：10.60634'>10.6</span>", "<span data-toggle='tooltip' data-placement='right' title='原始值：8.74038'>8.74</span>", "<span data-toggle='tooltip' data-placement='right' title='原始值：6.382'>6.38</span>", "<span data-toggle='tooltip' data-placement='right' title='原始值：419.531'>419.5</span>", "<span data-toggle='tooltip' data-placement='right' title='原始值：60.389'>60.4</span>", "<span data-toggle='tooltip' data-placement='right' title='原始值：8.25199'>8.25</span>", "<span data-toggle='tooltip' data-placement='right' title='原始值：0.51'>0.510</span>", "<span data-toggle='tooltip' data-placement='right' title='原始值：0.1681'>0.168</span>", "<span data-toggle='tooltip' data-placement='right' title='原始值：1.461'>1.46</span>", "<span data-toggle='tooltip' data-placement='right' title='原始值：0.00198'>0.002</span>", "<span data-toggle='tooltip' data-placement='right' title='原始值：6279780'>6279780</span>", "正常"], ["云南省", "西南诸河", "<span data-toggle='tooltip' data-placement='right' title='所在地市:红河哈尼族彝族自治州&#10;所属河流:红河'>河口县医院(河口)</span>", "01-10 08:00", "Ⅲ", "<span data-toggle='tooltip' data-placement='right' title='原始值：16.08309'>16.1</span>", "<span data-toggle='tooltip' data-placement='right' title='原始值：7.8449'>7.84</span>", "<span data-toggle='tooltip' data-placement='right' title='原始值：8.76015'>8.76</span>", "<span data-toggle='tooltip' data-placement='right' title='原始值：235.3414'>235.3</span>", "<span data-toggle='tooltip' data-placement='right' title='原始值：9.07012'>9.1</span>", "<span data-toggle='tooltip' data-placement='right' title='原始值：2.53455'>2.53</span>", "<span data-toggle='tooltip' data-placement='right' title='原始值：0.54907'>0.549</span>", "<span data-toggle='tooltip' data-placement='right' title='原始值：0.06908'>0.069</span>", "<span data-toggle='tooltip' data-placement='right' title='原始值：1.71628'>1.72</span>", "*", "*", "正常"], ["云南省", "西南诸河", "<span data-toggle='tooltip' data-placement='right' title='所在地市:西双版纳傣族自治州&#10;所属河流:澜沧江'>橄榄坝</span>", "01-10 08:00", "Ⅱ", "<span data-toggle='tooltip' data-placement='right' title='原始值：17.701'>17.7</span>", "<span data-toggle='tooltip' data-placement='right' title='原始值：7.631'>7.63</span>", "<span data-toggle='tooltip' data-placement='right' title='原始值：6.834'>6.83</span>", "<span data-toggle='tooltip' data-placement='right' title='原始值：515.516'>515.5</span>", "<span data-toggle='tooltip' data-placement='right' title='原始值：6.11'>6.1</span>", "<span data-toggle='tooltip' data-placement='right' title='原始值：0.61'>0.61</span>", "<span data-toggle='tooltip' data-placement='right' title='原始值：0.152'>0.152</span>", "*", "*", "*", "*", "正常"], ["陕西省", "黄河流域", "<span data-toggle='tooltip' data-placement='right' title='所在地市:渭南市&#10;所属河流:渭河'>潼关吊桥</span>", null, "", "--", "--", "--", "--", "--", "--", "--", "--", "--", "*", "*", "停站"]]}