{"result": 1, "total": 1, "records": 98, "thead": ["省份", "流域", "断面名称", "监测时间", "水质类别", "水温<br/><span class='unit'>(℃)</span>", "pH<br/><span class='unit'>(无量纲)</span>", "溶解氧<br/><span class='unit'>(mg/L)</span>", "电导率<br/><span class='unit'>(μS/cm)</span>", "浊度<br/><span class='unit'>(NTU)</span>", "高锰酸盐指数<br/><span class='unit'>(mg/L)</span>", "氨氮<br/><span class='unit'>(mg/L)</span>", "总磷<br/><span class='unit'>(mg/L)</span>", "总氮<br/><span class='unit'>(mg/L)</span>", "叶绿素α<br/><span class='unit'>(mg/L)</span>", "藻密度<br/><span class='unit'>(cells/L)</span>", "站点情况"], "tbody": [["北京市", "海河流域", "<span data-toggle='tooltip' data-placement='right' title='所在地市:门头沟区&#10;所属河流:永定河'>沿河城</span>", null, "", "--", "--", "--", "--", "--", "--", "--", "--", "--", "*", "*", "停站"], ["北京市", "海河流域", "<span data-toggle='tooltip' data-placement='right' title='所在地市:密云区&#10;所属河流:潮河'>古北口</span>", null, "", "--", "--", "--", "--", "--", "--", "--", "--", "--", "*", "*", "停站"], ["天津市", "海河流域", "<span data-toggle='tooltip' data-placement='right' title='所在地市:河北区&#10;所属河流:海河'>三岔口</span>", "01-01 08:00", "Ⅰ", "<span data-toggle='tooltip' data-placement='right' title='原始值：2.7326'>2.7</span>", "<span data-toggle='tooltip' data-placement='right' title='原始值：8.2608'>8.26</span>", "<span data-toggle='tooltip' data-placement='right' title='原始值：12.781'>12.78</span>", "<span data-toggle='tooltip' data-placement='right' title='原始值：504.8984'>504.9</span>", "<span data-toggle='tooltip' data-placement='right' title='原始值：5.893'>5.9</span>", "<span data-toggle='tooltip' data-placement='right' title='原始值：1.27'>1.27</span>", "<span data-toggle='tooltip' data-placement='right' title='原始值：0.15'>0.150</span>", "<span data-toggle='tooltip' data-placement='right' title='原始值：0.0032'>0.003</span>", "<span data-toggle='tooltip' data-placement='right' title='原始值：1.8641'>1.86</span>", "*", "*", "正常"], ["天津市", "海河流域", "<span data-toggle='tooltip' data-placement='right' title='所在地市:蓟州区&#10;所属河流:果河'>果河桥</span>", "01-01 08:00", "劣Ⅴ", "<span data-toggle='tooltip' data-placement='right' title='原始值：5.8'>5.8</span>", "<span data-toggle='tooltip' data-placement='right' title='原始值：9.03'>9.03</span>", "<span data-toggle='tooltip' data-placement='right' title='原始值：18.987'>18.99</span>", "<span data-toggle='tooltip' data-placement='right' title='原始值：654.247'>654.2</span>", "<span data-toggle='tooltip' data-placement='right' title='原始值：4.5'>4.5</span>", "<span data-toggle='tooltip' data-placement='right' title='原始值：3.1598'>3.16</span>", "<span data-toggle='tooltip' data-placement='right' title='原始值：0.24'>0.240</span>", "<span data-toggle='tooltip' data-placement='right' title='原始值：0.0285'>0.028</span>", "<span data-toggle='tooltip' data-placement='right' title='原始值：4.6665'>4.67</span>", "*", "*", "正常"], ["河北省", "海河流域", "<span data-toggle='tooltip' data-placement='right' title='所在地市:石家庄市&#10;所属河流:滹沱河'>岗南水库</span>", "01-01 08:00", "Ⅱ", "<span data-toggle='tooltip' data-placement='right' title='原始值：9.45331'>9.5</span>", "<span data-toggle='tooltip' data-placement='right' title='原始值：8.74829'>8.75</span>", "<span data-toggle='tooltip' data-placement='right' title='原始值：11.5032'>11.50</span>", "<span data-toggle='tooltip' data-placement='right' title='原始值：482.5751'>482.6</span>", "<span data-toggle='tooltip' data-placement='right' title='原始值：2.80199'>2.8</span>", "<span data-toggle='tooltip' data-placement='right' title='原始值：2.28056'>2.28</span>", "<span data-toggle='tooltip' data-placement='right' title='原始值：0.06'>0.060</span>", "<span data-toggle='tooltip' data-placement='right' title='原始值：0.0167'>0.017</span>", "<span data-toggle='tooltip' data-placement='right' title='原始值：2.49859'>2.50</span>", "*", "*", "正常"], ["河北省", "海河流域", "<span data-toggle='tooltip' data-placement='right' title='所在地市:张家口市&#10;所属河流:永定河'>八号桥</span>", "01-01 08:00", "Ⅲ", "<span data-toggle='tooltip' data-placement='right' title='原始值：1.18056'>1.2</span>", "<span data-toggle='tooltip' data-placement='right' title='原始值：8.57537'>8.58</span>", "<span data-toggle='tooltip' data-placement='right' title='原始值：12.04807'>12.05</span>", "<span data-toggle='tooltip' data-placement='right' title='原始值：1243.936'>1243.9</span>", "<span data-toggle='tooltip' data-placement='right' title='原始值：20.00755'>20.0</span>", "<span data-toggle='tooltip' data-placement='right' title='原始值：3.22'>3.22</span>", "<span data-toggle='tooltip' data-placement='right' title='原始值：0.53'>0.530</span>", "<span data-toggle='tooltip' data-placement='right' title='原始值：0.0765'>0.076</span>", "<span data-toggle='tooltip' data-placement='right' title='原始值：5.53'>5.53</span>", "*", "*", "正常"], ["山西省", "黄河流域", "<span data-toggle='tooltip' data-placement='right' title='所在地市:运城市&#10;所属河流:汾河'>河津大桥</span>", "01-01 08:00", "Ⅳ", "<span data-toggle='tooltip' data-placement='right' title='原始值：5.79767'>5.8</span>", "<span data-toggle='tooltip' data-placement='right' title='原始值：8.3514'>8.35</span>", "<span data-toggle='tooltip' data-placement='right' title='原始值：11.97554'>11.98</span>", "<span data-toggle='tooltip' data-placement='right' title='原始值：1975.132'>1975.1</span>", "<span data-toggle='tooltip' data-placement='right' title='原始值：40.59219'>40.6</span>", "<span data-toggle='tooltip' data-placement='right' title='原始值：6.225'>6.22</span>", "<span data-toggle='tooltip' data-placement='right' title='原始值：1.45'>1.450</span>", "*", "*", "*", "*", "正常"], ["山西省", "黄河流域", "<span data-toggle='tooltip' data-placement='right' title='所在地市:忻州市&#10;所属河流:黄河'>万家寨水库</span>", null, "", "--", "--", "--", "--", "--", "--", "--", "--", "--", "*", "*", "停站"], ["内蒙古自治区", "黄河流域", "<span data-toggle='tooltip' data-placement='right' title='所在地市:包头市&#10;所属河流:黄河'>画匠营子</span>", null, "", "--", "--", "--", "--", "--", "--", "--", "--", "--", "*", "*", "停站"], ["内蒙古自治区", "黄河流域", "<span data-toggle='tooltip' data-placement='right' title='所在地市:乌海市&#10;所属河流:黄河'>海勃湾</span>", "01-01 08:00", "Ⅱ", "<span data-toggle='tooltip' data-placement='right' title='原始值：3.95338'>4.0</span>", "<span data-toggle='tooltip' data-placement='right' title='原始值：8.38347'>8.38</span>", "<span data-toggle='tooltip' data-placement='right' title='原始值：10.16121'>10.16</span>", "<span data-toggle='tooltip' data-placement='right' title='原始值：867.533'>867.5</span>", "<span data-toggle='tooltip' data-placement='right' title='原始值：26.32115'>26.3</span>", "<span data-toggle='tooltip' data-placement='right' title='原始值：1.49'>1.49</span>", "<span data-toggle='tooltip' data-placement='right' title='原始值：0.19'>0.190</span>", "*", "*", "*", "*", "正常"], ["内蒙古自治区", "松花江流域", "<span data-toggle='tooltip' data-placement='right' title='所在地市:呼伦贝尔市&#10;所属河流:额尔古纳河'>黑山头</span>", null, "", "--", "--", "--", "--", "--", "--", "--", "--", "--", "*", "*", "停站"], ["辽宁省", "辽河流域", "<span data-toggle='tooltip' data-placement='right' title='所在地市:抚顺市&#10;所属河流:浑河'>大伙房水库</span>", "01-01 08:00", "Ⅱ", "<span data-toggle='tooltip' data-placement='right' title='原始值：4.86861'>4.9</span>", "<span data-toggle='tooltip' data-placement='right' title='原始值：7.78994'>7.79</span>", "<span data-toggle='tooltip' data-placement='right' title='原始值：10.66084'>10.66</span>", "<span data-toggle='tooltip' data-placement='right' title='原始值：299.6797'>299.7</span>", "<span data-toggle='tooltip' data-placement='right' title='原始值：9.51302'>9.5</span>", "<span data-toggle='tooltip' data-placement='right' title='原始值：2.49712'>2.50</span>", "<span data-toggle='tooltip' data-placement='right' title='原始值：0.12'>0.120</span>", "<span data-toggle='tooltip' data-placement='right' title='原始值：0.02126'>0.021</span>", "<span data-toggle='tooltip' data-placement='right' title='原始值：2.95005'>2.95</span>", "<span data-toggle='tooltip' data-placement='right' title='原始值：0.00079'>0.001</span>", "*", "正常"], ["辽宁省", "辽河流域", "<span data-toggle='tooltip' data-placement='right' title='所在地市:丹东市&#10;所属河流:鸭绿江'>江桥</span>", null, "", "--", "--", "--", "--", "--", "--", "--", "--", "--", "*", "*", "停站"], ["辽宁省", "辽河流域", "<span data-toggle='tooltip' data-placement='right' title='所在地市:营口市&#10;所属河流:大辽河'>辽河公园</span>", null, "", "--", "--", "--", "--", "--", "--", "--", "--", "--", "*", "*", "停站"], ["辽宁省", "辽河流域", "<span data-toggle='tooltip' data-placement='right' title='所在地市:辽阳市&#10;所属河流:太子河'>汤河水库</span>", null, "", "--", "--", "--", "--", "--", "--", "--", "--", "--", "*", "*", "停站"], ["辽宁省", "辽河流域", "<span data-toggle='tooltip' data-placement='right' title='所在地市:盘锦市&#10;所属河流:辽河'>盘锦兴安(兴安)</span>", null, "", "--", "--", "--", "--", "--", "--", "--", "--", "--", "*", "*", "停站"], ["辽宁省", "辽河流域", "<span data-toggle='tooltip' data-placement='right' title='所在地市:铁岭市&#10;所属河流:辽河'>珠尔山</span>", null, "", "--", "--", "--", "--", "--", "--", "--", "--", "--", "*", "*", "停站"], ["吉林省", "松花江流域", "<span data-toggle='tooltip' data-placement='right' title='所在地市:长春市&#10;所属河流:松花江'>松花江村</span>", null, "", "--", "--", "--", "--", "--", "--", "--", "--", "--", "*", "*", "停站"], ["吉林省", "松花江流域", "<span data-toggle='tooltip' data-placement='right' title='所在地市:白城市&#10;所属河流:嫩江'>白沙滩</span>", "01-01 08:00", "Ⅳ", "<span data-toggle='tooltip' data-placement='right' title='原始值：3.07123'>3.1</span>", "<span data-toggle='tooltip' data-placement='right' title='原始值：7.13143'>7.13</span>", "<span data-toggle='tooltip' data-placement='right' title='原始值：12.87024'>12.87</span>", "<span data-toggle='tooltip' data-placement='right' title='原始值：402.1006'>402.1</span>", "<span data-toggle='tooltip' data-placement='right' title='原始值：29.65794'>29.7</span>", "<span data-toggle='tooltip' data-placement='right' title='原始值：6.74957'>6.75</span>", "<span data-toggle='tooltip' data-placement='right' title='原始值：0.22548'>0.225</span>", "<span data-toggle='tooltip' data-placement='right' title='原始值：0.06507'>0.065</span>", "<span data-toggle='tooltip' data-placement='right' title='原始值：1.69381'>1.69</span>", "*", "*", "正常"], ["吉林省", "松花江流域", "<span data-toggle='tooltip' data-placement='right' title='所在地市:延边朝鲜族自治州&#10;所属河流:图们江'>圈河</span>", null, "", "--", "--", "--", "--", "--", "--", "--", "--", "--", "*", "*", "停站"], ["黑龙江省", "松花江流域", "<span data-toggle='tooltip' data-placement='right' title='所在地市:大庆市&#10;所属河流:松花江'>肇源</span>", null, "", "--", "--", "--", "--", "--", "--", "--", "--", "--", "*", "*", "停站"], ["黑龙江省", "松花江流域", "<span data-toggle='tooltip' data-placement='right' title='所在地市:佳木斯市&#10;所属河流:乌苏里江'>乌苏镇</span>", null, "", "--", "--", "--", "--", "--", "--", "--", "--", "--", "*", "*", "停站"], ["黑龙江省", "松花江流域", "<span data-toggle='tooltip' data-placement='right' title='所在地市:佳木斯市&#10;所属河流:松花江'>同江</span>", "01-01 08:00", "Ⅲ", "<span data-toggle='tooltip' data-placement='right' title='原始值：2.85797'>2.9</span>", "<span data-toggle='tooltip' data-placement='right' title='原始值：7.40626'>7.41</span>", "<span data-toggle='tooltip' data-placement='right' title='原始值：11.56252'>11.56</span>", "<span data-toggle='tooltip' data-placement='right' title='原始值：386.7193'>386.7</span>", "<span data-toggle='tooltip' data-placement='right' title='原始值：18.12553'>18.1</span>", "<span data-toggle='tooltip' data-placement='right' title='原始值：5.4551'>5.46</span>", "<span data-toggle='tooltip' data-placement='right' title='原始值：0.32136'>0.321</span>", "<span data-toggle='tooltip' data-placement='right' title='原始值：0.05176'>0.052</span>", "<span data-toggle='tooltip' data-placement='right' title='原始值：3.87192'>3.87</span>", "*", "*", "正常"], ["黑龙江省", "松花江流域", "<span data-toggle='tooltip' data-placement='right' title='所在地市:黑河市&#10;所属河流:黑龙江'>黑河下(黑河)</span>", null, "", "--", "--", "--", "--", "--", "--", "--", "--", "--", "*", "*", "停站"], ["上海市", "长江流域", "<span data-toggle='tooltip' data-placement='right' title='所在地市:青浦区&#10;所属河流:淀山湖'>急水港桥</span>", null, "", "--", "--", "--", "--", "--", "--", "--", "--", "--", "--", "--", "停站"], ["江苏省", "长江流域", "<span data-toggle='tooltip' data-placement='right' title='所在地市:南京市&#10;所属河流:长江'>林山</span>", "01-01 08:00", "Ⅰ", "<span data-toggle='tooltip' data-placement='right' title='原始值：8.3837'>8.4</span>", "<span data-toggle='tooltip' data-placement='right' title='原始值：8.40151'>8.40</span>", "<span data-toggle='tooltip' data-placement='right' title='原始值：10.0568'>10.06</span>", "<span data-toggle='tooltip' data-placement='right' title='原始值：373.917'>373.9</span>", "<span data-toggle='tooltip' data-placement='right' title='原始值：43.7033'>43.7</span>", "<span data-toggle='tooltip' data-placement='right' title='原始值：1.61'>1.61</span>", "<span data-toggle='tooltip' data-placement='right' title='原始值：0.12'>0.120</span>", "*", "*", "*", "*", "正常"], ["江苏省", "太湖流域", "<span data-toggle='tooltip' data-placement='right' title='所在地市:无锡市&#10;所属河流:太湖'>沙渚</span>", null, "", "--", "--", "--", "--", "--", "--", "--", "--", "--", "--", "*", "维护"], ["江苏省", "淮河流域", "<span data-toggle='tooltip' data-placement='right' title='所在地市:徐州市&#10;所属河流:武河'>小红圈</span>", "01-01 08:00", "Ⅱ", "<span data-toggle='tooltip' data-placement='right' title='原始值：4.11'>4.1</span>", "<span data-toggle='tooltip' data-placement='right' title='原始值：8.29'>8.29</span>", "<span data-toggle='tooltip' data-placement='right' title='原始值：16.9'>16.90</span>", "<span data-toggle='tooltip' data-placement='right' title='原始值：632.7'>632.7</span>", "<span data-toggle='tooltip' data-placement='right' title='原始值：2.45'>2.4</span>", "<span data-toggle='tooltip' data-placement='right' title='原始值：2.29'>2.29</span>", "<span data-toggle='tooltip' data-placement='right' title='原始值：0.067'>0.067</span>", "*", "*", "*", "*", "正常"], ["江苏省", "淮河流域", "<span data-toggle='tooltip' data-placement='right' title='所在地市:徐州市&#10;所属河流:沿河'>李集桥</span>", "01-01 08:00", "Ⅲ", "<span data-toggle='tooltip' data-placement='right' title='原始值：4.45'>4.4</span>", "<span data-toggle='tooltip' data-placement='right' title='原始值：7.97'>7.97</span>", "<span data-toggle='tooltip' data-placement='right' title='原始值：10.02'>10.02</span>", "<span data-toggle='tooltip' data-placement='right' title='原始值：1227.3'>1227.3</span>", "<span data-toggle='tooltip' data-placement='right' title='原始值：19.91'>19.9</span>", "<span data-toggle='tooltip' data-placement='right' title='原始值：4.96'>4.96</span>", "<span data-toggle='tooltip' data-placement='right' title='原始值：0.386'>0.386</span>", "<span data-toggle='tooltip' data-placement='right' title='原始值：0.036'>0.036</span>", "<span data-toggle='tooltip' data-placement='right' title='原始值：3.34'>3.34</span>", "*", "*", "正常"], ["江苏省", "淮河流域", "<span data-toggle='tooltip' data-placement='right' title='所在地市:徐州市&#10;所属河流:邳苍分洪道'>艾山西大桥</span>", "01-01 08:00", "Ⅱ", "<span data-toggle='tooltip' data-placement='right' title='原始值：1.28174'>1.3</span>", "<span data-toggle='tooltip' data-placement='right' title='原始值：8.5947'>8.59</span>", "<span data-toggle='tooltip' data-placement='right' title='原始值：15.2382'>15.24</span>", "<span data-toggle='tooltip' data-placement='right' title='原始值：895.658'>895.7</span>", "<span data-toggle='tooltip' data-placement='right' title='原始值：5.24252'>5.2</span>", "<span data-toggle='tooltip' data-placement='right' title='原始值：3.43'>3.43</span>", "<span data-toggle='tooltip' data-placement='right' title='原始值：0.11'>0.110</span>", "<span data-toggle='tooltip' data-placement='right' title='原始值：0.0298'>0.030</span>", "<span data-toggle='tooltip' data-placement='right' title='原始值：14.49667'>14.50</span>", "*", "*", "正常"], ["江苏省", "太湖流域", "<span data-toggle='tooltip' data-placement='right' title='所在地市:苏州市&#10;所属河流:太湖'>兰山嘴(老)</span>", null, "", "--", "--", "--", "--", "--", "--", "--", "--", "--", "--", "*", "维护"], ["江苏省", "太湖流域", "<span data-toggle='tooltip' data-placement='right' title='所在地市:苏州市&#10;所属河流:太湖'>西山</span>", null, "", "--", "--", "--", "--", "--", "--", "--", "--", "--", "--", "*", "维护"], ["江苏省", "淮河流域", "<span data-toggle='tooltip' data-placement='right' title='所在地市:连云港市&#10;所属河流:新沭河'>大兴桥</span>", "01-01 08:00", "Ⅲ", "<span data-toggle='tooltip' data-placement='right' title='原始值：2.5'>2.5</span>", "<span data-toggle='tooltip' data-placement='right' title='原始值：7.46'>7.46</span>", "<span data-toggle='tooltip' data-placement='right' title='原始值：14.35'>14.35</span>", "<span data-toggle='tooltip' data-placement='right' title='原始值：1048'>1048.0</span>", "<span data-toggle='tooltip' data-placement='right' title='原始值：32.19'>32.2</span>", "<span data-toggle='tooltip' data-placement='right' title='原始值：5.53'>5.53</span>", "<span data-toggle='tooltip' data-placement='right' title='原始值：0.403'>0.403</span>", "*", "*", "*", "*", "正常"], ["江苏省", "淮河流域", "<span data-toggle='tooltip' data-placement='right' title='所在地市:淮安市&#10;所属河流:淮河'>淮河大桥</span>", null, "", "--", "--", "--", "--", "--", "--", "--", "--", "--", "*", "*", "维护"], ["江苏省", "长江流域", "<span data-toggle='tooltip' data-placement='right' title='所在地市:扬州市&#10;所属河流:夹江'>三江营</span>", "01-01 08:00", "Ⅱ", "<span data-toggle='tooltip' data-placement='right' title='原始值：9.58'>9.6</span>", "<span data-toggle='tooltip' data-placement='right' title='原始值：7.98'>7.98</span>", "<span data-toggle='tooltip' data-placement='right' title='原始值：10.68'>10.68</span>", "<span data-toggle='tooltip' data-placement='right' title='原始值：363.66'>363.7</span>", "<span data-toggle='tooltip' data-placement='right' title='原始值：51.18'>51.2</span>", "<span data-toggle='tooltip' data-placement='right' title='原始值：1.762'>1.76</span>", "<span data-toggle='tooltip' data-placement='right' title='原始值：0.076'>0.076</span>", "<span data-toggle='tooltip' data-placement='right' title='原始值：0.074'>0.074</span>", "<span data-toggle='tooltip' data-placement='right' title='原始值：2.13'>2.13</span>", "*", "*", "正常"], ["江苏省", "淮河流域", "<span data-toggle='tooltip' data-placement='right' title='所在地市:宿迁市&#10;所属河流:新濉河'>大屈</span>", "01-01 08:00", "Ⅲ", "<span data-toggle='tooltip' data-placement='right' title='原始值：6.1'>6.1</span>", "<span data-toggle='tooltip' data-placement='right' title='原始值：7.63'>7.63</span>", "<span data-toggle='tooltip' data-placement='right' title='原始值：11.43'>11.43</span>", "<span data-toggle='tooltip' data-placement='right' title='原始值：1083.8'>1083.8</span>", "<span data-toggle='tooltip' data-placement='right' title='原始值：29.55'>29.6</span>", "<span data-toggle='tooltip' data-placement='right' title='原始值：5.92'>5.92</span>", "<span data-toggle='tooltip' data-placement='right' title='原始值：0.09'>0.090</span>", "<span data-toggle='tooltip' data-placement='right' title='原始值：0.066'>0.066</span>", "<span data-toggle='tooltip' data-placement='right' title='原始值：4.027'>4.03</span>", "*", "*", "正常"], ["浙江省", "浙闽片河流", "<span data-toggle='tooltip' data-placement='right' title='所在地市:杭州市&#10;所属河流:新安江'>街口(鸠坑口)</span>", "01-01 08:00", "", "<span data-toggle='tooltip' data-placement='right' title='原始值：12.7'>12.7</span>", "<span data-toggle='tooltip' data-placement='right' title='原始值：7.1'>7.10</span>", "<span data-toggle='tooltip' data-placement='right' title='原始值：8.33'>8.33</span>", "<span data-toggle='tooltip' data-placement='right' title='原始值：164.78'>164.8</span>", "<span data-toggle='tooltip' data-placement='right' title='原始值：14.58'>14.6</span>", "<span data-toggle='tooltip' data-placement='right' title='原始值：1.044'>1.04</span>", "<span data-toggle='tooltip' data-placement='right' title='原始值：0.001'>0.001</span>", "<span data-toggle='tooltip' data-placement='right' title='原始值：0.02'>0.020</span>", "<span data-toggle='tooltip' data-placement='right' title='原始值：1.851'>1.85</span>", "*", "*", "维护"], ["浙江省", "太湖流域", "<span data-toggle='tooltip' data-placement='right' title='所在地市:嘉兴市&#10;所属河流:斜路港河'>斜路港</span>", null, "", "--", "--", "--", "--", "--", "--", "--", "--", "--", "*", "*", "维护"], ["浙江省", "太湖流域", "<span data-toggle='tooltip' data-placement='right' title='所在地市:嘉兴市&#10;所属河流:京杭运河'>王江泾</span>", null, "", "--", "--", "--", "--", "--", "--", "--", "--", "--", "*", "*", "维护"], ["浙江省", "太湖流域", "<span data-toggle='tooltip' data-placement='right' title='所在地市:湖州市&#10;所属河流:西苕溪'>新港口(新塘港)</span>", "01-01 08:00", "Ⅲ", "<span data-toggle='tooltip' data-placement='right' title='原始值：4.02832'>4.0</span>", "<span data-toggle='tooltip' data-placement='right' title='原始值：8.02024'>8.02</span>", "<span data-toggle='tooltip' data-placement='right' title='原始值：12.7795'>12.78</span>", "<span data-toggle='tooltip' data-placement='right' title='原始值：439.817'>439.8</span>", "<span data-toggle='tooltip' data-placement='right' title='原始值：167.719'>167.7</span>", "<span data-toggle='tooltip' data-placement='right' title='原始值：2.53615'>2.54</span>", "<span data-toggle='tooltip' data-placement='right' title='原始值：0.29801'>0.298</span>", "<span data-toggle='tooltip' data-placement='right' title='原始值：0.11714'>0.117</span>", "<span data-toggle='tooltip' data-placement='right' title='原始值：4.07874'>4.08</span>", "<span data-toggle='tooltip' data-placement='right' title='原始值：0.01213'>0.012</span>", "*", "正常"], ["安徽省", "巢湖流域", "<span data-toggle='tooltip' data-placement='right' title='所在地市:合肥市&#10;所属河流:巢湖'>湖滨(老)</span>", "01-01 08:00", "Ⅳ", "<span data-toggle='tooltip' data-placement='right' title='原始值：5.51509'>5.5</span>", "<span data-toggle='tooltip' data-placement='right' title='原始值：6.83955'>6.84</span>", "<span data-toggle='tooltip' data-placement='right' title='原始值：12.43947'>12.44</span>", "<span data-toggle='tooltip' data-placement='right' title='原始值：319.9355'>319.9</span>", "<span data-toggle='tooltip' data-placement='right' title='原始值：91.98631'>92.0</span>", "<span data-toggle='tooltip' data-placement='right' title='原始值：4.95'>4.95</span>", "<span data-toggle='tooltip' data-placement='right' title='原始值：0.41'>0.410</span>", "<span data-toggle='tooltip' data-placement='right' title='原始值：0.0899'>0.090</span>", "<span data-toggle='tooltip' data-placement='right' title='原始值：2.673'>2.67</span>", "<span data-toggle='tooltip' data-placement='right' title='原始值：0.01977'>0.020</span>", "*", "正常"], ["安徽省", "巢湖流域", "<span data-toggle='tooltip' data-placement='right' title='所在地市:芜湖市&#10;所属河流:巢湖'>裕溪口(老)</span>", "01-01 08:00", "Ⅴ", "<span data-toggle='tooltip' data-placement='right' title='原始值：6.92963'>6.9</span>", "<span data-toggle='tooltip' data-placement='right' title='原始值：7.74959'>7.75</span>", "<span data-toggle='tooltip' data-placement='right' title='原始值：10.16569'>10.17</span>", "<span data-toggle='tooltip' data-placement='right' title='原始值：257.9565'>258.0</span>", "<span data-toggle='tooltip' data-placement='right' title='原始值：121.4822'>121.5</span>", "<span data-toggle='tooltip' data-placement='right' title='原始值：1.82'>1.82</span>", "<span data-toggle='tooltip' data-placement='right' title='原始值：0.06'>0.060</span>", "<span data-toggle='tooltip' data-placement='right' title='原始值：0.1075'>0.108</span>", "<span data-toggle='tooltip' data-placement='right' title='原始值：4.209'>4.21</span>", "<span data-toggle='tooltip' data-placement='right' title='原始值：0.01591'>0.016</span>", "*", "正常"], ["安徽省", "淮河流域", "<span data-toggle='tooltip' data-placement='right' title='所在地市:蚌埠市&#10;所属河流:淮河'>蚌埠闸上(蚌埠闸)</span>", "01-01 08:00", "", "<span data-toggle='tooltip' data-placement='right' title='原始值：6.51'>6.5</span>", "<span data-toggle='tooltip' data-placement='right' title='原始值：8.16'>8.16</span>", "<span data-toggle='tooltip' data-placement='right' title='原始值：13.02'>13.02</span>", "<span data-toggle='tooltip' data-placement='right' title='原始值：529.42'>529.4</span>", "<span data-toggle='tooltip' data-placement='right' title='原始值：46.34'>46.3</span>", "<span data-toggle='tooltip' data-placement='right' title='极值过滤'>--</span>", "<span data-toggle='tooltip' data-placement='right' title='原始值：0.285'>0.285</span>", "<span data-toggle='tooltip' data-placement='right' title='原始值：0.066'>0.066</span>", "<span data-toggle='tooltip' data-placement='right' title='原始值：2.044'>2.04</span>", "*", "*", "维护"], ["安徽省", "淮河流域", "<span data-toggle='tooltip' data-placement='right' title='所在地市:淮南市&#10;所属河流:淮河'>石头埠(老)</span>", "01-01 08:00", "", "<span data-toggle='tooltip' data-placement='right' title='原始值：4.46482'>4.5</span>", "<span data-toggle='tooltip' data-placement='right' title='原始值：7.75657'>7.76</span>", "<span data-toggle='tooltip' data-placement='right' title='原始值：8.09282'>8.09</span>", "<span data-toggle='tooltip' data-placement='right' title='原始值：340.2321'>340.2</span>", "<span data-toggle='tooltip' data-placement='right' title='原始值：21.45009'>21.5</span>", "<span data-toggle='tooltip' data-placement='right' title='极值过滤'>--</span>", "<span data-toggle='tooltip' data-placement='right' title='原始值：0.36'>0.360</span>", "*", "*", "*", "*", "维护"], ["安徽省", "淮河流域", "<span data-toggle='tooltip' data-placement='right' title='所在地市:淮北市&#10;所属河流:沱河'>小王桥</span>", "01-01 08:00", "Ⅳ", "<span data-toggle='tooltip' data-placement='right' title='原始值：4.13'>4.1</span>", "<span data-toggle='tooltip' data-placement='right' title='原始值：8.29'>8.29</span>", "<span data-toggle='tooltip' data-placement='right' title='原始值：11.64'>11.64</span>", "<span data-toggle='tooltip' data-placement='right' title='原始值：1746.17'>1746.2</span>", "<span data-toggle='tooltip' data-placement='right' title='原始值：21.11'>21.1</span>", "<span data-toggle='tooltip' data-placement='right' title='原始值：7.301'>7.30</span>", "<span data-toggle='tooltip' data-placement='right' title='原始值：0.137'>0.137</span>", "<span data-toggle='tooltip' data-placement='right' title='原始值：0.099'>0.099</span>", "<span data-toggle='tooltip' data-placement='right' title='原始值：3.359'>3.36</span>", "*", "*", "正常"], ["安徽省", "长江流域", "<span data-toggle='tooltip' data-placement='right' title='所在地市:安庆市&#10;所属河流:长江'>皖河口</span>", "01-01 08:00", "Ⅱ", "<span data-toggle='tooltip' data-placement='right' title='原始值：10.46'>10.5</span>", "<span data-toggle='tooltip' data-placement='right' title='原始值：7.608'>7.61</span>", "<span data-toggle='tooltip' data-placement='right' title='原始值：9.21'>9.21</span>", "<span data-toggle='tooltip' data-placement='right' title='原始值：307.16'>307.2</span>", "<span data-toggle='tooltip' data-placement='right' title='原始值：32.95'>33.0</span>", "<span data-toggle='tooltip' data-placement='right' title='原始值：1.483'>1.48</span>", "<span data-toggle='tooltip' data-placement='right' title='原始值：0.087'>0.087</span>", "<span data-toggle='tooltip' data-placement='right' title='原始值：0.0693'>0.069</span>", "<span data-toggle='tooltip' data-placement='right' title='原始值：2.214'>2.21</span>", "*", "*", "正常"], ["安徽省", "淮河流域", "<span data-toggle='tooltip' data-placement='right' title='所在地市:滁州市&#10;所属河流:淮河'>小柳巷</span>", null, "", "--", "--", "--", "--", "--", "--", "--", "--", "--", "*", "*", "维护"], ["安徽省", "淮河流域", "<span data-toggle='tooltip' data-placement='right' title='所在地市:阜阳市&#10;所属河流:黑茨河'>张大桥</span>", null, "", "--", "--", "--", "--", "--", "--", "--", "--", "--", "*", "*", "停站"], ["安徽省", "淮河流域", "<span data-toggle='tooltip' data-placement='right' title='所在地市:阜阳市&#10;所属河流:淮河'>王家坝</span>", "01-01 08:00", "Ⅲ", "<span data-toggle='tooltip' data-placement='right' title='原始值：4.89'>4.9</span>", "<span data-toggle='tooltip' data-placement='right' title='原始值：7.50544'>7.51</span>", "<span data-toggle='tooltip' data-placement='right' title='原始值：12.37648'>12.38</span>", "<span data-toggle='tooltip' data-placement='right' title='原始值：398.5327'>398.5</span>", "<span data-toggle='tooltip' data-placement='right' title='原始值：17.00034'>17.0</span>", "<span data-toggle='tooltip' data-placement='right' title='原始值：4.08'>4.08</span>", "<span data-toggle='tooltip' data-placement='right' title='原始值：0.444'>0.444</span>", "<span data-toggle='tooltip' data-placement='right' title='原始值：0.07073'>0.071</span>", "<span data-toggle='tooltip' data-placement='right' title='原始值：2.39416'>2.39</span>", "*", "*", "正常"], ["安徽省", "淮河流域", "<span data-toggle='tooltip' data-placement='right' title='所在地市:阜阳市&#10;所属河流:颍河'>界首七渡口(七渡口)</span>", "01-01 08:00", "", "<span data-toggle='tooltip' data-placement='right' title='原始值：6.03971'>6.0</span>", "<span data-toggle='tooltip' data-placement='right' title='原始值：6.6583'>6.66</span>", "<span data-toggle='tooltip' data-placement='right' title='极值过滤'>--</span>", "<span data-toggle='tooltip' data-placement='right' title='原始值：979.6288'>979.6</span>", "<span data-toggle='tooltip' data-placement='right' title='原始值：9.54528'>9.5</span>", "<span data-toggle='tooltip' data-placement='right' title='原始值：4.24'>4.24</span>", "<span data-toggle='tooltip' data-placement='right' title='原始值：0.88'>0.880</span>", "<span data-toggle='tooltip' data-placement='right' title='原始值：0.09901'>0.099</span>", "<span data-toggle='tooltip' data-placement='right' title='原始值：6.01543'>6.02</span>", "*", "*", "维护"], ["安徽省", "淮河流域", "<span data-toggle='tooltip' data-placement='right' title='所在地市:阜阳市&#10;所属河流:泉河'>许庄(徐庄)</span>", "01-01 08:00", "Ⅲ", "<span data-toggle='tooltip' data-placement='right' title='原始值：1.9'>1.9</span>", "<span data-toggle='tooltip' data-placement='right' title='原始值：8.05'>8.05</span>", "<span data-toggle='tooltip' data-placement='right' title='原始值：12.71'>12.71</span>", "<span data-toggle='tooltip' data-placement='right' title='原始值：1069.1'>1069.1</span>", "<span data-toggle='tooltip' data-placement='right' title='原始值：101.63'>101.6</span>", "<span data-toggle='tooltip' data-placement='right' title='原始值：4.81'>4.81</span>", "<span data-toggle='tooltip' data-placement='right' title='原始值：0.01'>0.010</span>", "<span data-toggle='tooltip' data-placement='right' title='原始值：0.049'>0.049</span>", "<span data-toggle='tooltip' data-placement='right' title='原始值：3.204'>3.20</span>", "*", "*", "正常"], ["安徽省", "淮河流域", "<span data-toggle='tooltip' data-placement='right' title='所在地市:宿州市&#10;所属河流:奎河'>杨庄</span>", "01-01 08:00", "Ⅳ", "<span data-toggle='tooltip' data-placement='right' title='原始值：4.98'>5.0</span>", "<span data-toggle='tooltip' data-placement='right' title='原始值：8.02'>8.02</span>", "<span data-toggle='tooltip' data-placement='right' title='原始值：11.46'>11.46</span>", "<span data-toggle='tooltip' data-placement='right' title='原始值：987.6'>987.6</span>", "<span data-toggle='tooltip' data-placement='right' title='原始值：96.38'>96.4</span>", "<span data-toggle='tooltip' data-placement='right' title='原始值：3.71'>3.71</span>", "<span data-toggle='tooltip' data-placement='right' title='原始值：1.038'>1.038</span>", "*", "*", "*", "*", "正常"], ["安徽省", "淮河流域", "<span data-toggle='tooltip' data-placement='right' title='所在地市:宿州市&#10;所属河流:新汴河'>泗县公路桥</span>", null, "", "--", "--", "--", "--", "--", "--", "--", "*", "*", "*", "*", "维护"], ["安徽省", "淮河流域", "<span data-toggle='tooltip' data-placement='right' title='所在地市:亳州市&#10;所属河流:包河'>颜集</span>", null, "", "--", "--", "--", "--", "--", "--", "--", "--", "--", "*", "*", "维护"], ["福建省", "浙闽片河流", "<span data-toggle='tooltip' data-placement='right' title='所在地市:福州市&#10;所属河流:闽江'>白岩潭</span>", "01-01 08:00", "", "<span data-toggle='tooltip' data-placement='right' title='原始值：15.96'>16.0</span>", "<span data-toggle='tooltip' data-placement='right' title='原始值：7.4'>7.40</span>", "<span data-toggle='tooltip' data-placement='right' title='原始值：7.66'>7.66</span>", "<span data-toggle='tooltip' data-placement='right' title='极值过滤'>--</span>", "<span data-toggle='tooltip' data-placement='right' title='原始值：95.69'>95.7</span>", "<span data-toggle='tooltip' data-placement='right' title='极值过滤'>--</span>", "<span data-toggle='tooltip' data-placement='right' title='原始值：0.3'>0.300</span>", "*", "*", "*", "*", "维护"], ["江西省", "长江流域", "<span data-toggle='tooltip' data-placement='right' title='所在地市:南昌市&#10;所属河流:赣江南支'>滁槎</span>", "01-01 08:00", "Ⅱ", "<span data-toggle='tooltip' data-placement='right' title='原始值：10.1851'>10.2</span>", "<span data-toggle='tooltip' data-placement='right' title='原始值：7.16503'>7.17</span>", "<span data-toggle='tooltip' data-placement='right' title='原始值：8.50887'>8.51</span>", "<span data-toggle='tooltip' data-placement='right' title='原始值：160.4549'>160.5</span>", "<span data-toggle='tooltip' data-placement='right' title='原始值：81.42387'>81.4</span>", "<span data-toggle='tooltip' data-placement='right' title='原始值：3.52'>3.52</span>", "<span data-toggle='tooltip' data-placement='right' title='原始值：0.3'>0.300</span>", "<span data-toggle='tooltip' data-placement='right' title='原始值：0.09675'>0.097</span>", "<span data-toggle='tooltip' data-placement='right' title='原始值：1.1875'>1.19</span>", "*", "*", "正常"], ["江西省", "长江流域", "<span data-toggle='tooltip' data-placement='right' title='所在地市:九江市&#10;所属河流:长江'>姚港(河西水厂)</span>", "01-01 08:00", "Ⅱ", "<span data-toggle='tooltip' data-placement='right' title='原始值：10.55'>10.6</span>", "<span data-toggle='tooltip' data-placement='right' title='原始值：7.6'>7.60</span>", "<span data-toggle='tooltip' data-placement='right' title='原始值：11.64'>11.64</span>", "<span data-toggle='tooltip' data-placement='right' title='原始值：371.36'>371.4</span>", "<span data-toggle='tooltip' data-placement='right' title='原始值：36.73'>36.7</span>", "<span data-toggle='tooltip' data-placement='right' title='原始值：1.543'>1.54</span>", "<span data-toggle='tooltip' data-placement='right' title='原始值：0.083'>0.083</span>", "<span data-toggle='tooltip' data-placement='right' title='原始值：0.099'>0.099</span>", "<span data-toggle='tooltip' data-placement='right' title='原始值：2.08'>2.08</span>", "*", "*", "正常"], ["江西省", "长江流域", "<span data-toggle='tooltip' data-placement='right' title='所在地市:九江市&#10;所属河流:鄱阳湖'>蛤蟆石</span>", "01-01 08:00", "Ⅲ", "<span data-toggle='tooltip' data-placement='right' title='原始值：8.22'>8.2</span>", "<span data-toggle='tooltip' data-placement='right' title='原始值：7.48'>7.48</span>", "<span data-toggle='tooltip' data-placement='right' title='原始值：11.56'>11.56</span>", "<span data-toggle='tooltip' data-placement='right' title='原始值：215.96'>216.0</span>", "<span data-toggle='tooltip' data-placement='right' title='原始值：33.53'>33.5</span>", "<span data-toggle='tooltip' data-placement='right' title='原始值：1.238'>1.24</span>", "<span data-toggle='tooltip' data-placement='right' title='原始值：0.2'>0.200</span>", "<span data-toggle='tooltip' data-placement='right' title='原始值：0.0494'>0.049</span>", "<span data-toggle='tooltip' data-placement='right' title='原始值：1.69'>1.69</span>", "<span data-toggle='tooltip' data-placement='right' title='原始值：0.00301'>0.003</span>", "<span data-toggle='tooltip' data-placement='right' title='原始值：1054610'>1054610</span>", "正常"], ["山东省", "黄河流域", "<span data-toggle='tooltip' data-placement='right' title='所在地市:济南市&#10;所属河流:黄河'>泺口</span>", "01-01 08:00", "Ⅱ", "<span data-toggle='tooltip' data-placement='right' title='原始值：1.55835'>1.6</span>", "<span data-toggle='tooltip' data-placement='right' title='原始值：8.45037'>8.45</span>", "<span data-toggle='tooltip' data-placement='right' title='原始值：14.2387'>14.24</span>", "<span data-toggle='tooltip' data-placement='right' title='原始值：857.215'>857.2</span>", "<span data-toggle='tooltip' data-placement='right' title='原始值：404.741'>404.7</span>", "<span data-toggle='tooltip' data-placement='right' title='原始值：3.6'>3.60</span>", "<span data-toggle='tooltip' data-placement='right' title='原始值：0.13184'>0.132</span>", "<span data-toggle='tooltip' data-placement='right' title='原始值：0.02482'>0.025</span>", "<span data-toggle='tooltip' data-placement='right' title='原始值：3.331'>3.33</span>", "*", "*", "正常"], ["山东省", "淮河流域", "<span data-toggle='tooltip' data-placement='right' title='所在地市:枣庄市&#10;所属河流:京杭大运河（韩庄运河）'>台儿庄大桥</span>", "01-01 08:00", "Ⅱ", "<span data-toggle='tooltip' data-placement='right' title='原始值：7.28929'>7.3</span>", "<span data-toggle='tooltip' data-placement='right' title='原始值：8.37384'>8.37</span>", "<span data-toggle='tooltip' data-placement='right' title='原始值：11.56328'>11.56</span>", "<span data-toggle='tooltip' data-placement='right' title='原始值：971.8457'>971.8</span>", "<span data-toggle='tooltip' data-placement='right' title='原始值：17.20464'>17.2</span>", "<span data-toggle='tooltip' data-placement='right' title='原始值：3.43917'>3.44</span>", "<span data-toggle='tooltip' data-placement='right' title='原始值：0.06319'>0.063</span>", "<span data-toggle='tooltip' data-placement='right' title='原始值：0.0814'>0.081</span>", "<span data-toggle='tooltip' data-placement='right' title='原始值：6.79921'>6.80</span>", "*", "*", "正常"], ["山东省", "淮河流域", "<span data-toggle='tooltip' data-placement='right' title='所在地市:临沂市&#10;所属河流:沭河'>清泉寺</span>", null, "", "--", "--", "--", "--", "--", "--", "--", "--", "--", "*", "*", "停站"], ["山东省", "淮河流域", "<span data-toggle='tooltip' data-placement='right' title='所在地市:临沂市&#10;所属河流:沂河'>重坊桥</span>", "01-01 08:00", "Ⅲ", "<span data-toggle='tooltip' data-placement='right' title='原始值：2.31852'>2.3</span>", "<span data-toggle='tooltip' data-placement='right' title='原始值：7.94'>7.94</span>", "<span data-toggle='tooltip' data-placement='right' title='原始值：13.14693'>13.15</span>", "<span data-toggle='tooltip' data-placement='right' title='原始值：823.713'>823.7</span>", "<span data-toggle='tooltip' data-placement='right' title='原始值：6.94536'>6.9</span>", "<span data-toggle='tooltip' data-placement='right' title='原始值：2.25'>2.25</span>", "<span data-toggle='tooltip' data-placement='right' title='原始值：0.78627'>0.786</span>", "*", "*", "*", "*", "正常"], ["山东省", "淮河流域", "<span data-toggle='tooltip' data-placement='right' title='所在地市:临沂市&#10;所属河流:白马河'>捷庄(涝沟桥)</span>", "01-01 08:00", "Ⅲ", "<span data-toggle='tooltip' data-placement='right' title='原始值：4.4'>4.4</span>", "<span data-toggle='tooltip' data-placement='right' title='原始值：8.07999'>8.08</span>", "<span data-toggle='tooltip' data-placement='right' title='原始值：15.2386'>15.24</span>", "<span data-toggle='tooltip' data-placement='right' title='原始值：885.001'>885.0</span>", "<span data-toggle='tooltip' data-placement='right' title='原始值：15.49981'>15.5</span>", "<span data-toggle='tooltip' data-placement='right' title='原始值：4.36'>4.36</span>", "<span data-toggle='tooltip' data-placement='right' title='原始值：0.03805'>0.038</span>", "<span data-toggle='tooltip' data-placement='right' title='原始值：0.0459'>0.046</span>", "<span data-toggle='tooltip' data-placement='right' title='原始值：7.31277'>7.31</span>", "*", "*", "正常"], ["山东省", "海河流域", "<span data-toggle='tooltip' data-placement='right' title='所在地市:聊城市&#10;所属河流:卫运河'>秤勾湾(秤钩湾)</span>", null, "", "--", "--", "--", "--", "--", "--", "--", "--", "--", "*", "*", "停站"], ["河南省", "长江流域", "<span data-toggle='tooltip' data-placement='right' title='所在地市:南阳市&#10;所属河流:丹江口水库'>陶岔</span>", "01-01 08:00", "Ⅱ", "<span data-toggle='tooltip' data-placement='right' title='原始值：15.45'>15.4</span>", "<span data-toggle='tooltip' data-placement='right' title='原始值：7.8771'>7.88</span>", "<span data-toggle='tooltip' data-placement='right' title='原始值：9.08199'>9.08</span>", "<span data-toggle='tooltip' data-placement='right' title='原始值：273.6128'>273.6</span>", "<span data-toggle='tooltip' data-placement='right' title='原始值：2.61185'>2.6</span>", "<span data-toggle='tooltip' data-placement='right' title='原始值：2.01'>2.01</span>", "<span data-toggle='tooltip' data-placement='right' title='原始值：0.05968'>0.060</span>", "<span data-toggle='tooltip' data-placement='right' title='原始值：0.00785'>0.008</span>", "<span data-toggle='tooltip' data-placement='right' title='原始值：1.1067'>1.11</span>", "<span data-toggle='tooltip' data-placement='right' title='原始值：0.00486'>0.005</span>", "<span data-toggle='tooltip' data-placement='right' title='原始值：164776.3'>164776</span>", "正常"], ["河南省", "淮河流域", "<span data-toggle='tooltip' data-placement='right' title='所在地市:商丘市&#10;所属河流:浍河'>黄口</span>", "01-01 08:00", "Ⅱ", "<span data-toggle='tooltip' data-placement='right' title='原始值：4.2'>4.2</span>", "<span data-toggle='tooltip' data-placement='right' title='原始值：7.44063'>7.44</span>", "<span data-toggle='tooltip' data-placement='right' title='原始值：12.88807'>12.89</span>", "<span data-toggle='tooltip' data-placement='right' title='原始值：1590'>1590.0</span>", "<span data-toggle='tooltip' data-placement='right' title='原始值：46.35645'>46.4</span>", "<span data-toggle='tooltip' data-placement='right' title='原始值：3.37'>3.37</span>", "<span data-toggle='tooltip' data-placement='right' title='原始值：0.12263'>0.123</span>", "<span data-toggle='tooltip' data-placement='right' title='原始值：0.0853'>0.085</span>", "<span data-toggle='tooltip' data-placement='right' title='原始值：6.69567'>6.70</span>", "*", "*", "正常"], ["河南省", "淮河流域", "<span data-toggle='tooltip' data-placement='right' title='所在地市:信阳市&#10;所属河流:史灌河'>蒋集</span>", "01-01 08:00", "", "<span data-toggle='tooltip' data-placement='right' title='极值过滤'>--</span>", "<span data-toggle='tooltip' data-placement='right' title='原始值：7.54234'>7.54</span>", "<span data-toggle='tooltip' data-placement='right' title='原始值：10.275'>10.28</span>", "<span data-toggle='tooltip' data-placement='right' title='极值过滤'>--</span>", "<span data-toggle='tooltip' data-placement='right' title='原始值：1.72067'>1.7</span>", "<span data-toggle='tooltip' data-placement='right' title='原始值：2.15'>2.15</span>", "<span data-toggle='tooltip' data-placement='right' title='极值过滤'>--</span>", "*", "*", "*", "*", "维护"], ["河南省", "淮河流域", "<span data-toggle='tooltip' data-placement='right' title='所在地市:信阳市&#10;所属河流:淮河'>淮滨水文站(淮滨)</span>", "01-01 08:00", "", "<span data-toggle='tooltip' data-placement='right' title='原始值：11.9'>11.9</span>", "<span data-toggle='tooltip' data-placement='right' title='原始值：7.73'>7.73</span>", "<span data-toggle='tooltip' data-placement='right' title='原始值：8.01063'>8.01</span>", "<span data-toggle='tooltip' data-placement='right' title='原始值：304'>304.0</span>", "<span data-toggle='tooltip' data-placement='right' title='原始值：10'>10.0</span>", "<span data-toggle='tooltip' data-placement='right' title='极值过滤'>--</span>", "<span data-toggle='tooltip' data-placement='right' title='原始值：1.26841'>1.268</span>", "<span data-toggle='tooltip' data-placement='right' title='原始值：0.04409'>0.044</span>", "<span data-toggle='tooltip' data-placement='right' title='极值过滤'>--</span>", "*", "*", "维护"], ["河南省", "淮河流域", "<span data-toggle='tooltip' data-placement='right' title='所在地市:周口市&#10;所属河流:沙河'>沈丘闸</span>", "01-01 08:00", "劣Ⅴ", "<span data-toggle='tooltip' data-placement='right' title='原始值：5.21437'>5.2</span>", "<span data-toggle='tooltip' data-placement='right' title='原始值：7.7899'>7.79</span>", "<span data-toggle='tooltip' data-placement='right' title='原始值：9.62472'>9.62</span>", "<span data-toggle='tooltip' data-placement='right' title='原始值：1087.2'>1087.2</span>", "<span data-toggle='tooltip' data-placement='right' title='原始值：6.66926'>6.7</span>", "<span data-toggle='tooltip' data-placement='right' title='原始值：4.83'>4.83</span>", "<span data-toggle='tooltip' data-placement='right' title='原始值：2.41'>2.410</span>", "*", "*", "*", "*", "正常"], ["河南省", "淮河流域", "<span data-toggle='tooltip' data-placement='right' title='所在地市:周口市&#10;所属河流:涡河'>鹿邑付桥(鹿邑付桥闸)</span>", "01-01 08:00", "Ⅲ", "<span data-toggle='tooltip' data-placement='right' title='原始值：6.59666'>6.6</span>", "<span data-toggle='tooltip' data-placement='right' title='原始值：8.66887'>8.67</span>", "<span data-toggle='tooltip' data-placement='right' title='原始值：9.21186'>9.21</span>", "<span data-toggle='tooltip' data-placement='right' title='原始值：1557.377'>1557.4</span>", "<span data-toggle='tooltip' data-placement='right' title='原始值：5.50122'>5.5</span>", "<span data-toggle='tooltip' data-placement='right' title='原始值：4.19'>4.19</span>", "<span data-toggle='tooltip' data-placement='right' title='原始值：0.5'>0.500</span>", "<span data-toggle='tooltip' data-placement='right' title='原始值：0.0493'>0.049</span>", "<span data-toggle='tooltip' data-placement='right' title='原始值：1.50169'>1.50</span>", "*", "*", "正常"], ["河南省", "淮河流域", "<span data-toggle='tooltip' data-placement='right' title='所在地市:驻马店市&#10;所属河流:洪河'>新蔡班台(班台)</span>", "01-01 08:00", "Ⅳ", "<span data-toggle='tooltip' data-placement='right' title='原始值：5.27327'>5.3</span>", "<span data-toggle='tooltip' data-placement='right' title='原始值：7.7145'>7.71</span>", "<span data-toggle='tooltip' data-placement='right' title='原始值：14.73713'>14.74</span>", "<span data-toggle='tooltip' data-placement='right' title='原始值：651.2563'>651.3</span>", "<span data-toggle='tooltip' data-placement='right' title='原始值：13.67678'>13.7</span>", "<span data-toggle='tooltip' data-placement='right' title='原始值：9.39'>9.39</span>", "<span data-toggle='tooltip' data-placement='right' title='原始值：0.51'>0.510</span>", "<span data-toggle='tooltip' data-placement='right' title='原始值：0.10091'>0.101</span>", "<span data-toggle='tooltip' data-placement='right' title='原始值：4.68072'>4.68</span>", "*", "*", "正常"], ["河南省", "黄河流域", "<span data-toggle='tooltip' data-placement='right' title='所在地市:济源市&#10;所属河流:黄河'>小浪底水库(小浪底)</span>", "01-01 08:00", "Ⅱ", "<span data-toggle='tooltip' data-placement='right' title='原始值：6.73419'>6.7</span>", "<span data-toggle='tooltip' data-placement='right' title='原始值：8.42506'>8.43</span>", "<span data-toggle='tooltip' data-placement='right' title='原始值：10.50505'>10.51</span>", "<span data-toggle='tooltip' data-placement='right' title='原始值：719.4432'>719.4</span>", "<span data-toggle='tooltip' data-placement='right' title='原始值：6.13318'>6.1</span>", "<span data-toggle='tooltip' data-placement='right' title='原始值：0.0025'>0.002</span>", "<span data-toggle='tooltip' data-placement='right' title='原始值：0.37'>0.370</span>", "<span data-toggle='tooltip' data-placement='right' title='原始值：0.0155'>0.016</span>", "<span data-toggle='tooltip' data-placement='right' title='原始值：3.14'>3.14</span>", "*", "*", "正常"], ["湖北省", "长江流域", "<span data-toggle='tooltip' data-placement='right' title='所在地市:武汉市&#10;所属河流:汉江'>宗关</span>", "01-01 08:00", "Ⅱ", "<span data-toggle='tooltip' data-placement='right' title='原始值：8.48'>8.5</span>", "<span data-toggle='tooltip' data-placement='right' title='原始值：7.941545'>7.94</span>", "<span data-toggle='tooltip' data-placement='right' title='原始值：11.57769'>11.58</span>", "<span data-toggle='tooltip' data-placement='right' title='原始值：381.8849'>381.9</span>", "<span data-toggle='tooltip' data-placement='right' title='原始值：15.63828'>15.6</span>", "<span data-toggle='tooltip' data-placement='right' title='原始值：2.25'>2.25</span>", "<span data-toggle='tooltip' data-placement='right' title='原始值：0.082'>0.082</span>", "<span data-toggle='tooltip' data-placement='right' title='原始值：0.075'>0.075</span>", "<span data-toggle='tooltip' data-placement='right' title='原始值：2.98352'>2.98</span>", "<span data-toggle='tooltip' data-placement='right' title='原始值：0.0021406'>0.002</span>", "*", "正常"], ["湖北省", "长江流域", "<span data-toggle='tooltip' data-placement='right' title='所在地市:十堰市&#10;所属河流:丹江口水库'>坝上中(胡家岭)</span>", "01-01 08:00", "Ⅱ", "<span data-toggle='tooltip' data-placement='right' title='原始值：13.14'>13.1</span>", "<span data-toggle='tooltip' data-placement='right' title='原始值：7.770425'>7.77</span>", "<span data-toggle='tooltip' data-placement='right' title='原始值：8.445002'>8.45</span>", "<span data-toggle='tooltip' data-placement='right' title='原始值：267.981'>268.0</span>", "<span data-toggle='tooltip' data-placement='right' title='原始值：3.418513'>3.4</span>", "<span data-toggle='tooltip' data-placement='right' title='原始值：1.86'>1.86</span>", "<span data-toggle='tooltip' data-placement='right' title='原始值：0.118'>0.118</span>", "<span data-toggle='tooltip' data-placement='right' title='原始值：0.018'>0.018</span>", "<span data-toggle='tooltip' data-placement='right' title='原始值：1.231'>1.23</span>", "<span data-toggle='tooltip' data-placement='right' title='原始值：0.0066113'>0.007</span>", "<span data-toggle='tooltip' data-placement='right' title='原始值：6969000'>6969000</span>", "正常"], ["湖北省", "长江流域", "<span data-toggle='tooltip' data-placement='right' title='所在地市:宜昌市&#10;所属河流:长江'>南津关</span>", "01-01 08:00", "Ⅱ", "<span data-toggle='tooltip' data-placement='right' title='原始值：16.14'>16.1</span>", "<span data-toggle='tooltip' data-placement='right' title='原始值：8.038086'>8.04</span>", "<span data-toggle='tooltip' data-placement='right' title='原始值：8.681993'>8.68</span>", "<span data-toggle='tooltip' data-placement='right' title='原始值：401.327'>401.3</span>", "<span data-toggle='tooltip' data-placement='right' title='原始值：4.473486'>4.5</span>", "<span data-toggle='tooltip' data-placement='right' title='原始值：2.33'>2.33</span>", "<span data-toggle='tooltip' data-placement='right' title='原始值：0.094'>0.094</span>", "<span data-toggle='tooltip' data-placement='right' title='原始值：0.046'>0.046</span>", "<span data-toggle='tooltip' data-placement='right' title='原始值：1.431'>1.43</span>", "<span data-toggle='tooltip' data-placement='right' title='原始值：0.003461'>0.003</span>", "*", "正常"], ["湖南省", "长江流域", "<span data-toggle='tooltip' data-placement='right' title='所在地市:长沙市&#10;所属河流:湘江'>新港</span>", "01-01 08:00", "Ⅱ", "<span data-toggle='tooltip' data-placement='right' title='原始值：10.72'>10.7</span>", "<span data-toggle='tooltip' data-placement='right' title='原始值：7.73'>7.73</span>", "<span data-toggle='tooltip' data-placement='right' title='原始值：10.03'>10.03</span>", "<span data-toggle='tooltip' data-placement='right' title='原始值：285.98'>286.0</span>", "<span data-toggle='tooltip' data-placement='right' title='原始值：21.86'>21.9</span>", "<span data-toggle='tooltip' data-placement='right' title='原始值：1.73'>1.73</span>", "<span data-toggle='tooltip' data-placement='right' title='原始值：0.2'>0.200</span>", "<span data-toggle='tooltip' data-placement='right' title='原始值：0.044'>0.044</span>", "<span data-toggle='tooltip' data-placement='right' title='原始值：2.15'>2.15</span>", "*", "*", "正常"], ["湖南省", "长江流域", "<span data-toggle='tooltip' data-placement='right' title='所在地市:岳阳市&#10;所属河流:洞庭湖'>岳阳楼</span>", "01-01 08:00", "Ⅴ", "<span data-toggle='tooltip' data-placement='right' title='原始值：7.03'>7.0</span>", "<span data-toggle='tooltip' data-placement='right' title='原始值：8.065044'>8.07</span>", "<span data-toggle='tooltip' data-placement='right' title='原始值：10.32856'>10.33</span>", "<span data-toggle='tooltip' data-placement='right' title='原始值：299.8193'>299.8</span>", "<span data-toggle='tooltip' data-placement='right' title='原始值：39.23022'>39.2</span>", "<span data-toggle='tooltip' data-placement='right' title='原始值：1.9'>1.90</span>", "<span data-toggle='tooltip' data-placement='right' title='原始值：0.098'>0.098</span>", "<span data-toggle='tooltip' data-placement='right' title='原始值：0.113'>0.113</span>", "<span data-toggle='tooltip' data-placement='right' title='原始值：2.633'>2.63</span>", "<span data-toggle='tooltip' data-placement='right' title='原始值：0.00275'>0.003</span>", "<span data-toggle='tooltip' data-placement='right' title='原始值：250.532'>251</span>", "正常"], ["湖南省", "长江流域", "<span data-toggle='tooltip' data-placement='right' title='所在地市:岳阳市&#10;所属河流:长江'>城陵矶</span>", "01-01 08:00", "Ⅲ", "<span data-toggle='tooltip' data-placement='right' title='原始值：9.77'>9.8</span>", "<span data-toggle='tooltip' data-placement='right' title='原始值：7.745309'>7.75</span>", "<span data-toggle='tooltip' data-placement='right' title='原始值：10.57635'>10.58</span>", "<span data-toggle='tooltip' data-placement='right' title='原始值：367.6'>367.6</span>", "<span data-toggle='tooltip' data-placement='right' title='原始值：33.11107'>33.1</span>", "<span data-toggle='tooltip' data-placement='right' title='原始值：2.4'>2.40</span>", "<span data-toggle='tooltip' data-placement='right' title='原始值：0.009'>0.009</span>", "<span data-toggle='tooltip' data-placement='right' title='原始值：0.125'>0.125</span>", "<span data-toggle='tooltip' data-placement='right' title='原始值：1.7744'>1.77</span>", "*", "*", "正常"], ["广东省", "珠江流域", "<span data-toggle='tooltip' data-placement='right' title='所在地市:清远市&#10;所属河流:北江'>七星岗</span>", "01-01 08:00", "Ⅱ", "<span data-toggle='tooltip' data-placement='right' title='原始值：15.28566'>15.3</span>", "<span data-toggle='tooltip' data-placement='right' title='原始值：7.91071'>7.91</span>", "<span data-toggle='tooltip' data-placement='right' title='原始值：10.45592'>10.46</span>", "<span data-toggle='tooltip' data-placement='right' title='原始值：304.6473'>304.6</span>", "<span data-toggle='tooltip' data-placement='right' title='原始值：11.11158'>11.1</span>", "<span data-toggle='tooltip' data-placement='right' title='原始值：1.49'>1.49</span>", "<span data-toggle='tooltip' data-placement='right' title='原始值：0.0927'>0.093</span>", "<span data-toggle='tooltip' data-placement='right' title='原始值：0.0305'>0.030</span>", "<span data-toggle='tooltip' data-placement='right' title='原始值：2.7068'>2.71</span>", "*", "*", "正常"], ["广东省", "珠江流域", "<span data-toggle='tooltip' data-placement='right' title='所在地市:中山市&#10;所属河流:西江'>横栏</span>", "01-01 08:00", "Ⅰ", "<span data-toggle='tooltip' data-placement='right' title='原始值：15.5'>15.5</span>", "<span data-toggle='tooltip' data-placement='right' title='原始值：7.66'>7.66</span>", "<span data-toggle='tooltip' data-placement='right' title='原始值：9.12'>9.12</span>", "<span data-toggle='tooltip' data-placement='right' title='原始值：328'>328.0</span>", "<span data-toggle='tooltip' data-placement='right' title='原始值：13.1'>13.1</span>", "<span data-toggle='tooltip' data-placement='right' title='原始值：1.54'>1.54</span>", "<span data-toggle='tooltip' data-placement='right' title='原始值：0.001'>0.001</span>", "*", "*", "*", "*", "正常"], ["广西壮族自治区", "珠江流域", "<span data-toggle='tooltip' data-placement='right' title='所在地市:南宁市&#10;所属河流:邕江'>老口</span>", "01-01 08:00", "Ⅱ", "<span data-toggle='tooltip' data-placement='right' title='原始值：17.62461'>17.6</span>", "<span data-toggle='tooltip' data-placement='right' title='原始值：8.0783'>8.08</span>", "<span data-toggle='tooltip' data-placement='right' title='原始值：9.31329'>9.31</span>", "<span data-toggle='tooltip' data-placement='right' title='原始值：310.0078'>310.0</span>", "<span data-toggle='tooltip' data-placement='right' title='原始值：4.9235'>4.9</span>", "<span data-toggle='tooltip' data-placement='right' title='原始值：1.65739'>1.66</span>", "<span data-toggle='tooltip' data-placement='right' title='原始值：0.0705'>0.070</span>", "<span data-toggle='tooltip' data-placement='right' title='原始值：0.0211'>0.021</span>", "<span data-toggle='tooltip' data-placement='right' title='极值过滤'>--</span>", "*", "*", "维护"], ["广西壮族自治区", "珠江流域", "<span data-toggle='tooltip' data-placement='right' title='所在地市:桂林市&#10;所属河流:漓江'>阳朔</span>", null, "", "--", "--", "--", "--", "--", "--", "--", "--", "--", "*", "*", "停站"], ["广西壮族自治区", "珠江流域", "<span data-toggle='tooltip' data-placement='right' title='所在地市:梧州市&#10;所属河流:浔江'>界首</span>", null, "", "--", "--", "--", "--", "--", "--", "--", "--", "--", "*", "*", "停站"], ["广西壮族自治区", "珠江流域", "<span data-toggle='tooltip' data-placement='right' title='所在地市:贵港市&#10;所属河流:浔江'>石嘴</span>", null, "", "--", "--", "--", "--", "--", "--", "--", "--", "--", "*", "*", "停站"], ["广西壮族自治区", "珠江流域", "<span data-toggle='tooltip' data-placement='right' title='所在地市:崇左市&#10;所属河流:平而河'>平而关</span>", "01-01 08:00", "Ⅰ", "<span data-toggle='tooltip' data-placement='right' title='原始值：17.45101'>17.5</span>", "<span data-toggle='tooltip' data-placement='right' title='原始值：8.05433'>8.05</span>", "<span data-toggle='tooltip' data-placement='right' title='原始值：9.48858'>9.49</span>", "<span data-toggle='tooltip' data-placement='right' title='原始值：262.5149'>262.5</span>", "<span data-toggle='tooltip' data-placement='right' title='原始值：18.09249'>18.1</span>", "<span data-toggle='tooltip' data-placement='right' title='原始值：1.2'>1.20</span>", "<span data-toggle='tooltip' data-placement='right' title='原始值：0.15'>0.150</span>", "*", "*", "*", "*", "正常"], ["重庆市", "长江流域", "<span data-toggle='tooltip' data-placement='right' title='所在地市:永川区&#10;所属河流:长江'>朱沱</span>", "01-01 08:00", "", "<span data-toggle='tooltip' data-placement='right' title='原始值：11.78'>11.8</span>", "<span data-toggle='tooltip' data-placement='right' title='原始值：7.48'>7.48</span>", "<span data-toggle='tooltip' data-placement='right' title='原始值：11.34'>11.34</span>", "<span data-toggle='tooltip' data-placement='right' title='极值过滤'>--</span>", "<span data-toggle='tooltip' data-placement='right' title='原始值：400'>400.0</span>", "<span data-toggle='tooltip' data-placement='right' title='原始值：0.339'>0.34</span>", "<span data-toggle='tooltip' data-placement='right' title='原始值：0.041'>0.041</span>", "<span data-toggle='tooltip' data-placement='right' title='极值过滤'>--</span>", "<span data-toggle='tooltip' data-placement='right' title='极值过滤'>--</span>", "*", "*", "维护"], ["四川省", "长江流域", "<span data-toggle='tooltip' data-placement='right' title='所在地市:攀枝花市&#10;所属河流:金沙江'>龙洞</span>", "01-01 08:00", "Ⅰ", "<span data-toggle='tooltip' data-placement='right' title='原始值：14.21'>14.2</span>", "<span data-toggle='tooltip' data-placement='right' title='原始值：8.306595'>8.31</span>", "<span data-toggle='tooltip' data-placement='right' title='原始值：8.634768'>8.63</span>", "<span data-toggle='tooltip' data-placement='right' title='原始值：877.464'>877.5</span>", "<span data-toggle='tooltip' data-placement='right' title='原始值：7.078038'>7.1</span>", "<span data-toggle='tooltip' data-placement='right' title='原始值：0.94'>0.94</span>", "<span data-toggle='tooltip' data-placement='right' title='原始值：0.085'>0.085</span>", "<span data-toggle='tooltip' data-placement='right' title='原始值：0.0118555'>0.012</span>", "<span data-toggle='tooltip' data-placement='right' title='原始值：2.998519'>3.00</span>", "*", "*", "正常"], ["四川省", "长江流域", "<span data-toggle='tooltip' data-placement='right' title='所在地市:泸州市&#10;所属河流:沱江'>沱江大桥(沱江二桥)</span>", "01-01 08:00", "Ⅱ", "<span data-toggle='tooltip' data-placement='right' title='原始值：10.52'>10.5</span>", "<span data-toggle='tooltip' data-placement='right' title='原始值：8.183886'>8.18</span>", "<span data-toggle='tooltip' data-placement='right' title='原始值：10.38374'>10.38</span>", "<span data-toggle='tooltip' data-placement='right' title='原始值：620.9305'>620.9</span>", "<span data-toggle='tooltip' data-placement='right' title='原始值：6.562585'>6.6</span>", "<span data-toggle='tooltip' data-placement='right' title='原始值：2.08'>2.08</span>", "<span data-toggle='tooltip' data-placement='right' title='原始值：0.094'>0.094</span>", "<span data-toggle='tooltip' data-placement='right' title='原始值：0.0934788'>0.093</span>", "<span data-toggle='tooltip' data-placement='right' title='原始值：3.608649'>3.61</span>", "*", "*", "正常"], ["四川省", "长江流域", "<span data-toggle='tooltip' data-placement='right' title='所在地市:广元市&#10;所属河流:嘉陵江'>清风峡</span>", "01-01 08:00", "Ⅰ", "<span data-toggle='tooltip' data-placement='right' title='原始值：4.41481'>4.4</span>", "<span data-toggle='tooltip' data-placement='right' title='原始值：8.34001'>8.34</span>", "<span data-toggle='tooltip' data-placement='right' title='原始值：11.80759'>11.81</span>", "<span data-toggle='tooltip' data-placement='right' title='原始值：407.0833'>407.1</span>", "<span data-toggle='tooltip' data-placement='right' title='原始值：83.34721'>83.3</span>", "<span data-toggle='tooltip' data-placement='right' title='原始值：0.65'>0.65</span>", "<span data-toggle='tooltip' data-placement='right' title='原始值：0.09867'>0.099</span>", "*", "*", "*", "*", "正常"], ["四川省", "长江流域", "<span data-toggle='tooltip' data-placement='right' title='所在地市:乐山市&#10;所属河流:岷江'>岷江大桥</span>", null, "", "--", "--", "--", "--", "--", "--", "--", "--", "--", "*", "*", "停站"], ["四川省", "长江流域", "<span data-toggle='tooltip' data-placement='right' title='所在地市:宜宾市&#10;所属河流:岷江'>凉姜沟</span>", "01-01 08:00", "Ⅲ", "<span data-toggle='tooltip' data-placement='right' title='原始值：11.12'>11.1</span>", "<span data-toggle='tooltip' data-placement='right' title='原始值：8.065552'>8.07</span>", "<span data-toggle='tooltip' data-placement='right' title='原始值：9.551581'>9.55</span>", "<span data-toggle='tooltip' data-placement='right' title='原始值：315.2057'>315.2</span>", "<span data-toggle='tooltip' data-placement='right' title='原始值：34.71023'>34.7</span>", "<span data-toggle='tooltip' data-placement='right' title='原始值：1.54'>1.54</span>", "<span data-toggle='tooltip' data-placement='right' title='原始值：0.226'>0.226</span>", "<span data-toggle='tooltip' data-placement='right' title='原始值：0.13306'>0.133</span>", "<span data-toggle='tooltip' data-placement='right' title='原始值：2.00406'>2.00</span>", "*", "*", "正常"], ["云南省", "滇池流域", "<span data-toggle='tooltip' data-placement='right' title='所在地市:昆明市&#10;所属河流:滇池'>西苑隧道</span>", "01-01 08:00", "Ⅱ", "<span data-toggle='tooltip' data-placement='right' title='原始值：11.95'>12.0</span>", "<span data-toggle='tooltip' data-placement='right' title='原始值：7.79379'>7.79</span>", "<span data-toggle='tooltip' data-placement='right' title='原始值：7.933'>7.93</span>", "<span data-toggle='tooltip' data-placement='right' title='原始值：774.271'>774.3</span>", "<span data-toggle='tooltip' data-placement='right' title='原始值：70.346'>70.3</span>", "<span data-toggle='tooltip' data-placement='right' title='原始值：3.85856'>3.86</span>", "<span data-toggle='tooltip' data-placement='right' title='原始值：0.0628'>0.063</span>", "<span data-toggle='tooltip' data-placement='right' title='原始值：0.02261'>0.023</span>", "<span data-toggle='tooltip' data-placement='right' title='原始值：5.25224'>5.25</span>", "<span data-toggle='tooltip' data-placement='right' title='原始值：0.00274'>0.003</span>", "<span data-toggle='tooltip' data-placement='right' title='原始值：6567527'>6567527</span>", "正常"], ["云南省", "滇池流域", "<span data-toggle='tooltip' data-placement='right' title='所在地市:昆明市&#10;所属河流:滇池'>观音山</span>", "01-01 08:00", "", "<span data-toggle='tooltip' data-placement='right' title='原始值：10.69367'>10.7</span>", "<span data-toggle='tooltip' data-placement='right' title='原始值：8.99917'>9.00</span>", "<span data-toggle='tooltip' data-placement='right' title='原始值：6.695'>6.70</span>", "<span data-toggle='tooltip' data-placement='right' title='原始值：413.102'>413.1</span>", "<span data-toggle='tooltip' data-placement='right' title='原始值：48.256'>48.3</span>", "<span data-toggle='tooltip' data-placement='right' title='极值过滤'>--</span>", "<span data-toggle='tooltip' data-placement='right' title='原始值：0.82'>0.820</span>", "<span data-toggle='tooltip' data-placement='right' title='原始值：0.1201'>0.120</span>", "<span data-toggle='tooltip' data-placement='right' title='原始值：1.43'>1.43</span>", "<span data-toggle='tooltip' data-placement='right' title='原始值：0.00211'>0.002</span>", "<span data-toggle='tooltip' data-placement='right' title='原始值：6807742'>6807742</span>", "维护"], ["云南省", "西南诸河", "<span data-toggle='tooltip' data-placement='right' title='所在地市:红河哈尼族彝族自治州&#10;所属河流:红河'>河口县医院(河口)</span>", "01-01 08:00", "Ⅱ", "<span data-toggle='tooltip' data-placement='right' title='原始值：19.37179'>19.4</span>", "<span data-toggle='tooltip' data-placement='right' title='原始值：7.75953'>7.76</span>", "<span data-toggle='tooltip' data-placement='right' title='原始值：7.76796'>7.77</span>", "<span data-toggle='tooltip' data-placement='right' title='原始值：246.0421'>246.0</span>", "<span data-toggle='tooltip' data-placement='right' title='原始值：35.04333'>35.0</span>", "<span data-toggle='tooltip' data-placement='right' title='原始值：1.73869'>1.74</span>", "<span data-toggle='tooltip' data-placement='right' title='原始值：0.04517'>0.045</span>", "<span data-toggle='tooltip' data-placement='right' title='原始值：0.06577'>0.066</span>", "<span data-toggle='tooltip' data-placement='right' title='原始值：0.99766'>1.00</span>", "*", "*", "正常"], ["云南省", "西南诸河", "<span data-toggle='tooltip' data-placement='right' title='所在地市:西双版纳傣族自治州&#10;所属河流:澜沧江'>橄榄坝</span>", "01-01 08:00", "Ⅱ", "<span data-toggle='tooltip' data-placement='right' title='原始值：17.866'>17.9</span>", "<span data-toggle='tooltip' data-placement='right' title='原始值：7.602'>7.60</span>", "<span data-toggle='tooltip' data-placement='right' title='原始值：10.042'>10.04</span>", "<span data-toggle='tooltip' data-placement='right' title='原始值：523.258'>523.3</span>", "<span data-toggle='tooltip' data-placement='right' title='原始值：7.28'>7.3</span>", "<span data-toggle='tooltip' data-placement='right' title='原始值：0.39'>0.39</span>", "<span data-toggle='tooltip' data-placement='right' title='原始值：0.162'>0.162</span>", "*", "*", "*", "*", "正常"], ["陕西省", "黄河流域", "<span data-toggle='tooltip' data-placement='right' title='所在地市:渭南市&#10;所属河流:渭河'>潼关吊桥</span>", null, "", "--", "--", "--", "--", "--", "--", "--", "--", "--", "*", "*", "停站"], ["甘肃省", "黄河流域", "<span data-toggle='tooltip' data-placement='right' title='所在地市:兰州市&#10;所属河流:黄河'>新城桥</span>", null, "", "--", "--", "--", "--", "--", "--", "--", "--", "--", "*", "*", "停站"], ["宁夏回族自治区", "黄河流域", "<span data-toggle='tooltip' data-placement='right' title='所在地市:中卫市&#10;所属河流:黄河'>中卫下河沿(新墩)</span>", "01-01 08:00", "Ⅲ", "<span data-toggle='tooltip' data-placement='right' title='原始值：3.45932'>3.5</span>", "<span data-toggle='tooltip' data-placement='right' title='原始值：7.53428'>7.53</span>", "<span data-toggle='tooltip' data-placement='right' title='原始值：11.43626'>11.44</span>", "<span data-toggle='tooltip' data-placement='right' title='原始值：743.3718'>743.4</span>", "<span data-toggle='tooltip' data-placement='right' title='原始值：18.88034'>18.9</span>", "<span data-toggle='tooltip' data-placement='right' title='原始值：1.37'>1.37</span>", "<span data-toggle='tooltip' data-placement='right' title='原始值：0.61'>0.610</span>", "<span data-toggle='tooltip' data-placement='right' title='原始值：0.0094'>0.009</span>", "<span data-toggle='tooltip' data-placement='right' title='原始值：2.4881'>2.49</span>", "*", "*", "正常"]]}