{"result": 1, "total": 1, "records": 98, "thead": ["省份", "流域", "断面名称", "监测时间", "水质类别", "水温<br/><span class='unit'>(℃)</span>", "pH<br/><span class='unit'>(无量纲)</span>", "溶解氧<br/><span class='unit'>(mg/L)</span>", "电导率<br/><span class='unit'>(μS/cm)</span>", "浊度<br/><span class='unit'>(NTU)</span>", "高锰酸盐指数<br/><span class='unit'>(mg/L)</span>", "氨氮<br/><span class='unit'>(mg/L)</span>", "总磷<br/><span class='unit'>(mg/L)</span>", "总氮<br/><span class='unit'>(mg/L)</span>", "叶绿素α<br/><span class='unit'>(mg/L)</span>", "藻密度<br/><span class='unit'>(cells/L)</span>", "站点情况"], "tbody": [["北京市", "海河流域", "<span data-toggle='tooltip' data-placement='right' title='所在地市:门头沟区&#10;所属河流:永定河'>沿河城</span>", "08-26 08:00", "劣Ⅴ", "<span data-toggle='tooltip' data-placement='right' title='原始值：25.32447'>25.3</span>", "<span data-toggle='tooltip' data-placement='right' title='原始值：7.77369'>7.77</span>", "<span data-toggle='tooltip' data-placement='right' title='原始值：8.22353'>8.22</span>", "<span data-toggle='tooltip' data-placement='right' title='极值过滤'>--</span>", "<span data-toggle='tooltip' data-placement='right' title='原始值：0.29996'>0.3</span>", "<span data-toggle='tooltip' data-placement='right' title='原始值：5.87'>5.87</span>", "<span data-toggle='tooltip' data-placement='right' title='原始值：2.53'>2.530</span>", "<span data-toggle='tooltip' data-placement='right' title='原始值：0.05833'>0.058</span>", "<span data-toggle='tooltip' data-placement='right' title='原始值：1.17723'>1.18</span>", "*", "*", "维护"], ["北京市", "海河流域", "<span data-toggle='tooltip' data-placement='right' title='所在地市:密云区&#10;所属河流:潮河'>古北口</span>", "08-26 08:00", "", "<span data-toggle='tooltip' data-placement='right' title='原始值：23.6851'>23.7</span>", "<span data-toggle='tooltip' data-placement='right' title='原始值：7.07095'>7.07</span>", "<span data-toggle='tooltip' data-placement='right' title='原始值：7.01244'>7.01</span>", "<span data-toggle='tooltip' data-placement='right' title='原始值：616.6117'>616.6</span>", "<span data-toggle='tooltip' data-placement='right' title='原始值：4.51818'>4.5</span>", "<span data-toggle='tooltip' data-placement='right' title='原始值：2.9925'>2.99</span>", "<span data-toggle='tooltip' data-placement='right' title='原始值：0.23'>0.230</span>", "<span data-toggle='tooltip' data-placement='right' title='极值过滤'>--</span>", "<span data-toggle='tooltip' data-placement='right' title='原始值：5.104'>5.10</span>", "*", "*", "维护"], ["天津市", "海河流域", "<span data-toggle='tooltip' data-placement='right' title='所在地市:河北区&#10;所属河流:海河'>三岔口</span>", "08-26 08:00", "Ⅱ", "<span data-toggle='tooltip' data-placement='right' title='原始值：27.8379'>27.8</span>", "<span data-toggle='tooltip' data-placement='right' title='原始值：7.7147'>7.71</span>", "<span data-toggle='tooltip' data-placement='right' title='原始值：6.657'>6.66</span>", "<span data-toggle='tooltip' data-placement='right' title='原始值：257.1023'>257.1</span>", "<span data-toggle='tooltip' data-placement='right' title='原始值：6.312'>6.3</span>", "<span data-toggle='tooltip' data-placement='right' title='原始值：1.88'>1.88</span>", "<span data-toggle='tooltip' data-placement='right' title='原始值：0.13'>0.130</span>", "<span data-toggle='tooltip' data-placement='right' title='原始值：0.0006'>0.001</span>", "<span data-toggle='tooltip' data-placement='right' title='原始值：0.8539'>0.85</span>", "*", "*", "正常"], ["天津市", "海河流域", "<span data-toggle='tooltip' data-placement='right' title='所在地市:蓟州区&#10;所属河流:果河'>果河桥</span>", "08-26 08:00", "Ⅲ", "<span data-toggle='tooltip' data-placement='right' title='原始值：26'>26.0</span>", "<span data-toggle='tooltip' data-placement='right' title='原始值：7.704'>7.70</span>", "<span data-toggle='tooltip' data-placement='right' title='原始值：6.967'>6.97</span>", "<span data-toggle='tooltip' data-placement='right' title='原始值：554.671'>554.7</span>", "<span data-toggle='tooltip' data-placement='right' title='原始值：7.132'>7.1</span>", "<span data-toggle='tooltip' data-placement='right' title='原始值：3.4411'>3.44</span>", "<span data-toggle='tooltip' data-placement='right' title='原始值：0.28'>0.280</span>", "<span data-toggle='tooltip' data-placement='right' title='原始值：0.1528'>0.153</span>", "<span data-toggle='tooltip' data-placement='right' title='原始值：5.4805'>5.48</span>", "*", "*", "正常"], ["河北省", "海河流域", "<span data-toggle='tooltip' data-placement='right' title='所在地市:石家庄市&#10;所属河流:滹沱河'>岗南水库</span>", "08-26 08:00", "", "<span data-toggle='tooltip' data-placement='right' title='原始值：26.76175'>26.8</span>", "<span data-toggle='tooltip' data-placement='right' title='原始值：8.34183'>8.34</span>", "<span data-toggle='tooltip' data-placement='right' title='原始值：7.50293'>7.50</span>", "<span data-toggle='tooltip' data-placement='right' title='原始值：567.0562'>567.1</span>", "<span data-toggle='tooltip' data-placement='right' title='原始值：2.30752'>2.3</span>", "<span data-toggle='tooltip' data-placement='right' title='原始值：2.33396'>2.33</span>", "<span data-toggle='tooltip' data-placement='right' title='原始值：0.07'>0.070</span>", "<span data-toggle='tooltip' data-placement='right' title='极值过滤'>--</span>", "<span data-toggle='tooltip' data-placement='right' title='原始值：2.998'>3.00</span>", "*", "*", "维护"], ["河北省", "海河流域", "<span data-toggle='tooltip' data-placement='right' title='所在地市:张家口市&#10;所属河流:永定河'>八号桥</span>", "08-26 08:00", "Ⅲ", "<span data-toggle='tooltip' data-placement='right' title='原始值：24.41249'>24.4</span>", "<span data-toggle='tooltip' data-placement='right' title='原始值：7.77452'>7.77</span>", "<span data-toggle='tooltip' data-placement='right' title='原始值：6.68106'>6.68</span>", "<span data-toggle='tooltip' data-placement='right' title='原始值：967.7619'>967.8</span>", "<span data-toggle='tooltip' data-placement='right' title='原始值：86.9194'>86.9</span>", "<span data-toggle='tooltip' data-placement='right' title='原始值：3.97'>3.97</span>", "<span data-toggle='tooltip' data-placement='right' title='原始值：0.22'>0.220</span>", "<span data-toggle='tooltip' data-placement='right' title='原始值：0.16251'>0.163</span>", "<span data-toggle='tooltip' data-placement='right' title='原始值：2.715'>2.72</span>", "*", "*", "正常"], ["山西省", "黄河流域", "<span data-toggle='tooltip' data-placement='right' title='所在地市:运城市&#10;所属河流:汾河'>河津大桥</span>", "08-26 08:00", "Ⅳ", "<span data-toggle='tooltip' data-placement='right' title='原始值：27.34564'>27.3</span>", "<span data-toggle='tooltip' data-placement='right' title='原始值：7.45343'>7.45</span>", "<span data-toggle='tooltip' data-placement='right' title='原始值：3.62239'>3.62</span>", "<span data-toggle='tooltip' data-placement='right' title='原始值：1212.713'>1212.7</span>", "<span data-toggle='tooltip' data-placement='right' title='原始值：535.8345'>535.8</span>", "<span data-toggle='tooltip' data-placement='right' title='原始值：8'>8.00</span>", "<span data-toggle='tooltip' data-placement='right' title='原始值：0.05'>0.050</span>", "*", "*", "*", "*", "正常"], ["山西省", "黄河流域", "<span data-toggle='tooltip' data-placement='right' title='所在地市:忻州市&#10;所属河流:黄河'>万家寨水库</span>", null, "", "--", "--", "--", "--", "--", "--", "--", "--", "--", "*", "*", "停站"], ["内蒙古自治区", "黄河流域", "<span data-toggle='tooltip' data-placement='right' title='所在地市:包头市&#10;所属河流:黄河'>画匠营子</span>", "08-26 08:00", "Ⅱ", "<span data-toggle='tooltip' data-placement='right' title='原始值：22.51276'>22.5</span>", "<span data-toggle='tooltip' data-placement='right' title='原始值：7.67995'>7.68</span>", "<span data-toggle='tooltip' data-placement='right' title='原始值：6.70301'>6.70</span>", "<span data-toggle='tooltip' data-placement='right' title='原始值：665.8573'>665.9</span>", "<span data-toggle='tooltip' data-placement='right' title='原始值：1760.055'>1760.1</span>", "<span data-toggle='tooltip' data-placement='right' title='原始值：3.53246'>3.53</span>", "<span data-toggle='tooltip' data-placement='right' title='原始值：0.03547'>0.035</span>", "*", "*", "*", "*", "正常"], ["内蒙古自治区", "黄河流域", "<span data-toggle='tooltip' data-placement='right' title='所在地市:乌海市&#10;所属河流:黄河'>海勃湾</span>", "08-26 08:00", "Ⅲ", "<span data-toggle='tooltip' data-placement='right' title='原始值：20.60441'>20.6</span>", "<span data-toggle='tooltip' data-placement='right' title='原始值：7.64556'>7.65</span>", "<span data-toggle='tooltip' data-placement='right' title='原始值：6.17927'>6.18</span>", "<span data-toggle='tooltip' data-placement='right' title='原始值：484.5556'>484.6</span>", "<span data-toggle='tooltip' data-placement='right' title='原始值：641.2887'>641.3</span>", "<span data-toggle='tooltip' data-placement='right' title='原始值：4.42'>4.42</span>", "<span data-toggle='tooltip' data-placement='right' title='原始值：0.13'>0.130</span>", "*", "*", "*", "*", "正常"], ["内蒙古自治区", "松花江流域", "<span data-toggle='tooltip' data-placement='right' title='所在地市:呼伦贝尔市&#10;所属河流:额尔古纳河'>黑山头</span>", null, "", "--", "--", "--", "--", "--", "--", "--", "--", "--", "*", "*", "停站"], ["辽宁省", "辽河流域", "<span data-toggle='tooltip' data-placement='right' title='所在地市:抚顺市&#10;所属河流:浑河'>大伙房水库</span>", "08-26 08:00", "", "<span data-toggle='tooltip' data-placement='right' title='原始值：27.42737'>27.4</span>", "<span data-toggle='tooltip' data-placement='right' title='原始值：8.03446'>8.03</span>", "<span data-toggle='tooltip' data-placement='right' title='原始值：7.70476'>7.70</span>", "<span data-toggle='tooltip' data-placement='right' title='原始值：310.6674'>310.7</span>", "<span data-toggle='tooltip' data-placement='right' title='原始值：4.24885'>4.2</span>", "<span data-toggle='tooltip' data-placement='right' title='原始值：1.78867'>1.79</span>", "<span data-toggle='tooltip' data-placement='right' title='原始值：0.15'>0.150</span>", "<span data-toggle='tooltip' data-placement='right' title='极值过滤'>--</span>", "<span data-toggle='tooltip' data-placement='right' title='原始值：1.06132'>1.06</span>", "<span data-toggle='tooltip' data-placement='right' title='极值过滤'>--</span>", "*", "维护"], ["辽宁省", "辽河流域", "<span data-toggle='tooltip' data-placement='right' title='所在地市:丹东市&#10;所属河流:鸭绿江'>江桥</span>", "08-26 08:00", "劣Ⅴ", "<span data-toggle='tooltip' data-placement='right' title='原始值：21.5'>21.5</span>", "<span data-toggle='tooltip' data-placement='right' title='原始值：6.86'>6.86</span>", "<span data-toggle='tooltip' data-placement='right' title='原始值：7.27746'>7.28</span>", "<span data-toggle='tooltip' data-placement='right' title='原始值：124'>124.0</span>", "<span data-toggle='tooltip' data-placement='right' title='原始值：13.30118'>13.3</span>", "<span data-toggle='tooltip' data-placement='right' title='原始值：3.88'>3.88</span>", "<span data-toggle='tooltip' data-placement='right' title='原始值：3.89472'>3.895</span>", "<span data-toggle='tooltip' data-placement='right' title='原始值：0.06794'>0.068</span>", "<span data-toggle='tooltip' data-placement='right' title='原始值：3.54149'>3.54</span>", "*", "*", "正常"], ["辽宁省", "辽河流域", "<span data-toggle='tooltip' data-placement='right' title='所在地市:营口市&#10;所属河流:大辽河'>辽河公园</span>", "08-26 08:00", "Ⅳ", "<span data-toggle='tooltip' data-placement='right' title='原始值：24.70666'>24.7</span>", "<span data-toggle='tooltip' data-placement='right' title='原始值：6.02929'>6.03</span>", "<span data-toggle='tooltip' data-placement='right' title='原始值：3.55744'>3.56</span>", "<span data-toggle='tooltip' data-placement='right' title='原始值：1085.084'>1085.1</span>", "<span data-toggle='tooltip' data-placement='right' title='原始值：127.6791'>127.7</span>", "<span data-toggle='tooltip' data-placement='right' title='原始值：6.4227'>6.42</span>", "<span data-toggle='tooltip' data-placement='right' title='原始值：0.1216'>0.122</span>", "<span data-toggle='tooltip' data-placement='right' title='原始值：0.27165'>0.272</span>", "<span data-toggle='tooltip' data-placement='right' title='原始值：3.75704'>3.76</span>", "*", "*", "正常"], ["辽宁省", "辽河流域", "<span data-toggle='tooltip' data-placement='right' title='所在地市:辽阳市&#10;所属河流:太子河'>汤河水库</span>", "08-26 08:00", "", "<span data-toggle='tooltip' data-placement='right' title='原始值：18'>18.0</span>", "<span data-toggle='tooltip' data-placement='right' title='原始值：7.63'>7.63</span>", "<span data-toggle='tooltip' data-placement='right' title='极值过滤'>--</span>", "<span data-toggle='tooltip' data-placement='right' title='原始值：500.0615'>500.1</span>", "<span data-toggle='tooltip' data-placement='right' title='原始值：10.37165'>10.4</span>", "<span data-toggle='tooltip' data-placement='right' title='原始值：2.43'>2.43</span>", "<span data-toggle='tooltip' data-placement='right' title='原始值：0.002'>0.002</span>", "<span data-toggle='tooltip' data-placement='right' title='极值过滤'>--</span>", "<span data-toggle='tooltip' data-placement='right' title='极值过滤'>--</span>", "*", "*", "维护"], ["辽宁省", "辽河流域", "<span data-toggle='tooltip' data-placement='right' title='所在地市:盘锦市&#10;所属河流:辽河'>盘锦兴安(兴安)</span>", "08-26 08:00", "Ⅲ", "<span data-toggle='tooltip' data-placement='right' title='原始值：24.24987'>24.2</span>", "<span data-toggle='tooltip' data-placement='right' title='原始值：7.0177'>7.02</span>", "<span data-toggle='tooltip' data-placement='right' title='原始值：6.87105'>6.87</span>", "<span data-toggle='tooltip' data-placement='right' title='原始值：507.1973'>507.2</span>", "<span data-toggle='tooltip' data-placement='right' title='原始值：209.3086'>209.3</span>", "<span data-toggle='tooltip' data-placement='right' title='原始值：2.89925'>2.90</span>", "<span data-toggle='tooltip' data-placement='right' title='原始值：0.11'>0.110</span>", "<span data-toggle='tooltip' data-placement='right' title='原始值：0.15766'>0.158</span>", "<span data-toggle='tooltip' data-placement='right' title='原始值：2.56831'>2.57</span>", "*", "*", "正常"], ["辽宁省", "辽河流域", "<span data-toggle='tooltip' data-placement='right' title='所在地市:铁岭市&#10;所属河流:辽河'>珠尔山</span>", "08-26 08:00", "Ⅳ", "<span data-toggle='tooltip' data-placement='right' title='原始值：23.34177'>23.3</span>", "<span data-toggle='tooltip' data-placement='right' title='原始值：6.98054'>6.98</span>", "<span data-toggle='tooltip' data-placement='right' title='原始值：5.93516'>5.94</span>", "<span data-toggle='tooltip' data-placement='right' title='原始值：322.1343'>322.1</span>", "<span data-toggle='tooltip' data-placement='right' title='原始值：163.1737'>163.2</span>", "<span data-toggle='tooltip' data-placement='right' title='原始值：6.32347'>6.32</span>", "<span data-toggle='tooltip' data-placement='right' title='原始值：0.41'>0.410</span>", "<span data-toggle='tooltip' data-placement='right' title='原始值：0.22006'>0.220</span>", "<span data-toggle='tooltip' data-placement='right' title='原始值：4.6494'>4.65</span>", "*", "*", "正常"], ["吉林省", "松花江流域", "<span data-toggle='tooltip' data-placement='right' title='所在地市:长春市&#10;所属河流:松花江'>松花江村</span>", null, "", "--", "--", "--", "--", "--", "--", "--", "--", "--", "*", "*", "停站"], ["吉林省", "松花江流域", "<span data-toggle='tooltip' data-placement='right' title='所在地市:白城市&#10;所属河流:嫩江'>白沙滩</span>", null, "", "--", "--", "--", "--", "--", "--", "--", "--", "--", "*", "*", "停站"], ["吉林省", "松花江流域", "<span data-toggle='tooltip' data-placement='right' title='所在地市:延边朝鲜族自治州&#10;所属河流:图们江'>圈河</span>", null, "", "--", "--", "--", "--", "--", "--", "--", "--", "--", "*", "*", "停站"], ["黑龙江省", "松花江流域", "<span data-toggle='tooltip' data-placement='right' title='所在地市:大庆市&#10;所属河流:松花江'>肇源</span>", null, "", "--", "--", "--", "--", "--", "--", "--", "--", "--", "*", "*", "停站"], ["黑龙江省", "松花江流域", "<span data-toggle='tooltip' data-placement='right' title='所在地市:佳木斯市&#10;所属河流:乌苏里江'>乌苏镇</span>", null, "", "--", "--", "--", "--", "--", "--", "--", "--", "--", "*", "*", "停站"], ["黑龙江省", "松花江流域", "<span data-toggle='tooltip' data-placement='right' title='所在地市:佳木斯市&#10;所属河流:松花江'>同江</span>", null, "", "--", "--", "--", "--", "--", "--", "--", "--", "--", "*", "*", "维护"], ["黑龙江省", "松花江流域", "<span data-toggle='tooltip' data-placement='right' title='所在地市:黑河市&#10;所属河流:黑龙江'>黑河下(黑河)</span>", null, "", "--", "--", "--", "--", "--", "--", "--", "--", "--", "*", "*", "停站"], ["上海市", "长江流域", "<span data-toggle='tooltip' data-placement='right' title='所在地市:青浦区&#10;所属河流:淀山湖'>急水港桥</span>", "08-26 08:00", "Ⅳ", "<span data-toggle='tooltip' data-placement='right' title='原始值：30.7'>30.7</span>", "<span data-toggle='tooltip' data-placement='right' title='原始值：7.31'>7.31</span>", "<span data-toggle='tooltip' data-placement='right' title='原始值：8.49'>8.49</span>", "<span data-toggle='tooltip' data-placement='right' title='原始值：476'>476.0</span>", "<span data-toggle='tooltip' data-placement='right' title='原始值：120.8'>120.8</span>", "<span data-toggle='tooltip' data-placement='right' title='原始值：4.5'>4.50</span>", "<span data-toggle='tooltip' data-placement='right' title='原始值：0.30785'>0.308</span>", "<span data-toggle='tooltip' data-placement='right' title='原始值：0.08887'>0.089</span>", "<span data-toggle='tooltip' data-placement='right' title='原始值：1.85938'>1.86</span>", "<span data-toggle='tooltip' data-placement='right' title='原始值：0.00661'>0.007</span>", "<span data-toggle='tooltip' data-placement='right' title='原始值：1.224088E+07'>12240880</span>", "正常"], ["江苏省", "长江流域", "<span data-toggle='tooltip' data-placement='right' title='所在地市:南京市&#10;所属河流:长江'>林山</span>", "08-26 08:00", "Ⅱ", "<span data-toggle='tooltip' data-placement='right' title='原始值：29.5096'>29.5</span>", "<span data-toggle='tooltip' data-placement='right' title='原始值：7.56602'>7.57</span>", "<span data-toggle='tooltip' data-placement='right' title='原始值：6.62944'>6.63</span>", "<span data-toggle='tooltip' data-placement='right' title='原始值：332.006'>332.0</span>", "<span data-toggle='tooltip' data-placement='right' title='原始值：85.83701'>85.8</span>", "<span data-toggle='tooltip' data-placement='right' title='原始值：2.31'>2.31</span>", "<span data-toggle='tooltip' data-placement='right' title='原始值：0.063'>0.063</span>", "*", "*", "*", "*", "正常"], ["江苏省", "太湖流域", "<span data-toggle='tooltip' data-placement='right' title='所在地市:无锡市&#10;所属河流:太湖'>沙渚</span>", "08-26 08:00", "Ⅲ", "<span data-toggle='tooltip' data-placement='right' title='原始值：30.48337'>30.5</span>", "<span data-toggle='tooltip' data-placement='right' title='原始值：7.60207'>7.60</span>", "<span data-toggle='tooltip' data-placement='right' title='原始值：5.370116'>5.37</span>", "<span data-toggle='tooltip' data-placement='right' title='原始值：318.9946'>319.0</span>", "<span data-toggle='tooltip' data-placement='right' title='原始值：112.8791'>112.9</span>", "<span data-toggle='tooltip' data-placement='right' title='原始值：5.3'>5.30</span>", "<span data-toggle='tooltip' data-placement='right' title='原始值：0.14'>0.140</span>", "<span data-toggle='tooltip' data-placement='right' title='原始值：0.1055'>0.106</span>", "<span data-toggle='tooltip' data-placement='right' title='原始值：1.789'>1.79</span>", "*", "*", "正常"], ["江苏省", "淮河流域", "<span data-toggle='tooltip' data-placement='right' title='所在地市:徐州市&#10;所属河流:武河'>小红圈</span>", null, "", "--", "--", "--", "--", "--", "--", "--", "*", "*", "*", "*", "维护"], ["江苏省", "淮河流域", "<span data-toggle='tooltip' data-placement='right' title='所在地市:徐州市&#10;所属河流:沿河'>李集桥</span>", "08-26 08:00", "Ⅳ", "<span data-toggle='tooltip' data-placement='right' title='原始值：28.9'>28.9</span>", "<span data-toggle='tooltip' data-placement='right' title='原始值：7.44'>7.44</span>", "<span data-toggle='tooltip' data-placement='right' title='原始值：4.06'>4.06</span>", "<span data-toggle='tooltip' data-placement='right' title='原始值：865.7'>865.7</span>", "<span data-toggle='tooltip' data-placement='right' title='原始值：169.43'>169.4</span>", "<span data-toggle='tooltip' data-placement='right' title='原始值：4.29'>4.29</span>", "<span data-toggle='tooltip' data-placement='right' title='原始值：0.228'>0.228</span>", "<span data-toggle='tooltip' data-placement='right' title='原始值：0.168'>0.168</span>", "<span data-toggle='tooltip' data-placement='right' title='原始值：1.72'>1.72</span>", "*", "*", "正常"], ["江苏省", "淮河流域", "<span data-toggle='tooltip' data-placement='right' title='所在地市:徐州市&#10;所属河流:邳苍分洪道'>艾山西大桥</span>", "08-26 08:00", "Ⅳ", "<span data-toggle='tooltip' data-placement='right' title='原始值：26.393'>26.4</span>", "<span data-toggle='tooltip' data-placement='right' title='原始值：7.97316'>7.97</span>", "<span data-toggle='tooltip' data-placement='right' title='原始值：5.84988'>5.85</span>", "<span data-toggle='tooltip' data-placement='right' title='原始值：950.396'>950.4</span>", "<span data-toggle='tooltip' data-placement='right' title='原始值：59.9043'>59.9</span>", "<span data-toggle='tooltip' data-placement='right' title='原始值：3.12'>3.12</span>", "<span data-toggle='tooltip' data-placement='right' title='原始值：0.17'>0.170</span>", "<span data-toggle='tooltip' data-placement='right' title='原始值：0.28466'>0.285</span>", "<span data-toggle='tooltip' data-placement='right' title='原始值：11.28068'>11.28</span>", "*", "*", "正常"], ["江苏省", "太湖流域", "<span data-toggle='tooltip' data-placement='right' title='所在地市:苏州市&#10;所属河流:太湖'>兰山嘴(老)</span>", "08-26 08:00", "Ⅳ", "<span data-toggle='tooltip' data-placement='right' title='原始值：30.45268'>30.5</span>", "<span data-toggle='tooltip' data-placement='right' title='原始值：7.36893'>7.37</span>", "<span data-toggle='tooltip' data-placement='right' title='原始值：4.38244'>4.38</span>", "<span data-toggle='tooltip' data-placement='right' title='原始值：310.1281'>310.1</span>", "<span data-toggle='tooltip' data-placement='right' title='原始值：47.12218'>47.1</span>", "<span data-toggle='tooltip' data-placement='right' title='原始值：4.09'>4.09</span>", "<span data-toggle='tooltip' data-placement='right' title='原始值：0.33'>0.330</span>", "<span data-toggle='tooltip' data-placement='right' title='原始值：0.15026'>0.150</span>", "<span data-toggle='tooltip' data-placement='right' title='原始值：1.32646'>1.33</span>", "*", "*", "正常"], ["江苏省", "太湖流域", "<span data-toggle='tooltip' data-placement='right' title='所在地市:苏州市&#10;所属河流:太湖'>西山</span>", "08-26 08:00", "", "<span data-toggle='tooltip' data-placement='right' title='原始值：32.81498'>32.8</span>", "<span data-toggle='tooltip' data-placement='right' title='原始值：7.32027'>7.32</span>", "<span data-toggle='tooltip' data-placement='right' title='原始值：5.62259'>5.62</span>", "<span data-toggle='tooltip' data-placement='right' title='原始值：326.1385'>326.1</span>", "<span data-toggle='tooltip' data-placement='right' title='原始值：417.7364'>417.7</span>", "<span data-toggle='tooltip' data-placement='right' title='原始值：3.13'>3.13</span>", "<span data-toggle='tooltip' data-placement='right' title='极值过滤'>--</span>", "<span data-toggle='tooltip' data-placement='right' title='原始值：0.1308'>0.131</span>", "<span data-toggle='tooltip' data-placement='right' title='原始值：0.5159'>0.52</span>", "*", "*", "维护"], ["江苏省", "淮河流域", "<span data-toggle='tooltip' data-placement='right' title='所在地市:连云港市&#10;所属河流:新沭河'>大兴桥</span>", null, "", "--", "--", "--", "--", "--", "--", "--", "--", "--", "*", "*", "停站"], ["江苏省", "淮河流域", "<span data-toggle='tooltip' data-placement='right' title='所在地市:淮安市&#10;所属河流:淮河'>淮河大桥</span>", "08-26 08:00", "Ⅳ", "<span data-toggle='tooltip' data-placement='right' title='原始值：30.58984'>30.6</span>", "<span data-toggle='tooltip' data-placement='right' title='原始值：7.76226'>7.76</span>", "<span data-toggle='tooltip' data-placement='right' title='原始值：3.97458'>3.97</span>", "<span data-toggle='tooltip' data-placement='right' title='原始值：315.7043'>315.7</span>", "<span data-toggle='tooltip' data-placement='right' title='原始值：63.38956'>63.4</span>", "<span data-toggle='tooltip' data-placement='right' title='原始值：6.14'>6.14</span>", "<span data-toggle='tooltip' data-placement='right' title='原始值：0.12'>0.120</span>", "<span data-toggle='tooltip' data-placement='right' title='原始值：0.0634'>0.063</span>", "<span data-toggle='tooltip' data-placement='right' title='原始值：0.3276'>0.33</span>", "*", "*", "正常"], ["江苏省", "长江流域", "<span data-toggle='tooltip' data-placement='right' title='所在地市:扬州市&#10;所属河流:夹江'>三江营</span>", "08-26 08:00", "Ⅳ", "<span data-toggle='tooltip' data-placement='right' title='原始值：31.57'>31.6</span>", "<span data-toggle='tooltip' data-placement='right' title='原始值：7.79'>7.79</span>", "<span data-toggle='tooltip' data-placement='right' title='原始值：4.97'>4.97</span>", "<span data-toggle='tooltip' data-placement='right' title='原始值：387.49'>387.5</span>", "<span data-toggle='tooltip' data-placement='right' title='原始值：111.99'>112.0</span>", "<span data-toggle='tooltip' data-placement='right' title='原始值：0.812'>0.81</span>", "<span data-toggle='tooltip' data-placement='right' title='原始值：0.271'>0.271</span>", "<span data-toggle='tooltip' data-placement='right' title='原始值：0.142'>0.142</span>", "<span data-toggle='tooltip' data-placement='right' title='原始值：1.91'>1.91</span>", "*", "*", "正常"], ["江苏省", "淮河流域", "<span data-toggle='tooltip' data-placement='right' title='所在地市:宿迁市&#10;所属河流:新濉河'>大屈</span>", "08-26 08:00", "", "<span data-toggle='tooltip' data-placement='right' title='原始值：29'>29.0</span>", "<span data-toggle='tooltip' data-placement='right' title='原始值：7.67'>7.67</span>", "<span data-toggle='tooltip' data-placement='right' title='原始值：4.65'>4.65</span>", "<span data-toggle='tooltip' data-placement='right' title='原始值：706'>706.0</span>", "<span data-toggle='tooltip' data-placement='right' title='原始值：32.35'>32.4</span>", "<span data-toggle='tooltip' data-placement='right' title='原始值：6.23'>6.23</span>", "<span data-toggle='tooltip' data-placement='right' title='极值过滤'>--</span>", "<span data-toggle='tooltip' data-placement='right' title='原始值：0.291'>0.291</span>", "<span data-toggle='tooltip' data-placement='right' title='原始值：2.142'>2.14</span>", "*", "*", "维护"], ["浙江省", "浙闽片河流", "<span data-toggle='tooltip' data-placement='right' title='所在地市:杭州市&#10;所属河流:新安江'>街口(鸠坑口)</span>", "08-26 08:00", "Ⅱ", "<span data-toggle='tooltip' data-placement='right' title='原始值：27.45'>27.4</span>", "<span data-toggle='tooltip' data-placement='right' title='原始值：8.52'>8.52</span>", "<span data-toggle='tooltip' data-placement='right' title='原始值：7.85'>7.85</span>", "<span data-toggle='tooltip' data-placement='right' title='原始值：154.76'>154.8</span>", "<span data-toggle='tooltip' data-placement='right' title='原始值：25.9'>25.9</span>", "<span data-toggle='tooltip' data-placement='right' title='原始值：1.474'>1.47</span>", "<span data-toggle='tooltip' data-placement='right' title='原始值：0.006'>0.006</span>", "<span data-toggle='tooltip' data-placement='right' title='原始值：0.03'>0.030</span>", "<span data-toggle='tooltip' data-placement='right' title='原始值：0.78'>0.78</span>", "*", "*", "正常"], ["浙江省", "太湖流域", "<span data-toggle='tooltip' data-placement='right' title='所在地市:嘉兴市&#10;所属河流:斜路港河'>斜路港</span>", "08-26 08:00", "Ⅳ", "<span data-toggle='tooltip' data-placement='right' title='原始值：31.2'>31.2</span>", "<span data-toggle='tooltip' data-placement='right' title='原始值：7.12'>7.12</span>", "<span data-toggle='tooltip' data-placement='right' title='原始值：3.51'>3.51</span>", "<span data-toggle='tooltip' data-placement='right' title='原始值：358'>358.0</span>", "<span data-toggle='tooltip' data-placement='right' title='原始值：73.3'>73.3</span>", "<span data-toggle='tooltip' data-placement='right' title='原始值：3.98'>3.98</span>", "<span data-toggle='tooltip' data-placement='right' title='原始值：0.08738'>0.087</span>", "<span data-toggle='tooltip' data-placement='right' title='原始值：0.1075'>0.108</span>", "<span data-toggle='tooltip' data-placement='right' title='原始值：0.69581'>0.70</span>", "*", "*", "正常"], ["浙江省", "太湖流域", "<span data-toggle='tooltip' data-placement='right' title='所在地市:嘉兴市&#10;所属河流:京杭运河'>王江泾</span>", "08-26 08:00", "Ⅲ", "<span data-toggle='tooltip' data-placement='right' title='原始值：31.96'>32.0</span>", "<span data-toggle='tooltip' data-placement='right' title='原始值：7.3'>7.30</span>", "<span data-toggle='tooltip' data-placement='right' title='原始值：6.72'>6.72</span>", "<span data-toggle='tooltip' data-placement='right' title='原始值：403.58'>403.6</span>", "<span data-toggle='tooltip' data-placement='right' title='原始值：65.98'>66.0</span>", "<span data-toggle='tooltip' data-placement='right' title='原始值：4.058'>4.06</span>", "<span data-toggle='tooltip' data-placement='right' title='原始值：0.048'>0.048</span>", "<span data-toggle='tooltip' data-placement='right' title='原始值：0.076'>0.076</span>", "<span data-toggle='tooltip' data-placement='right' title='原始值：0.893'>0.89</span>", "*", "*", "正常"], ["浙江省", "太湖流域", "<span data-toggle='tooltip' data-placement='right' title='所在地市:湖州市&#10;所属河流:西苕溪'>新港口(新塘港)</span>", "08-26 08:00", "Ⅲ", "<span data-toggle='tooltip' data-placement='right' title='原始值：30.6527'>30.7</span>", "<span data-toggle='tooltip' data-placement='right' title='原始值：8.50833'>8.51</span>", "<span data-toggle='tooltip' data-placement='right' title='原始值：8.17603'>8.18</span>", "<span data-toggle='tooltip' data-placement='right' title='原始值：364.36'>364.4</span>", "<span data-toggle='tooltip' data-placement='right' title='原始值：81.7789'>81.8</span>", "<span data-toggle='tooltip' data-placement='right' title='原始值：5.44918'>5.45</span>", "<span data-toggle='tooltip' data-placement='right' title='原始值：0.10254'>0.103</span>", "<span data-toggle='tooltip' data-placement='right' title='原始值：0.0949'>0.095</span>", "<span data-toggle='tooltip' data-placement='right' title='原始值：5.66873'>5.67</span>", "*", "*", "正常"], ["安徽省", "巢湖流域", "<span data-toggle='tooltip' data-placement='right' title='所在地市:合肥市&#10;所属河流:巢湖'>湖滨(老)</span>", "08-26 08:00", "Ⅳ", "<span data-toggle='tooltip' data-placement='right' title='原始值：30.90905'>30.9</span>", "<span data-toggle='tooltip' data-placement='right' title='原始值：7.52053'>7.52</span>", "<span data-toggle='tooltip' data-placement='right' title='原始值：6.65579'>6.66</span>", "<span data-toggle='tooltip' data-placement='right' title='原始值：242.8535'>242.9</span>", "<span data-toggle='tooltip' data-placement='right' title='原始值：123.7678'>123.8</span>", "<span data-toggle='tooltip' data-placement='right' title='原始值：5.3'>5.30</span>", "<span data-toggle='tooltip' data-placement='right' title='原始值：0.24'>0.240</span>", "<span data-toggle='tooltip' data-placement='right' title='原始值：0.0964'>0.096</span>", "<span data-toggle='tooltip' data-placement='right' title='原始值：1.623'>1.62</span>", "<span data-toggle='tooltip' data-placement='right' title='原始值：0.01166'>0.012</span>", "*", "正常"], ["安徽省", "巢湖流域", "<span data-toggle='tooltip' data-placement='right' title='所在地市:芜湖市&#10;所属河流:巢湖'>裕溪口(老)</span>", null, "", "--", "--", "--", "--", "--", "--", "--", "--", "--", "*", "*", "停站"], ["安徽省", "淮河流域", "<span data-toggle='tooltip' data-placement='right' title='所在地市:蚌埠市&#10;所属河流:淮河'>蚌埠闸上(蚌埠闸)</span>", null, "", "--", "--", "--", "--", "--", "--", "--", "--", "--", "*", "*", "停站"], ["安徽省", "淮河流域", "<span data-toggle='tooltip' data-placement='right' title='所在地市:淮南市&#10;所属河流:淮河'>石头埠(老)</span>", "08-26 08:00", "", "<span data-toggle='tooltip' data-placement='right' title='原始值：29.04921'>29.0</span>", "<span data-toggle='tooltip' data-placement='right' title='原始值：7.1315'>7.13</span>", "<span data-toggle='tooltip' data-placement='right' title='原始值：4.21725'>4.22</span>", "<span data-toggle='tooltip' data-placement='right' title='原始值：324.6613'>324.7</span>", "<span data-toggle='tooltip' data-placement='right' title='原始值：52.51782'>52.5</span>", "<span data-toggle='tooltip' data-placement='right' title='极值过滤'>--</span>", "<span data-toggle='tooltip' data-placement='right' title='原始值：0.12'>0.120</span>", "*", "*", "*", "*", "维护"], ["安徽省", "淮河流域", "<span data-toggle='tooltip' data-placement='right' title='所在地市:淮北市&#10;所属河流:沱河'>小王桥</span>", null, "", "--", "--", "--", "--", "--", "--", "--", "--", "--", "*", "*", "停站"], ["安徽省", "长江流域", "<span data-toggle='tooltip' data-placement='right' title='所在地市:安庆市&#10;所属河流:长江'>皖河口</span>", null, "", "--", "--", "--", "--", "--", "--", "--", "--", "--", "*", "*", "停站"], ["安徽省", "淮河流域", "<span data-toggle='tooltip' data-placement='right' title='所在地市:滁州市&#10;所属河流:淮河'>小柳巷</span>", null, "", "--", "--", "--", "--", "--", "--", "--", "--", "--", "*", "*", "停站"], ["安徽省", "淮河流域", "<span data-toggle='tooltip' data-placement='right' title='所在地市:阜阳市&#10;所属河流:黑茨河'>张大桥</span>", null, "", "--", "--", "--", "--", "--", "--", "--", "--", "--", "*", "*", "停站"], ["安徽省", "淮河流域", "<span data-toggle='tooltip' data-placement='right' title='所在地市:阜阳市&#10;所属河流:淮河'>王家坝</span>", "08-26 08:00", "Ⅳ", "<span data-toggle='tooltip' data-placement='right' title='原始值：29.27996'>29.3</span>", "<span data-toggle='tooltip' data-placement='right' title='原始值：7.68288'>7.68</span>", "<span data-toggle='tooltip' data-placement='right' title='原始值：5.69608'>5.70</span>", "<span data-toggle='tooltip' data-placement='right' title='原始值：570.2269'>570.2</span>", "<span data-toggle='tooltip' data-placement='right' title='原始值：49.95283'>50.0</span>", "<span data-toggle='tooltip' data-placement='right' title='原始值：4.18'>4.18</span>", "<span data-toggle='tooltip' data-placement='right' title='原始值：0.073'>0.073</span>", "<span data-toggle='tooltip' data-placement='right' title='原始值：0.23124'>0.231</span>", "<span data-toggle='tooltip' data-placement='right' title='原始值：1.67879'>1.68</span>", "*", "*", "正常"], ["安徽省", "淮河流域", "<span data-toggle='tooltip' data-placement='right' title='所在地市:阜阳市&#10;所属河流:颍河'>界首七渡口(七渡口)</span>", "08-26 08:00", "劣Ⅴ", "<span data-toggle='tooltip' data-placement='right' title='原始值：29.14334'>29.1</span>", "<span data-toggle='tooltip' data-placement='right' title='原始值：8.22499'>8.22</span>", "<span data-toggle='tooltip' data-placement='right' title='原始值：1.55436'>1.55</span>", "<span data-toggle='tooltip' data-placement='right' title='原始值：752.3495'>752.3</span>", "<span data-toggle='tooltip' data-placement='right' title='原始值：21.45452'>21.5</span>", "<span data-toggle='tooltip' data-placement='right' title='原始值：4.44'>4.44</span>", "<span data-toggle='tooltip' data-placement='right' title='原始值：0.28'>0.280</span>", "<span data-toggle='tooltip' data-placement='right' title='原始值：0.14401'>0.144</span>", "<span data-toggle='tooltip' data-placement='right' title='原始值：3.03191'>3.03</span>", "*", "*", "正常"], ["安徽省", "淮河流域", "<span data-toggle='tooltip' data-placement='right' title='所在地市:阜阳市&#10;所属河流:泉河'>许庄(徐庄)</span>", "08-26 08:00", "", "<span data-toggle='tooltip' data-placement='right' title='原始值：25.8'>25.8</span>", "<span data-toggle='tooltip' data-placement='right' title='原始值：7.43'>7.43</span>", "<span data-toggle='tooltip' data-placement='right' title='原始值：9.39'>9.39</span>", "<span data-toggle='tooltip' data-placement='right' title='原始值：815.3'>815.3</span>", "<span data-toggle='tooltip' data-placement='right' title='原始值：79.69'>79.7</span>", "<span data-toggle='tooltip' data-placement='right' title='原始值：2.12'>2.12</span>", "<span data-toggle='tooltip' data-placement='right' title='极值过滤'>--</span>", "<span data-toggle='tooltip' data-placement='right' title='原始值：0.185'>0.185</span>", "<span data-toggle='tooltip' data-placement='right' title='原始值：2.904'>2.90</span>", "*", "*", "维护"], ["安徽省", "淮河流域", "<span data-toggle='tooltip' data-placement='right' title='所在地市:宿州市&#10;所属河流:奎河'>杨庄</span>", null, "", "--", "--", "--", "--", "--", "--", "--", "*", "*", "*", "*", "维护"], ["安徽省", "淮河流域", "<span data-toggle='tooltip' data-placement='right' title='所在地市:宿州市&#10;所属河流:新汴河'>泗县公路桥</span>", "08-26 08:00", "Ⅲ", "<span data-toggle='tooltip' data-placement='right' title='原始值：30.3'>30.3</span>", "<span data-toggle='tooltip' data-placement='right' title='原始值：7.73'>7.73</span>", "<span data-toggle='tooltip' data-placement='right' title='原始值：6.89'>6.89</span>", "<span data-toggle='tooltip' data-placement='right' title='原始值：819'>819.0</span>", "<span data-toggle='tooltip' data-placement='right' title='原始值：55.04'>55.0</span>", "<span data-toggle='tooltip' data-placement='right' title='原始值：4.92'>4.92</span>", "<span data-toggle='tooltip' data-placement='right' title='原始值：0.09'>0.090</span>", "*", "*", "*", "*", "正常"], ["安徽省", "淮河流域", "<span data-toggle='tooltip' data-placement='right' title='所在地市:亳州市&#10;所属河流:包河'>颜集</span>", "08-26 08:00", "Ⅴ", "<span data-toggle='tooltip' data-placement='right' title='原始值：26.8'>26.8</span>", "<span data-toggle='tooltip' data-placement='right' title='原始值：7.77'>7.77</span>", "<span data-toggle='tooltip' data-placement='right' title='原始值：6.39'>6.39</span>", "<span data-toggle='tooltip' data-placement='right' title='原始值：1219.8'>1219.8</span>", "<span data-toggle='tooltip' data-placement='right' title='原始值：90.03'>90.0</span>", "<span data-toggle='tooltip' data-placement='right' title='原始值：7.32'>7.32</span>", "<span data-toggle='tooltip' data-placement='right' title='原始值：0.03'>0.030</span>", "<span data-toggle='tooltip' data-placement='right' title='原始值：0.365'>0.365</span>", "<span data-toggle='tooltip' data-placement='right' title='原始值：3.057'>3.06</span>", "*", "*", "正常"], ["福建省", "浙闽片河流", "<span data-toggle='tooltip' data-placement='right' title='所在地市:福州市&#10;所属河流:闽江'>白岩潭</span>", "08-26 08:00", "Ⅲ", "<span data-toggle='tooltip' data-placement='right' title='原始值：31.1'>31.1</span>", "<span data-toggle='tooltip' data-placement='right' title='原始值：6.93'>6.93</span>", "<span data-toggle='tooltip' data-placement='right' title='原始值：5.63'>5.63</span>", "<span data-toggle='tooltip' data-placement='right' title='原始值：5087.4'>5087.4</span>", "<span data-toggle='tooltip' data-placement='right' title='原始值：96.46'>96.5</span>", "<span data-toggle='tooltip' data-placement='right' title='原始值：3.28'>3.28</span>", "<span data-toggle='tooltip' data-placement='right' title='原始值：0.1'>0.100</span>", "*", "*", "*", "*", "正常"], ["江西省", "长江流域", "<span data-toggle='tooltip' data-placement='right' title='所在地市:南昌市&#10;所属河流:赣江南支'>滁槎</span>", null, "", "--", "--", "--", "--", "--", "--", "--", "--", "--", "*", "*", "维护"], ["江西省", "长江流域", "<span data-toggle='tooltip' data-placement='right' title='所在地市:九江市&#10;所属河流:长江'>姚港(河西水厂)</span>", "08-26 08:00", "Ⅳ", "<span data-toggle='tooltip' data-placement='right' title='原始值：27.55'>27.6</span>", "<span data-toggle='tooltip' data-placement='right' title='原始值：7.38'>7.38</span>", "<span data-toggle='tooltip' data-placement='right' title='原始值：6.1'>6.10</span>", "<span data-toggle='tooltip' data-placement='right' title='原始值：297.6'>297.6</span>", "<span data-toggle='tooltip' data-placement='right' title='原始值：184.79'>184.8</span>", "<span data-toggle='tooltip' data-placement='right' title='原始值：2.788'>2.79</span>", "<span data-toggle='tooltip' data-placement='right' title='原始值：0.178'>0.178</span>", "<span data-toggle='tooltip' data-placement='right' title='原始值：0.284'>0.284</span>", "<span data-toggle='tooltip' data-placement='right' title='原始值：2.78'>2.78</span>", "*", "*", "正常"], ["江西省", "长江流域", "<span data-toggle='tooltip' data-placement='right' title='所在地市:九江市&#10;所属河流:鄱阳湖'>蛤蟆石</span>", "08-26 08:00", "", "<span data-toggle='tooltip' data-placement='right' title='原始值：31.62'>31.6</span>", "<span data-toggle='tooltip' data-placement='right' title='原始值：6.55'>6.55</span>", "<span data-toggle='tooltip' data-placement='right' title='原始值：4.84'>4.84</span>", "<span data-toggle='tooltip' data-placement='right' title='原始值：84.39'>84.4</span>", "<span data-toggle='tooltip' data-placement='right' title='原始值：25.97'>26.0</span>", "<span data-toggle='tooltip' data-placement='right' title='原始值：1.786'>1.79</span>", "<span data-toggle='tooltip' data-placement='right' title='极值过滤'>--</span>", "<span data-toggle='tooltip' data-placement='right' title='原始值：0.0256'>0.026</span>", "<span data-toggle='tooltip' data-placement='right' title='原始值：0.55'>0.55</span>", "<span data-toggle='tooltip' data-placement='right' title='原始值：0.00388'>0.004</span>", "<span data-toggle='tooltip' data-placement='right' title='原始值：2028251'>2028251</span>", "维护"], ["山东省", "黄河流域", "<span data-toggle='tooltip' data-placement='right' title='所在地市:济南市&#10;所属河流:黄河'>泺口</span>", "08-26 08:00", "Ⅱ", "<span data-toggle='tooltip' data-placement='right' title='原始值：24.7353'>24.7</span>", "<span data-toggle='tooltip' data-placement='right' title='原始值：7.69238'>7.69</span>", "<span data-toggle='tooltip' data-placement='right' title='原始值：6.6427'>6.64</span>", "<span data-toggle='tooltip' data-placement='right' title='原始值：647.053'>647.1</span>", "<span data-toggle='tooltip' data-placement='right' title='原始值：3159.97'>3160.0</span>", "<span data-toggle='tooltip' data-placement='right' title='原始值：2.21'>2.21</span>", "<span data-toggle='tooltip' data-placement='right' title='原始值：0.09888'>0.099</span>", "<span data-toggle='tooltip' data-placement='right' title='原始值：0.00978'>0.010</span>", "<span data-toggle='tooltip' data-placement='right' title='原始值：3.914'>3.91</span>", "*", "*", "正常"], ["山东省", "淮河流域", "<span data-toggle='tooltip' data-placement='right' title='所在地市:枣庄市&#10;所属河流:京杭大运河（韩庄运河）'>台儿庄大桥</span>", null, "", "--", "--", "--", "--", "--", "--", "--", "--", "--", "*", "*", "停站"], ["山东省", "淮河流域", "<span data-toggle='tooltip' data-placement='right' title='所在地市:临沂市&#10;所属河流:沭河'>清泉寺</span>", null, "", "--", "--", "--", "--", "--", "--", "--", "--", "--", "*", "*", "停站"], ["山东省", "淮河流域", "<span data-toggle='tooltip' data-placement='right' title='所在地市:临沂市&#10;所属河流:沂河'>重坊桥</span>", null, "", "--", "--", "--", "--", "--", "--", "--", "--", "--", "*", "*", "停站"], ["山东省", "淮河流域", "<span data-toggle='tooltip' data-placement='right' title='所在地市:临沂市&#10;所属河流:白马河'>捷庄(涝沟桥)</span>", "08-26 08:00", "Ⅴ", "<span data-toggle='tooltip' data-placement='right' title='原始值：27.5'>27.5</span>", "<span data-toggle='tooltip' data-placement='right' title='原始值：7.62'>7.62</span>", "<span data-toggle='tooltip' data-placement='right' title='原始值：6.3'>6.30</span>", "<span data-toggle='tooltip' data-placement='right' title='原始值：767.9688'>768.0</span>", "<span data-toggle='tooltip' data-placement='right' title='原始值：110.3171'>110.3</span>", "<span data-toggle='tooltip' data-placement='right' title='原始值：4.76'>4.76</span>", "<span data-toggle='tooltip' data-placement='right' title='原始值：0.21751'>0.218</span>", "<span data-toggle='tooltip' data-placement='right' title='原始值：0.38806'>0.388</span>", "<span data-toggle='tooltip' data-placement='right' title='原始值：4.72504'>4.73</span>", "*", "*", "正常"], ["山东省", "海河流域", "<span data-toggle='tooltip' data-placement='right' title='所在地市:聊城市&#10;所属河流:卫运河'>秤勾湾(秤钩湾)</span>", null, "", "--", "--", "--", "--", "--", "--", "--", "--", "--", "*", "*", "停站"], ["河南省", "长江流域", "<span data-toggle='tooltip' data-placement='right' title='所在地市:南阳市&#10;所属河流:丹江口水库'>陶岔</span>", null, "", "--", "--", "--", "--", "--", "--", "--", "--", "--", "--", "--", "维护"], ["河南省", "淮河流域", "<span data-toggle='tooltip' data-placement='right' title='所在地市:商丘市&#10;所属河流:浍河'>黄口</span>", "08-26 08:00", "Ⅳ", "<span data-toggle='tooltip' data-placement='right' title='原始值：28.89995'>28.9</span>", "<span data-toggle='tooltip' data-placement='right' title='原始值：7.86'>7.86</span>", "<span data-toggle='tooltip' data-placement='right' title='原始值：7.52001'>7.52</span>", "<span data-toggle='tooltip' data-placement='right' title='原始值：1655'>1655.0</span>", "<span data-toggle='tooltip' data-placement='right' title='原始值：29.79365'>29.8</span>", "<span data-toggle='tooltip' data-placement='right' title='原始值：7.45'>7.45</span>", "<span data-toggle='tooltip' data-placement='right' title='原始值：0.14515'>0.145</span>", "<span data-toggle='tooltip' data-placement='right' title='原始值：0.1993'>0.199</span>", "<span data-toggle='tooltip' data-placement='right' title='极值过滤'>--</span>", "*", "*", "维护"], ["河南省", "淮河流域", "<span data-toggle='tooltip' data-placement='right' title='所在地市:信阳市&#10;所属河流:史灌河'>蒋集</span>", "08-26 08:00", "Ⅳ", "<span data-toggle='tooltip' data-placement='right' title='原始值：31.3124'>31.3</span>", "<span data-toggle='tooltip' data-placement='right' title='原始值：6.70152'>6.70</span>", "<span data-toggle='tooltip' data-placement='right' title='原始值：4.845'>4.84</span>", "<span data-toggle='tooltip' data-placement='right' title='原始值：154.0078'>154.0</span>", "<span data-toggle='tooltip' data-placement='right' title='原始值：182.2572'>182.3</span>", "<span data-toggle='tooltip' data-placement='right' title='原始值：3.12'>3.12</span>", "<span data-toggle='tooltip' data-placement='right' title='原始值：0.04485'>0.045</span>", "*", "*", "*", "*", "正常"], ["河南省", "淮河流域", "<span data-toggle='tooltip' data-placement='right' title='所在地市:信阳市&#10;所属河流:淮河'>淮滨水文站(淮滨)</span>", "08-26 08:00", "Ⅲ", "<span data-toggle='tooltip' data-placement='right' title='原始值：28.8'>28.8</span>", "<span data-toggle='tooltip' data-placement='right' title='原始值：6.9'>6.90</span>", "<span data-toggle='tooltip' data-placement='right' title='原始值：5.8'>5.80</span>", "<span data-toggle='tooltip' data-placement='right' title='原始值：210'>210.0</span>", "<span data-toggle='tooltip' data-placement='right' title='原始值：102.1282'>102.1</span>", "<span data-toggle='tooltip' data-placement='right' title='原始值：3.05351'>3.05</span>", "<span data-toggle='tooltip' data-placement='right' title='原始值：0.23852'>0.239</span>", "<span data-toggle='tooltip' data-placement='right' title='原始值：0.14065'>0.141</span>", "<span data-toggle='tooltip' data-placement='right' title='原始值：0.88085'>0.88</span>", "*", "*", "正常"], ["河南省", "淮河流域", "<span data-toggle='tooltip' data-placement='right' title='所在地市:周口市&#10;所属河流:沙河'>沈丘闸</span>", "08-26 08:00", "Ⅳ", "<span data-toggle='tooltip' data-placement='right' title='原始值：28.07263'>28.1</span>", "<span data-toggle='tooltip' data-placement='right' title='原始值：7.28873'>7.29</span>", "<span data-toggle='tooltip' data-placement='right' title='原始值：3.63691'>3.64</span>", "<span data-toggle='tooltip' data-placement='right' title='原始值：834.8727'>834.9</span>", "<span data-toggle='tooltip' data-placement='right' title='原始值：45.63251'>45.6</span>", "<span data-toggle='tooltip' data-placement='right' title='原始值：4.19'>4.19</span>", "<span data-toggle='tooltip' data-placement='right' title='原始值：0.09'>0.090</span>", "*", "*", "*", "*", "正常"], ["河南省", "淮河流域", "<span data-toggle='tooltip' data-placement='right' title='所在地市:周口市&#10;所属河流:涡河'>鹿邑付桥(鹿邑付桥闸)</span>", "08-26 08:00", "Ⅳ", "<span data-toggle='tooltip' data-placement='right' title='原始值：27.91921'>27.9</span>", "<span data-toggle='tooltip' data-placement='right' title='原始值：8.73977'>8.74</span>", "<span data-toggle='tooltip' data-placement='right' title='原始值：12.56201'>12.56</span>", "<span data-toggle='tooltip' data-placement='right' title='原始值：1353.156'>1353.2</span>", "<span data-toggle='tooltip' data-placement='right' title='原始值：11.25997'>11.3</span>", "<span data-toggle='tooltip' data-placement='right' title='原始值：8.36469'>8.36</span>", "<span data-toggle='tooltip' data-placement='right' title='原始值：0.04'>0.040</span>", "<span data-toggle='tooltip' data-placement='right' title='原始值：0.1532'>0.153</span>", "<span data-toggle='tooltip' data-placement='right' title='原始值：1.24006'>1.24</span>", "*", "*", "正常"], ["河南省", "淮河流域", "<span data-toggle='tooltip' data-placement='right' title='所在地市:驻马店市&#10;所属河流:洪河'>新蔡班台(班台)</span>", "08-26 08:00", "劣Ⅴ", "<span data-toggle='tooltip' data-placement='right' title='原始值：27.37673'>27.4</span>", "<span data-toggle='tooltip' data-placement='right' title='原始值：7.07049'>7.07</span>", "<span data-toggle='tooltip' data-placement='right' title='原始值：5.02143'>5.02</span>", "<span data-toggle='tooltip' data-placement='right' title='原始值：692.7292'>692.7</span>", "<span data-toggle='tooltip' data-placement='right' title='原始值：74.29584'>74.3</span>", "<span data-toggle='tooltip' data-placement='right' title='原始值：4.61'>4.61</span>", "<span data-toggle='tooltip' data-placement='right' title='原始值：0.05'>0.050</span>", "<span data-toggle='tooltip' data-placement='right' title='原始值：0.40038'>0.400</span>", "<span data-toggle='tooltip' data-placement='right' title='原始值：4.06226'>4.06</span>", "*", "*", "正常"], ["河南省", "黄河流域", "<span data-toggle='tooltip' data-placement='right' title='所在地市:济源市&#10;所属河流:黄河'>小浪底水库(小浪底)</span>", null, "", "--", "--", "--", "--", "--", "--", "--", "--", "--", "*", "*", "停站"], ["湖北省", "长江流域", "<span data-toggle='tooltip' data-placement='right' title='所在地市:武汉市&#10;所属河流:汉江'>宗关</span>", null, "", "--", "--", "--", "--", "--", "--", "--", "--", "--", "*", "*", "停站"], ["湖北省", "长江流域", "<span data-toggle='tooltip' data-placement='right' title='所在地市:十堰市&#10;所属河流:丹江口水库'>坝上中(胡家岭)</span>", null, "", "--", "--", "--", "--", "--", "--", "--", "--", "--", "--", "--", "停站"], ["湖北省", "长江流域", "<span data-toggle='tooltip' data-placement='right' title='所在地市:宜昌市&#10;所属河流:长江'>南津关</span>", null, "", "--", "--", "--", "--", "--", "--", "--", "--", "--", "*", "*", "停站"], ["湖南省", "长江流域", "<span data-toggle='tooltip' data-placement='right' title='所在地市:长沙市&#10;所属河流:湘江'>新港</span>", "08-26 08:00", "", "<span data-toggle='tooltip' data-placement='right' title='原始值：28.83'>28.8</span>", "<span data-toggle='tooltip' data-placement='right' title='原始值：7.58'>7.58</span>", "<span data-toggle='tooltip' data-placement='right' title='原始值：8.32'>8.32</span>", "<span data-toggle='tooltip' data-placement='right' title='原始值：229.39'>229.4</span>", "<span data-toggle='tooltip' data-placement='right' title='原始值：27.42'>27.4</span>", "<span data-toggle='tooltip' data-placement='right' title='极值过滤'>--</span>", "<span data-toggle='tooltip' data-placement='right' title='原始值：0.041'>0.041</span>", "<span data-toggle='tooltip' data-placement='right' title='原始值：0.02'>0.020</span>", "<span data-toggle='tooltip' data-placement='right' title='原始值：3.6'>3.60</span>", "*", "*", "维护"], ["湖南省", "长江流域", "<span data-toggle='tooltip' data-placement='right' title='所在地市:岳阳市&#10;所属河流:洞庭湖'>岳阳楼</span>", "08-26 08:00", "Ⅳ", "<span data-toggle='tooltip' data-placement='right' title='原始值：28.02'>28.0</span>", "<span data-toggle='tooltip' data-placement='right' title='原始值：7.751688'>7.75</span>", "<span data-toggle='tooltip' data-placement='right' title='原始值：4.956164'>4.96</span>", "<span data-toggle='tooltip' data-placement='right' title='原始值：300.4505'>300.5</span>", "<span data-toggle='tooltip' data-placement='right' title='原始值：19.09954'>19.1</span>", "<span data-toggle='tooltip' data-placement='right' title='原始值：2.52'>2.52</span>", "<span data-toggle='tooltip' data-placement='right' title='原始值：0.019'>0.019</span>", "<span data-toggle='tooltip' data-placement='right' title='原始值：0.072'>0.072</span>", "<span data-toggle='tooltip' data-placement='right' title='原始值：2.0139'>2.01</span>", "<span data-toggle='tooltip' data-placement='right' title='原始值：0.004'>0.004</span>", "<span data-toggle='tooltip' data-placement='right' title='原始值：264.368'>264</span>", "正常"], ["湖南省", "长江流域", "<span data-toggle='tooltip' data-placement='right' title='所在地市:岳阳市&#10;所属河流:长江'>城陵矶</span>", "08-26 08:00", "Ⅲ", "<span data-toggle='tooltip' data-placement='right' title='原始值：27.81'>27.8</span>", "<span data-toggle='tooltip' data-placement='right' title='原始值：7.507783'>7.51</span>", "<span data-toggle='tooltip' data-placement='right' title='原始值：7.6766'>7.68</span>", "<span data-toggle='tooltip' data-placement='right' title='原始值：321.301'>321.3</span>", "<span data-toggle='tooltip' data-placement='right' title='原始值：293.544'>293.5</span>", "<span data-toggle='tooltip' data-placement='right' title='原始值：2.61'>2.61</span>", "<span data-toggle='tooltip' data-placement='right' title='原始值：0.017'>0.017</span>", "<span data-toggle='tooltip' data-placement='right' title='原始值：0.19'>0.190</span>", "<span data-toggle='tooltip' data-placement='right' title='原始值：1.6467'>1.65</span>", "*", "*", "正常"], ["广东省", "珠江流域", "<span data-toggle='tooltip' data-placement='right' title='所在地市:清远市&#10;所属河流:北江'>七星岗</span>", "08-26 08:00", "Ⅳ", "<span data-toggle='tooltip' data-placement='right' title='原始值：33.54535'>33.5</span>", "<span data-toggle='tooltip' data-placement='right' title='原始值：7.47659'>7.48</span>", "<span data-toggle='tooltip' data-placement='right' title='原始值：5.74754'>5.75</span>", "<span data-toggle='tooltip' data-placement='right' title='原始值：238.8869'>238.9</span>", "<span data-toggle='tooltip' data-placement='right' title='原始值：10.94734'>10.9</span>", "<span data-toggle='tooltip' data-placement='right' title='原始值：8.36'>8.36</span>", "<span data-toggle='tooltip' data-placement='right' title='原始值：0.13893'>0.139</span>", "<span data-toggle='tooltip' data-placement='right' title='原始值：0.03784'>0.038</span>", "<span data-toggle='tooltip' data-placement='right' title='原始值：1.1841'>1.18</span>", "*", "*", "正常"], ["广东省", "珠江流域", "<span data-toggle='tooltip' data-placement='right' title='所在地市:中山市&#10;所属河流:西江'>横栏</span>", "08-26 08:00", "Ⅱ", "<span data-toggle='tooltip' data-placement='right' title='原始值：28.6'>28.6</span>", "<span data-toggle='tooltip' data-placement='right' title='原始值：7.76'>7.76</span>", "<span data-toggle='tooltip' data-placement='right' title='原始值：6.55'>6.55</span>", "<span data-toggle='tooltip' data-placement='right' title='原始值：245'>245.0</span>", "<span data-toggle='tooltip' data-placement='right' title='原始值：22.1'>22.1</span>", "<span data-toggle='tooltip' data-placement='right' title='原始值：3.4'>3.40</span>", "<span data-toggle='tooltip' data-placement='right' title='原始值：0.1244'>0.124</span>", "*", "*", "*", "*", "正常"], ["广西壮族自治区", "珠江流域", "<span data-toggle='tooltip' data-placement='right' title='所在地市:南宁市&#10;所属河流:邕江'>老口</span>", "08-26 08:00", "Ⅱ", "<span data-toggle='tooltip' data-placement='right' title='原始值：29.05745'>29.1</span>", "<span data-toggle='tooltip' data-placement='right' title='原始值：7.56763'>7.57</span>", "<span data-toggle='tooltip' data-placement='right' title='原始值：6.88491'>6.88</span>", "<span data-toggle='tooltip' data-placement='right' title='原始值：278.2565'>278.3</span>", "<span data-toggle='tooltip' data-placement='right' title='原始值：11.83435'>11.8</span>", "<span data-toggle='tooltip' data-placement='right' title='原始值：1.46575'>1.47</span>", "<span data-toggle='tooltip' data-placement='right' title='原始值：0.10666'>0.107</span>", "<span data-toggle='tooltip' data-placement='right' title='原始值：0.03552'>0.036</span>", "<span data-toggle='tooltip' data-placement='right' title='原始值：1.73733'>1.74</span>", "*", "*", "正常"], ["广西壮族自治区", "珠江流域", "<span data-toggle='tooltip' data-placement='right' title='所在地市:桂林市&#10;所属河流:漓江'>阳朔</span>", "08-26 08:00", "Ⅱ", "<span data-toggle='tooltip' data-placement='right' title='原始值：29.2'>29.2</span>", "<span data-toggle='tooltip' data-placement='right' title='原始值：7.71992'>7.72</span>", "<span data-toggle='tooltip' data-placement='right' title='原始值：6.7625'>6.76</span>", "<span data-toggle='tooltip' data-placement='right' title='原始值：175'>175.0</span>", "<span data-toggle='tooltip' data-placement='right' title='原始值：6.69844'>6.7</span>", "<span data-toggle='tooltip' data-placement='right' title='原始值：1.34051'>1.34</span>", "<span data-toggle='tooltip' data-placement='right' title='原始值：0.02124'>0.021</span>", "<span data-toggle='tooltip' data-placement='right' title='原始值：0.01381'>0.014</span>", "<span data-toggle='tooltip' data-placement='right' title='原始值：0.87598'>0.88</span>", "*", "*", "正常"], ["广西壮族自治区", "珠江流域", "<span data-toggle='tooltip' data-placement='right' title='所在地市:梧州市&#10;所属河流:浔江'>界首</span>", null, "", "--", "--", "--", "--", "--", "--", "--", "--", "--", "*", "*", "停站"], ["广西壮族自治区", "珠江流域", "<span data-toggle='tooltip' data-placement='right' title='所在地市:贵港市&#10;所属河流:浔江'>石嘴</span>", "08-26 08:00", "Ⅱ", "<span data-toggle='tooltip' data-placement='right' title='原始值：29.38854'>29.4</span>", "<span data-toggle='tooltip' data-placement='right' title='原始值：7.0946'>7.09</span>", "<span data-toggle='tooltip' data-placement='right' title='原始值：7.05614'>7.06</span>", "<span data-toggle='tooltip' data-placement='right' title='原始值：308.0089'>308.0</span>", "<span data-toggle='tooltip' data-placement='right' title='原始值：45.69507'>45.7</span>", "<span data-toggle='tooltip' data-placement='right' title='原始值：1.93'>1.93</span>", "<span data-toggle='tooltip' data-placement='right' title='原始值：0.13'>0.130</span>", "<span data-toggle='tooltip' data-placement='right' title='原始值：0.01839'>0.018</span>", "<span data-toggle='tooltip' data-placement='right' title='原始值：0.911'>0.91</span>", "*", "*", "正常"], ["广西壮族自治区", "珠江流域", "<span data-toggle='tooltip' data-placement='right' title='所在地市:崇左市&#10;所属河流:平而河'>平而关</span>", "08-26 08:00", "Ⅱ", "<span data-toggle='tooltip' data-placement='right' title='原始值：29.38424'>29.4</span>", "<span data-toggle='tooltip' data-placement='right' title='原始值：7.75395'>7.75</span>", "<span data-toggle='tooltip' data-placement='right' title='原始值：6.33248'>6.33</span>", "<span data-toggle='tooltip' data-placement='right' title='原始值：227.7947'>227.8</span>", "<span data-toggle='tooltip' data-placement='right' title='原始值：44.98758'>45.0</span>", "<span data-toggle='tooltip' data-placement='right' title='原始值：1.37'>1.37</span>", "<span data-toggle='tooltip' data-placement='right' title='原始值：0.09'>0.090</span>", "*", "*", "*", "*", "正常"], ["重庆市", "长江流域", "<span data-toggle='tooltip' data-placement='right' title='所在地市:永川区&#10;所属河流:长江'>朱沱</span>", null, "", "--", "--", "--", "--", "--", "--", "--", "--", "--", "*", "*", "停站"], ["四川省", "长江流域", "<span data-toggle='tooltip' data-placement='right' title='所在地市:攀枝花市&#10;所属河流:金沙江'>龙洞</span>", null, "", "--", "--", "--", "--", "--", "--", "--", "--", "--", "*", "*", "停站"], ["四川省", "长江流域", "<span data-toggle='tooltip' data-placement='right' title='所在地市:泸州市&#10;所属河流:沱江'>沱江大桥(沱江二桥)</span>", null, "", "--", "--", "--", "--", "--", "--", "--", "--", "--", "*", "*", "停站"], ["四川省", "长江流域", "<span data-toggle='tooltip' data-placement='right' title='所在地市:广元市&#10;所属河流:嘉陵江'>清风峡</span>", null, "", "--", "--", "--", "--", "--", "--", "--", "--", "--", "*", "*", "停站"], ["四川省", "长江流域", "<span data-toggle='tooltip' data-placement='right' title='所在地市:乐山市&#10;所属河流:岷江'>岷江大桥</span>", null, "", "--", "--", "--", "--", "--", "--", "--", "--", "--", "*", "*", "停站"], ["四川省", "长江流域", "<span data-toggle='tooltip' data-placement='right' title='所在地市:宜宾市&#10;所属河流:岷江'>凉姜沟</span>", null, "", "--", "--", "--", "--", "--", "--", "--", "--", "--", "*", "*", "停站"], ["云南省", "滇池流域", "<span data-toggle='tooltip' data-placement='right' title='所在地市:昆明市&#10;所属河流:滇池'>西苑隧道</span>", "08-26 08:00", "Ⅴ", "<span data-toggle='tooltip' data-placement='right' title='原始值：21.45'>21.4</span>", "<span data-toggle='tooltip' data-placement='right' title='原始值：7.68725'>7.69</span>", "<span data-toggle='tooltip' data-placement='right' title='原始值：11.14185'>11.14</span>", "<span data-toggle='tooltip' data-placement='right' title='原始值：536.5267'>536.5</span>", "<span data-toggle='tooltip' data-placement='right' title='原始值：118.7958'>118.8</span>", "<span data-toggle='tooltip' data-placement='right' title='原始值：9.28002'>9.28</span>", "<span data-toggle='tooltip' data-placement='right' title='原始值：0.67109'>0.671</span>", "<span data-toggle='tooltip' data-placement='right' title='原始值：0.16265'>0.163</span>", "<span data-toggle='tooltip' data-placement='right' title='原始值：4.37289'>4.37</span>", "<span data-toggle='tooltip' data-placement='right' title='原始值：0.00278'>0.003</span>", "<span data-toggle='tooltip' data-placement='right' title='原始值：1.684729E+07'>16847290</span>", "正常"], ["云南省", "滇池流域", "<span data-toggle='tooltip' data-placement='right' title='所在地市:昆明市&#10;所属河流:滇池'>观音山</span>", "08-26 08:00", "Ⅴ", "<span data-toggle='tooltip' data-placement='right' title='原始值：23.40888'>23.4</span>", "<span data-toggle='tooltip' data-placement='right' title='原始值：8.60437'>8.60</span>", "<span data-toggle='tooltip' data-placement='right' title='原始值：6.88074'>6.88</span>", "<span data-toggle='tooltip' data-placement='right' title='原始值：441.1642'>441.2</span>", "<span data-toggle='tooltip' data-placement='right' title='原始值：25.61232'>25.6</span>", "<span data-toggle='tooltip' data-placement='right' title='原始值：7.84047'>7.84</span>", "<span data-toggle='tooltip' data-placement='right' title='原始值：0.36'>0.360</span>", "<span data-toggle='tooltip' data-placement='right' title='原始值：0.1186'>0.119</span>", "<span data-toggle='tooltip' data-placement='right' title='原始值：1.708'>1.71</span>", "<span data-toggle='tooltip' data-placement='right' title='原始值：0.00373'>0.004</span>", "<span data-toggle='tooltip' data-placement='right' title='原始值：1.040455E+07'>10404550</span>", "正常"], ["云南省", "西南诸河", "<span data-toggle='tooltip' data-placement='right' title='所在地市:红河哈尼族彝族自治州&#10;所属河流:红河'>河口县医院(河口)</span>", "08-26 08:00", "", "<span data-toggle='tooltip' data-placement='right' title='极值过滤'>--</span>", "<span data-toggle='tooltip' data-placement='right' title='极值过滤'>--</span>", "<span data-toggle='tooltip' data-placement='right' title='极值过滤'>--</span>", "<span data-toggle='tooltip' data-placement='right' title='极值过滤'>--</span>", "<span data-toggle='tooltip' data-placement='right' title='极值过滤'>--</span>", "<span data-toggle='tooltip' data-placement='right' title='原始值：1.68588'>1.69</span>", "<span data-toggle='tooltip' data-placement='right' title='原始值：0.48228'>0.482</span>", "<span data-toggle='tooltip' data-placement='right' title='原始值：0.06325'>0.063</span>", "<span data-toggle='tooltip' data-placement='right' title='原始值：1.77105'>1.77</span>", "*", "*", "维护"], ["云南省", "西南诸河", "<span data-toggle='tooltip' data-placement='right' title='所在地市:西双版纳傣族自治州&#10;所属河流:澜沧江'>橄榄坝</span>", "08-26 08:00", "Ⅱ", "<span data-toggle='tooltip' data-placement='right' title='原始值：19.77227'>19.8</span>", "<span data-toggle='tooltip' data-placement='right' title='原始值：7.54868'>7.55</span>", "<span data-toggle='tooltip' data-placement='right' title='原始值：6.5616'>6.56</span>", "<span data-toggle='tooltip' data-placement='right' title='原始值：526.458'>526.5</span>", "<span data-toggle='tooltip' data-placement='right' title='原始值：37.3236'>37.3</span>", "<span data-toggle='tooltip' data-placement='right' title='原始值：1.08'>1.08</span>", "<span data-toggle='tooltip' data-placement='right' title='原始值：0.07948'>0.079</span>", "*", "*", "*", "*", "正常"], ["陕西省", "黄河流域", "<span data-toggle='tooltip' data-placement='right' title='所在地市:渭南市&#10;所属河流:渭河'>潼关吊桥</span>", null, "", "--", "--", "--", "--", "--", "--", "--", "--", "--", "*", "*", "停站"], ["甘肃省", "黄河流域", "<span data-toggle='tooltip' data-placement='right' title='所在地市:兰州市&#10;所属河流:黄河'>新城桥</span>", "08-26 08:00", "Ⅱ", "<span data-toggle='tooltip' data-placement='right' title='原始值：19.34604'>19.3</span>", "<span data-toggle='tooltip' data-placement='right' title='原始值：7.75548'>7.76</span>", "<span data-toggle='tooltip' data-placement='right' title='原始值：6.75255'>6.75</span>", "<span data-toggle='tooltip' data-placement='right' title='原始值：445.1388'>445.1</span>", "<span data-toggle='tooltip' data-placement='right' title='原始值：52.00171'>52.0</span>", "<span data-toggle='tooltip' data-placement='right' title='原始值：2.03'>2.03</span>", "<span data-toggle='tooltip' data-placement='right' title='原始值：0.22'>0.220</span>", "<span data-toggle='tooltip' data-placement='right' title='原始值：0.01454'>0.015</span>", "<span data-toggle='tooltip' data-placement='right' title='原始值：1.96533'>1.97</span>", "*", "*", "正常"], ["宁夏回族自治区", "黄河流域", "<span data-toggle='tooltip' data-placement='right' title='所在地市:中卫市&#10;所属河流:黄河'>中卫下河沿(新墩)</span>", "08-26 08:00", "Ⅳ", "<span data-toggle='tooltip' data-placement='right' title='原始值：19.31177'>19.3</span>", "<span data-toggle='tooltip' data-placement='right' title='原始值：7.82024'>7.82</span>", "<span data-toggle='tooltip' data-placement='right' title='原始值：7.99104'>7.99</span>", "<span data-toggle='tooltip' data-placement='right' title='原始值：483.8994'>483.9</span>", "<span data-toggle='tooltip' data-placement='right' title='原始值：996.1469'>996.1</span>", "<span data-toggle='tooltip' data-placement='right' title='原始值：3.74'>3.74</span>", "<span data-toggle='tooltip' data-placement='right' title='原始值：0.04'>0.040</span>", "<span data-toggle='tooltip' data-placement='right' title='原始值：0.2915'>0.292</span>", "<span data-toggle='tooltip' data-placement='right' title='原始值：2.0984'>2.10</span>", "*", "*", "正常"]]}