{"result": 1, "total": 1, "records": 98, "thead": ["省份", "流域", "断面名称", "监测时间", "水质类别", "水温<br/><span class='unit'>(℃)</span>", "pH<br/><span class='unit'>(无量纲)</span>", "溶解氧<br/><span class='unit'>(mg/L)</span>", "电导率<br/><span class='unit'>(μS/cm)</span>", "浊度<br/><span class='unit'>(NTU)</span>", "高锰酸盐指数<br/><span class='unit'>(mg/L)</span>", "氨氮<br/><span class='unit'>(mg/L)</span>", "总磷<br/><span class='unit'>(mg/L)</span>", "总氮<br/><span class='unit'>(mg/L)</span>", "叶绿素α<br/><span class='unit'>(mg/L)</span>", "藻密度<br/><span class='unit'>(cells/L)</span>", "站点情况"], "tbody": [["北京市", "海河流域", "<span data-toggle='tooltip' data-placement='right' title='所在地市:门头沟区&#10;所属河流:永定河'>沿河城</span>", "08-09 08:00", "Ⅳ", "<span data-toggle='tooltip' data-placement='right' title='原始值：24.38176'>24.4</span>", "<span data-toggle='tooltip' data-placement='right' title='原始值：8.31149'>8.31</span>", "<span data-toggle='tooltip' data-placement='right' title='原始值：7.2897'>7.29</span>", "<span data-toggle='tooltip' data-placement='right' title='原始值：1443.602'>1443.6</span>", "<span data-toggle='tooltip' data-placement='right' title='原始值：14.36848'>14.4</span>", "<span data-toggle='tooltip' data-placement='right' title='原始值：6.425'>6.42</span>", "<span data-toggle='tooltip' data-placement='right' title='原始值：0.1'>0.100</span>", "<span data-toggle='tooltip' data-placement='right' title='原始值：0.04498'>0.045</span>", "<span data-toggle='tooltip' data-placement='right' title='原始值：0.78414'>0.78</span>", "*", "*", "正常"], ["北京市", "海河流域", "<span data-toggle='tooltip' data-placement='right' title='所在地市:密云区&#10;所属河流:潮河'>古北口</span>", "08-09 08:00", "Ⅱ", "<span data-toggle='tooltip' data-placement='right' title='原始值：25.8315'>25.8</span>", "<span data-toggle='tooltip' data-placement='right' title='原始值：7.17485'>7.17</span>", "<span data-toggle='tooltip' data-placement='right' title='原始值：6.64757'>6.65</span>", "<span data-toggle='tooltip' data-placement='right' title='原始值：626.4697'>626.5</span>", "<span data-toggle='tooltip' data-placement='right' title='原始值：3.30603'>3.3</span>", "<span data-toggle='tooltip' data-placement='right' title='原始值：0.8825'>0.88</span>", "<span data-toggle='tooltip' data-placement='right' title='原始值：0.25'>0.250</span>", "<span data-toggle='tooltip' data-placement='right' title='原始值：0.0001'>0.0001</span>", "<span data-toggle='tooltip' data-placement='right' title='原始值：3.342'>3.34</span>", "*", "*", "正常"], ["天津市", "海河流域", "<span data-toggle='tooltip' data-placement='right' title='所在地市:河北区&#10;所属河流:海河'>三岔口</span>", "08-09 08:00", "Ⅲ", "<span data-toggle='tooltip' data-placement='right' title='原始值：28.7452'>28.7</span>", "<span data-toggle='tooltip' data-placement='right' title='原始值：7.49'>7.49</span>", "<span data-toggle='tooltip' data-placement='right' title='原始值：5.448'>5.45</span>", "<span data-toggle='tooltip' data-placement='right' title='原始值：295.9808'>296.0</span>", "<span data-toggle='tooltip' data-placement='right' title='原始值：10.296'>10.3</span>", "<span data-toggle='tooltip' data-placement='right' title='原始值：3.18'>3.18</span>", "<span data-toggle='tooltip' data-placement='right' title='原始值：0.19'>0.190</span>", "<span data-toggle='tooltip' data-placement='right' title='原始值：0.0071'>0.007</span>", "<span data-toggle='tooltip' data-placement='right' title='原始值：0.9733'>0.97</span>", "*", "*", "正常"], ["天津市", "海河流域", "<span data-toggle='tooltip' data-placement='right' title='所在地市:蓟州区&#10;所属河流:果河'>果河桥</span>", "08-09 08:00", "Ⅱ", "<span data-toggle='tooltip' data-placement='right' title='原始值：28.8'>28.8</span>", "<span data-toggle='tooltip' data-placement='right' title='原始值：8.5'>8.50</span>", "<span data-toggle='tooltip' data-placement='right' title='原始值：12.587'>12.59</span>", "<span data-toggle='tooltip' data-placement='right' title='原始值：591.28'>591.3</span>", "<span data-toggle='tooltip' data-placement='right' title='原始值：6.363'>6.4</span>", "<span data-toggle='tooltip' data-placement='right' title='原始值：3.3375'>3.34</span>", "<span data-toggle='tooltip' data-placement='right' title='原始值：0.14'>0.140</span>", "<span data-toggle='tooltip' data-placement='right' title='原始值：0.0643'>0.064</span>", "<span data-toggle='tooltip' data-placement='right' title='原始值：2.1326'>2.13</span>", "*", "*", "正常"], ["河北省", "海河流域", "<span data-toggle='tooltip' data-placement='right' title='所在地市:石家庄市&#10;所属河流:滹沱河'>岗南水库</span>", "08-09 08:00", "Ⅱ", "<span data-toggle='tooltip' data-placement='right' title='原始值：26.92724'>26.9</span>", "<span data-toggle='tooltip' data-placement='right' title='原始值：8.35311'>8.35</span>", "<span data-toggle='tooltip' data-placement='right' title='原始值：7.96202'>7.96</span>", "<span data-toggle='tooltip' data-placement='right' title='原始值：556.8002'>556.8</span>", "<span data-toggle='tooltip' data-placement='right' title='原始值：1.58359'>1.6</span>", "<span data-toggle='tooltip' data-placement='right' title='原始值：2.1822'>2.18</span>", "<span data-toggle='tooltip' data-placement='right' title='原始值：0.04'>0.040</span>", "<span data-toggle='tooltip' data-placement='right' title='原始值：0.0015'>0.002</span>", "<span data-toggle='tooltip' data-placement='right' title='原始值：2.58204'>2.58</span>", "*", "*", "正常"], ["河北省", "海河流域", "<span data-toggle='tooltip' data-placement='right' title='所在地市:张家口市&#10;所属河流:永定河'>八号桥</span>", "08-09 08:00", "劣Ⅴ", "<span data-toggle='tooltip' data-placement='right' title='原始值：24.47848'>24.5</span>", "<span data-toggle='tooltip' data-placement='right' title='原始值：7.49398'>7.49</span>", "<span data-toggle='tooltip' data-placement='right' title='原始值：3.41981'>3.42</span>", "<span data-toggle='tooltip' data-placement='right' title='原始值：949.3058'>949.3</span>", "<span data-toggle='tooltip' data-placement='right' title='原始值：54.03244'>54.0</span>", "<span data-toggle='tooltip' data-placement='right' title='原始值：6.71'>6.71</span>", "<span data-toggle='tooltip' data-placement='right' title='原始值：2.1'>2.100</span>", "<span data-toggle='tooltip' data-placement='right' title='原始值：0.261'>0.261</span>", "<span data-toggle='tooltip' data-placement='right' title='原始值：4.645'>4.64</span>", "*", "*", "正常"], ["山西省", "黄河流域", "<span data-toggle='tooltip' data-placement='right' title='所在地市:运城市&#10;所属河流:汾河'>河津大桥</span>", "08-09 08:00", "劣Ⅴ", "<span data-toggle='tooltip' data-placement='right' title='原始值：26.41835'>26.4</span>", "<span data-toggle='tooltip' data-placement='right' title='原始值：8.31999'>8.32</span>", "<span data-toggle='tooltip' data-placement='right' title='原始值：1.91156'>1.91</span>", "<span data-toggle='tooltip' data-placement='right' title='原始值：1082.866'>1082.9</span>", "<span data-toggle='tooltip' data-placement='right' title='原始值：362.6492'>362.6</span>", "<span data-toggle='tooltip' data-placement='right' title='原始值：7.425'>7.42</span>", "<span data-toggle='tooltip' data-placement='right' title='原始值：1.04'>1.040</span>", "*", "*", "*", "*", "正常"], ["山西省", "黄河流域", "<span data-toggle='tooltip' data-placement='right' title='所在地市:忻州市&#10;所属河流:黄河'>万家寨水库</span>", "08-09 08:00", "劣Ⅴ", "<span data-toggle='tooltip' data-placement='right' title='原始值：24.87636'>24.9</span>", "<span data-toggle='tooltip' data-placement='right' title='原始值：7.54174'>7.54</span>", "<span data-toggle='tooltip' data-placement='right' title='原始值：7.01457'>7.01</span>", "<span data-toggle='tooltip' data-placement='right' title='原始值：695.6173'>695.6</span>", "<span data-toggle='tooltip' data-placement='right' title='原始值：109.7514'>109.8</span>", "<span data-toggle='tooltip' data-placement='right' title='原始值：3.45'>3.45</span>", "<span data-toggle='tooltip' data-placement='right' title='原始值：0.34'>0.340</span>", "<span data-toggle='tooltip' data-placement='right' title='原始值：0.678'>0.678</span>", "<span data-toggle='tooltip' data-placement='right' title='原始值：5.975'>5.98</span>", "*", "*", "正常"], ["内蒙古自治区", "黄河流域", "<span data-toggle='tooltip' data-placement='right' title='所在地市:包头市&#10;所属河流:黄河'>画匠营子</span>", "08-09 08:00", "Ⅱ", "<span data-toggle='tooltip' data-placement='right' title='原始值：25.55574'>25.6</span>", "<span data-toggle='tooltip' data-placement='right' title='原始值：7.54198'>7.54</span>", "<span data-toggle='tooltip' data-placement='right' title='原始值：7.00259'>7.00</span>", "<span data-toggle='tooltip' data-placement='right' title='原始值：632.3503'>632.4</span>", "<span data-toggle='tooltip' data-placement='right' title='原始值：1780.058'>1780.1</span>", "<span data-toggle='tooltip' data-placement='right' title='原始值：3.50805'>3.51</span>", "<span data-toggle='tooltip' data-placement='right' title='原始值：0.0494'>0.049</span>", "*", "*", "*", "*", "正常"], ["内蒙古自治区", "黄河流域", "<span data-toggle='tooltip' data-placement='right' title='所在地市:乌海市&#10;所属河流:黄河'>海勃湾</span>", "08-09 08:00", "Ⅲ", "<span data-toggle='tooltip' data-placement='right' title='原始值：22.93632'>22.9</span>", "<span data-toggle='tooltip' data-placement='right' title='原始值：7.45091'>7.45</span>", "<span data-toggle='tooltip' data-placement='right' title='原始值：5.60981'>5.61</span>", "<span data-toggle='tooltip' data-placement='right' title='原始值：788.9454'>788.9</span>", "<span data-toggle='tooltip' data-placement='right' title='原始值：284.2814'>284.3</span>", "<span data-toggle='tooltip' data-placement='right' title='原始值：3.8'>3.80</span>", "<span data-toggle='tooltip' data-placement='right' title='原始值：0.1'>0.100</span>", "*", "*", "*", "*", "正常"], ["内蒙古自治区", "松花江流域", "<span data-toggle='tooltip' data-placement='right' title='所在地市:呼伦贝尔市&#10;所属河流:额尔古纳河'>黑山头</span>", null, "", "--", "--", "--", "--", "--", "--", "--", "--", "--", "*", "*", "停站"], ["辽宁省", "辽河流域", "<span data-toggle='tooltip' data-placement='right' title='所在地市:抚顺市&#10;所属河流:浑河'>大伙房水库</span>", "08-09 08:00", "Ⅰ", "<span data-toggle='tooltip' data-placement='right' title='原始值：28.72233'>28.7</span>", "<span data-toggle='tooltip' data-placement='right' title='原始值：8.0609'>8.06</span>", "<span data-toggle='tooltip' data-placement='right' title='原始值：9.66868'>9.67</span>", "<span data-toggle='tooltip' data-placement='right' title='原始值：326.6437'>326.6</span>", "<span data-toggle='tooltip' data-placement='right' title='原始值：3.20491'>3.2</span>", "<span data-toggle='tooltip' data-placement='right' title='原始值：1.01607'>1.02</span>", "<span data-toggle='tooltip' data-placement='right' title='原始值：0.01'>0.010</span>", "<span data-toggle='tooltip' data-placement='right' title='原始值：0.01527'>0.015</span>", "<span data-toggle='tooltip' data-placement='right' title='原始值：1.74222'>1.74</span>", "<span data-toggle='tooltip' data-placement='right' title='极值过滤'>--</span>", "*", "维护"], ["辽宁省", "辽河流域", "<span data-toggle='tooltip' data-placement='right' title='所在地市:丹东市&#10;所属河流:鸭绿江'>江桥</span>", null, "", "--", "--", "--", "--", "--", "--", "--", "--", "--", "*", "*", "维护"], ["辽宁省", "辽河流域", "<span data-toggle='tooltip' data-placement='right' title='所在地市:营口市&#10;所属河流:大辽河'>辽河公园</span>", "08-09 08:00", "Ⅴ", "<span data-toggle='tooltip' data-placement='right' title='原始值：26.53564'>26.5</span>", "<span data-toggle='tooltip' data-placement='right' title='原始值：7.41153'>7.41</span>", "<span data-toggle='tooltip' data-placement='right' title='原始值：6.7341'>6.73</span>", "<span data-toggle='tooltip' data-placement='right' title='原始值：43567.3'>43567.3</span>", "<span data-toggle='tooltip' data-placement='right' title='原始值：187.034'>187.0</span>", "<span data-toggle='tooltip' data-placement='right' title='原始值：14.0294'>14.03</span>", "<span data-toggle='tooltip' data-placement='right' title='原始值：0.06992'>0.070</span>", "<span data-toggle='tooltip' data-placement='right' title='原始值：0.2725'>0.272</span>", "<span data-toggle='tooltip' data-placement='right' title='原始值：4.48294'>4.48</span>", "*", "*", "正常"], ["辽宁省", "辽河流域", "<span data-toggle='tooltip' data-placement='right' title='所在地市:辽阳市&#10;所属河流:太子河'>汤河水库</span>", null, "", "--", "--", "--", "--", "--", "--", "--", "--", "--", "*", "*", "维护"], ["辽宁省", "辽河流域", "<span data-toggle='tooltip' data-placement='right' title='所在地市:盘锦市&#10;所属河流:辽河'>盘锦兴安(兴安)</span>", "08-09 08:00", "Ⅱ", "<span data-toggle='tooltip' data-placement='right' title='原始值：26.71374'>26.7</span>", "<span data-toggle='tooltip' data-placement='right' title='原始值：7.54626'>7.55</span>", "<span data-toggle='tooltip' data-placement='right' title='原始值：7.19009'>7.19</span>", "<span data-toggle='tooltip' data-placement='right' title='原始值：482.6476'>482.6</span>", "<span data-toggle='tooltip' data-placement='right' title='原始值：129.2229'>129.2</span>", "<span data-toggle='tooltip' data-placement='right' title='原始值：3.06559'>3.07</span>", "<span data-toggle='tooltip' data-placement='right' title='原始值：0.18'>0.180</span>", "<span data-toggle='tooltip' data-placement='right' title='原始值：0.04475'>0.045</span>", "<span data-toggle='tooltip' data-placement='right' title='原始值：1.24966'>1.25</span>", "*", "*", "正常"], ["辽宁省", "辽河流域", "<span data-toggle='tooltip' data-placement='right' title='所在地市:铁岭市&#10;所属河流:辽河'>珠尔山</span>", "08-09 08:00", "Ⅳ", "<span data-toggle='tooltip' data-placement='right' title='原始值：27.83564'>27.8</span>", "<span data-toggle='tooltip' data-placement='right' title='原始值：6.9379'>6.94</span>", "<span data-toggle='tooltip' data-placement='right' title='原始值：3.30698'>3.31</span>", "<span data-toggle='tooltip' data-placement='right' title='原始值：437.0411'>437.0</span>", "<span data-toggle='tooltip' data-placement='right' title='原始值：22.74279'>22.7</span>", "<span data-toggle='tooltip' data-placement='right' title='原始值：7.49005'>7.49</span>", "<span data-toggle='tooltip' data-placement='right' title='原始值：0.18'>0.180</span>", "<span data-toggle='tooltip' data-placement='right' title='原始值：0.09832'>0.098</span>", "<span data-toggle='tooltip' data-placement='right' title='原始值：2.58194'>2.58</span>", "*", "*", "正常"], ["吉林省", "松花江流域", "<span data-toggle='tooltip' data-placement='right' title='所在地市:长春市&#10;所属河流:松花江'>松花江村</span>", null, "", "--", "--", "--", "--", "--", "--", "--", "--", "--", "*", "*", "停站"], ["吉林省", "松花江流域", "<span data-toggle='tooltip' data-placement='right' title='所在地市:白城市&#10;所属河流:嫩江'>白沙滩</span>", "08-09 08:00", "Ⅲ", "<span data-toggle='tooltip' data-placement='right' title='原始值：25.25666'>25.3</span>", "<span data-toggle='tooltip' data-placement='right' title='原始值：7.13482'>7.13</span>", "<span data-toggle='tooltip' data-placement='right' title='原始值：9.05112'>9.05</span>", "<span data-toggle='tooltip' data-placement='right' title='原始值：263.7135'>263.7</span>", "<span data-toggle='tooltip' data-placement='right' title='原始值：220.1586'>220.2</span>", "<span data-toggle='tooltip' data-placement='right' title='原始值：2.51'>2.51</span>", "<span data-toggle='tooltip' data-placement='right' title='原始值：0.19'>0.190</span>", "<span data-toggle='tooltip' data-placement='right' title='原始值：0.11289'>0.113</span>", "<span data-toggle='tooltip' data-placement='right' title='原始值：2.17627'>2.18</span>", "*", "*", "正常"], ["吉林省", "松花江流域", "<span data-toggle='tooltip' data-placement='right' title='所在地市:延边朝鲜族自治州&#10;所属河流:图们江'>圈河</span>", null, "", "--", "--", "--", "--", "--", "--", "--", "--", "--", "*", "*", "停站"], ["黑龙江省", "松花江流域", "<span data-toggle='tooltip' data-placement='right' title='所在地市:大庆市&#10;所属河流:松花江'>肇源</span>", null, "", "--", "--", "--", "--", "--", "--", "--", "--", "--", "*", "*", "停站"], ["黑龙江省", "松花江流域", "<span data-toggle='tooltip' data-placement='right' title='所在地市:佳木斯市&#10;所属河流:乌苏里江'>乌苏镇</span>", null, "", "--", "--", "--", "--", "--", "--", "--", "--", "--", "*", "*", "停站"], ["黑龙江省", "松花江流域", "<span data-toggle='tooltip' data-placement='right' title='所在地市:佳木斯市&#10;所属河流:松花江'>同江</span>", null, "", "--", "--", "--", "--", "--", "--", "--", "--", "--", "*", "*", "停站"], ["黑龙江省", "松花江流域", "<span data-toggle='tooltip' data-placement='right' title='所在地市:黑河市&#10;所属河流:黑龙江'>黑河下(黑河)</span>", null, "", "--", "--", "--", "--", "--", "--", "--", "--", "--", "*", "*", "停站"], ["上海市", "长江流域", "<span data-toggle='tooltip' data-placement='right' title='所在地市:青浦区&#10;所属河流:淀山湖'>急水港桥</span>", "08-09 08:00", "Ⅴ", "<span data-toggle='tooltip' data-placement='right' title='原始值：30'>30.0</span>", "<span data-toggle='tooltip' data-placement='right' title='原始值：7.23'>7.23</span>", "<span data-toggle='tooltip' data-placement='right' title='原始值：3.19'>3.19</span>", "<span data-toggle='tooltip' data-placement='right' title='原始值：382'>382.0</span>", "<span data-toggle='tooltip' data-placement='right' title='原始值：122.2'>122.2</span>", "<span data-toggle='tooltip' data-placement='right' title='原始值：4'>4.00</span>", "<span data-toggle='tooltip' data-placement='right' title='原始值：0.40977'>0.410</span>", "<span data-toggle='tooltip' data-placement='right' title='原始值：0.10156'>0.102</span>", "<span data-toggle='tooltip' data-placement='right' title='原始值：2.51564'>2.52</span>", "<span data-toggle='tooltip' data-placement='right' title='原始值：0.00744'>0.007</span>", "<span data-toggle='tooltip' data-placement='right' title='原始值：9200408'>9200408</span>", "正常"], ["江苏省", "长江流域", "<span data-toggle='tooltip' data-placement='right' title='所在地市:南京市&#10;所属河流:长江'>林山</span>", "08-09 08:00", "Ⅲ", "<span data-toggle='tooltip' data-placement='right' title='原始值：28.9941'>29.0</span>", "<span data-toggle='tooltip' data-placement='right' title='原始值：7.35907'>7.36</span>", "<span data-toggle='tooltip' data-placement='right' title='原始值：5.37022'>5.37</span>", "<span data-toggle='tooltip' data-placement='right' title='原始值：285.125'>285.1</span>", "<span data-toggle='tooltip' data-placement='right' title='原始值：66.1937'>66.2</span>", "<span data-toggle='tooltip' data-placement='right' title='原始值：2.78'>2.78</span>", "<span data-toggle='tooltip' data-placement='right' title='原始值：0.067'>0.067</span>", "*", "*", "*", "*", "正常"], ["江苏省", "太湖流域", "<span data-toggle='tooltip' data-placement='right' title='所在地市:无锡市&#10;所属河流:太湖'>沙渚</span>", "08-09 08:00", "Ⅳ", "<span data-toggle='tooltip' data-placement='right' title='原始值：29.99826'>30.0</span>", "<span data-toggle='tooltip' data-placement='right' title='原始值：7.740373'>7.74</span>", "<span data-toggle='tooltip' data-placement='right' title='原始值：4.314305'>4.31</span>", "<span data-toggle='tooltip' data-placement='right' title='原始值：331.835'>331.8</span>", "<span data-toggle='tooltip' data-placement='right' title='原始值：135.7659'>135.8</span>", "<span data-toggle='tooltip' data-placement='right' title='原始值：3.9'>3.90</span>", "<span data-toggle='tooltip' data-placement='right' title='原始值：0.08'>0.080</span>", "<span data-toggle='tooltip' data-placement='right' title='原始值：0.0763'>0.076</span>", "<span data-toggle='tooltip' data-placement='right' title='原始值：1.867'>1.87</span>", "*", "*", "正常"], ["江苏省", "淮河流域", "<span data-toggle='tooltip' data-placement='right' title='所在地市:徐州市&#10;所属河流:武河'>小红圈</span>", "08-09 08:00", "Ⅴ", "<span data-toggle='tooltip' data-placement='right' title='原始值：26.5'>26.5</span>", "<span data-toggle='tooltip' data-placement='right' title='原始值：6.64'>6.64</span>", "<span data-toggle='tooltip' data-placement='right' title='原始值：3.98'>3.98</span>", "<span data-toggle='tooltip' data-placement='right' title='原始值：355.9'>355.9</span>", "<span data-toggle='tooltip' data-placement='right' title='原始值：54.42'>54.4</span>", "<span data-toggle='tooltip' data-placement='right' title='原始值：12.56'>12.56</span>", "<span data-toggle='tooltip' data-placement='right' title='原始值：0.99'>0.990</span>", "*", "*", "*", "*", "正常"], ["江苏省", "淮河流域", "<span data-toggle='tooltip' data-placement='right' title='所在地市:徐州市&#10;所属河流:沿河'>李集桥</span>", "08-09 08:00", "劣Ⅴ", "<span data-toggle='tooltip' data-placement='right' title='原始值：26.9'>26.9</span>", "<span data-toggle='tooltip' data-placement='right' title='原始值：7.35'>7.35</span>", "<span data-toggle='tooltip' data-placement='right' title='原始值：2.27'>2.27</span>", "<span data-toggle='tooltip' data-placement='right' title='原始值：683'>683.0</span>", "<span data-toggle='tooltip' data-placement='right' title='原始值：113.74'>113.7</span>", "<span data-toggle='tooltip' data-placement='right' title='原始值：7.42'>7.42</span>", "<span data-toggle='tooltip' data-placement='right' title='原始值：2.255'>2.255</span>", "<span data-toggle='tooltip' data-placement='right' title='原始值：0.645'>0.645</span>", "<span data-toggle='tooltip' data-placement='right' title='原始值：5.067'>5.07</span>", "*", "*", "正常"], ["江苏省", "淮河流域", "<span data-toggle='tooltip' data-placement='right' title='所在地市:徐州市&#10;所属河流:邳苍分洪道'>艾山西大桥</span>", "08-09 08:00", "劣Ⅴ", "<span data-toggle='tooltip' data-placement='right' title='原始值：25.469'>25.5</span>", "<span data-toggle='tooltip' data-placement='right' title='原始值：7.37559'>7.38</span>", "<span data-toggle='tooltip' data-placement='right' title='原始值：2.92409'>2.92</span>", "<span data-toggle='tooltip' data-placement='right' title='原始值：603.64'>603.6</span>", "<span data-toggle='tooltip' data-placement='right' title='原始值：63.6189'>63.6</span>", "<span data-toggle='tooltip' data-placement='right' title='原始值：6.66'>6.66</span>", "<span data-toggle='tooltip' data-placement='right' title='原始值：0.33'>0.330</span>", "<span data-toggle='tooltip' data-placement='right' title='原始值：0.76327'>0.763</span>", "<span data-toggle='tooltip' data-placement='right' title='原始值：7.99904'>8.00</span>", "*", "*", "正常"], ["江苏省", "太湖流域", "<span data-toggle='tooltip' data-placement='right' title='所在地市:苏州市&#10;所属河流:太湖'>兰山嘴(老)</span>", "08-09 08:00", "Ⅴ", "<span data-toggle='tooltip' data-placement='right' title='原始值：31.44888'>31.4</span>", "<span data-toggle='tooltip' data-placement='right' title='原始值：7.06348'>7.06</span>", "<span data-toggle='tooltip' data-placement='right' title='原始值：2.34968'>2.35</span>", "<span data-toggle='tooltip' data-placement='right' title='原始值：299.8446'>299.8</span>", "<span data-toggle='tooltip' data-placement='right' title='原始值：46.25402'>46.3</span>", "<span data-toggle='tooltip' data-placement='right' title='原始值：4.25'>4.25</span>", "<span data-toggle='tooltip' data-placement='right' title='原始值：0.28'>0.280</span>", "<span data-toggle='tooltip' data-placement='right' title='原始值：0.16349'>0.163</span>", "<span data-toggle='tooltip' data-placement='right' title='原始值：1.61175'>1.61</span>", "*", "*", "正常"], ["江苏省", "太湖流域", "<span data-toggle='tooltip' data-placement='right' title='所在地市:苏州市&#10;所属河流:太湖'>西山</span>", "08-09 08:00", "Ⅳ", "<span data-toggle='tooltip' data-placement='right' title='原始值：31.14177'>31.1</span>", "<span data-toggle='tooltip' data-placement='right' title='原始值：7.9596'>7.96</span>", "<span data-toggle='tooltip' data-placement='right' title='原始值：7.05302'>7.05</span>", "<span data-toggle='tooltip' data-placement='right' title='原始值：442.6035'>442.6</span>", "<span data-toggle='tooltip' data-placement='right' title='原始值：42.75465'>42.8</span>", "<span data-toggle='tooltip' data-placement='right' title='原始值：1.89'>1.89</span>", "<span data-toggle='tooltip' data-placement='right' title='原始值：0.12'>0.120</span>", "<span data-toggle='tooltip' data-placement='right' title='原始值：0.0537'>0.054</span>", "<span data-toggle='tooltip' data-placement='right' title='原始值：0.6895'>0.69</span>", "*", "*", "正常"], ["江苏省", "淮河流域", "<span data-toggle='tooltip' data-placement='right' title='所在地市:连云港市&#10;所属河流:新沭河'>大兴桥</span>", null, "", "--", "--", "--", "--", "--", "--", "--", "--", "--", "*", "*", "停站"], ["江苏省", "淮河流域", "<span data-toggle='tooltip' data-placement='right' title='所在地市:淮安市&#10;所属河流:淮河'>淮河大桥</span>", null, "", "--", "--", "--", "--", "--", "--", "--", "--", "--", "*", "*", "停站"], ["江苏省", "长江流域", "<span data-toggle='tooltip' data-placement='right' title='所在地市:扬州市&#10;所属河流:夹江'>三江营</span>", "08-09 08:00", "Ⅳ", "<span data-toggle='tooltip' data-placement='right' title='原始值：29.82'>29.8</span>", "<span data-toggle='tooltip' data-placement='right' title='原始值：7.66'>7.66</span>", "<span data-toggle='tooltip' data-placement='right' title='原始值：5.45'>5.45</span>", "<span data-toggle='tooltip' data-placement='right' title='原始值：385.89'>385.9</span>", "<span data-toggle='tooltip' data-placement='right' title='原始值：128.71'>128.7</span>", "<span data-toggle='tooltip' data-placement='right' title='原始值：4.371'>4.37</span>", "<span data-toggle='tooltip' data-placement='right' title='原始值：1.116'>1.116</span>", "<span data-toggle='tooltip' data-placement='right' title='原始值：0.144'>0.144</span>", "<span data-toggle='tooltip' data-placement='right' title='原始值：1.887'>1.89</span>", "*", "*", "正常"], ["江苏省", "淮河流域", "<span data-toggle='tooltip' data-placement='right' title='所在地市:宿迁市&#10;所属河流:新濉河'>大屈</span>", "08-09 08:00", "Ⅳ", "<span data-toggle='tooltip' data-placement='right' title='原始值：28.4'>28.4</span>", "<span data-toggle='tooltip' data-placement='right' title='原始值：6.63'>6.63</span>", "<span data-toggle='tooltip' data-placement='right' title='原始值：3.88'>3.88</span>", "<span data-toggle='tooltip' data-placement='right' title='原始值：469.9'>469.9</span>", "<span data-toggle='tooltip' data-placement='right' title='原始值：129.77'>129.8</span>", "<span data-toggle='tooltip' data-placement='right' title='原始值：8.57'>8.57</span>", "<span data-toggle='tooltip' data-placement='right' title='原始值：1.36'>1.360</span>", "<span data-toggle='tooltip' data-placement='right' title='原始值：0.259'>0.259</span>", "<span data-toggle='tooltip' data-placement='right' title='原始值：2.05'>2.05</span>", "*", "*", "正常"], ["浙江省", "浙闽片河流", "<span data-toggle='tooltip' data-placement='right' title='所在地市:杭州市&#10;所属河流:新安江'>街口(鸠坑口)</span>", "08-09 08:00", "Ⅱ", "<span data-toggle='tooltip' data-placement='right' title='原始值：27.12'>27.1</span>", "<span data-toggle='tooltip' data-placement='right' title='原始值：8.93'>8.93</span>", "<span data-toggle='tooltip' data-placement='right' title='原始值：8.44'>8.44</span>", "<span data-toggle='tooltip' data-placement='right' title='原始值：128.03'>128.0</span>", "<span data-toggle='tooltip' data-placement='right' title='原始值：13.23'>13.2</span>", "<span data-toggle='tooltip' data-placement='right' title='原始值：2.14'>2.14</span>", "<span data-toggle='tooltip' data-placement='right' title='原始值：0.028'>0.028</span>", "<span data-toggle='tooltip' data-placement='right' title='原始值：0.059'>0.059</span>", "<span data-toggle='tooltip' data-placement='right' title='原始值：0.997'>1.00</span>", "*", "*", "正常"], ["浙江省", "太湖流域", "<span data-toggle='tooltip' data-placement='right' title='所在地市:嘉兴市&#10;所属河流:斜路港河'>斜路港</span>", "08-09 08:00", "Ⅳ", "<span data-toggle='tooltip' data-placement='right' title='原始值：30.6'>30.6</span>", "<span data-toggle='tooltip' data-placement='right' title='原始值：8.05'>8.05</span>", "<span data-toggle='tooltip' data-placement='right' title='原始值：3.72'>3.72</span>", "<span data-toggle='tooltip' data-placement='right' title='原始值：255'>255.0</span>", "<span data-toggle='tooltip' data-placement='right' title='原始值：57.3'>57.3</span>", "<span data-toggle='tooltip' data-placement='right' title='原始值：3.11'>3.11</span>", "<span data-toggle='tooltip' data-placement='right' title='原始值：0.03641'>0.036</span>", "<span data-toggle='tooltip' data-placement='right' title='原始值：0.06264'>0.063</span>", "<span data-toggle='tooltip' data-placement='right' title='原始值：1.36568'>1.37</span>", "*", "*", "正常"], ["浙江省", "太湖流域", "<span data-toggle='tooltip' data-placement='right' title='所在地市:嘉兴市&#10;所属河流:京杭运河'>王江泾</span>", null, "", "--", "--", "--", "--", "--", "--", "--", "--", "--", "*", "*", "停站"], ["浙江省", "太湖流域", "<span data-toggle='tooltip' data-placement='right' title='所在地市:湖州市&#10;所属河流:西苕溪'>新港口(新塘港)</span>", "08-09 08:00", "Ⅲ", "<span data-toggle='tooltip' data-placement='right' title='原始值：29.8788'>29.9</span>", "<span data-toggle='tooltip' data-placement='right' title='原始值：7.48555'>7.49</span>", "<span data-toggle='tooltip' data-placement='right' title='原始值：12.8342'>12.83</span>", "<span data-toggle='tooltip' data-placement='right' title='原始值：234.575'>234.6</span>", "<span data-toggle='tooltip' data-placement='right' title='原始值：140.445'>140.4</span>", "<span data-toggle='tooltip' data-placement='right' title='原始值：4.4727'>4.47</span>", "<span data-toggle='tooltip' data-placement='right' title='原始值：0.11627'>0.116</span>", "<span data-toggle='tooltip' data-placement='right' title='原始值：0.10371'>0.104</span>", "<span data-toggle='tooltip' data-placement='right' title='原始值：7.41436'>7.41</span>", "*", "*", "正常"], ["安徽省", "巢湖流域", "<span data-toggle='tooltip' data-placement='right' title='所在地市:合肥市&#10;所属河流:巢湖'>湖滨(老)</span>", "08-09 08:00", "Ⅳ", "<span data-toggle='tooltip' data-placement='right' title='原始值：30.30293'>30.3</span>", "<span data-toggle='tooltip' data-placement='right' title='原始值：7.50225'>7.50</span>", "<span data-toggle='tooltip' data-placement='right' title='原始值：6.72739'>6.73</span>", "<span data-toggle='tooltip' data-placement='right' title='原始值：225.7185'>225.7</span>", "<span data-toggle='tooltip' data-placement='right' title='原始值：95.68803'>95.7</span>", "<span data-toggle='tooltip' data-placement='right' title='原始值：5.74'>5.74</span>", "<span data-toggle='tooltip' data-placement='right' title='原始值：0.29'>0.290</span>", "<span data-toggle='tooltip' data-placement='right' title='原始值：0.063'>0.063</span>", "<span data-toggle='tooltip' data-placement='right' title='原始值：1.431'>1.43</span>", "<span data-toggle='tooltip' data-placement='right' title='原始值：0.01757'>0.018</span>", "*", "正常"], ["安徽省", "巢湖流域", "<span data-toggle='tooltip' data-placement='right' title='所在地市:芜湖市&#10;所属河流:巢湖'>裕溪口(老)</span>", null, "", "--", "--", "--", "--", "--", "--", "--", "--", "--", "*", "*", "停站"], ["安徽省", "淮河流域", "<span data-toggle='tooltip' data-placement='right' title='所在地市:蚌埠市&#10;所属河流:淮河'>蚌埠闸上(蚌埠闸)</span>", null, "", "--", "--", "--", "--", "--", "--", "--", "--", "--", "*", "*", "停站"], ["安徽省", "淮河流域", "<span data-toggle='tooltip' data-placement='right' title='所在地市:淮南市&#10;所属河流:淮河'>石头埠(老)</span>", "08-09 08:00", "", "<span data-toggle='tooltip' data-placement='right' title='原始值：26.30576'>26.3</span>", "<span data-toggle='tooltip' data-placement='right' title='极值过滤'>--</span>", "<span data-toggle='tooltip' data-placement='right' title='原始值：3.93871'>3.94</span>", "<span data-toggle='tooltip' data-placement='right' title='原始值：287.8967'>287.9</span>", "<span data-toggle='tooltip' data-placement='right' title='原始值：28.30283'>28.3</span>", "<span data-toggle='tooltip' data-placement='right' title='原始值：4.58'>4.58</span>", "<span data-toggle='tooltip' data-placement='right' title='原始值：0.23'>0.230</span>", "*", "*", "*", "*", "维护"], ["安徽省", "淮河流域", "<span data-toggle='tooltip' data-placement='right' title='所在地市:淮北市&#10;所属河流:沱河'>小王桥</span>", null, "", "--", "--", "--", "--", "--", "--", "--", "--", "--", "*", "*", "停站"], ["安徽省", "长江流域", "<span data-toggle='tooltip' data-placement='right' title='所在地市:安庆市&#10;所属河流:长江'>皖河口</span>", null, "", "--", "--", "--", "--", "--", "--", "--", "--", "--", "*", "*", "停站"], ["安徽省", "淮河流域", "<span data-toggle='tooltip' data-placement='right' title='所在地市:滁州市&#10;所属河流:淮河'>小柳巷</span>", null, "", "--", "--", "--", "--", "--", "--", "--", "--", "--", "*", "*", "停站"], ["安徽省", "淮河流域", "<span data-toggle='tooltip' data-placement='right' title='所在地市:阜阳市&#10;所属河流:黑茨河'>张大桥</span>", null, "", "--", "--", "--", "--", "--", "--", "--", "--", "--", "*", "*", "停站"], ["安徽省", "淮河流域", "<span data-toggle='tooltip' data-placement='right' title='所在地市:阜阳市&#10;所属河流:淮河'>王家坝</span>", null, "", "--", "--", "--", "--", "--", "--", "--", "--", "--", "*", "*", "停站"], ["安徽省", "淮河流域", "<span data-toggle='tooltip' data-placement='right' title='所在地市:阜阳市&#10;所属河流:颍河'>界首七渡口(七渡口)</span>", "08-09 08:00", "Ⅳ", "<span data-toggle='tooltip' data-placement='right' title='原始值：28.85498'>28.9</span>", "<span data-toggle='tooltip' data-placement='right' title='原始值：7.2718'>7.27</span>", "<span data-toggle='tooltip' data-placement='right' title='原始值：4.73158'>4.73</span>", "<span data-toggle='tooltip' data-placement='right' title='原始值：707.3405'>707.3</span>", "<span data-toggle='tooltip' data-placement='right' title='原始值：13.35493'>13.4</span>", "<span data-toggle='tooltip' data-placement='right' title='原始值：4.5'>4.50</span>", "<span data-toggle='tooltip' data-placement='right' title='原始值：0.74'>0.740</span>", "<span data-toggle='tooltip' data-placement='right' title='原始值：0.10616'>0.106</span>", "<span data-toggle='tooltip' data-placement='right' title='原始值：5.59455'>5.59</span>", "*", "*", "正常"], ["安徽省", "淮河流域", "<span data-toggle='tooltip' data-placement='right' title='所在地市:阜阳市&#10;所属河流:泉河'>许庄(徐庄)</span>", null, "", "--", "--", "--", "--", "--", "--", "--", "--", "--", "*", "*", "停站"], ["安徽省", "淮河流域", "<span data-toggle='tooltip' data-placement='right' title='所在地市:宿州市&#10;所属河流:奎河'>杨庄</span>", "08-09 08:00", "Ⅳ", "<span data-toggle='tooltip' data-placement='right' title='原始值：27.67'>27.7</span>", "<span data-toggle='tooltip' data-placement='right' title='原始值：7.42'>7.42</span>", "<span data-toggle='tooltip' data-placement='right' title='原始值：4.1'>4.10</span>", "<span data-toggle='tooltip' data-placement='right' title='原始值：589.6'>589.6</span>", "<span data-toggle='tooltip' data-placement='right' title='原始值：130.34'>130.3</span>", "<span data-toggle='tooltip' data-placement='right' title='原始值：5.84'>5.84</span>", "<span data-toggle='tooltip' data-placement='right' title='原始值：1.073'>1.073</span>", "*", "*", "*", "*", "正常"], ["安徽省", "淮河流域", "<span data-toggle='tooltip' data-placement='right' title='所在地市:宿州市&#10;所属河流:新汴河'>泗县公路桥</span>", "08-09 08:00", "Ⅴ", "<span data-toggle='tooltip' data-placement='right' title='原始值：29.6'>29.6</span>", "<span data-toggle='tooltip' data-placement='right' title='原始值：7.22'>7.22</span>", "<span data-toggle='tooltip' data-placement='right' title='原始值：5.35'>5.35</span>", "<span data-toggle='tooltip' data-placement='right' title='原始值：772.1'>772.1</span>", "<span data-toggle='tooltip' data-placement='right' title='原始值：144.63'>144.6</span>", "<span data-toggle='tooltip' data-placement='right' title='原始值：10.22'>10.22</span>", "<span data-toggle='tooltip' data-placement='right' title='原始值：0.19'>0.190</span>", "*", "*", "*", "*", "正常"], ["安徽省", "淮河流域", "<span data-toggle='tooltip' data-placement='right' title='所在地市:亳州市&#10;所属河流:包河'>颜集</span>", "08-09 08:00", "Ⅳ", "<span data-toggle='tooltip' data-placement='right' title='原始值：26.2'>26.2</span>", "<span data-toggle='tooltip' data-placement='right' title='原始值：7.54'>7.54</span>", "<span data-toggle='tooltip' data-placement='right' title='原始值：5.98'>5.98</span>", "<span data-toggle='tooltip' data-placement='right' title='原始值：585.8'>585.8</span>", "<span data-toggle='tooltip' data-placement='right' title='原始值：282.05'>282.0</span>", "<span data-toggle='tooltip' data-placement='right' title='原始值：5.41'>5.41</span>", "<span data-toggle='tooltip' data-placement='right' title='原始值：0.4'>0.400</span>", "<span data-toggle='tooltip' data-placement='right' title='原始值：0.264'>0.264</span>", "<span data-toggle='tooltip' data-placement='right' title='原始值：2.888'>2.89</span>", "*", "*", "正常"], ["福建省", "浙闽片河流", "<span data-toggle='tooltip' data-placement='right' title='所在地市:福州市&#10;所属河流:闽江'>白岩潭</span>", "08-09 08:00", "Ⅲ", "<span data-toggle='tooltip' data-placement='right' title='原始值：30.29'>30.3</span>", "<span data-toggle='tooltip' data-placement='right' title='原始值：6.85'>6.85</span>", "<span data-toggle='tooltip' data-placement='right' title='原始值：5.23'>5.23</span>", "<span data-toggle='tooltip' data-placement='right' title='原始值：2307.7'>2307.7</span>", "<span data-toggle='tooltip' data-placement='right' title='原始值：234.99'>235.0</span>", "<span data-toggle='tooltip' data-placement='right' title='原始值：2.67'>2.67</span>", "<span data-toggle='tooltip' data-placement='right' title='原始值：0.11'>0.110</span>", "*", "*", "*", "*", "正常"], ["江西省", "长江流域", "<span data-toggle='tooltip' data-placement='right' title='所在地市:南昌市&#10;所属河流:赣江南支'>滁槎</span>", "08-09 08:00", "Ⅱ", "<span data-toggle='tooltip' data-placement='right' title='原始值：31.99633'>32.0</span>", "<span data-toggle='tooltip' data-placement='right' title='原始值：7.33844'>7.34</span>", "<span data-toggle='tooltip' data-placement='right' title='原始值：7.06925'>7.07</span>", "<span data-toggle='tooltip' data-placement='right' title='原始值：167.8701'>167.9</span>", "<span data-toggle='tooltip' data-placement='right' title='原始值：41.68576'>41.7</span>", "<span data-toggle='tooltip' data-placement='right' title='原始值：3.08'>3.08</span>", "<span data-toggle='tooltip' data-placement='right' title='原始值：0.14'>0.140</span>", "<span data-toggle='tooltip' data-placement='right' title='原始值：0.064'>0.064</span>", "<span data-toggle='tooltip' data-placement='right' title='原始值：1.3325'>1.33</span>", "*", "*", "正常"], ["江西省", "长江流域", "<span data-toggle='tooltip' data-placement='right' title='所在地市:九江市&#10;所属河流:长江'>姚港(河西水厂)</span>", "08-09 08:00", "Ⅱ", "<span data-toggle='tooltip' data-placement='right' title='原始值：28.13'>28.1</span>", "<span data-toggle='tooltip' data-placement='right' title='原始值：7.53'>7.53</span>", "<span data-toggle='tooltip' data-placement='right' title='原始值：6.08'>6.08</span>", "<span data-toggle='tooltip' data-placement='right' title='原始值：294.13'>294.1</span>", "<span data-toggle='tooltip' data-placement='right' title='原始值：51.96'>52.0</span>", "<span data-toggle='tooltip' data-placement='right' title='原始值：1.763'>1.76</span>", "<span data-toggle='tooltip' data-placement='right' title='原始值：0.006'>0.006</span>", "<span data-toggle='tooltip' data-placement='right' title='原始值：0.088'>0.088</span>", "<span data-toggle='tooltip' data-placement='right' title='原始值：1.11'>1.11</span>", "*", "*", "正常"], ["江西省", "长江流域", "<span data-toggle='tooltip' data-placement='right' title='所在地市:九江市&#10;所属河流:鄱阳湖'>蛤蟆石</span>", "08-09 08:00", "Ⅱ", "<span data-toggle='tooltip' data-placement='right' title='原始值：31.62'>31.6</span>", "<span data-toggle='tooltip' data-placement='right' title='原始值：6.89'>6.89</span>", "<span data-toggle='tooltip' data-placement='right' title='原始值：6.21'>6.21</span>", "<span data-toggle='tooltip' data-placement='right' title='原始值：86.01'>86.0</span>", "<span data-toggle='tooltip' data-placement='right' title='原始值：6.64'>6.6</span>", "<span data-toggle='tooltip' data-placement='right' title='原始值：1.921'>1.92</span>", "<span data-toggle='tooltip' data-placement='right' title='原始值：0.012'>0.012</span>", "<span data-toggle='tooltip' data-placement='right' title='原始值：0.023'>0.023</span>", "<span data-toggle='tooltip' data-placement='right' title='原始值：0.719'>0.72</span>", "<span data-toggle='tooltip' data-placement='right' title='原始值：0.01142'>0.011</span>", "<span data-toggle='tooltip' data-placement='right' title='原始值：1171000'>1171000</span>", "正常"], ["山东省", "黄河流域", "<span data-toggle='tooltip' data-placement='right' title='所在地市:济南市&#10;所属河流:黄河'>泺口</span>", "08-09 08:00", "Ⅱ", "<span data-toggle='tooltip' data-placement='right' title='原始值：26.3122'>26.3</span>", "<span data-toggle='tooltip' data-placement='right' title='原始值：7.93629'>7.94</span>", "<span data-toggle='tooltip' data-placement='right' title='原始值：6.6056'>6.61</span>", "<span data-toggle='tooltip' data-placement='right' title='原始值：709.47'>709.5</span>", "<span data-toggle='tooltip' data-placement='right' title='原始值：2635.35'>2635.4</span>", "<span data-toggle='tooltip' data-placement='right' title='原始值：2.71'>2.71</span>", "<span data-toggle='tooltip' data-placement='right' title='原始值：0.04212'>0.042</span>", "<span data-toggle='tooltip' data-placement='right' title='原始值：0.02811'>0.028</span>", "<span data-toggle='tooltip' data-placement='right' title='原始值：2.551'>2.55</span>", "*", "*", "正常"], ["山东省", "淮河流域", "<span data-toggle='tooltip' data-placement='right' title='所在地市:枣庄市&#10;所属河流:京杭大运河（韩庄运河）'>台儿庄大桥</span>", null, "", "--", "--", "--", "--", "--", "--", "--", "--", "--", "*", "*", "停站"], ["山东省", "淮河流域", "<span data-toggle='tooltip' data-placement='right' title='所在地市:临沂市&#10;所属河流:沭河'>清泉寺</span>", null, "", "--", "--", "--", "--", "--", "--", "--", "--", "--", "*", "*", "停站"], ["山东省", "淮河流域", "<span data-toggle='tooltip' data-placement='right' title='所在地市:临沂市&#10;所属河流:沂河'>重坊桥</span>", null, "", "--", "--", "--", "--", "--", "--", "--", "--", "--", "*", "*", "停站"], ["山东省", "淮河流域", "<span data-toggle='tooltip' data-placement='right' title='所在地市:临沂市&#10;所属河流:白马河'>捷庄(涝沟桥)</span>", "08-09 08:00", "劣Ⅴ", "<span data-toggle='tooltip' data-placement='right' title='原始值：26.4'>26.4</span>", "<span data-toggle='tooltip' data-placement='right' title='原始值：6.97'>6.97</span>", "<span data-toggle='tooltip' data-placement='right' title='原始值：4.73031'>4.73</span>", "<span data-toggle='tooltip' data-placement='right' title='原始值：402'>402.0</span>", "<span data-toggle='tooltip' data-placement='right' title='原始值：69.06837'>69.1</span>", "<span data-toggle='tooltip' data-placement='right' title='原始值：7.79'>7.79</span>", "<span data-toggle='tooltip' data-placement='right' title='原始值：0.66413'>0.664</span>", "<span data-toggle='tooltip' data-placement='right' title='原始值：0.67713'>0.677</span>", "<span data-toggle='tooltip' data-placement='right' title='原始值：4.55491'>4.55</span>", "*", "*", "正常"], ["山东省", "海河流域", "<span data-toggle='tooltip' data-placement='right' title='所在地市:聊城市&#10;所属河流:卫运河'>秤勾湾(秤钩湾)</span>", "08-09 08:00", "Ⅳ", "<span data-toggle='tooltip' data-placement='right' title='原始值：28.1'>28.1</span>", "<span data-toggle='tooltip' data-placement='right' title='原始值：7.54'>7.54</span>", "<span data-toggle='tooltip' data-placement='right' title='原始值：7.67'>7.67</span>", "<span data-toggle='tooltip' data-placement='right' title='极值过滤'>--</span>", "<span data-toggle='tooltip' data-placement='right' title='极值过滤'>--</span>", "<span data-toggle='tooltip' data-placement='right' title='原始值：2.12'>2.12</span>", "<span data-toggle='tooltip' data-placement='right' title='原始值：0.08805'>0.088</span>", "<span data-toggle='tooltip' data-placement='right' title='原始值：0.269'>0.269</span>", "<span data-toggle='tooltip' data-placement='right' title='原始值：4.66987'>4.67</span>", "*", "*", "维护"], ["河南省", "长江流域", "<span data-toggle='tooltip' data-placement='right' title='所在地市:南阳市&#10;所属河流:丹江口水库'>陶岔</span>", "08-09 08:00", "Ⅱ", "<span data-toggle='tooltip' data-placement='right' title='原始值：27.71'>27.7</span>", "<span data-toggle='tooltip' data-placement='right' title='原始值：8.07012'>8.07</span>", "<span data-toggle='tooltip' data-placement='right' title='原始值：8.23789'>8.24</span>", "<span data-toggle='tooltip' data-placement='right' title='原始值：297.9767'>298.0</span>", "<span data-toggle='tooltip' data-placement='right' title='原始值：2.09598'>2.1</span>", "<span data-toggle='tooltip' data-placement='right' title='原始值：2.65'>2.65</span>", "<span data-toggle='tooltip' data-placement='right' title='原始值：0.03151'>0.032</span>", "<span data-toggle='tooltip' data-placement='right' title='原始值：0.01255'>0.013</span>", "<span data-toggle='tooltip' data-placement='right' title='原始值：0.62694'>0.63</span>", "<span data-toggle='tooltip' data-placement='right' title='原始值：0.00197'>0.002</span>", "<span data-toggle='tooltip' data-placement='right' title='原始值：913776.4'>913776</span>", "正常"], ["河南省", "淮河流域", "<span data-toggle='tooltip' data-placement='right' title='所在地市:商丘市&#10;所属河流:浍河'>黄口</span>", "08-09 08:00", "Ⅳ", "<span data-toggle='tooltip' data-placement='right' title='原始值：28.49688'>28.5</span>", "<span data-toggle='tooltip' data-placement='right' title='原始值：7.59'>7.59</span>", "<span data-toggle='tooltip' data-placement='right' title='原始值：5.16064'>5.16</span>", "<span data-toggle='tooltip' data-placement='right' title='原始值：1394.032'>1394.0</span>", "<span data-toggle='tooltip' data-placement='right' title='原始值：21.92501'>21.9</span>", "<span data-toggle='tooltip' data-placement='right' title='原始值：5.4'>5.40</span>", "<span data-toggle='tooltip' data-placement='right' title='原始值：0.31805'>0.318</span>", "<span data-toggle='tooltip' data-placement='right' title='原始值：0.2742'>0.274</span>", "<span data-toggle='tooltip' data-placement='right' title='原始值：3.88333'>3.88</span>", "*", "*", "正常"], ["河南省", "淮河流域", "<span data-toggle='tooltip' data-placement='right' title='所在地市:信阳市&#10;所属河流:史灌河'>蒋集</span>", null, "", "--", "--", "--", "--", "--", "--", "--", "--", "--", "*", "*", "停站"], ["河南省", "淮河流域", "<span data-toggle='tooltip' data-placement='right' title='所在地市:信阳市&#10;所属河流:淮河'>淮滨水文站(淮滨)</span>", null, "", "--", "--", "--", "--", "--", "--", "--", "--", "--", "*", "*", "停站"], ["河南省", "淮河流域", "<span data-toggle='tooltip' data-placement='right' title='所在地市:周口市&#10;所属河流:沙河'>沈丘闸</span>", "08-09 08:00", "Ⅳ", "<span data-toggle='tooltip' data-placement='right' title='原始值：27.19716'>27.2</span>", "<span data-toggle='tooltip' data-placement='right' title='原始值：7.06028'>7.06</span>", "<span data-toggle='tooltip' data-placement='right' title='原始值：4.06967'>4.07</span>", "<span data-toggle='tooltip' data-placement='right' title='原始值：720.6545'>720.7</span>", "<span data-toggle='tooltip' data-placement='right' title='原始值：23.88105'>23.9</span>", "<span data-toggle='tooltip' data-placement='right' title='原始值：4.21'>4.21</span>", "<span data-toggle='tooltip' data-placement='right' title='原始值：0.04'>0.040</span>", "*", "*", "*", "*", "正常"], ["河南省", "淮河流域", "<span data-toggle='tooltip' data-placement='right' title='所在地市:周口市&#10;所属河流:涡河'>鹿邑付桥(鹿邑付桥闸)</span>", "08-09 08:00", "", "<span data-toggle='tooltip' data-placement='right' title='原始值：27.53483'>27.5</span>", "<span data-toggle='tooltip' data-placement='right' title='原始值：8.48322'>8.48</span>", "<span data-toggle='tooltip' data-placement='right' title='原始值：8.90759'>8.91</span>", "<span data-toggle='tooltip' data-placement='right' title='原始值：1160.571'>1160.6</span>", "<span data-toggle='tooltip' data-placement='right' title='原始值：9.66609'>9.7</span>", "<span data-toggle='tooltip' data-placement='right' title='原始值：7.405'>7.40</span>", "<span data-toggle='tooltip' data-placement='right' title='极值过滤'>--</span>", "<span data-toggle='tooltip' data-placement='right' title='原始值：0.2165'>0.216</span>", "<span data-toggle='tooltip' data-placement='right' title='原始值：1.56737'>1.57</span>", "*", "*", "维护"], ["河南省", "淮河流域", "<span data-toggle='tooltip' data-placement='right' title='所在地市:驻马店市&#10;所属河流:洪河'>新蔡班台(班台)</span>", "08-09 08:00", "劣Ⅴ", "<span data-toggle='tooltip' data-placement='right' title='原始值：26.49867'>26.5</span>", "<span data-toggle='tooltip' data-placement='right' title='原始值：6.6905'>6.69</span>", "<span data-toggle='tooltip' data-placement='right' title='原始值：4.59805'>4.60</span>", "<span data-toggle='tooltip' data-placement='right' title='原始值：475.5462'>475.5</span>", "<span data-toggle='tooltip' data-placement='right' title='原始值：190.9971'>191.0</span>", "<span data-toggle='tooltip' data-placement='right' title='原始值：6.895'>6.90</span>", "<span data-toggle='tooltip' data-placement='right' title='原始值：0.15'>0.150</span>", "<span data-toggle='tooltip' data-placement='right' title='原始值：0.62488'>0.625</span>", "<span data-toggle='tooltip' data-placement='right' title='原始值：5.75443'>5.75</span>", "*", "*", "正常"], ["河南省", "黄河流域", "<span data-toggle='tooltip' data-placement='right' title='所在地市:济源市&#10;所属河流:黄河'>小浪底水库(小浪底)</span>", null, "", "--", "--", "--", "--", "--", "--", "--", "--", "--", "*", "*", "停站"], ["湖北省", "长江流域", "<span data-toggle='tooltip' data-placement='right' title='所在地市:武汉市&#10;所属河流:汉江'>宗关</span>", null, "", "--", "--", "--", "--", "--", "--", "--", "--", "--", "*", "*", "停站"], ["湖北省", "长江流域", "<span data-toggle='tooltip' data-placement='right' title='所在地市:十堰市&#10;所属河流:丹江口水库'>坝上中(胡家岭)</span>", null, "", "--", "--", "--", "--", "--", "--", "--", "--", "--", "--", "--", "停站"], ["湖北省", "长江流域", "<span data-toggle='tooltip' data-placement='right' title='所在地市:宜昌市&#10;所属河流:长江'>南津关</span>", null, "", "--", "--", "--", "--", "--", "--", "--", "--", "--", "*", "*", "维护"], ["湖南省", "长江流域", "<span data-toggle='tooltip' data-placement='right' title='所在地市:长沙市&#10;所属河流:湘江'>新港</span>", "08-09 08:00", "Ⅳ", "<span data-toggle='tooltip' data-placement='right' title='原始值：28.77'>28.8</span>", "<span data-toggle='tooltip' data-placement='right' title='原始值：7.18'>7.18</span>", "<span data-toggle='tooltip' data-placement='right' title='原始值：4.2'>4.20</span>", "<span data-toggle='tooltip' data-placement='right' title='原始值：234.47'>234.5</span>", "<span data-toggle='tooltip' data-placement='right' title='原始值：46.71'>46.7</span>", "<span data-toggle='tooltip' data-placement='right' title='原始值：2.06'>2.06</span>", "<span data-toggle='tooltip' data-placement='right' title='原始值：0.015'>0.015</span>", "<span data-toggle='tooltip' data-placement='right' title='原始值：0.05'>0.050</span>", "<span data-toggle='tooltip' data-placement='right' title='原始值：1.59'>1.59</span>", "*", "*", "正常"], ["湖南省", "长江流域", "<span data-toggle='tooltip' data-placement='right' title='所在地市:岳阳市&#10;所属河流:洞庭湖'>岳阳楼</span>", "08-09 08:00", "Ⅳ", "<span data-toggle='tooltip' data-placement='right' title='原始值：28.68'>28.7</span>", "<span data-toggle='tooltip' data-placement='right' title='原始值：7.665375'>7.67</span>", "<span data-toggle='tooltip' data-placement='right' title='原始值：5.077675'>5.08</span>", "<span data-toggle='tooltip' data-placement='right' title='原始值：273.6526'>273.7</span>", "<span data-toggle='tooltip' data-placement='right' title='原始值：15.09466'>15.1</span>", "<span data-toggle='tooltip' data-placement='right' title='原始值：2.36'>2.36</span>", "<span data-toggle='tooltip' data-placement='right' title='原始值：0.016'>0.016</span>", "<span data-toggle='tooltip' data-placement='right' title='原始值：0.069'>0.069</span>", "<span data-toggle='tooltip' data-placement='right' title='原始值：2.197'>2.20</span>", "--", "--", "维护"], ["湖南省", "长江流域", "<span data-toggle='tooltip' data-placement='right' title='所在地市:岳阳市&#10;所属河流:长江'>城陵矶</span>", "08-09 08:00", "Ⅲ", "<span data-toggle='tooltip' data-placement='right' title='原始值：28.96'>29.0</span>", "<span data-toggle='tooltip' data-placement='right' title='原始值：7.568985'>7.57</span>", "<span data-toggle='tooltip' data-placement='right' title='原始值：7.463021'>7.46</span>", "<span data-toggle='tooltip' data-placement='right' title='原始值：309.726'>309.7</span>", "<span data-toggle='tooltip' data-placement='right' title='原始值：78.71838'>78.7</span>", "<span data-toggle='tooltip' data-placement='right' title='原始值：2.85'>2.85</span>", "<span data-toggle='tooltip' data-placement='right' title='原始值：0.011'>0.011</span>", "<span data-toggle='tooltip' data-placement='right' title='原始值：0.175'>0.175</span>", "<span data-toggle='tooltip' data-placement='right' title='原始值：1.2188'>1.22</span>", "*", "--", "维护"], ["广东省", "珠江流域", "<span data-toggle='tooltip' data-placement='right' title='所在地市:清远市&#10;所属河流:北江'>七星岗</span>", "08-09 08:00", "Ⅲ", "<span data-toggle='tooltip' data-placement='right' title='原始值：29.67187'>29.7</span>", "<span data-toggle='tooltip' data-placement='right' title='原始值：7.73731'>7.74</span>", "<span data-toggle='tooltip' data-placement='right' title='原始值：5.06505'>5.07</span>", "<span data-toggle='tooltip' data-placement='right' title='原始值：183.794'>183.8</span>", "<span data-toggle='tooltip' data-placement='right' title='原始值：9.94604'>9.9</span>", "<span data-toggle='tooltip' data-placement='right' title='原始值：2.84'>2.84</span>", "<span data-toggle='tooltip' data-placement='right' title='原始值：0.15175'>0.152</span>", "<span data-toggle='tooltip' data-placement='right' title='原始值：0.00593'>0.006</span>", "<span data-toggle='tooltip' data-placement='right' title='原始值：1.5793'>1.58</span>", "*", "*", "正常"], ["广东省", "珠江流域", "<span data-toggle='tooltip' data-placement='right' title='所在地市:中山市&#10;所属河流:西江'>横栏</span>", "08-09 08:00", "Ⅱ", "<span data-toggle='tooltip' data-placement='right' title='原始值：28'>28.0</span>", "<span data-toggle='tooltip' data-placement='right' title='原始值：7.95'>7.95</span>", "<span data-toggle='tooltip' data-placement='right' title='原始值：7.29'>7.29</span>", "<span data-toggle='tooltip' data-placement='right' title='原始值：262'>262.0</span>", "<span data-toggle='tooltip' data-placement='right' title='原始值：86.1'>86.1</span>", "<span data-toggle='tooltip' data-placement='right' title='原始值：3.13'>3.13</span>", "<span data-toggle='tooltip' data-placement='right' title='原始值：0.14818'>0.148</span>", "*", "*", "*", "*", "正常"], ["广西壮族自治区", "珠江流域", "<span data-toggle='tooltip' data-placement='right' title='所在地市:南宁市&#10;所属河流:邕江'>老口</span>", "08-09 08:00", "Ⅲ", "<span data-toggle='tooltip' data-placement='right' title='原始值：29.67842'>29.7</span>", "<span data-toggle='tooltip' data-placement='right' title='原始值：7.56869'>7.57</span>", "<span data-toggle='tooltip' data-placement='right' title='原始值：5.97919'>5.98</span>", "<span data-toggle='tooltip' data-placement='right' title='原始值：294.0346'>294.0</span>", "<span data-toggle='tooltip' data-placement='right' title='原始值：6.13773'>6.1</span>", "<span data-toggle='tooltip' data-placement='right' title='原始值：2.06324'>2.06</span>", "<span data-toggle='tooltip' data-placement='right' title='原始值：0.07919'>0.079</span>", "<span data-toggle='tooltip' data-placement='right' title='原始值：0.02195'>0.022</span>", "<span data-toggle='tooltip' data-placement='right' title='原始值：1.76931'>1.77</span>", "*", "*", "正常"], ["广西壮族自治区", "珠江流域", "<span data-toggle='tooltip' data-placement='right' title='所在地市:桂林市&#10;所属河流:漓江'>阳朔</span>", "08-09 08:00", "Ⅱ", "<span data-toggle='tooltip' data-placement='right' title='原始值：29.9'>29.9</span>", "<span data-toggle='tooltip' data-placement='right' title='原始值：7.79'>7.79</span>", "<span data-toggle='tooltip' data-placement='right' title='原始值：6.98'>6.98</span>", "<span data-toggle='tooltip' data-placement='right' title='原始值：216'>216.0</span>", "<span data-toggle='tooltip' data-placement='right' title='原始值：17.49985'>17.5</span>", "<span data-toggle='tooltip' data-placement='right' title='原始值：2.14528'>2.15</span>", "<span data-toggle='tooltip' data-placement='right' title='原始值：0.03191'>0.032</span>", "<span data-toggle='tooltip' data-placement='right' title='原始值：0.00569'>0.006</span>", "<span data-toggle='tooltip' data-placement='right' title='原始值：1.6349'>1.63</span>", "*", "*", "正常"], ["广西壮族自治区", "珠江流域", "<span data-toggle='tooltip' data-placement='right' title='所在地市:梧州市&#10;所属河流:浔江'>界首</span>", null, "", "--", "--", "--", "--", "--", "--", "--", "--", "--", "*", "*", "停站"], ["广西壮族自治区", "珠江流域", "<span data-toggle='tooltip' data-placement='right' title='所在地市:贵港市&#10;所属河流:浔江'>石嘴</span>", "08-09 08:00", "Ⅱ", "<span data-toggle='tooltip' data-placement='right' title='原始值：29.34767'>29.3</span>", "<span data-toggle='tooltip' data-placement='right' title='原始值：7.23089'>7.23</span>", "<span data-toggle='tooltip' data-placement='right' title='原始值：6.91156'>6.91</span>", "<span data-toggle='tooltip' data-placement='right' title='原始值：322.1038'>322.1</span>", "<span data-toggle='tooltip' data-placement='right' title='原始值：16.53069'>16.5</span>", "<span data-toggle='tooltip' data-placement='right' title='原始值：1.62'>1.62</span>", "<span data-toggle='tooltip' data-placement='right' title='原始值：0.2'>0.200</span>", "<span data-toggle='tooltip' data-placement='right' title='原始值：0.00737'>0.007</span>", "<span data-toggle='tooltip' data-placement='right' title='原始值：1.4043'>1.40</span>", "*", "*", "正常"], ["广西壮族自治区", "珠江流域", "<span data-toggle='tooltip' data-placement='right' title='所在地市:崇左市&#10;所属河流:平而河'>平而关</span>", "08-09 08:00", "Ⅲ", "<span data-toggle='tooltip' data-placement='right' title='原始值：28.68164'>28.7</span>", "<span data-toggle='tooltip' data-placement='right' title='原始值：7.49517'>7.50</span>", "<span data-toggle='tooltip' data-placement='right' title='原始值：5.64925'>5.65</span>", "<span data-toggle='tooltip' data-placement='right' title='原始值：214.2545'>214.3</span>", "<span data-toggle='tooltip' data-placement='right' title='原始值：146.2768'>146.3</span>", "<span data-toggle='tooltip' data-placement='right' title='原始值：2.405'>2.40</span>", "<span data-toggle='tooltip' data-placement='right' title='原始值：0.07'>0.070</span>", "*", "*", "*", "*", "正常"], ["重庆市", "长江流域", "<span data-toggle='tooltip' data-placement='right' title='所在地市:永川区&#10;所属河流:长江'>朱沱</span>", null, "", "--", "--", "--", "--", "--", "--", "--", "--", "--", "*", "*", "停站"], ["四川省", "长江流域", "<span data-toggle='tooltip' data-placement='right' title='所在地市:攀枝花市&#10;所属河流:金沙江'>龙洞</span>", null, "", "--", "--", "--", "--", "--", "--", "--", "--", "--", "*", "*", "停站"], ["四川省", "长江流域", "<span data-toggle='tooltip' data-placement='right' title='所在地市:泸州市&#10;所属河流:沱江'>沱江大桥(沱江二桥)</span>", "08-09 08:00", "Ⅳ", "<span data-toggle='tooltip' data-placement='right' title='原始值：29.74'>29.7</span>", "<span data-toggle='tooltip' data-placement='right' title='原始值：8.044868'>8.04</span>", "<span data-toggle='tooltip' data-placement='right' title='原始值：7.158468'>7.16</span>", "<span data-toggle='tooltip' data-placement='right' title='原始值：431.0645'>431.1</span>", "<span data-toggle='tooltip' data-placement='right' title='原始值：88.1261'>88.1</span>", "<span data-toggle='tooltip' data-placement='right' title='原始值：3.98'>3.98</span>", "<span data-toggle='tooltip' data-placement='right' title='原始值：0.007'>0.007</span>", "<span data-toggle='tooltip' data-placement='right' title='原始值：0.217771'>0.218</span>", "<span data-toggle='tooltip' data-placement='right' title='原始值：5.986922'>5.99</span>", "*", "*", "正常"], ["四川省", "长江流域", "<span data-toggle='tooltip' data-placement='right' title='所在地市:广元市&#10;所属河流:嘉陵江'>清风峡</span>", null, "", "--", "--", "--", "--", "--", "--", "--", "--", "--", "*", "*", "停站"], ["四川省", "长江流域", "<span data-toggle='tooltip' data-placement='right' title='所在地市:乐山市&#10;所属河流:岷江'>岷江大桥</span>", "08-09 08:00", "Ⅲ", "<span data-toggle='tooltip' data-placement='right' title='原始值：26.08504'>26.1</span>", "<span data-toggle='tooltip' data-placement='right' title='原始值：7.32145'>7.32</span>", "<span data-toggle='tooltip' data-placement='right' title='原始值：7.22406'>7.22</span>", "<span data-toggle='tooltip' data-placement='right' title='原始值：292.2953'>292.3</span>", "<span data-toggle='tooltip' data-placement='right' title='原始值：393.6351'>393.6</span>", "<span data-toggle='tooltip' data-placement='right' title='原始值：4.74'>4.74</span>", "<span data-toggle='tooltip' data-placement='right' title='原始值：0.28'>0.280</span>", "*", "*", "*", "*", "正常"], ["四川省", "长江流域", "<span data-toggle='tooltip' data-placement='right' title='所在地市:宜宾市&#10;所属河流:岷江'>凉姜沟</span>", "08-09 08:00", "Ⅳ", "<span data-toggle='tooltip' data-placement='right' title='原始值：24.19'>24.2</span>", "<span data-toggle='tooltip' data-placement='right' title='原始值：7.878277'>7.88</span>", "<span data-toggle='tooltip' data-placement='right' title='原始值：8.012774'>8.01</span>", "<span data-toggle='tooltip' data-placement='right' title='原始值：241.5789'>241.6</span>", "<span data-toggle='tooltip' data-placement='right' title='原始值：1049.63'>1049.6</span>", "<span data-toggle='tooltip' data-placement='right' title='原始值：8.97'>8.97</span>", "<span data-toggle='tooltip' data-placement='right' title='原始值：0.004'>0.004</span>", "<span data-toggle='tooltip' data-placement='right' title='原始值：0.228'>0.228</span>", "<span data-toggle='tooltip' data-placement='right' title='原始值：15.6785'>15.68</span>", "*", "*", "正常"], ["云南省", "滇池流域", "<span data-toggle='tooltip' data-placement='right' title='所在地市:昆明市&#10;所属河流:滇池'>西苑隧道</span>", null, "", "--", "--", "--", "--", "--", "--", "--", "--", "--", "--", "--", "停站"], ["云南省", "滇池流域", "<span data-toggle='tooltip' data-placement='right' title='所在地市:昆明市&#10;所属河流:滇池'>观音山</span>", "08-09 08:00", "Ⅴ", "<span data-toggle='tooltip' data-placement='right' title='原始值：24.99518'>25.0</span>", "<span data-toggle='tooltip' data-placement='right' title='原始值：7.46616'>7.47</span>", "<span data-toggle='tooltip' data-placement='right' title='原始值：5.98325'>5.98</span>", "<span data-toggle='tooltip' data-placement='right' title='原始值：426.0565'>426.1</span>", "<span data-toggle='tooltip' data-placement='right' title='原始值：39.432'>39.4</span>", "<span data-toggle='tooltip' data-placement='right' title='原始值：9.20532'>9.21</span>", "<span data-toggle='tooltip' data-placement='right' title='原始值：0.19'>0.190</span>", "<span data-toggle='tooltip' data-placement='right' title='原始值：0.1088'>0.109</span>", "<span data-toggle='tooltip' data-placement='right' title='原始值：1.488'>1.49</span>", "<span data-toggle='tooltip' data-placement='right' title='原始值：0.04249'>0.042</span>", "<span data-toggle='tooltip' data-placement='right' title='原始值：7699829'>7699829</span>", "正常"], ["云南省", "西南诸河", "<span data-toggle='tooltip' data-placement='right' title='所在地市:红河哈尼族彝族自治州&#10;所属河流:红河'>河口县医院(河口)</span>", "08-09 08:00", "Ⅲ", "<span data-toggle='tooltip' data-placement='right' title='原始值：25.89708'>25.9</span>", "<span data-toggle='tooltip' data-placement='right' title='原始值：7.65412'>7.65</span>", "<span data-toggle='tooltip' data-placement='right' title='原始值：7.8328'>7.83</span>", "<span data-toggle='tooltip' data-placement='right' title='原始值：141.6669'>141.7</span>", "<span data-toggle='tooltip' data-placement='right' title='原始值：57.24345'>57.2</span>", "<span data-toggle='tooltip' data-placement='right' title='原始值：1.81538'>1.82</span>", "<span data-toggle='tooltip' data-placement='right' title='原始值：0.60844'>0.608</span>", "<span data-toggle='tooltip' data-placement='right' title='原始值：0.09916'>0.099</span>", "<span data-toggle='tooltip' data-placement='right' title='原始值：2.02451'>2.02</span>", "*", "*", "正常"], ["云南省", "西南诸河", "<span data-toggle='tooltip' data-placement='right' title='所在地市:西双版纳傣族自治州&#10;所属河流:澜沧江'>橄榄坝</span>", "08-09 08:00", "Ⅱ", "<span data-toggle='tooltip' data-placement='right' title='原始值：19.65993'>19.7</span>", "<span data-toggle='tooltip' data-placement='right' title='原始值：7.56516'>7.57</span>", "<span data-toggle='tooltip' data-placement='right' title='原始值：6.44068'>6.44</span>", "<span data-toggle='tooltip' data-placement='right' title='原始值：594.1807'>594.2</span>", "<span data-toggle='tooltip' data-placement='right' title='原始值：63.00381'>63.0</span>", "<span data-toggle='tooltip' data-placement='right' title='原始值：0.59'>0.59</span>", "<span data-toggle='tooltip' data-placement='right' title='原始值：0.08351'>0.084</span>", "*", "*", "*", "*", "正常"], ["陕西省", "黄河流域", "<span data-toggle='tooltip' data-placement='right' title='所在地市:渭南市&#10;所属河流:渭河'>潼关吊桥</span>", null, "", "--", "--", "--", "--", "--", "--", "--", "--", "--", "*", "*", "停站"], ["甘肃省", "黄河流域", "<span data-toggle='tooltip' data-placement='right' title='所在地市:兰州市&#10;所属河流:黄河'>新城桥</span>", "08-09 08:00", "Ⅱ", "<span data-toggle='tooltip' data-placement='right' title='原始值：16.97123'>17.0</span>", "<span data-toggle='tooltip' data-placement='right' title='原始值：7.1067'>7.11</span>", "<span data-toggle='tooltip' data-placement='right' title='原始值：8.33411'>8.33</span>", "<span data-toggle='tooltip' data-placement='right' title='原始值：380.3347'>380.3</span>", "<span data-toggle='tooltip' data-placement='right' title='原始值：240.4545'>240.5</span>", "<span data-toggle='tooltip' data-placement='right' title='原始值：3.17'>3.17</span>", "<span data-toggle='tooltip' data-placement='right' title='原始值：0.19'>0.190</span>", "<span data-toggle='tooltip' data-placement='right' title='原始值：0.04571'>0.046</span>", "<span data-toggle='tooltip' data-placement='right' title='原始值：3.61085'>3.61</span>", "*", "*", "正常"], ["宁夏回族自治区", "黄河流域", "<span data-toggle='tooltip' data-placement='right' title='所在地市:中卫市&#10;所属河流:黄河'>中卫下河沿(新墩)</span>", "08-09 08:00", "劣Ⅴ", "<span data-toggle='tooltip' data-placement='right' title='原始值：22.8139'>22.8</span>", "<span data-toggle='tooltip' data-placement='right' title='原始值：7.32048'>7.32</span>", "<span data-toggle='tooltip' data-placement='right' title='原始值：7.77464'>7.77</span>", "<span data-toggle='tooltip' data-placement='right' title='原始值：572.9014'>572.9</span>", "<span data-toggle='tooltip' data-placement='right' title='原始值：3245.538'>3245.5</span>", "<span data-toggle='tooltip' data-placement='right' title='原始值：5.64'>5.64</span>", "<span data-toggle='tooltip' data-placement='right' title='原始值：0.02'>0.020</span>", "<span data-toggle='tooltip' data-placement='right' title='原始值：0.7563'>0.756</span>", "<span data-toggle='tooltip' data-placement='right' title='原始值：2.0065'>2.01</span>", "*", "*", "正常"]]}