{"result": 1, "total": 1, "records": 98, "thead": ["省份", "流域", "断面名称", "监测时间", "水质类别", "水温<br/><span class='unit'>(℃)</span>", "pH<br/><span class='unit'>(无量纲)</span>", "溶解氧<br/><span class='unit'>(mg/L)</span>", "电导率<br/><span class='unit'>(μS/cm)</span>", "浊度<br/><span class='unit'>(NTU)</span>", "高锰酸盐指数<br/><span class='unit'>(mg/L)</span>", "氨氮<br/><span class='unit'>(mg/L)</span>", "总磷<br/><span class='unit'>(mg/L)</span>", "总氮<br/><span class='unit'>(mg/L)</span>", "叶绿素α<br/><span class='unit'>(mg/L)</span>", "藻密度<br/><span class='unit'>(cells/L)</span>", "站点情况"], "tbody": [["北京市", "海河流域", "<span data-toggle='tooltip' data-placement='right' title='所在地市:门头沟区&#10;所属河流:永定河'>沿河城</span>", "08-03 08:00", "Ⅳ", "<span data-toggle='tooltip' data-placement='right' title='原始值：25.16172'>25.2</span>", "<span data-toggle='tooltip' data-placement='right' title='原始值：8.32124'>8.32</span>", "<span data-toggle='tooltip' data-placement='right' title='原始值：7.05106'>7.05</span>", "<span data-toggle='tooltip' data-placement='right' title='原始值：1421.174'>1421.2</span>", "<span data-toggle='tooltip' data-placement='right' title='原始值：11.19271'>11.2</span>", "<span data-toggle='tooltip' data-placement='right' title='原始值：6.535'>6.54</span>", "<span data-toggle='tooltip' data-placement='right' title='原始值：0.11'>0.110</span>", "<span data-toggle='tooltip' data-placement='right' title='原始值：0.0342'>0.034</span>", "<span data-toggle='tooltip' data-placement='right' title='原始值：0.68101'>0.68</span>", "*", "*", "正常"], ["北京市", "海河流域", "<span data-toggle='tooltip' data-placement='right' title='所在地市:密云区&#10;所属河流:潮河'>古北口</span>", "08-03 08:00", "", "<span data-toggle='tooltip' data-placement='right' title='原始值：25.43877'>25.4</span>", "<span data-toggle='tooltip' data-placement='right' title='原始值：7.09053'>7.09</span>", "<span data-toggle='tooltip' data-placement='right' title='原始值：6.80457'>6.80</span>", "<span data-toggle='tooltip' data-placement='right' title='原始值：642.962'>643.0</span>", "<span data-toggle='tooltip' data-placement='right' title='原始值：3.75907'>3.8</span>", "<span data-toggle='tooltip' data-placement='right' title='原始值：1.01217'>1.01</span>", "<span data-toggle='tooltip' data-placement='right' title='原始值：0.27'>0.270</span>", "<span data-toggle='tooltip' data-placement='right' title='极值过滤'>--</span>", "<span data-toggle='tooltip' data-placement='right' title='原始值：3.2968'>3.30</span>", "*", "*", "维护"], ["天津市", "海河流域", "<span data-toggle='tooltip' data-placement='right' title='所在地市:河北区&#10;所属河流:海河'>三岔口</span>", "08-03 08:00", "劣Ⅴ", "<span data-toggle='tooltip' data-placement='right' title='原始值：28.5516'>28.6</span>", "<span data-toggle='tooltip' data-placement='right' title='原始值：7.2571'>7.26</span>", "<span data-toggle='tooltip' data-placement='right' title='原始值：3.853'>3.85</span>", "<span data-toggle='tooltip' data-placement='right' title='原始值：348.2827'>348.3</span>", "<span data-toggle='tooltip' data-placement='right' title='原始值：11.486'>11.5</span>", "<span data-toggle='tooltip' data-placement='right' title='原始值：3.58'>3.58</span>", "<span data-toggle='tooltip' data-placement='right' title='原始值：2.29'>2.290</span>", "<span data-toggle='tooltip' data-placement='right' title='原始值：0.0032'>0.003</span>", "<span data-toggle='tooltip' data-placement='right' title='原始值：1.7583'>1.76</span>", "*", "*", "正常"], ["天津市", "海河流域", "<span data-toggle='tooltip' data-placement='right' title='所在地市:蓟州区&#10;所属河流:果河'>果河桥</span>", "08-03 08:00", "劣Ⅴ", "<span data-toggle='tooltip' data-placement='right' title='原始值：29.6'>29.6</span>", "<span data-toggle='tooltip' data-placement='right' title='原始值：9.065'>9.06</span>", "<span data-toggle='tooltip' data-placement='right' title='原始值：14.425'>14.42</span>", "<span data-toggle='tooltip' data-placement='right' title='原始值：537.88'>537.9</span>", "<span data-toggle='tooltip' data-placement='right' title='原始值：6.855'>6.9</span>", "<span data-toggle='tooltip' data-placement='right' title='原始值：3.5481'>3.55</span>", "<span data-toggle='tooltip' data-placement='right' title='原始值：0.11'>0.110</span>", "<span data-toggle='tooltip' data-placement='right' title='原始值：0.0503'>0.050</span>", "<span data-toggle='tooltip' data-placement='right' title='原始值：2.2139'>2.21</span>", "*", "*", "正常"], ["河北省", "海河流域", "<span data-toggle='tooltip' data-placement='right' title='所在地市:石家庄市&#10;所属河流:滹沱河'>岗南水库</span>", "08-03 08:00", "Ⅱ", "<span data-toggle='tooltip' data-placement='right' title='原始值：27.79899'>27.8</span>", "<span data-toggle='tooltip' data-placement='right' title='原始值：8.32506'>8.33</span>", "<span data-toggle='tooltip' data-placement='right' title='原始值：8.09397'>8.09</span>", "<span data-toggle='tooltip' data-placement='right' title='原始值：551.7213'>551.7</span>", "<span data-toggle='tooltip' data-placement='right' title='原始值：2.09031'>2.1</span>", "<span data-toggle='tooltip' data-placement='right' title='原始值：2.1171'>2.12</span>", "<span data-toggle='tooltip' data-placement='right' title='原始值：0.05'>0.050</span>", "<span data-toggle='tooltip' data-placement='right' title='原始值：0.00109'>0.001</span>", "<span data-toggle='tooltip' data-placement='right' title='原始值：2.25889'>2.26</span>", "*", "*", "正常"], ["河北省", "海河流域", "<span data-toggle='tooltip' data-placement='right' title='所在地市:张家口市&#10;所属河流:永定河'>八号桥</span>", "08-03 08:00", "劣Ⅴ", "<span data-toggle='tooltip' data-placement='right' title='原始值：24.5502'>24.6</span>", "<span data-toggle='tooltip' data-placement='right' title='原始值：7.45144'>7.45</span>", "<span data-toggle='tooltip' data-placement='right' title='原始值：2.98715'>2.99</span>", "<span data-toggle='tooltip' data-placement='right' title='原始值：1116.004'>1116.0</span>", "<span data-toggle='tooltip' data-placement='right' title='原始值：48.08936'>48.1</span>", "<span data-toggle='tooltip' data-placement='right' title='原始值：5.04'>5.04</span>", "<span data-toggle='tooltip' data-placement='right' title='原始值：2.59'>2.590</span>", "<span data-toggle='tooltip' data-placement='right' title='原始值：0.24375'>0.244</span>", "<span data-toggle='tooltip' data-placement='right' title='原始值：5.52'>5.52</span>", "*", "*", "正常"], ["山西省", "黄河流域", "<span data-toggle='tooltip' data-placement='right' title='所在地市:运城市&#10;所属河流:汾河'>河津大桥</span>", null, "", "--", "--", "--", "--", "--", "--", "--", "--", "--", "*", "*", "停站"], ["山西省", "黄河流域", "<span data-toggle='tooltip' data-placement='right' title='所在地市:忻州市&#10;所属河流:黄河'>万家寨水库</span>", "08-03 08:00", "劣Ⅴ", "<span data-toggle='tooltip' data-placement='right' title='原始值：24.16875'>24.2</span>", "<span data-toggle='tooltip' data-placement='right' title='原始值：7.7252'>7.73</span>", "<span data-toggle='tooltip' data-placement='right' title='原始值：6.9384'>6.94</span>", "<span data-toggle='tooltip' data-placement='right' title='原始值：706.473'>706.5</span>", "<span data-toggle='tooltip' data-placement='right' title='原始值：100.7706'>100.8</span>", "<span data-toggle='tooltip' data-placement='right' title='原始值：3.52'>3.52</span>", "<span data-toggle='tooltip' data-placement='right' title='原始值：0.35'>0.350</span>", "<span data-toggle='tooltip' data-placement='right' title='原始值：0.6885'>0.688</span>", "<span data-toggle='tooltip' data-placement='right' title='原始值：0.0125'>0.01</span>", "*", "*", "正常"], ["内蒙古自治区", "黄河流域", "<span data-toggle='tooltip' data-placement='right' title='所在地市:包头市&#10;所属河流:黄河'>画匠营子</span>", "08-03 08:00", "Ⅱ", "<span data-toggle='tooltip' data-placement='right' title='原始值：25.15065'>25.2</span>", "<span data-toggle='tooltip' data-placement='right' title='原始值：7.58823'>7.59</span>", "<span data-toggle='tooltip' data-placement='right' title='原始值：6.83883'>6.84</span>", "<span data-toggle='tooltip' data-placement='right' title='原始值：715.0427'>715.0</span>", "<span data-toggle='tooltip' data-placement='right' title='原始值：1844.632'>1844.6</span>", "<span data-toggle='tooltip' data-placement='right' title='原始值：3.32799'>3.33</span>", "<span data-toggle='tooltip' data-placement='right' title='原始值：0.07306'>0.073</span>", "*", "*", "*", "*", "正常"], ["内蒙古自治区", "黄河流域", "<span data-toggle='tooltip' data-placement='right' title='所在地市:乌海市&#10;所属河流:黄河'>海勃湾</span>", "08-03 08:00", "Ⅲ", "<span data-toggle='tooltip' data-placement='right' title='原始值：22.57322'>22.6</span>", "<span data-toggle='tooltip' data-placement='right' title='原始值：7.59736'>7.60</span>", "<span data-toggle='tooltip' data-placement='right' title='原始值：5.82572'>5.83</span>", "<span data-toggle='tooltip' data-placement='right' title='原始值：624.3117'>624.3</span>", "<span data-toggle='tooltip' data-placement='right' title='原始值：60.98684'>61.0</span>", "<span data-toggle='tooltip' data-placement='right' title='原始值：2.01'>2.01</span>", "<span data-toggle='tooltip' data-placement='right' title='原始值：0.17'>0.170</span>", "*", "*", "*", "*", "正常"], ["内蒙古自治区", "松花江流域", "<span data-toggle='tooltip' data-placement='right' title='所在地市:呼伦贝尔市&#10;所属河流:额尔古纳河'>黑山头</span>", null, "", "--", "--", "--", "--", "--", "--", "--", "--", "--", "*", "*", "停站"], ["辽宁省", "辽河流域", "<span data-toggle='tooltip' data-placement='right' title='所在地市:抚顺市&#10;所属河流:浑河'>大伙房水库</span>", "08-03 04:00", "", "<span data-toggle='tooltip' data-placement='right' title='原始值：26.93515'>26.9</span>", "<span data-toggle='tooltip' data-placement='right' title='原始值：7.04286'>7.04</span>", "<span data-toggle='tooltip' data-placement='right' title='原始值：7.72536'>7.73</span>", "<span data-toggle='tooltip' data-placement='right' title='原始值：300.322'>300.3</span>", "<span data-toggle='tooltip' data-placement='right' title='原始值：34.62367'>34.6</span>", "<span data-toggle='tooltip' data-placement='right' title='原始值：1.77334'>1.77</span>", "<span data-toggle='tooltip' data-placement='right' title='原始值：0.08'>0.080</span>", "<span data-toggle='tooltip' data-placement='right' title='极值过滤'>--</span>", "<span data-toggle='tooltip' data-placement='right' title='极值过滤'>--</span>", "<span data-toggle='tooltip' data-placement='right' title='极值过滤'>--</span>", "*", "维护"], ["辽宁省", "辽河流域", "<span data-toggle='tooltip' data-placement='right' title='所在地市:丹东市&#10;所属河流:鸭绿江'>江桥</span>", "08-03 08:00", "Ⅱ", "<span data-toggle='tooltip' data-placement='right' title='原始值：20.2'>20.2</span>", "<span data-toggle='tooltip' data-placement='right' title='原始值：6.83'>6.83</span>", "<span data-toggle='tooltip' data-placement='right' title='原始值：7.0075'>7.01</span>", "<span data-toggle='tooltip' data-placement='right' title='原始值：147'>147.0</span>", "<span data-toggle='tooltip' data-placement='right' title='原始值：11.60075'>11.6</span>", "<span data-toggle='tooltip' data-placement='right' title='原始值：2.22'>2.22</span>", "<span data-toggle='tooltip' data-placement='right' title='原始值：0.07266'>0.073</span>", "<span data-toggle='tooltip' data-placement='right' title='原始值：0.06886'>0.069</span>", "<span data-toggle='tooltip' data-placement='right' title='原始值：2.11578'>2.12</span>", "*", "*", "正常"], ["辽宁省", "辽河流域", "<span data-toggle='tooltip' data-placement='right' title='所在地市:营口市&#10;所属河流:大辽河'>辽河公园</span>", "08-03 08:00", "Ⅴ", "<span data-toggle='tooltip' data-placement='right' title='原始值：25.94056'>25.9</span>", "<span data-toggle='tooltip' data-placement='right' title='原始值：7.66231'>7.66</span>", "<span data-toggle='tooltip' data-placement='right' title='原始值：7.13868'>7.14</span>", "<span data-toggle='tooltip' data-placement='right' title='原始值：41392.2'>41392.2</span>", "<span data-toggle='tooltip' data-placement='right' title='原始值：160.5543'>160.6</span>", "<span data-toggle='tooltip' data-placement='right' title='原始值：10.31967'>10.32</span>", "<span data-toggle='tooltip' data-placement='right' title='原始值：0.08146'>0.081</span>", "<span data-toggle='tooltip' data-placement='right' title='原始值：0.23913'>0.239</span>", "<span data-toggle='tooltip' data-placement='right' title='原始值：4.15252'>4.15</span>", "*", "*", "正常"], ["辽宁省", "辽河流域", "<span data-toggle='tooltip' data-placement='right' title='所在地市:辽阳市&#10;所属河流:太子河'>汤河水库</span>", "08-03 08:00", "", "<span data-toggle='tooltip' data-placement='right' title='原始值：17.80005'>17.8</span>", "<span data-toggle='tooltip' data-placement='right' title='原始值：7.52'>7.52</span>", "<span data-toggle='tooltip' data-placement='right' title='极值过滤'>--</span>", "<span data-toggle='tooltip' data-placement='right' title='原始值：482.0342'>482.0</span>", "<span data-toggle='tooltip' data-placement='right' title='原始值：3.59678'>3.6</span>", "<span data-toggle='tooltip' data-placement='right' title='原始值：1.68'>1.68</span>", "<span data-toggle='tooltip' data-placement='right' title='原始值：0.00368'>0.004</span>", "<span data-toggle='tooltip' data-placement='right' title='极值过滤'>--</span>", "<span data-toggle='tooltip' data-placement='right' title='极值过滤'>--</span>", "*", "*", "维护"], ["辽宁省", "辽河流域", "<span data-toggle='tooltip' data-placement='right' title='所在地市:盘锦市&#10;所属河流:辽河'>盘锦兴安(兴安)</span>", "08-03 08:00", "", "<span data-toggle='tooltip' data-placement='right' title='原始值：25.49502'>25.5</span>", "<span data-toggle='tooltip' data-placement='right' title='原始值：6.0442'>6.04</span>", "<span data-toggle='tooltip' data-placement='right' title='原始值：4.8462'>4.85</span>", "<span data-toggle='tooltip' data-placement='right' title='原始值：612.3612'>612.4</span>", "<span data-toggle='tooltip' data-placement='right' title='原始值：89.78996'>89.8</span>", "<span data-toggle='tooltip' data-placement='right' title='极值过滤'>--</span>", "<span data-toggle='tooltip' data-placement='right' title='原始值：0.18'>0.180</span>", "<span data-toggle='tooltip' data-placement='right' title='原始值：0.14469'>0.145</span>", "<span data-toggle='tooltip' data-placement='right' title='原始值：0.73328'>0.73</span>", "*", "*", "维护"], ["辽宁省", "辽河流域", "<span data-toggle='tooltip' data-placement='right' title='所在地市:铁岭市&#10;所属河流:辽河'>珠尔山</span>", "08-03 08:00", "Ⅳ", "<span data-toggle='tooltip' data-placement='right' title='原始值：25.93192'>25.9</span>", "<span data-toggle='tooltip' data-placement='right' title='原始值：7.33146'>7.33</span>", "<span data-toggle='tooltip' data-placement='right' title='原始值：6.63872'>6.64</span>", "<span data-toggle='tooltip' data-placement='right' title='原始值：465.5801'>465.6</span>", "<span data-toggle='tooltip' data-placement='right' title='原始值：23.42318'>23.4</span>", "<span data-toggle='tooltip' data-placement='right' title='原始值：6.52642'>6.53</span>", "<span data-toggle='tooltip' data-placement='right' title='原始值：0.15'>0.150</span>", "<span data-toggle='tooltip' data-placement='right' title='原始值：0.12996'>0.130</span>", "<span data-toggle='tooltip' data-placement='right' title='原始值：2.18553'>2.19</span>", "*", "*", "正常"], ["吉林省", "松花江流域", "<span data-toggle='tooltip' data-placement='right' title='所在地市:长春市&#10;所属河流:松花江'>松花江村</span>", null, "", "--", "--", "--", "--", "--", "--", "--", "--", "--", "*", "*", "停站"], ["吉林省", "松花江流域", "<span data-toggle='tooltip' data-placement='right' title='所在地市:白城市&#10;所属河流:嫩江'>白沙滩</span>", null, "", "--", "--", "--", "--", "--", "--", "--", "--", "--", "*", "*", "停站"], ["吉林省", "松花江流域", "<span data-toggle='tooltip' data-placement='right' title='所在地市:延边朝鲜族自治州&#10;所属河流:图们江'>圈河</span>", null, "", "--", "--", "--", "--", "--", "--", "--", "--", "--", "*", "*", "停站"], ["黑龙江省", "松花江流域", "<span data-toggle='tooltip' data-placement='right' title='所在地市:大庆市&#10;所属河流:松花江'>肇源</span>", null, "", "--", "--", "--", "--", "--", "--", "--", "--", "--", "*", "*", "停站"], ["黑龙江省", "松花江流域", "<span data-toggle='tooltip' data-placement='right' title='所在地市:佳木斯市&#10;所属河流:乌苏里江'>乌苏镇</span>", null, "", "--", "--", "--", "--", "--", "--", "--", "--", "--", "*", "*", "停站"], ["黑龙江省", "松花江流域", "<span data-toggle='tooltip' data-placement='right' title='所在地市:佳木斯市&#10;所属河流:松花江'>同江</span>", null, "", "--", "--", "--", "--", "--", "--", "--", "--", "--", "*", "*", "停站"], ["黑龙江省", "松花江流域", "<span data-toggle='tooltip' data-placement='right' title='所在地市:黑河市&#10;所属河流:黑龙江'>黑河下(黑河)</span>", null, "", "--", "--", "--", "--", "--", "--", "--", "--", "--", "*", "*", "停站"], ["上海市", "长江流域", "<span data-toggle='tooltip' data-placement='right' title='所在地市:青浦区&#10;所属河流:淀山湖'>急水港桥</span>", "08-03 08:00", "Ⅳ", "<span data-toggle='tooltip' data-placement='right' title='原始值：30.3'>30.3</span>", "<span data-toggle='tooltip' data-placement='right' title='原始值：7.37'>7.37</span>", "<span data-toggle='tooltip' data-placement='right' title='原始值：4.69'>4.69</span>", "<span data-toggle='tooltip' data-placement='right' title='原始值：390'>390.0</span>", "<span data-toggle='tooltip' data-placement='right' title='原始值：210.1'>210.1</span>", "<span data-toggle='tooltip' data-placement='right' title='原始值：3.1875'>3.19</span>", "<span data-toggle='tooltip' data-placement='right' title='原始值：0.11534'>0.115</span>", "<span data-toggle='tooltip' data-placement='right' title='原始值：0.08398'>0.084</span>", "<span data-toggle='tooltip' data-placement='right' title='原始值：2.96877'>2.97</span>", "<span data-toggle='tooltip' data-placement='right' title='原始值：0.00776'>0.008</span>", "<span data-toggle='tooltip' data-placement='right' title='原始值：1.092614E+07'>10926140</span>", "正常"], ["江苏省", "长江流域", "<span data-toggle='tooltip' data-placement='right' title='所在地市:南京市&#10;所属河流:长江'>林山</span>", null, "", "--", "--", "--", "--", "--", "--", "--", "--", "--", "*", "*", "停站"], ["江苏省", "太湖流域", "<span data-toggle='tooltip' data-placement='right' title='所在地市:无锡市&#10;所属河流:太湖'>沙渚</span>", "08-03 08:00", "", "<span data-toggle='tooltip' data-placement='right' title='原始值：29.35743'>29.4</span>", "<span data-toggle='tooltip' data-placement='right' title='原始值：7.553575'>7.55</span>", "<span data-toggle='tooltip' data-placement='right' title='原始值：5.493189'>5.49</span>", "<span data-toggle='tooltip' data-placement='right' title='原始值：357.3539'>357.4</span>", "<span data-toggle='tooltip' data-placement='right' title='原始值：48.82417'>48.8</span>", "<span data-toggle='tooltip' data-placement='right' title='原始值：2.83'>2.83</span>", "<span data-toggle='tooltip' data-placement='right' title='原始值：0.22'>0.220</span>", "<span data-toggle='tooltip' data-placement='right' title='极值过滤'>--</span>", "<span data-toggle='tooltip' data-placement='right' title='极值过滤'>--</span>", "*", "*", "维护"], ["江苏省", "淮河流域", "<span data-toggle='tooltip' data-placement='right' title='所在地市:徐州市&#10;所属河流:武河'>小红圈</span>", "08-03 08:00", "Ⅳ", "<span data-toggle='tooltip' data-placement='right' title='原始值：26.1'>26.1</span>", "<span data-toggle='tooltip' data-placement='right' title='原始值：7.11'>7.11</span>", "<span data-toggle='tooltip' data-placement='right' title='原始值：4.34'>4.34</span>", "<span data-toggle='tooltip' data-placement='right' title='原始值：967.5'>967.5</span>", "<span data-toggle='tooltip' data-placement='right' title='原始值：22.59'>22.6</span>", "<span data-toggle='tooltip' data-placement='right' title='原始值：7.48'>7.48</span>", "<span data-toggle='tooltip' data-placement='right' title='原始值：0.3'>0.300</span>", "*", "*", "*", "*", "正常"], ["江苏省", "淮河流域", "<span data-toggle='tooltip' data-placement='right' title='所在地市:徐州市&#10;所属河流:沿河'>李集桥</span>", "08-03 08:00", "Ⅴ", "<span data-toggle='tooltip' data-placement='right' title='原始值：29.1'>29.1</span>", "<span data-toggle='tooltip' data-placement='right' title='原始值：8.65'>8.65</span>", "<span data-toggle='tooltip' data-placement='right' title='原始值：7.93'>7.93</span>", "<span data-toggle='tooltip' data-placement='right' title='原始值：672.2'>672.2</span>", "<span data-toggle='tooltip' data-placement='right' title='原始值：194.29'>194.3</span>", "<span data-toggle='tooltip' data-placement='right' title='原始值：9'>9.00</span>", "<span data-toggle='tooltip' data-placement='right' title='原始值：0.032'>0.032</span>", "<span data-toggle='tooltip' data-placement='right' title='原始值：0.308'>0.308</span>", "<span data-toggle='tooltip' data-placement='right' title='原始值：3.713'>3.71</span>", "*", "*", "正常"], ["江苏省", "淮河流域", "<span data-toggle='tooltip' data-placement='right' title='所在地市:徐州市&#10;所属河流:邳苍分洪道'>艾山西大桥</span>", "08-03 08:00", "劣Ⅴ", "<span data-toggle='tooltip' data-placement='right' title='原始值：25.7599'>25.8</span>", "<span data-toggle='tooltip' data-placement='right' title='原始值：7.418'>7.42</span>", "<span data-toggle='tooltip' data-placement='right' title='原始值：6.34261'>6.34</span>", "<span data-toggle='tooltip' data-placement='right' title='原始值：656.035'>656.0</span>", "<span data-toggle='tooltip' data-placement='right' title='原始值：142.269'>142.3</span>", "<span data-toggle='tooltip' data-placement='right' title='原始值：5.88'>5.88</span>", "<span data-toggle='tooltip' data-placement='right' title='原始值：0.7'>0.700</span>", "<span data-toggle='tooltip' data-placement='right' title='原始值：0.6564'>0.656</span>", "<span data-toggle='tooltip' data-placement='right' title='原始值：8.37612'>8.38</span>", "*", "*", "正常"], ["江苏省", "太湖流域", "<span data-toggle='tooltip' data-placement='right' title='所在地市:苏州市&#10;所属河流:太湖'>兰山嘴(老)</span>", "08-03 08:00", "Ⅲ", "<span data-toggle='tooltip' data-placement='right' title='原始值：31.3937'>31.4</span>", "<span data-toggle='tooltip' data-placement='right' title='原始值：8.35126'>8.35</span>", "<span data-toggle='tooltip' data-placement='right' title='原始值：8.52162'>8.52</span>", "<span data-toggle='tooltip' data-placement='right' title='原始值：240.6323'>240.6</span>", "<span data-toggle='tooltip' data-placement='right' title='原始值：73.60897'>73.6</span>", "<span data-toggle='tooltip' data-placement='right' title='原始值：5.49'>5.49</span>", "<span data-toggle='tooltip' data-placement='right' title='原始值：0.14'>0.140</span>", "<span data-toggle='tooltip' data-placement='right' title='原始值：0.14384'>0.144</span>", "<span data-toggle='tooltip' data-placement='right' title='原始值：1.74476'>1.74</span>", "*", "*", "正常"], ["江苏省", "太湖流域", "<span data-toggle='tooltip' data-placement='right' title='所在地市:苏州市&#10;所属河流:太湖'>西山</span>", "08-03 08:00", "Ⅲ", "<span data-toggle='tooltip' data-placement='right' title='原始值：30.52394'>30.5</span>", "<span data-toggle='tooltip' data-placement='right' title='原始值：8.19775'>8.20</span>", "<span data-toggle='tooltip' data-placement='right' title='原始值：6.80363'>6.80</span>", "<span data-toggle='tooltip' data-placement='right' title='原始值：207.4493'>207.4</span>", "<span data-toggle='tooltip' data-placement='right' title='原始值：38.78992'>38.8</span>", "<span data-toggle='tooltip' data-placement='right' title='原始值：1.87'>1.87</span>", "<span data-toggle='tooltip' data-placement='right' title='原始值：0.1'>0.100</span>", "<span data-toggle='tooltip' data-placement='right' title='原始值：0.0497'>0.050</span>", "<span data-toggle='tooltip' data-placement='right' title='原始值：0.6943'>0.69</span>", "*", "*", "正常"], ["江苏省", "淮河流域", "<span data-toggle='tooltip' data-placement='right' title='所在地市:连云港市&#10;所属河流:新沭河'>大兴桥</span>", null, "", "--", "--", "--", "--", "--", "--", "--", "--", "--", "*", "*", "停站"], ["江苏省", "淮河流域", "<span data-toggle='tooltip' data-placement='right' title='所在地市:淮安市&#10;所属河流:淮河'>淮河大桥</span>", null, "", "--", "--", "--", "--", "--", "--", "--", "--", "--", "*", "*", "停站"], ["江苏省", "长江流域", "<span data-toggle='tooltip' data-placement='right' title='所在地市:扬州市&#10;所属河流:夹江'>三江营</span>", null, "", "--", "--", "--", "--", "--", "--", "--", "--", "--", "*", "*", "停站"], ["江苏省", "淮河流域", "<span data-toggle='tooltip' data-placement='right' title='所在地市:宿迁市&#10;所属河流:新濉河'>大屈</span>", "08-03 08:00", "Ⅳ", "<span data-toggle='tooltip' data-placement='right' title='原始值：28.1'>28.1</span>", "<span data-toggle='tooltip' data-placement='right' title='原始值：6.52'>6.52</span>", "<span data-toggle='tooltip' data-placement='right' title='原始值：4.15'>4.15</span>", "<span data-toggle='tooltip' data-placement='right' title='原始值：715.5'>715.5</span>", "<span data-toggle='tooltip' data-placement='right' title='原始值：108.91'>108.9</span>", "<span data-toggle='tooltip' data-placement='right' title='原始值：6.23'>6.23</span>", "<span data-toggle='tooltip' data-placement='right' title='原始值：0.87'>0.870</span>", "<span data-toggle='tooltip' data-placement='right' title='原始值：0.181'>0.181</span>", "<span data-toggle='tooltip' data-placement='right' title='原始值：3.99'>3.99</span>", "*", "*", "正常"], ["浙江省", "浙闽片河流", "<span data-toggle='tooltip' data-placement='right' title='所在地市:杭州市&#10;所属河流:新安江'>街口(鸠坑口)</span>", null, "", "--", "--", "--", "--", "--", "--", "--", "--", "--", "*", "*", "停站"], ["浙江省", "太湖流域", "<span data-toggle='tooltip' data-placement='right' title='所在地市:嘉兴市&#10;所属河流:斜路港河'>斜路港</span>", "08-03 08:00", "Ⅲ", "<span data-toggle='tooltip' data-placement='right' title='原始值：29.5'>29.5</span>", "<span data-toggle='tooltip' data-placement='right' title='原始值：7.51'>7.51</span>", "<span data-toggle='tooltip' data-placement='right' title='原始值：5.46'>5.46</span>", "<span data-toggle='tooltip' data-placement='right' title='原始值：232'>232.0</span>", "<span data-toggle='tooltip' data-placement='right' title='原始值：68.3'>68.3</span>", "<span data-toggle='tooltip' data-placement='right' title='原始值：5.42'>5.42</span>", "<span data-toggle='tooltip' data-placement='right' title='原始值：0.02477'>0.025</span>", "<span data-toggle='tooltip' data-placement='right' title='原始值：0.047'>0.047</span>", "<span data-toggle='tooltip' data-placement='right' title='原始值：1.56252'>1.56</span>", "*", "*", "正常"], ["浙江省", "太湖流域", "<span data-toggle='tooltip' data-placement='right' title='所在地市:嘉兴市&#10;所属河流:京杭运河'>王江泾</span>", null, "", "--", "--", "--", "--", "--", "--", "--", "--", "--", "*", "*", "停站"], ["浙江省", "太湖流域", "<span data-toggle='tooltip' data-placement='right' title='所在地市:湖州市&#10;所属河流:西苕溪'>新港口(新塘港)</span>", "08-03 08:00", "Ⅱ", "<span data-toggle='tooltip' data-placement='right' title='原始值：30.1223'>30.1</span>", "<span data-toggle='tooltip' data-placement='right' title='原始值：8.44121'>8.44</span>", "<span data-toggle='tooltip' data-placement='right' title='原始值：7.51173'>7.51</span>", "<span data-toggle='tooltip' data-placement='right' title='原始值：229.79'>229.8</span>", "<span data-toggle='tooltip' data-placement='right' title='原始值：99.6235'>99.6</span>", "<span data-toggle='tooltip' data-placement='right' title='原始值：3.46464'>3.46</span>", "<span data-toggle='tooltip' data-placement='right' title='原始值：0.09888'>0.099</span>", "<span data-toggle='tooltip' data-placement='right' title='原始值：0.05272'>0.053</span>", "<span data-toggle='tooltip' data-placement='right' title='原始值：7.83246'>7.83</span>", "*", "*", "正常"], ["安徽省", "巢湖流域", "<span data-toggle='tooltip' data-placement='right' title='所在地市:合肥市&#10;所属河流:巢湖'>湖滨(老)</span>", "08-03 08:00", "Ⅳ", "<span data-toggle='tooltip' data-placement='right' title='原始值：30.5913'>30.6</span>", "<span data-toggle='tooltip' data-placement='right' title='原始值：8.15841'>8.16</span>", "<span data-toggle='tooltip' data-placement='right' title='原始值：11.33065'>11.33</span>", "<span data-toggle='tooltip' data-placement='right' title='原始值：226.5105'>226.5</span>", "<span data-toggle='tooltip' data-placement='right' title='原始值：51.46321'>51.5</span>", "<span data-toggle='tooltip' data-placement='right' title='原始值：6.37'>6.37</span>", "<span data-toggle='tooltip' data-placement='right' title='原始值：0.27'>0.270</span>", "<span data-toggle='tooltip' data-placement='right' title='原始值：0.0703'>0.070</span>", "<span data-toggle='tooltip' data-placement='right' title='原始值：1.473'>1.47</span>", "<span data-toggle='tooltip' data-placement='right' title='原始值：0.01895'>0.019</span>", "*", "正常"], ["安徽省", "巢湖流域", "<span data-toggle='tooltip' data-placement='right' title='所在地市:芜湖市&#10;所属河流:巢湖'>裕溪口(老)</span>", null, "", "--", "--", "--", "--", "--", "--", "--", "--", "--", "*", "*", "停站"], ["安徽省", "淮河流域", "<span data-toggle='tooltip' data-placement='right' title='所在地市:蚌埠市&#10;所属河流:淮河'>蚌埠闸上(蚌埠闸)</span>", null, "", "--", "--", "--", "--", "--", "--", "--", "--", "--", "*", "*", "停站"], ["安徽省", "淮河流域", "<span data-toggle='tooltip' data-placement='right' title='所在地市:淮南市&#10;所属河流:淮河'>石头埠(老)</span>", "08-03 08:00", "Ⅳ", "<span data-toggle='tooltip' data-placement='right' title='原始值：27.48854'>27.5</span>", "<span data-toggle='tooltip' data-placement='right' title='原始值：6.03165'>6.03</span>", "<span data-toggle='tooltip' data-placement='right' title='原始值：4.26069'>4.26</span>", "<span data-toggle='tooltip' data-placement='right' title='原始值：317.8757'>317.9</span>", "<span data-toggle='tooltip' data-placement='right' title='原始值：71.65018'>71.7</span>", "<span data-toggle='tooltip' data-placement='right' title='原始值：6.96'>6.96</span>", "<span data-toggle='tooltip' data-placement='right' title='原始值：0.08'>0.080</span>", "*", "*", "*", "*", "正常"], ["安徽省", "淮河流域", "<span data-toggle='tooltip' data-placement='right' title='所在地市:淮北市&#10;所属河流:沱河'>小王桥</span>", null, "", "--", "--", "--", "--", "--", "--", "--", "--", "--", "*", "*", "停站"], ["安徽省", "长江流域", "<span data-toggle='tooltip' data-placement='right' title='所在地市:安庆市&#10;所属河流:长江'>皖河口</span>", null, "", "--", "--", "--", "--", "--", "--", "--", "--", "--", "*", "*", "停站"], ["安徽省", "淮河流域", "<span data-toggle='tooltip' data-placement='right' title='所在地市:滁州市&#10;所属河流:淮河'>小柳巷</span>", null, "", "--", "--", "--", "--", "--", "--", "--", "--", "--", "*", "*", "停站"], ["安徽省", "淮河流域", "<span data-toggle='tooltip' data-placement='right' title='所在地市:阜阳市&#10;所属河流:黑茨河'>张大桥</span>", null, "", "--", "--", "--", "--", "--", "--", "--", "--", "--", "*", "*", "停站"], ["安徽省", "淮河流域", "<span data-toggle='tooltip' data-placement='right' title='所在地市:阜阳市&#10;所属河流:淮河'>王家坝</span>", null, "", "--", "--", "--", "--", "--", "--", "--", "--", "--", "*", "*", "停站"], ["安徽省", "淮河流域", "<span data-toggle='tooltip' data-placement='right' title='所在地市:阜阳市&#10;所属河流:颍河'>界首七渡口(七渡口)</span>", "08-03 08:00", "Ⅳ", "<span data-toggle='tooltip' data-placement='right' title='原始值：27.4054'>27.4</span>", "<span data-toggle='tooltip' data-placement='right' title='原始值：7.55422'>7.55</span>", "<span data-toggle='tooltip' data-placement='right' title='原始值：3.28834'>3.29</span>", "<span data-toggle='tooltip' data-placement='right' title='原始值：725.4746'>725.5</span>", "<span data-toggle='tooltip' data-placement='right' title='原始值：15.65852'>15.7</span>", "<span data-toggle='tooltip' data-placement='right' title='原始值：5.48'>5.48</span>", "<span data-toggle='tooltip' data-placement='right' title='原始值：0.08'>0.080</span>", "<span data-toggle='tooltip' data-placement='right' title='原始值：0.12578'>0.126</span>", "<span data-toggle='tooltip' data-placement='right' title='原始值：5.72111'>5.72</span>", "*", "*", "正常"], ["安徽省", "淮河流域", "<span data-toggle='tooltip' data-placement='right' title='所在地市:阜阳市&#10;所属河流:泉河'>许庄(徐庄)</span>", null, "", "--", "--", "--", "--", "--", "--", "--", "--", "--", "*", "*", "停站"], ["安徽省", "淮河流域", "<span data-toggle='tooltip' data-placement='right' title='所在地市:宿州市&#10;所属河流:奎河'>杨庄</span>", "08-03 08:00", "Ⅳ", "<span data-toggle='tooltip' data-placement='right' title='原始值：28.35'>28.4</span>", "<span data-toggle='tooltip' data-placement='right' title='原始值：7.46'>7.46</span>", "<span data-toggle='tooltip' data-placement='right' title='原始值：3.42'>3.42</span>", "<span data-toggle='tooltip' data-placement='right' title='原始值：666.3'>666.3</span>", "<span data-toggle='tooltip' data-placement='right' title='原始值：340.87'>340.9</span>", "<span data-toggle='tooltip' data-placement='right' title='原始值：4.57'>4.57</span>", "<span data-toggle='tooltip' data-placement='right' title='原始值：1.087'>1.087</span>", "*", "*", "*", "*", "正常"], ["安徽省", "淮河流域", "<span data-toggle='tooltip' data-placement='right' title='所在地市:宿州市&#10;所属河流:新汴河'>泗县公路桥</span>", "08-03 08:00", "Ⅳ", "<span data-toggle='tooltip' data-placement='right' title='原始值：28.6'>28.6</span>", "<span data-toggle='tooltip' data-placement='right' title='原始值：7.43'>7.43</span>", "<span data-toggle='tooltip' data-placement='right' title='原始值：4.29'>4.29</span>", "<span data-toggle='tooltip' data-placement='right' title='原始值：741.6'>741.6</span>", "<span data-toggle='tooltip' data-placement='right' title='原始值：154.47'>154.5</span>", "<span data-toggle='tooltip' data-placement='right' title='原始值：5.91'>5.91</span>", "<span data-toggle='tooltip' data-placement='right' title='原始值：0.23'>0.230</span>", "*", "*", "*", "*", "正常"], ["安徽省", "淮河流域", "<span data-toggle='tooltip' data-placement='right' title='所在地市:亳州市&#10;所属河流:包河'>颜集</span>", "08-03 08:00", "Ⅳ", "<span data-toggle='tooltip' data-placement='right' title='原始值：27.5'>27.5</span>", "<span data-toggle='tooltip' data-placement='right' title='原始值：7.42'>7.42</span>", "<span data-toggle='tooltip' data-placement='right' title='原始值：6.64'>6.64</span>", "<span data-toggle='tooltip' data-placement='right' title='原始值：1059.5'>1059.5</span>", "<span data-toggle='tooltip' data-placement='right' title='原始值：119.42'>119.4</span>", "<span data-toggle='tooltip' data-placement='right' title='原始值：6.77'>6.77</span>", "<span data-toggle='tooltip' data-placement='right' title='原始值：0.04'>0.040</span>", "<span data-toggle='tooltip' data-placement='right' title='原始值：0.265'>0.265</span>", "<span data-toggle='tooltip' data-placement='right' title='原始值：1.365'>1.36</span>", "*", "*", "正常"], ["福建省", "浙闽片河流", "<span data-toggle='tooltip' data-placement='right' title='所在地市:福州市&#10;所属河流:闽江'>白岩潭</span>", "08-03 08:00", "Ⅱ", "<span data-toggle='tooltip' data-placement='right' title='原始值：29.97'>30.0</span>", "<span data-toggle='tooltip' data-placement='right' title='原始值：7.03'>7.03</span>", "<span data-toggle='tooltip' data-placement='right' title='原始值：6.35'>6.35</span>", "<span data-toggle='tooltip' data-placement='right' title='原始值：261.6'>261.6</span>", "<span data-toggle='tooltip' data-placement='right' title='原始值：41.58'>41.6</span>", "<span data-toggle='tooltip' data-placement='right' title='原始值：1.97'>1.97</span>", "<span data-toggle='tooltip' data-placement='right' title='原始值：0.06'>0.060</span>", "*", "*", "*", "*", "正常"], ["江西省", "长江流域", "<span data-toggle='tooltip' data-placement='right' title='所在地市:南昌市&#10;所属河流:赣江南支'>滁槎</span>", "08-03 08:00", "Ⅱ", "<span data-toggle='tooltip' data-placement='right' title='原始值：31.20593'>31.2</span>", "<span data-toggle='tooltip' data-placement='right' title='原始值：7.48545'>7.49</span>", "<span data-toggle='tooltip' data-placement='right' title='原始值：6.35858'>6.36</span>", "<span data-toggle='tooltip' data-placement='right' title='原始值：158.927'>158.9</span>", "<span data-toggle='tooltip' data-placement='right' title='原始值：34.35386'>34.4</span>", "<span data-toggle='tooltip' data-placement='right' title='原始值：3.43'>3.43</span>", "<span data-toggle='tooltip' data-placement='right' title='原始值：0.18'>0.180</span>", "<span data-toggle='tooltip' data-placement='right' title='原始值：0.09737'>0.097</span>", "<span data-toggle='tooltip' data-placement='right' title='原始值：1.555'>1.56</span>", "*", "*", "正常"], ["江西省", "长江流域", "<span data-toggle='tooltip' data-placement='right' title='所在地市:九江市&#10;所属河流:长江'>姚港(河西水厂)</span>", "08-03 08:00", "", "<span data-toggle='tooltip' data-placement='right' title='原始值：27.15'>27.2</span>", "<span data-toggle='tooltip' data-placement='right' title='原始值：7.44'>7.44</span>", "<span data-toggle='tooltip' data-placement='right' title='原始值：7'>7.00</span>", "<span data-toggle='tooltip' data-placement='right' title='原始值：274.44'>274.4</span>", "<span data-toggle='tooltip' data-placement='right' title='原始值：58.3'>58.3</span>", "<span data-toggle='tooltip' data-placement='right' title='原始值：1.994'>1.99</span>", "<span data-toggle='tooltip' data-placement='right' title='极值过滤'>--</span>", "<span data-toggle='tooltip' data-placement='right' title='原始值：0.1'>0.100</span>", "<span data-toggle='tooltip' data-placement='right' title='原始值：1.29'>1.29</span>", "*", "*", "维护"], ["江西省", "长江流域", "<span data-toggle='tooltip' data-placement='right' title='所在地市:九江市&#10;所属河流:鄱阳湖'>蛤蟆石</span>", "08-03 08:00", "", "<span data-toggle='tooltip' data-placement='right' title='原始值：30.69'>30.7</span>", "<span data-toggle='tooltip' data-placement='right' title='原始值：6.96'>6.96</span>", "<span data-toggle='tooltip' data-placement='right' title='原始值：6.86'>6.86</span>", "<span data-toggle='tooltip' data-placement='right' title='原始值：97.95'>98.0</span>", "<span data-toggle='tooltip' data-placement='right' title='原始值：13.19'>13.2</span>", "<span data-toggle='tooltip' data-placement='right' title='原始值：1.409'>1.41</span>", "<span data-toggle='tooltip' data-placement='right' title='极值过滤'>--</span>", "<span data-toggle='tooltip' data-placement='right' title='原始值：0.019'>0.019</span>", "<span data-toggle='tooltip' data-placement='right' title='原始值：0.846'>0.85</span>", "<span data-toggle='tooltip' data-placement='right' title='原始值：0.00424'>0.004</span>", "<span data-toggle='tooltip' data-placement='right' title='原始值：983000'>983000</span>", "维护"], ["山东省", "黄河流域", "<span data-toggle='tooltip' data-placement='right' title='所在地市:济南市&#10;所属河流:黄河'>泺口</span>", "08-03 08:00", "Ⅲ", "<span data-toggle='tooltip' data-placement='right' title='原始值：29.2055'>29.2</span>", "<span data-toggle='tooltip' data-placement='right' title='原始值：7.78397'>7.78</span>", "<span data-toggle='tooltip' data-placement='right' title='原始值：5.49784'>5.50</span>", "<span data-toggle='tooltip' data-placement='right' title='原始值：701.986'>702.0</span>", "<span data-toggle='tooltip' data-placement='right' title='原始值：2110.78'>2110.8</span>", "<span data-toggle='tooltip' data-placement='right' title='原始值：2.47'>2.47</span>", "<span data-toggle='tooltip' data-placement='right' title='原始值：0.18517'>0.185</span>", "<span data-toggle='tooltip' data-placement='right' title='原始值：0.02457'>0.025</span>", "<span data-toggle='tooltip' data-placement='right' title='原始值：4.132'>4.13</span>", "*", "*", "正常"], ["山东省", "淮河流域", "<span data-toggle='tooltip' data-placement='right' title='所在地市:枣庄市&#10;所属河流:京杭大运河（韩庄运河）'>台儿庄大桥</span>", "08-03 08:00", "Ⅴ", "<span data-toggle='tooltip' data-placement='right' title='原始值：26.63812'>26.6</span>", "<span data-toggle='tooltip' data-placement='right' title='原始值：7.50524'>7.51</span>", "<span data-toggle='tooltip' data-placement='right' title='原始值：3.74597'>3.75</span>", "<span data-toggle='tooltip' data-placement='right' title='原始值：703.5546'>703.6</span>", "<span data-toggle='tooltip' data-placement='right' title='原始值：35.77188'>35.8</span>", "<span data-toggle='tooltip' data-placement='right' title='原始值：6.82158'>6.82</span>", "<span data-toggle='tooltip' data-placement='right' title='原始值：0.17522'>0.175</span>", "<span data-toggle='tooltip' data-placement='right' title='原始值：0.33769'>0.338</span>", "<span data-toggle='tooltip' data-placement='right' title='原始值：7.26059'>7.26</span>", "*", "*", "正常"], ["山东省", "淮河流域", "<span data-toggle='tooltip' data-placement='right' title='所在地市:临沂市&#10;所属河流:沭河'>清泉寺</span>", null, "", "--", "--", "--", "--", "--", "--", "--", "--", "--", "*", "*", "停站"], ["山东省", "淮河流域", "<span data-toggle='tooltip' data-placement='right' title='所在地市:临沂市&#10;所属河流:沂河'>重坊桥</span>", null, "", "--", "--", "--", "--", "--", "--", "--", "--", "--", "*", "*", "停站"], ["山东省", "淮河流域", "<span data-toggle='tooltip' data-placement='right' title='所在地市:临沂市&#10;所属河流:白马河'>捷庄(涝沟桥)</span>", "08-03 08:00", "Ⅳ", "<span data-toggle='tooltip' data-placement='right' title='原始值：28.7'>28.7</span>", "<span data-toggle='tooltip' data-placement='right' title='原始值：7.36'>7.36</span>", "<span data-toggle='tooltip' data-placement='right' title='原始值：6.42875'>6.43</span>", "<span data-toggle='tooltip' data-placement='right' title='原始值：602'>602.0</span>", "<span data-toggle='tooltip' data-placement='right' title='原始值：48.86189'>48.9</span>", "<span data-toggle='tooltip' data-placement='right' title='原始值：4.16'>4.16</span>", "<span data-toggle='tooltip' data-placement='right' title='原始值：0.07195'>0.072</span>", "<span data-toggle='tooltip' data-placement='right' title='原始值：0.26722'>0.267</span>", "<span data-toggle='tooltip' data-placement='right' title='原始值：5.63276'>5.63</span>", "*", "*", "正常"], ["山东省", "海河流域", "<span data-toggle='tooltip' data-placement='right' title='所在地市:聊城市&#10;所属河流:卫运河'>秤勾湾(秤钩湾)</span>", "08-03 08:00", "Ⅳ", "<span data-toggle='tooltip' data-placement='right' title='原始值：29.4996'>29.5</span>", "<span data-toggle='tooltip' data-placement='right' title='原始值：7.81871'>7.82</span>", "<span data-toggle='tooltip' data-placement='right' title='原始值：4.6596'>4.66</span>", "<span data-toggle='tooltip' data-placement='right' title='原始值：1123.998'>1124.0</span>", "<span data-toggle='tooltip' data-placement='right' title='原始值：149.6432'>149.6</span>", "<span data-toggle='tooltip' data-placement='right' title='原始值：2.27'>2.27</span>", "<span data-toggle='tooltip' data-placement='right' title='原始值：0.0793'>0.079</span>", "<span data-toggle='tooltip' data-placement='right' title='原始值：0.05543'>0.055</span>", "<span data-toggle='tooltip' data-placement='right' title='原始值：3.34774'>3.35</span>", "*", "*", "正常"], ["河南省", "长江流域", "<span data-toggle='tooltip' data-placement='right' title='所在地市:南阳市&#10;所属河流:丹江口水库'>陶岔</span>", "08-03 08:00", "", "<span data-toggle='tooltip' data-placement='right' title='原始值：28.87'>28.9</span>", "<span data-toggle='tooltip' data-placement='right' title='原始值：8.19884'>8.20</span>", "<span data-toggle='tooltip' data-placement='right' title='原始值：8.34004'>8.34</span>", "<span data-toggle='tooltip' data-placement='right' title='原始值：301.3127'>301.3</span>", "<span data-toggle='tooltip' data-placement='right' title='原始值：1.70489'>1.7</span>", "<span data-toggle='tooltip' data-placement='right' title='原始值：2.33'>2.33</span>", "<span data-toggle='tooltip' data-placement='right' title='原始值：0.04264'>0.043</span>", "<span data-toggle='tooltip' data-placement='right' title='极值过滤'>--</span>", "<span data-toggle='tooltip' data-placement='right' title='原始值：0.68211'>0.68</span>", "<span data-toggle='tooltip' data-placement='right' title='原始值：0.00076'>0.001</span>", "<span data-toggle='tooltip' data-placement='right' title='原始值：720863.3'>720863</span>", "维护"], ["河南省", "淮河流域", "<span data-toggle='tooltip' data-placement='right' title='所在地市:商丘市&#10;所属河流:浍河'>黄口</span>", "08-03 08:00", "Ⅴ", "<span data-toggle='tooltip' data-placement='right' title='原始值：28.1'>28.1</span>", "<span data-toggle='tooltip' data-placement='right' title='原始值：7.21016'>7.21</span>", "<span data-toggle='tooltip' data-placement='right' title='原始值：5.25016'>5.25</span>", "<span data-toggle='tooltip' data-placement='right' title='原始值：1172.016'>1172.0</span>", "<span data-toggle='tooltip' data-placement='right' title='原始值：19.10134'>19.1</span>", "<span data-toggle='tooltip' data-placement='right' title='原始值：9.36'>9.36</span>", "<span data-toggle='tooltip' data-placement='right' title='原始值：0.97571'>0.976</span>", "<span data-toggle='tooltip' data-placement='right' title='原始值：0.3084'>0.308</span>", "<span data-toggle='tooltip' data-placement='right' title='原始值：4.58169'>4.58</span>", "*", "*", "正常"], ["河南省", "淮河流域", "<span data-toggle='tooltip' data-placement='right' title='所在地市:信阳市&#10;所属河流:史灌河'>蒋集</span>", null, "", "--", "--", "--", "--", "--", "--", "--", "--", "--", "*", "*", "停站"], ["河南省", "淮河流域", "<span data-toggle='tooltip' data-placement='right' title='所在地市:信阳市&#10;所属河流:淮河'>淮滨水文站(淮滨)</span>", null, "", "--", "--", "--", "--", "--", "--", "--", "--", "--", "*", "*", "停站"], ["河南省", "淮河流域", "<span data-toggle='tooltip' data-placement='right' title='所在地市:周口市&#10;所属河流:沙河'>沈丘闸</span>", "08-03 08:00", "Ⅲ", "<span data-toggle='tooltip' data-placement='right' title='原始值：25.56225'>25.6</span>", "<span data-toggle='tooltip' data-placement='right' title='原始值：7.18607'>7.19</span>", "<span data-toggle='tooltip' data-placement='right' title='原始值：5.12208'>5.12</span>", "<span data-toggle='tooltip' data-placement='right' title='原始值：679.6036'>679.6</span>", "<span data-toggle='tooltip' data-placement='right' title='原始值：18.06984'>18.1</span>", "<span data-toggle='tooltip' data-placement='right' title='原始值：4.88'>4.88</span>", "<span data-toggle='tooltip' data-placement='right' title='原始值：0.04'>0.040</span>", "*", "*", "*", "*", "正常"], ["河南省", "淮河流域", "<span data-toggle='tooltip' data-placement='right' title='所在地市:周口市&#10;所属河流:涡河'>鹿邑付桥(鹿邑付桥闸)</span>", "08-03 08:00", "", "<span data-toggle='tooltip' data-placement='right' title='原始值：27.11469'>27.1</span>", "<span data-toggle='tooltip' data-placement='right' title='原始值：8.57191'>8.57</span>", "<span data-toggle='tooltip' data-placement='right' title='原始值：10.38154'>10.38</span>", "<span data-toggle='tooltip' data-placement='right' title='原始值：1160.894'>1160.9</span>", "<span data-toggle='tooltip' data-placement='right' title='原始值：9.24785'>9.2</span>", "<span data-toggle='tooltip' data-placement='right' title='原始值：8.82'>8.82</span>", "<span data-toggle='tooltip' data-placement='right' title='极值过滤'>--</span>", "<span data-toggle='tooltip' data-placement='right' title='原始值：0.2942'>0.294</span>", "<span data-toggle='tooltip' data-placement='right' title='极值过滤'>--</span>", "*", "*", "维护"], ["河南省", "淮河流域", "<span data-toggle='tooltip' data-placement='right' title='所在地市:驻马店市&#10;所属河流:洪河'>新蔡班台(班台)</span>", "08-03 04:00", "劣Ⅴ", "<span data-toggle='tooltip' data-placement='right' title='原始值：26.75137'>26.8</span>", "<span data-toggle='tooltip' data-placement='right' title='原始值：6.90474'>6.90</span>", "<span data-toggle='tooltip' data-placement='right' title='原始值：4.00155'>4.00</span>", "<span data-toggle='tooltip' data-placement='right' title='原始值：691.6278'>691.6</span>", "<span data-toggle='tooltip' data-placement='right' title='原始值：55.53973'>55.5</span>", "<span data-toggle='tooltip' data-placement='right' title='原始值：6.205'>6.20</span>", "<span data-toggle='tooltip' data-placement='right' title='原始值：0.08'>0.080</span>", "<span data-toggle='tooltip' data-placement='right' title='原始值：0.47515'>0.475</span>", "<span data-toggle='tooltip' data-placement='right' title='原始值：5.15815'>5.16</span>", "*", "*", "正常"], ["河南省", "黄河流域", "<span data-toggle='tooltip' data-placement='right' title='所在地市:济源市&#10;所属河流:黄河'>小浪底水库(小浪底)</span>", null, "", "--", "--", "--", "--", "--", "--", "--", "--", "--", "*", "*", "停站"], ["湖北省", "长江流域", "<span data-toggle='tooltip' data-placement='right' title='所在地市:武汉市&#10;所属河流:汉江'>宗关</span>", null, "", "--", "--", "--", "--", "--", "--", "--", "--", "--", "*", "*", "停站"], ["湖北省", "长江流域", "<span data-toggle='tooltip' data-placement='right' title='所在地市:十堰市&#10;所属河流:丹江口水库'>坝上中(胡家岭)</span>", null, "", "--", "--", "--", "--", "--", "--", "--", "--", "--", "--", "--", "停站"], ["湖北省", "长江流域", "<span data-toggle='tooltip' data-placement='right' title='所在地市:宜昌市&#10;所属河流:长江'>南津关</span>", null, "", "--", "--", "--", "--", "--", "--", "--", "--", "--", "*", "*", "维护"], ["湖南省", "长江流域", "<span data-toggle='tooltip' data-placement='right' title='所在地市:长沙市&#10;所属河流:湘江'>新港</span>", "08-03 08:00", "Ⅱ", "<span data-toggle='tooltip' data-placement='right' title='原始值：28.55'>28.6</span>", "<span data-toggle='tooltip' data-placement='right' title='原始值：7.15'>7.15</span>", "<span data-toggle='tooltip' data-placement='right' title='原始值：7.1'>7.10</span>", "<span data-toggle='tooltip' data-placement='right' title='原始值：261.66'>261.7</span>", "<span data-toggle='tooltip' data-placement='right' title='原始值：32.52'>32.5</span>", "<span data-toggle='tooltip' data-placement='right' title='原始值：2.21'>2.21</span>", "<span data-toggle='tooltip' data-placement='right' title='原始值：0.012'>0.012</span>", "<span data-toggle='tooltip' data-placement='right' title='原始值：0.029'>0.029</span>", "<span data-toggle='tooltip' data-placement='right' title='原始值：1.55'>1.55</span>", "*", "*", "正常"], ["湖南省", "长江流域", "<span data-toggle='tooltip' data-placement='right' title='所在地市:岳阳市&#10;所属河流:洞庭湖'>岳阳楼</span>", "08-03 08:00", "", "<span data-toggle='tooltip' data-placement='right' title='原始值：28.13'>28.1</span>", "<span data-toggle='tooltip' data-placement='right' title='原始值：7.618357'>7.62</span>", "<span data-toggle='tooltip' data-placement='right' title='原始值：5.464881'>5.46</span>", "<span data-toggle='tooltip' data-placement='right' title='原始值：251.5525'>251.6</span>", "<span data-toggle='tooltip' data-placement='right' title='原始值：14.97533'>15.0</span>", "<span data-toggle='tooltip' data-placement='right' title='原始值：2.13'>2.13</span>", "<span data-toggle='tooltip' data-placement='right' title='极值过滤'>--</span>", "<span data-toggle='tooltip' data-placement='right' title='原始值：0.065'>0.065</span>", "<span data-toggle='tooltip' data-placement='right' title='原始值：2.208'>2.21</span>", "--", "--", "维护"], ["湖南省", "长江流域", "<span data-toggle='tooltip' data-placement='right' title='所在地市:岳阳市&#10;所属河流:长江'>城陵矶</span>", "08-03 08:00", "劣Ⅴ", "<span data-toggle='tooltip' data-placement='right' title='原始值：28.96'>29.0</span>", "<span data-toggle='tooltip' data-placement='right' title='原始值：5.914196'>5.91</span>", "<span data-toggle='tooltip' data-placement='right' title='原始值：7.532719'>7.53</span>", "<span data-toggle='tooltip' data-placement='right' title='原始值：293.157'>293.2</span>", "<span data-toggle='tooltip' data-placement='right' title='原始值：58.51344'>58.5</span>", "<span data-toggle='tooltip' data-placement='right' title='原始值：2.79'>2.79</span>", "<span data-toggle='tooltip' data-placement='right' title='原始值：0.017'>0.017</span>", "<span data-toggle='tooltip' data-placement='right' title='原始值：0.143'>0.143</span>", "<span data-toggle='tooltip' data-placement='right' title='极值过滤'>--</span>", "--", "--", "维护"], ["广东省", "珠江流域", "<span data-toggle='tooltip' data-placement='right' title='所在地市:清远市&#10;所属河流:北江'>七星岗</span>", "08-03 08:00", "Ⅲ", "<span data-toggle='tooltip' data-placement='right' title='原始值：28.68728'>28.7</span>", "<span data-toggle='tooltip' data-placement='right' title='原始值：8.26437'>8.26</span>", "<span data-toggle='tooltip' data-placement='right' title='原始值：5.31982'>5.32</span>", "<span data-toggle='tooltip' data-placement='right' title='原始值：176.517'>176.5</span>", "<span data-toggle='tooltip' data-placement='right' title='原始值：9.59763'>9.6</span>", "<span data-toggle='tooltip' data-placement='right' title='原始值：2.74'>2.74</span>", "<span data-toggle='tooltip' data-placement='right' title='原始值：0.13298'>0.133</span>", "<span data-toggle='tooltip' data-placement='right' title='原始值：0.00793'>0.008</span>", "<span data-toggle='tooltip' data-placement='right' title='原始值：1.2936'>1.29</span>", "*", "*", "正常"], ["广东省", "珠江流域", "<span data-toggle='tooltip' data-placement='right' title='所在地市:中山市&#10;所属河流:西江'>横栏</span>", "08-03 08:00", "Ⅱ", "<span data-toggle='tooltip' data-placement='right' title='原始值：27.2'>27.2</span>", "<span data-toggle='tooltip' data-placement='right' title='原始值：7.73'>7.73</span>", "<span data-toggle='tooltip' data-placement='right' title='原始值：6.76'>6.76</span>", "<span data-toggle='tooltip' data-placement='right' title='原始值：217'>217.0</span>", "<span data-toggle='tooltip' data-placement='right' title='原始值：42.4'>42.4</span>", "<span data-toggle='tooltip' data-placement='right' title='原始值：2.6'>2.60</span>", "<span data-toggle='tooltip' data-placement='right' title='原始值：0.1245'>0.124</span>", "*", "*", "*", "*", "正常"], ["广西壮族自治区", "珠江流域", "<span data-toggle='tooltip' data-placement='right' title='所在地市:南宁市&#10;所属河流:邕江'>老口</span>", "08-03 08:00", "Ⅱ", "<span data-toggle='tooltip' data-placement='right' title='原始值：29.31814'>29.3</span>", "<span data-toggle='tooltip' data-placement='right' title='原始值：7.54026'>7.54</span>", "<span data-toggle='tooltip' data-placement='right' title='原始值：6.0009'>6.00</span>", "<span data-toggle='tooltip' data-placement='right' title='原始值：291.1068'>291.1</span>", "<span data-toggle='tooltip' data-placement='right' title='原始值：7.07637'>7.1</span>", "<span data-toggle='tooltip' data-placement='right' title='原始值：2.42451'>2.42</span>", "<span data-toggle='tooltip' data-placement='right' title='原始值：0.08949'>0.089</span>", "<span data-toggle='tooltip' data-placement='right' title='原始值：0.0217'>0.022</span>", "<span data-toggle='tooltip' data-placement='right' title='原始值：1.66105'>1.66</span>", "*", "*", "正常"], ["广西壮族自治区", "珠江流域", "<span data-toggle='tooltip' data-placement='right' title='所在地市:桂林市&#10;所属河流:漓江'>阳朔</span>", "08-03 08:00", "Ⅱ", "<span data-toggle='tooltip' data-placement='right' title='原始值：29.2999'>29.3</span>", "<span data-toggle='tooltip' data-placement='right' title='原始值：7.77'>7.77</span>", "<span data-toggle='tooltip' data-placement='right' title='原始值：6.91'>6.91</span>", "<span data-toggle='tooltip' data-placement='right' title='原始值：207'>207.0</span>", "<span data-toggle='tooltip' data-placement='right' title='原始值：5.19375'>5.2</span>", "<span data-toggle='tooltip' data-placement='right' title='原始值：2.1253'>2.13</span>", "<span data-toggle='tooltip' data-placement='right' title='原始值：0.03821'>0.038</span>", "<span data-toggle='tooltip' data-placement='right' title='原始值：0.00541'>0.005</span>", "<span data-toggle='tooltip' data-placement='right' title='原始值：1.2677'>1.27</span>", "*", "*", "正常"], ["广西壮族自治区", "珠江流域", "<span data-toggle='tooltip' data-placement='right' title='所在地市:梧州市&#10;所属河流:浔江'>界首</span>", null, "", "--", "--", "--", "--", "--", "--", "--", "--", "--", "*", "*", "停站"], ["广西壮族自治区", "珠江流域", "<span data-toggle='tooltip' data-placement='right' title='所在地市:贵港市&#10;所属河流:浔江'>石嘴</span>", "08-03 08:00", "Ⅰ", "<span data-toggle='tooltip' data-placement='right' title='原始值：28.88814'>28.9</span>", "<span data-toggle='tooltip' data-placement='right' title='原始值：7.23699'>7.24</span>", "<span data-toggle='tooltip' data-placement='right' title='原始值：7.73688'>7.74</span>", "<span data-toggle='tooltip' data-placement='right' title='原始值：327.3853'>327.4</span>", "<span data-toggle='tooltip' data-placement='right' title='原始值：22.36671'>22.4</span>", "<span data-toggle='tooltip' data-placement='right' title='原始值：1.22'>1.22</span>", "<span data-toggle='tooltip' data-placement='right' title='原始值：0.08'>0.080</span>", "<span data-toggle='tooltip' data-placement='right' title='原始值：0.00697'>0.007</span>", "<span data-toggle='tooltip' data-placement='right' title='原始值：0.3286'>0.33</span>", "*", "*", "正常"], ["广西壮族自治区", "珠江流域", "<span data-toggle='tooltip' data-placement='right' title='所在地市:崇左市&#10;所属河流:平而河'>平而关</span>", "08-03 08:00", "Ⅲ", "<span data-toggle='tooltip' data-placement='right' title='原始值：29.47707'>29.5</span>", "<span data-toggle='tooltip' data-placement='right' title='原始值：7.84681'>7.85</span>", "<span data-toggle='tooltip' data-placement='right' title='原始值：5.9709'>5.97</span>", "<span data-toggle='tooltip' data-placement='right' title='原始值：267.5317'>267.5</span>", "<span data-toggle='tooltip' data-placement='right' title='原始值：25.52249'>25.5</span>", "<span data-toggle='tooltip' data-placement='right' title='原始值：1.455'>1.46</span>", "<span data-toggle='tooltip' data-placement='right' title='原始值：0.1'>0.100</span>", "*", "*", "*", "*", "正常"], ["重庆市", "长江流域", "<span data-toggle='tooltip' data-placement='right' title='所在地市:永川区&#10;所属河流:长江'>朱沱</span>", null, "", "--", "--", "--", "--", "--", "--", "--", "--", "--", "*", "*", "停站"], ["四川省", "长江流域", "<span data-toggle='tooltip' data-placement='right' title='所在地市:攀枝花市&#10;所属河流:金沙江'>龙洞</span>", null, "", "--", "--", "--", "--", "--", "--", "--", "--", "--", "*", "*", "停站"], ["四川省", "长江流域", "<span data-toggle='tooltip' data-placement='right' title='所在地市:泸州市&#10;所属河流:沱江'>沱江大桥(沱江二桥)</span>", "08-03 08:00", "Ⅴ", "<span data-toggle='tooltip' data-placement='right' title='原始值：27.56'>27.6</span>", "<span data-toggle='tooltip' data-placement='right' title='原始值：7.792975'>7.79</span>", "<span data-toggle='tooltip' data-placement='right' title='原始值：7.113566'>7.11</span>", "<span data-toggle='tooltip' data-placement='right' title='原始值：425.0761'>425.1</span>", "<span data-toggle='tooltip' data-placement='right' title='原始值：264.628'>264.6</span>", "<span data-toggle='tooltip' data-placement='right' title='原始值：5.97'>5.97</span>", "<span data-toggle='tooltip' data-placement='right' title='原始值：0.003'>0.003</span>", "<span data-toggle='tooltip' data-placement='right' title='原始值：0.324236'>0.324</span>", "<span data-toggle='tooltip' data-placement='right' title='原始值：4.378758'>4.38</span>", "*", "*", "正常"], ["四川省", "长江流域", "<span data-toggle='tooltip' data-placement='right' title='所在地市:广元市&#10;所属河流:嘉陵江'>清风峡</span>", "08-03 04:00", "Ⅱ", "<span data-toggle='tooltip' data-placement='right' title='原始值：18.90002'>18.9</span>", "<span data-toggle='tooltip' data-placement='right' title='原始值：8.09001'>8.09</span>", "<span data-toggle='tooltip' data-placement='right' title='原始值：8.6413'>8.64</span>", "<span data-toggle='tooltip' data-placement='right' title='极值过滤'>--</span>", "<span data-toggle='tooltip' data-placement='right' title='原始值：13.31296'>13.3</span>", "<span data-toggle='tooltip' data-placement='right' title='原始值：1.4'>1.40</span>", "<span data-toggle='tooltip' data-placement='right' title='原始值：0.17414'>0.174</span>", "*", "*", "*", "*", "维护"], ["四川省", "长江流域", "<span data-toggle='tooltip' data-placement='right' title='所在地市:乐山市&#10;所属河流:岷江'>岷江大桥</span>", "08-03 08:00", "Ⅱ", "<span data-toggle='tooltip' data-placement='right' title='原始值：23.6597'>23.7</span>", "<span data-toggle='tooltip' data-placement='right' title='原始值：7.58532'>7.59</span>", "<span data-toggle='tooltip' data-placement='right' title='原始值：8.12166'>8.12</span>", "<span data-toggle='tooltip' data-placement='right' title='原始值：312.6631'>312.7</span>", "<span data-toggle='tooltip' data-placement='right' title='原始值：120.1056'>120.1</span>", "<span data-toggle='tooltip' data-placement='right' title='原始值：3.06'>3.06</span>", "<span data-toggle='tooltip' data-placement='right' title='原始值：0.32'>0.320</span>", "*", "*", "*", "*", "正常"], ["四川省", "长江流域", "<span data-toggle='tooltip' data-placement='right' title='所在地市:宜宾市&#10;所属河流:岷江'>凉姜沟</span>", "08-03 08:00", "Ⅱ", "<span data-toggle='tooltip' data-placement='right' title='原始值：22.27'>22.3</span>", "<span data-toggle='tooltip' data-placement='right' title='原始值：8.009407'>8.01</span>", "<span data-toggle='tooltip' data-placement='right' title='原始值：8.440541'>8.44</span>", "<span data-toggle='tooltip' data-placement='right' title='原始值：233.5454'>233.5</span>", "<span data-toggle='tooltip' data-placement='right' title='原始值：162.5041'>162.5</span>", "<span data-toggle='tooltip' data-placement='right' title='原始值：2.65'>2.65</span>", "<span data-toggle='tooltip' data-placement='right' title='原始值：0.013'>0.013</span>", "<span data-toggle='tooltip' data-placement='right' title='原始值：0.092'>0.092</span>", "<span data-toggle='tooltip' data-placement='right' title='原始值：6.42'>6.42</span>", "*", "*", "正常"], ["云南省", "滇池流域", "<span data-toggle='tooltip' data-placement='right' title='所在地市:昆明市&#10;所属河流:滇池'>西苑隧道</span>", null, "", "--", "--", "--", "--", "--", "--", "--", "--", "--", "--", "--", "停站"], ["云南省", "滇池流域", "<span data-toggle='tooltip' data-placement='right' title='所在地市:昆明市&#10;所属河流:滇池'>观音山</span>", "08-03 08:00", "Ⅴ", "<span data-toggle='tooltip' data-placement='right' title='原始值：24.7784'>24.8</span>", "<span data-toggle='tooltip' data-placement='right' title='原始值：7.39746'>7.40</span>", "<span data-toggle='tooltip' data-placement='right' title='原始值：6.95011'>6.95</span>", "<span data-toggle='tooltip' data-placement='right' title='原始值：418.0612'>418.1</span>", "<span data-toggle='tooltip' data-placement='right' title='原始值：57.09064'>57.1</span>", "<span data-toggle='tooltip' data-placement='right' title='原始值：10.39734'>10.40</span>", "<span data-toggle='tooltip' data-placement='right' title='原始值：0.5'>0.500</span>", "<span data-toggle='tooltip' data-placement='right' title='原始值：0.1226'>0.123</span>", "<span data-toggle='tooltip' data-placement='right' title='原始值：1.623'>1.62</span>", "<span data-toggle='tooltip' data-placement='right' title='原始值：0.04158'>0.042</span>", "<span data-toggle='tooltip' data-placement='right' title='原始值：7699898'>7699898</span>", "正常"], ["云南省", "西南诸河", "<span data-toggle='tooltip' data-placement='right' title='所在地市:红河哈尼族彝族自治州&#10;所属河流:红河'>河口县医院(河口)</span>", "08-03 08:00", "Ⅳ", "<span data-toggle='tooltip' data-placement='right' title='原始值：25.99516'>26.0</span>", "<span data-toggle='tooltip' data-placement='right' title='原始值：7.34124'>7.34</span>", "<span data-toggle='tooltip' data-placement='right' title='原始值：7.25205'>7.25</span>", "<span data-toggle='tooltip' data-placement='right' title='原始值：206.2592'>206.3</span>", "<span data-toggle='tooltip' data-placement='right' title='原始值：143.0945'>143.1</span>", "<span data-toggle='tooltip' data-placement='right' title='原始值：7.24749'>7.25</span>", "<span data-toggle='tooltip' data-placement='right' title='原始值：0.65779'>0.658</span>", "<span data-toggle='tooltip' data-placement='right' title='原始值：0.16581'>0.166</span>", "<span data-toggle='tooltip' data-placement='right' title='原始值：1.99657'>2.00</span>", "*", "*", "正常"], ["云南省", "西南诸河", "<span data-toggle='tooltip' data-placement='right' title='所在地市:西双版纳傣族自治州&#10;所属河流:澜沧江'>橄榄坝</span>", "08-03 08:00", "Ⅲ", "<span data-toggle='tooltip' data-placement='right' title='原始值：19.30933'>19.3</span>", "<span data-toggle='tooltip' data-placement='right' title='原始值：7.47921'>7.48</span>", "<span data-toggle='tooltip' data-placement='right' title='原始值：5.52387'>5.52</span>", "<span data-toggle='tooltip' data-placement='right' title='原始值：575.3413'>575.3</span>", "<span data-toggle='tooltip' data-placement='right' title='原始值：14.44896'>14.4</span>", "<span data-toggle='tooltip' data-placement='right' title='原始值：0.22'>0.22</span>", "<span data-toggle='tooltip' data-placement='right' title='原始值：0.10693'>0.107</span>", "*", "*", "*", "*", "正常"], ["陕西省", "黄河流域", "<span data-toggle='tooltip' data-placement='right' title='所在地市:渭南市&#10;所属河流:渭河'>潼关吊桥</span>", null, "", "--", "--", "--", "--", "--", "--", "--", "--", "--", "*", "*", "停站"], ["甘肃省", "黄河流域", "<span data-toggle='tooltip' data-placement='right' title='所在地市:兰州市&#10;所属河流:黄河'>新城桥</span>", "08-03 08:00", "劣Ⅴ", "<span data-toggle='tooltip' data-placement='right' title='原始值：18.27576'>18.3</span>", "<span data-toggle='tooltip' data-placement='right' title='原始值：5.9416'>5.94</span>", "<span data-toggle='tooltip' data-placement='right' title='原始值：7.8693'>7.87</span>", "<span data-toggle='tooltip' data-placement='right' title='原始值：419.092'>419.1</span>", "<span data-toggle='tooltip' data-placement='right' title='原始值：90.26744'>90.3</span>", "<span data-toggle='tooltip' data-placement='right' title='原始值：1.71'>1.71</span>", "<span data-toggle='tooltip' data-placement='right' title='原始值：0.17'>0.170</span>", "<span data-toggle='tooltip' data-placement='right' title='原始值：0.02596'>0.026</span>", "<span data-toggle='tooltip' data-placement='right' title='原始值：2.47581'>2.48</span>", "*", "*", "正常"], ["宁夏回族自治区", "黄河流域", "<span data-toggle='tooltip' data-placement='right' title='所在地市:中卫市&#10;所属河流:黄河'>中卫下河沿(新墩)</span>", "08-03 08:00", "Ⅱ", "<span data-toggle='tooltip' data-placement='right' title='原始值：22.88776'>22.9</span>", "<span data-toggle='tooltip' data-placement='right' title='原始值：7.5966'>7.60</span>", "<span data-toggle='tooltip' data-placement='right' title='原始值：7.5488'>7.55</span>", "<span data-toggle='tooltip' data-placement='right' title='原始值：570.4744'>570.5</span>", "<span data-toggle='tooltip' data-placement='right' title='原始值：135.0004'>135.0</span>", "<span data-toggle='tooltip' data-placement='right' title='原始值：3.72'>3.72</span>", "<span data-toggle='tooltip' data-placement='right' title='原始值：0.06'>0.060</span>", "<span data-toggle='tooltip' data-placement='right' title='原始值：0.0533'>0.053</span>", "<span data-toggle='tooltip' data-placement='right' title='原始值：1.6647'>1.66</span>", "*", "*", "正常"]]}