{"result": 1, "total": 1, "records": 98, "thead": ["省份", "流域", "断面名称", "监测时间", "水质类别", "水温<br/><span class='unit'>(℃)</span>", "pH<br/><span class='unit'>(无量纲)</span>", "溶解氧<br/><span class='unit'>(mg/L)</span>", "电导率<br/><span class='unit'>(μS/cm)</span>", "浊度<br/><span class='unit'>(NTU)</span>", "高锰酸盐指数<br/><span class='unit'>(mg/L)</span>", "氨氮<br/><span class='unit'>(mg/L)</span>", "总磷<br/><span class='unit'>(mg/L)</span>", "总氮<br/><span class='unit'>(mg/L)</span>", "叶绿素α<br/><span class='unit'>(mg/L)</span>", "藻密度<br/><span class='unit'>(cells/L)</span>", "站点情况"], "tbody": [["北京市", "海河流域", "<span data-toggle='tooltip' data-placement='right' title='所在地市:门头沟区&#10;所属河流:永定河'>沿河城</span>", "09-19 08:00", "Ⅲ", "<span data-toggle='tooltip' data-placement='right' title='原始值：19.73577'>19.7</span>", "<span data-toggle='tooltip' data-placement='right' title='原始值：8.3686'>8.37</span>", "<span data-toggle='tooltip' data-placement='right' title='原始值：8.44814'>8.45</span>", "<span data-toggle='tooltip' data-placement='right' title='原始值：1353.105'>1353.1</span>", "<span data-toggle='tooltip' data-placement='right' title='原始值：18.99391'>19.0</span>", "<span data-toggle='tooltip' data-placement='right' title='原始值：5.32494'>5.32</span>", "<span data-toggle='tooltip' data-placement='right' title='原始值：0.2'>0.200</span>", "<span data-toggle='tooltip' data-placement='right' title='原始值：0.04284'>0.043</span>", "<span data-toggle='tooltip' data-placement='right' title='原始值：0.65705'>0.66</span>", "*", "*", "正常"], ["北京市", "海河流域", "<span data-toggle='tooltip' data-placement='right' title='所在地市:密云区&#10;所属河流:潮河'>古北口</span>", "09-19 08:00", "Ⅱ", "<span data-toggle='tooltip' data-placement='right' title='原始值：17.69201'>17.7</span>", "<span data-toggle='tooltip' data-placement='right' title='原始值：7.32213'>7.32</span>", "<span data-toggle='tooltip' data-placement='right' title='原始值：8.68289'>8.68</span>", "<span data-toggle='tooltip' data-placement='right' title='原始值：678.1359'>678.1</span>", "<span data-toggle='tooltip' data-placement='right' title='原始值：3.05632'>3.1</span>", "<span data-toggle='tooltip' data-placement='right' title='原始值：0.615'>0.62</span>", "<span data-toggle='tooltip' data-placement='right' title='原始值：0.19'>0.190</span>", "<span data-toggle='tooltip' data-placement='right' title='原始值：0.0021'>0.002</span>", "<span data-toggle='tooltip' data-placement='right' title='原始值：6.2758'>6.28</span>", "*", "*", "正常"], ["天津市", "海河流域", "<span data-toggle='tooltip' data-placement='right' title='所在地市:河北区&#10;所属河流:海河'>三岔口</span>", "09-19 08:00", "Ⅲ", "<span data-toggle='tooltip' data-placement='right' title='原始值：23.1509'>23.2</span>", "<span data-toggle='tooltip' data-placement='right' title='原始值：7.4638'>7.46</span>", "<span data-toggle='tooltip' data-placement='right' title='原始值：5.93'>5.93</span>", "<span data-toggle='tooltip' data-placement='right' title='原始值：492.5984'>492.6</span>", "<span data-toggle='tooltip' data-placement='right' title='原始值：26.599'>26.6</span>", "<span data-toggle='tooltip' data-placement='right' title='原始值：2.5'>2.50</span>", "<span data-toggle='tooltip' data-placement='right' title='原始值：0.18'>0.180</span>", "<span data-toggle='tooltip' data-placement='right' title='原始值：0.0053'>0.005</span>", "<span data-toggle='tooltip' data-placement='right' title='原始值：0.7741'>0.77</span>", "*", "*", "正常"], ["天津市", "海河流域", "<span data-toggle='tooltip' data-placement='right' title='所在地市:蓟州区&#10;所属河流:果河'>果河桥</span>", "09-19 08:00", "Ⅱ", "<span data-toggle='tooltip' data-placement='right' title='原始值：23.1'>23.1</span>", "<span data-toggle='tooltip' data-placement='right' title='原始值：8.484'>8.48</span>", "<span data-toggle='tooltip' data-placement='right' title='原始值：10.848'>10.85</span>", "<span data-toggle='tooltip' data-placement='right' title='原始值：610.687'>610.7</span>", "<span data-toggle='tooltip' data-placement='right' title='原始值：8.369'>8.4</span>", "<span data-toggle='tooltip' data-placement='right' title='原始值：3.2742'>3.27</span>", "<span data-toggle='tooltip' data-placement='right' title='原始值：0.16'>0.160</span>", "<span data-toggle='tooltip' data-placement='right' title='原始值：0.0466'>0.047</span>", "<span data-toggle='tooltip' data-placement='right' title='原始值：6.6256'>6.63</span>", "*", "*", "正常"], ["河北省", "海河流域", "<span data-toggle='tooltip' data-placement='right' title='所在地市:石家庄市&#10;所属河流:滹沱河'>岗南水库</span>", null, "", "--", "--", "--", "--", "--", "--", "--", "--", "--", "*", "*", "停站"], ["河北省", "海河流域", "<span data-toggle='tooltip' data-placement='right' title='所在地市:张家口市&#10;所属河流:永定河'>八号桥</span>", "09-19 08:00", "Ⅲ", "<span data-toggle='tooltip' data-placement='right' title='原始值：17.24603'>17.2</span>", "<span data-toggle='tooltip' data-placement='right' title='原始值：7.89969'>7.90</span>", "<span data-toggle='tooltip' data-placement='right' title='原始值：7.90355'>7.90</span>", "<span data-toggle='tooltip' data-placement='right' title='原始值：1074.277'>1074.3</span>", "<span data-toggle='tooltip' data-placement='right' title='原始值：52.77956'>52.8</span>", "<span data-toggle='tooltip' data-placement='right' title='原始值：4.23'>4.23</span>", "<span data-toggle='tooltip' data-placement='right' title='原始值：0.2'>0.200</span>", "<span data-toggle='tooltip' data-placement='right' title='原始值：0.1495'>0.150</span>", "<span data-toggle='tooltip' data-placement='right' title='原始值：3.29'>3.29</span>", "*", "*", "正常"], ["山西省", "黄河流域", "<span data-toggle='tooltip' data-placement='right' title='所在地市:运城市&#10;所属河流:汾河'>河津大桥</span>", "09-19 08:00", "Ⅳ", "<span data-toggle='tooltip' data-placement='right' title='原始值：24.49001'>24.5</span>", "<span data-toggle='tooltip' data-placement='right' title='原始值：7.41514'>7.42</span>", "<span data-toggle='tooltip' data-placement='right' title='原始值：6.03768'>6.04</span>", "<span data-toggle='tooltip' data-placement='right' title='原始值：1396.362'>1396.4</span>", "<span data-toggle='tooltip' data-placement='right' title='原始值：139.3507'>139.4</span>", "<span data-toggle='tooltip' data-placement='right' title='原始值：8.35'>8.35</span>", "<span data-toggle='tooltip' data-placement='right' title='原始值：0.01'>0.010</span>", "*", "*", "*", "*", "正常"], ["山西省", "黄河流域", "<span data-toggle='tooltip' data-placement='right' title='所在地市:忻州市&#10;所属河流:黄河'>万家寨水库</span>", "09-19 04:00", "Ⅱ", "<span data-toggle='tooltip' data-placement='right' title='原始值：18.77923'>18.8</span>", "<span data-toggle='tooltip' data-placement='right' title='原始值：7.95106'>7.95</span>", "<span data-toggle='tooltip' data-placement='right' title='原始值：8.46489'>8.46</span>", "<span data-toggle='tooltip' data-placement='right' title='原始值：625.0383'>625.0</span>", "<span data-toggle='tooltip' data-placement='right' title='原始值：33.04942'>33.0</span>", "<span data-toggle='tooltip' data-placement='right' title='原始值：3.53'>3.53</span>", "<span data-toggle='tooltip' data-placement='right' title='原始值：0.31'>0.310</span>", "<span data-toggle='tooltip' data-placement='right' title='原始值：0.0185'>0.018</span>", "<span data-toggle='tooltip' data-placement='right' title='原始值：2.3'>2.30</span>", "*", "*", "正常"], ["内蒙古自治区", "黄河流域", "<span data-toggle='tooltip' data-placement='right' title='所在地市:包头市&#10;所属河流:黄河'>画匠营子</span>", "09-19 08:00", "Ⅱ", "<span data-toggle='tooltip' data-placement='right' title='原始值：19.03556'>19.0</span>", "<span data-toggle='tooltip' data-placement='right' title='原始值：7.79638'>7.80</span>", "<span data-toggle='tooltip' data-placement='right' title='原始值：7.51206'>7.51</span>", "<span data-toggle='tooltip' data-placement='right' title='原始值：707.5192'>707.5</span>", "<span data-toggle='tooltip' data-placement='right' title='原始值：1861.945'>1861.9</span>", "<span data-toggle='tooltip' data-placement='right' title='原始值：3.76135'>3.76</span>", "<span data-toggle='tooltip' data-placement='right' title='原始值：0.03126'>0.031</span>", "*", "*", "*", "*", "正常"], ["内蒙古自治区", "黄河流域", "<span data-toggle='tooltip' data-placement='right' title='所在地市:乌海市&#10;所属河流:黄河'>海勃湾</span>", "09-19 08:00", "Ⅱ", "<span data-toggle='tooltip' data-placement='right' title='原始值：19.20104'>19.2</span>", "<span data-toggle='tooltip' data-placement='right' title='原始值：7.61994'>7.62</span>", "<span data-toggle='tooltip' data-placement='right' title='原始值：6.21083'>6.21</span>", "<span data-toggle='tooltip' data-placement='right' title='原始值：733.7295'>733.7</span>", "<span data-toggle='tooltip' data-placement='right' title='原始值：126.2892'>126.3</span>", "<span data-toggle='tooltip' data-placement='right' title='原始值：2.67'>2.67</span>", "<span data-toggle='tooltip' data-placement='right' title='原始值：0.12'>0.120</span>", "*", "*", "*", "*", "正常"], ["内蒙古自治区", "松花江流域", "<span data-toggle='tooltip' data-placement='right' title='所在地市:呼伦贝尔市&#10;所属河流:额尔古纳河'>黑山头</span>", null, "", "--", "--", "--", "--", "--", "--", "--", "--", "--", "*", "*", "停站"], ["辽宁省", "辽河流域", "<span data-toggle='tooltip' data-placement='right' title='所在地市:抚顺市&#10;所属河流:浑河'>大伙房水库</span>", "09-19 04:00", "Ⅱ", "<span data-toggle='tooltip' data-placement='right' title='原始值：21.11382'>21.1</span>", "<span data-toggle='tooltip' data-placement='right' title='原始值：7.01893'>7.02</span>", "<span data-toggle='tooltip' data-placement='right' title='原始值：7.84657'>7.85</span>", "<span data-toggle='tooltip' data-placement='right' title='原始值：280.6218'>280.6</span>", "<span data-toggle='tooltip' data-placement='right' title='原始值：13.6739'>13.7</span>", "<span data-toggle='tooltip' data-placement='right' title='原始值：0.57884'>0.58</span>", "<span data-toggle='tooltip' data-placement='right' title='原始值：0.16'>0.160</span>", "<span data-toggle='tooltip' data-placement='right' title='原始值：0.02263'>0.023</span>", "<span data-toggle='tooltip' data-placement='right' title='原始值：2.35406'>2.35</span>", "<span data-toggle='tooltip' data-placement='right' title='极值过滤'>--</span>", "*", "维护"], ["辽宁省", "辽河流域", "<span data-toggle='tooltip' data-placement='right' title='所在地市:丹东市&#10;所属河流:鸭绿江'>江桥</span>", "09-19 08:00", "Ⅰ", "<span data-toggle='tooltip' data-placement='right' title='原始值：19'>19.0</span>", "<span data-toggle='tooltip' data-placement='right' title='原始值：6.77'>6.77</span>", "<span data-toggle='tooltip' data-placement='right' title='原始值：8.16873'>8.17</span>", "<span data-toggle='tooltip' data-placement='right' title='原始值：128'>128.0</span>", "<span data-toggle='tooltip' data-placement='right' title='原始值：1.2'>1.2</span>", "<span data-toggle='tooltip' data-placement='right' title='原始值：1.05'>1.05</span>", "<span data-toggle='tooltip' data-placement='right' title='原始值：0.01386'>0.014</span>", "<span data-toggle='tooltip' data-placement='right' title='原始值：0.01913'>0.019</span>", "<span data-toggle='tooltip' data-placement='right' title='原始值：2.21913'>2.22</span>", "*", "*", "正常"], ["辽宁省", "辽河流域", "<span data-toggle='tooltip' data-placement='right' title='所在地市:营口市&#10;所属河流:大辽河'>辽河公园</span>", "09-19 08:00", "Ⅳ", "<span data-toggle='tooltip' data-placement='right' title='原始值：21.4791'>21.5</span>", "<span data-toggle='tooltip' data-placement='right' title='原始值：6.41588'>6.42</span>", "<span data-toggle='tooltip' data-placement='right' title='原始值：5.93451'>5.93</span>", "<span data-toggle='tooltip' data-placement='right' title='原始值：662.8251'>662.8</span>", "<span data-toggle='tooltip' data-placement='right' title='原始值：198.4439'>198.4</span>", "<span data-toggle='tooltip' data-placement='right' title='原始值：7.35941'>7.36</span>", "<span data-toggle='tooltip' data-placement='right' title='原始值：0.31969'>0.320</span>", "<span data-toggle='tooltip' data-placement='right' title='原始值：0.22686'>0.227</span>", "<span data-toggle='tooltip' data-placement='right' title='原始值：5.32223'>5.32</span>", "*", "*", "正常"], ["辽宁省", "辽河流域", "<span data-toggle='tooltip' data-placement='right' title='所在地市:辽阳市&#10;所属河流:太子河'>汤河水库</span>", "09-19 08:00", "", "<span data-toggle='tooltip' data-placement='right' title='原始值：18.7'>18.7</span>", "<span data-toggle='tooltip' data-placement='right' title='原始值：7.56'>7.56</span>", "<span data-toggle='tooltip' data-placement='right' title='原始值：2.16'>2.16</span>", "<span data-toggle='tooltip' data-placement='right' title='原始值：471.0242'>471.0</span>", "<span data-toggle='tooltip' data-placement='right' title='原始值：21.65078'>21.7</span>", "<span data-toggle='tooltip' data-placement='right' title='原始值：1.19'>1.19</span>", "<span data-toggle='tooltip' data-placement='right' title='原始值：0.03369'>0.034</span>", "<span data-toggle='tooltip' data-placement='right' title='极值过滤'>--</span>", "<span data-toggle='tooltip' data-placement='right' title='原始值：2.18841'>2.19</span>", "*", "*", "维护"], ["辽宁省", "辽河流域", "<span data-toggle='tooltip' data-placement='right' title='所在地市:盘锦市&#10;所属河流:辽河'>盘锦兴安(兴安)</span>", "09-19 08:00", "劣Ⅴ", "<span data-toggle='tooltip' data-placement='right' title='原始值：20.95019'>21.0</span>", "<span data-toggle='tooltip' data-placement='right' title='原始值：7.57347'>7.57</span>", "<span data-toggle='tooltip' data-placement='right' title='原始值：7.25935'>7.26</span>", "<span data-toggle='tooltip' data-placement='right' title='原始值：447.1733'>447.2</span>", "<span data-toggle='tooltip' data-placement='right' title='原始值：1216.932'>1216.9</span>", "<span data-toggle='tooltip' data-placement='right' title='原始值：3.40365'>3.40</span>", "<span data-toggle='tooltip' data-placement='right' title='原始值：0.14'>0.140</span>", "<span data-toggle='tooltip' data-placement='right' title='原始值：0.4968'>0.497</span>", "<span data-toggle='tooltip' data-placement='right' title='原始值：2.35538'>2.36</span>", "*", "*", "正常"], ["辽宁省", "辽河流域", "<span data-toggle='tooltip' data-placement='right' title='所在地市:铁岭市&#10;所属河流:辽河'>珠尔山</span>", "09-19 08:00", "Ⅲ", "<span data-toggle='tooltip' data-placement='right' title='原始值：17.7701'>17.8</span>", "<span data-toggle='tooltip' data-placement='right' title='原始值：7.49629'>7.50</span>", "<span data-toggle='tooltip' data-placement='right' title='原始值：10.60977'>10.61</span>", "<span data-toggle='tooltip' data-placement='right' title='原始值：380.3812'>380.4</span>", "<span data-toggle='tooltip' data-placement='right' title='原始值：98.20619'>98.2</span>", "<span data-toggle='tooltip' data-placement='right' title='原始值：4.09202'>4.09</span>", "<span data-toggle='tooltip' data-placement='right' title='原始值：0.16'>0.160</span>", "<span data-toggle='tooltip' data-placement='right' title='原始值：0.16018'>0.160</span>", "<span data-toggle='tooltip' data-placement='right' title='原始值：3.79222'>3.79</span>", "*", "*", "正常"], ["吉林省", "松花江流域", "<span data-toggle='tooltip' data-placement='right' title='所在地市:长春市&#10;所属河流:松花江'>松花江村</span>", null, "", "--", "--", "--", "--", "--", "--", "--", "--", "--", "*", "*", "停站"], ["吉林省", "松花江流域", "<span data-toggle='tooltip' data-placement='right' title='所在地市:白城市&#10;所属河流:嫩江'>白沙滩</span>", null, "", "--", "--", "--", "--", "--", "--", "--", "--", "--", "*", "*", "停站"], ["吉林省", "松花江流域", "<span data-toggle='tooltip' data-placement='right' title='所在地市:延边朝鲜族自治州&#10;所属河流:图们江'>圈河</span>", null, "", "--", "--", "--", "--", "--", "--", "--", "--", "--", "*", "*", "停站"], ["黑龙江省", "松花江流域", "<span data-toggle='tooltip' data-placement='right' title='所在地市:大庆市&#10;所属河流:松花江'>肇源</span>", null, "", "--", "--", "--", "--", "--", "--", "--", "--", "--", "*", "*", "停站"], ["黑龙江省", "松花江流域", "<span data-toggle='tooltip' data-placement='right' title='所在地市:佳木斯市&#10;所属河流:乌苏里江'>乌苏镇</span>", null, "", "--", "--", "--", "--", "--", "--", "--", "--", "--", "*", "*", "停站"], ["黑龙江省", "松花江流域", "<span data-toggle='tooltip' data-placement='right' title='所在地市:佳木斯市&#10;所属河流:松花江'>同江</span>", "09-19 08:00", "Ⅳ", "<span data-toggle='tooltip' data-placement='right' title='原始值：17.87692'>17.9</span>", "<span data-toggle='tooltip' data-placement='right' title='原始值：6.84376'>6.84</span>", "<span data-toggle='tooltip' data-placement='right' title='原始值：5.50001'>5.50</span>", "<span data-toggle='tooltip' data-placement='right' title='原始值：152.344'>152.3</span>", "<span data-toggle='tooltip' data-placement='right' title='原始值：176.0042'>176.0</span>", "<span data-toggle='tooltip' data-placement='right' title='原始值：9.18593'>9.19</span>", "<span data-toggle='tooltip' data-placement='right' title='原始值：0.13985'>0.140</span>", "<span data-toggle='tooltip' data-placement='right' title='原始值：0.16211'>0.162</span>", "<span data-toggle='tooltip' data-placement='right' title='原始值：2.53304'>2.53</span>", "*", "*", "正常"], ["黑龙江省", "松花江流域", "<span data-toggle='tooltip' data-placement='right' title='所在地市:黑河市&#10;所属河流:黑龙江'>黑河下(黑河)</span>", null, "", "--", "--", "--", "--", "--", "--", "--", "--", "--", "*", "*", "停站"], ["上海市", "长江流域", "<span data-toggle='tooltip' data-placement='right' title='所在地市:青浦区&#10;所属河流:淀山湖'>急水港桥</span>", "09-19 08:00", "Ⅴ", "<span data-toggle='tooltip' data-placement='right' title='原始值：24.2'>24.2</span>", "<span data-toggle='tooltip' data-placement='right' title='原始值：7.29'>7.29</span>", "<span data-toggle='tooltip' data-placement='right' title='原始值：3.69'>3.69</span>", "<span data-toggle='tooltip' data-placement='right' title='原始值：479'>479.0</span>", "<span data-toggle='tooltip' data-placement='right' title='原始值：80.1'>80.1</span>", "<span data-toggle='tooltip' data-placement='right' title='原始值：4.28125'>4.28</span>", "<span data-toggle='tooltip' data-placement='right' title='原始值：0.27523'>0.275</span>", "<span data-toggle='tooltip' data-placement='right' title='原始值：0.12891'>0.129</span>", "<span data-toggle='tooltip' data-placement='right' title='原始值：2.90627'>2.91</span>", "<span data-toggle='tooltip' data-placement='right' title='原始值：0.00258'>0.003</span>", "<span data-toggle='tooltip' data-placement='right' title='原始值：4927861'>4927861</span>", "正常"], ["江苏省", "长江流域", "<span data-toggle='tooltip' data-placement='right' title='所在地市:南京市&#10;所属河流:长江'>林山</span>", null, "", "--", "--", "--", "--", "--", "--", "--", "--", "--", "*", "*", "停站"], ["江苏省", "太湖流域", "<span data-toggle='tooltip' data-placement='right' title='所在地市:无锡市&#10;所属河流:太湖'>沙渚</span>", "09-19 08:00", "Ⅳ", "<span data-toggle='tooltip' data-placement='right' title='原始值：23.62161'>23.6</span>", "<span data-toggle='tooltip' data-placement='right' title='原始值：7.842972'>7.84</span>", "<span data-toggle='tooltip' data-placement='right' title='原始值：6.93984'>6.94</span>", "<span data-toggle='tooltip' data-placement='right' title='原始值：417.9034'>417.9</span>", "<span data-toggle='tooltip' data-placement='right' title='原始值：59.27574'>59.3</span>", "<span data-toggle='tooltip' data-placement='right' title='原始值：6.24'>6.24</span>", "<span data-toggle='tooltip' data-placement='right' title='原始值：0.19'>0.190</span>", "<span data-toggle='tooltip' data-placement='right' title='原始值：0.1277'>0.128</span>", "<span data-toggle='tooltip' data-placement='right' title='原始值：1.553'>1.55</span>", "*", "*", "正常"], ["江苏省", "淮河流域", "<span data-toggle='tooltip' data-placement='right' title='所在地市:徐州市&#10;所属河流:武河'>小红圈</span>", "09-19 08:00", "", "<span data-toggle='tooltip' data-placement='right' title='原始值：22.18'>22.2</span>", "<span data-toggle='tooltip' data-placement='right' title='原始值：7.45'>7.45</span>", "<span data-toggle='tooltip' data-placement='right' title='原始值：10.25'>10.25</span>", "<span data-toggle='tooltip' data-placement='right' title='原始值：966.4'>966.4</span>", "<span data-toggle='tooltip' data-placement='right' title='原始值：9.24'>9.2</span>", "<span data-toggle='tooltip' data-placement='right' title='原始值：2.05'>2.05</span>", "<span data-toggle='tooltip' data-placement='right' title='原始值：0.107'>0.107</span>", "--", "--", "*", "*", "维护"], ["江苏省", "淮河流域", "<span data-toggle='tooltip' data-placement='right' title='所在地市:徐州市&#10;所属河流:沿河'>李集桥</span>", "09-19 08:00", "Ⅲ", "<span data-toggle='tooltip' data-placement='right' title='原始值：25.71'>25.7</span>", "<span data-toggle='tooltip' data-placement='right' title='原始值：7.72'>7.72</span>", "<span data-toggle='tooltip' data-placement='right' title='原始值：5.74'>5.74</span>", "<span data-toggle='tooltip' data-placement='right' title='原始值：914.4'>914.4</span>", "<span data-toggle='tooltip' data-placement='right' title='原始值：32.87'>32.9</span>", "<span data-toggle='tooltip' data-placement='right' title='原始值：4.97'>4.97</span>", "<span data-toggle='tooltip' data-placement='right' title='原始值：0.077'>0.077</span>", "<span data-toggle='tooltip' data-placement='right' title='原始值：0.116'>0.116</span>", "<span data-toggle='tooltip' data-placement='right' title='原始值：1.11'>1.11</span>", "*", "*", "正常"], ["江苏省", "淮河流域", "<span data-toggle='tooltip' data-placement='right' title='所在地市:徐州市&#10;所属河流:邳苍分洪道'>艾山西大桥</span>", "09-19 08:00", "Ⅲ", "<span data-toggle='tooltip' data-placement='right' title='原始值：23.3065'>23.3</span>", "<span data-toggle='tooltip' data-placement='right' title='原始值：8.28974'>8.29</span>", "<span data-toggle='tooltip' data-placement='right' title='原始值：10.5015'>10.50</span>", "<span data-toggle='tooltip' data-placement='right' title='原始值：872.759'>872.8</span>", "<span data-toggle='tooltip' data-placement='right' title='原始值：16.1402'>16.1</span>", "<span data-toggle='tooltip' data-placement='right' title='原始值：2.88'>2.88</span>", "<span data-toggle='tooltip' data-placement='right' title='原始值：0.16'>0.160</span>", "<span data-toggle='tooltip' data-placement='right' title='原始值：0.16644'>0.166</span>", "<span data-toggle='tooltip' data-placement='right' title='原始值：12.60305'>12.60</span>", "*", "*", "正常"], ["江苏省", "太湖流域", "<span data-toggle='tooltip' data-placement='right' title='所在地市:苏州市&#10;所属河流:太湖'>兰山嘴(老)</span>", "09-19 08:00", "Ⅴ", "<span data-toggle='tooltip' data-placement='right' title='原始值：23.31999'>23.3</span>", "<span data-toggle='tooltip' data-placement='right' title='原始值：7.0805'>7.08</span>", "<span data-toggle='tooltip' data-placement='right' title='原始值：2.44487'>2.44</span>", "<span data-toggle='tooltip' data-placement='right' title='原始值：353.5631'>353.6</span>", "<span data-toggle='tooltip' data-placement='right' title='原始值：22.73108'>22.7</span>", "<span data-toggle='tooltip' data-placement='right' title='原始值：3.59'>3.59</span>", "<span data-toggle='tooltip' data-placement='right' title='原始值：0.92'>0.920</span>", "<span data-toggle='tooltip' data-placement='right' title='原始值：0.10498'>0.105</span>", "<span data-toggle='tooltip' data-placement='right' title='原始值：2.18151'>2.18</span>", "*", "*", "正常"], ["江苏省", "太湖流域", "<span data-toggle='tooltip' data-placement='right' title='所在地市:苏州市&#10;所属河流:太湖'>西山</span>", "09-19 08:00", "Ⅳ", "<span data-toggle='tooltip' data-placement='right' title='原始值：22.89897'>22.9</span>", "<span data-toggle='tooltip' data-placement='right' title='原始值：7.19539'>7.20</span>", "<span data-toggle='tooltip' data-placement='right' title='原始值：6.84027'>6.84</span>", "<span data-toggle='tooltip' data-placement='right' title='原始值：392.0496'>392.0</span>", "<span data-toggle='tooltip' data-placement='right' title='原始值：48.6968'>48.7</span>", "<span data-toggle='tooltip' data-placement='right' title='原始值：1.78'>1.78</span>", "<span data-toggle='tooltip' data-placement='right' title='原始值：0.15'>0.150</span>", "<span data-toggle='tooltip' data-placement='right' title='原始值：0.0523'>0.052</span>", "<span data-toggle='tooltip' data-placement='right' title='原始值：0.8159'>0.82</span>", "*", "*", "正常"], ["江苏省", "淮河流域", "<span data-toggle='tooltip' data-placement='right' title='所在地市:连云港市&#10;所属河流:新沭河'>大兴桥</span>", "09-19 08:00", "Ⅲ", "<span data-toggle='tooltip' data-placement='right' title='原始值：25.2'>25.2</span>", "<span data-toggle='tooltip' data-placement='right' title='原始值：7.74'>7.74</span>", "<span data-toggle='tooltip' data-placement='right' title='原始值：8.76'>8.76</span>", "<span data-toggle='tooltip' data-placement='right' title='原始值：639.8'>639.8</span>", "<span data-toggle='tooltip' data-placement='right' title='原始值：28.49'>28.5</span>", "<span data-toggle='tooltip' data-placement='right' title='原始值：5.86'>5.86</span>", "<span data-toggle='tooltip' data-placement='right' title='原始值：0.045'>0.045</span>", "*", "*", "*", "*", "正常"], ["江苏省", "淮河流域", "<span data-toggle='tooltip' data-placement='right' title='所在地市:淮安市&#10;所属河流:淮河'>淮河大桥</span>", "09-19 08:00", "Ⅳ", "<span data-toggle='tooltip' data-placement='right' title='原始值：27.04866'>27.0</span>", "<span data-toggle='tooltip' data-placement='right' title='原始值：8.04574'>8.05</span>", "<span data-toggle='tooltip' data-placement='right' title='原始值：4.74152'>4.74</span>", "<span data-toggle='tooltip' data-placement='right' title='原始值：376.4879'>376.5</span>", "<span data-toggle='tooltip' data-placement='right' title='原始值：66.52408'>66.5</span>", "<span data-toggle='tooltip' data-placement='right' title='原始值：4.02'>4.02</span>", "<span data-toggle='tooltip' data-placement='right' title='原始值：0.19'>0.190</span>", "<span data-toggle='tooltip' data-placement='right' title='原始值：0.1705'>0.170</span>", "<span data-toggle='tooltip' data-placement='right' title='原始值：3.054'>3.05</span>", "*", "*", "正常"], ["江苏省", "长江流域", "<span data-toggle='tooltip' data-placement='right' title='所在地市:扬州市&#10;所属河流:夹江'>三江营</span>", "09-19 08:00", "Ⅲ", "<span data-toggle='tooltip' data-placement='right' title='原始值：26.84'>26.8</span>", "<span data-toggle='tooltip' data-placement='right' title='原始值：7.83'>7.83</span>", "<span data-toggle='tooltip' data-placement='right' title='原始值：6.12'>6.12</span>", "<span data-toggle='tooltip' data-placement='right' title='原始值：295.22'>295.2</span>", "<span data-toggle='tooltip' data-placement='right' title='原始值：163.29'>163.3</span>", "<span data-toggle='tooltip' data-placement='right' title='原始值：3.278'>3.28</span>", "<span data-toggle='tooltip' data-placement='right' title='原始值：0.081'>0.081</span>", "<span data-toggle='tooltip' data-placement='right' title='原始值：0.139'>0.139</span>", "<span data-toggle='tooltip' data-placement='right' title='原始值：1.97'>1.97</span>", "*", "*", "正常"], ["江苏省", "淮河流域", "<span data-toggle='tooltip' data-placement='right' title='所在地市:宿迁市&#10;所属河流:新濉河'>大屈</span>", "09-19 08:00", "Ⅳ", "<span data-toggle='tooltip' data-placement='right' title='原始值：24.6'>24.6</span>", "<span data-toggle='tooltip' data-placement='right' title='原始值：7.53'>7.53</span>", "<span data-toggle='tooltip' data-placement='right' title='原始值：6.02'>6.02</span>", "<span data-toggle='tooltip' data-placement='right' title='原始值：731.3'>731.3</span>", "<span data-toggle='tooltip' data-placement='right' title='原始值：31.91'>31.9</span>", "<span data-toggle='tooltip' data-placement='right' title='原始值：4.15'>4.15</span>", "<span data-toggle='tooltip' data-placement='right' title='原始值：0.05'>0.050</span>", "<span data-toggle='tooltip' data-placement='right' title='原始值：0.235'>0.235</span>", "<span data-toggle='tooltip' data-placement='right' title='原始值：1.427'>1.43</span>", "*", "*", "正常"], ["浙江省", "浙闽片河流", "<span data-toggle='tooltip' data-placement='right' title='所在地市:杭州市&#10;所属河流:新安江'>街口(鸠坑口)</span>", "09-19 08:00", "Ⅱ", "<span data-toggle='tooltip' data-placement='right' title='原始值：24.24'>24.2</span>", "<span data-toggle='tooltip' data-placement='right' title='原始值：7.02'>7.02</span>", "<span data-toggle='tooltip' data-placement='right' title='原始值：8.36'>8.36</span>", "<span data-toggle='tooltip' data-placement='right' title='原始值：236.46'>236.5</span>", "<span data-toggle='tooltip' data-placement='right' title='原始值：40.2'>40.2</span>", "<span data-toggle='tooltip' data-placement='right' title='原始值：1.642'>1.64</span>", "<span data-toggle='tooltip' data-placement='right' title='原始值：0.031'>0.031</span>", "<span data-toggle='tooltip' data-placement='right' title='原始值：0.025'>0.025</span>", "<span data-toggle='tooltip' data-placement='right' title='原始值：0.591'>0.59</span>", "*", "*", "正常"], ["浙江省", "太湖流域", "<span data-toggle='tooltip' data-placement='right' title='所在地市:嘉兴市&#10;所属河流:斜路港河'>斜路港</span>", "09-19 08:00", "劣Ⅴ", "<span data-toggle='tooltip' data-placement='right' title='原始值：23.6'>23.6</span>", "<span data-toggle='tooltip' data-placement='right' title='原始值：7.08'>7.08</span>", "<span data-toggle='tooltip' data-placement='right' title='原始值：2.16'>2.16</span>", "<span data-toggle='tooltip' data-placement='right' title='原始值：427'>427.0</span>", "<span data-toggle='tooltip' data-placement='right' title='原始值：80.6'>80.6</span>", "<span data-toggle='tooltip' data-placement='right' title='原始值：7.68'>7.68</span>", "<span data-toggle='tooltip' data-placement='right' title='原始值：0.43501'>0.435</span>", "<span data-toggle='tooltip' data-placement='right' title='原始值：0.67506'>0.675</span>", "<span data-toggle='tooltip' data-placement='right' title='原始值：7.25566'>7.26</span>", "*", "*", "正常"], ["浙江省", "太湖流域", "<span data-toggle='tooltip' data-placement='right' title='所在地市:嘉兴市&#10;所属河流:京杭运河'>王江泾</span>", "09-19 08:00", "劣Ⅴ", "<span data-toggle='tooltip' data-placement='right' title='原始值：24.44'>24.4</span>", "<span data-toggle='tooltip' data-placement='right' title='原始值：7.08'>7.08</span>", "<span data-toggle='tooltip' data-placement='right' title='原始值：0.7'>0.70</span>", "<span data-toggle='tooltip' data-placement='right' title='原始值：490.96'>491.0</span>", "<span data-toggle='tooltip' data-placement='right' title='原始值：17.37'>17.4</span>", "<span data-toggle='tooltip' data-placement='right' title='原始值：4.802'>4.80</span>", "<span data-toggle='tooltip' data-placement='right' title='原始值：1.338'>1.338</span>", "<span data-toggle='tooltip' data-placement='right' title='原始值：0.122'>0.122</span>", "<span data-toggle='tooltip' data-placement='right' title='原始值：2.533'>2.53</span>", "*", "*", "正常"], ["浙江省", "太湖流域", "<span data-toggle='tooltip' data-placement='right' title='所在地市:湖州市&#10;所属河流:西苕溪'>新港口(新塘港)</span>", "09-19 08:00", "Ⅲ", "<span data-toggle='tooltip' data-placement='right' title='原始值：23.6605'>23.7</span>", "<span data-toggle='tooltip' data-placement='right' title='原始值：7.2536'>7.25</span>", "<span data-toggle='tooltip' data-placement='right' title='原始值：6.35217'>6.35</span>", "<span data-toggle='tooltip' data-placement='right' title='原始值：300.871'>300.9</span>", "<span data-toggle='tooltip' data-placement='right' title='原始值：100.395'>100.4</span>", "<span data-toggle='tooltip' data-placement='right' title='原始值：4.09053'>4.09</span>", "<span data-toggle='tooltip' data-placement='right' title='原始值：0.21675'>0.217</span>", "<span data-toggle='tooltip' data-placement='right' title='原始值：0.10008'>0.100</span>", "<span data-toggle='tooltip' data-placement='right' title='原始值：7.90417'>7.90</span>", "*", "*", "正常"], ["安徽省", "巢湖流域", "<span data-toggle='tooltip' data-placement='right' title='所在地市:合肥市&#10;所属河流:巢湖'>湖滨(老)</span>", "09-19 08:00", "Ⅴ", "<span data-toggle='tooltip' data-placement='right' title='原始值：26.3547'>26.4</span>", "<span data-toggle='tooltip' data-placement='right' title='原始值：7.87686'>7.88</span>", "<span data-toggle='tooltip' data-placement='right' title='原始值：8.81548'>8.82</span>", "<span data-toggle='tooltip' data-placement='right' title='原始值：184.613'>184.6</span>", "<span data-toggle='tooltip' data-placement='right' title='原始值：81.78053'>81.8</span>", "<span data-toggle='tooltip' data-placement='right' title='原始值：8.9'>8.90</span>", "<span data-toggle='tooltip' data-placement='right' title='原始值：0.29'>0.290</span>", "<span data-toggle='tooltip' data-placement='right' title='原始值：0.1378'>0.138</span>", "<span data-toggle='tooltip' data-placement='right' title='原始值：0.711'>0.71</span>", "<span data-toggle='tooltip' data-placement='right' title='原始值：0.01599'>0.016</span>", "*", "正常"], ["安徽省", "巢湖流域", "<span data-toggle='tooltip' data-placement='right' title='所在地市:芜湖市&#10;所属河流:巢湖'>裕溪口(老)</span>", "09-19 08:00", "Ⅳ", "<span data-toggle='tooltip' data-placement='right' title='原始值：25.30816'>25.3</span>", "<span data-toggle='tooltip' data-placement='right' title='原始值：7.32344'>7.32</span>", "<span data-toggle='tooltip' data-placement='right' title='原始值：3.44285'>3.44</span>", "<span data-toggle='tooltip' data-placement='right' title='原始值：310.0548'>310.1</span>", "<span data-toggle='tooltip' data-placement='right' title='原始值：32.77833'>32.8</span>", "<span data-toggle='tooltip' data-placement='right' title='原始值：5.94'>5.94</span>", "<span data-toggle='tooltip' data-placement='right' title='原始值：0.43'>0.430</span>", "<span data-toggle='tooltip' data-placement='right' title='原始值：0.0944'>0.094</span>", "<span data-toggle='tooltip' data-placement='right' title='原始值：1.712'>1.71</span>", "*", "*", "正常"], ["安徽省", "淮河流域", "<span data-toggle='tooltip' data-placement='right' title='所在地市:蚌埠市&#10;所属河流:淮河'>蚌埠闸上(蚌埠闸)</span>", "09-19 08:00", "", "<span data-toggle='tooltip' data-placement='right' title='原始值：27.44'>27.4</span>", "<span data-toggle='tooltip' data-placement='right' title='原始值：7.19'>7.19</span>", "<span data-toggle='tooltip' data-placement='right' title='原始值：8.11'>8.11</span>", "<span data-toggle='tooltip' data-placement='right' title='原始值：617.5'>617.5</span>", "<span data-toggle='tooltip' data-placement='right' title='原始值：78.32'>78.3</span>", "<span data-toggle='tooltip' data-placement='right' title='极值过滤'>--</span>", "<span data-toggle='tooltip' data-placement='right' title='原始值：0.14'>0.140</span>", "<span data-toggle='tooltip' data-placement='right' title='极值过滤'>--</span>", "<span data-toggle='tooltip' data-placement='right' title='极值过滤'>--</span>", "*", "*", "维护"], ["安徽省", "淮河流域", "<span data-toggle='tooltip' data-placement='right' title='所在地市:淮南市&#10;所属河流:淮河'>石头埠(老)</span>", "09-19 08:00", "Ⅳ", "<span data-toggle='tooltip' data-placement='right' title='原始值：26.42541'>26.4</span>", "<span data-toggle='tooltip' data-placement='right' title='原始值：7.18225'>7.18</span>", "<span data-toggle='tooltip' data-placement='right' title='原始值：3.04694'>3.05</span>", "<span data-toggle='tooltip' data-placement='right' title='原始值：151.2354'>151.2</span>", "<span data-toggle='tooltip' data-placement='right' title='原始值：77.06918'>77.1</span>", "<span data-toggle='tooltip' data-placement='right' title='原始值：6.12'>6.12</span>", "<span data-toggle='tooltip' data-placement='right' title='原始值：0.12'>0.120</span>", "*", "*", "*", "*", "正常"], ["安徽省", "淮河流域", "<span data-toggle='tooltip' data-placement='right' title='所在地市:淮北市&#10;所属河流:沱河'>小王桥</span>", "09-19 08:00", "Ⅴ", "<span data-toggle='tooltip' data-placement='right' title='原始值：26.04'>26.0</span>", "<span data-toggle='tooltip' data-placement='right' title='原始值：7.77'>7.77</span>", "<span data-toggle='tooltip' data-placement='right' title='原始值：2.8'>2.80</span>", "<span data-toggle='tooltip' data-placement='right' title='原始值：1176.29'>1176.3</span>", "<span data-toggle='tooltip' data-placement='right' title='原始值：23.39'>23.4</span>", "<span data-toggle='tooltip' data-placement='right' title='原始值：7.873'>7.87</span>", "<span data-toggle='tooltip' data-placement='right' title='原始值：0.177'>0.177</span>", "<span data-toggle='tooltip' data-placement='right' title='原始值：0.337'>0.337</span>", "<span data-toggle='tooltip' data-placement='right' title='原始值：1.588'>1.59</span>", "*", "*", "正常"], ["安徽省", "长江流域", "<span data-toggle='tooltip' data-placement='right' title='所在地市:安庆市&#10;所属河流:长江'>皖河口</span>", "09-19 08:00", "Ⅱ", "<span data-toggle='tooltip' data-placement='right' title='原始值：24.68'>24.7</span>", "<span data-toggle='tooltip' data-placement='right' title='原始值：7.38'>7.38</span>", "<span data-toggle='tooltip' data-placement='right' title='原始值：6.13'>6.13</span>", "<span data-toggle='tooltip' data-placement='right' title='原始值：281.08'>281.1</span>", "<span data-toggle='tooltip' data-placement='right' title='原始值：59.01'>59.0</span>", "<span data-toggle='tooltip' data-placement='right' title='原始值：2.148'>2.15</span>", "<span data-toggle='tooltip' data-placement='right' title='原始值：0.055'>0.055</span>", "<span data-toggle='tooltip' data-placement='right' title='原始值：0.0691'>0.069</span>", "<span data-toggle='tooltip' data-placement='right' title='原始值：2.072'>2.07</span>", "*", "*", "正常"], ["安徽省", "淮河流域", "<span data-toggle='tooltip' data-placement='right' title='所在地市:滁州市&#10;所属河流:淮河'>小柳巷</span>", "09-19 08:00", "Ⅲ", "<span data-toggle='tooltip' data-placement='right' title='原始值：27.5'>27.5</span>", "<span data-toggle='tooltip' data-placement='right' title='原始值：7.08'>7.08</span>", "<span data-toggle='tooltip' data-placement='right' title='原始值：5.07'>5.07</span>", "<span data-toggle='tooltip' data-placement='right' title='原始值：318.1'>318.1</span>", "<span data-toggle='tooltip' data-placement='right' title='原始值：56.91'>56.9</span>", "<span data-toggle='tooltip' data-placement='right' title='原始值：2.44'>2.44</span>", "<span data-toggle='tooltip' data-placement='right' title='原始值：0.03'>0.030</span>", "<span data-toggle='tooltip' data-placement='right' title='原始值：0.139'>0.139</span>", "<span data-toggle='tooltip' data-placement='right' title='原始值：0.978'>0.98</span>", "*", "*", "正常"], ["安徽省", "淮河流域", "<span data-toggle='tooltip' data-placement='right' title='所在地市:阜阳市&#10;所属河流:黑茨河'>张大桥</span>", null, "", "--", "--", "--", "--", "--", "--", "--", "--", "--", "*", "*", "停站"], ["安徽省", "淮河流域", "<span data-toggle='tooltip' data-placement='right' title='所在地市:阜阳市&#10;所属河流:淮河'>王家坝</span>", "09-19 08:00", "Ⅲ", "<span data-toggle='tooltip' data-placement='right' title='原始值：25.82'>25.8</span>", "<span data-toggle='tooltip' data-placement='right' title='原始值：7.9496'>7.95</span>", "<span data-toggle='tooltip' data-placement='right' title='原始值：5.38155'>5.38</span>", "<span data-toggle='tooltip' data-placement='right' title='原始值：715.248'>715.2</span>", "<span data-toggle='tooltip' data-placement='right' title='原始值：38.87849'>38.9</span>", "<span data-toggle='tooltip' data-placement='right' title='原始值：2.56'>2.56</span>", "<span data-toggle='tooltip' data-placement='right' title='原始值：0.211'>0.211</span>", "<span data-toggle='tooltip' data-placement='right' title='原始值：0.1822'>0.182</span>", "<span data-toggle='tooltip' data-placement='right' title='原始值：1.27854'>1.28</span>", "*", "*", "正常"], ["安徽省", "淮河流域", "<span data-toggle='tooltip' data-placement='right' title='所在地市:阜阳市&#10;所属河流:颍河'>界首七渡口(七渡口)</span>", "09-19 08:00", "Ⅳ", "<span data-toggle='tooltip' data-placement='right' title='原始值：26.71095'>26.7</span>", "<span data-toggle='tooltip' data-placement='right' title='原始值：7.6176'>7.62</span>", "<span data-toggle='tooltip' data-placement='right' title='原始值：4.24273'>4.24</span>", "<span data-toggle='tooltip' data-placement='right' title='原始值：783.3087'>783.3</span>", "<span data-toggle='tooltip' data-placement='right' title='原始值：15.35383'>15.4</span>", "<span data-toggle='tooltip' data-placement='right' title='原始值：3.52'>3.52</span>", "<span data-toggle='tooltip' data-placement='right' title='原始值：0.1'>0.100</span>", "<span data-toggle='tooltip' data-placement='right' title='原始值：0.10141'>0.101</span>", "<span data-toggle='tooltip' data-placement='right' title='原始值：2.84381'>2.84</span>", "*", "*", "正常"], ["安徽省", "淮河流域", "<span data-toggle='tooltip' data-placement='right' title='所在地市:阜阳市&#10;所属河流:泉河'>许庄(徐庄)</span>", "09-19 04:00", "", "<span data-toggle='tooltip' data-placement='right' title='原始值：24.5'>24.5</span>", "<span data-toggle='tooltip' data-placement='right' title='原始值：7.73'>7.73</span>", "<span data-toggle='tooltip' data-placement='right' title='原始值：5.02'>5.02</span>", "<span data-toggle='tooltip' data-placement='right' title='原始值：800.1'>800.1</span>", "<span data-toggle='tooltip' data-placement='right' title='原始值：37.17'>37.2</span>", "<span data-toggle='tooltip' data-placement='right' title='原始值：3.35'>3.35</span>", "<span data-toggle='tooltip' data-placement='right' title='极值过滤'>--</span>", "<span data-toggle='tooltip' data-placement='right' title='原始值：0.109'>0.109</span>", "<span data-toggle='tooltip' data-placement='right' title='原始值：0.916'>0.92</span>", "*", "*", "维护"], ["安徽省", "淮河流域", "<span data-toggle='tooltip' data-placement='right' title='所在地市:宿州市&#10;所属河流:奎河'>杨庄</span>", "09-19 08:00", "Ⅲ", "<span data-toggle='tooltip' data-placement='right' title='原始值：24.22'>24.2</span>", "<span data-toggle='tooltip' data-placement='right' title='原始值：7.7'>7.70</span>", "<span data-toggle='tooltip' data-placement='right' title='原始值：6.5'>6.50</span>", "<span data-toggle='tooltip' data-placement='right' title='原始值：796.3'>796.3</span>", "<span data-toggle='tooltip' data-placement='right' title='原始值：95.76'>95.8</span>", "<span data-toggle='tooltip' data-placement='right' title='原始值：4.19'>4.19</span>", "<span data-toggle='tooltip' data-placement='right' title='原始值：0.195'>0.195</span>", "*", "*", "*", "*", "正常"], ["安徽省", "淮河流域", "<span data-toggle='tooltip' data-placement='right' title='所在地市:宿州市&#10;所属河流:新汴河'>泗县公路桥</span>", "09-19 08:00", "Ⅳ", "<span data-toggle='tooltip' data-placement='right' title='原始值：26.09'>26.1</span>", "<span data-toggle='tooltip' data-placement='right' title='原始值：8.16'>8.16</span>", "<span data-toggle='tooltip' data-placement='right' title='原始值：8.16'>8.16</span>", "<span data-toggle='tooltip' data-placement='right' title='原始值：914.1'>914.1</span>", "<span data-toggle='tooltip' data-placement='right' title='原始值：28.82'>28.8</span>", "<span data-toggle='tooltip' data-placement='right' title='原始值：7.54'>7.54</span>", "<span data-toggle='tooltip' data-placement='right' title='原始值：0.058'>0.058</span>", "*", "*", "*", "*", "正常"], ["安徽省", "淮河流域", "<span data-toggle='tooltip' data-placement='right' title='所在地市:亳州市&#10;所属河流:包河'>颜集</span>", "09-19 08:00", "", "<span data-toggle='tooltip' data-placement='right' title='原始值：21.9'>21.9</span>", "<span data-toggle='tooltip' data-placement='right' title='原始值：7.62'>7.62</span>", "<span data-toggle='tooltip' data-placement='right' title='原始值：5.31'>5.31</span>", "<span data-toggle='tooltip' data-placement='right' title='原始值：1564.5'>1564.5</span>", "<span data-toggle='tooltip' data-placement='right' title='原始值：117.03'>117.0</span>", "<span data-toggle='tooltip' data-placement='right' title='原始值：5.42'>5.42</span>", "<span data-toggle='tooltip' data-placement='right' title='极值过滤'>--</span>", "<span data-toggle='tooltip' data-placement='right' title='原始值：0.288'>0.288</span>", "<span data-toggle='tooltip' data-placement='right' title='原始值：1.294'>1.29</span>", "*", "*", "维护"], ["福建省", "浙闽片河流", "<span data-toggle='tooltip' data-placement='right' title='所在地市:福州市&#10;所属河流:闽江'>白岩潭</span>", "09-19 08:00", "Ⅱ", "<span data-toggle='tooltip' data-placement='right' title='原始值：29.87'>29.9</span>", "<span data-toggle='tooltip' data-placement='right' title='原始值：6.98'>6.98</span>", "<span data-toggle='tooltip' data-placement='right' title='原始值：6.27'>6.27</span>", "<span data-toggle='tooltip' data-placement='right' title='原始值：586'>586.0</span>", "<span data-toggle='tooltip' data-placement='right' title='原始值：69.69'>69.7</span>", "<span data-toggle='tooltip' data-placement='right' title='原始值：1.49'>1.49</span>", "<span data-toggle='tooltip' data-placement='right' title='原始值：0.09'>0.090</span>", "*", "*", "*", "*", "正常"], ["江西省", "长江流域", "<span data-toggle='tooltip' data-placement='right' title='所在地市:南昌市&#10;所属河流:赣江南支'>滁槎</span>", "09-19 08:00", "Ⅱ", "<span data-toggle='tooltip' data-placement='right' title='原始值：27.50669'>27.5</span>", "<span data-toggle='tooltip' data-placement='right' title='原始值：7.5926'>7.59</span>", "<span data-toggle='tooltip' data-placement='right' title='原始值：6.81129'>6.81</span>", "<span data-toggle='tooltip' data-placement='right' title='原始值：146.078'>146.1</span>", "<span data-toggle='tooltip' data-placement='right' title='原始值：21.29876'>21.3</span>", "<span data-toggle='tooltip' data-placement='right' title='原始值：2.34'>2.34</span>", "<span data-toggle='tooltip' data-placement='right' title='原始值：0.17'>0.170</span>", "<span data-toggle='tooltip' data-placement='right' title='原始值：0.0225'>0.022</span>", "<span data-toggle='tooltip' data-placement='right' title='原始值：1.57'>1.57</span>", "*", "*", "正常"], ["江西省", "长江流域", "<span data-toggle='tooltip' data-placement='right' title='所在地市:九江市&#10;所属河流:长江'>姚港(河西水厂)</span>", "09-19 08:00", "Ⅲ", "<span data-toggle='tooltip' data-placement='right' title='原始值：24.7'>24.7</span>", "<span data-toggle='tooltip' data-placement='right' title='原始值：7.3'>7.30</span>", "<span data-toggle='tooltip' data-placement='right' title='原始值：6.45'>6.45</span>", "<span data-toggle='tooltip' data-placement='right' title='原始值：309.49'>309.5</span>", "<span data-toggle='tooltip' data-placement='right' title='原始值：65.69'>65.7</span>", "<span data-toggle='tooltip' data-placement='right' title='原始值：2.329'>2.33</span>", "<span data-toggle='tooltip' data-placement='right' title='原始值：0.201'>0.201</span>", "<span data-toggle='tooltip' data-placement='right' title='原始值：0.135'>0.135</span>", "<span data-toggle='tooltip' data-placement='right' title='原始值：1.66'>1.66</span>", "*", "*", "正常"], ["江西省", "长江流域", "<span data-toggle='tooltip' data-placement='right' title='所在地市:九江市&#10;所属河流:鄱阳湖'>蛤蟆石</span>", "09-19 08:00", "Ⅱ", "<span data-toggle='tooltip' data-placement='right' title='原始值：25.29'>25.3</span>", "<span data-toggle='tooltip' data-placement='right' title='原始值：6.97'>6.97</span>", "<span data-toggle='tooltip' data-placement='right' title='原始值：7.01'>7.01</span>", "<span data-toggle='tooltip' data-placement='right' title='原始值：117.3'>117.3</span>", "<span data-toggle='tooltip' data-placement='right' title='原始值：6.82'>6.8</span>", "<span data-toggle='tooltip' data-placement='right' title='原始值：1.978'>1.98</span>", "<span data-toggle='tooltip' data-placement='right' title='原始值：0.005'>0.005</span>", "<span data-toggle='tooltip' data-placement='right' title='原始值：0.0243'>0.024</span>", "<span data-toggle='tooltip' data-placement='right' title='原始值：0.63'>0.63</span>", "<span data-toggle='tooltip' data-placement='right' title='原始值：0.01493'>0.015</span>", "<span data-toggle='tooltip' data-placement='right' title='原始值：1668194'>1668194</span>", "正常"], ["山东省", "黄河流域", "<span data-toggle='tooltip' data-placement='right' title='所在地市:济南市&#10;所属河流:黄河'>泺口</span>", "09-19 08:00", "Ⅱ", "<span data-toggle='tooltip' data-placement='right' title='原始值：23.4712'>23.5</span>", "<span data-toggle='tooltip' data-placement='right' title='原始值：7.95514'>7.96</span>", "<span data-toggle='tooltip' data-placement='right' title='原始值：7.59053'>7.59</span>", "<span data-toggle='tooltip' data-placement='right' title='原始值：693.979'>694.0</span>", "<span data-toggle='tooltip' data-placement='right' title='原始值：1341.61'>1341.6</span>", "<span data-toggle='tooltip' data-placement='right' title='原始值：2.68'>2.68</span>", "<span data-toggle='tooltip' data-placement='right' title='原始值：0.09842'>0.098</span>", "<span data-toggle='tooltip' data-placement='right' title='原始值：0.02348'>0.023</span>", "<span data-toggle='tooltip' data-placement='right' title='原始值：3.249'>3.25</span>", "*", "*", "正常"], ["山东省", "淮河流域", "<span data-toggle='tooltip' data-placement='right' title='所在地市:枣庄市&#10;所属河流:京杭大运河（韩庄运河）'>台儿庄大桥</span>", "09-19 08:00", "Ⅱ", "<span data-toggle='tooltip' data-placement='right' title='原始值：26.43'>26.4</span>", "<span data-toggle='tooltip' data-placement='right' title='原始值：7.46975'>7.47</span>", "<span data-toggle='tooltip' data-placement='right' title='原始值：6.60208'>6.60</span>", "<span data-toggle='tooltip' data-placement='right' title='原始值：859.522'>859.5</span>", "<span data-toggle='tooltip' data-placement='right' title='原始值：34.44137'>34.4</span>", "<span data-toggle='tooltip' data-placement='right' title='原始值：3.70889'>3.71</span>", "<span data-toggle='tooltip' data-placement='right' title='原始值：0.06351'>0.064</span>", "<span data-toggle='tooltip' data-placement='right' title='原始值：0.07158'>0.072</span>", "<span data-toggle='tooltip' data-placement='right' title='原始值：1.97603'>1.98</span>", "*", "*", "正常"], ["山东省", "淮河流域", "<span data-toggle='tooltip' data-placement='right' title='所在地市:临沂市&#10;所属河流:沭河'>清泉寺</span>", "09-19 08:00", "Ⅳ", "<span data-toggle='tooltip' data-placement='right' title='原始值：24.39576'>24.4</span>", "<span data-toggle='tooltip' data-placement='right' title='原始值：7.71436'>7.71</span>", "<span data-toggle='tooltip' data-placement='right' title='原始值：4.74636'>4.75</span>", "<span data-toggle='tooltip' data-placement='right' title='原始值：784.7135'>784.7</span>", "<span data-toggle='tooltip' data-placement='right' title='原始值：29.51343'>29.5</span>", "<span data-toggle='tooltip' data-placement='right' title='原始值：6.09'>6.09</span>", "<span data-toggle='tooltip' data-placement='right' title='原始值：0.38'>0.380</span>", "*", "*", "*", "*", "正常"], ["山东省", "淮河流域", "<span data-toggle='tooltip' data-placement='right' title='所在地市:临沂市&#10;所属河流:沂河'>重坊桥</span>", null, "", "--", "--", "--", "--", "--", "--", "--", "--", "--", "*", "*", "停站"], ["山东省", "淮河流域", "<span data-toggle='tooltip' data-placement='right' title='所在地市:临沂市&#10;所属河流:白马河'>捷庄(涝沟桥)</span>", "09-19 08:00", "Ⅲ", "<span data-toggle='tooltip' data-placement='right' title='原始值：24.3'>24.3</span>", "<span data-toggle='tooltip' data-placement='right' title='原始值：7.55'>7.55</span>", "<span data-toggle='tooltip' data-placement='right' title='原始值：20'>20.00</span>", "<span data-toggle='tooltip' data-placement='right' title='原始值：793.0002'>793.0</span>", "<span data-toggle='tooltip' data-placement='right' title='原始值：30.65989'>30.7</span>", "<span data-toggle='tooltip' data-placement='right' title='原始值：5.95'>5.95</span>", "<span data-toggle='tooltip' data-placement='right' title='原始值：0.03042'>0.030</span>", "<span data-toggle='tooltip' data-placement='right' title='原始值：0.08906'>0.089</span>", "<span data-toggle='tooltip' data-placement='right' title='原始值：5.34538'>5.35</span>", "*", "*", "正常"], ["山东省", "海河流域", "<span data-toggle='tooltip' data-placement='right' title='所在地市:聊城市&#10;所属河流:卫运河'>秤勾湾(秤钩湾)</span>", null, "", "--", "--", "--", "--", "--", "--", "--", "--", "--", "*", "*", "停站"], ["河南省", "长江流域", "<span data-toggle='tooltip' data-placement='right' title='所在地市:南阳市&#10;所属河流:丹江口水库'>陶岔</span>", "09-19 08:00", "Ⅱ", "<span data-toggle='tooltip' data-placement='right' title='原始值：25.99'>26.0</span>", "<span data-toggle='tooltip' data-placement='right' title='原始值：8.12357'>8.12</span>", "<span data-toggle='tooltip' data-placement='right' title='原始值：7.62034'>7.62</span>", "<span data-toggle='tooltip' data-placement='right' title='原始值：300.1627'>300.2</span>", "<span data-toggle='tooltip' data-placement='right' title='原始值：2.35531'>2.4</span>", "<span data-toggle='tooltip' data-placement='right' title='原始值：2.33'>2.33</span>", "<span data-toggle='tooltip' data-placement='right' title='原始值：0.01338'>0.013</span>", "<span data-toggle='tooltip' data-placement='right' title='原始值：0.01118'>0.011</span>", "<span data-toggle='tooltip' data-placement='right' title='原始值：0.66767'>0.67</span>", "<span data-toggle='tooltip' data-placement='right' title='原始值：0.00597'>0.006</span>", "<span data-toggle='tooltip' data-placement='right' title='原始值：144097.5'>144098</span>", "正常"], ["河南省", "淮河流域", "<span data-toggle='tooltip' data-placement='right' title='所在地市:商丘市&#10;所属河流:浍河'>黄口</span>", "09-19 08:00", "Ⅳ", "<span data-toggle='tooltip' data-placement='right' title='原始值：20.6'>20.6</span>", "<span data-toggle='tooltip' data-placement='right' title='原始值：7.18031'>7.18</span>", "<span data-toggle='tooltip' data-placement='right' title='原始值：4.91096'>4.91</span>", "<span data-toggle='tooltip' data-placement='right' title='原始值：1649'>1649.0</span>", "<span data-toggle='tooltip' data-placement='right' title='原始值：37.11979'>37.1</span>", "<span data-toggle='tooltip' data-placement='right' title='原始值：2.1'>2.10</span>", "<span data-toggle='tooltip' data-placement='right' title='原始值：0.03207'>0.032</span>", "<span data-toggle='tooltip' data-placement='right' title='原始值：0.0958'>0.096</span>", "<span data-toggle='tooltip' data-placement='right' title='原始值：13.75159'>13.75</span>", "*", "*", "正常"], ["河南省", "淮河流域", "<span data-toggle='tooltip' data-placement='right' title='所在地市:信阳市&#10;所属河流:史灌河'>蒋集</span>", "09-19 08:00", "Ⅲ", "<span data-toggle='tooltip' data-placement='right' title='原始值：27.04355'>27.0</span>", "<span data-toggle='tooltip' data-placement='right' title='原始值：7.10151'>7.10</span>", "<span data-toggle='tooltip' data-placement='right' title='原始值：5.44678'>5.45</span>", "<span data-toggle='tooltip' data-placement='right' title='原始值：209.0313'>209.0</span>", "<span data-toggle='tooltip' data-placement='right' title='原始值：154.4565'>154.5</span>", "<span data-toggle='tooltip' data-placement='right' title='原始值：2.61'>2.61</span>", "<span data-toggle='tooltip' data-placement='right' title='原始值：0.01251'>0.013</span>", "*", "*", "*", "*", "正常"], ["河南省", "淮河流域", "<span data-toggle='tooltip' data-placement='right' title='所在地市:信阳市&#10;所属河流:淮河'>淮滨水文站(淮滨)</span>", "09-19 08:00", "Ⅲ", "<span data-toggle='tooltip' data-placement='right' title='原始值：24.8'>24.8</span>", "<span data-toggle='tooltip' data-placement='right' title='原始值：7.08'>7.08</span>", "<span data-toggle='tooltip' data-placement='right' title='原始值：6.62'>6.62</span>", "<span data-toggle='tooltip' data-placement='right' title='原始值：241'>241.0</span>", "<span data-toggle='tooltip' data-placement='right' title='原始值：73.10339'>73.1</span>", "<span data-toggle='tooltip' data-placement='right' title='原始值：2.95195'>2.95</span>", "<span data-toggle='tooltip' data-placement='right' title='原始值：0.11515'>0.115</span>", "<span data-toggle='tooltip' data-placement='right' title='原始值：0.14516'>0.145</span>", "<span data-toggle='tooltip' data-placement='right' title='原始值：1.05129'>1.05</span>", "*", "*", "正常"], ["河南省", "淮河流域", "<span data-toggle='tooltip' data-placement='right' title='所在地市:周口市&#10;所属河流:沙河'>沈丘闸</span>", "09-19 08:00", "Ⅳ", "<span data-toggle='tooltip' data-placement='right' title='原始值：25.40845'>25.4</span>", "<span data-toggle='tooltip' data-placement='right' title='原始值：7.40898'>7.41</span>", "<span data-toggle='tooltip' data-placement='right' title='原始值：4.75182'>4.75</span>", "<span data-toggle='tooltip' data-placement='right' title='原始值：904.6486'>904.6</span>", "<span data-toggle='tooltip' data-placement='right' title='原始值：15.58653'>15.6</span>", "<span data-toggle='tooltip' data-placement='right' title='原始值：3.34'>3.34</span>", "<span data-toggle='tooltip' data-placement='right' title='原始值：0.47'>0.470</span>", "*", "*", "*", "*", "正常"], ["河南省", "淮河流域", "<span data-toggle='tooltip' data-placement='right' title='所在地市:周口市&#10;所属河流:涡河'>鹿邑付桥(鹿邑付桥闸)</span>", "09-19 08:00", "Ⅲ", "<span data-toggle='tooltip' data-placement='right' title='原始值：24.54542'>24.5</span>", "<span data-toggle='tooltip' data-placement='right' title='原始值：8.41335'>8.41</span>", "<span data-toggle='tooltip' data-placement='right' title='原始值：7.17091'>7.17</span>", "<span data-toggle='tooltip' data-placement='right' title='原始值：1427.207'>1427.2</span>", "<span data-toggle='tooltip' data-placement='right' title='原始值：13.2506'>13.3</span>", "<span data-toggle='tooltip' data-placement='right' title='原始值：5.76564'>5.77</span>", "<span data-toggle='tooltip' data-placement='right' title='原始值：0.05'>0.050</span>", "<span data-toggle='tooltip' data-placement='right' title='原始值：0.1667'>0.167</span>", "<span data-toggle='tooltip' data-placement='right' title='原始值：1.22608'>1.23</span>", "*", "*", "正常"], ["河南省", "淮河流域", "<span data-toggle='tooltip' data-placement='right' title='所在地市:驻马店市&#10;所属河流:洪河'>新蔡班台(班台)</span>", "09-19 08:00", "Ⅴ", "<span data-toggle='tooltip' data-placement='right' title='原始值：25.60694'>25.6</span>", "<span data-toggle='tooltip' data-placement='right' title='原始值：7.16587'>7.17</span>", "<span data-toggle='tooltip' data-placement='right' title='原始值：6.05738'>6.06</span>", "<span data-toggle='tooltip' data-placement='right' title='原始值：888.4667'>888.5</span>", "<span data-toggle='tooltip' data-placement='right' title='原始值：17.28571'>17.3</span>", "<span data-toggle='tooltip' data-placement='right' title='原始值：3.49'>3.49</span>", "<span data-toggle='tooltip' data-placement='right' title='原始值：0.09'>0.090</span>", "<span data-toggle='tooltip' data-placement='right' title='原始值：0.30984'>0.310</span>", "<span data-toggle='tooltip' data-placement='right' title='原始值：41.41409'>41.41</span>", "*", "*", "正常"], ["河南省", "黄河流域", "<span data-toggle='tooltip' data-placement='right' title='所在地市:济源市&#10;所属河流:黄河'>小浪底水库(小浪底)</span>", null, "", "--", "--", "--", "--", "--", "--", "--", "--", "--", "*", "*", "停站"], ["湖北省", "长江流域", "<span data-toggle='tooltip' data-placement='right' title='所在地市:武汉市&#10;所属河流:汉江'>宗关</span>", null, "", "--", "--", "--", "--", "--", "--", "--", "--", "--", "*", "*", "停站"], ["湖北省", "长江流域", "<span data-toggle='tooltip' data-placement='right' title='所在地市:十堰市&#10;所属河流:丹江口水库'>坝上中(胡家岭)</span>", "09-19 08:00", "Ⅱ", "<span data-toggle='tooltip' data-placement='right' title='原始值：26.39'>26.4</span>", "<span data-toggle='tooltip' data-placement='right' title='原始值：8.514055'>8.51</span>", "<span data-toggle='tooltip' data-placement='right' title='原始值：8.038262'>8.04</span>", "<span data-toggle='tooltip' data-placement='right' title='原始值：228.992'>229.0</span>", "<span data-toggle='tooltip' data-placement='right' title='原始值：19.17665'>19.2</span>", "<span data-toggle='tooltip' data-placement='right' title='原始值：2.58'>2.58</span>", "<span data-toggle='tooltip' data-placement='right' title='原始值：0.074'>0.074</span>", "<span data-toggle='tooltip' data-placement='right' title='原始值：0.019'>0.019</span>", "<span data-toggle='tooltip' data-placement='right' title='原始值：1.233'>1.23</span>", "<span data-toggle='tooltip' data-placement='right' title='原始值：0.0417661'>0.042</span>", "<span data-toggle='tooltip' data-placement='right' title='原始值：1.4482E+07'>14482000</span>", "正常"], ["湖北省", "长江流域", "<span data-toggle='tooltip' data-placement='right' title='所在地市:宜昌市&#10;所属河流:长江'>南津关</span>", "09-19 08:00", "", "<span data-toggle='tooltip' data-placement='right' title='原始值：24.03'>24.0</span>", "<span data-toggle='tooltip' data-placement='right' title='原始值：7.941261'>7.94</span>", "<span data-toggle='tooltip' data-placement='right' title='原始值：6.982079'>6.98</span>", "<span data-toggle='tooltip' data-placement='right' title='原始值：342.369'>342.4</span>", "<span data-toggle='tooltip' data-placement='right' title='原始值：63.46825'>63.5</span>", "<span data-toggle='tooltip' data-placement='right' title='原始值：1.81'>1.81</span>", "--", "<span data-toggle='tooltip' data-placement='right' title='原始值：0.073'>0.073</span>", "<span data-toggle='tooltip' data-placement='right' title='原始值：0.9406'>0.94</span>", "*", "*", "维护"], ["湖南省", "长江流域", "<span data-toggle='tooltip' data-placement='right' title='所在地市:长沙市&#10;所属河流:湘江'>新港</span>", "09-19 08:00", "Ⅲ", "<span data-toggle='tooltip' data-placement='right' title='原始值：24.93'>24.9</span>", "<span data-toggle='tooltip' data-placement='right' title='原始值：7.08'>7.08</span>", "<span data-toggle='tooltip' data-placement='right' title='原始值：5.91'>5.91</span>", "<span data-toggle='tooltip' data-placement='right' title='原始值：219.29'>219.3</span>", "<span data-toggle='tooltip' data-placement='right' title='原始值：39.99'>40.0</span>", "<span data-toggle='tooltip' data-placement='right' title='原始值：2.41'>2.41</span>", "<span data-toggle='tooltip' data-placement='right' title='原始值：0.169'>0.169</span>", "<span data-toggle='tooltip' data-placement='right' title='原始值：0.072'>0.072</span>", "<span data-toggle='tooltip' data-placement='right' title='原始值：1.92'>1.92</span>", "*", "*", "正常"], ["湖南省", "长江流域", "<span data-toggle='tooltip' data-placement='right' title='所在地市:岳阳市&#10;所属河流:洞庭湖'>岳阳楼</span>", "09-19 08:00", "Ⅳ", "<span data-toggle='tooltip' data-placement='right' title='原始值：23.11'>23.1</span>", "<span data-toggle='tooltip' data-placement='right' title='原始值：7.809814'>7.81</span>", "<span data-toggle='tooltip' data-placement='right' title='原始值：6.162137'>6.16</span>", "<span data-toggle='tooltip' data-placement='right' title='原始值：236.5513'>236.6</span>", "<span data-toggle='tooltip' data-placement='right' title='原始值：64.11226'>64.1</span>", "<span data-toggle='tooltip' data-placement='right' title='原始值：2.97'>2.97</span>", "<span data-toggle='tooltip' data-placement='right' title='原始值：0.004'>0.004</span>", "<span data-toggle='tooltip' data-placement='right' title='原始值：0.076'>0.076</span>", "<span data-toggle='tooltip' data-placement='right' title='原始值：1.318'>1.32</span>", "<span data-toggle='tooltip' data-placement='right' title='原始值：0.0035938'>0.004</span>", "<span data-toggle='tooltip' data-placement='right' title='原始值：282.289'>282</span>", "正常"], ["湖南省", "长江流域", "<span data-toggle='tooltip' data-placement='right' title='所在地市:岳阳市&#10;所属河流:长江'>城陵矶</span>", "09-19 08:00", "Ⅲ", "<span data-toggle='tooltip' data-placement='right' title='原始值：24.1'>24.1</span>", "<span data-toggle='tooltip' data-placement='right' title='原始值：7.686358'>7.69</span>", "<span data-toggle='tooltip' data-placement='right' title='原始值：7.835989'>7.84</span>", "<span data-toggle='tooltip' data-placement='right' title='原始值：255.344'>255.3</span>", "<span data-toggle='tooltip' data-placement='right' title='原始值：68.14791'>68.1</span>", "<span data-toggle='tooltip' data-placement='right' title='原始值：2.5'>2.50</span>", "<span data-toggle='tooltip' data-placement='right' title='原始值：0.018'>0.018</span>", "<span data-toggle='tooltip' data-placement='right' title='原始值：0.129'>0.129</span>", "<span data-toggle='tooltip' data-placement='right' title='极值过滤'>--</span>", "*", "*", "维护"], ["广东省", "珠江流域", "<span data-toggle='tooltip' data-placement='right' title='所在地市:清远市&#10;所属河流:北江'>七星岗</span>", "09-19 08:00", "Ⅲ", "<span data-toggle='tooltip' data-placement='right' title='原始值：29.84137'>29.8</span>", "<span data-toggle='tooltip' data-placement='right' title='原始值：7.29239'>7.29</span>", "<span data-toggle='tooltip' data-placement='right' title='原始值：6.20742'>6.21</span>", "<span data-toggle='tooltip' data-placement='right' title='原始值：229.5721'>229.6</span>", "<span data-toggle='tooltip' data-placement='right' title='原始值：22.03754'>22.0</span>", "<span data-toggle='tooltip' data-placement='right' title='原始值：1.23'>1.23</span>", "<span data-toggle='tooltip' data-placement='right' title='原始值：0.14603'>0.146</span>", "<span data-toggle='tooltip' data-placement='right' title='原始值：0.10268'>0.103</span>", "<span data-toggle='tooltip' data-placement='right' title='原始值：0.1223'>0.12</span>", "*", "*", "正常"], ["广东省", "珠江流域", "<span data-toggle='tooltip' data-placement='right' title='所在地市:中山市&#10;所属河流:西江'>横栏</span>", "09-19 08:00", "Ⅱ", "<span data-toggle='tooltip' data-placement='right' title='原始值：27.6'>27.6</span>", "<span data-toggle='tooltip' data-placement='right' title='原始值：7.79'>7.79</span>", "<span data-toggle='tooltip' data-placement='right' title='原始值：6.9'>6.90</span>", "<span data-toggle='tooltip' data-placement='right' title='原始值：244'>244.0</span>", "<span data-toggle='tooltip' data-placement='right' title='原始值：22.2'>22.2</span>", "<span data-toggle='tooltip' data-placement='right' title='原始值：2.1'>2.10</span>", "<span data-toggle='tooltip' data-placement='right' title='原始值：0.14849'>0.148</span>", "*", "*", "*", "*", "正常"], ["广西壮族自治区", "珠江流域", "<span data-toggle='tooltip' data-placement='right' title='所在地市:南宁市&#10;所属河流:邕江'>老口</span>", "09-19 08:00", "Ⅲ", "<span data-toggle='tooltip' data-placement='right' title='原始值：29.30137'>29.3</span>", "<span data-toggle='tooltip' data-placement='right' title='原始值：7.41707'>7.42</span>", "<span data-toggle='tooltip' data-placement='right' title='原始值：5.99659'>6.00</span>", "<span data-toggle='tooltip' data-placement='right' title='原始值：322.7529'>322.8</span>", "<span data-toggle='tooltip' data-placement='right' title='原始值：7.40983'>7.4</span>", "<span data-toggle='tooltip' data-placement='right' title='原始值：1.5613'>1.56</span>", "<span data-toggle='tooltip' data-placement='right' title='原始值：0.12016'>0.120</span>", "<span data-toggle='tooltip' data-placement='right' title='原始值：0.0259'>0.026</span>", "<span data-toggle='tooltip' data-placement='right' title='原始值：1.69977'>1.70</span>", "*", "*", "正常"], ["广西壮族自治区", "珠江流域", "<span data-toggle='tooltip' data-placement='right' title='所在地市:桂林市&#10;所属河流:漓江'>阳朔</span>", null, "", "--", "--", "--", "--", "--", "--", "--", "--", "--", "*", "*", "停站"], ["广西壮族自治区", "珠江流域", "<span data-toggle='tooltip' data-placement='right' title='所在地市:梧州市&#10;所属河流:浔江'>界首</span>", null, "", "--", "--", "--", "--", "--", "--", "--", "--", "--", "*", "*", "停站"], ["广西壮族自治区", "珠江流域", "<span data-toggle='tooltip' data-placement='right' title='所在地市:贵港市&#10;所属河流:浔江'>石嘴</span>", "09-19 08:00", "Ⅱ", "<span data-toggle='tooltip' data-placement='right' title='原始值：28.07975'>28.1</span>", "<span data-toggle='tooltip' data-placement='right' title='原始值：7.14585'>7.15</span>", "<span data-toggle='tooltip' data-placement='right' title='原始值：8.58069'>8.58</span>", "<span data-toggle='tooltip' data-placement='right' title='原始值：261.4261'>261.4</span>", "<span data-toggle='tooltip' data-placement='right' title='原始值：60.45695'>60.5</span>", "<span data-toggle='tooltip' data-placement='right' title='原始值：1.92'>1.92</span>", "<span data-toggle='tooltip' data-placement='right' title='原始值：0.28'>0.280</span>", "<span data-toggle='tooltip' data-placement='right' title='原始值：0.00659'>0.007</span>", "<span data-toggle='tooltip' data-placement='right' title='原始值：1.339'>1.34</span>", "*", "*", "正常"], ["广西壮族自治区", "珠江流域", "<span data-toggle='tooltip' data-placement='right' title='所在地市:崇左市&#10;所属河流:平而河'>平而关</span>", "09-19 08:00", "Ⅱ", "<span data-toggle='tooltip' data-placement='right' title='原始值：27.80787'>27.8</span>", "<span data-toggle='tooltip' data-placement='right' title='原始值：7.86471'>7.86</span>", "<span data-toggle='tooltip' data-placement='right' title='原始值：6.45322'>6.45</span>", "<span data-toggle='tooltip' data-placement='right' title='原始值：254.3069'>254.3</span>", "<span data-toggle='tooltip' data-placement='right' title='原始值：23.20624'>23.2</span>", "<span data-toggle='tooltip' data-placement='right' title='原始值：1.17405'>1.17</span>", "<span data-toggle='tooltip' data-placement='right' title='原始值：0.04'>0.040</span>", "*", "*", "*", "*", "正常"], ["重庆市", "长江流域", "<span data-toggle='tooltip' data-placement='right' title='所在地市:永川区&#10;所属河流:长江'>朱沱</span>", null, "", "--", "--", "--", "--", "--", "--", "--", "--", "--", "*", "*", "停站"], ["四川省", "长江流域", "<span data-toggle='tooltip' data-placement='right' title='所在地市:攀枝花市&#10;所属河流:金沙江'>龙洞</span>", "09-19 08:00", "Ⅰ", "<span data-toggle='tooltip' data-placement='right' title='原始值：20.91'>20.9</span>", "<span data-toggle='tooltip' data-placement='right' title='原始值：8.239801'>8.24</span>", "<span data-toggle='tooltip' data-placement='right' title='原始值：9.23269'>9.23</span>", "<span data-toggle='tooltip' data-placement='right' title='原始值：714.488'>714.5</span>", "<span data-toggle='tooltip' data-placement='right' title='原始值：18.09824'>18.1</span>", "<span data-toggle='tooltip' data-placement='right' title='原始值：1.13'>1.13</span>", "<span data-toggle='tooltip' data-placement='right' title='原始值：0.016'>0.016</span>", "<span data-toggle='tooltip' data-placement='right' title='原始值：0.01655'>0.017</span>", "<span data-toggle='tooltip' data-placement='right' title='原始值：0.777113'>0.78</span>", "*", "*", "正常"], ["四川省", "长江流域", "<span data-toggle='tooltip' data-placement='right' title='所在地市:泸州市&#10;所属河流:沱江'>沱江大桥(沱江二桥)</span>", "09-19 08:00", "Ⅲ", "<span data-toggle='tooltip' data-placement='right' title='原始值：24.93'>24.9</span>", "<span data-toggle='tooltip' data-placement='right' title='原始值：8.017071'>8.02</span>", "<span data-toggle='tooltip' data-placement='right' title='原始值：8.03633'>8.04</span>", "<span data-toggle='tooltip' data-placement='right' title='原始值：436.3303'>436.3</span>", "<span data-toggle='tooltip' data-placement='right' title='原始值：80.15514'>80.2</span>", "<span data-toggle='tooltip' data-placement='right' title='原始值：3.59'>3.59</span>", "<span data-toggle='tooltip' data-placement='right' title='原始值：0.001'>0.001</span>", "<span data-toggle='tooltip' data-placement='right' title='原始值：0.178071'>0.178</span>", "<span data-toggle='tooltip' data-placement='right' title='原始值：3.610009'>3.61</span>", "*", "*", "正常"], ["四川省", "长江流域", "<span data-toggle='tooltip' data-placement='right' title='所在地市:广元市&#10;所属河流:嘉陵江'>清风峡</span>", "09-19 04:00", "Ⅰ", "<span data-toggle='tooltip' data-placement='right' title='原始值：20.6935'>20.7</span>", "<span data-toggle='tooltip' data-placement='right' title='原始值：8.23999'>8.24</span>", "<span data-toggle='tooltip' data-placement='right' title='原始值：9.28538'>9.29</span>", "<span data-toggle='tooltip' data-placement='right' title='原始值：391.1018'>391.1</span>", "<span data-toggle='tooltip' data-placement='right' title='原始值：52.73984'>52.7</span>", "<span data-toggle='tooltip' data-placement='right' title='原始值：1.15'>1.15</span>", "<span data-toggle='tooltip' data-placement='right' title='原始值：0.08725'>0.087</span>", "*", "*", "*", "*", "正常"], ["四川省", "长江流域", "<span data-toggle='tooltip' data-placement='right' title='所在地市:乐山市&#10;所属河流:岷江'>岷江大桥</span>", null, "", "--", "--", "--", "--", "--", "--", "--", "--", "--", "*", "*", "停站"], ["四川省", "长江流域", "<span data-toggle='tooltip' data-placement='right' title='所在地市:宜宾市&#10;所属河流:岷江'>凉姜沟</span>", null, "", "--", "--", "--", "--", "--", "--", "--", "--", "--", "*", "*", "停站"], ["云南省", "滇池流域", "<span data-toggle='tooltip' data-placement='right' title='所在地市:昆明市&#10;所属河流:滇池'>西苑隧道</span>", "09-19 08:00", "Ⅴ", "<span data-toggle='tooltip' data-placement='right' title='原始值：19.86'>19.9</span>", "<span data-toggle='tooltip' data-placement='right' title='原始值：7.45996'>7.46</span>", "<span data-toggle='tooltip' data-placement='right' title='原始值：4.32794'>4.33</span>", "<span data-toggle='tooltip' data-placement='right' title='原始值：554.0562'>554.1</span>", "<span data-toggle='tooltip' data-placement='right' title='原始值：22.40231'>22.4</span>", "<span data-toggle='tooltip' data-placement='right' title='原始值：10.04002'>10.04</span>", "<span data-toggle='tooltip' data-placement='right' title='原始值：0.94792'>0.948</span>", "<span data-toggle='tooltip' data-placement='right' title='原始值：0.11177'>0.112</span>", "<span data-toggle='tooltip' data-placement='right' title='原始值：3.55769'>3.56</span>", "<span data-toggle='tooltip' data-placement='right' title='原始值：0.00993'>0.010</span>", "<span data-toggle='tooltip' data-placement='right' title='原始值：2.483138E+07'>24831380</span>", "正常"], ["云南省", "滇池流域", "<span data-toggle='tooltip' data-placement='right' title='所在地市:昆明市&#10;所属河流:滇池'>观音山</span>", "09-19 08:00", "Ⅳ", "<span data-toggle='tooltip' data-placement='right' title='原始值：21.74881'>21.7</span>", "<span data-toggle='tooltip' data-placement='right' title='原始值：8.39387'>8.39</span>", "<span data-toggle='tooltip' data-placement='right' title='原始值：6.26888'>6.27</span>", "<span data-toggle='tooltip' data-placement='right' title='原始值：432.7782'>432.8</span>", "<span data-toggle='tooltip' data-placement='right' title='原始值：46.26831'>46.3</span>", "<span data-toggle='tooltip' data-placement='right' title='原始值：7.83077'>7.83</span>", "<span data-toggle='tooltip' data-placement='right' title='原始值：0.41'>0.410</span>", "<span data-toggle='tooltip' data-placement='right' title='原始值：0.0794'>0.079</span>", "<span data-toggle='tooltip' data-placement='right' title='原始值：1.651'>1.65</span>", "<span data-toggle='tooltip' data-placement='right' title='原始值：0.00509'>0.005</span>", "<span data-toggle='tooltip' data-placement='right' title='原始值：3.677793E+07'>36777930</span>", "正常"], ["云南省", "西南诸河", "<span data-toggle='tooltip' data-placement='right' title='所在地市:红河哈尼族彝族自治州&#10;所属河流:红河'>河口县医院(河口)</span>", "09-19 08:00", "", "<span data-toggle='tooltip' data-placement='right' title='极值过滤'>--</span>", "<span data-toggle='tooltip' data-placement='right' title='极值过滤'>--</span>", "<span data-toggle='tooltip' data-placement='right' title='极值过滤'>--</span>", "<span data-toggle='tooltip' data-placement='right' title='极值过滤'>--</span>", "<span data-toggle='tooltip' data-placement='right' title='极值过滤'>--</span>", "<span data-toggle='tooltip' data-placement='right' title='原始值：3.42705'>3.43</span>", "<span data-toggle='tooltip' data-placement='right' title='原始值：0.02072'>0.021</span>", "<span data-toggle='tooltip' data-placement='right' title='原始值：0.04875'>0.049</span>", "<span data-toggle='tooltip' data-placement='right' title='原始值：1.47441'>1.47</span>", "*", "*", "维护"], ["云南省", "西南诸河", "<span data-toggle='tooltip' data-placement='right' title='所在地市:西双版纳傣族自治州&#10;所属河流:澜沧江'>橄榄坝</span>", "09-19 08:00", "Ⅱ", "<span data-toggle='tooltip' data-placement='right' title='原始值：20.09076'>20.1</span>", "<span data-toggle='tooltip' data-placement='right' title='原始值：7.56514'>7.57</span>", "<span data-toggle='tooltip' data-placement='right' title='原始值：6.65685'>6.66</span>", "<span data-toggle='tooltip' data-placement='right' title='原始值：467.5568'>467.6</span>", "<span data-toggle='tooltip' data-placement='right' title='原始值：119.617'>119.6</span>", "<span data-toggle='tooltip' data-placement='right' title='原始值：1.91'>1.91</span>", "<span data-toggle='tooltip' data-placement='right' title='原始值：0.08164'>0.082</span>", "*", "*", "*", "*", "正常"], ["陕西省", "黄河流域", "<span data-toggle='tooltip' data-placement='right' title='所在地市:渭南市&#10;所属河流:渭河'>潼关吊桥</span>", null, "", "--", "--", "--", "--", "--", "--", "--", "--", "--", "*", "*", "停站"], ["甘肃省", "黄河流域", "<span data-toggle='tooltip' data-placement='right' title='所在地市:兰州市&#10;所属河流:黄河'>新城桥</span>", null, "", "--", "--", "--", "--", "--", "--", "--", "--", "--", "*", "*", "停站"], ["宁夏回族自治区", "黄河流域", "<span data-toggle='tooltip' data-placement='right' title='所在地市:中卫市&#10;所属河流:黄河'>中卫下河沿(新墩)</span>", "09-19 08:00", "", "<span data-toggle='tooltip' data-placement='right' title='原始值：18.06967'>18.1</span>", "<span data-toggle='tooltip' data-placement='right' title='原始值：7.90381'>7.90</span>", "<span data-toggle='tooltip' data-placement='right' title='原始值：8.09196'>8.09</span>", "<span data-toggle='tooltip' data-placement='right' title='原始值：558.8301'>558.8</span>", "<span data-toggle='tooltip' data-placement='right' title='原始值：161.643'>161.6</span>", "<span data-toggle='tooltip' data-placement='right' title='原始值：2.31'>2.31</span>", "<span data-toggle='tooltip' data-placement='right' title='极值过滤'>--</span>", "<span data-toggle='tooltip' data-placement='right' title='原始值：0.0692'>0.069</span>", "<span data-toggle='tooltip' data-placement='right' title='原始值：1.8123'>1.81</span>", "*", "*", "维护"]]}