{"result": 1, "total": 1, "records": 98, "thead": ["省份", "流域", "断面名称", "监测时间", "水质类别", "水温<br/><span class='unit'>(℃)</span>", "pH<br/><span class='unit'>(无量纲)</span>", "溶解氧<br/><span class='unit'>(mg/L)</span>", "电导率<br/><span class='unit'>(μS/cm)</span>", "浊度<br/><span class='unit'>(NTU)</span>", "高锰酸盐指数<br/><span class='unit'>(mg/L)</span>", "氨氮<br/><span class='unit'>(mg/L)</span>", "总磷<br/><span class='unit'>(mg/L)</span>", "总氮<br/><span class='unit'>(mg/L)</span>", "叶绿素α<br/><span class='unit'>(mg/L)</span>", "藻密度<br/><span class='unit'>(cells/L)</span>", "站点情况"], "tbody": [["北京市", "海河流域", "<span data-toggle='tooltip' data-placement='right' title='所在地市:门头沟区&#10;所属河流:永定河'>沿河城</span>", "09-07 08:00", "Ⅲ", "<span data-toggle='tooltip' data-placement='right' title='原始值：22.69391'>22.7</span>", "<span data-toggle='tooltip' data-placement='right' title='原始值：8.36068'>8.36</span>", "<span data-toggle='tooltip' data-placement='right' title='原始值：7.72917'>7.73</span>", "<span data-toggle='tooltip' data-placement='right' title='原始值：1533.067'>1533.1</span>", "<span data-toggle='tooltip' data-placement='right' title='原始值：29.9283'>29.9</span>", "<span data-toggle='tooltip' data-placement='right' title='原始值：5.9959'>6.00</span>", "<span data-toggle='tooltip' data-placement='right' title='原始值：0.18'>0.180</span>", "<span data-toggle='tooltip' data-placement='right' title='原始值：0.04972'>0.050</span>", "<span data-toggle='tooltip' data-placement='right' title='原始值：0.63474'>0.63</span>", "*", "*", "正常"], ["北京市", "海河流域", "<span data-toggle='tooltip' data-placement='right' title='所在地市:密云区&#10;所属河流:潮河'>古北口</span>", "09-07 08:00", "", "<span data-toggle='tooltip' data-placement='right' title='原始值：21.24615'>21.2</span>", "<span data-toggle='tooltip' data-placement='right' title='原始值：7.41407'>7.41</span>", "<span data-toggle='tooltip' data-placement='right' title='原始值：7.64322'>7.64</span>", "<span data-toggle='tooltip' data-placement='right' title='原始值：654.0707'>654.1</span>", "<span data-toggle='tooltip' data-placement='right' title='原始值：3.27708'>3.3</span>", "<span data-toggle='tooltip' data-placement='right' title='原始值：1.4325'>1.43</span>", "<span data-toggle='tooltip' data-placement='right' title='原始值：0.22'>0.220</span>", "<span data-toggle='tooltip' data-placement='right' title='极值过滤'>--</span>", "<span data-toggle='tooltip' data-placement='right' title='原始值：6.139'>6.14</span>", "*", "*", "维护"], ["天津市", "海河流域", "<span data-toggle='tooltip' data-placement='right' title='所在地市:河北区&#10;所属河流:海河'>三岔口</span>", "09-07 08:00", "Ⅲ", "<span data-toggle='tooltip' data-placement='right' title='原始值：26.6931'>26.7</span>", "<span data-toggle='tooltip' data-placement='right' title='原始值：7.5076'>7.51</span>", "<span data-toggle='tooltip' data-placement='right' title='原始值：5.862'>5.86</span>", "<span data-toggle='tooltip' data-placement='right' title='原始值：491.124'>491.1</span>", "<span data-toggle='tooltip' data-placement='right' title='原始值：21.814'>21.8</span>", "<span data-toggle='tooltip' data-placement='right' title='原始值：2.49'>2.49</span>", "<span data-toggle='tooltip' data-placement='right' title='原始值：0.13'>0.130</span>", "<span data-toggle='tooltip' data-placement='right' title='原始值：0.0106'>0.011</span>", "<span data-toggle='tooltip' data-placement='right' title='原始值：0.6057'>0.61</span>", "*", "*", "正常"], ["天津市", "海河流域", "<span data-toggle='tooltip' data-placement='right' title='所在地市:蓟州区&#10;所属河流:果河'>果河桥</span>", "09-07 08:00", "Ⅱ", "<span data-toggle='tooltip' data-placement='right' title='原始值：26.5'>26.5</span>", "<span data-toggle='tooltip' data-placement='right' title='原始值：8.575'>8.58</span>", "<span data-toggle='tooltip' data-placement='right' title='原始值：12.921'>12.92</span>", "<span data-toggle='tooltip' data-placement='right' title='原始值：495.806'>495.8</span>", "<span data-toggle='tooltip' data-placement='right' title='原始值：5.002'>5.0</span>", "<span data-toggle='tooltip' data-placement='right' title='原始值：3.5249'>3.52</span>", "<span data-toggle='tooltip' data-placement='right' title='原始值：0.15'>0.150</span>", "<span data-toggle='tooltip' data-placement='right' title='原始值：0.053'>0.053</span>", "<span data-toggle='tooltip' data-placement='right' title='原始值：6.5604'>6.56</span>", "*", "*", "正常"], ["河北省", "海河流域", "<span data-toggle='tooltip' data-placement='right' title='所在地市:石家庄市&#10;所属河流:滹沱河'>岗南水库</span>", "09-07 08:00", "", "<span data-toggle='tooltip' data-placement='right' title='原始值：26.62716'>26.6</span>", "<span data-toggle='tooltip' data-placement='right' title='原始值：8.2557'>8.26</span>", "<span data-toggle='tooltip' data-placement='right' title='原始值：6.86773'>6.87</span>", "<span data-toggle='tooltip' data-placement='right' title='原始值：576.6418'>576.6</span>", "<span data-toggle='tooltip' data-placement='right' title='原始值：0.79316'>0.8</span>", "<span data-toggle='tooltip' data-placement='right' title='原始值：2.42155'>2.42</span>", "<span data-toggle='tooltip' data-placement='right' title='原始值：0.07'>0.070</span>", "<span data-toggle='tooltip' data-placement='right' title='极值过滤'>--</span>", "<span data-toggle='tooltip' data-placement='right' title='原始值：3.32997'>3.33</span>", "*", "*", "维护"], ["河北省", "海河流域", "<span data-toggle='tooltip' data-placement='right' title='所在地市:张家口市&#10;所属河流:永定河'>八号桥</span>", "09-07 08:00", "Ⅲ", "<span data-toggle='tooltip' data-placement='right' title='原始值：21.87202'>21.9</span>", "<span data-toggle='tooltip' data-placement='right' title='原始值：7.77871'>7.78</span>", "<span data-toggle='tooltip' data-placement='right' title='原始值：7.10278'>7.10</span>", "<span data-toggle='tooltip' data-placement='right' title='原始值：1067.623'>1067.6</span>", "<span data-toggle='tooltip' data-placement='right' title='原始值：64.7711'>64.8</span>", "<span data-toggle='tooltip' data-placement='right' title='原始值：5.59'>5.59</span>", "<span data-toggle='tooltip' data-placement='right' title='原始值：0.18'>0.180</span>", "<span data-toggle='tooltip' data-placement='right' title='原始值：0.1475'>0.148</span>", "<span data-toggle='tooltip' data-placement='right' title='原始值：3.2575'>3.26</span>", "*", "*", "正常"], ["山西省", "黄河流域", "<span data-toggle='tooltip' data-placement='right' title='所在地市:运城市&#10;所属河流:汾河'>河津大桥</span>", "09-07 08:00", "Ⅲ", "<span data-toggle='tooltip' data-placement='right' title='原始值：26.37408'>26.4</span>", "<span data-toggle='tooltip' data-placement='right' title='原始值：7.60922'>7.61</span>", "<span data-toggle='tooltip' data-placement='right' title='原始值：7.36938'>7.37</span>", "<span data-toggle='tooltip' data-placement='right' title='原始值：1347.978'>1348.0</span>", "<span data-toggle='tooltip' data-placement='right' title='原始值：125.0869'>125.1</span>", "<span data-toggle='tooltip' data-placement='right' title='原始值：4.39265'>4.39</span>", "<span data-toggle='tooltip' data-placement='right' title='原始值：0.04'>0.040</span>", "*", "*", "*", "*", "正常"], ["山西省", "黄河流域", "<span data-toggle='tooltip' data-placement='right' title='所在地市:忻州市&#10;所属河流:黄河'>万家寨水库</span>", null, "", "--", "--", "--", "--", "--", "--", "--", "--", "--", "*", "*", "停站"], ["内蒙古自治区", "黄河流域", "<span data-toggle='tooltip' data-placement='right' title='所在地市:包头市&#10;所属河流:黄河'>画匠营子</span>", "09-07 08:00", "Ⅱ", "<span data-toggle='tooltip' data-placement='right' title='原始值：21.56234'>21.6</span>", "<span data-toggle='tooltip' data-placement='right' title='原始值：7.58988'>7.59</span>", "<span data-toggle='tooltip' data-placement='right' title='原始值：7.06083'>7.06</span>", "<span data-toggle='tooltip' data-placement='right' title='原始值：680.3342'>680.3</span>", "<span data-toggle='tooltip' data-placement='right' title='原始值：1882.99'>1883.0</span>", "<span data-toggle='tooltip' data-placement='right' title='原始值：3.3753'>3.38</span>", "<span data-toggle='tooltip' data-placement='right' title='原始值：0.03049'>0.030</span>", "*", "*", "*", "*", "正常"], ["内蒙古自治区", "黄河流域", "<span data-toggle='tooltip' data-placement='right' title='所在地市:乌海市&#10;所属河流:黄河'>海勃湾</span>", "09-07 08:00", "Ⅱ", "<span data-toggle='tooltip' data-placement='right' title='原始值：20.40086'>20.4</span>", "<span data-toggle='tooltip' data-placement='right' title='原始值：7.45688'>7.46</span>", "<span data-toggle='tooltip' data-placement='right' title='原始值：6.48882'>6.49</span>", "<span data-toggle='tooltip' data-placement='right' title='原始值：489.1315'>489.1</span>", "<span data-toggle='tooltip' data-placement='right' title='原始值：339.9984'>340.0</span>", "<span data-toggle='tooltip' data-placement='right' title='原始值：3.96'>3.96</span>", "<span data-toggle='tooltip' data-placement='right' title='原始值：0.12'>0.120</span>", "*", "*", "*", "*", "正常"], ["内蒙古自治区", "松花江流域", "<span data-toggle='tooltip' data-placement='right' title='所在地市:呼伦贝尔市&#10;所属河流:额尔古纳河'>黑山头</span>", null, "", "--", "--", "--", "--", "--", "--", "--", "--", "--", "*", "*", "停站"], ["辽宁省", "辽河流域", "<span data-toggle='tooltip' data-placement='right' title='所在地市:抚顺市&#10;所属河流:浑河'>大伙房水库</span>", null, "", "--", "--", "--", "--", "--", "--", "--", "--", "--", "--", "*", "维护"], ["辽宁省", "辽河流域", "<span data-toggle='tooltip' data-placement='right' title='所在地市:丹东市&#10;所属河流:鸭绿江'>江桥</span>", "09-07 08:00", "Ⅱ", "<span data-toggle='tooltip' data-placement='right' title='原始值：20.8'>20.8</span>", "<span data-toggle='tooltip' data-placement='right' title='原始值：6.79'>6.79</span>", "<span data-toggle='tooltip' data-placement='right' title='原始值：6.95748'>6.96</span>", "<span data-toggle='tooltip' data-placement='right' title='原始值：132'>132.0</span>", "<span data-toggle='tooltip' data-placement='right' title='原始值：7.6125'>7.6</span>", "<span data-toggle='tooltip' data-placement='right' title='原始值：0.93'>0.93</span>", "<span data-toggle='tooltip' data-placement='right' title='原始值：0.04056'>0.041</span>", "<span data-toggle='tooltip' data-placement='right' title='原始值：0.0211'>0.021</span>", "<span data-toggle='tooltip' data-placement='right' title='原始值：2.20079'>2.20</span>", "*", "*", "正常"], ["辽宁省", "辽河流域", "<span data-toggle='tooltip' data-placement='right' title='所在地市:营口市&#10;所属河流:大辽河'>辽河公园</span>", "09-07 08:00", "Ⅳ", "<span data-toggle='tooltip' data-placement='right' title='原始值：24.43322'>24.4</span>", "<span data-toggle='tooltip' data-placement='right' title='原始值：6.8073'>6.81</span>", "<span data-toggle='tooltip' data-placement='right' title='原始值：4.79383'>4.79</span>", "<span data-toggle='tooltip' data-placement='right' title='原始值：683.5558'>683.6</span>", "<span data-toggle='tooltip' data-placement='right' title='原始值：129.8817'>129.9</span>", "<span data-toggle='tooltip' data-placement='right' title='原始值：5.12585'>5.13</span>", "<span data-toggle='tooltip' data-placement='right' title='原始值：0.24536'>0.245</span>", "<span data-toggle='tooltip' data-placement='right' title='原始值：0.17113'>0.171</span>", "<span data-toggle='tooltip' data-placement='right' title='原始值：4.89494'>4.89</span>", "*", "*", "正常"], ["辽宁省", "辽河流域", "<span data-toggle='tooltip' data-placement='right' title='所在地市:辽阳市&#10;所属河流:太子河'>汤河水库</span>", "09-07 08:00", "", "<span data-toggle='tooltip' data-placement='right' title='原始值：18.6'>18.6</span>", "<span data-toggle='tooltip' data-placement='right' title='原始值：7.49'>7.49</span>", "<span data-toggle='tooltip' data-placement='right' title='原始值：0.53938'>0.54</span>", "<span data-toggle='tooltip' data-placement='right' title='原始值：475.0058'>475.0</span>", "<span data-toggle='tooltip' data-placement='right' title='原始值：14.08225'>14.1</span>", "<span data-toggle='tooltip' data-placement='right' title='原始值：0.87'>0.87</span>", "<span data-toggle='tooltip' data-placement='right' title='原始值：0.07233'>0.072</span>", "<span data-toggle='tooltip' data-placement='right' title='极值过滤'>--</span>", "<span data-toggle='tooltip' data-placement='right' title='原始值：1.53886'>1.54</span>", "*", "*", "维护"], ["辽宁省", "辽河流域", "<span data-toggle='tooltip' data-placement='right' title='所在地市:盘锦市&#10;所属河流:辽河'>盘锦兴安(兴安)</span>", "09-07 08:00", "", "<span data-toggle='tooltip' data-placement='right' title='原始值：23.27378'>23.3</span>", "<span data-toggle='tooltip' data-placement='right' title='原始值：7.24599'>7.25</span>", "<span data-toggle='tooltip' data-placement='right' title='原始值：7.55223'>7.55</span>", "<span data-toggle='tooltip' data-placement='right' title='原始值：510.6194'>510.6</span>", "<span data-toggle='tooltip' data-placement='right' title='原始值：539.585'>539.6</span>", "<span data-toggle='tooltip' data-placement='right' title='原始值：3.55109'>3.55</span>", "<span data-toggle='tooltip' data-placement='right' title='极值过滤'>--</span>", "<span data-toggle='tooltip' data-placement='right' title='原始值：0.34469'>0.345</span>", "<span data-toggle='tooltip' data-placement='right' title='原始值：2.95999'>2.96</span>", "*", "*", "维护"], ["辽宁省", "辽河流域", "<span data-toggle='tooltip' data-placement='right' title='所在地市:铁岭市&#10;所属河流:辽河'>珠尔山</span>", "09-07 08:00", "Ⅳ", "<span data-toggle='tooltip' data-placement='right' title='原始值：21.21542'>21.2</span>", "<span data-toggle='tooltip' data-placement='right' title='原始值：7.22325'>7.22</span>", "<span data-toggle='tooltip' data-placement='right' title='原始值：8.85811'>8.86</span>", "<span data-toggle='tooltip' data-placement='right' title='原始值：375.7747'>375.8</span>", "<span data-toggle='tooltip' data-placement='right' title='原始值：428.9015'>428.9</span>", "<span data-toggle='tooltip' data-placement='right' title='原始值：7.40755'>7.41</span>", "<span data-toggle='tooltip' data-placement='right' title='原始值：0.19'>0.190</span>", "<span data-toggle='tooltip' data-placement='right' title='原始值：0.28719'>0.287</span>", "<span data-toggle='tooltip' data-placement='right' title='原始值：4.5246'>4.52</span>", "*", "*", "正常"], ["吉林省", "松花江流域", "<span data-toggle='tooltip' data-placement='right' title='所在地市:长春市&#10;所属河流:松花江'>松花江村</span>", null, "", "--", "--", "--", "--", "--", "--", "--", "--", "--", "*", "*", "停站"], ["吉林省", "松花江流域", "<span data-toggle='tooltip' data-placement='right' title='所在地市:白城市&#10;所属河流:嫩江'>白沙滩</span>", null, "", "--", "--", "--", "--", "--", "--", "--", "--", "--", "*", "*", "停站"], ["吉林省", "松花江流域", "<span data-toggle='tooltip' data-placement='right' title='所在地市:延边朝鲜族自治州&#10;所属河流:图们江'>圈河</span>", null, "", "--", "--", "--", "--", "--", "--", "--", "--", "--", "*", "*", "停站"], ["黑龙江省", "松花江流域", "<span data-toggle='tooltip' data-placement='right' title='所在地市:大庆市&#10;所属河流:松花江'>肇源</span>", null, "", "--", "--", "--", "--", "--", "--", "--", "--", "--", "*", "*", "停站"], ["黑龙江省", "松花江流域", "<span data-toggle='tooltip' data-placement='right' title='所在地市:佳木斯市&#10;所属河流:乌苏里江'>乌苏镇</span>", null, "", "--", "--", "--", "--", "--", "--", "--", "--", "--", "*", "*", "停站"], ["黑龙江省", "松花江流域", "<span data-toggle='tooltip' data-placement='right' title='所在地市:佳木斯市&#10;所属河流:松花江'>同江</span>", "09-07 08:00", "Ⅳ", "<span data-toggle='tooltip' data-placement='right' title='原始值：20.2616'>20.3</span>", "<span data-toggle='tooltip' data-placement='right' title='原始值：6.93751'>6.94</span>", "<span data-toggle='tooltip' data-placement='right' title='原始值：4.56251'>4.56</span>", "<span data-toggle='tooltip' data-placement='right' title='原始值：146.4846'>146.5</span>", "<span data-toggle='tooltip' data-placement='right' title='原始值：191.0042'>191.0</span>", "<span data-toggle='tooltip' data-placement='right' title='原始值：9.31105'>9.31</span>", "<span data-toggle='tooltip' data-placement='right' title='原始值：0.19204'>0.192</span>", "<span data-toggle='tooltip' data-placement='right' title='原始值：0.14355'>0.144</span>", "<span data-toggle='tooltip' data-placement='right' title='原始值：2.79701'>2.80</span>", "*", "*", "正常"], ["黑龙江省", "松花江流域", "<span data-toggle='tooltip' data-placement='right' title='所在地市:黑河市&#10;所属河流:黑龙江'>黑河下(黑河)</span>", null, "", "--", "--", "--", "--", "--", "--", "--", "--", "--", "*", "*", "停站"], ["上海市", "长江流域", "<span data-toggle='tooltip' data-placement='right' title='所在地市:青浦区&#10;所属河流:淀山湖'>急水港桥</span>", "09-07 08:00", "Ⅳ", "<span data-toggle='tooltip' data-placement='right' title='原始值：28.1'>28.1</span>", "<span data-toggle='tooltip' data-placement='right' title='原始值：7.33'>7.33</span>", "<span data-toggle='tooltip' data-placement='right' title='原始值：3.78'>3.78</span>", "<span data-toggle='tooltip' data-placement='right' title='原始值：532'>532.0</span>", "<span data-toggle='tooltip' data-placement='right' title='原始值：163.8'>163.8</span>", "<span data-toggle='tooltip' data-placement='right' title='原始值：4.25'>4.25</span>", "<span data-toggle='tooltip' data-placement='right' title='原始值：0.09612'>0.096</span>", "<span data-toggle='tooltip' data-placement='right' title='原始值：0.07227'>0.072</span>", "<span data-toggle='tooltip' data-placement='right' title='原始值：1.85938'>1.86</span>", "<span data-toggle='tooltip' data-placement='right' title='原始值：0.00414'>0.004</span>", "<span data-toggle='tooltip' data-placement='right' title='原始值：9732045'>9732045</span>", "正常"], ["江苏省", "长江流域", "<span data-toggle='tooltip' data-placement='right' title='所在地市:南京市&#10;所属河流:长江'>林山</span>", null, "", "--", "--", "--", "--", "--", "--", "--", "--", "--", "*", "*", "停站"], ["江苏省", "太湖流域", "<span data-toggle='tooltip' data-placement='right' title='所在地市:无锡市&#10;所属河流:太湖'>沙渚</span>", "09-07 08:00", "Ⅳ", "<span data-toggle='tooltip' data-placement='right' title='原始值：24.81592'>24.8</span>", "<span data-toggle='tooltip' data-placement='right' title='原始值：8.185212'>8.19</span>", "<span data-toggle='tooltip' data-placement='right' title='原始值：6.829811'>6.83</span>", "<span data-toggle='tooltip' data-placement='right' title='原始值：443.0478'>443.0</span>", "<span data-toggle='tooltip' data-placement='right' title='原始值：128.8268'>128.8</span>", "<span data-toggle='tooltip' data-placement='right' title='原始值：7.18'>7.18</span>", "<span data-toggle='tooltip' data-placement='right' title='原始值：0.12'>0.120</span>", "<span data-toggle='tooltip' data-placement='right' title='原始值：0.1095'>0.110</span>", "<span data-toggle='tooltip' data-placement='right' title='原始值：2.094'>2.09</span>", "*", "*", "正常"], ["江苏省", "淮河流域", "<span data-toggle='tooltip' data-placement='right' title='所在地市:徐州市&#10;所属河流:武河'>小红圈</span>", "09-07 08:00", "", "<span data-toggle='tooltip' data-placement='right' title='原始值：25.4'>25.4</span>", "<span data-toggle='tooltip' data-placement='right' title='原始值：7.31'>7.31</span>", "<span data-toggle='tooltip' data-placement='right' title='原始值：7.34'>7.34</span>", "<span data-toggle='tooltip' data-placement='right' title='原始值：1004.1'>1004.1</span>", "<span data-toggle='tooltip' data-placement='right' title='原始值：13.77'>13.8</span>", "<span data-toggle='tooltip' data-placement='right' title='原始值：4.1'>4.10</span>", "<span data-toggle='tooltip' data-placement='right' title='原始值：0.14'>0.140</span>", "--", "--", "*", "*", "维护"], ["江苏省", "淮河流域", "<span data-toggle='tooltip' data-placement='right' title='所在地市:徐州市&#10;所属河流:沿河'>李集桥</span>", "09-07 08:00", "Ⅲ", "<span data-toggle='tooltip' data-placement='right' title='原始值：27.95'>28.0</span>", "<span data-toggle='tooltip' data-placement='right' title='原始值：7.89'>7.89</span>", "<span data-toggle='tooltip' data-placement='right' title='原始值：6.55'>6.55</span>", "<span data-toggle='tooltip' data-placement='right' title='原始值：888.7'>888.7</span>", "<span data-toggle='tooltip' data-placement='right' title='原始值：20.32'>20.3</span>", "<span data-toggle='tooltip' data-placement='right' title='原始值：5.05'>5.05</span>", "<span data-toggle='tooltip' data-placement='right' title='原始值：0.128'>0.128</span>", "<span data-toggle='tooltip' data-placement='right' title='原始值：0.081'>0.081</span>", "<span data-toggle='tooltip' data-placement='right' title='原始值：1.249'>1.25</span>", "*", "*", "正常"], ["江苏省", "淮河流域", "<span data-toggle='tooltip' data-placement='right' title='所在地市:徐州市&#10;所属河流:邳苍分洪道'>艾山西大桥</span>", "09-07 08:00", "Ⅲ", "<span data-toggle='tooltip' data-placement='right' title='原始值：26.7505'>26.8</span>", "<span data-toggle='tooltip' data-placement='right' title='原始值：8.10214'>8.10</span>", "<span data-toggle='tooltip' data-placement='right' title='原始值：7.55903'>7.56</span>", "<span data-toggle='tooltip' data-placement='right' title='原始值：896.123'>896.1</span>", "<span data-toggle='tooltip' data-placement='right' title='原始值：16.3571'>16.4</span>", "<span data-toggle='tooltip' data-placement='right' title='原始值：2.71'>2.71</span>", "<span data-toggle='tooltip' data-placement='right' title='原始值：0.17'>0.170</span>", "<span data-toggle='tooltip' data-placement='right' title='原始值：0.17019'>0.170</span>", "<span data-toggle='tooltip' data-placement='right' title='原始值：12.73665'>12.74</span>", "*", "*", "正常"], ["江苏省", "太湖流域", "<span data-toggle='tooltip' data-placement='right' title='所在地市:苏州市&#10;所属河流:太湖'>兰山嘴(老)</span>", "09-07 08:00", "Ⅳ", "<span data-toggle='tooltip' data-placement='right' title='原始值：28.15466'>28.2</span>", "<span data-toggle='tooltip' data-placement='right' title='原始值：7.50099'>7.50</span>", "<span data-toggle='tooltip' data-placement='right' title='原始值：3.02653'>3.03</span>", "<span data-toggle='tooltip' data-placement='right' title='原始值：329.2133'>329.2</span>", "<span data-toggle='tooltip' data-placement='right' title='原始值：39.5266'>39.5</span>", "<span data-toggle='tooltip' data-placement='right' title='原始值：4.2'>4.20</span>", "<span data-toggle='tooltip' data-placement='right' title='原始值：0.33'>0.330</span>", "<span data-toggle='tooltip' data-placement='right' title='原始值：0.13031'>0.130</span>", "<span data-toggle='tooltip' data-placement='right' title='原始值：1.6792'>1.68</span>", "*", "*", "正常"], ["江苏省", "太湖流域", "<span data-toggle='tooltip' data-placement='right' title='所在地市:苏州市&#10;所属河流:太湖'>西山</span>", "09-07 08:00", "Ⅳ", "<span data-toggle='tooltip' data-placement='right' title='原始值：28.08574'>28.1</span>", "<span data-toggle='tooltip' data-placement='right' title='原始值：7.61863'>7.62</span>", "<span data-toggle='tooltip' data-placement='right' title='原始值：7.25788'>7.26</span>", "<span data-toggle='tooltip' data-placement='right' title='原始值：475.5699'>475.6</span>", "<span data-toggle='tooltip' data-placement='right' title='原始值：137.0487'>137.0</span>", "<span data-toggle='tooltip' data-placement='right' title='原始值：2.2'>2.20</span>", "<span data-toggle='tooltip' data-placement='right' title='原始值：0.1'>0.100</span>", "<span data-toggle='tooltip' data-placement='right' title='原始值：0.058'>0.058</span>", "<span data-toggle='tooltip' data-placement='right' title='原始值：0.2537'>0.25</span>", "*", "*", "正常"], ["江苏省", "淮河流域", "<span data-toggle='tooltip' data-placement='right' title='所在地市:连云港市&#10;所属河流:新沭河'>大兴桥</span>", null, "", "--", "--", "--", "--", "--", "--", "--", "--", "--", "*", "*", "停站"], ["江苏省", "淮河流域", "<span data-toggle='tooltip' data-placement='right' title='所在地市:淮安市&#10;所属河流:淮河'>淮河大桥</span>", "09-07 08:00", "Ⅲ", "<span data-toggle='tooltip' data-placement='right' title='原始值：29.23576'>29.2</span>", "<span data-toggle='tooltip' data-placement='right' title='原始值：8.03715'>8.04</span>", "<span data-toggle='tooltip' data-placement='right' title='原始值：5.50221'>5.50</span>", "<span data-toggle='tooltip' data-placement='right' title='原始值：341.259'>341.3</span>", "<span data-toggle='tooltip' data-placement='right' title='原始值：60.16808'>60.2</span>", "<span data-toggle='tooltip' data-placement='right' title='原始值：5.96'>5.96</span>", "<span data-toggle='tooltip' data-placement='right' title='原始值：0.14'>0.140</span>", "<span data-toggle='tooltip' data-placement='right' title='原始值：0.0628'>0.063</span>", "<span data-toggle='tooltip' data-placement='right' title='原始值：2.465'>2.46</span>", "*", "*", "正常"], ["江苏省", "长江流域", "<span data-toggle='tooltip' data-placement='right' title='所在地市:扬州市&#10;所属河流:夹江'>三江营</span>", "09-07 08:00", "Ⅲ", "<span data-toggle='tooltip' data-placement='right' title='原始值：28.65'>28.6</span>", "<span data-toggle='tooltip' data-placement='right' title='原始值：7.77'>7.77</span>", "<span data-toggle='tooltip' data-placement='right' title='原始值：5.54'>5.54</span>", "<span data-toggle='tooltip' data-placement='right' title='原始值：322.41'>322.4</span>", "<span data-toggle='tooltip' data-placement='right' title='原始值：173.58'>173.6</span>", "<span data-toggle='tooltip' data-placement='right' title='原始值：4.011'>4.01</span>", "<span data-toggle='tooltip' data-placement='right' title='原始值：0.129'>0.129</span>", "<span data-toggle='tooltip' data-placement='right' title='原始值：0.147'>0.147</span>", "<span data-toggle='tooltip' data-placement='right' title='原始值：2.24'>2.24</span>", "*", "*", "正常"], ["江苏省", "淮河流域", "<span data-toggle='tooltip' data-placement='right' title='所在地市:宿迁市&#10;所属河流:新濉河'>大屈</span>", "09-07 08:00", "Ⅴ", "<span data-toggle='tooltip' data-placement='right' title='原始值：27.6'>27.6</span>", "<span data-toggle='tooltip' data-placement='right' title='原始值：7.88'>7.88</span>", "<span data-toggle='tooltip' data-placement='right' title='原始值：6.17'>6.17</span>", "<span data-toggle='tooltip' data-placement='right' title='原始值：743.1'>743.1</span>", "<span data-toggle='tooltip' data-placement='right' title='原始值：83.68'>83.7</span>", "<span data-toggle='tooltip' data-placement='right' title='原始值：8.42'>8.42</span>", "<span data-toggle='tooltip' data-placement='right' title='原始值：0.14'>0.140</span>", "<span data-toggle='tooltip' data-placement='right' title='原始值：0.318'>0.318</span>", "<span data-toggle='tooltip' data-placement='right' title='原始值：2.034'>2.03</span>", "*", "*", "正常"], ["浙江省", "浙闽片河流", "<span data-toggle='tooltip' data-placement='right' title='所在地市:杭州市&#10;所属河流:新安江'>街口(鸠坑口)</span>", "09-07 08:00", "Ⅱ", "<span data-toggle='tooltip' data-placement='right' title='原始值：24.99'>25.0</span>", "<span data-toggle='tooltip' data-placement='right' title='原始值：8.32'>8.32</span>", "<span data-toggle='tooltip' data-placement='right' title='原始值：8.44'>8.44</span>", "<span data-toggle='tooltip' data-placement='right' title='原始值：152'>152.0</span>", "<span data-toggle='tooltip' data-placement='right' title='原始值：31.82'>31.8</span>", "<span data-toggle='tooltip' data-placement='right' title='原始值：1.28'>1.28</span>", "<span data-toggle='tooltip' data-placement='right' title='原始值：0.003'>0.003</span>", "<span data-toggle='tooltip' data-placement='right' title='原始值：0.022'>0.022</span>", "<span data-toggle='tooltip' data-placement='right' title='原始值：0.755'>0.76</span>", "*", "*", "正常"], ["浙江省", "太湖流域", "<span data-toggle='tooltip' data-placement='right' title='所在地市:嘉兴市&#10;所属河流:斜路港河'>斜路港</span>", "09-07 08:00", "Ⅳ", "<span data-toggle='tooltip' data-placement='right' title='原始值：28.5'>28.5</span>", "<span data-toggle='tooltip' data-placement='right' title='原始值：7.34'>7.34</span>", "<span data-toggle='tooltip' data-placement='right' title='原始值：3.61'>3.61</span>", "<span data-toggle='tooltip' data-placement='right' title='原始值：466'>466.0</span>", "<span data-toggle='tooltip' data-placement='right' title='原始值：565.6'>565.6</span>", "<span data-toggle='tooltip' data-placement='right' title='原始值：4.07'>4.07</span>", "<span data-toggle='tooltip' data-placement='right' title='原始值：0.08757'>0.088</span>", "<span data-toggle='tooltip' data-placement='right' title='原始值：0.08179'>0.082</span>", "<span data-toggle='tooltip' data-placement='right' title='原始值：0.82856'>0.83</span>", "*", "*", "正常"], ["浙江省", "太湖流域", "<span data-toggle='tooltip' data-placement='right' title='所在地市:嘉兴市&#10;所属河流:京杭运河'>王江泾</span>", "09-07 08:00", "Ⅳ", "<span data-toggle='tooltip' data-placement='right' title='原始值：28.98'>29.0</span>", "<span data-toggle='tooltip' data-placement='right' title='原始值：7.29'>7.29</span>", "<span data-toggle='tooltip' data-placement='right' title='原始值：4.42'>4.42</span>", "<span data-toggle='tooltip' data-placement='right' title='原始值：535.23'>535.2</span>", "<span data-toggle='tooltip' data-placement='right' title='原始值：55.17'>55.2</span>", "<span data-toggle='tooltip' data-placement='right' title='原始值：4.617'>4.62</span>", "<span data-toggle='tooltip' data-placement='right' title='原始值：0.118'>0.118</span>", "<span data-toggle='tooltip' data-placement='right' title='原始值：0.081'>0.081</span>", "<span data-toggle='tooltip' data-placement='right' title='原始值：1.31'>1.31</span>", "*", "*", "正常"], ["浙江省", "太湖流域", "<span data-toggle='tooltip' data-placement='right' title='所在地市:湖州市&#10;所属河流:西苕溪'>新港口(新塘港)</span>", "09-07 08:00", "Ⅲ", "<span data-toggle='tooltip' data-placement='right' title='原始值：27.9562'>28.0</span>", "<span data-toggle='tooltip' data-placement='right' title='原始值：8.72847'>8.73</span>", "<span data-toggle='tooltip' data-placement='right' title='原始值：11.1523'>11.15</span>", "<span data-toggle='tooltip' data-placement='right' title='原始值：285.467'>285.5</span>", "<span data-toggle='tooltip' data-placement='right' title='原始值：106.26'>106.3</span>", "<span data-toggle='tooltip' data-placement='right' title='原始值：5.49989'>5.50</span>", "<span data-toggle='tooltip' data-placement='right' title='原始值：0.17144'>0.171</span>", "<span data-toggle='tooltip' data-placement='right' title='原始值：0.05844'>0.058</span>", "<span data-toggle='tooltip' data-placement='right' title='原始值：5.20638'>5.21</span>", "*", "*", "正常"], ["安徽省", "巢湖流域", "<span data-toggle='tooltip' data-placement='right' title='所在地市:合肥市&#10;所属河流:巢湖'>湖滨(老)</span>", "09-07 08:00", "Ⅴ", "<span data-toggle='tooltip' data-placement='right' title='原始值：29.87441'>29.9</span>", "<span data-toggle='tooltip' data-placement='right' title='原始值：7.83415'>7.83</span>", "<span data-toggle='tooltip' data-placement='right' title='原始值：10.3372'>10.34</span>", "<span data-toggle='tooltip' data-placement='right' title='原始值：261.8047'>261.8</span>", "<span data-toggle='tooltip' data-placement='right' title='原始值：135.4535'>135.5</span>", "<span data-toggle='tooltip' data-placement='right' title='原始值：7.98'>7.98</span>", "<span data-toggle='tooltip' data-placement='right' title='原始值：0.28'>0.280</span>", "<span data-toggle='tooltip' data-placement='right' title='原始值：0.1231'>0.123</span>", "<span data-toggle='tooltip' data-placement='right' title='原始值：1.399'>1.40</span>", "<span data-toggle='tooltip' data-placement='right' title='原始值：0.04057'>0.041</span>", "*", "正常"], ["安徽省", "巢湖流域", "<span data-toggle='tooltip' data-placement='right' title='所在地市:芜湖市&#10;所属河流:巢湖'>裕溪口(老)</span>", null, "", "--", "--", "--", "--", "--", "--", "--", "--", "--", "*", "*", "停站"], ["安徽省", "淮河流域", "<span data-toggle='tooltip' data-placement='right' title='所在地市:蚌埠市&#10;所属河流:淮河'>蚌埠闸上(蚌埠闸)</span>", null, "", "--", "--", "--", "--", "--", "--", "--", "--", "--", "*", "*", "停站"], ["安徽省", "淮河流域", "<span data-toggle='tooltip' data-placement='right' title='所在地市:淮南市&#10;所属河流:淮河'>石头埠(老)</span>", "09-07 08:00", "Ⅳ", "<span data-toggle='tooltip' data-placement='right' title='原始值：24.8959'>24.9</span>", "<span data-toggle='tooltip' data-placement='right' title='原始值：7.26022'>7.26</span>", "<span data-toggle='tooltip' data-placement='right' title='原始值：9.23539'>9.24</span>", "<span data-toggle='tooltip' data-placement='right' title='原始值：328.76'>328.8</span>", "<span data-toggle='tooltip' data-placement='right' title='原始值：13.67404'>13.7</span>", "<span data-toggle='tooltip' data-placement='right' title='原始值：6.59'>6.59</span>", "<span data-toggle='tooltip' data-placement='right' title='原始值：0.19'>0.190</span>", "*", "*", "*", "*", "正常"], ["安徽省", "淮河流域", "<span data-toggle='tooltip' data-placement='right' title='所在地市:淮北市&#10;所属河流:沱河'>小王桥</span>", "09-07 08:00", "劣Ⅴ", "<span data-toggle='tooltip' data-placement='right' title='原始值：28.55'>28.6</span>", "<span data-toggle='tooltip' data-placement='right' title='原始值：8.16'>8.16</span>", "<span data-toggle='tooltip' data-placement='right' title='原始值：7.8'>7.80</span>", "<span data-toggle='tooltip' data-placement='right' title='原始值：1146.27'>1146.3</span>", "<span data-toggle='tooltip' data-placement='right' title='原始值：13.18'>13.2</span>", "<span data-toggle='tooltip' data-placement='right' title='原始值：8.421'>8.42</span>", "<span data-toggle='tooltip' data-placement='right' title='原始值：0.032'>0.032</span>", "<span data-toggle='tooltip' data-placement='right' title='原始值：0.47'>0.470</span>", "<span data-toggle='tooltip' data-placement='right' title='原始值：1.667'>1.67</span>", "*", "*", "正常"], ["安徽省", "长江流域", "<span data-toggle='tooltip' data-placement='right' title='所在地市:安庆市&#10;所属河流:长江'>皖河口</span>", "09-07 08:00", "Ⅱ", "<span data-toggle='tooltip' data-placement='right' title='原始值：27.21'>27.2</span>", "<span data-toggle='tooltip' data-placement='right' title='原始值：7.351'>7.35</span>", "<span data-toggle='tooltip' data-placement='right' title='原始值：6.08'>6.08</span>", "<span data-toggle='tooltip' data-placement='right' title='原始值：245.24'>245.2</span>", "<span data-toggle='tooltip' data-placement='right' title='原始值：186.57'>186.6</span>", "<span data-toggle='tooltip' data-placement='right' title='原始值：2.539'>2.54</span>", "<span data-toggle='tooltip' data-placement='right' title='原始值：0.18'>0.180</span>", "<span data-toggle='tooltip' data-placement='right' title='原始值：0.0909'>0.091</span>", "<span data-toggle='tooltip' data-placement='right' title='原始值：3.35'>3.35</span>", "*", "*", "正常"], ["安徽省", "淮河流域", "<span data-toggle='tooltip' data-placement='right' title='所在地市:滁州市&#10;所属河流:淮河'>小柳巷</span>", null, "", "--", "--", "--", "--", "--", "--", "--", "--", "--", "*", "*", "停站"], ["安徽省", "淮河流域", "<span data-toggle='tooltip' data-placement='right' title='所在地市:阜阳市&#10;所属河流:黑茨河'>张大桥</span>", null, "", "--", "--", "--", "--", "--", "--", "--", "--", "--", "*", "*", "停站"], ["安徽省", "淮河流域", "<span data-toggle='tooltip' data-placement='right' title='所在地市:阜阳市&#10;所属河流:淮河'>王家坝</span>", "09-07 04:00", "", "<span data-toggle='tooltip' data-placement='right' title='原始值：28.22873'>28.2</span>", "<span data-toggle='tooltip' data-placement='right' title='原始值：8.08498'>8.08</span>", "<span data-toggle='tooltip' data-placement='right' title='原始值：5.46669'>5.47</span>", "<span data-toggle='tooltip' data-placement='right' title='原始值：891.8661'>891.9</span>", "<span data-toggle='tooltip' data-placement='right' title='原始值：25.44026'>25.4</span>", "<span data-toggle='tooltip' data-placement='right' title='极值过滤'>--</span>", "<span data-toggle='tooltip' data-placement='right' title='原始值：0.127'>0.127</span>", "<span data-toggle='tooltip' data-placement='right' title='极值过滤'>--</span>", "<span data-toggle='tooltip' data-placement='right' title='极值过滤'>--</span>", "*", "*", "维护"], ["安徽省", "淮河流域", "<span data-toggle='tooltip' data-placement='right' title='所在地市:阜阳市&#10;所属河流:颍河'>界首七渡口(七渡口)</span>", "09-07 08:00", "Ⅳ", "<span data-toggle='tooltip' data-placement='right' title='原始值：29.04744'>29.0</span>", "<span data-toggle='tooltip' data-placement='right' title='原始值：7.71053'>7.71</span>", "<span data-toggle='tooltip' data-placement='right' title='原始值：3.46297'>3.46</span>", "<span data-toggle='tooltip' data-placement='right' title='原始值：768.0284'>768.0</span>", "<span data-toggle='tooltip' data-placement='right' title='原始值：20.1344'>20.1</span>", "<span data-toggle='tooltip' data-placement='right' title='原始值：3.51'>3.51</span>", "<span data-toggle='tooltip' data-placement='right' title='原始值：0.34'>0.340</span>", "<span data-toggle='tooltip' data-placement='right' title='原始值：0.09709'>0.097</span>", "<span data-toggle='tooltip' data-placement='right' title='原始值：2.2708'>2.27</span>", "*", "*", "正常"], ["安徽省", "淮河流域", "<span data-toggle='tooltip' data-placement='right' title='所在地市:阜阳市&#10;所属河流:泉河'>许庄(徐庄)</span>", null, "", "--", "--", "--", "--", "--", "--", "--", "--", "--", "*", "*", "维护"], ["安徽省", "淮河流域", "<span data-toggle='tooltip' data-placement='right' title='所在地市:宿州市&#10;所属河流:奎河'>杨庄</span>", "09-07 08:00", "Ⅳ", "<span data-toggle='tooltip' data-placement='right' title='原始值：27.67'>27.7</span>", "<span data-toggle='tooltip' data-placement='right' title='原始值：7.57'>7.57</span>", "<span data-toggle='tooltip' data-placement='right' title='原始值：4.69'>4.69</span>", "<span data-toggle='tooltip' data-placement='right' title='原始值：812.5'>812.5</span>", "<span data-toggle='tooltip' data-placement='right' title='原始值：200.75'>200.8</span>", "<span data-toggle='tooltip' data-placement='right' title='原始值：4.94'>4.94</span>", "<span data-toggle='tooltip' data-placement='right' title='原始值：0.198'>0.198</span>", "*", "*", "*", "*", "正常"], ["安徽省", "淮河流域", "<span data-toggle='tooltip' data-placement='right' title='所在地市:宿州市&#10;所属河流:新汴河'>泗县公路桥</span>", "09-07 08:00", "Ⅲ", "<span data-toggle='tooltip' data-placement='right' title='原始值：28.89'>28.9</span>", "<span data-toggle='tooltip' data-placement='right' title='原始值：8.39'>8.39</span>", "<span data-toggle='tooltip' data-placement='right' title='原始值：8.28'>8.28</span>", "<span data-toggle='tooltip' data-placement='right' title='原始值：942.5'>942.5</span>", "<span data-toggle='tooltip' data-placement='right' title='原始值：31.63'>31.6</span>", "<span data-toggle='tooltip' data-placement='right' title='原始值：5.18'>5.18</span>", "<span data-toggle='tooltip' data-placement='right' title='原始值：0.062'>0.062</span>", "*", "*", "*", "*", "正常"], ["安徽省", "淮河流域", "<span data-toggle='tooltip' data-placement='right' title='所在地市:亳州市&#10;所属河流:包河'>颜集</span>", "09-07 08:00", "Ⅴ", "<span data-toggle='tooltip' data-placement='right' title='原始值：25.5'>25.5</span>", "<span data-toggle='tooltip' data-placement='right' title='原始值：7.59'>7.59</span>", "<span data-toggle='tooltip' data-placement='right' title='原始值：5.85'>5.85</span>", "<span data-toggle='tooltip' data-placement='right' title='原始值：1596.9'>1596.9</span>", "<span data-toggle='tooltip' data-placement='right' title='原始值：406.26'>406.3</span>", "<span data-toggle='tooltip' data-placement='right' title='原始值：6.76'>6.76</span>", "<span data-toggle='tooltip' data-placement='right' title='原始值：0.28'>0.280</span>", "<span data-toggle='tooltip' data-placement='right' title='原始值：0.355'>0.355</span>", "<span data-toggle='tooltip' data-placement='right' title='原始值：1.63'>1.63</span>", "*", "*", "正常"], ["福建省", "浙闽片河流", "<span data-toggle='tooltip' data-placement='right' title='所在地市:福州市&#10;所属河流:闽江'>白岩潭</span>", null, "", "--", "--", "--", "--", "--", "--", "--", "*", "*", "*", "*", "维护"], ["江西省", "长江流域", "<span data-toggle='tooltip' data-placement='right' title='所在地市:南昌市&#10;所属河流:赣江南支'>滁槎</span>", "09-07 08:00", "Ⅱ", "<span data-toggle='tooltip' data-placement='right' title='原始值：30.51961'>30.5</span>", "<span data-toggle='tooltip' data-placement='right' title='原始值：7.61793'>7.62</span>", "<span data-toggle='tooltip' data-placement='right' title='原始值：6.45348'>6.45</span>", "<span data-toggle='tooltip' data-placement='right' title='原始值：132.8955'>132.9</span>", "<span data-toggle='tooltip' data-placement='right' title='原始值：23.91499'>23.9</span>", "<span data-toggle='tooltip' data-placement='right' title='原始值：2.66'>2.66</span>", "<span data-toggle='tooltip' data-placement='right' title='原始值：0.27'>0.270</span>", "<span data-toggle='tooltip' data-placement='right' title='原始值：0.08225'>0.082</span>", "<span data-toggle='tooltip' data-placement='right' title='原始值：1.61'>1.61</span>", "*", "*", "正常"], ["江西省", "长江流域", "<span data-toggle='tooltip' data-placement='right' title='所在地市:九江市&#10;所属河流:长江'>姚港(河西水厂)</span>", null, "", "--", "--", "--", "--", "--", "--", "--", "--", "--", "*", "*", "停站"], ["江西省", "长江流域", "<span data-toggle='tooltip' data-placement='right' title='所在地市:九江市&#10;所属河流:鄱阳湖'>蛤蟆石</span>", "09-07 08:00", "", "<span data-toggle='tooltip' data-placement='right' title='原始值：30.3'>30.3</span>", "<span data-toggle='tooltip' data-placement='right' title='原始值：6.68'>6.68</span>", "<span data-toggle='tooltip' data-placement='right' title='原始值：5.2'>5.20</span>", "<span data-toggle='tooltip' data-placement='right' title='原始值：96.81'>96.8</span>", "<span data-toggle='tooltip' data-placement='right' title='原始值：97.84'>97.8</span>", "<span data-toggle='tooltip' data-placement='right' title='原始值：2.075'>2.08</span>", "<span data-toggle='tooltip' data-placement='right' title='极值过滤'>--</span>", "<span data-toggle='tooltip' data-placement='right' title='原始值：0.0415'>0.042</span>", "<span data-toggle='tooltip' data-placement='right' title='原始值：0.702'>0.70</span>", "<span data-toggle='tooltip' data-placement='right' title='原始值：0.00346'>0.003</span>", "<span data-toggle='tooltip' data-placement='right' title='原始值：1790535'>1790535</span>", "维护"], ["山东省", "黄河流域", "<span data-toggle='tooltip' data-placement='right' title='所在地市:济南市&#10;所属河流:黄河'>泺口</span>", "09-07 08:00", "Ⅱ", "<span data-toggle='tooltip' data-placement='right' title='原始值：25.5275'>25.5</span>", "<span data-toggle='tooltip' data-placement='right' title='原始值：7.77561'>7.78</span>", "<span data-toggle='tooltip' data-placement='right' title='原始值：7.09697'>7.10</span>", "<span data-toggle='tooltip' data-placement='right' title='原始值：672.351'>672.4</span>", "<span data-toggle='tooltip' data-placement='right' title='原始值：2483.13'>2483.1</span>", "<span data-toggle='tooltip' data-placement='right' title='原始值：2.21'>2.21</span>", "<span data-toggle='tooltip' data-placement='right' title='原始值：0.16457'>0.165</span>", "<span data-toggle='tooltip' data-placement='right' title='原始值：0.02689'>0.027</span>", "<span data-toggle='tooltip' data-placement='right' title='原始值：3.89'>3.89</span>", "*", "*", "正常"], ["山东省", "淮河流域", "<span data-toggle='tooltip' data-placement='right' title='所在地市:枣庄市&#10;所属河流:京杭大运河（韩庄运河）'>台儿庄大桥</span>", "09-07 08:00", "Ⅲ", "<span data-toggle='tooltip' data-placement='right' title='原始值：28.26999'>28.3</span>", "<span data-toggle='tooltip' data-placement='right' title='原始值：7.56972'>7.57</span>", "<span data-toggle='tooltip' data-placement='right' title='原始值：5.37623'>5.38</span>", "<span data-toggle='tooltip' data-placement='right' title='原始值：855.7788'>855.8</span>", "<span data-toggle='tooltip' data-placement='right' title='原始值：27.96903'>28.0</span>", "<span data-toggle='tooltip' data-placement='right' title='原始值：3.99754'>4.00</span>", "<span data-toggle='tooltip' data-placement='right' title='原始值：0.07034'>0.070</span>", "<span data-toggle='tooltip' data-placement='right' title='原始值：0.07087'>0.071</span>", "<span data-toggle='tooltip' data-placement='right' title='原始值：1.95984'>1.96</span>", "*", "*", "正常"], ["山东省", "淮河流域", "<span data-toggle='tooltip' data-placement='right' title='所在地市:临沂市&#10;所属河流:沭河'>清泉寺</span>", null, "", "--", "--", "--", "--", "--", "--", "--", "--", "--", "*", "*", "停站"], ["山东省", "淮河流域", "<span data-toggle='tooltip' data-placement='right' title='所在地市:临沂市&#10;所属河流:沂河'>重坊桥</span>", null, "", "--", "--", "--", "--", "--", "--", "--", "--", "--", "*", "*", "停站"], ["山东省", "淮河流域", "<span data-toggle='tooltip' data-placement='right' title='所在地市:临沂市&#10;所属河流:白马河'>捷庄(涝沟桥)</span>", "09-07 08:00", "Ⅲ", "<span data-toggle='tooltip' data-placement='right' title='原始值：27.2'>27.2</span>", "<span data-toggle='tooltip' data-placement='right' title='原始值：7.17062'>7.17</span>", "<span data-toggle='tooltip' data-placement='right' title='原始值：12.26746'>12.27</span>", "<span data-toggle='tooltip' data-placement='right' title='原始值：767.998'>768.0</span>", "<span data-toggle='tooltip' data-placement='right' title='原始值：35.23594'>35.2</span>", "<span data-toggle='tooltip' data-placement='right' title='原始值：5.45'>5.45</span>", "<span data-toggle='tooltip' data-placement='right' title='原始值：0.08178'>0.082</span>", "<span data-toggle='tooltip' data-placement='right' title='原始值：0.16006'>0.160</span>", "<span data-toggle='tooltip' data-placement='right' title='原始值：6.15183'>6.15</span>", "*", "*", "正常"], ["山东省", "海河流域", "<span data-toggle='tooltip' data-placement='right' title='所在地市:聊城市&#10;所属河流:卫运河'>秤勾湾(秤钩湾)</span>", null, "", "--", "--", "--", "--", "--", "--", "--", "--", "--", "*", "*", "停站"], ["河南省", "长江流域", "<span data-toggle='tooltip' data-placement='right' title='所在地市:南阳市&#10;所属河流:丹江口水库'>陶岔</span>", "09-07 08:00", "Ⅱ", "<span data-toggle='tooltip' data-placement='right' title='原始值：28.2'>28.2</span>", "<span data-toggle='tooltip' data-placement='right' title='原始值：8.01969'>8.02</span>", "<span data-toggle='tooltip' data-placement='right' title='原始值：8.0188'>8.02</span>", "<span data-toggle='tooltip' data-placement='right' title='原始值：292.714'>292.7</span>", "<span data-toggle='tooltip' data-placement='right' title='原始值：2.1067'>2.1</span>", "<span data-toggle='tooltip' data-placement='right' title='原始值：2.6'>2.60</span>", "<span data-toggle='tooltip' data-placement='right' title='原始值：0.02979'>0.030</span>", "<span data-toggle='tooltip' data-placement='right' title='原始值：0.01614'>0.016</span>", "<span data-toggle='tooltip' data-placement='right' title='原始值：0.68006'>0.68</span>", "<span data-toggle='tooltip' data-placement='right' title='原始值：0.00571'>0.006</span>", "<span data-toggle='tooltip' data-placement='right' title='原始值：394275.9'>394276</span>", "正常"], ["河南省", "淮河流域", "<span data-toggle='tooltip' data-placement='right' title='所在地市:商丘市&#10;所属河流:浍河'>黄口</span>", "09-07 08:00", "Ⅲ", "<span data-toggle='tooltip' data-placement='right' title='原始值：23.59999'>23.6</span>", "<span data-toggle='tooltip' data-placement='right' title='原始值：7.09125'>7.09</span>", "<span data-toggle='tooltip' data-placement='right' title='原始值：5.1'>5.10</span>", "<span data-toggle='tooltip' data-placement='right' title='原始值：1520'>1520.0</span>", "<span data-toggle='tooltip' data-placement='right' title='原始值：89.17641'>89.2</span>", "<span data-toggle='tooltip' data-placement='right' title='原始值：4.13'>4.13</span>", "<span data-toggle='tooltip' data-placement='right' title='原始值：0.04545'>0.045</span>", "<span data-toggle='tooltip' data-placement='right' title='原始值：0.1623'>0.162</span>", "<span data-toggle='tooltip' data-placement='right' title='原始值：8.34993'>8.35</span>", "*", "*", "正常"], ["河南省", "淮河流域", "<span data-toggle='tooltip' data-placement='right' title='所在地市:信阳市&#10;所属河流:史灌河'>蒋集</span>", "09-07 08:00", "Ⅳ", "<span data-toggle='tooltip' data-placement='right' title='原始值：30.22498'>30.2</span>", "<span data-toggle='tooltip' data-placement='right' title='原始值：6.93614'>6.94</span>", "<span data-toggle='tooltip' data-placement='right' title='原始值：4.78496'>4.78</span>", "<span data-toggle='tooltip' data-placement='right' title='原始值：185.009'>185.0</span>", "<span data-toggle='tooltip' data-placement='right' title='原始值：236.68'>236.7</span>", "<span data-toggle='tooltip' data-placement='right' title='原始值：3.23'>3.23</span>", "<span data-toggle='tooltip' data-placement='right' title='原始值：0.02354'>0.024</span>", "*", "*", "*", "*", "正常"], ["河南省", "淮河流域", "<span data-toggle='tooltip' data-placement='right' title='所在地市:信阳市&#10;所属河流:淮河'>淮滨水文站(淮滨)</span>", "09-07 08:00", "Ⅲ", "<span data-toggle='tooltip' data-placement='right' title='原始值：27.575'>27.6</span>", "<span data-toggle='tooltip' data-placement='right' title='原始值：7.1'>7.10</span>", "<span data-toggle='tooltip' data-placement='right' title='原始值：6.52996'>6.53</span>", "<span data-toggle='tooltip' data-placement='right' title='原始值：242'>242.0</span>", "<span data-toggle='tooltip' data-placement='right' title='原始值：361.3867'>361.4</span>", "<span data-toggle='tooltip' data-placement='right' title='原始值：2.72218'>2.72</span>", "<span data-toggle='tooltip' data-placement='right' title='原始值：0.11146'>0.111</span>", "<span data-toggle='tooltip' data-placement='right' title='原始值：0.15957'>0.160</span>", "<span data-toggle='tooltip' data-placement='right' title='原始值：1.35781'>1.36</span>", "*", "*", "正常"], ["河南省", "淮河流域", "<span data-toggle='tooltip' data-placement='right' title='所在地市:周口市&#10;所属河流:沙河'>沈丘闸</span>", "09-07 08:00", "Ⅴ", "<span data-toggle='tooltip' data-placement='right' title='原始值：27.62894'>27.6</span>", "<span data-toggle='tooltip' data-placement='right' title='原始值：7.31822'>7.32</span>", "<span data-toggle='tooltip' data-placement='right' title='原始值：2.86841'>2.87</span>", "<span data-toggle='tooltip' data-placement='right' title='原始值：976.8'>976.8</span>", "<span data-toggle='tooltip' data-placement='right' title='原始值：18.498'>18.5</span>", "<span data-toggle='tooltip' data-placement='right' title='原始值：4.375'>4.38</span>", "<span data-toggle='tooltip' data-placement='right' title='原始值：0.1'>0.100</span>", "*", "*", "*", "*", "正常"], ["河南省", "淮河流域", "<span data-toggle='tooltip' data-placement='right' title='所在地市:周口市&#10;所属河流:涡河'>鹿邑付桥(鹿邑付桥闸)</span>", "09-07 08:00", "Ⅳ", "<span data-toggle='tooltip' data-placement='right' title='原始值：26.8427'>26.8</span>", "<span data-toggle='tooltip' data-placement='right' title='原始值：8.23857'>8.24</span>", "<span data-toggle='tooltip' data-placement='right' title='原始值：4.48572'>4.49</span>", "<span data-toggle='tooltip' data-placement='right' title='原始值：1416.606'>1416.6</span>", "<span data-toggle='tooltip' data-placement='right' title='原始值：7.99122'>8.0</span>", "<span data-toggle='tooltip' data-placement='right' title='原始值：6.36'>6.36</span>", "<span data-toggle='tooltip' data-placement='right' title='原始值：0.14'>0.140</span>", "<span data-toggle='tooltip' data-placement='right' title='原始值：0.1853'>0.185</span>", "<span data-toggle='tooltip' data-placement='right' title='原始值：1.80442'>1.80</span>", "*", "*", "正常"], ["河南省", "淮河流域", "<span data-toggle='tooltip' data-placement='right' title='所在地市:驻马店市&#10;所属河流:洪河'>新蔡班台(班台)</span>", "09-07 08:00", "Ⅴ", "<span data-toggle='tooltip' data-placement='right' title='原始值：26.99724'>27.0</span>", "<span data-toggle='tooltip' data-placement='right' title='原始值：7.21103'>7.21</span>", "<span data-toggle='tooltip' data-placement='right' title='原始值：5.75666'>5.76</span>", "<span data-toggle='tooltip' data-placement='right' title='原始值：728.3761'>728.4</span>", "<span data-toggle='tooltip' data-placement='right' title='原始值：19.35191'>19.4</span>", "<span data-toggle='tooltip' data-placement='right' title='原始值：4.015'>4.02</span>", "<span data-toggle='tooltip' data-placement='right' title='原始值：0.07'>0.070</span>", "<span data-toggle='tooltip' data-placement='right' title='原始值：0.34355'>0.344</span>", "<span data-toggle='tooltip' data-placement='right' title='原始值：2.82588'>2.83</span>", "*", "*", "正常"], ["河南省", "黄河流域", "<span data-toggle='tooltip' data-placement='right' title='所在地市:济源市&#10;所属河流:黄河'>小浪底水库(小浪底)</span>", null, "", "--", "--", "--", "--", "--", "--", "--", "--", "--", "*", "*", "停站"], ["湖北省", "长江流域", "<span data-toggle='tooltip' data-placement='right' title='所在地市:武汉市&#10;所属河流:汉江'>宗关</span>", null, "", "--", "--", "--", "--", "--", "--", "--", "--", "--", "*", "*", "停站"], ["湖北省", "长江流域", "<span data-toggle='tooltip' data-placement='right' title='所在地市:十堰市&#10;所属河流:丹江口水库'>坝上中(胡家岭)</span>", "09-07 08:00", "劣Ⅴ", "<span data-toggle='tooltip' data-placement='right' title='原始值：28.93'>28.9</span>", "<span data-toggle='tooltip' data-placement='right' title='原始值：9.024017'>9.02</span>", "<span data-toggle='tooltip' data-placement='right' title='原始值：10.177'>10.18</span>", "<span data-toggle='tooltip' data-placement='right' title='原始值：227.133'>227.1</span>", "<span data-toggle='tooltip' data-placement='right' title='原始值：3.357772'>3.4</span>", "<span data-toggle='tooltip' data-placement='right' title='原始值：2.6'>2.60</span>", "<span data-toggle='tooltip' data-placement='right' title='原始值：0.089'>0.089</span>", "<span data-toggle='tooltip' data-placement='right' title='原始值：0.017'>0.017</span>", "<span data-toggle='tooltip' data-placement='right' title='原始值：1.151'>1.15</span>", "<span data-toggle='tooltip' data-placement='right' title='极值过滤'>--</span>", "<span data-toggle='tooltip' data-placement='right' title='原始值：5.2457E+07'>52457000</span>", "维护"], ["湖北省", "长江流域", "<span data-toggle='tooltip' data-placement='right' title='所在地市:宜昌市&#10;所属河流:长江'>南津关</span>", null, "", "--", "--", "--", "--", "--", "--", "--", "--", "--", "*", "*", "停站"], ["湖南省", "长江流域", "<span data-toggle='tooltip' data-placement='right' title='所在地市:长沙市&#10;所属河流:湘江'>新港</span>", "09-07 08:00", "Ⅱ", "<span data-toggle='tooltip' data-placement='right' title='极值过滤'>--</span>", "<span data-toggle='tooltip' data-placement='right' title='原始值：7.48'>7.48</span>", "<span data-toggle='tooltip' data-placement='right' title='原始值：10.76'>10.76</span>", "<span data-toggle='tooltip' data-placement='right' title='极值过滤'>--</span>", "<span data-toggle='tooltip' data-placement='right' title='原始值：39.57'>39.6</span>", "<span data-toggle='tooltip' data-placement='right' title='原始值：1.68'>1.68</span>", "<span data-toggle='tooltip' data-placement='right' title='原始值：0.084'>0.084</span>", "<span data-toggle='tooltip' data-placement='right' title='原始值：0.039'>0.039</span>", "<span data-toggle='tooltip' data-placement='right' title='原始值：1.4'>1.40</span>", "*", "*", "维护"], ["湖南省", "长江流域", "<span data-toggle='tooltip' data-placement='right' title='所在地市:岳阳市&#10;所属河流:洞庭湖'>岳阳楼</span>", "09-07 08:00", "Ⅳ", "<span data-toggle='tooltip' data-placement='right' title='原始值：26.14'>26.1</span>", "<span data-toggle='tooltip' data-placement='right' title='原始值：7.711205'>7.71</span>", "<span data-toggle='tooltip' data-placement='right' title='原始值：4.906647'>4.91</span>", "<span data-toggle='tooltip' data-placement='right' title='原始值：267.91'>267.9</span>", "<span data-toggle='tooltip' data-placement='right' title='原始值：37.13103'>37.1</span>", "<span data-toggle='tooltip' data-placement='right' title='原始值：2.5'>2.50</span>", "<span data-toggle='tooltip' data-placement='right' title='原始值：0.016'>0.016</span>", "<span data-toggle='tooltip' data-placement='right' title='原始值：0.083'>0.083</span>", "<span data-toggle='tooltip' data-placement='right' title='原始值：2.096'>2.10</span>", "<span data-toggle='tooltip' data-placement='right' title='原始值：0.0036094'>0.004</span>", "<span data-toggle='tooltip' data-placement='right' title='原始值：264.392'>264</span>", "正常"], ["湖南省", "长江流域", "<span data-toggle='tooltip' data-placement='right' title='所在地市:岳阳市&#10;所属河流:长江'>城陵矶</span>", "09-07 08:00", "Ⅲ", "<span data-toggle='tooltip' data-placement='right' title='原始值：26.75'>26.8</span>", "<span data-toggle='tooltip' data-placement='right' title='原始值：7.695356'>7.70</span>", "<span data-toggle='tooltip' data-placement='right' title='原始值：7.587801'>7.59</span>", "<span data-toggle='tooltip' data-placement='right' title='原始值：302.2'>302.2</span>", "<span data-toggle='tooltip' data-placement='right' title='原始值：147.7712'>147.8</span>", "<span data-toggle='tooltip' data-placement='right' title='原始值：2.76'>2.76</span>", "<span data-toggle='tooltip' data-placement='right' title='原始值：0.017'>0.017</span>", "<span data-toggle='tooltip' data-placement='right' title='原始值：0.14'>0.140</span>", "<span data-toggle='tooltip' data-placement='right' title='原始值：1.1453'>1.15</span>", "*", "*", "正常"], ["广东省", "珠江流域", "<span data-toggle='tooltip' data-placement='right' title='所在地市:清远市&#10;所属河流:北江'>七星岗</span>", "09-07 08:00", "Ⅲ", "<span data-toggle='tooltip' data-placement='right' title='原始值：33.09187'>33.1</span>", "<span data-toggle='tooltip' data-placement='right' title='原始值：7.46284'>7.46</span>", "<span data-toggle='tooltip' data-placement='right' title='原始值：5.40469'>5.40</span>", "<span data-toggle='tooltip' data-placement='right' title='原始值：235.2401'>235.2</span>", "<span data-toggle='tooltip' data-placement='right' title='原始值：12.8804'>12.9</span>", "<span data-toggle='tooltip' data-placement='right' title='原始值：2.04'>2.04</span>", "<span data-toggle='tooltip' data-placement='right' title='原始值：0.15404'>0.154</span>", "<span data-toggle='tooltip' data-placement='right' title='原始值：0.01997'>0.020</span>", "<span data-toggle='tooltip' data-placement='right' title='原始值：5.0348'>5.03</span>", "*", "*", "正常"], ["广东省", "珠江流域", "<span data-toggle='tooltip' data-placement='right' title='所在地市:中山市&#10;所属河流:西江'>横栏</span>", "09-07 08:00", "Ⅱ", "<span data-toggle='tooltip' data-placement='right' title='原始值：28.7'>28.7</span>", "<span data-toggle='tooltip' data-placement='right' title='原始值：7.82'>7.82</span>", "<span data-toggle='tooltip' data-placement='right' title='原始值：6.72'>6.72</span>", "<span data-toggle='tooltip' data-placement='right' title='原始值：242'>242.0</span>", "<span data-toggle='tooltip' data-placement='right' title='原始值：13.3'>13.3</span>", "<span data-toggle='tooltip' data-placement='right' title='原始值：2.79'>2.79</span>", "<span data-toggle='tooltip' data-placement='right' title='原始值：0.12622'>0.126</span>", "*", "*", "*", "*", "正常"], ["广西壮族自治区", "珠江流域", "<span data-toggle='tooltip' data-placement='right' title='所在地市:南宁市&#10;所属河流:邕江'>老口</span>", "09-07 08:00", "Ⅱ", "<span data-toggle='tooltip' data-placement='right' title='原始值：30.14262'>30.1</span>", "<span data-toggle='tooltip' data-placement='right' title='原始值：7.50375'>7.50</span>", "<span data-toggle='tooltip' data-placement='right' title='原始值：6.72337'>6.72</span>", "<span data-toggle='tooltip' data-placement='right' title='原始值：304.0491'>304.0</span>", "<span data-toggle='tooltip' data-placement='right' title='原始值：6.93886'>6.9</span>", "<span data-toggle='tooltip' data-placement='right' title='原始值：2.67307'>2.67</span>", "<span data-toggle='tooltip' data-placement='right' title='原始值：0.10002'>0.100</span>", "<span data-toggle='tooltip' data-placement='right' title='原始值：0.02429'>0.024</span>", "<span data-toggle='tooltip' data-placement='right' title='原始值：1.66597'>1.67</span>", "*", "*", "正常"], ["广西壮族自治区", "珠江流域", "<span data-toggle='tooltip' data-placement='right' title='所在地市:桂林市&#10;所属河流:漓江'>阳朔</span>", null, "", "--", "--", "--", "--", "--", "--", "--", "--", "--", "*", "*", "停站"], ["广西壮族自治区", "珠江流域", "<span data-toggle='tooltip' data-placement='right' title='所在地市:梧州市&#10;所属河流:浔江'>界首</span>", null, "", "--", "--", "--", "--", "--", "--", "--", "--", "--", "*", "*", "停站"], ["广西壮族自治区", "珠江流域", "<span data-toggle='tooltip' data-placement='right' title='所在地市:贵港市&#10;所属河流:浔江'>石嘴</span>", "09-07 08:00", "Ⅱ", "<span data-toggle='tooltip' data-placement='right' title='原始值：29.24675'>29.2</span>", "<span data-toggle='tooltip' data-placement='right' title='原始值：7.18333'>7.18</span>", "<span data-toggle='tooltip' data-placement='right' title='原始值：6.82303'>6.82</span>", "<span data-toggle='tooltip' data-placement='right' title='原始值：279.4042'>279.4</span>", "<span data-toggle='tooltip' data-placement='right' title='原始值：11.16648'>11.2</span>", "<span data-toggle='tooltip' data-placement='right' title='原始值：1.24'>1.24</span>", "<span data-toggle='tooltip' data-placement='right' title='原始值：0.14'>0.140</span>", "<span data-toggle='tooltip' data-placement='right' title='原始值：0.05023'>0.050</span>", "<span data-toggle='tooltip' data-placement='right' title='原始值：1.2045'>1.20</span>", "*", "*", "正常"], ["广西壮族自治区", "珠江流域", "<span data-toggle='tooltip' data-placement='right' title='所在地市:崇左市&#10;所属河流:平而河'>平而关</span>", "09-07 04:00", "Ⅱ", "<span data-toggle='tooltip' data-placement='right' title='原始值：30.01953'>30.0</span>", "<span data-toggle='tooltip' data-placement='right' title='原始值：8.04852'>8.05</span>", "<span data-toggle='tooltip' data-placement='right' title='原始值：6.584'>6.58</span>", "<span data-toggle='tooltip' data-placement='right' title='原始值：260.0898'>260.1</span>", "<span data-toggle='tooltip' data-placement='right' title='原始值：24.17358'>24.2</span>", "<span data-toggle='tooltip' data-placement='right' title='原始值：1.425'>1.42</span>", "<span data-toggle='tooltip' data-placement='right' title='原始值：0.09'>0.090</span>", "*", "*", "*", "*", "正常"], ["重庆市", "长江流域", "<span data-toggle='tooltip' data-placement='right' title='所在地市:永川区&#10;所属河流:长江'>朱沱</span>", null, "", "--", "--", "--", "--", "--", "--", "--", "--", "--", "*", "*", "停站"], ["四川省", "长江流域", "<span data-toggle='tooltip' data-placement='right' title='所在地市:攀枝花市&#10;所属河流:金沙江'>龙洞</span>", null, "", "--", "--", "--", "--", "--", "--", "--", "--", "--", "*", "*", "停站"], ["四川省", "长江流域", "<span data-toggle='tooltip' data-placement='right' title='所在地市:泸州市&#10;所属河流:沱江'>沱江大桥(沱江二桥)</span>", "09-07 08:00", "劣Ⅴ", "<span data-toggle='tooltip' data-placement='right' title='原始值：25.4'>25.4</span>", "<span data-toggle='tooltip' data-placement='right' title='原始值：7.752026'>7.75</span>", "<span data-toggle='tooltip' data-placement='right' title='原始值：8.063769'>8.06</span>", "<span data-toggle='tooltip' data-placement='right' title='原始值：315.8369'>315.8</span>", "<span data-toggle='tooltip' data-placement='right' title='原始值：1985.962'>1986.0</span>", "<span data-toggle='tooltip' data-placement='right' title='原始值：9.38'>9.38</span>", "<span data-toggle='tooltip' data-placement='right' title='原始值：0.009'>0.009</span>", "<span data-toggle='tooltip' data-placement='right' title='原始值：1.103464'>1.103</span>", "<span data-toggle='tooltip' data-placement='right' title='原始值：3.960028'>3.96</span>", "*", "*", "正常"], ["四川省", "长江流域", "<span data-toggle='tooltip' data-placement='right' title='所在地市:广元市&#10;所属河流:嘉陵江'>清风峡</span>", null, "", "--", "--", "--", "--", "--", "--", "--", "--", "--", "*", "*", "停站"], ["四川省", "长江流域", "<span data-toggle='tooltip' data-placement='right' title='所在地市:乐山市&#10;所属河流:岷江'>岷江大桥</span>", null, "", "--", "--", "--", "--", "--", "--", "--", "--", "--", "*", "*", "停站"], ["四川省", "长江流域", "<span data-toggle='tooltip' data-placement='right' title='所在地市:宜宾市&#10;所属河流:岷江'>凉姜沟</span>", null, "", "--", "--", "--", "--", "--", "--", "--", "--", "--", "*", "*", "停站"], ["云南省", "滇池流域", "<span data-toggle='tooltip' data-placement='right' title='所在地市:昆明市&#10;所属河流:滇池'>西苑隧道</span>", "09-07 08:00", "", "<span data-toggle='tooltip' data-placement='right' title='极值过滤'>--</span>", "<span data-toggle='tooltip' data-placement='right' title='极值过滤'>--</span>", "<span data-toggle='tooltip' data-placement='right' title='原始值：5.3103'>5.31</span>", "<span data-toggle='tooltip' data-placement='right' title='原始值：532.1766'>532.2</span>", "<span data-toggle='tooltip' data-placement='right' title='原始值：57.65593'>57.7</span>", "<span data-toggle='tooltip' data-placement='right' title='原始值：12.32'>12.32</span>", "<span data-toggle='tooltip' data-placement='right' title='原始值：0.50318'>0.503</span>", "<span data-toggle='tooltip' data-placement='right' title='原始值：0.21939'>0.219</span>", "<span data-toggle='tooltip' data-placement='right' title='原始值：3.32926'>3.33</span>", "<span data-toggle='tooltip' data-placement='right' title='原始值：0.00259'>0.003</span>", "<span data-toggle='tooltip' data-placement='right' title='原始值：1.655806E+07'>16558060</span>", "维护"], ["云南省", "滇池流域", "<span data-toggle='tooltip' data-placement='right' title='所在地市:昆明市&#10;所属河流:滇池'>观音山</span>", "09-07 08:00", "Ⅳ", "<span data-toggle='tooltip' data-placement='right' title='原始值：23.48537'>23.5</span>", "<span data-toggle='tooltip' data-placement='right' title='原始值：8.72627'>8.73</span>", "<span data-toggle='tooltip' data-placement='right' title='原始值：6.50969'>6.51</span>", "<span data-toggle='tooltip' data-placement='right' title='原始值：413.5633'>413.6</span>", "<span data-toggle='tooltip' data-placement='right' title='原始值：64.9315'>64.9</span>", "<span data-toggle='tooltip' data-placement='right' title='原始值：9.95769'>9.96</span>", "<span data-toggle='tooltip' data-placement='right' title='原始值：0.39'>0.390</span>", "<span data-toggle='tooltip' data-placement='right' title='原始值：0.0938'>0.094</span>", "<span data-toggle='tooltip' data-placement='right' title='原始值：2.053'>2.05</span>", "<span data-toggle='tooltip' data-placement='right' title='原始值：0.00801'>0.008</span>", "<span data-toggle='tooltip' data-placement='right' title='原始值：9.655596E+07'>96555960</span>", "正常"], ["云南省", "西南诸河", "<span data-toggle='tooltip' data-placement='right' title='所在地市:红河哈尼族彝族自治州&#10;所属河流:红河'>河口县医院(河口)</span>", "09-07 08:00", "Ⅱ", "<span data-toggle='tooltip' data-placement='right' title='原始值：27.50576'>27.5</span>", "<span data-toggle='tooltip' data-placement='right' title='原始值：6.95674'>6.96</span>", "<span data-toggle='tooltip' data-placement='right' title='原始值：7.39314'>7.39</span>", "<span data-toggle='tooltip' data-placement='right' title='原始值：203.2839'>203.3</span>", "<span data-toggle='tooltip' data-placement='right' title='原始值：27.28354'>27.3</span>", "<span data-toggle='tooltip' data-placement='right' title='原始值：1.77734'>1.78</span>", "<span data-toggle='tooltip' data-placement='right' title='原始值：0.1955'>0.196</span>", "<span data-toggle='tooltip' data-placement='right' title='原始值：0.05988'>0.060</span>", "<span data-toggle='tooltip' data-placement='right' title='原始值：1.9969'>2.00</span>", "*", "*", "正常"], ["云南省", "西南诸河", "<span data-toggle='tooltip' data-placement='right' title='所在地市:西双版纳傣族自治州&#10;所属河流:澜沧江'>橄榄坝</span>", "09-07 08:00", "Ⅱ", "<span data-toggle='tooltip' data-placement='right' title='原始值：19.80529'>19.8</span>", "<span data-toggle='tooltip' data-placement='right' title='原始值：7.59428'>7.59</span>", "<span data-toggle='tooltip' data-placement='right' title='原始值：6.63577'>6.64</span>", "<span data-toggle='tooltip' data-placement='right' title='原始值：528.7033'>528.7</span>", "<span data-toggle='tooltip' data-placement='right' title='原始值：16.38765'>16.4</span>", "<span data-toggle='tooltip' data-placement='right' title='原始值：0.49'>0.49</span>", "<span data-toggle='tooltip' data-placement='right' title='原始值：0.09587'>0.096</span>", "*", "*", "*", "*", "正常"], ["陕西省", "黄河流域", "<span data-toggle='tooltip' data-placement='right' title='所在地市:渭南市&#10;所属河流:渭河'>潼关吊桥</span>", null, "", "--", "--", "--", "--", "--", "--", "--", "--", "--", "*", "*", "停站"], ["甘肃省", "黄河流域", "<span data-toggle='tooltip' data-placement='right' title='所在地市:兰州市&#10;所属河流:黄河'>新城桥</span>", "09-07 08:00", "", "<span data-toggle='tooltip' data-placement='right' title='原始值：20.62012'>20.6</span>", "<span data-toggle='tooltip' data-placement='right' title='原始值：6.00349'>6.00</span>", "<span data-toggle='tooltip' data-placement='right' title='原始值：6.33079'>6.33</span>", "<span data-toggle='tooltip' data-placement='right' title='原始值：457.3625'>457.4</span>", "<span data-toggle='tooltip' data-placement='right' title='原始值：17.4903'>17.5</span>", "<span data-toggle='tooltip' data-placement='right' title='极值过滤'>--</span>", "<span data-toggle='tooltip' data-placement='right' title='原始值：0.29'>0.290</span>", "<span data-toggle='tooltip' data-placement='right' title='原始值：0.01024'>0.010</span>", "<span data-toggle='tooltip' data-placement='right' title='原始值：1.52164'>1.52</span>", "*", "*", "维护"], ["宁夏回族自治区", "黄河流域", "<span data-toggle='tooltip' data-placement='right' title='所在地市:中卫市&#10;所属河流:黄河'>中卫下河沿(新墩)</span>", "09-07 08:00", "Ⅱ", "<span data-toggle='tooltip' data-placement='right' title='原始值：18.84114'>18.8</span>", "<span data-toggle='tooltip' data-placement='right' title='原始值：8.23293'>8.23</span>", "<span data-toggle='tooltip' data-placement='right' title='原始值：7.95074'>7.95</span>", "<span data-toggle='tooltip' data-placement='right' title='原始值：488.843'>488.8</span>", "<span data-toggle='tooltip' data-placement='right' title='原始值：322.0928'>322.1</span>", "<span data-toggle='tooltip' data-placement='right' title='原始值：0.47'>0.47</span>", "<span data-toggle='tooltip' data-placement='right' title='原始值：0.03'>0.030</span>", "<span data-toggle='tooltip' data-placement='right' title='原始值：0.06'>0.060</span>", "<span data-toggle='tooltip' data-placement='right' title='原始值：0.0497'>0.05</span>", "*", "*", "正常"]]}