{"result": 1, "total": 1, "records": 98, "thead": ["省份", "流域", "断面名称", "监测时间", "水质类别", "水温<br/><span class='unit'>(℃)</span>", "pH<br/><span class='unit'>(无量纲)</span>", "溶解氧<br/><span class='unit'>(mg/L)</span>", "电导率<br/><span class='unit'>(μS/cm)</span>", "浊度<br/><span class='unit'>(NTU)</span>", "高锰酸盐指数<br/><span class='unit'>(mg/L)</span>", "氨氮<br/><span class='unit'>(mg/L)</span>", "总磷<br/><span class='unit'>(mg/L)</span>", "总氮<br/><span class='unit'>(mg/L)</span>", "叶绿素α<br/><span class='unit'>(mg/L)</span>", "藻密度<br/><span class='unit'>(cells/L)</span>", "站点情况"], "tbody": [["北京市", "海河流域", "<span data-toggle='tooltip' data-placement='right' title='所在地市:门头沟区&#10;所属河流:永定河'>沿河城</span>", "09-13 08:00", "Ⅲ", "<span data-toggle='tooltip' data-placement='right' title='原始值：21.38608'>21.4</span>", "<span data-toggle='tooltip' data-placement='right' title='原始值：8.32729'>8.33</span>", "<span data-toggle='tooltip' data-placement='right' title='原始值：8.51312'>8.51</span>", "<span data-toggle='tooltip' data-placement='right' title='原始值：1355.307'>1355.3</span>", "<span data-toggle='tooltip' data-placement='right' title='原始值：21.30158'>21.3</span>", "<span data-toggle='tooltip' data-placement='right' title='原始值：5.76'>5.76</span>", "<span data-toggle='tooltip' data-placement='right' title='原始值：0.23'>0.230</span>", "<span data-toggle='tooltip' data-placement='right' title='原始值：0.04326'>0.043</span>", "<span data-toggle='tooltip' data-placement='right' title='原始值：0.96456'>0.96</span>", "*", "*", "正常"], ["北京市", "海河流域", "<span data-toggle='tooltip' data-placement='right' title='所在地市:密云区&#10;所属河流:潮河'>古北口</span>", "09-13 08:00", "Ⅱ", "<span data-toggle='tooltip' data-placement='right' title='原始值：20.1211'>20.1</span>", "<span data-toggle='tooltip' data-placement='right' title='原始值：7.23626'>7.24</span>", "<span data-toggle='tooltip' data-placement='right' title='原始值：7.8601'>7.86</span>", "<span data-toggle='tooltip' data-placement='right' title='原始值：681.7423'>681.7</span>", "<span data-toggle='tooltip' data-placement='right' title='原始值：2.51818'>2.5</span>", "<span data-toggle='tooltip' data-placement='right' title='原始值：1.285'>1.28</span>", "<span data-toggle='tooltip' data-placement='right' title='原始值：0.22'>0.220</span>", "<span data-toggle='tooltip' data-placement='right' title='原始值：0.0001'>0.0001</span>", "<span data-toggle='tooltip' data-placement='right' title='原始值：5.2783'>5.28</span>", "*", "*", "正常"], ["天津市", "海河流域", "<span data-toggle='tooltip' data-placement='right' title='所在地市:河北区&#10;所属河流:海河'>三岔口</span>", "09-13 08:00", "Ⅲ", "<span data-toggle='tooltip' data-placement='right' title='原始值：24.7192'>24.7</span>", "<span data-toggle='tooltip' data-placement='right' title='原始值：7.5443'>7.54</span>", "<span data-toggle='tooltip' data-placement='right' title='原始值：5.752'>5.75</span>", "<span data-toggle='tooltip' data-placement='right' title='原始值：497.7627'>497.8</span>", "<span data-toggle='tooltip' data-placement='right' title='原始值：27.103'>27.1</span>", "<span data-toggle='tooltip' data-placement='right' title='原始值：0.38'>0.38</span>", "<span data-toggle='tooltip' data-placement='right' title='原始值：0.19'>0.190</span>", "<span data-toggle='tooltip' data-placement='right' title='原始值：0.003'>0.003</span>", "<span data-toggle='tooltip' data-placement='right' title='原始值：0.6109'>0.61</span>", "*", "*", "正常"], ["天津市", "海河流域", "<span data-toggle='tooltip' data-placement='right' title='所在地市:蓟州区&#10;所属河流:果河'>果河桥</span>", "09-13 08:00", "Ⅱ", "<span data-toggle='tooltip' data-placement='right' title='原始值：24.6'>24.6</span>", "<span data-toggle='tooltip' data-placement='right' title='原始值：8.163'>8.16</span>", "<span data-toggle='tooltip' data-placement='right' title='原始值：7.855'>7.86</span>", "<span data-toggle='tooltip' data-placement='right' title='原始值：586.091'>586.1</span>", "<span data-toggle='tooltip' data-placement='right' title='原始值：4.411'>4.4</span>", "<span data-toggle='tooltip' data-placement='right' title='原始值：2.6934'>2.69</span>", "<span data-toggle='tooltip' data-placement='right' title='原始值：0.25'>0.250</span>", "<span data-toggle='tooltip' data-placement='right' title='原始值：0.0588'>0.059</span>", "<span data-toggle='tooltip' data-placement='right' title='原始值：6.6649'>6.66</span>", "*", "*", "正常"], ["河北省", "海河流域", "<span data-toggle='tooltip' data-placement='right' title='所在地市:石家庄市&#10;所属河流:滹沱河'>岗南水库</span>", null, "", "--", "--", "--", "--", "--", "--", "--", "--", "--", "*", "*", "维护"], ["河北省", "海河流域", "<span data-toggle='tooltip' data-placement='right' title='所在地市:张家口市&#10;所属河流:永定河'>八号桥</span>", "09-13 08:00", "Ⅲ", "<span data-toggle='tooltip' data-placement='right' title='原始值：20.33185'>20.3</span>", "<span data-toggle='tooltip' data-placement='right' title='原始值：7.79799'>7.80</span>", "<span data-toggle='tooltip' data-placement='right' title='原始值：7.28914'>7.29</span>", "<span data-toggle='tooltip' data-placement='right' title='原始值：1073.814'>1073.8</span>", "<span data-toggle='tooltip' data-placement='right' title='原始值：54.36217'>54.4</span>", "<span data-toggle='tooltip' data-placement='right' title='原始值：4.94'>4.94</span>", "<span data-toggle='tooltip' data-placement='right' title='原始值：0.18'>0.180</span>", "<span data-toggle='tooltip' data-placement='right' title='原始值：0.1375'>0.138</span>", "<span data-toggle='tooltip' data-placement='right' title='原始值：2.895'>2.90</span>", "*", "*", "正常"], ["山西省", "黄河流域", "<span data-toggle='tooltip' data-placement='right' title='所在地市:运城市&#10;所属河流:汾河'>河津大桥</span>", "09-13 08:00", "Ⅲ", "<span data-toggle='tooltip' data-placement='right' title='原始值：25.94235'>25.9</span>", "<span data-toggle='tooltip' data-placement='right' title='原始值：7.54256'>7.54</span>", "<span data-toggle='tooltip' data-placement='right' title='原始值：6.94562'>6.95</span>", "<span data-toggle='tooltip' data-placement='right' title='原始值：1472.391'>1472.4</span>", "<span data-toggle='tooltip' data-placement='right' title='原始值：92.30032'>92.3</span>", "<span data-toggle='tooltip' data-placement='right' title='原始值：5.60036'>5.60</span>", "<span data-toggle='tooltip' data-placement='right' title='原始值：0.09'>0.090</span>", "*", "*", "*", "*", "正常"], ["山西省", "黄河流域", "<span data-toggle='tooltip' data-placement='right' title='所在地市:忻州市&#10;所属河流:黄河'>万家寨水库</span>", "09-13 08:00", "劣Ⅴ", "<span data-toggle='tooltip' data-placement='right' title='原始值：20.8198'>20.8</span>", "<span data-toggle='tooltip' data-placement='right' title='原始值：7.98683'>7.99</span>", "<span data-toggle='tooltip' data-placement='right' title='原始值：7.76017'>7.76</span>", "<span data-toggle='tooltip' data-placement='right' title='原始值：578.8108'>578.8</span>", "<span data-toggle='tooltip' data-placement='right' title='原始值：851.8544'>851.9</span>", "<span data-toggle='tooltip' data-placement='right' title='原始值：5.19'>5.19</span>", "<span data-toggle='tooltip' data-placement='right' title='原始值：0.35'>0.350</span>", "<span data-toggle='tooltip' data-placement='right' title='原始值：0.69025'>0.690</span>", "<span data-toggle='tooltip' data-placement='right' title='原始值：0.8'>0.80</span>", "*", "*", "正常"], ["内蒙古自治区", "黄河流域", "<span data-toggle='tooltip' data-placement='right' title='所在地市:包头市&#10;所属河流:黄河'>画匠营子</span>", "09-13 08:00", "Ⅱ", "<span data-toggle='tooltip' data-placement='right' title='原始值：20.13065'>20.1</span>", "<span data-toggle='tooltip' data-placement='right' title='原始值：7.79358'>7.79</span>", "<span data-toggle='tooltip' data-placement='right' title='原始值：7.6153'>7.62</span>", "<span data-toggle='tooltip' data-placement='right' title='原始值：697.8927'>697.9</span>", "<span data-toggle='tooltip' data-placement='right' title='原始值：1871.323'>1871.3</span>", "<span data-toggle='tooltip' data-placement='right' title='原始值：3.56451'>3.56</span>", "<span data-toggle='tooltip' data-placement='right' title='原始值：0.02712'>0.027</span>", "*", "*", "*", "*", "正常"], ["内蒙古自治区", "黄河流域", "<span data-toggle='tooltip' data-placement='right' title='所在地市:乌海市&#10;所属河流:黄河'>海勃湾</span>", "09-13 08:00", "Ⅱ", "<span data-toggle='tooltip' data-placement='right' title='原始值：19.94766'>19.9</span>", "<span data-toggle='tooltip' data-placement='right' title='原始值：7.76409'>7.76</span>", "<span data-toggle='tooltip' data-placement='right' title='原始值：6.28719'>6.29</span>", "<span data-toggle='tooltip' data-placement='right' title='原始值：651.9393'>651.9</span>", "<span data-toggle='tooltip' data-placement='right' title='原始值：103.8055'>103.8</span>", "<span data-toggle='tooltip' data-placement='right' title='原始值：2.61'>2.61</span>", "<span data-toggle='tooltip' data-placement='right' title='原始值：0.19'>0.190</span>", "*", "*", "*", "*", "正常"], ["内蒙古自治区", "松花江流域", "<span data-toggle='tooltip' data-placement='right' title='所在地市:呼伦贝尔市&#10;所属河流:额尔古纳河'>黑山头</span>", null, "", "--", "--", "--", "--", "--", "--", "--", "--", "--", "*", "*", "停站"], ["辽宁省", "辽河流域", "<span data-toggle='tooltip' data-placement='right' title='所在地市:抚顺市&#10;所属河流:浑河'>大伙房水库</span>", "09-13 04:00", "Ⅴ", "<span data-toggle='tooltip' data-placement='right' title='原始值：22.23992'>22.2</span>", "<span data-toggle='tooltip' data-placement='right' title='原始值：7.1529'>7.15</span>", "<span data-toggle='tooltip' data-placement='right' title='原始值：8.05681'>8.06</span>", "<span data-toggle='tooltip' data-placement='right' title='原始值：291.7618'>291.8</span>", "<span data-toggle='tooltip' data-placement='right' title='原始值：20.76059'>20.8</span>", "<span data-toggle='tooltip' data-placement='right' title='原始值：2.55567'>2.56</span>", "<span data-toggle='tooltip' data-placement='right' title='原始值：1.89'>1.890</span>", "<span data-toggle='tooltip' data-placement='right' title='原始值：0.00685'>0.007</span>", "<span data-toggle='tooltip' data-placement='right' title='原始值：2.28626'>2.29</span>", "<span data-toggle='tooltip' data-placement='right' title='极值过滤'>--</span>", "*", "维护"], ["辽宁省", "辽河流域", "<span data-toggle='tooltip' data-placement='right' title='所在地市:丹东市&#10;所属河流:鸭绿江'>江桥</span>", "09-13 08:00", "Ⅳ", "<span data-toggle='tooltip' data-placement='right' title='原始值：21.6'>21.6</span>", "<span data-toggle='tooltip' data-placement='right' title='原始值：6.53'>6.53</span>", "<span data-toggle='tooltip' data-placement='right' title='原始值：3.36'>3.36</span>", "<span data-toggle='tooltip' data-placement='right' title='原始值：137'>137.0</span>", "<span data-toggle='tooltip' data-placement='right' title='原始值：0.2'>0.2</span>", "<span data-toggle='tooltip' data-placement='right' title='原始值：0.77'>0.77</span>", "<span data-toggle='tooltip' data-placement='right' title='原始值：0.02407'>0.024</span>", "<span data-toggle='tooltip' data-placement='right' title='原始值：0.02422'>0.024</span>", "<span data-toggle='tooltip' data-placement='right' title='原始值：2.35545'>2.36</span>", "*", "*", "正常"], ["辽宁省", "辽河流域", "<span data-toggle='tooltip' data-placement='right' title='所在地市:营口市&#10;所属河流:大辽河'>辽河公园</span>", null, "", "--", "--", "--", "--", "--", "--", "--", "--", "--", "*", "*", "维护"], ["辽宁省", "辽河流域", "<span data-toggle='tooltip' data-placement='right' title='所在地市:辽阳市&#10;所属河流:太子河'>汤河水库</span>", "09-13 08:00", "", "<span data-toggle='tooltip' data-placement='right' title='原始值：18.6'>18.6</span>", "<span data-toggle='tooltip' data-placement='right' title='原始值：7.54'>7.54</span>", "<span data-toggle='tooltip' data-placement='right' title='原始值：1.18996'>1.19</span>", "<span data-toggle='tooltip' data-placement='right' title='原始值：474.5116'>474.5</span>", "<span data-toggle='tooltip' data-placement='right' title='原始值：34.67583'>34.7</span>", "<span data-toggle='tooltip' data-placement='right' title='原始值：0.96'>0.96</span>", "<span data-toggle='tooltip' data-placement='right' title='原始值：0.02074'>0.021</span>", "<span data-toggle='tooltip' data-placement='right' title='极值过滤'>--</span>", "<span data-toggle='tooltip' data-placement='right' title='原始值：1.95495'>1.95</span>", "*", "*", "维护"], ["辽宁省", "辽河流域", "<span data-toggle='tooltip' data-placement='right' title='所在地市:盘锦市&#10;所属河流:辽河'>盘锦兴安(兴安)</span>", "09-13 08:00", "劣Ⅴ", "<span data-toggle='tooltip' data-placement='right' title='原始值：21.67776'>21.7</span>", "<span data-toggle='tooltip' data-placement='right' title='原始值：7.35753'>7.36</span>", "<span data-toggle='tooltip' data-placement='right' title='原始值：5.66873'>5.67</span>", "<span data-toggle='tooltip' data-placement='right' title='原始值：474.6299'>474.6</span>", "<span data-toggle='tooltip' data-placement='right' title='原始值：1240.603'>1240.6</span>", "<span data-toggle='tooltip' data-placement='right' title='原始值：3.67425'>3.67</span>", "<span data-toggle='tooltip' data-placement='right' title='原始值：0.13'>0.130</span>", "<span data-toggle='tooltip' data-placement='right' title='原始值：0.66346'>0.663</span>", "<span data-toggle='tooltip' data-placement='right' title='原始值：2.66569'>2.67</span>", "*", "*", "正常"], ["辽宁省", "辽河流域", "<span data-toggle='tooltip' data-placement='right' title='所在地市:铁岭市&#10;所属河流:辽河'>珠尔山</span>", "09-13 08:00", "Ⅳ", "<span data-toggle='tooltip' data-placement='right' title='原始值：19.90908'>19.9</span>", "<span data-toggle='tooltip' data-placement='right' title='原始值：7.35557'>7.36</span>", "<span data-toggle='tooltip' data-placement='right' title='原始值：10.74654'>10.75</span>", "<span data-toggle='tooltip' data-placement='right' title='原始值：291.1623'>291.2</span>", "<span data-toggle='tooltip' data-placement='right' title='原始值：109.9662'>110.0</span>", "<span data-toggle='tooltip' data-placement='right' title='原始值：6.1694'>6.17</span>", "<span data-toggle='tooltip' data-placement='right' title='原始值：0.2'>0.200</span>", "<span data-toggle='tooltip' data-placement='right' title='原始值：0.20642'>0.206</span>", "<span data-toggle='tooltip' data-placement='right' title='原始值：4.22339'>4.22</span>", "*", "*", "正常"], ["吉林省", "松花江流域", "<span data-toggle='tooltip' data-placement='right' title='所在地市:长春市&#10;所属河流:松花江'>松花江村</span>", null, "", "--", "--", "--", "--", "--", "--", "--", "--", "--", "*", "*", "停站"], ["吉林省", "松花江流域", "<span data-toggle='tooltip' data-placement='right' title='所在地市:白城市&#10;所属河流:嫩江'>白沙滩</span>", null, "", "--", "--", "--", "--", "--", "--", "--", "--", "--", "*", "*", "停站"], ["吉林省", "松花江流域", "<span data-toggle='tooltip' data-placement='right' title='所在地市:延边朝鲜族自治州&#10;所属河流:图们江'>圈河</span>", null, "", "--", "--", "--", "--", "--", "--", "--", "--", "--", "*", "*", "停站"], ["黑龙江省", "松花江流域", "<span data-toggle='tooltip' data-placement='right' title='所在地市:大庆市&#10;所属河流:松花江'>肇源</span>", null, "", "--", "--", "--", "--", "--", "--", "--", "--", "--", "*", "*", "停站"], ["黑龙江省", "松花江流域", "<span data-toggle='tooltip' data-placement='right' title='所在地市:佳木斯市&#10;所属河流:乌苏里江'>乌苏镇</span>", null, "", "--", "--", "--", "--", "--", "--", "--", "--", "--", "*", "*", "停站"], ["黑龙江省", "松花江流域", "<span data-toggle='tooltip' data-placement='right' title='所在地市:佳木斯市&#10;所属河流:松花江'>同江</span>", "09-13 08:00", "Ⅳ", "<span data-toggle='tooltip' data-placement='right' title='原始值：17.84396'>17.8</span>", "<span data-toggle='tooltip' data-placement='right' title='原始值：6.68751'>6.69</span>", "<span data-toggle='tooltip' data-placement='right' title='原始值：5.50001'>5.50</span>", "<span data-toggle='tooltip' data-placement='right' title='原始值：155.2737'>155.3</span>", "<span data-toggle='tooltip' data-placement='right' title='原始值：177.0042'>177.0</span>", "<span data-toggle='tooltip' data-placement='right' title='原始值：8.98604'>8.99</span>", "<span data-toggle='tooltip' data-placement='right' title='原始值：0.15816'>0.158</span>", "<span data-toggle='tooltip' data-placement='right' title='原始值：0.11963'>0.120</span>", "<span data-toggle='tooltip' data-placement='right' title='原始值：2.17787'>2.18</span>", "*", "*", "正常"], ["黑龙江省", "松花江流域", "<span data-toggle='tooltip' data-placement='right' title='所在地市:黑河市&#10;所属河流:黑龙江'>黑河下(黑河)</span>", null, "", "--", "--", "--", "--", "--", "--", "--", "--", "--", "*", "*", "停站"], ["上海市", "长江流域", "<span data-toggle='tooltip' data-placement='right' title='所在地市:青浦区&#10;所属河流:淀山湖'>急水港桥</span>", "09-13 08:00", "Ⅳ", "<span data-toggle='tooltip' data-placement='right' title='原始值：26.9'>26.9</span>", "<span data-toggle='tooltip' data-placement='right' title='原始值：7.25'>7.25</span>", "<span data-toggle='tooltip' data-placement='right' title='原始值：4.63'>4.63</span>", "<span data-toggle='tooltip' data-placement='right' title='原始值：525'>525.0</span>", "<span data-toggle='tooltip' data-placement='right' title='原始值：110.7'>110.7</span>", "<span data-toggle='tooltip' data-placement='right' title='原始值：3.89062'>3.89</span>", "<span data-toggle='tooltip' data-placement='right' title='原始值：0.33285'>0.333</span>", "<span data-toggle='tooltip' data-placement='right' title='原始值：0.09033'>0.090</span>", "<span data-toggle='tooltip' data-placement='right' title='原始值：2.93752'>2.94</span>", "<span data-toggle='tooltip' data-placement='right' title='原始值：0.00437'>0.004</span>", "<span data-toggle='tooltip' data-placement='right' title='原始值：9814578'>9814578</span>", "正常"], ["江苏省", "长江流域", "<span data-toggle='tooltip' data-placement='right' title='所在地市:南京市&#10;所属河流:长江'>林山</span>", null, "", "--", "--", "--", "--", "--", "--", "--", "--", "--", "*", "*", "停站"], ["江苏省", "太湖流域", "<span data-toggle='tooltip' data-placement='right' title='所在地市:无锡市&#10;所属河流:太湖'>沙渚</span>", "09-13 08:00", "Ⅳ", "<span data-toggle='tooltip' data-placement='right' title='原始值：25.70888'>25.7</span>", "<span data-toggle='tooltip' data-placement='right' title='原始值：8.140725'>8.14</span>", "<span data-toggle='tooltip' data-placement='right' title='原始值：6.037066'>6.04</span>", "<span data-toggle='tooltip' data-placement='right' title='原始值：420.5552'>420.6</span>", "<span data-toggle='tooltip' data-placement='right' title='原始值：73.51875'>73.5</span>", "<span data-toggle='tooltip' data-placement='right' title='原始值：7.59'>7.59</span>", "<span data-toggle='tooltip' data-placement='right' title='原始值：0.25'>0.250</span>", "<span data-toggle='tooltip' data-placement='right' title='原始值：0.1354'>0.135</span>", "<span data-toggle='tooltip' data-placement='right' title='原始值：2.387'>2.39</span>", "*", "*", "正常"], ["江苏省", "淮河流域", "<span data-toggle='tooltip' data-placement='right' title='所在地市:徐州市&#10;所属河流:武河'>小红圈</span>", "09-13 08:00", "", "<span data-toggle='tooltip' data-placement='right' title='原始值：23.66'>23.7</span>", "<span data-toggle='tooltip' data-placement='right' title='原始值：7.2'>7.20</span>", "<span data-toggle='tooltip' data-placement='right' title='原始值：7.42'>7.42</span>", "<span data-toggle='tooltip' data-placement='right' title='原始值：1076.6'>1076.6</span>", "<span data-toggle='tooltip' data-placement='right' title='原始值：12.89'>12.9</span>", "<span data-toggle='tooltip' data-placement='right' title='原始值：2.35'>2.35</span>", "<span data-toggle='tooltip' data-placement='right' title='原始值：0.084'>0.084</span>", "--", "--", "*", "*", "维护"], ["江苏省", "淮河流域", "<span data-toggle='tooltip' data-placement='right' title='所在地市:徐州市&#10;所属河流:沿河'>李集桥</span>", "09-13 08:00", "Ⅲ", "<span data-toggle='tooltip' data-placement='right' title='原始值：26.73'>26.7</span>", "<span data-toggle='tooltip' data-placement='right' title='原始值：7.77'>7.77</span>", "<span data-toggle='tooltip' data-placement='right' title='原始值：5.77'>5.77</span>", "<span data-toggle='tooltip' data-placement='right' title='原始值：1073.3'>1073.3</span>", "<span data-toggle='tooltip' data-placement='right' title='原始值：8.2'>8.2</span>", "<span data-toggle='tooltip' data-placement='right' title='原始值：5.28'>5.28</span>", "<span data-toggle='tooltip' data-placement='right' title='原始值：0.226'>0.226</span>", "<span data-toggle='tooltip' data-placement='right' title='原始值：0.173'>0.173</span>", "<span data-toggle='tooltip' data-placement='right' title='原始值：1.373'>1.37</span>", "*", "*", "正常"], ["江苏省", "淮河流域", "<span data-toggle='tooltip' data-placement='right' title='所在地市:徐州市&#10;所属河流:邳苍分洪道'>艾山西大桥</span>", "09-13 08:00", "Ⅲ", "<span data-toggle='tooltip' data-placement='right' title='原始值：24.906'>24.9</span>", "<span data-toggle='tooltip' data-placement='right' title='原始值：8.22976'>8.23</span>", "<span data-toggle='tooltip' data-placement='right' title='原始值：8.97502'>8.98</span>", "<span data-toggle='tooltip' data-placement='right' title='原始值：856.445'>856.4</span>", "<span data-toggle='tooltip' data-placement='right' title='原始值：11.8318'>11.8</span>", "<span data-toggle='tooltip' data-placement='right' title='原始值：2.78'>2.78</span>", "<span data-toggle='tooltip' data-placement='right' title='原始值：0.16'>0.160</span>", "<span data-toggle='tooltip' data-placement='right' title='原始值：0.15632'>0.156</span>", "<span data-toggle='tooltip' data-placement='right' title='原始值：11.56089'>11.56</span>", "*", "*", "正常"], ["江苏省", "太湖流域", "<span data-toggle='tooltip' data-placement='right' title='所在地市:苏州市&#10;所属河流:太湖'>兰山嘴(老)</span>", "09-13 08:00", "Ⅳ", "<span data-toggle='tooltip' data-placement='right' title='原始值：26.60663'>26.6</span>", "<span data-toggle='tooltip' data-placement='right' title='原始值：7.24623'>7.25</span>", "<span data-toggle='tooltip' data-placement='right' title='原始值：3.04454'>3.04</span>", "<span data-toggle='tooltip' data-placement='right' title='原始值：328.6983'>328.7</span>", "<span data-toggle='tooltip' data-placement='right' title='原始值：59.1046'>59.1</span>", "<span data-toggle='tooltip' data-placement='right' title='原始值：3.99'>3.99</span>", "<span data-toggle='tooltip' data-placement='right' title='原始值：0.94'>0.940</span>", "<span data-toggle='tooltip' data-placement='right' title='原始值：0.15909'>0.159</span>", "<span data-toggle='tooltip' data-placement='right' title='原始值：2.61006'>2.61</span>", "*", "*", "正常"], ["江苏省", "太湖流域", "<span data-toggle='tooltip' data-placement='right' title='所在地市:苏州市&#10;所属河流:太湖'>西山</span>", "09-13 08:00", "Ⅳ", "<span data-toggle='tooltip' data-placement='right' title='原始值：26.92057'>26.9</span>", "<span data-toggle='tooltip' data-placement='right' title='原始值：7.07779'>7.08</span>", "<span data-toggle='tooltip' data-placement='right' title='原始值：6.91524'>6.92</span>", "<span data-toggle='tooltip' data-placement='right' title='原始值：402.9301'>402.9</span>", "<span data-toggle='tooltip' data-placement='right' title='原始值：65.04182'>65.0</span>", "<span data-toggle='tooltip' data-placement='right' title='原始值：1.91'>1.91</span>", "<span data-toggle='tooltip' data-placement='right' title='原始值：0.12'>0.120</span>", "<span data-toggle='tooltip' data-placement='right' title='原始值：0.0532'>0.053</span>", "<span data-toggle='tooltip' data-placement='right' title='原始值：0.3483'>0.35</span>", "*", "*", "正常"], ["江苏省", "淮河流域", "<span data-toggle='tooltip' data-placement='right' title='所在地市:连云港市&#10;所属河流:新沭河'>大兴桥</span>", null, "", "--", "--", "--", "--", "--", "--", "--", "--", "--", "*", "*", "停站"], ["江苏省", "淮河流域", "<span data-toggle='tooltip' data-placement='right' title='所在地市:淮安市&#10;所属河流:淮河'>淮河大桥</span>", "09-13 08:00", "Ⅳ", "<span data-toggle='tooltip' data-placement='right' title='原始值：28.24055'>28.2</span>", "<span data-toggle='tooltip' data-placement='right' title='原始值：8.15376'>8.15</span>", "<span data-toggle='tooltip' data-placement='right' title='原始值：7.065'>7.06</span>", "<span data-toggle='tooltip' data-placement='right' title='原始值：396.79'>396.8</span>", "<span data-toggle='tooltip' data-placement='right' title='原始值：61.62709'>61.6</span>", "<span data-toggle='tooltip' data-placement='right' title='原始值：6.04'>6.04</span>", "<span data-toggle='tooltip' data-placement='right' title='原始值：0.21'>0.210</span>", "<span data-toggle='tooltip' data-placement='right' title='原始值：0.0725'>0.072</span>", "<span data-toggle='tooltip' data-placement='right' title='原始值：2.814'>2.81</span>", "*", "*", "正常"], ["江苏省", "长江流域", "<span data-toggle='tooltip' data-placement='right' title='所在地市:扬州市&#10;所属河流:夹江'>三江营</span>", "09-13 08:00", "Ⅲ", "<span data-toggle='tooltip' data-placement='right' title='原始值：28.05'>28.0</span>", "<span data-toggle='tooltip' data-placement='right' title='原始值：7.81'>7.81</span>", "<span data-toggle='tooltip' data-placement='right' title='原始值：5.76'>5.76</span>", "<span data-toggle='tooltip' data-placement='right' title='原始值：292.82'>292.8</span>", "<span data-toggle='tooltip' data-placement='right' title='原始值：62.89'>62.9</span>", "<span data-toggle='tooltip' data-placement='right' title='原始值：1.992'>1.99</span>", "<span data-toggle='tooltip' data-placement='right' title='原始值：0.101'>0.101</span>", "<span data-toggle='tooltip' data-placement='right' title='原始值：0.077'>0.077</span>", "<span data-toggle='tooltip' data-placement='right' title='原始值：1.88'>1.88</span>", "*", "*", "正常"], ["江苏省", "淮河流域", "<span data-toggle='tooltip' data-placement='right' title='所在地市:宿迁市&#10;所属河流:新濉河'>大屈</span>", "09-13 08:00", "Ⅳ", "<span data-toggle='tooltip' data-placement='right' title='原始值：25.6'>25.6</span>", "<span data-toggle='tooltip' data-placement='right' title='原始值：7.94'>7.94</span>", "<span data-toggle='tooltip' data-placement='right' title='原始值：6.76'>6.76</span>", "<span data-toggle='tooltip' data-placement='right' title='原始值：727.7'>727.7</span>", "<span data-toggle='tooltip' data-placement='right' title='原始值：46.5'>46.5</span>", "<span data-toggle='tooltip' data-placement='right' title='原始值：4.88'>4.88</span>", "<span data-toggle='tooltip' data-placement='right' title='原始值：0.15'>0.150</span>", "<span data-toggle='tooltip' data-placement='right' title='原始值：0.208'>0.208</span>", "<span data-toggle='tooltip' data-placement='right' title='原始值：1.257'>1.26</span>", "*", "*", "正常"], ["浙江省", "浙闽片河流", "<span data-toggle='tooltip' data-placement='right' title='所在地市:杭州市&#10;所属河流:新安江'>街口(鸠坑口)</span>", "09-13 08:00", "Ⅰ", "<span data-toggle='tooltip' data-placement='right' title='原始值：25.71'>25.7</span>", "<span data-toggle='tooltip' data-placement='right' title='原始值：7.26'>7.26</span>", "<span data-toggle='tooltip' data-placement='right' title='原始值：8.27'>8.27</span>", "<span data-toggle='tooltip' data-placement='right' title='原始值：165.86'>165.9</span>", "<span data-toggle='tooltip' data-placement='right' title='原始值：36.17'>36.2</span>", "<span data-toggle='tooltip' data-placement='right' title='原始值：1.308'>1.31</span>", "<span data-toggle='tooltip' data-placement='right' title='原始值：0.005'>0.005</span>", "<span data-toggle='tooltip' data-placement='right' title='原始值：0.013'>0.013</span>", "<span data-toggle='tooltip' data-placement='right' title='原始值：0.678'>0.68</span>", "*", "*", "正常"], ["浙江省", "太湖流域", "<span data-toggle='tooltip' data-placement='right' title='所在地市:嘉兴市&#10;所属河流:斜路港河'>斜路港</span>", "09-13 08:00", "Ⅴ", "<span data-toggle='tooltip' data-placement='right' title='原始值：27.7'>27.7</span>", "<span data-toggle='tooltip' data-placement='right' title='原始值：7.22'>7.22</span>", "<span data-toggle='tooltip' data-placement='right' title='原始值：2.09'>2.09</span>", "<span data-toggle='tooltip' data-placement='right' title='原始值：480'>480.0</span>", "<span data-toggle='tooltip' data-placement='right' title='原始值：78.9'>78.9</span>", "<span data-toggle='tooltip' data-placement='right' title='原始值：4.68'>4.68</span>", "<span data-toggle='tooltip' data-placement='right' title='原始值：0.15701'>0.157</span>", "<span data-toggle='tooltip' data-placement='right' title='原始值：0.08095'>0.081</span>", "<span data-toggle='tooltip' data-placement='right' title='原始值：0.89876'>0.90</span>", "*", "*", "正常"], ["浙江省", "太湖流域", "<span data-toggle='tooltip' data-placement='right' title='所在地市:嘉兴市&#10;所属河流:京杭运河'>王江泾</span>", "09-13 08:00", "Ⅲ", "<span data-toggle='tooltip' data-placement='right' title='原始值：27.99'>28.0</span>", "<span data-toggle='tooltip' data-placement='right' title='原始值：7.17'>7.17</span>", "<span data-toggle='tooltip' data-placement='right' title='原始值：5.5'>5.50</span>", "<span data-toggle='tooltip' data-placement='right' title='原始值：621.22'>621.2</span>", "<span data-toggle='tooltip' data-placement='right' title='原始值：44.04'>44.0</span>", "<span data-toggle='tooltip' data-placement='right' title='原始值：4.667'>4.67</span>", "<span data-toggle='tooltip' data-placement='right' title='原始值：0.419'>0.419</span>", "<span data-toggle='tooltip' data-placement='right' title='原始值：0.077'>0.077</span>", "<span data-toggle='tooltip' data-placement='right' title='原始值：1.772'>1.77</span>", "*", "*", "正常"], ["浙江省", "太湖流域", "<span data-toggle='tooltip' data-placement='right' title='所在地市:湖州市&#10;所属河流:西苕溪'>新港口(新塘港)</span>", "09-13 08:00", "Ⅱ", "<span data-toggle='tooltip' data-placement='right' title='原始值：25.5632'>25.6</span>", "<span data-toggle='tooltip' data-placement='right' title='原始值：7.52902'>7.53</span>", "<span data-toggle='tooltip' data-placement='right' title='原始值：6.97695'>6.98</span>", "<span data-toggle='tooltip' data-placement='right' title='原始值：329.812'>329.8</span>", "<span data-toggle='tooltip' data-placement='right' title='原始值：65.8611'>65.9</span>", "<span data-toggle='tooltip' data-placement='right' title='原始值：3.18153'>3.18</span>", "<span data-toggle='tooltip' data-placement='right' title='原始值：0.2829'>0.283</span>", "<span data-toggle='tooltip' data-placement='right' title='原始值：0.06044'>0.060</span>", "<span data-toggle='tooltip' data-placement='right' title='原始值：5.56191'>5.56</span>", "*", "*", "正常"], ["安徽省", "巢湖流域", "<span data-toggle='tooltip' data-placement='right' title='所在地市:合肥市&#10;所属河流:巢湖'>湖滨(老)</span>", "09-13 08:00", "Ⅴ", "<span data-toggle='tooltip' data-placement='right' title='原始值：27.73072'>27.7</span>", "<span data-toggle='tooltip' data-placement='right' title='原始值：7.58287'>7.58</span>", "<span data-toggle='tooltip' data-placement='right' title='原始值：5.49696'>5.50</span>", "<span data-toggle='tooltip' data-placement='right' title='原始值：114.9789'>115.0</span>", "<span data-toggle='tooltip' data-placement='right' title='原始值：96.02423'>96.0</span>", "<span data-toggle='tooltip' data-placement='right' title='原始值：5.51'>5.51</span>", "<span data-toggle='tooltip' data-placement='right' title='原始值：0.27'>0.270</span>", "<span data-toggle='tooltip' data-placement='right' title='原始值：0.1261'>0.126</span>", "<span data-toggle='tooltip' data-placement='right' title='原始值：1.212'>1.21</span>", "<span data-toggle='tooltip' data-placement='right' title='原始值：0.03218'>0.032</span>", "*", "正常"], ["安徽省", "巢湖流域", "<span data-toggle='tooltip' data-placement='right' title='所在地市:芜湖市&#10;所属河流:巢湖'>裕溪口(老)</span>", "09-13 08:00", "Ⅳ", "<span data-toggle='tooltip' data-placement='right' title='原始值：26.67685'>26.7</span>", "<span data-toggle='tooltip' data-placement='right' title='原始值：7.79694'>7.80</span>", "<span data-toggle='tooltip' data-placement='right' title='原始值：6.88109'>6.88</span>", "<span data-toggle='tooltip' data-placement='right' title='原始值：286.455'>286.5</span>", "<span data-toggle='tooltip' data-placement='right' title='原始值：112.2108'>112.2</span>", "<span data-toggle='tooltip' data-placement='right' title='原始值：4.06'>4.06</span>", "<span data-toggle='tooltip' data-placement='right' title='原始值：0.1'>0.100</span>", "<span data-toggle='tooltip' data-placement='right' title='原始值：0.08'>0.080</span>", "<span data-toggle='tooltip' data-placement='right' title='原始值：1.566'>1.57</span>", "*", "*", "正常"], ["安徽省", "淮河流域", "<span data-toggle='tooltip' data-placement='right' title='所在地市:蚌埠市&#10;所属河流:淮河'>蚌埠闸上(蚌埠闸)</span>", "09-13 08:00", "Ⅲ", "<span data-toggle='tooltip' data-placement='right' title='原始值：28.97'>29.0</span>", "<span data-toggle='tooltip' data-placement='right' title='原始值：8.06'>8.06</span>", "<span data-toggle='tooltip' data-placement='right' title='原始值：7.87'>7.87</span>", "<span data-toggle='tooltip' data-placement='right' title='极值过滤'>--</span>", "<span data-toggle='tooltip' data-placement='right' title='原始值：412.01'>412.0</span>", "<span data-toggle='tooltip' data-placement='right' title='原始值：5.424'>5.42</span>", "<span data-toggle='tooltip' data-placement='right' title='原始值：0.05'>0.050</span>", "<span data-toggle='tooltip' data-placement='right' title='原始值：0.089'>0.089</span>", "<span data-toggle='tooltip' data-placement='right' title='原始值：1.011'>1.01</span>", "*", "*", "维护"], ["安徽省", "淮河流域", "<span data-toggle='tooltip' data-placement='right' title='所在地市:淮南市&#10;所属河流:淮河'>石头埠(老)</span>", "09-13 08:00", "Ⅳ", "<span data-toggle='tooltip' data-placement='right' title='原始值：28.23302'>28.2</span>", "<span data-toggle='tooltip' data-placement='right' title='原始值：7.10845'>7.11</span>", "<span data-toggle='tooltip' data-placement='right' title='原始值：4.64805'>4.65</span>", "<span data-toggle='tooltip' data-placement='right' title='原始值：379.7187'>379.7</span>", "<span data-toggle='tooltip' data-placement='right' title='原始值：32.02631'>32.0</span>", "<span data-toggle='tooltip' data-placement='right' title='原始值：8.08'>8.08</span>", "<span data-toggle='tooltip' data-placement='right' title='原始值：0.09'>0.090</span>", "*", "*", "*", "*", "正常"], ["安徽省", "淮河流域", "<span data-toggle='tooltip' data-placement='right' title='所在地市:淮北市&#10;所属河流:沱河'>小王桥</span>", "09-13 08:00", "劣Ⅴ", "<span data-toggle='tooltip' data-placement='right' title='原始值：28.69'>28.7</span>", "<span data-toggle='tooltip' data-placement='right' title='原始值：8.08'>8.08</span>", "<span data-toggle='tooltip' data-placement='right' title='原始值：8.34'>8.34</span>", "<span data-toggle='tooltip' data-placement='right' title='原始值：1139.73'>1139.7</span>", "<span data-toggle='tooltip' data-placement='right' title='原始值：17.98'>18.0</span>", "<span data-toggle='tooltip' data-placement='right' title='原始值：8.494'>8.49</span>", "<span data-toggle='tooltip' data-placement='right' title='原始值：0.026'>0.026</span>", "<span data-toggle='tooltip' data-placement='right' title='原始值：0.403'>0.403</span>", "<span data-toggle='tooltip' data-placement='right' title='原始值：1.199'>1.20</span>", "*", "*", "正常"], ["安徽省", "长江流域", "<span data-toggle='tooltip' data-placement='right' title='所在地市:安庆市&#10;所属河流:长江'>皖河口</span>", null, "", "--", "--", "--", "--", "--", "--", "--", "--", "--", "*", "*", "维护"], ["安徽省", "淮河流域", "<span data-toggle='tooltip' data-placement='right' title='所在地市:滁州市&#10;所属河流:淮河'>小柳巷</span>", "09-13 08:00", "Ⅲ", "<span data-toggle='tooltip' data-placement='right' title='原始值：28.5'>28.5</span>", "<span data-toggle='tooltip' data-placement='right' title='原始值：7.38'>7.38</span>", "<span data-toggle='tooltip' data-placement='right' title='原始值：5.73'>5.73</span>", "<span data-toggle='tooltip' data-placement='right' title='原始值：351.7'>351.7</span>", "<span data-toggle='tooltip' data-placement='right' title='原始值：166.48'>166.5</span>", "<span data-toggle='tooltip' data-placement='right' title='原始值：2.93'>2.93</span>", "<span data-toggle='tooltip' data-placement='right' title='原始值：0.04'>0.040</span>", "<span data-toggle='tooltip' data-placement='right' title='原始值：0.111'>0.111</span>", "<span data-toggle='tooltip' data-placement='right' title='原始值：0.88'>0.88</span>", "*", "*", "正常"], ["安徽省", "淮河流域", "<span data-toggle='tooltip' data-placement='right' title='所在地市:阜阳市&#10;所属河流:黑茨河'>张大桥</span>", null, "", "--", "--", "--", "--", "--", "--", "--", "--", "--", "*", "*", "停站"], ["安徽省", "淮河流域", "<span data-toggle='tooltip' data-placement='right' title='所在地市:阜阳市&#10;所属河流:淮河'>王家坝</span>", "09-13 08:00", "Ⅳ", "<span data-toggle='tooltip' data-placement='right' title='原始值：27.63936'>27.6</span>", "<span data-toggle='tooltip' data-placement='right' title='原始值：8.0186'>8.02</span>", "<span data-toggle='tooltip' data-placement='right' title='原始值：5.34222'>5.34</span>", "<span data-toggle='tooltip' data-placement='right' title='原始值：823.0061'>823.0</span>", "<span data-toggle='tooltip' data-placement='right' title='原始值：21.03953'>21.0</span>", "<span data-toggle='tooltip' data-placement='right' title='原始值：6.12'>6.12</span>", "<span data-toggle='tooltip' data-placement='right' title='原始值：0.198'>0.198</span>", "<span data-toggle='tooltip' data-placement='right' title='原始值：0.18203'>0.182</span>", "<span data-toggle='tooltip' data-placement='right' title='原始值：1.30145'>1.30</span>", "*", "*", "正常"], ["安徽省", "淮河流域", "<span data-toggle='tooltip' data-placement='right' title='所在地市:阜阳市&#10;所属河流:颍河'>界首七渡口(七渡口)</span>", "09-13 08:00", "Ⅴ", "<span data-toggle='tooltip' data-placement='right' title='原始值：27.78601'>27.8</span>", "<span data-toggle='tooltip' data-placement='right' title='原始值：7.93967'>7.94</span>", "<span data-toggle='tooltip' data-placement='right' title='原始值：2.56129'>2.56</span>", "<span data-toggle='tooltip' data-placement='right' title='原始值：831.1454'>831.1</span>", "<span data-toggle='tooltip' data-placement='right' title='原始值：19.74931'>19.7</span>", "<span data-toggle='tooltip' data-placement='right' title='原始值：3.48'>3.48</span>", "<span data-toggle='tooltip' data-placement='right' title='原始值：0.33'>0.330</span>", "<span data-toggle='tooltip' data-placement='right' title='原始值：0.10515'>0.105</span>", "<span data-toggle='tooltip' data-placement='right' title='原始值：2.54741'>2.55</span>", "*", "*", "正常"], ["安徽省", "淮河流域", "<span data-toggle='tooltip' data-placement='right' title='所在地市:阜阳市&#10;所属河流:泉河'>许庄(徐庄)</span>", "09-13 08:00", "", "<span data-toggle='tooltip' data-placement='right' title='原始值：26.4'>26.4</span>", "<span data-toggle='tooltip' data-placement='right' title='原始值：7.69'>7.69</span>", "<span data-toggle='tooltip' data-placement='right' title='原始值：4.94'>4.94</span>", "<span data-toggle='tooltip' data-placement='right' title='原始值：858.9'>858.9</span>", "<span data-toggle='tooltip' data-placement='right' title='原始值：141.01'>141.0</span>", "<span data-toggle='tooltip' data-placement='right' title='原始值：3.85'>3.85</span>", "<span data-toggle='tooltip' data-placement='right' title='极值过滤'>--</span>", "<span data-toggle='tooltip' data-placement='right' title='原始值：0.153'>0.153</span>", "<span data-toggle='tooltip' data-placement='right' title='原始值：1.305'>1.30</span>", "*", "*", "维护"], ["安徽省", "淮河流域", "<span data-toggle='tooltip' data-placement='right' title='所在地市:宿州市&#10;所属河流:奎河'>杨庄</span>", "09-13 08:00", "Ⅲ", "<span data-toggle='tooltip' data-placement='right' title='原始值：26.32'>26.3</span>", "<span data-toggle='tooltip' data-placement='right' title='原始值：7.72'>7.72</span>", "<span data-toggle='tooltip' data-placement='right' title='原始值：7.82'>7.82</span>", "<span data-toggle='tooltip' data-placement='right' title='原始值：839.8'>839.8</span>", "<span data-toggle='tooltip' data-placement='right' title='原始值：122.85'>122.8</span>", "<span data-toggle='tooltip' data-placement='right' title='原始值：4.7'>4.70</span>", "<span data-toggle='tooltip' data-placement='right' title='原始值：0.147'>0.147</span>", "*", "*", "*", "*", "正常"], ["安徽省", "淮河流域", "<span data-toggle='tooltip' data-placement='right' title='所在地市:宿州市&#10;所属河流:新汴河'>泗县公路桥</span>", "09-13 08:00", "Ⅳ", "<span data-toggle='tooltip' data-placement='right' title='原始值：27.59'>27.6</span>", "<span data-toggle='tooltip' data-placement='right' title='原始值：8.27'>8.27</span>", "<span data-toggle='tooltip' data-placement='right' title='原始值：8.11'>8.11</span>", "<span data-toggle='tooltip' data-placement='right' title='原始值：916.5'>916.5</span>", "<span data-toggle='tooltip' data-placement='right' title='原始值：36.74'>36.7</span>", "<span data-toggle='tooltip' data-placement='right' title='原始值：7.88'>7.88</span>", "<span data-toggle='tooltip' data-placement='right' title='原始值：0.07'>0.070</span>", "*", "*", "*", "*", "正常"], ["安徽省", "淮河流域", "<span data-toggle='tooltip' data-placement='right' title='所在地市:亳州市&#10;所属河流:包河'>颜集</span>", "09-13 08:00", "Ⅴ", "<span data-toggle='tooltip' data-placement='right' title='原始值：24.1'>24.1</span>", "<span data-toggle='tooltip' data-placement='right' title='原始值：7.65'>7.65</span>", "<span data-toggle='tooltip' data-placement='right' title='原始值：5.47'>5.47</span>", "<span data-toggle='tooltip' data-placement='right' title='原始值：1462.7'>1462.7</span>", "<span data-toggle='tooltip' data-placement='right' title='原始值：346.17'>346.2</span>", "<span data-toggle='tooltip' data-placement='right' title='原始值：8.73'>8.73</span>", "<span data-toggle='tooltip' data-placement='right' title='原始值：0.41'>0.410</span>", "<span data-toggle='tooltip' data-placement='right' title='原始值：0.329'>0.329</span>", "<span data-toggle='tooltip' data-placement='right' title='原始值：2.743'>2.74</span>", "*", "*", "正常"], ["福建省", "浙闽片河流", "<span data-toggle='tooltip' data-placement='right' title='所在地市:福州市&#10;所属河流:闽江'>白岩潭</span>", "09-13 08:00", "Ⅱ", "<span data-toggle='tooltip' data-placement='right' title='原始值：29.97'>30.0</span>", "<span data-toggle='tooltip' data-placement='right' title='原始值：6.78'>6.78</span>", "<span data-toggle='tooltip' data-placement='right' title='原始值：6.58'>6.58</span>", "<span data-toggle='tooltip' data-placement='right' title='原始值：771.2'>771.2</span>", "<span data-toggle='tooltip' data-placement='right' title='原始值：300.32'>300.3</span>", "<span data-toggle='tooltip' data-placement='right' title='原始值：0.94'>0.94</span>", "<span data-toggle='tooltip' data-placement='right' title='原始值：0.14'>0.140</span>", "*", "*", "*", "*", "正常"], ["江西省", "长江流域", "<span data-toggle='tooltip' data-placement='right' title='所在地市:南昌市&#10;所属河流:赣江南支'>滁槎</span>", null, "", "--", "--", "--", "--", "--", "--", "--", "--", "--", "*", "*", "停站"], ["江西省", "长江流域", "<span data-toggle='tooltip' data-placement='right' title='所在地市:九江市&#10;所属河流:长江'>姚港(河西水厂)</span>", "09-13 08:00", "Ⅲ", "<span data-toggle='tooltip' data-placement='right' title='原始值：26.32'>26.3</span>", "<span data-toggle='tooltip' data-placement='right' title='原始值：7.38'>7.38</span>", "<span data-toggle='tooltip' data-placement='right' title='原始值：6.73'>6.73</span>", "<span data-toggle='tooltip' data-placement='right' title='原始值：305.57'>305.6</span>", "<span data-toggle='tooltip' data-placement='right' title='原始值：93.31'>93.3</span>", "<span data-toggle='tooltip' data-placement='right' title='原始值：2.075'>2.08</span>", "<span data-toggle='tooltip' data-placement='right' title='原始值：0.003'>0.003</span>", "<span data-toggle='tooltip' data-placement='right' title='原始值：0.14'>0.140</span>", "<span data-toggle='tooltip' data-placement='right' title='原始值：1.78'>1.78</span>", "*", "*", "正常"], ["江西省", "长江流域", "<span data-toggle='tooltip' data-placement='right' title='所在地市:九江市&#10;所属河流:鄱阳湖'>蛤蟆石</span>", "09-13 08:00", "Ⅲ", "<span data-toggle='tooltip' data-placement='right' title='原始值：28.66'>28.7</span>", "<span data-toggle='tooltip' data-placement='right' title='原始值：6.91'>6.91</span>", "<span data-toggle='tooltip' data-placement='right' title='原始值：6.55'>6.55</span>", "<span data-toggle='tooltip' data-placement='right' title='原始值：109.05'>109.0</span>", "<span data-toggle='tooltip' data-placement='right' title='原始值：7.96'>8.0</span>", "<span data-toggle='tooltip' data-placement='right' title='原始值：5.494'>5.49</span>", "<span data-toggle='tooltip' data-placement='right' title='原始值：0.015'>0.015</span>", "<span data-toggle='tooltip' data-placement='right' title='原始值：0.0243'>0.024</span>", "<span data-toggle='tooltip' data-placement='right' title='原始值：0.4'>0.40</span>", "<span data-toggle='tooltip' data-placement='right' title='原始值：0.00672'>0.007</span>", "<span data-toggle='tooltip' data-placement='right' title='原始值：1729613'>1729613</span>", "正常"], ["山东省", "黄河流域", "<span data-toggle='tooltip' data-placement='right' title='所在地市:济南市&#10;所属河流:黄河'>泺口</span>", "09-13 08:00", "Ⅱ", "<span data-toggle='tooltip' data-placement='right' title='原始值：20.9683'>21.0</span>", "<span data-toggle='tooltip' data-placement='right' title='原始值：8.04104'>8.04</span>", "<span data-toggle='tooltip' data-placement='right' title='原始值：6.9683'>6.97</span>", "<span data-toggle='tooltip' data-placement='right' title='原始值：673.047'>673.0</span>", "<span data-toggle='tooltip' data-placement='right' title='原始值：474.207'>474.2</span>", "<span data-toggle='tooltip' data-placement='right' title='原始值：2.64'>2.64</span>", "<span data-toggle='tooltip' data-placement='right' title='原始值：0.0824'>0.082</span>", "<span data-toggle='tooltip' data-placement='right' title='原始值：0.02274'>0.023</span>", "<span data-toggle='tooltip' data-placement='right' title='原始值：3.361'>3.36</span>", "*", "*", "正常"], ["山东省", "淮河流域", "<span data-toggle='tooltip' data-placement='right' title='所在地市:枣庄市&#10;所属河流:京杭大运河（韩庄运河）'>台儿庄大桥</span>", "09-13 08:00", "Ⅳ", "<span data-toggle='tooltip' data-placement='right' title='原始值：27.47'>27.5</span>", "<span data-toggle='tooltip' data-placement='right' title='原始值：7.39362'>7.39</span>", "<span data-toggle='tooltip' data-placement='right' title='原始值：4.31607'>4.32</span>", "<span data-toggle='tooltip' data-placement='right' title='原始值：858.423'>858.4</span>", "<span data-toggle='tooltip' data-placement='right' title='原始值：25.61145'>25.6</span>", "<span data-toggle='tooltip' data-placement='right' title='原始值：3.9056'>3.91</span>", "<span data-toggle='tooltip' data-placement='right' title='原始值：0.06494'>0.065</span>", "<span data-toggle='tooltip' data-placement='right' title='原始值：0.07157'>0.072</span>", "<span data-toggle='tooltip' data-placement='right' title='原始值：1.89259'>1.89</span>", "*", "*", "正常"], ["山东省", "淮河流域", "<span data-toggle='tooltip' data-placement='right' title='所在地市:临沂市&#10;所属河流:沭河'>清泉寺</span>", "09-13 08:00", "Ⅳ", "<span data-toggle='tooltip' data-placement='right' title='原始值：26.28661'>26.3</span>", "<span data-toggle='tooltip' data-placement='right' title='原始值：7.61651'>7.62</span>", "<span data-toggle='tooltip' data-placement='right' title='原始值：5.21842'>5.22</span>", "<span data-toggle='tooltip' data-placement='right' title='原始值：648.0451'>648.0</span>", "<span data-toggle='tooltip' data-placement='right' title='原始值：28.73511'>28.7</span>", "<span data-toggle='tooltip' data-placement='right' title='原始值：7.82001'>7.82</span>", "<span data-toggle='tooltip' data-placement='right' title='原始值：0.47'>0.470</span>", "*", "*", "*", "*", "正常"], ["山东省", "淮河流域", "<span data-toggle='tooltip' data-placement='right' title='所在地市:临沂市&#10;所属河流:沂河'>重坊桥</span>", null, "", "--", "--", "--", "--", "--", "--", "--", "--", "--", "*", "*", "停站"], ["山东省", "淮河流域", "<span data-toggle='tooltip' data-placement='right' title='所在地市:临沂市&#10;所属河流:白马河'>捷庄(涝沟桥)</span>", "09-13 08:00", "Ⅳ", "<span data-toggle='tooltip' data-placement='right' title='原始值：25.3'>25.3</span>", "<span data-toggle='tooltip' data-placement='right' title='原始值：8'>8.00</span>", "<span data-toggle='tooltip' data-placement='right' title='原始值：9.28'>9.28</span>", "<span data-toggle='tooltip' data-placement='right' title='原始值：790.7499'>790.7</span>", "<span data-toggle='tooltip' data-placement='right' title='原始值：33.84314'>33.8</span>", "<span data-toggle='tooltip' data-placement='right' title='原始值：4.97'>4.97</span>", "<span data-toggle='tooltip' data-placement='right' title='原始值：0.06271'>0.063</span>", "<span data-toggle='tooltip' data-placement='right' title='原始值：0.2258'>0.226</span>", "<span data-toggle='tooltip' data-placement='right' title='原始值：5.62742'>5.63</span>", "*", "*", "正常"], ["山东省", "海河流域", "<span data-toggle='tooltip' data-placement='right' title='所在地市:聊城市&#10;所属河流:卫运河'>秤勾湾(秤钩湾)</span>", null, "", "--", "--", "--", "--", "--", "--", "--", "--", "--", "*", "*", "停站"], ["河南省", "长江流域", "<span data-toggle='tooltip' data-placement='right' title='所在地市:南阳市&#10;所属河流:丹江口水库'>陶岔</span>", "09-13 08:00", "Ⅱ", "<span data-toggle='tooltip' data-placement='right' title='原始值：27.31'>27.3</span>", "<span data-toggle='tooltip' data-placement='right' title='原始值：8.15599'>8.16</span>", "<span data-toggle='tooltip' data-placement='right' title='原始值：7.76098'>7.76</span>", "<span data-toggle='tooltip' data-placement='right' title='原始值：297.6266'>297.6</span>", "<span data-toggle='tooltip' data-placement='right' title='原始值：3.44585'>3.4</span>", "<span data-toggle='tooltip' data-placement='right' title='原始值：2.57'>2.57</span>", "<span data-toggle='tooltip' data-placement='right' title='原始值：0.02728'>0.027</span>", "<span data-toggle='tooltip' data-placement='right' title='原始值：0.01251'>0.013</span>", "<span data-toggle='tooltip' data-placement='right' title='原始值：0.58428'>0.58</span>", "<span data-toggle='tooltip' data-placement='right' title='原始值：0.00566'>0.006</span>", "<span data-toggle='tooltip' data-placement='right' title='原始值：274799.5'>274800</span>", "正常"], ["河南省", "淮河流域", "<span data-toggle='tooltip' data-placement='right' title='所在地市:商丘市&#10;所属河流:浍河'>黄口</span>", "09-13 08:00", "Ⅲ", "<span data-toggle='tooltip' data-placement='right' title='原始值：23.9875'>24.0</span>", "<span data-toggle='tooltip' data-placement='right' title='原始值：7.28004'>7.28</span>", "<span data-toggle='tooltip' data-placement='right' title='原始值：7.53871'>7.54</span>", "<span data-toggle='tooltip' data-placement='right' title='原始值：2013.125'>2013.1</span>", "<span data-toggle='tooltip' data-placement='right' title='原始值：82.71556'>82.7</span>", "<span data-toggle='tooltip' data-placement='right' title='原始值：5.32'>5.32</span>", "<span data-toggle='tooltip' data-placement='right' title='原始值：0.00077'>0.001</span>", "<span data-toggle='tooltip' data-placement='right' title='原始值：0.1747'>0.175</span>", "<span data-toggle='tooltip' data-placement='right' title='原始值：3.19192'>3.19</span>", "*", "*", "正常"], ["河南省", "淮河流域", "<span data-toggle='tooltip' data-placement='right' title='所在地市:信阳市&#10;所属河流:史灌河'>蒋集</span>", null, "", "--", "--", "--", "--", "--", "--", "--", "*", "*", "*", "*", "维护"], ["河南省", "淮河流域", "<span data-toggle='tooltip' data-placement='right' title='所在地市:信阳市&#10;所属河流:淮河'>淮滨水文站(淮滨)</span>", "09-13 08:00", "Ⅲ", "<span data-toggle='tooltip' data-placement='right' title='原始值：26.2'>26.2</span>", "<span data-toggle='tooltip' data-placement='right' title='原始值：7.05'>7.05</span>", "<span data-toggle='tooltip' data-placement='right' title='原始值：5.83'>5.83</span>", "<span data-toggle='tooltip' data-placement='right' title='原始值：253'>253.0</span>", "<span data-toggle='tooltip' data-placement='right' title='原始值：107.2685'>107.3</span>", "<span data-toggle='tooltip' data-placement='right' title='原始值：2.72151'>2.72</span>", "<span data-toggle='tooltip' data-placement='right' title='原始值：0.02698'>0.027</span>", "<span data-toggle='tooltip' data-placement='right' title='原始值：0.11886'>0.119</span>", "<span data-toggle='tooltip' data-placement='right' title='原始值：1.29175'>1.29</span>", "*", "*", "正常"], ["河南省", "淮河流域", "<span data-toggle='tooltip' data-placement='right' title='所在地市:周口市&#10;所属河流:沙河'>沈丘闸</span>", "09-13 08:00", "", "<span data-toggle='tooltip' data-placement='right' title='原始值：26.90526'>26.9</span>", "<span data-toggle='tooltip' data-placement='right' title='原始值：7.23516'>7.24</span>", "<span data-toggle='tooltip' data-placement='right' title='原始值：2.55347'>2.55</span>", "<span data-toggle='tooltip' data-placement='right' title='原始值：857.2364'>857.2</span>", "<span data-toggle='tooltip' data-placement='right' title='原始值：17.82929'>17.8</span>", "<span data-toggle='tooltip' data-placement='right' title='原始值：3.92'>3.92</span>", "<span data-toggle='tooltip' data-placement='right' title='极值过滤'>--</span>", "*", "*", "*", "*", "维护"], ["河南省", "淮河流域", "<span data-toggle='tooltip' data-placement='right' title='所在地市:周口市&#10;所属河流:涡河'>鹿邑付桥(鹿邑付桥闸)</span>", "09-13 08:00", "Ⅳ", "<span data-toggle='tooltip' data-placement='right' title='原始值：26.60456'>26.6</span>", "<span data-toggle='tooltip' data-placement='right' title='原始值：8.47266'>8.47</span>", "<span data-toggle='tooltip' data-placement='right' title='原始值：8.47091'>8.47</span>", "<span data-toggle='tooltip' data-placement='right' title='原始值：1418.419'>1418.4</span>", "<span data-toggle='tooltip' data-placement='right' title='原始值：11.91644'>11.9</span>", "<span data-toggle='tooltip' data-placement='right' title='原始值：6.29'>6.29</span>", "<span data-toggle='tooltip' data-placement='right' title='原始值：0.04'>0.040</span>", "<span data-toggle='tooltip' data-placement='right' title='原始值：0.1681'>0.168</span>", "<span data-toggle='tooltip' data-placement='right' title='原始值：1.33375'>1.33</span>", "*", "*", "正常"], ["河南省", "淮河流域", "<span data-toggle='tooltip' data-placement='right' title='所在地市:驻马店市&#10;所属河流:洪河'>新蔡班台(班台)</span>", "09-13 08:00", "Ⅴ", "<span data-toggle='tooltip' data-placement='right' title='原始值：26.22234'>26.2</span>", "<span data-toggle='tooltip' data-placement='right' title='原始值：7.37598'>7.38</span>", "<span data-toggle='tooltip' data-placement='right' title='原始值：5.71765'>5.72</span>", "<span data-toggle='tooltip' data-placement='right' title='原始值：775.0327'>775.0</span>", "<span data-toggle='tooltip' data-placement='right' title='原始值：18.17641'>18.2</span>", "<span data-toggle='tooltip' data-placement='right' title='原始值：3.865'>3.86</span>", "<span data-toggle='tooltip' data-placement='right' title='原始值：0.05'>0.050</span>", "<span data-toggle='tooltip' data-placement='right' title='原始值：0.31727'>0.317</span>", "<span data-toggle='tooltip' data-placement='right' title='原始值：3.34646'>3.35</span>", "*", "*", "正常"], ["河南省", "黄河流域", "<span data-toggle='tooltip' data-placement='right' title='所在地市:济源市&#10;所属河流:黄河'>小浪底水库(小浪底)</span>", null, "", "--", "--", "--", "--", "--", "--", "--", "--", "--", "*", "*", "停站"], ["湖北省", "长江流域", "<span data-toggle='tooltip' data-placement='right' title='所在地市:武汉市&#10;所属河流:汉江'>宗关</span>", null, "", "--", "--", "--", "--", "--", "--", "--", "--", "--", "*", "*", "停站"], ["湖北省", "长江流域", "<span data-toggle='tooltip' data-placement='right' title='所在地市:十堰市&#10;所属河流:丹江口水库'>坝上中(胡家岭)</span>", "09-13 08:00", "Ⅱ", "<span data-toggle='tooltip' data-placement='right' title='原始值：27.53'>27.5</span>", "<span data-toggle='tooltip' data-placement='right' title='原始值：8.69268'>8.69</span>", "<span data-toggle='tooltip' data-placement='right' title='原始值：8.89474'>8.89</span>", "<span data-toggle='tooltip' data-placement='right' title='原始值：225.743'>225.7</span>", "<span data-toggle='tooltip' data-placement='right' title='原始值：3.078892'>3.1</span>", "<span data-toggle='tooltip' data-placement='right' title='原始值：2.6'>2.60</span>", "<span data-toggle='tooltip' data-placement='right' title='原始值：0.059'>0.059</span>", "<span data-toggle='tooltip' data-placement='right' title='原始值：0.014'>0.014</span>", "<span data-toggle='tooltip' data-placement='right' title='原始值：1.116'>1.12</span>", "<span data-toggle='tooltip' data-placement='right' title='原始值：0.0515398'>0.052</span>", "<span data-toggle='tooltip' data-placement='right' title='原始值：1.3288E+07'>13288000</span>", "正常"], ["湖北省", "长江流域", "<span data-toggle='tooltip' data-placement='right' title='所在地市:宜昌市&#10;所属河流:长江'>南津关</span>", null, "", "--", "--", "--", "--", "--", "--", "--", "--", "--", "*", "*", "停站"], ["湖南省", "长江流域", "<span data-toggle='tooltip' data-placement='right' title='所在地市:长沙市&#10;所属河流:湘江'>新港</span>", "09-13 08:00", "Ⅳ", "<span data-toggle='tooltip' data-placement='right' title='原始值：26.27'>26.3</span>", "<span data-toggle='tooltip' data-placement='right' title='原始值：7.09'>7.09</span>", "<span data-toggle='tooltip' data-placement='right' title='原始值：3.41'>3.41</span>", "<span data-toggle='tooltip' data-placement='right' title='原始值：241.29'>241.3</span>", "<span data-toggle='tooltip' data-placement='right' title='原始值：46.42'>46.4</span>", "<span data-toggle='tooltip' data-placement='right' title='原始值：1.93'>1.93</span>", "<span data-toggle='tooltip' data-placement='right' title='原始值：0.048'>0.048</span>", "<span data-toggle='tooltip' data-placement='right' title='原始值：0.059'>0.059</span>", "<span data-toggle='tooltip' data-placement='right' title='原始值：1.63'>1.63</span>", "*", "*", "正常"], ["湖南省", "长江流域", "<span data-toggle='tooltip' data-placement='right' title='所在地市:岳阳市&#10;所属河流:洞庭湖'>岳阳楼</span>", "09-13 08:00", "Ⅳ", "<span data-toggle='tooltip' data-placement='right' title='原始值：25.55'>25.6</span>", "<span data-toggle='tooltip' data-placement='right' title='原始值：7.801521'>7.80</span>", "<span data-toggle='tooltip' data-placement='right' title='原始值：5.498261'>5.50</span>", "<span data-toggle='tooltip' data-placement='right' title='原始值：258.0711'>258.1</span>", "<span data-toggle='tooltip' data-placement='right' title='原始值：44.14587'>44.1</span>", "<span data-toggle='tooltip' data-placement='right' title='原始值：2.51'>2.51</span>", "<span data-toggle='tooltip' data-placement='right' title='原始值：0.018'>0.018</span>", "<span data-toggle='tooltip' data-placement='right' title='原始值：0.089'>0.089</span>", "<span data-toggle='tooltip' data-placement='right' title='原始值：1.792'>1.79</span>", "<span data-toggle='tooltip' data-placement='right' title='原始值：0.0035469'>0.004</span>", "<span data-toggle='tooltip' data-placement='right' title='原始值：278.779'>279</span>", "正常"], ["湖南省", "长江流域", "<span data-toggle='tooltip' data-placement='right' title='所在地市:岳阳市&#10;所属河流:长江'>城陵矶</span>", "09-13 08:00", "Ⅱ", "<span data-toggle='tooltip' data-placement='right' title='原始值：26.44'>26.4</span>", "<span data-toggle='tooltip' data-placement='right' title='原始值：7.704453'>7.70</span>", "<span data-toggle='tooltip' data-placement='right' title='原始值：7.427637'>7.43</span>", "<span data-toggle='tooltip' data-placement='right' title='原始值：288.787'>288.8</span>", "<span data-toggle='tooltip' data-placement='right' title='原始值：61.86262'>61.9</span>", "<span data-toggle='tooltip' data-placement='right' title='原始值：2.16'>2.16</span>", "<span data-toggle='tooltip' data-placement='right' title='原始值：0.002'>0.002</span>", "<span data-toggle='tooltip' data-placement='right' title='原始值：0.082'>0.082</span>", "<span data-toggle='tooltip' data-placement='right' title='原始值：1.0153'>1.02</span>", "*", "*", "正常"], ["广东省", "珠江流域", "<span data-toggle='tooltip' data-placement='right' title='所在地市:清远市&#10;所属河流:北江'>七星岗</span>", null, "", "--", "--", "--", "--", "--", "--", "--", "--", "--", "*", "*", "维护"], ["广东省", "珠江流域", "<span data-toggle='tooltip' data-placement='right' title='所在地市:中山市&#10;所属河流:西江'>横栏</span>", "09-13 08:00", "Ⅱ", "<span data-toggle='tooltip' data-placement='right' title='原始值：28.8'>28.8</span>", "<span data-toggle='tooltip' data-placement='right' title='原始值：7.85'>7.85</span>", "<span data-toggle='tooltip' data-placement='right' title='原始值：6.47'>6.47</span>", "<span data-toggle='tooltip' data-placement='right' title='原始值：253'>253.0</span>", "<span data-toggle='tooltip' data-placement='right' title='原始值：8.3'>8.3</span>", "<span data-toggle='tooltip' data-placement='right' title='原始值：2.7'>2.70</span>", "<span data-toggle='tooltip' data-placement='right' title='原始值：0.11312'>0.113</span>", "*", "*", "*", "*", "正常"], ["广西壮族自治区", "珠江流域", "<span data-toggle='tooltip' data-placement='right' title='所在地市:南宁市&#10;所属河流:邕江'>老口</span>", null, "", "--", "--", "--", "--", "--", "--", "--", "--", "--", "*", "*", "维护"], ["广西壮族自治区", "珠江流域", "<span data-toggle='tooltip' data-placement='right' title='所在地市:桂林市&#10;所属河流:漓江'>阳朔</span>", null, "", "--", "--", "--", "--", "--", "--", "--", "--", "--", "*", "*", "停站"], ["广西壮族自治区", "珠江流域", "<span data-toggle='tooltip' data-placement='right' title='所在地市:梧州市&#10;所属河流:浔江'>界首</span>", null, "", "--", "--", "--", "--", "--", "--", "--", "--", "--", "*", "*", "停站"], ["广西壮族自治区", "珠江流域", "<span data-toggle='tooltip' data-placement='right' title='所在地市:贵港市&#10;所属河流:浔江'>石嘴</span>", "09-13 08:00", "Ⅱ", "<span data-toggle='tooltip' data-placement='right' title='原始值：29.48449'>29.5</span>", "<span data-toggle='tooltip' data-placement='right' title='原始值：7.14923'>7.15</span>", "<span data-toggle='tooltip' data-placement='right' title='原始值：7.8178'>7.82</span>", "<span data-toggle='tooltip' data-placement='right' title='原始值：253.9859'>254.0</span>", "<span data-toggle='tooltip' data-placement='right' title='原始值：35.56537'>35.6</span>", "<span data-toggle='tooltip' data-placement='right' title='原始值：1.05'>1.05</span>", "<span data-toggle='tooltip' data-placement='right' title='原始值：0.13'>0.130</span>", "<span data-toggle='tooltip' data-placement='right' title='原始值：0.04476'>0.045</span>", "<span data-toggle='tooltip' data-placement='right' title='原始值：1.6158'>1.62</span>", "*", "*", "正常"], ["广西壮族自治区", "珠江流域", "<span data-toggle='tooltip' data-placement='right' title='所在地市:崇左市&#10;所属河流:平而河'>平而关</span>", "09-13 08:00", "Ⅱ", "<span data-toggle='tooltip' data-placement='right' title='原始值：28.56921'>28.6</span>", "<span data-toggle='tooltip' data-placement='right' title='原始值：7.66254'>7.66</span>", "<span data-toggle='tooltip' data-placement='right' title='原始值：6.0366'>6.04</span>", "<span data-toggle='tooltip' data-placement='right' title='原始值：219.4334'>219.4</span>", "<span data-toggle='tooltip' data-placement='right' title='原始值：42.68587'>42.7</span>", "<span data-toggle='tooltip' data-placement='right' title='原始值：1.36108'>1.36</span>", "<span data-toggle='tooltip' data-placement='right' title='原始值：0.09'>0.090</span>", "*", "*", "*", "*", "正常"], ["重庆市", "长江流域", "<span data-toggle='tooltip' data-placement='right' title='所在地市:永川区&#10;所属河流:长江'>朱沱</span>", null, "", "--", "--", "--", "--", "--", "--", "--", "--", "--", "*", "*", "停站"], ["四川省", "长江流域", "<span data-toggle='tooltip' data-placement='right' title='所在地市:攀枝花市&#10;所属河流:金沙江'>龙洞</span>", null, "", "--", "--", "--", "--", "--", "--", "--", "--", "--", "*", "*", "停站"], ["四川省", "长江流域", "<span data-toggle='tooltip' data-placement='right' title='所在地市:泸州市&#10;所属河流:沱江'>沱江大桥(沱江二桥)</span>", "09-13 08:00", "Ⅲ", "<span data-toggle='tooltip' data-placement='right' title='原始值：25.93'>25.9</span>", "<span data-toggle='tooltip' data-placement='right' title='原始值：7.894044'>7.89</span>", "<span data-toggle='tooltip' data-placement='right' title='原始值：7.444372'>7.44</span>", "<span data-toggle='tooltip' data-placement='right' title='原始值：390.822'>390.8</span>", "<span data-toggle='tooltip' data-placement='right' title='原始值：94.07178'>94.1</span>", "<span data-toggle='tooltip' data-placement='right' title='原始值：2.83'>2.83</span>", "<span data-toggle='tooltip' data-placement='right' title='原始值：0.021'>0.021</span>", "<span data-toggle='tooltip' data-placement='right' title='原始值：0.173112'>0.173</span>", "<span data-toggle='tooltip' data-placement='right' title='原始值：3.149597'>3.15</span>", "*", "*", "正常"], ["四川省", "长江流域", "<span data-toggle='tooltip' data-placement='right' title='所在地市:广元市&#10;所属河流:嘉陵江'>清风峡</span>", null, "", "--", "--", "--", "--", "--", "--", "--", "--", "--", "*", "*", "停站"], ["四川省", "长江流域", "<span data-toggle='tooltip' data-placement='right' title='所在地市:乐山市&#10;所属河流:岷江'>岷江大桥</span>", null, "", "--", "--", "--", "--", "--", "--", "--", "--", "--", "*", "*", "停站"], ["四川省", "长江流域", "<span data-toggle='tooltip' data-placement='right' title='所在地市:宜宾市&#10;所属河流:岷江'>凉姜沟</span>", null, "", "--", "--", "--", "--", "--", "--", "--", "--", "--", "*", "*", "停站"], ["云南省", "滇池流域", "<span data-toggle='tooltip' data-placement='right' title='所在地市:昆明市&#10;所属河流:滇池'>西苑隧道</span>", "09-13 08:00", "劣Ⅴ", "<span data-toggle='tooltip' data-placement='right' title='原始值：20.44'>20.4</span>", "<span data-toggle='tooltip' data-placement='right' title='原始值：7.70271'>7.70</span>", "<span data-toggle='tooltip' data-placement='right' title='原始值：1.93254'>1.93</span>", "<span data-toggle='tooltip' data-placement='right' title='原始值：557.6943'>557.7</span>", "<span data-toggle='tooltip' data-placement='right' title='原始值：18.9509'>19.0</span>", "<span data-toggle='tooltip' data-placement='right' title='原始值：8.56998'>8.57</span>", "<span data-toggle='tooltip' data-placement='right' title='原始值：1.48991'>1.490</span>", "<span data-toggle='tooltip' data-placement='right' title='原始值：0.16842'>0.168</span>", "<span data-toggle='tooltip' data-placement='right' title='原始值：4.038'>4.04</span>", "<span data-toggle='tooltip' data-placement='right' title='原始值：0.00254'>0.003</span>", "<span data-toggle='tooltip' data-placement='right' title='原始值：1.596427E+07'>15964270</span>", "正常"], ["云南省", "滇池流域", "<span data-toggle='tooltip' data-placement='right' title='所在地市:昆明市&#10;所属河流:滇池'>观音山</span>", null, "", "--", "--", "--", "--", "--", "--", "--", "--", "--", "--", "--", "维护"], ["云南省", "西南诸河", "<span data-toggle='tooltip' data-placement='right' title='所在地市:红河哈尼族彝族自治州&#10;所属河流:红河'>河口县医院(河口)</span>", null, "", "--", "--", "--", "--", "--", "--", "--", "--", "--", "*", "*", "维护"], ["云南省", "西南诸河", "<span data-toggle='tooltip' data-placement='right' title='所在地市:西双版纳傣族自治州&#10;所属河流:澜沧江'>橄榄坝</span>", "09-13 08:00", "Ⅱ", "<span data-toggle='tooltip' data-placement='right' title='原始值：19.8271'>19.8</span>", "<span data-toggle='tooltip' data-placement='right' title='原始值：7.5306'>7.53</span>", "<span data-toggle='tooltip' data-placement='right' title='原始值：6.49761'>6.50</span>", "<span data-toggle='tooltip' data-placement='right' title='原始值：499.3546'>499.4</span>", "<span data-toggle='tooltip' data-placement='right' title='原始值：127.8755'>127.9</span>", "<span data-toggle='tooltip' data-placement='right' title='原始值：2.01'>2.01</span>", "<span data-toggle='tooltip' data-placement='right' title='原始值：0.06682'>0.067</span>", "*", "*", "*", "*", "正常"], ["陕西省", "黄河流域", "<span data-toggle='tooltip' data-placement='right' title='所在地市:渭南市&#10;所属河流:渭河'>潼关吊桥</span>", null, "", "--", "--", "--", "--", "--", "--", "--", "--", "--", "*", "*", "停站"], ["甘肃省", "黄河流域", "<span data-toggle='tooltip' data-placement='right' title='所在地市:兰州市&#10;所属河流:黄河'>新城桥</span>", null, "", "--", "--", "--", "--", "--", "--", "--", "--", "--", "*", "*", "停站"], ["宁夏回族自治区", "黄河流域", "<span data-toggle='tooltip' data-placement='right' title='所在地市:中卫市&#10;所属河流:黄河'>中卫下河沿(新墩)</span>", "09-13 08:00", "Ⅲ", "<span data-toggle='tooltip' data-placement='right' title='原始值：18.87512'>18.9</span>", "<span data-toggle='tooltip' data-placement='right' title='原始值：8.07938'>8.08</span>", "<span data-toggle='tooltip' data-placement='right' title='原始值：7.93398'>7.93</span>", "<span data-toggle='tooltip' data-placement='right' title='原始值：585.2379'>585.2</span>", "<span data-toggle='tooltip' data-placement='right' title='原始值：305.4614'>305.5</span>", "<span data-toggle='tooltip' data-placement='right' title='原始值：4.27'>4.27</span>", "<span data-toggle='tooltip' data-placement='right' title='原始值：0.09'>0.090</span>", "<span data-toggle='tooltip' data-placement='right' title='原始值：0.0848'>0.085</span>", "<span data-toggle='tooltip' data-placement='right' title='原始值：1.9834'>1.98</span>", "*", "*", "正常"]]}