{"result": 1, "total": 1, "records": 98, "thead": ["省份", "流域", "断面名称", "监测时间", "水质类别", "水温<br/><span class='unit'>(℃)</span>", "pH<br/><span class='unit'>(无量纲)</span>", "溶解氧<br/><span class='unit'>(mg/L)</span>", "电导率<br/><span class='unit'>(μS/cm)</span>", "浊度<br/><span class='unit'>(NTU)</span>", "高锰酸盐指数<br/><span class='unit'>(mg/L)</span>", "氨氮<br/><span class='unit'>(mg/L)</span>", "总磷<br/><span class='unit'>(mg/L)</span>", "总氮<br/><span class='unit'>(mg/L)</span>", "叶绿素α<br/><span class='unit'>(mg/L)</span>", "藻密度<br/><span class='unit'>(cells/L)</span>", "站点情况"], "tbody": [["北京市", "海河流域", "<span data-toggle='tooltip' data-placement='right' title='所在地市:门头沟区&#10;所属河流:永定河'>沿河城</span>", null, "", "--", "--", "--", "--", "--", "--", "--", "--", "--", "*", "*", "维护"], ["北京市", "海河流域", "<span data-toggle='tooltip' data-placement='right' title='所在地市:密云区&#10;所属河流:潮河'>古北口</span>", "09-17 08:00", "Ⅱ", "<span data-toggle='tooltip' data-placement='right' title='原始值：18.80623'>18.8</span>", "<span data-toggle='tooltip' data-placement='right' title='原始值：7.23939'>7.24</span>", "<span data-toggle='tooltip' data-placement='right' title='原始值：8.20069'>8.20</span>", "<span data-toggle='tooltip' data-placement='right' title='原始值：665.8411'>665.8</span>", "<span data-toggle='tooltip' data-placement='right' title='原始值：2.52406'>2.5</span>", "<span data-toggle='tooltip' data-placement='right' title='原始值：1.1875'>1.19</span>", "<span data-toggle='tooltip' data-placement='right' title='原始值：0.23'>0.230</span>", "<span data-toggle='tooltip' data-placement='right' title='原始值：0.0001'>0.0001</span>", "<span data-toggle='tooltip' data-placement='right' title='原始值：5.8757'>5.88</span>", "*", "*", "正常"], ["天津市", "海河流域", "<span data-toggle='tooltip' data-placement='right' title='所在地市:河北区&#10;所属河流:海河'>三岔口</span>", "09-17 08:00", "Ⅲ", "<span data-toggle='tooltip' data-placement='right' title='原始值：23.5723'>23.6</span>", "<span data-toggle='tooltip' data-placement='right' title='原始值：7.3676'>7.37</span>", "<span data-toggle='tooltip' data-placement='right' title='原始值：5.135'>5.14</span>", "<span data-toggle='tooltip' data-placement='right' title='原始值：507.879'>507.9</span>", "<span data-toggle='tooltip' data-placement='right' title='原始值：18.8'>18.8</span>", "<span data-toggle='tooltip' data-placement='right' title='原始值：2.74'>2.74</span>", "<span data-toggle='tooltip' data-placement='right' title='原始值：0.39'>0.390</span>", "<span data-toggle='tooltip' data-placement='right' title='原始值：0.0017'>0.002</span>", "<span data-toggle='tooltip' data-placement='right' title='原始值：1.1053'>1.11</span>", "*", "*", "正常"], ["天津市", "海河流域", "<span data-toggle='tooltip' data-placement='right' title='所在地市:蓟州区&#10;所属河流:果河'>果河桥</span>", "09-17 08:00", "Ⅱ", "<span data-toggle='tooltip' data-placement='right' title='原始值：23.2'>23.2</span>", "<span data-toggle='tooltip' data-placement='right' title='原始值：8.092'>8.09</span>", "<span data-toggle='tooltip' data-placement='right' title='原始值：8.203'>8.20</span>", "<span data-toggle='tooltip' data-placement='right' title='原始值：611.022'>611.0</span>", "<span data-toggle='tooltip' data-placement='right' title='原始值：6.95'>7.0</span>", "<span data-toggle='tooltip' data-placement='right' title='原始值：2.7234'>2.72</span>", "<span data-toggle='tooltip' data-placement='right' title='原始值：0.23'>0.230</span>", "<span data-toggle='tooltip' data-placement='right' title='原始值：0.0596'>0.060</span>", "<span data-toggle='tooltip' data-placement='right' title='原始值：6.658'>6.66</span>", "*", "*", "正常"], ["河北省", "海河流域", "<span data-toggle='tooltip' data-placement='right' title='所在地市:石家庄市&#10;所属河流:滹沱河'>岗南水库</span>", "09-17 08:00", "Ⅱ", "<span data-toggle='tooltip' data-placement='right' title='原始值：25.05152'>25.1</span>", "<span data-toggle='tooltip' data-placement='right' title='原始值：8.22981'>8.23</span>", "<span data-toggle='tooltip' data-placement='right' title='原始值：6.9963'>7.00</span>", "<span data-toggle='tooltip' data-placement='right' title='原始值：564.2431'>564.2</span>", "<span data-toggle='tooltip' data-placement='right' title='原始值：1.61409'>1.6</span>", "<span data-toggle='tooltip' data-placement='right' title='原始值：2.40656'>2.41</span>", "<span data-toggle='tooltip' data-placement='right' title='原始值：0.09'>0.090</span>", "<span data-toggle='tooltip' data-placement='right' title='原始值：0.01559'>0.016</span>", "<span data-toggle='tooltip' data-placement='right' title='原始值：2.89623'>2.90</span>", "*", "*", "正常"], ["河北省", "海河流域", "<span data-toggle='tooltip' data-placement='right' title='所在地市:张家口市&#10;所属河流:永定河'>八号桥</span>", "09-17 00:00", "Ⅲ", "<span data-toggle='tooltip' data-placement='right' title='原始值：18.81384'>18.8</span>", "<span data-toggle='tooltip' data-placement='right' title='原始值：7.92645'>7.93</span>", "<span data-toggle='tooltip' data-placement='right' title='原始值：7.82977'>7.83</span>", "<span data-toggle='tooltip' data-placement='right' title='原始值：1093.73'>1093.7</span>", "<span data-toggle='tooltip' data-placement='right' title='原始值：42.94104'>42.9</span>", "<span data-toggle='tooltip' data-placement='right' title='原始值：4.43'>4.43</span>", "<span data-toggle='tooltip' data-placement='right' title='原始值：0.23'>0.230</span>", "<span data-toggle='tooltip' data-placement='right' title='原始值：0.1755'>0.176</span>", "<span data-toggle='tooltip' data-placement='right' title='原始值：3.17'>3.17</span>", "*", "*", "正常"], ["山西省", "黄河流域", "<span data-toggle='tooltip' data-placement='right' title='所在地市:运城市&#10;所属河流:汾河'>河津大桥</span>", "09-17 04:00", "Ⅳ", "<span data-toggle='tooltip' data-placement='right' title='原始值：24.97881'>25.0</span>", "<span data-toggle='tooltip' data-placement='right' title='原始值：7.63949'>7.64</span>", "<span data-toggle='tooltip' data-placement='right' title='原始值：6.56157'>6.56</span>", "<span data-toggle='tooltip' data-placement='right' title='原始值：1535.77'>1535.8</span>", "<span data-toggle='tooltip' data-placement='right' title='原始值：134.988'>135.0</span>", "<span data-toggle='tooltip' data-placement='right' title='原始值：7.05'>7.05</span>", "<span data-toggle='tooltip' data-placement='right' title='原始值：0.05'>0.050</span>", "*", "*", "*", "*", "正常"], ["山西省", "黄河流域", "<span data-toggle='tooltip' data-placement='right' title='所在地市:忻州市&#10;所属河流:黄河'>万家寨水库</span>", "09-17 08:00", "劣Ⅴ", "<span data-toggle='tooltip' data-placement='right' title='原始值：19.20769'>19.2</span>", "<span data-toggle='tooltip' data-placement='right' title='原始值：8.09834'>8.10</span>", "<span data-toggle='tooltip' data-placement='right' title='原始值：8.1377'>8.14</span>", "<span data-toggle='tooltip' data-placement='right' title='原始值：632.079'>632.1</span>", "<span data-toggle='tooltip' data-placement='right' title='原始值：370.0732'>370.1</span>", "<span data-toggle='tooltip' data-placement='right' title='原始值：4.12'>4.12</span>", "<span data-toggle='tooltip' data-placement='right' title='原始值：0.33'>0.330</span>", "<span data-toggle='tooltip' data-placement='right' title='原始值：0.50625'>0.506</span>", "<span data-toggle='tooltip' data-placement='right' title='原始值：1.4375'>1.44</span>", "*", "*", "正常"], ["内蒙古自治区", "黄河流域", "<span data-toggle='tooltip' data-placement='right' title='所在地市:包头市&#10;所属河流:黄河'>画匠营子</span>", "09-17 08:00", "Ⅱ", "<span data-toggle='tooltip' data-placement='right' title='原始值：18.70382'>18.7</span>", "<span data-toggle='tooltip' data-placement='right' title='原始值：7.85266'>7.85</span>", "<span data-toggle='tooltip' data-placement='right' title='原始值：7.70336'>7.70</span>", "<span data-toggle='tooltip' data-placement='right' title='原始值：710.5496'>710.5</span>", "<span data-toggle='tooltip' data-placement='right' title='原始值：1440.28'>1440.3</span>", "<span data-toggle='tooltip' data-placement='right' title='原始值：3.61944'>3.62</span>", "<span data-toggle='tooltip' data-placement='right' title='原始值：0.04151'>0.042</span>", "*", "*", "*", "*", "正常"], ["内蒙古自治区", "黄河流域", "<span data-toggle='tooltip' data-placement='right' title='所在地市:乌海市&#10;所属河流:黄河'>海勃湾</span>", "09-17 08:00", "Ⅱ", "<span data-toggle='tooltip' data-placement='right' title='原始值：18.48397'>18.5</span>", "<span data-toggle='tooltip' data-placement='right' title='原始值：7.79'>7.79</span>", "<span data-toggle='tooltip' data-placement='right' title='原始值：6.33723'>6.34</span>", "<span data-toggle='tooltip' data-placement='right' title='原始值：695.2142'>695.2</span>", "<span data-toggle='tooltip' data-placement='right' title='原始值：103.5274'>103.5</span>", "<span data-toggle='tooltip' data-placement='right' title='原始值：2.63'>2.63</span>", "<span data-toggle='tooltip' data-placement='right' title='原始值：0.2'>0.200</span>", "*", "*", "*", "*", "正常"], ["内蒙古自治区", "松花江流域", "<span data-toggle='tooltip' data-placement='right' title='所在地市:呼伦贝尔市&#10;所属河流:额尔古纳河'>黑山头</span>", null, "", "--", "--", "--", "--", "--", "--", "--", "--", "--", "*", "*", "停站"], ["辽宁省", "辽河流域", "<span data-toggle='tooltip' data-placement='right' title='所在地市:抚顺市&#10;所属河流:浑河'>大伙房水库</span>", "09-17 08:00", "", "<span data-toggle='tooltip' data-placement='right' title='原始值：20.83503'>20.8</span>", "<span data-toggle='tooltip' data-placement='right' title='原始值：7.02494'>7.02</span>", "<span data-toggle='tooltip' data-placement='right' title='原始值：8.08795'>8.09</span>", "<span data-toggle='tooltip' data-placement='right' title='原始值：277.318'>277.3</span>", "<span data-toggle='tooltip' data-placement='right' title='原始值：20.67577'>20.7</span>", "<span data-toggle='tooltip' data-placement='right' title='原始值：1.5666'>1.57</span>", "<span data-toggle='tooltip' data-placement='right' title='极值过滤'>--</span>", "<span data-toggle='tooltip' data-placement='right' title='极值过滤'>--</span>", "<span data-toggle='tooltip' data-placement='right' title='极值过滤'>--</span>", "<span data-toggle='tooltip' data-placement='right' title='极值过滤'>--</span>", "*", "维护"], ["辽宁省", "辽河流域", "<span data-toggle='tooltip' data-placement='right' title='所在地市:丹东市&#10;所属河流:鸭绿江'>江桥</span>", "09-17 08:00", "Ⅱ", "<span data-toggle='tooltip' data-placement='right' title='原始值：19.19844'>19.2</span>", "<span data-toggle='tooltip' data-placement='right' title='原始值：6.93'>6.93</span>", "<span data-toggle='tooltip' data-placement='right' title='原始值：7.55'>7.55</span>", "<span data-toggle='tooltip' data-placement='right' title='原始值：134'>134.0</span>", "<span data-toggle='tooltip' data-placement='right' title='原始值：2.69858'>2.7</span>", "<span data-toggle='tooltip' data-placement='right' title='原始值：0.67'>0.67</span>", "<span data-toggle='tooltip' data-placement='right' title='原始值：0.05234'>0.052</span>", "<span data-toggle='tooltip' data-placement='right' title='原始值：0.02151'>0.022</span>", "<span data-toggle='tooltip' data-placement='right' title='原始值：2.24827'>2.25</span>", "*", "*", "正常"], ["辽宁省", "辽河流域", "<span data-toggle='tooltip' data-placement='right' title='所在地市:营口市&#10;所属河流:大辽河'>辽河公园</span>", "09-17 08:00", "Ⅳ", "<span data-toggle='tooltip' data-placement='right' title='原始值：21.58126'>21.6</span>", "<span data-toggle='tooltip' data-placement='right' title='原始值：6.6204'>6.62</span>", "<span data-toggle='tooltip' data-placement='right' title='原始值：5.87416'>5.87</span>", "<span data-toggle='tooltip' data-placement='right' title='原始值：501.403'>501.4</span>", "<span data-toggle='tooltip' data-placement='right' title='原始值：177.311'>177.3</span>", "<span data-toggle='tooltip' data-placement='right' title='原始值：6.59841'>6.60</span>", "<span data-toggle='tooltip' data-placement='right' title='原始值：0.22848'>0.228</span>", "<span data-toggle='tooltip' data-placement='right' title='原始值：0.18869'>0.189</span>", "<span data-toggle='tooltip' data-placement='right' title='原始值：4.16071'>4.16</span>", "*", "*", "正常"], ["辽宁省", "辽河流域", "<span data-toggle='tooltip' data-placement='right' title='所在地市:辽阳市&#10;所属河流:太子河'>汤河水库</span>", "09-17 04:00", "", "<span data-toggle='tooltip' data-placement='right' title='原始值：18.50001'>18.5</span>", "<span data-toggle='tooltip' data-placement='right' title='原始值：7.58'>7.58</span>", "<span data-toggle='tooltip' data-placement='right' title='原始值：1.65'>1.65</span>", "<span data-toggle='tooltip' data-placement='right' title='原始值：479.7388'>479.7</span>", "<span data-toggle='tooltip' data-placement='right' title='原始值：13.57713'>13.6</span>", "<span data-toggle='tooltip' data-placement='right' title='原始值：0.81'>0.81</span>", "<span data-toggle='tooltip' data-placement='right' title='原始值：0.00607'>0.006</span>", "<span data-toggle='tooltip' data-placement='right' title='极值过滤'>--</span>", "<span data-toggle='tooltip' data-placement='right' title='原始值：2.02481'>2.02</span>", "*", "*", "维护"], ["辽宁省", "辽河流域", "<span data-toggle='tooltip' data-placement='right' title='所在地市:盘锦市&#10;所属河流:辽河'>盘锦兴安(兴安)</span>", "09-17 08:00", "劣Ⅴ", "<span data-toggle='tooltip' data-placement='right' title='原始值：21.49044'>21.5</span>", "<span data-toggle='tooltip' data-placement='right' title='原始值：7.50585'>7.51</span>", "<span data-toggle='tooltip' data-placement='right' title='原始值：6.97932'>6.98</span>", "<span data-toggle='tooltip' data-placement='right' title='原始值：444.0061'>444.0</span>", "<span data-toggle='tooltip' data-placement='right' title='原始值：844.8784'>844.9</span>", "<span data-toggle='tooltip' data-placement='right' title='原始值：3.09834'>3.10</span>", "<span data-toggle='tooltip' data-placement='right' title='原始值：0.12'>0.120</span>", "<span data-toggle='tooltip' data-placement='right' title='原始值：0.5556'>0.556</span>", "<span data-toggle='tooltip' data-placement='right' title='原始值：2.39422'>2.39</span>", "*", "*", "正常"], ["辽宁省", "辽河流域", "<span data-toggle='tooltip' data-placement='right' title='所在地市:铁岭市&#10;所属河流:辽河'>珠尔山</span>", "09-17 08:00", "Ⅲ", "<span data-toggle='tooltip' data-placement='right' title='原始值：18.81543'>18.8</span>", "<span data-toggle='tooltip' data-placement='right' title='原始值：7.37047'>7.37</span>", "<span data-toggle='tooltip' data-placement='right' title='原始值：11.47718'>11.48</span>", "<span data-toggle='tooltip' data-placement='right' title='原始值：391.3315'>391.3</span>", "<span data-toggle='tooltip' data-placement='right' title='原始值：101.9259'>101.9</span>", "<span data-toggle='tooltip' data-placement='right' title='原始值：4.64548'>4.65</span>", "<span data-toggle='tooltip' data-placement='right' title='原始值：0.23'>0.230</span>", "<span data-toggle='tooltip' data-placement='right' title='原始值：0.07505'>0.075</span>", "<span data-toggle='tooltip' data-placement='right' title='原始值：4.54496'>4.54</span>", "*", "*", "正常"], ["吉林省", "松花江流域", "<span data-toggle='tooltip' data-placement='right' title='所在地市:长春市&#10;所属河流:松花江'>松花江村</span>", null, "", "--", "--", "--", "--", "--", "--", "--", "--", "--", "*", "*", "停站"], ["吉林省", "松花江流域", "<span data-toggle='tooltip' data-placement='right' title='所在地市:白城市&#10;所属河流:嫩江'>白沙滩</span>", null, "", "--", "--", "--", "--", "--", "--", "--", "--", "--", "*", "*", "停站"], ["吉林省", "松花江流域", "<span data-toggle='tooltip' data-placement='right' title='所在地市:延边朝鲜族自治州&#10;所属河流:图们江'>圈河</span>", null, "", "--", "--", "--", "--", "--", "--", "--", "--", "--", "*", "*", "停站"], ["黑龙江省", "松花江流域", "<span data-toggle='tooltip' data-placement='right' title='所在地市:大庆市&#10;所属河流:松花江'>肇源</span>", null, "", "--", "--", "--", "--", "--", "--", "--", "--", "--", "*", "*", "停站"], ["黑龙江省", "松花江流域", "<span data-toggle='tooltip' data-placement='right' title='所在地市:佳木斯市&#10;所属河流:乌苏里江'>乌苏镇</span>", null, "", "--", "--", "--", "--", "--", "--", "--", "--", "--", "*", "*", "停站"], ["黑龙江省", "松花江流域", "<span data-toggle='tooltip' data-placement='right' title='所在地市:佳木斯市&#10;所属河流:松花江'>同江</span>", "09-17 08:00", "Ⅳ", "<span data-toggle='tooltip' data-placement='right' title='原始值：17.87412'>17.9</span>", "<span data-toggle='tooltip' data-placement='right' title='原始值：6.71876'>6.72</span>", "<span data-toggle='tooltip' data-placement='right' title='原始值：6.21876'>6.22</span>", "<span data-toggle='tooltip' data-placement='right' title='原始值：138.6721'>138.7</span>", "<span data-toggle='tooltip' data-placement='right' title='原始值：208.0042'>208.0</span>", "<span data-toggle='tooltip' data-placement='right' title='原始值：9.61929'>9.62</span>", "<span data-toggle='tooltip' data-placement='right' title='原始值：0.14717'>0.147</span>", "<span data-toggle='tooltip' data-placement='right' title='原始值：0.14551'>0.146</span>", "<span data-toggle='tooltip' data-placement='right' title='原始值：2.2362'>2.24</span>", "*", "*", "正常"], ["黑龙江省", "松花江流域", "<span data-toggle='tooltip' data-placement='right' title='所在地市:黑河市&#10;所属河流:黑龙江'>黑河下(黑河)</span>", null, "", "--", "--", "--", "--", "--", "--", "--", "--", "--", "*", "*", "停站"], ["上海市", "长江流域", "<span data-toggle='tooltip' data-placement='right' title='所在地市:青浦区&#10;所属河流:淀山湖'>急水港桥</span>", "09-17 08:00", "", "<span data-toggle='tooltip' data-placement='right' title='原始值：25.5'>25.5</span>", "<span data-toggle='tooltip' data-placement='right' title='原始值：7.26'>7.26</span>", "<span data-toggle='tooltip' data-placement='right' title='原始值：3.91'>3.91</span>", "<span data-toggle='tooltip' data-placement='right' title='原始值：521'>521.0</span>", "<span data-toggle='tooltip' data-placement='right' title='原始值：73.2'>73.2</span>", "<span data-toggle='tooltip' data-placement='right' title='原始值：3.65625'>3.66</span>", "<span data-toggle='tooltip' data-placement='right' title='原始值：0.73672'>0.737</span>", "<span data-toggle='tooltip' data-placement='right' title='极值过滤'>--</span>", "<span data-toggle='tooltip' data-placement='right' title='原始值：2.51564'>2.52</span>", "<span data-toggle='tooltip' data-placement='right' title='原始值：0.00312'>0.003</span>", "<span data-toggle='tooltip' data-placement='right' title='原始值：1.520219E+07'>15202190</span>", "维护"], ["江苏省", "长江流域", "<span data-toggle='tooltip' data-placement='right' title='所在地市:南京市&#10;所属河流:长江'>林山</span>", null, "", "--", "--", "--", "--", "--", "--", "--", "--", "--", "*", "*", "停站"], ["江苏省", "太湖流域", "<span data-toggle='tooltip' data-placement='right' title='所在地市:无锡市&#10;所属河流:太湖'>沙渚</span>", "09-17 08:00", "Ⅳ", "<span data-toggle='tooltip' data-placement='right' title='原始值：24.70859'>24.7</span>", "<span data-toggle='tooltip' data-placement='right' title='原始值：7.988602'>7.99</span>", "<span data-toggle='tooltip' data-placement='right' title='原始值：6.737776'>6.74</span>", "<span data-toggle='tooltip' data-placement='right' title='原始值：425.2876'>425.3</span>", "<span data-toggle='tooltip' data-placement='right' title='原始值：70.39218'>70.4</span>", "<span data-toggle='tooltip' data-placement='right' title='原始值：6.5'>6.50</span>", "<span data-toggle='tooltip' data-placement='right' title='原始值：0.21'>0.210</span>", "<span data-toggle='tooltip' data-placement='right' title='原始值：0.1115'>0.112</span>", "<span data-toggle='tooltip' data-placement='right' title='原始值：1.75'>1.75</span>", "*", "*", "正常"], ["江苏省", "淮河流域", "<span data-toggle='tooltip' data-placement='right' title='所在地市:徐州市&#10;所属河流:武河'>小红圈</span>", "09-17 08:00", "", "<span data-toggle='tooltip' data-placement='right' title='原始值：24.3'>24.3</span>", "<span data-toggle='tooltip' data-placement='right' title='原始值：7.42'>7.42</span>", "<span data-toggle='tooltip' data-placement='right' title='原始值：9.4'>9.40</span>", "<span data-toggle='tooltip' data-placement='right' title='原始值：989.6'>989.6</span>", "<span data-toggle='tooltip' data-placement='right' title='原始值：7.6'>7.6</span>", "<span data-toggle='tooltip' data-placement='right' title='原始值：1.98'>1.98</span>", "<span data-toggle='tooltip' data-placement='right' title='原始值：0.099'>0.099</span>", "--", "--", "*", "*", "维护"], ["江苏省", "淮河流域", "<span data-toggle='tooltip' data-placement='right' title='所在地市:徐州市&#10;所属河流:沿河'>李集桥</span>", "09-17 08:00", "Ⅲ", "<span data-toggle='tooltip' data-placement='right' title='原始值：26.46'>26.5</span>", "<span data-toggle='tooltip' data-placement='right' title='原始值：7.66'>7.66</span>", "<span data-toggle='tooltip' data-placement='right' title='原始值：5.44'>5.44</span>", "<span data-toggle='tooltip' data-placement='right' title='原始值：906'>906.0</span>", "<span data-toggle='tooltip' data-placement='right' title='原始值：35.92'>35.9</span>", "<span data-toggle='tooltip' data-placement='right' title='原始值：5.38'>5.38</span>", "<span data-toggle='tooltip' data-placement='right' title='原始值：0.059'>0.059</span>", "<span data-toggle='tooltip' data-placement='right' title='原始值：0.18'>0.180</span>", "<span data-toggle='tooltip' data-placement='right' title='原始值：1.66'>1.66</span>", "*", "*", "正常"], ["江苏省", "淮河流域", "<span data-toggle='tooltip' data-placement='right' title='所在地市:徐州市&#10;所属河流:邳苍分洪道'>艾山西大桥</span>", "09-17 08:00", "Ⅲ", "<span data-toggle='tooltip' data-placement='right' title='原始值：25.1313'>25.1</span>", "<span data-toggle='tooltip' data-placement='right' title='原始值：8.17017'>8.17</span>", "<span data-toggle='tooltip' data-placement='right' title='原始值：8.56491'>8.56</span>", "<span data-toggle='tooltip' data-placement='right' title='原始值：909.37'>909.4</span>", "<span data-toggle='tooltip' data-placement='right' title='原始值：15.3303'>15.3</span>", "<span data-toggle='tooltip' data-placement='right' title='原始值：2.85'>2.85</span>", "<span data-toggle='tooltip' data-placement='right' title='原始值：0.2'>0.200</span>", "<span data-toggle='tooltip' data-placement='right' title='原始值：0.16451'>0.165</span>", "<span data-toggle='tooltip' data-placement='right' title='原始值：10.61963'>10.62</span>", "*", "*", "正常"], ["江苏省", "太湖流域", "<span data-toggle='tooltip' data-placement='right' title='所在地市:苏州市&#10;所属河流:太湖'>兰山嘴(老)</span>", "09-17 08:00", "Ⅴ", "<span data-toggle='tooltip' data-placement='right' title='原始值：25.48492'>25.5</span>", "<span data-toggle='tooltip' data-placement='right' title='原始值：7.23252'>7.23</span>", "<span data-toggle='tooltip' data-placement='right' title='原始值：2.95018'>2.95</span>", "<span data-toggle='tooltip' data-placement='right' title='原始值：335.9209'>335.9</span>", "<span data-toggle='tooltip' data-placement='right' title='原始值：77.603'>77.6</span>", "<span data-toggle='tooltip' data-placement='right' title='原始值：4.73'>4.73</span>", "<span data-toggle='tooltip' data-placement='right' title='原始值：0.95'>0.950</span>", "<span data-toggle='tooltip' data-placement='right' title='原始值：0.16296'>0.163</span>", "<span data-toggle='tooltip' data-placement='right' title='原始值：2.31243'>2.31</span>", "*", "*", "正常"], ["江苏省", "太湖流域", "<span data-toggle='tooltip' data-placement='right' title='所在地市:苏州市&#10;所属河流:太湖'>西山</span>", "09-17 08:00", "Ⅳ", "<span data-toggle='tooltip' data-placement='right' title='原始值：25.70879'>25.7</span>", "<span data-toggle='tooltip' data-placement='right' title='原始值：7.15663'>7.16</span>", "<span data-toggle='tooltip' data-placement='right' title='原始值：6.7683'>6.77</span>", "<span data-toggle='tooltip' data-placement='right' title='原始值：282.4043'>282.4</span>", "<span data-toggle='tooltip' data-placement='right' title='原始值：113.5495'>113.5</span>", "<span data-toggle='tooltip' data-placement='right' title='原始值：1.87'>1.87</span>", "<span data-toggle='tooltip' data-placement='right' title='原始值：0.12'>0.120</span>", "<span data-toggle='tooltip' data-placement='right' title='原始值：0.0545'>0.054</span>", "<span data-toggle='tooltip' data-placement='right' title='原始值：0.607'>0.61</span>", "*", "*", "正常"], ["江苏省", "淮河流域", "<span data-toggle='tooltip' data-placement='right' title='所在地市:连云港市&#10;所属河流:新沭河'>大兴桥</span>", null, "", "--", "--", "--", "--", "--", "--", "--", "--", "--", "*", "*", "停站"], ["江苏省", "淮河流域", "<span data-toggle='tooltip' data-placement='right' title='所在地市:淮安市&#10;所属河流:淮河'>淮河大桥</span>", "09-17 08:00", "Ⅳ", "<span data-toggle='tooltip' data-placement='right' title='原始值：27.60034'>27.6</span>", "<span data-toggle='tooltip' data-placement='right' title='原始值：7.97159'>7.97</span>", "<span data-toggle='tooltip' data-placement='right' title='原始值：4.13004'>4.13</span>", "<span data-toggle='tooltip' data-placement='right' title='原始值：376.3172'>376.3</span>", "<span data-toggle='tooltip' data-placement='right' title='原始值：64.74248'>64.7</span>", "<span data-toggle='tooltip' data-placement='right' title='原始值：4.76'>4.76</span>", "<span data-toggle='tooltip' data-placement='right' title='原始值：0.24'>0.240</span>", "<span data-toggle='tooltip' data-placement='right' title='原始值：0.1969'>0.197</span>", "<span data-toggle='tooltip' data-placement='right' title='原始值：2.925'>2.92</span>", "*", "*", "正常"], ["江苏省", "长江流域", "<span data-toggle='tooltip' data-placement='right' title='所在地市:扬州市&#10;所属河流:夹江'>三江营</span>", "09-17 08:00", "Ⅲ", "<span data-toggle='tooltip' data-placement='right' title='原始值：27.45'>27.4</span>", "<span data-toggle='tooltip' data-placement='right' title='原始值：7.84'>7.84</span>", "<span data-toggle='tooltip' data-placement='right' title='原始值：6.07'>6.07</span>", "<span data-toggle='tooltip' data-placement='right' title='原始值：294.07'>294.1</span>", "<span data-toggle='tooltip' data-placement='right' title='原始值：146.18'>146.2</span>", "<span data-toggle='tooltip' data-placement='right' title='原始值：3.281'>3.28</span>", "<span data-toggle='tooltip' data-placement='right' title='原始值：0.084'>0.084</span>", "<span data-toggle='tooltip' data-placement='right' title='原始值：0.128'>0.128</span>", "<span data-toggle='tooltip' data-placement='right' title='原始值：2.12'>2.12</span>", "*", "*", "正常"], ["江苏省", "淮河流域", "<span data-toggle='tooltip' data-placement='right' title='所在地市:宿迁市&#10;所属河流:新濉河'>大屈</span>", "09-17 08:00", "Ⅳ", "<span data-toggle='tooltip' data-placement='right' title='原始值：25.8'>25.8</span>", "<span data-toggle='tooltip' data-placement='right' title='原始值：7.8'>7.80</span>", "<span data-toggle='tooltip' data-placement='right' title='原始值：6.3'>6.30</span>", "<span data-toggle='tooltip' data-placement='right' title='原始值：731.9'>731.9</span>", "<span data-toggle='tooltip' data-placement='right' title='原始值：26.93'>26.9</span>", "<span data-toggle='tooltip' data-placement='right' title='原始值：4.04'>4.04</span>", "<span data-toggle='tooltip' data-placement='right' title='原始值：0.09'>0.090</span>", "<span data-toggle='tooltip' data-placement='right' title='原始值：0.226'>0.226</span>", "<span data-toggle='tooltip' data-placement='right' title='原始值：1.352'>1.35</span>", "*", "*", "正常"], ["浙江省", "浙闽片河流", "<span data-toggle='tooltip' data-placement='right' title='所在地市:杭州市&#10;所属河流:新安江'>街口(鸠坑口)</span>", "09-17 08:00", "Ⅰ", "<span data-toggle='tooltip' data-placement='right' title='原始值：25.52'>25.5</span>", "<span data-toggle='tooltip' data-placement='right' title='原始值：7.22'>7.22</span>", "<span data-toggle='tooltip' data-placement='right' title='原始值：8.16'>8.16</span>", "<span data-toggle='tooltip' data-placement='right' title='原始值：166.7'>166.7</span>", "<span data-toggle='tooltip' data-placement='right' title='原始值：37.46'>37.5</span>", "<span data-toggle='tooltip' data-placement='right' title='原始值：1.461'>1.46</span>", "<span data-toggle='tooltip' data-placement='right' title='原始值：0.002'>0.002</span>", "<span data-toggle='tooltip' data-placement='right' title='原始值：0.011'>0.011</span>", "<span data-toggle='tooltip' data-placement='right' title='原始值：0.655'>0.66</span>", "*", "*", "正常"], ["浙江省", "太湖流域", "<span data-toggle='tooltip' data-placement='right' title='所在地市:嘉兴市&#10;所属河流:斜路港河'>斜路港</span>", "09-17 08:00", "Ⅴ", "<span data-toggle='tooltip' data-placement='right' title='原始值：26.5'>26.5</span>", "<span data-toggle='tooltip' data-placement='right' title='原始值：7.15'>7.15</span>", "<span data-toggle='tooltip' data-placement='right' title='原始值：2.3'>2.30</span>", "<span data-toggle='tooltip' data-placement='right' title='原始值：451'>451.0</span>", "<span data-toggle='tooltip' data-placement='right' title='原始值：70.1'>70.1</span>", "<span data-toggle='tooltip' data-placement='right' title='原始值：4.82'>4.82</span>", "<span data-toggle='tooltip' data-placement='right' title='原始值：0.15545'>0.155</span>", "<span data-toggle='tooltip' data-placement='right' title='原始值：0.09201'>0.092</span>", "<span data-toggle='tooltip' data-placement='right' title='原始值：1.30922'>1.31</span>", "*", "*", "正常"], ["浙江省", "太湖流域", "<span data-toggle='tooltip' data-placement='right' title='所在地市:嘉兴市&#10;所属河流:京杭运河'>王江泾</span>", "09-17 08:00", "劣Ⅴ", "<span data-toggle='tooltip' data-placement='right' title='原始值：26.92'>26.9</span>", "<span data-toggle='tooltip' data-placement='right' title='原始值：7.12'>7.12</span>", "<span data-toggle='tooltip' data-placement='right' title='原始值：1.42'>1.42</span>", "<span data-toggle='tooltip' data-placement='right' title='原始值：525.69'>525.7</span>", "<span data-toggle='tooltip' data-placement='right' title='原始值：34.24'>34.2</span>", "<span data-toggle='tooltip' data-placement='right' title='原始值：4.494'>4.49</span>", "<span data-toggle='tooltip' data-placement='right' title='原始值：0.464'>0.464</span>", "<span data-toggle='tooltip' data-placement='right' title='原始值：0.075'>0.075</span>", "<span data-toggle='tooltip' data-placement='right' title='原始值：1.919'>1.92</span>", "*", "*", "正常"], ["浙江省", "太湖流域", "<span data-toggle='tooltip' data-placement='right' title='所在地市:湖州市&#10;所属河流:西苕溪'>新港口(新塘港)</span>", "09-17 08:00", "Ⅲ", "<span data-toggle='tooltip' data-placement='right' title='原始值：24.6754'>24.7</span>", "<span data-toggle='tooltip' data-placement='right' title='原始值：7.82944'>7.83</span>", "<span data-toggle='tooltip' data-placement='right' title='原始值：7.97851'>7.98</span>", "<span data-toggle='tooltip' data-placement='right' title='原始值：325.305'>325.3</span>", "<span data-toggle='tooltip' data-placement='right' title='原始值：64.3089'>64.3</span>", "<span data-toggle='tooltip' data-placement='right' title='原始值：4.54318'>4.54</span>", "<span data-toggle='tooltip' data-placement='right' title='原始值：0.15862'>0.159</span>", "<span data-toggle='tooltip' data-placement='right' title='原始值：0.06264'>0.063</span>", "<span data-toggle='tooltip' data-placement='right' title='原始值：4.95155'>4.95</span>", "*", "*", "正常"], ["安徽省", "巢湖流域", "<span data-toggle='tooltip' data-placement='right' title='所在地市:合肥市&#10;所属河流:巢湖'>湖滨(老)</span>", "09-17 08:00", "Ⅴ", "<span data-toggle='tooltip' data-placement='right' title='原始值：27.8075'>27.8</span>", "<span data-toggle='tooltip' data-placement='right' title='原始值：7.85441'>7.85</span>", "<span data-toggle='tooltip' data-placement='right' title='原始值：8.46254'>8.46</span>", "<span data-toggle='tooltip' data-placement='right' title='原始值：252.4855'>252.5</span>", "<span data-toggle='tooltip' data-placement='right' title='原始值：79.62962'>79.6</span>", "<span data-toggle='tooltip' data-placement='right' title='原始值：8.05'>8.05</span>", "<span data-toggle='tooltip' data-placement='right' title='原始值：0.32'>0.320</span>", "<span data-toggle='tooltip' data-placement='right' title='原始值：0.1457'>0.146</span>", "<span data-toggle='tooltip' data-placement='right' title='原始值：0.7187'>0.72</span>", "<span data-toggle='tooltip' data-placement='right' title='原始值：0.0214'>0.021</span>", "*", "正常"], ["安徽省", "巢湖流域", "<span data-toggle='tooltip' data-placement='right' title='所在地市:芜湖市&#10;所属河流:巢湖'>裕溪口(老)</span>", "09-17 08:00", "劣Ⅴ", "<span data-toggle='tooltip' data-placement='right' title='原始值：27.19341'>27.2</span>", "<span data-toggle='tooltip' data-placement='right' title='原始值：7.43952'>7.44</span>", "<span data-toggle='tooltip' data-placement='right' title='原始值：1.18995'>1.19</span>", "<span data-toggle='tooltip' data-placement='right' title='原始值：324.9573'>325.0</span>", "<span data-toggle='tooltip' data-placement='right' title='原始值：73.49792'>73.5</span>", "<span data-toggle='tooltip' data-placement='right' title='原始值：1.94'>1.94</span>", "<span data-toggle='tooltip' data-placement='right' title='原始值：0.22'>0.220</span>", "<span data-toggle='tooltip' data-placement='right' title='原始值：0.1178'>0.118</span>", "<span data-toggle='tooltip' data-placement='right' title='极值过滤'>--</span>", "*", "*", "维护"], ["安徽省", "淮河流域", "<span data-toggle='tooltip' data-placement='right' title='所在地市:蚌埠市&#10;所属河流:淮河'>蚌埠闸上(蚌埠闸)</span>", "09-17 08:00", "Ⅱ", "<span data-toggle='tooltip' data-placement='right' title='原始值：28.1'>28.1</span>", "<span data-toggle='tooltip' data-placement='right' title='原始值：7.12'>7.12</span>", "<span data-toggle='tooltip' data-placement='right' title='原始值：7.93'>7.93</span>", "<span data-toggle='tooltip' data-placement='right' title='原始值：480.54'>480.5</span>", "<span data-toggle='tooltip' data-placement='right' title='原始值：84.77'>84.8</span>", "<span data-toggle='tooltip' data-placement='right' title='原始值：3.291'>3.29</span>", "<span data-toggle='tooltip' data-placement='right' title='原始值：0.072'>0.072</span>", "<span data-toggle='tooltip' data-placement='right' title='原始值：0.097'>0.097</span>", "<span data-toggle='tooltip' data-placement='right' title='原始值：1.171'>1.17</span>", "*", "*", "正常"], ["安徽省", "淮河流域", "<span data-toggle='tooltip' data-placement='right' title='所在地市:淮南市&#10;所属河流:淮河'>石头埠(老)</span>", "09-17 08:00", "Ⅴ", "<span data-toggle='tooltip' data-placement='right' title='原始值：27.19687'>27.2</span>", "<span data-toggle='tooltip' data-placement='right' title='原始值：7.14676'>7.15</span>", "<span data-toggle='tooltip' data-placement='right' title='原始值：2.79542'>2.80</span>", "<span data-toggle='tooltip' data-placement='right' title='原始值：191.8473'>191.8</span>", "<span data-toggle='tooltip' data-placement='right' title='原始值：36.27121'>36.3</span>", "<span data-toggle='tooltip' data-placement='right' title='原始值：5.91'>5.91</span>", "<span data-toggle='tooltip' data-placement='right' title='原始值：0.01'>0.010</span>", "*", "*", "*", "*", "正常"], ["安徽省", "淮河流域", "<span data-toggle='tooltip' data-placement='right' title='所在地市:淮北市&#10;所属河流:沱河'>小王桥</span>", "09-17 08:00", "劣Ⅴ", "<span data-toggle='tooltip' data-placement='right' title='原始值：26.83'>26.8</span>", "<span data-toggle='tooltip' data-placement='right' title='原始值：8.08'>8.08</span>", "<span data-toggle='tooltip' data-placement='right' title='原始值：8.47'>8.47</span>", "<span data-toggle='tooltip' data-placement='right' title='原始值：1173.1'>1173.1</span>", "<span data-toggle='tooltip' data-placement='right' title='原始值：35.82'>35.8</span>", "<span data-toggle='tooltip' data-placement='right' title='原始值：9.079'>9.08</span>", "<span data-toggle='tooltip' data-placement='right' title='原始值：0.058'>0.058</span>", "<span data-toggle='tooltip' data-placement='right' title='原始值：2.672'>2.672</span>", "<span data-toggle='tooltip' data-placement='right' title='原始值：3.293'>3.29</span>", "*", "*", "正常"], ["安徽省", "长江流域", "<span data-toggle='tooltip' data-placement='right' title='所在地市:安庆市&#10;所属河流:长江'>皖河口</span>", "09-17 08:00", "Ⅲ", "<span data-toggle='tooltip' data-placement='right' title='原始值：25.68'>25.7</span>", "<span data-toggle='tooltip' data-placement='right' title='原始值：7.341'>7.34</span>", "<span data-toggle='tooltip' data-placement='right' title='原始值：5.88'>5.88</span>", "<span data-toggle='tooltip' data-placement='right' title='原始值：275.47'>275.5</span>", "<span data-toggle='tooltip' data-placement='right' title='原始值：60.96'>61.0</span>", "<span data-toggle='tooltip' data-placement='right' title='原始值：1.751'>1.75</span>", "<span data-toggle='tooltip' data-placement='right' title='原始值：0.058'>0.058</span>", "<span data-toggle='tooltip' data-placement='right' title='原始值：0.0594'>0.059</span>", "<span data-toggle='tooltip' data-placement='right' title='原始值：2.148'>2.15</span>", "*", "*", "正常"], ["安徽省", "淮河流域", "<span data-toggle='tooltip' data-placement='right' title='所在地市:滁州市&#10;所属河流:淮河'>小柳巷</span>", "09-17 08:00", "Ⅲ", "<span data-toggle='tooltip' data-placement='right' title='原始值：27.8'>27.8</span>", "<span data-toggle='tooltip' data-placement='right' title='原始值：7.07'>7.07</span>", "<span data-toggle='tooltip' data-placement='right' title='原始值：5.19'>5.19</span>", "<span data-toggle='tooltip' data-placement='right' title='原始值：351.1'>351.1</span>", "<span data-toggle='tooltip' data-placement='right' title='原始值：193.46'>193.5</span>", "<span data-toggle='tooltip' data-placement='right' title='原始值：2.19'>2.19</span>", "<span data-toggle='tooltip' data-placement='right' title='原始值：0.03'>0.030</span>", "<span data-toggle='tooltip' data-placement='right' title='原始值：0.127'>0.127</span>", "<span data-toggle='tooltip' data-placement='right' title='原始值：1.11'>1.11</span>", "*", "*", "正常"], ["安徽省", "淮河流域", "<span data-toggle='tooltip' data-placement='right' title='所在地市:阜阳市&#10;所属河流:黑茨河'>张大桥</span>", null, "", "--", "--", "--", "--", "--", "--", "--", "--", "--", "*", "*", "停站"], ["安徽省", "淮河流域", "<span data-toggle='tooltip' data-placement='right' title='所在地市:阜阳市&#10;所属河流:淮河'>王家坝</span>", "09-17 08:00", "Ⅳ", "<span data-toggle='tooltip' data-placement='right' title='原始值：26.65875'>26.7</span>", "<span data-toggle='tooltip' data-placement='right' title='原始值：8.08214'>8.08</span>", "<span data-toggle='tooltip' data-placement='right' title='原始值：5.4259'>5.43</span>", "<span data-toggle='tooltip' data-placement='right' title='原始值：891.8248'>891.8</span>", "<span data-toggle='tooltip' data-placement='right' title='原始值：27.62669'>27.6</span>", "<span data-toggle='tooltip' data-placement='right' title='原始值：2.22'>2.22</span>", "<span data-toggle='tooltip' data-placement='right' title='原始值：0.188'>0.188</span>", "<span data-toggle='tooltip' data-placement='right' title='原始值：0.20393'>0.204</span>", "<span data-toggle='tooltip' data-placement='right' title='原始值：1.75665'>1.76</span>", "*", "*", "正常"], ["安徽省", "淮河流域", "<span data-toggle='tooltip' data-placement='right' title='所在地市:阜阳市&#10;所属河流:颍河'>界首七渡口(七渡口)</span>", "09-17 08:00", "Ⅳ", "<span data-toggle='tooltip' data-placement='right' title='原始值：27.46977'>27.5</span>", "<span data-toggle='tooltip' data-placement='right' title='原始值：7.74428'>7.74</span>", "<span data-toggle='tooltip' data-placement='right' title='原始值：3.35876'>3.36</span>", "<span data-toggle='tooltip' data-placement='right' title='原始值：806.642'>806.6</span>", "<span data-toggle='tooltip' data-placement='right' title='原始值：19.48676'>19.5</span>", "<span data-toggle='tooltip' data-placement='right' title='原始值：3.47'>3.47</span>", "<span data-toggle='tooltip' data-placement='right' title='原始值：0.08'>0.080</span>", "<span data-toggle='tooltip' data-placement='right' title='原始值：0.10303'>0.103</span>", "<span data-toggle='tooltip' data-placement='right' title='原始值：2.97079'>2.97</span>", "*", "*", "正常"], ["安徽省", "淮河流域", "<span data-toggle='tooltip' data-placement='right' title='所在地市:阜阳市&#10;所属河流:泉河'>许庄(徐庄)</span>", "09-17 08:00", "", "<span data-toggle='tooltip' data-placement='right' title='原始值：25.5'>25.5</span>", "<span data-toggle='tooltip' data-placement='right' title='原始值：7.79'>7.79</span>", "<span data-toggle='tooltip' data-placement='right' title='原始值：5.58'>5.58</span>", "<span data-toggle='tooltip' data-placement='right' title='原始值：830.8'>830.8</span>", "<span data-toggle='tooltip' data-placement='right' title='原始值：81.77'>81.8</span>", "<span data-toggle='tooltip' data-placement='right' title='原始值：3.65'>3.65</span>", "<span data-toggle='tooltip' data-placement='right' title='极值过滤'>--</span>", "<span data-toggle='tooltip' data-placement='right' title='原始值：0.141'>0.141</span>", "<span data-toggle='tooltip' data-placement='right' title='原始值：0.93'>0.93</span>", "*", "*", "维护"], ["安徽省", "淮河流域", "<span data-toggle='tooltip' data-placement='right' title='所在地市:宿州市&#10;所属河流:奎河'>杨庄</span>", "09-17 08:00", "Ⅲ", "<span data-toggle='tooltip' data-placement='right' title='原始值：25.81'>25.8</span>", "<span data-toggle='tooltip' data-placement='right' title='原始值：7.67'>7.67</span>", "<span data-toggle='tooltip' data-placement='right' title='原始值：5.76'>5.76</span>", "<span data-toggle='tooltip' data-placement='right' title='原始值：901'>901.0</span>", "<span data-toggle='tooltip' data-placement='right' title='原始值：85.92'>85.9</span>", "<span data-toggle='tooltip' data-placement='right' title='原始值：5.19'>5.19</span>", "<span data-toggle='tooltip' data-placement='right' title='原始值：0.416'>0.416</span>", "*", "*", "*", "*", "正常"], ["安徽省", "淮河流域", "<span data-toggle='tooltip' data-placement='right' title='所在地市:宿州市&#10;所属河流:新汴河'>泗县公路桥</span>", "09-17 08:00", "Ⅳ", "<span data-toggle='tooltip' data-placement='right' title='原始值：27.18'>27.2</span>", "<span data-toggle='tooltip' data-placement='right' title='原始值：8.12'>8.12</span>", "<span data-toggle='tooltip' data-placement='right' title='原始值：7.85'>7.85</span>", "<span data-toggle='tooltip' data-placement='right' title='原始值：911.6'>911.6</span>", "<span data-toggle='tooltip' data-placement='right' title='原始值：63.78'>63.8</span>", "<span data-toggle='tooltip' data-placement='right' title='原始值：7.38'>7.38</span>", "<span data-toggle='tooltip' data-placement='right' title='原始值：0.077'>0.077</span>", "*", "*", "*", "*", "正常"], ["安徽省", "淮河流域", "<span data-toggle='tooltip' data-placement='right' title='所在地市:亳州市&#10;所属河流:包河'>颜集</span>", "09-17 08:00", "Ⅳ", "<span data-toggle='tooltip' data-placement='right' title='原始值：24.2'>24.2</span>", "<span data-toggle='tooltip' data-placement='right' title='原始值：7.8'>7.80</span>", "<span data-toggle='tooltip' data-placement='right' title='原始值：5.81'>5.81</span>", "<span data-toggle='tooltip' data-placement='right' title='原始值：1536.2'>1536.2</span>", "<span data-toggle='tooltip' data-placement='right' title='原始值：143.53'>143.5</span>", "<span data-toggle='tooltip' data-placement='right' title='原始值：4.75'>4.75</span>", "<span data-toggle='tooltip' data-placement='right' title='原始值：0.01'>0.010</span>", "<span data-toggle='tooltip' data-placement='right' title='原始值：0.264'>0.264</span>", "<span data-toggle='tooltip' data-placement='right' title='原始值：1.947'>1.95</span>", "*", "*", "正常"], ["福建省", "浙闽片河流", "<span data-toggle='tooltip' data-placement='right' title='所在地市:福州市&#10;所属河流:闽江'>白岩潭</span>", "09-17 08:00", "Ⅲ", "<span data-toggle='tooltip' data-placement='right' title='原始值：29.87'>29.9</span>", "<span data-toggle='tooltip' data-placement='right' title='原始值：6.88'>6.88</span>", "<span data-toggle='tooltip' data-placement='right' title='原始值：5.97'>5.97</span>", "<span data-toggle='tooltip' data-placement='right' title='原始值：254.9'>254.9</span>", "<span data-toggle='tooltip' data-placement='right' title='原始值：477.32'>477.3</span>", "<span data-toggle='tooltip' data-placement='right' title='原始值：1.33'>1.33</span>", "<span data-toggle='tooltip' data-placement='right' title='原始值：0.07'>0.070</span>", "*", "*", "*", "*", "正常"], ["江西省", "长江流域", "<span data-toggle='tooltip' data-placement='right' title='所在地市:南昌市&#10;所属河流:赣江南支'>滁槎</span>", "09-17 08:00", "Ⅳ", "<span data-toggle='tooltip' data-placement='right' title='原始值：28.39875'>28.4</span>", "<span data-toggle='tooltip' data-placement='right' title='原始值：7.81447'>7.81</span>", "<span data-toggle='tooltip' data-placement='right' title='原始值：4.90116'>4.90</span>", "<span data-toggle='tooltip' data-placement='right' title='原始值：131.6928'>131.7</span>", "<span data-toggle='tooltip' data-placement='right' title='原始值：18.48461'>18.5</span>", "<span data-toggle='tooltip' data-placement='right' title='原始值：2.37'>2.37</span>", "<span data-toggle='tooltip' data-placement='right' title='原始值：0.18'>0.180</span>", "<span data-toggle='tooltip' data-placement='right' title='原始值：0.13637'>0.136</span>", "<span data-toggle='tooltip' data-placement='right' title='原始值：1.38275'>1.38</span>", "*", "*", "正常"], ["江西省", "长江流域", "<span data-toggle='tooltip' data-placement='right' title='所在地市:九江市&#10;所属河流:长江'>姚港(河西水厂)</span>", "09-17 08:00", "Ⅲ", "<span data-toggle='tooltip' data-placement='right' title='原始值：25.51'>25.5</span>", "<span data-toggle='tooltip' data-placement='right' title='原始值：7.35'>7.35</span>", "<span data-toggle='tooltip' data-placement='right' title='原始值：6.61'>6.61</span>", "<span data-toggle='tooltip' data-placement='right' title='原始值：299.36'>299.4</span>", "<span data-toggle='tooltip' data-placement='right' title='原始值：70.89'>70.9</span>", "<span data-toggle='tooltip' data-placement='right' title='原始值：1.833'>1.83</span>", "<span data-toggle='tooltip' data-placement='right' title='原始值：0.015'>0.015</span>", "<span data-toggle='tooltip' data-placement='right' title='原始值：0.136'>0.136</span>", "<span data-toggle='tooltip' data-placement='right' title='原始值：1.48'>1.48</span>", "*", "*", "正常"], ["江西省", "长江流域", "<span data-toggle='tooltip' data-placement='right' title='所在地市:九江市&#10;所属河流:鄱阳湖'>蛤蟆石</span>", "09-17 08:00", "Ⅱ", "<span data-toggle='tooltip' data-placement='right' title='原始值：27.5'>27.5</span>", "<span data-toggle='tooltip' data-placement='right' title='原始值：6.82'>6.82</span>", "<span data-toggle='tooltip' data-placement='right' title='原始值：6.16'>6.16</span>", "<span data-toggle='tooltip' data-placement='right' title='原始值：122.58'>122.6</span>", "<span data-toggle='tooltip' data-placement='right' title='原始值：6.26'>6.3</span>", "<span data-toggle='tooltip' data-placement='right' title='原始值：1.552'>1.55</span>", "<span data-toggle='tooltip' data-placement='right' title='原始值：0.005'>0.005</span>", "<span data-toggle='tooltip' data-placement='right' title='原始值：0.0228'>0.023</span>", "<span data-toggle='tooltip' data-placement='right' title='原始值：0.623'>0.62</span>", "<span data-toggle='tooltip' data-placement='right' title='原始值：0.00914'>0.009</span>", "<span data-toggle='tooltip' data-placement='right' title='原始值：1732903'>1732903</span>", "正常"], ["山东省", "黄河流域", "<span data-toggle='tooltip' data-placement='right' title='所在地市:济南市&#10;所属河流:黄河'>泺口</span>", "09-17 08:00", "Ⅱ", "<span data-toggle='tooltip' data-placement='right' title='原始值：24.2071'>24.2</span>", "<span data-toggle='tooltip' data-placement='right' title='原始值：7.89423'>7.89</span>", "<span data-toggle='tooltip' data-placement='right' title='原始值：7.31057'>7.31</span>", "<span data-toggle='tooltip' data-placement='right' title='原始值：687.274'>687.3</span>", "<span data-toggle='tooltip' data-placement='right' title='原始值：1504.99'>1505.0</span>", "<span data-toggle='tooltip' data-placement='right' title='原始值：2.34'>2.34</span>", "<span data-toggle='tooltip' data-placement='right' title='原始值：0.17372'>0.174</span>", "<span data-toggle='tooltip' data-placement='right' title='原始值：0.02128'>0.021</span>", "<span data-toggle='tooltip' data-placement='right' title='原始值：3.369'>3.37</span>", "*", "*", "正常"], ["山东省", "淮河流域", "<span data-toggle='tooltip' data-placement='right' title='所在地市:枣庄市&#10;所属河流:京杭大运河（韩庄运河）'>台儿庄大桥</span>", "09-17 04:00", "Ⅳ", "<span data-toggle='tooltip' data-placement='right' title='原始值：26.67953'>26.7</span>", "<span data-toggle='tooltip' data-placement='right' title='原始值：7.4041'>7.40</span>", "<span data-toggle='tooltip' data-placement='right' title='原始值：4.47135'>4.47</span>", "<span data-toggle='tooltip' data-placement='right' title='原始值：866.8267'>866.8</span>", "<span data-toggle='tooltip' data-placement='right' title='原始值：24.84764'>24.8</span>", "<span data-toggle='tooltip' data-placement='right' title='原始值：3.44052'>3.44</span>", "<span data-toggle='tooltip' data-placement='right' title='原始值：0.07355'>0.074</span>", "<span data-toggle='tooltip' data-placement='right' title='原始值：0.07259'>0.073</span>", "<span data-toggle='tooltip' data-placement='right' title='原始值：2.19904'>2.20</span>", "*", "*", "正常"], ["山东省", "淮河流域", "<span data-toggle='tooltip' data-placement='right' title='所在地市:临沂市&#10;所属河流:沭河'>清泉寺</span>", "09-17 08:00", "Ⅳ", "<span data-toggle='tooltip' data-placement='right' title='原始值：25.45711'>25.5</span>", "<span data-toggle='tooltip' data-placement='right' title='原始值：7.61513'>7.62</span>", "<span data-toggle='tooltip' data-placement='right' title='原始值：8.30755'>8.31</span>", "<span data-toggle='tooltip' data-placement='right' title='原始值：782.6902'>782.7</span>", "<span data-toggle='tooltip' data-placement='right' title='原始值：16.7434'>16.7</span>", "<span data-toggle='tooltip' data-placement='right' title='原始值：6.87'>6.87</span>", "<span data-toggle='tooltip' data-placement='right' title='原始值：0.27'>0.270</span>", "*", "*", "*", "*", "正常"], ["山东省", "淮河流域", "<span data-toggle='tooltip' data-placement='right' title='所在地市:临沂市&#10;所属河流:沂河'>重坊桥</span>", null, "", "--", "--", "--", "--", "--", "--", "--", "--", "--", "*", "*", "停站"], ["山东省", "淮河流域", "<span data-toggle='tooltip' data-placement='right' title='所在地市:临沂市&#10;所属河流:白马河'>捷庄(涝沟桥)</span>", "09-17 08:00", "Ⅳ", "<span data-toggle='tooltip' data-placement='right' title='原始值：25.5'>25.5</span>", "<span data-toggle='tooltip' data-placement='right' title='原始值：7.46'>7.46</span>", "<span data-toggle='tooltip' data-placement='right' title='原始值：16.49777'>16.50</span>", "<span data-toggle='tooltip' data-placement='right' title='原始值：758.9688'>759.0</span>", "<span data-toggle='tooltip' data-placement='right' title='原始值：51.66425'>51.7</span>", "<span data-toggle='tooltip' data-placement='right' title='原始值：6.31'>6.31</span>", "<span data-toggle='tooltip' data-placement='right' title='原始值：0.08737'>0.087</span>", "<span data-toggle='tooltip' data-placement='right' title='原始值：0.13113'>0.131</span>", "<span data-toggle='tooltip' data-placement='right' title='原始值：4.74914'>4.75</span>", "*", "*", "正常"], ["山东省", "海河流域", "<span data-toggle='tooltip' data-placement='right' title='所在地市:聊城市&#10;所属河流:卫运河'>秤勾湾(秤钩湾)</span>", null, "", "--", "--", "--", "--", "--", "--", "--", "--", "--", "*", "*", "停站"], ["河南省", "长江流域", "<span data-toggle='tooltip' data-placement='right' title='所在地市:南阳市&#10;所属河流:丹江口水库'>陶岔</span>", "09-17 08:00", "Ⅱ", "<span data-toggle='tooltip' data-placement='right' title='原始值：26.46'>26.5</span>", "<span data-toggle='tooltip' data-placement='right' title='原始值：8.08649'>8.09</span>", "<span data-toggle='tooltip' data-placement='right' title='原始值：7.4744'>7.47</span>", "<span data-toggle='tooltip' data-placement='right' title='原始值：297.7756'>297.8</span>", "<span data-toggle='tooltip' data-placement='right' title='原始值：2.22254'>2.2</span>", "<span data-toggle='tooltip' data-placement='right' title='原始值：2.39'>2.39</span>", "<span data-toggle='tooltip' data-placement='right' title='原始值：0.01207'>0.012</span>", "<span data-toggle='tooltip' data-placement='right' title='原始值：0.01029'>0.010</span>", "<span data-toggle='tooltip' data-placement='right' title='原始值：0.5983'>0.60</span>", "<span data-toggle='tooltip' data-placement='right' title='原始值：0.00587'>0.006</span>", "<span data-toggle='tooltip' data-placement='right' title='原始值：334621'>334621</span>", "正常"], ["河南省", "淮河流域", "<span data-toggle='tooltip' data-placement='right' title='所在地市:商丘市&#10;所属河流:浍河'>黄口</span>", "09-17 08:00", "Ⅳ", "<span data-toggle='tooltip' data-placement='right' title='原始值：22.1'>22.1</span>", "<span data-toggle='tooltip' data-placement='right' title='原始值：7.08'>7.08</span>", "<span data-toggle='tooltip' data-placement='right' title='原始值：4.75782'>4.76</span>", "<span data-toggle='tooltip' data-placement='right' title='原始值：1720.758'>1720.8</span>", "<span data-toggle='tooltip' data-placement='right' title='原始值：59.10394'>59.1</span>", "<span data-toggle='tooltip' data-placement='right' title='原始值：3.52'>3.52</span>", "<span data-toggle='tooltip' data-placement='right' title='原始值：0.04329'>0.043</span>", "<span data-toggle='tooltip' data-placement='right' title='原始值：0.0995'>0.100</span>", "<span data-toggle='tooltip' data-placement='right' title='原始值：7.83965'>7.84</span>", "*", "*", "正常"], ["河南省", "淮河流域", "<span data-toggle='tooltip' data-placement='right' title='所在地市:信阳市&#10;所属河流:史灌河'>蒋集</span>", "09-17 08:00", "Ⅲ", "<span data-toggle='tooltip' data-placement='right' title='原始值：27.8375'>27.8</span>", "<span data-toggle='tooltip' data-placement='right' title='原始值：7.05977'>7.06</span>", "<span data-toggle='tooltip' data-placement='right' title='原始值：5.22'>5.22</span>", "<span data-toggle='tooltip' data-placement='right' title='原始值：220.5157'>220.5</span>", "<span data-toggle='tooltip' data-placement='right' title='原始值：174.652'>174.7</span>", "<span data-toggle='tooltip' data-placement='right' title='原始值：2.86'>2.86</span>", "<span data-toggle='tooltip' data-placement='right' title='原始值：0.03558'>0.036</span>", "*", "*", "*", "*", "正常"], ["河南省", "淮河流域", "<span data-toggle='tooltip' data-placement='right' title='所在地市:信阳市&#10;所属河流:淮河'>淮滨水文站(淮滨)</span>", "09-17 08:00", "Ⅲ", "<span data-toggle='tooltip' data-placement='right' title='原始值：25.3'>25.3</span>", "<span data-toggle='tooltip' data-placement='right' title='原始值：7.1'>7.10</span>", "<span data-toggle='tooltip' data-placement='right' title='原始值：6.38937'>6.39</span>", "<span data-toggle='tooltip' data-placement='right' title='原始值：245.999'>246.0</span>", "<span data-toggle='tooltip' data-placement='right' title='原始值：63.85357'>63.9</span>", "<span data-toggle='tooltip' data-placement='right' title='原始值：2.86736'>2.87</span>", "<span data-toggle='tooltip' data-placement='right' title='原始值：0.11676'>0.117</span>", "<span data-toggle='tooltip' data-placement='right' title='原始值：0.15206'>0.152</span>", "<span data-toggle='tooltip' data-placement='right' title='原始值：1.28231'>1.28</span>", "*", "*", "正常"], ["河南省", "淮河流域", "<span data-toggle='tooltip' data-placement='right' title='所在地市:周口市&#10;所属河流:沙河'>沈丘闸</span>", "09-17 08:00", "Ⅳ", "<span data-toggle='tooltip' data-placement='right' title='原始值：25.83268'>25.8</span>", "<span data-toggle='tooltip' data-placement='right' title='原始值：7.29711'>7.30</span>", "<span data-toggle='tooltip' data-placement='right' title='原始值：3.45846'>3.46</span>", "<span data-toggle='tooltip' data-placement='right' title='原始值：903.9272'>903.9</span>", "<span data-toggle='tooltip' data-placement='right' title='原始值：24.01812'>24.0</span>", "<span data-toggle='tooltip' data-placement='right' title='原始值：3.55'>3.55</span>", "<span data-toggle='tooltip' data-placement='right' title='原始值：0.04'>0.040</span>", "*", "*", "*", "*", "正常"], ["河南省", "淮河流域", "<span data-toggle='tooltip' data-placement='right' title='所在地市:周口市&#10;所属河流:涡河'>鹿邑付桥(鹿邑付桥闸)</span>", "09-17 08:00", "Ⅲ", "<span data-toggle='tooltip' data-placement='right' title='原始值：25.24396'>25.2</span>", "<span data-toggle='tooltip' data-placement='right' title='原始值：8.46406'>8.46</span>", "<span data-toggle='tooltip' data-placement='right' title='原始值：8.69258'>8.69</span>", "<span data-toggle='tooltip' data-placement='right' title='原始值：1426.159'>1426.2</span>", "<span data-toggle='tooltip' data-placement='right' title='原始值：10.55446'>10.6</span>", "<span data-toggle='tooltip' data-placement='right' title='原始值：5.95'>5.95</span>", "<span data-toggle='tooltip' data-placement='right' title='原始值：0.05'>0.050</span>", "<span data-toggle='tooltip' data-placement='right' title='原始值：0.1604'>0.160</span>", "<span data-toggle='tooltip' data-placement='right' title='原始值：1.13959'>1.14</span>", "*", "*", "正常"], ["河南省", "淮河流域", "<span data-toggle='tooltip' data-placement='right' title='所在地市:驻马店市&#10;所属河流:洪河'>新蔡班台(班台)</span>", "09-17 08:00", "Ⅴ", "<span data-toggle='tooltip' data-placement='right' title='原始值：26.28633'>26.3</span>", "<span data-toggle='tooltip' data-placement='right' title='原始值：7.30766'>7.31</span>", "<span data-toggle='tooltip' data-placement='right' title='原始值：5.36783'>5.37</span>", "<span data-toggle='tooltip' data-placement='right' title='原始值：767.0339'>767.0</span>", "<span data-toggle='tooltip' data-placement='right' title='原始值：16.82024'>16.8</span>", "<span data-toggle='tooltip' data-placement='right' title='原始值：5.43'>5.43</span>", "<span data-toggle='tooltip' data-placement='right' title='原始值：0.09'>0.090</span>", "<span data-toggle='tooltip' data-placement='right' title='原始值：0.31995'>0.320</span>", "<span data-toggle='tooltip' data-placement='right' title='原始值：2.72414'>2.72</span>", "*", "*", "正常"], ["河南省", "黄河流域", "<span data-toggle='tooltip' data-placement='right' title='所在地市:济源市&#10;所属河流:黄河'>小浪底水库(小浪底)</span>", null, "", "--", "--", "--", "--", "--", "--", "--", "--", "--", "*", "*", "停站"], ["湖北省", "长江流域", "<span data-toggle='tooltip' data-placement='right' title='所在地市:武汉市&#10;所属河流:汉江'>宗关</span>", null, "", "--", "--", "--", "--", "--", "--", "--", "--", "--", "*", "*", "停站"], ["湖北省", "长江流域", "<span data-toggle='tooltip' data-placement='right' title='所在地市:十堰市&#10;所属河流:丹江口水库'>坝上中(胡家岭)</span>", "09-17 08:00", "Ⅱ", "<span data-toggle='tooltip' data-placement='right' title='原始值：27.01'>27.0</span>", "<span data-toggle='tooltip' data-placement='right' title='原始值：8.624068'>8.62</span>", "<span data-toggle='tooltip' data-placement='right' title='原始值：8.510219'>8.51</span>", "<span data-toggle='tooltip' data-placement='right' title='原始值：228.041'>228.0</span>", "<span data-toggle='tooltip' data-placement='right' title='原始值：3.090708'>3.1</span>", "<span data-toggle='tooltip' data-placement='right' title='原始值：2.65'>2.65</span>", "<span data-toggle='tooltip' data-placement='right' title='原始值：0.074'>0.074</span>", "<span data-toggle='tooltip' data-placement='right' title='原始值：0.013'>0.013</span>", "<span data-toggle='tooltip' data-placement='right' title='原始值：1.1399'>1.14</span>", "<span data-toggle='tooltip' data-placement='right' title='极值过滤'>--</span>", "<span data-toggle='tooltip' data-placement='right' title='原始值：1.3468E+07'>13468000</span>", "维护"], ["湖北省", "长江流域", "<span data-toggle='tooltip' data-placement='right' title='所在地市:宜昌市&#10;所属河流:长江'>南津关</span>", null, "", "--", "--", "--", "--", "--", "--", "--", "--", "--", "*", "*", "停站"], ["湖南省", "长江流域", "<span data-toggle='tooltip' data-placement='right' title='所在地市:长沙市&#10;所属河流:湘江'>新港</span>", "09-17 08:00", "Ⅱ", "<span data-toggle='tooltip' data-placement='right' title='原始值：25.94'>25.9</span>", "<span data-toggle='tooltip' data-placement='right' title='原始值：7.18'>7.18</span>", "<span data-toggle='tooltip' data-placement='right' title='原始值：6.19'>6.19</span>", "<span data-toggle='tooltip' data-placement='right' title='原始值：240.71'>240.7</span>", "<span data-toggle='tooltip' data-placement='right' title='原始值：42.4'>42.4</span>", "<span data-toggle='tooltip' data-placement='right' title='原始值：2.03'>2.03</span>", "<span data-toggle='tooltip' data-placement='right' title='原始值：0.005'>0.005</span>", "<span data-toggle='tooltip' data-placement='right' title='原始值：0.054'>0.054</span>", "<span data-toggle='tooltip' data-placement='right' title='原始值：1.54'>1.54</span>", "*", "*", "正常"], ["湖南省", "长江流域", "<span data-toggle='tooltip' data-placement='right' title='所在地市:岳阳市&#10;所属河流:洞庭湖'>岳阳楼</span>", "09-17 08:00", "Ⅳ", "<span data-toggle='tooltip' data-placement='right' title='原始值：22.81'>22.8</span>", "<span data-toggle='tooltip' data-placement='right' title='原始值：7.902063'>7.90</span>", "<span data-toggle='tooltip' data-placement='right' title='原始值：6.31879'>6.32</span>", "<span data-toggle='tooltip' data-placement='right' title='原始值：262.5623'>262.6</span>", "<span data-toggle='tooltip' data-placement='right' title='原始值：44.43073'>44.4</span>", "<span data-toggle='tooltip' data-placement='right' title='原始值：2.5'>2.50</span>", "<span data-toggle='tooltip' data-placement='right' title='原始值：0.015'>0.015</span>", "<span data-toggle='tooltip' data-placement='right' title='原始值：0.098'>0.098</span>", "<span data-toggle='tooltip' data-placement='right' title='原始值：1.473'>1.47</span>", "<span data-toggle='tooltip' data-placement='right' title='原始值：0.0032344'>0.003</span>", "<span data-toggle='tooltip' data-placement='right' title='原始值：279.415'>279</span>", "正常"], ["湖南省", "长江流域", "<span data-toggle='tooltip' data-placement='right' title='所在地市:岳阳市&#10;所属河流:长江'>城陵矶</span>", "09-17 08:00", "Ⅲ", "<span data-toggle='tooltip' data-placement='right' title='原始值：23.92'>23.9</span>", "<span data-toggle='tooltip' data-placement='right' title='原始值：7.815185'>7.82</span>", "<span data-toggle='tooltip' data-placement='right' title='原始值：7.78503'>7.79</span>", "<span data-toggle='tooltip' data-placement='right' title='原始值：275.029'>275.0</span>", "<span data-toggle='tooltip' data-placement='right' title='原始值：73.08771'>73.1</span>", "<span data-toggle='tooltip' data-placement='right' title='原始值：2.21'>2.21</span>", "<span data-toggle='tooltip' data-placement='right' title='原始值：0.017'>0.017</span>", "<span data-toggle='tooltip' data-placement='right' title='原始值：0.104'>0.104</span>", "<span data-toggle='tooltip' data-placement='right' title='原始值：0.9628'>0.96</span>", "*", "*", "正常"], ["广东省", "珠江流域", "<span data-toggle='tooltip' data-placement='right' title='所在地市:清远市&#10;所属河流:北江'>七星岗</span>", "09-17 08:00", "Ⅲ", "<span data-toggle='tooltip' data-placement='right' title='原始值：30.7803'>30.8</span>", "<span data-toggle='tooltip' data-placement='right' title='原始值：7.37113'>7.37</span>", "<span data-toggle='tooltip' data-placement='right' title='原始值：5.29092'>5.29</span>", "<span data-toggle='tooltip' data-placement='right' title='原始值：228.7762'>228.8</span>", "<span data-toggle='tooltip' data-placement='right' title='原始值：17.65313'>17.7</span>", "<span data-toggle='tooltip' data-placement='right' title='原始值：1.33'>1.33</span>", "<span data-toggle='tooltip' data-placement='right' title='原始值：0.15244'>0.152</span>", "<span data-toggle='tooltip' data-placement='right' title='原始值：0.03063'>0.031</span>", "<span data-toggle='tooltip' data-placement='right' title='原始值：0.6438'>0.64</span>", "*", "*", "正常"], ["广东省", "珠江流域", "<span data-toggle='tooltip' data-placement='right' title='所在地市:中山市&#10;所属河流:西江'>横栏</span>", "09-17 08:00", "Ⅱ", "<span data-toggle='tooltip' data-placement='right' title='原始值：27.6'>27.6</span>", "<span data-toggle='tooltip' data-placement='right' title='原始值：7.79'>7.79</span>", "<span data-toggle='tooltip' data-placement='right' title='原始值：6.36'>6.36</span>", "<span data-toggle='tooltip' data-placement='right' title='原始值：271'>271.0</span>", "<span data-toggle='tooltip' data-placement='right' title='原始值：13.1'>13.1</span>", "<span data-toggle='tooltip' data-placement='right' title='原始值：1.24'>1.24</span>", "<span data-toggle='tooltip' data-placement='right' title='原始值：0.11628'>0.116</span>", "*", "*", "*", "*", "正常"], ["广西壮族自治区", "珠江流域", "<span data-toggle='tooltip' data-placement='right' title='所在地市:南宁市&#10;所属河流:邕江'>老口</span>", null, "", "--", "--", "--", "--", "--", "--", "--", "--", "--", "*", "*", "维护"], ["广西壮族自治区", "珠江流域", "<span data-toggle='tooltip' data-placement='right' title='所在地市:桂林市&#10;所属河流:漓江'>阳朔</span>", null, "", "--", "--", "--", "--", "--", "--", "--", "--", "--", "*", "*", "停站"], ["广西壮族自治区", "珠江流域", "<span data-toggle='tooltip' data-placement='right' title='所在地市:梧州市&#10;所属河流:浔江'>界首</span>", null, "", "--", "--", "--", "--", "--", "--", "--", "--", "--", "*", "*", "停站"], ["广西壮族自治区", "珠江流域", "<span data-toggle='tooltip' data-placement='right' title='所在地市:贵港市&#10;所属河流:浔江'>石嘴</span>", "09-17 08:00", "Ⅱ", "<span data-toggle='tooltip' data-placement='right' title='原始值：28.7177'>28.7</span>", "<span data-toggle='tooltip' data-placement='right' title='原始值：7.12227'>7.12</span>", "<span data-toggle='tooltip' data-placement='right' title='原始值：7.74008'>7.74</span>", "<span data-toggle='tooltip' data-placement='right' title='原始值：262.2914'>262.3</span>", "<span data-toggle='tooltip' data-placement='right' title='原始值：57.79124'>57.8</span>", "<span data-toggle='tooltip' data-placement='right' title='原始值：1.27'>1.27</span>", "<span data-toggle='tooltip' data-placement='right' title='原始值：0.13'>0.130</span>", "<span data-toggle='tooltip' data-placement='right' title='原始值：0.05005'>0.050</span>", "<span data-toggle='tooltip' data-placement='right' title='原始值：1.5196'>1.52</span>", "*", "*", "正常"], ["广西壮族自治区", "珠江流域", "<span data-toggle='tooltip' data-placement='right' title='所在地市:崇左市&#10;所属河流:平而河'>平而关</span>", "09-17 08:00", "Ⅱ", "<span data-toggle='tooltip' data-placement='right' title='原始值：28.70613'>28.7</span>", "<span data-toggle='tooltip' data-placement='right' title='原始值：7.85994'>7.86</span>", "<span data-toggle='tooltip' data-placement='right' title='原始值：6.52621'>6.53</span>", "<span data-toggle='tooltip' data-placement='right' title='原始值：245.8898'>245.9</span>", "<span data-toggle='tooltip' data-placement='right' title='原始值：29.45454'>29.5</span>", "<span data-toggle='tooltip' data-placement='right' title='原始值：1.395'>1.40</span>", "<span data-toggle='tooltip' data-placement='right' title='原始值：0.05'>0.050</span>", "*", "*", "*", "*", "正常"], ["重庆市", "长江流域", "<span data-toggle='tooltip' data-placement='right' title='所在地市:永川区&#10;所属河流:长江'>朱沱</span>", null, "", "--", "--", "--", "--", "--", "--", "--", "--", "--", "*", "*", "停站"], ["四川省", "长江流域", "<span data-toggle='tooltip' data-placement='right' title='所在地市:攀枝花市&#10;所属河流:金沙江'>龙洞</span>", null, "", "--", "--", "--", "--", "--", "--", "--", "--", "--", "*", "*", "停站"], ["四川省", "长江流域", "<span data-toggle='tooltip' data-placement='right' title='所在地市:泸州市&#10;所属河流:沱江'>沱江大桥(沱江二桥)</span>", "09-17 08:00", "Ⅲ", "<span data-toggle='tooltip' data-placement='right' title='原始值：25.4'>25.4</span>", "<span data-toggle='tooltip' data-placement='right' title='原始值：8.015745'>8.02</span>", "<span data-toggle='tooltip' data-placement='right' title='原始值：7.855904'>7.86</span>", "<span data-toggle='tooltip' data-placement='right' title='原始值：444.087'>444.1</span>", "<span data-toggle='tooltip' data-placement='right' title='原始值：74.94814'>74.9</span>", "<span data-toggle='tooltip' data-placement='right' title='原始值：2.97'>2.97</span>", "<span data-toggle='tooltip' data-placement='right' title='原始值：0.016'>0.016</span>", "<span data-toggle='tooltip' data-placement='right' title='原始值：0.156729'>0.157</span>", "<span data-toggle='tooltip' data-placement='right' title='原始值：3.351817'>3.35</span>", "*", "*", "正常"], ["四川省", "长江流域", "<span data-toggle='tooltip' data-placement='right' title='所在地市:广元市&#10;所属河流:嘉陵江'>清风峡</span>", "09-17 08:00", "Ⅰ", "<span data-toggle='tooltip' data-placement='right' title='原始值：20.59999'>20.6</span>", "<span data-toggle='tooltip' data-placement='right' title='原始值：8.27964'>8.28</span>", "<span data-toggle='tooltip' data-placement='right' title='原始值：8.77908'>8.78</span>", "<span data-toggle='tooltip' data-placement='right' title='原始值：392.3889'>392.4</span>", "<span data-toggle='tooltip' data-placement='right' title='原始值：41.30558'>41.3</span>", "<span data-toggle='tooltip' data-placement='right' title='原始值：0.93'>0.93</span>", "<span data-toggle='tooltip' data-placement='right' title='原始值：0.09857'>0.099</span>", "*", "*", "*", "*", "正常"], ["四川省", "长江流域", "<span data-toggle='tooltip' data-placement='right' title='所在地市:乐山市&#10;所属河流:岷江'>岷江大桥</span>", null, "", "--", "--", "--", "--", "--", "--", "--", "--", "--", "*", "*", "停站"], ["四川省", "长江流域", "<span data-toggle='tooltip' data-placement='right' title='所在地市:宜宾市&#10;所属河流:岷江'>凉姜沟</span>", null, "", "--", "--", "--", "--", "--", "--", "--", "--", "--", "*", "*", "停站"], ["云南省", "滇池流域", "<span data-toggle='tooltip' data-placement='right' title='所在地市:昆明市&#10;所属河流:滇池'>西苑隧道</span>", "09-17 08:00", "Ⅴ", "<span data-toggle='tooltip' data-placement='right' title='原始值：21.87'>21.9</span>", "<span data-toggle='tooltip' data-placement='right' title='原始值：7.60761'>7.61</span>", "<span data-toggle='tooltip' data-placement='right' title='原始值：3.731'>3.73</span>", "<span data-toggle='tooltip' data-placement='right' title='原始值：550.3123'>550.3</span>", "<span data-toggle='tooltip' data-placement='right' title='原始值：32.56198'>32.6</span>", "<span data-toggle='tooltip' data-placement='right' title='原始值：9.77001'>9.77</span>", "<span data-toggle='tooltip' data-placement='right' title='原始值：1.45484'>1.455</span>", "<span data-toggle='tooltip' data-placement='right' title='原始值：0.14473'>0.145</span>", "<span data-toggle='tooltip' data-placement='right' title='原始值：4.05121'>4.05</span>", "<span data-toggle='tooltip' data-placement='right' title='原始值：0.00256'>0.003</span>", "<span data-toggle='tooltip' data-placement='right' title='原始值：1.50047E+07'>15004700</span>", "正常"], ["云南省", "滇池流域", "<span data-toggle='tooltip' data-placement='right' title='所在地市:昆明市&#10;所属河流:滇池'>观音山</span>", "09-17 08:00", "Ⅳ", "<span data-toggle='tooltip' data-placement='right' title='原始值：22.93808'>22.9</span>", "<span data-toggle='tooltip' data-placement='right' title='原始值：8.02474'>8.02</span>", "<span data-toggle='tooltip' data-placement='right' title='原始值：4.43836'>4.44</span>", "<span data-toggle='tooltip' data-placement='right' title='原始值：432.7878'>432.8</span>", "<span data-toggle='tooltip' data-placement='right' title='原始值：39.35664'>39.4</span>", "<span data-toggle='tooltip' data-placement='right' title='原始值：8.96154'>8.96</span>", "<span data-toggle='tooltip' data-placement='right' title='原始值：0.47'>0.470</span>", "<span data-toggle='tooltip' data-placement='right' title='原始值：0.0811'>0.081</span>", "<span data-toggle='tooltip' data-placement='right' title='原始值：2.072'>2.07</span>", "<span data-toggle='tooltip' data-placement='right' title='原始值：0.00306'>0.003</span>", "<span data-toggle='tooltip' data-placement='right' title='原始值：3.39309E+07'>33930900</span>", "正常"], ["云南省", "西南诸河", "<span data-toggle='tooltip' data-placement='right' title='所在地市:红河哈尼族彝族自治州&#10;所属河流:红河'>河口县医院(河口)</span>", "09-17 08:00", "Ⅲ", "<span data-toggle='tooltip' data-placement='right' title='原始值：26.19153'>26.2</span>", "<span data-toggle='tooltip' data-placement='right' title='原始值：7.01503'>7.02</span>", "<span data-toggle='tooltip' data-placement='right' title='原始值：7.63842'>7.64</span>", "<span data-toggle='tooltip' data-placement='right' title='原始值：192.2711'>192.3</span>", "<span data-toggle='tooltip' data-placement='right' title='原始值：65.73126'>65.7</span>", "<span data-toggle='tooltip' data-placement='right' title='原始值：3.32008'>3.32</span>", "<span data-toggle='tooltip' data-placement='right' title='原始值：0.002'>0.002</span>", "<span data-toggle='tooltip' data-placement='right' title='原始值：0.13661'>0.137</span>", "<span data-toggle='tooltip' data-placement='right' title='原始值：1.73105'>1.73</span>", "*", "*", "正常"], ["云南省", "西南诸河", "<span data-toggle='tooltip' data-placement='right' title='所在地市:西双版纳傣族自治州&#10;所属河流:澜沧江'>橄榄坝</span>", "09-17 08:00", "Ⅱ", "<span data-toggle='tooltip' data-placement='right' title='原始值：19.85328'>19.9</span>", "<span data-toggle='tooltip' data-placement='right' title='原始值：7.57082'>7.57</span>", "<span data-toggle='tooltip' data-placement='right' title='原始值：6.44384'>6.44</span>", "<span data-toggle='tooltip' data-placement='right' title='原始值：494.5434'>494.5</span>", "<span data-toggle='tooltip' data-placement='right' title='原始值：30.83396'>30.8</span>", "<span data-toggle='tooltip' data-placement='right' title='原始值：0.39'>0.39</span>", "<span data-toggle='tooltip' data-placement='right' title='原始值：0.09068'>0.091</span>", "*", "*", "*", "*", "正常"], ["陕西省", "黄河流域", "<span data-toggle='tooltip' data-placement='right' title='所在地市:渭南市&#10;所属河流:渭河'>潼关吊桥</span>", null, "", "--", "--", "--", "--", "--", "--", "--", "--", "--", "*", "*", "停站"], ["甘肃省", "黄河流域", "<span data-toggle='tooltip' data-placement='right' title='所在地市:兰州市&#10;所属河流:黄河'>新城桥</span>", "09-17 08:00", "", "<span data-toggle='tooltip' data-placement='right' title='原始值：20.07932'>20.1</span>", "<span data-toggle='tooltip' data-placement='right' title='原始值：6.04642'>6.05</span>", "<span data-toggle='tooltip' data-placement='right' title='原始值：6.23007'>6.23</span>", "<span data-toggle='tooltip' data-placement='right' title='原始值：471.7408'>471.7</span>", "<span data-toggle='tooltip' data-placement='right' title='原始值：21.81366'>21.8</span>", "<span data-toggle='tooltip' data-placement='right' title='极值过滤'>--</span>", "<span data-toggle='tooltip' data-placement='right' title='原始值：0.39'>0.390</span>", "<span data-toggle='tooltip' data-placement='right' title='原始值：0.01384'>0.014</span>", "<span data-toggle='tooltip' data-placement='right' title='原始值：1.77457'>1.77</span>", "*", "*", "维护"], ["宁夏回族自治区", "黄河流域", "<span data-toggle='tooltip' data-placement='right' title='所在地市:中卫市&#10;所属河流:黄河'>中卫下河沿(新墩)</span>", "09-17 08:00", "Ⅳ", "<span data-toggle='tooltip' data-placement='right' title='原始值：17.77709'>17.8</span>", "<span data-toggle='tooltip' data-placement='right' title='原始值：7.88321'>7.88</span>", "<span data-toggle='tooltip' data-placement='right' title='原始值：7.82413'>7.82</span>", "<span data-toggle='tooltip' data-placement='right' title='原始值：602.7061'>602.7</span>", "<span data-toggle='tooltip' data-placement='right' title='原始值：711.7205'>711.7</span>", "<span data-toggle='tooltip' data-placement='right' title='原始值：3.83'>3.83</span>", "<span data-toggle='tooltip' data-placement='right' title='原始值：0.07'>0.070</span>", "<span data-toggle='tooltip' data-placement='right' title='原始值：0.267'>0.267</span>", "<span data-toggle='tooltip' data-placement='right' title='原始值：2.2377'>2.24</span>", "*", "*", "正常"]]}