{"result": 1, "total": 1, "records": 98, "thead": ["省份", "流域", "断面名称", "监测时间", "水质类别", "水温<br/><span class='unit'>(℃)</span>", "pH<br/><span class='unit'>(无量纲)</span>", "溶解氧<br/><span class='unit'>(mg/L)</span>", "电导率<br/><span class='unit'>(μS/cm)</span>", "浊度<br/><span class='unit'>(NTU)</span>", "高锰酸盐指数<br/><span class='unit'>(mg/L)</span>", "氨氮<br/><span class='unit'>(mg/L)</span>", "总磷<br/><span class='unit'>(mg/L)</span>", "总氮<br/><span class='unit'>(mg/L)</span>", "叶绿素α<br/><span class='unit'>(mg/L)</span>", "藻密度<br/><span class='unit'>(cells/L)</span>", "站点情况"], "tbody": [["北京市", "海河流域", "<span data-toggle='tooltip' data-placement='right' title='所在地市:门头沟区&#10;所属河流:永定河'>沿河城</span>", "09-01 08:00", "", "<span data-toggle='tooltip' data-placement='right' title='原始值：22.29135'>22.3</span>", "<span data-toggle='tooltip' data-placement='right' title='原始值：8.25266'>8.25</span>", "<span data-toggle='tooltip' data-placement='right' title='原始值：8.08285'>8.08</span>", "<span data-toggle='tooltip' data-placement='right' title='原始值：1510.922'>1510.9</span>", "<span data-toggle='tooltip' data-placement='right' title='原始值：44.21857'>44.2</span>", "<span data-toggle='tooltip' data-placement='right' title='原始值：6.33'>6.33</span>", "<span data-toggle='tooltip' data-placement='right' title='极值过滤'>--</span>", "<span data-toggle='tooltip' data-placement='right' title='原始值：0.06494'>0.065</span>", "<span data-toggle='tooltip' data-placement='right' title='原始值：1.32371'>1.32</span>", "*", "*", "维护"], ["北京市", "海河流域", "<span data-toggle='tooltip' data-placement='right' title='所在地市:密云区&#10;所属河流:潮河'>古北口</span>", "09-01 08:00", "Ⅱ", "<span data-toggle='tooltip' data-placement='right' title='原始值：22.31308'>22.3</span>", "<span data-toggle='tooltip' data-placement='right' title='原始值：7.13843'>7.14</span>", "<span data-toggle='tooltip' data-placement='right' title='原始值：7.48012'>7.48</span>", "<span data-toggle='tooltip' data-placement='right' title='原始值：661.9784'>662.0</span>", "<span data-toggle='tooltip' data-placement='right' title='原始值：4.37301'>4.4</span>", "<span data-toggle='tooltip' data-placement='right' title='原始值：2.12'>2.12</span>", "<span data-toggle='tooltip' data-placement='right' title='原始值：0.2'>0.200</span>", "<span data-toggle='tooltip' data-placement='right' title='原始值：0.0021'>0.002</span>", "<span data-toggle='tooltip' data-placement='right' title='原始值：5.9674'>5.97</span>", "*", "*", "正常"], ["天津市", "海河流域", "<span data-toggle='tooltip' data-placement='right' title='所在地市:河北区&#10;所属河流:海河'>三岔口</span>", "09-01 08:00", "", "<span data-toggle='tooltip' data-placement='right' title='原始值：27.7619'>27.8</span>", "<span data-toggle='tooltip' data-placement='right' title='原始值：7.4864'>7.49</span>", "<span data-toggle='tooltip' data-placement='right' title='原始值：5.909'>5.91</span>", "<span data-toggle='tooltip' data-placement='right' title='原始值：260.1474'>260.1</span>", "<span data-toggle='tooltip' data-placement='right' title='原始值：6.78'>6.8</span>", "<span data-toggle='tooltip' data-placement='right' title='极值过滤'>--</span>", "<span data-toggle='tooltip' data-placement='right' title='原始值：0.17'>0.170</span>", "<span data-toggle='tooltip' data-placement='right' title='原始值：0.0021'>0.002</span>", "<span data-toggle='tooltip' data-placement='right' title='原始值：0.8451'>0.85</span>", "*", "*", "维护"], ["天津市", "海河流域", "<span data-toggle='tooltip' data-placement='right' title='所在地市:蓟州区&#10;所属河流:果河'>果河桥</span>", "09-01 08:00", "劣Ⅴ", "<span data-toggle='tooltip' data-placement='right' title='原始值：27'>27.0</span>", "<span data-toggle='tooltip' data-placement='right' title='原始值：9.01'>9.01</span>", "<span data-toggle='tooltip' data-placement='right' title='原始值：14.636'>14.64</span>", "<span data-toggle='tooltip' data-placement='right' title='原始值：503.687'>503.7</span>", "<span data-toggle='tooltip' data-placement='right' title='原始值：8.473'>8.5</span>", "<span data-toggle='tooltip' data-placement='right' title='原始值：3.9879'>3.99</span>", "<span data-toggle='tooltip' data-placement='right' title='原始值：0.18'>0.180</span>", "<span data-toggle='tooltip' data-placement='right' title='原始值：0.0805'>0.080</span>", "<span data-toggle='tooltip' data-placement='right' title='原始值：6.0474'>6.05</span>", "*", "*", "正常"], ["河北省", "海河流域", "<span data-toggle='tooltip' data-placement='right' title='所在地市:石家庄市&#10;所属河流:滹沱河'>岗南水库</span>", "09-01 08:00", "", "<span data-toggle='tooltip' data-placement='right' title='原始值：26.41125'>26.4</span>", "<span data-toggle='tooltip' data-placement='right' title='原始值：8.34189'>8.34</span>", "<span data-toggle='tooltip' data-placement='right' title='原始值：7.77998'>7.78</span>", "<span data-toggle='tooltip' data-placement='right' title='原始值：566.1583'>566.2</span>", "<span data-toggle='tooltip' data-placement='right' title='原始值：2.9724'>3.0</span>", "<span data-toggle='tooltip' data-placement='right' title='原始值：2.40515'>2.41</span>", "<span data-toggle='tooltip' data-placement='right' title='原始值：0.02'>0.020</span>", "<span data-toggle='tooltip' data-placement='right' title='极值过滤'>--</span>", "<span data-toggle='tooltip' data-placement='right' title='原始值：3.09692'>3.10</span>", "*", "*", "维护"], ["河北省", "海河流域", "<span data-toggle='tooltip' data-placement='right' title='所在地市:张家口市&#10;所属河流:永定河'>八号桥</span>", "09-01 08:00", "Ⅲ", "<span data-toggle='tooltip' data-placement='right' title='原始值：22.76367'>22.8</span>", "<span data-toggle='tooltip' data-placement='right' title='原始值：7.81218'>7.81</span>", "<span data-toggle='tooltip' data-placement='right' title='原始值：7.10477'>7.10</span>", "<span data-toggle='tooltip' data-placement='right' title='原始值：1012.888'>1012.9</span>", "<span data-toggle='tooltip' data-placement='right' title='原始值：74.67173'>74.7</span>", "<span data-toggle='tooltip' data-placement='right' title='原始值：4.61'>4.61</span>", "<span data-toggle='tooltip' data-placement='right' title='原始值：0.19'>0.190</span>", "<span data-toggle='tooltip' data-placement='right' title='原始值：0.1485'>0.148</span>", "<span data-toggle='tooltip' data-placement='right' title='原始值：2.255'>2.26</span>", "*", "*", "正常"], ["山西省", "黄河流域", "<span data-toggle='tooltip' data-placement='right' title='所在地市:运城市&#10;所属河流:汾河'>河津大桥</span>", "09-01 08:00", "Ⅲ", "<span data-toggle='tooltip' data-placement='right' title='原始值：27.20583'>27.2</span>", "<span data-toggle='tooltip' data-placement='right' title='原始值：8.04432'>8.04</span>", "<span data-toggle='tooltip' data-placement='right' title='原始值：6.53768'>6.54</span>", "<span data-toggle='tooltip' data-placement='right' title='原始值：1305.978'>1306.0</span>", "<span data-toggle='tooltip' data-placement='right' title='原始值：282.215'>282.2</span>", "<span data-toggle='tooltip' data-placement='right' title='原始值：6'>6.00</span>", "<span data-toggle='tooltip' data-placement='right' title='原始值：0.11'>0.110</span>", "*", "*", "*", "*", "正常"], ["山西省", "黄河流域", "<span data-toggle='tooltip' data-placement='right' title='所在地市:忻州市&#10;所属河流:黄河'>万家寨水库</span>", null, "", "--", "--", "--", "--", "--", "--", "--", "--", "--", "*", "*", "停站"], ["内蒙古自治区", "黄河流域", "<span data-toggle='tooltip' data-placement='right' title='所在地市:包头市&#10;所属河流:黄河'>画匠营子</span>", "09-01 08:00", "Ⅱ", "<span data-toggle='tooltip' data-placement='right' title='原始值：20.34661'>20.3</span>", "<span data-toggle='tooltip' data-placement='right' title='原始值：7.65779'>7.66</span>", "<span data-toggle='tooltip' data-placement='right' title='原始值：6.97884'>6.98</span>", "<span data-toggle='tooltip' data-placement='right' title='原始值：653.5259'>653.5</span>", "<span data-toggle='tooltip' data-placement='right' title='原始值：1876.127'>1876.1</span>", "<span data-toggle='tooltip' data-placement='right' title='原始值：3.61944'>3.62</span>", "<span data-toggle='tooltip' data-placement='right' title='原始值：0.0441'>0.044</span>", "*", "*", "*", "*", "正常"], ["内蒙古自治区", "黄河流域", "<span data-toggle='tooltip' data-placement='right' title='所在地市:乌海市&#10;所属河流:黄河'>海勃湾</span>", "09-01 08:00", "Ⅱ", "<span data-toggle='tooltip' data-placement='right' title='原始值：19.5175'>19.5</span>", "<span data-toggle='tooltip' data-placement='right' title='原始值：7.78382'>7.78</span>", "<span data-toggle='tooltip' data-placement='right' title='原始值：6.4951'>6.50</span>", "<span data-toggle='tooltip' data-placement='right' title='原始值：473.2585'>473.3</span>", "<span data-toggle='tooltip' data-placement='right' title='原始值：506.3503'>506.4</span>", "<span data-toggle='tooltip' data-placement='right' title='原始值：3.22'>3.22</span>", "<span data-toggle='tooltip' data-placement='right' title='原始值：0.12'>0.120</span>", "*", "*", "*", "*", "正常"], ["内蒙古自治区", "松花江流域", "<span data-toggle='tooltip' data-placement='right' title='所在地市:呼伦贝尔市&#10;所属河流:额尔古纳河'>黑山头</span>", null, "", "--", "--", "--", "--", "--", "--", "--", "--", "--", "*", "*", "停站"], ["辽宁省", "辽河流域", "<span data-toggle='tooltip' data-placement='right' title='所在地市:抚顺市&#10;所属河流:浑河'>大伙房水库</span>", "09-01 08:00", "", "<span data-toggle='tooltip' data-placement='right' title='原始值：25.96701'>26.0</span>", "<span data-toggle='tooltip' data-placement='right' title='原始值：7.21369'>7.21</span>", "<span data-toggle='tooltip' data-placement='right' title='原始值：7.8428'>7.84</span>", "<span data-toggle='tooltip' data-placement='right' title='原始值：323.6874'>323.7</span>", "<span data-toggle='tooltip' data-placement='right' title='原始值：3.47365'>3.5</span>", "<span data-toggle='tooltip' data-placement='right' title='原始值：1.65812'>1.66</span>", "<span data-toggle='tooltip' data-placement='right' title='原始值：0.14'>0.140</span>", "<span data-toggle='tooltip' data-placement='right' title='极值过滤'>--</span>", "<span data-toggle='tooltip' data-placement='right' title='原始值：1.79966'>1.80</span>", "<span data-toggle='tooltip' data-placement='right' title='极值过滤'>--</span>", "*", "维护"], ["辽宁省", "辽河流域", "<span data-toggle='tooltip' data-placement='right' title='所在地市:丹东市&#10;所属河流:鸭绿江'>江桥</span>", "09-01 08:00", "Ⅱ", "<span data-toggle='tooltip' data-placement='right' title='原始值：21.5'>21.5</span>", "<span data-toggle='tooltip' data-placement='right' title='原始值：6.89'>6.89</span>", "<span data-toggle='tooltip' data-placement='right' title='原始值：7.20742'>7.21</span>", "<span data-toggle='tooltip' data-placement='right' title='原始值：145.75'>145.8</span>", "<span data-toggle='tooltip' data-placement='right' title='原始值：3.35158'>3.4</span>", "<span data-toggle='tooltip' data-placement='right' title='原始值：0.87'>0.87</span>", "<span data-toggle='tooltip' data-placement='right' title='原始值：0.03166'>0.032</span>", "<span data-toggle='tooltip' data-placement='right' title='原始值：0.04396'>0.044</span>", "<span data-toggle='tooltip' data-placement='right' title='原始值：3.10269'>3.10</span>", "*", "*", "正常"], ["辽宁省", "辽河流域", "<span data-toggle='tooltip' data-placement='right' title='所在地市:营口市&#10;所属河流:大辽河'>辽河公园</span>", "09-01 08:00", "Ⅳ", "<span data-toggle='tooltip' data-placement='right' title='原始值：25.04253'>25.0</span>", "<span data-toggle='tooltip' data-placement='right' title='原始值：6.88923'>6.89</span>", "<span data-toggle='tooltip' data-placement='right' title='原始值：4.33846'>4.34</span>", "<span data-toggle='tooltip' data-placement='right' title='原始值：910.9446'>910.9</span>", "<span data-toggle='tooltip' data-placement='right' title='原始值：70.3918'>70.4</span>", "<span data-toggle='tooltip' data-placement='right' title='原始值：5.21657'>5.22</span>", "<span data-toggle='tooltip' data-placement='right' title='原始值：0.37224'>0.372</span>", "<span data-toggle='tooltip' data-placement='right' title='原始值：0.18543'>0.185</span>", "<span data-toggle='tooltip' data-placement='right' title='原始值：3.75134'>3.75</span>", "*", "*", "正常"], ["辽宁省", "辽河流域", "<span data-toggle='tooltip' data-placement='right' title='所在地市:辽阳市&#10;所属河流:太子河'>汤河水库</span>", "09-01 08:00", "", "<span data-toggle='tooltip' data-placement='right' title='原始值：18.44924'>18.4</span>", "<span data-toggle='tooltip' data-placement='right' title='原始值：7.59'>7.59</span>", "<span data-toggle='tooltip' data-placement='right' title='极值过滤'>--</span>", "<span data-toggle='tooltip' data-placement='right' title='原始值：498.5076'>498.5</span>", "<span data-toggle='tooltip' data-placement='right' title='原始值：97.42138'>97.4</span>", "<span data-toggle='tooltip' data-placement='right' title='原始值：0.4'>0.40</span>", "<span data-toggle='tooltip' data-placement='right' title='原始值：0.06703'>0.067</span>", "<span data-toggle='tooltip' data-placement='right' title='极值过滤'>--</span>", "<span data-toggle='tooltip' data-placement='right' title='原始值：1.30317'>1.30</span>", "*", "*", "维护"], ["辽宁省", "辽河流域", "<span data-toggle='tooltip' data-placement='right' title='所在地市:盘锦市&#10;所属河流:辽河'>盘锦兴安(兴安)</span>", "09-01 08:00", "Ⅴ", "<span data-toggle='tooltip' data-placement='right' title='原始值：24.46486'>24.5</span>", "<span data-toggle='tooltip' data-placement='right' title='原始值：6.74909'>6.75</span>", "<span data-toggle='tooltip' data-placement='right' title='原始值：6.24205'>6.24</span>", "<span data-toggle='tooltip' data-placement='right' title='原始值：492.4266'>492.4</span>", "<span data-toggle='tooltip' data-placement='right' title='原始值：517.7963'>517.8</span>", "<span data-toggle='tooltip' data-placement='right' title='原始值：3.11971'>3.12</span>", "<span data-toggle='tooltip' data-placement='right' title='原始值：0.12'>0.120</span>", "<span data-toggle='tooltip' data-placement='right' title='原始值：0.33189'>0.332</span>", "<span data-toggle='tooltip' data-placement='right' title='原始值：3.01976'>3.02</span>", "*", "*", "正常"], ["辽宁省", "辽河流域", "<span data-toggle='tooltip' data-placement='right' title='所在地市:铁岭市&#10;所属河流:辽河'>珠尔山</span>", "09-01 08:00", "Ⅴ", "<span data-toggle='tooltip' data-placement='right' title='原始值：24.28891'>24.3</span>", "<span data-toggle='tooltip' data-placement='right' title='原始值：7.16934'>7.17</span>", "<span data-toggle='tooltip' data-placement='right' title='原始值：7.52231'>7.52</span>", "<span data-toggle='tooltip' data-placement='right' title='原始值：443.3505'>443.4</span>", "<span data-toggle='tooltip' data-placement='right' title='原始值：261.794'>261.8</span>", "<span data-toggle='tooltip' data-placement='right' title='原始值：8.10108'>8.10</span>", "<span data-toggle='tooltip' data-placement='right' title='原始值：0.17'>0.170</span>", "<span data-toggle='tooltip' data-placement='right' title='原始值：0.31965'>0.320</span>", "<span data-toggle='tooltip' data-placement='right' title='原始值：4.81929'>4.82</span>", "*", "*", "正常"], ["吉林省", "松花江流域", "<span data-toggle='tooltip' data-placement='right' title='所在地市:长春市&#10;所属河流:松花江'>松花江村</span>", null, "", "--", "--", "--", "--", "--", "--", "--", "--", "--", "*", "*", "停站"], ["吉林省", "松花江流域", "<span data-toggle='tooltip' data-placement='right' title='所在地市:白城市&#10;所属河流:嫩江'>白沙滩</span>", null, "", "--", "--", "--", "--", "--", "--", "--", "--", "--", "*", "*", "停站"], ["吉林省", "松花江流域", "<span data-toggle='tooltip' data-placement='right' title='所在地市:延边朝鲜族自治州&#10;所属河流:图们江'>圈河</span>", null, "", "--", "--", "--", "--", "--", "--", "--", "--", "--", "*", "*", "停站"], ["黑龙江省", "松花江流域", "<span data-toggle='tooltip' data-placement='right' title='所在地市:大庆市&#10;所属河流:松花江'>肇源</span>", null, "", "--", "--", "--", "--", "--", "--", "--", "--", "--", "*", "*", "维护"], ["黑龙江省", "松花江流域", "<span data-toggle='tooltip' data-placement='right' title='所在地市:佳木斯市&#10;所属河流:乌苏里江'>乌苏镇</span>", null, "", "--", "--", "--", "--", "--", "--", "--", "--", "--", "*", "*", "停站"], ["黑龙江省", "松花江流域", "<span data-toggle='tooltip' data-placement='right' title='所在地市:佳木斯市&#10;所属河流:松花江'>同江</span>", "09-01 04:00", "", "<span data-toggle='tooltip' data-placement='right' title='原始值：18.45432'>18.5</span>", "<span data-toggle='tooltip' data-placement='right' title='原始值：7.00001'>7.00</span>", "<span data-toggle='tooltip' data-placement='right' title='原始值：8.75002'>8.75</span>", "<span data-toggle='tooltip' data-placement='right' title='原始值：163.0862'>163.1</span>", "<span data-toggle='tooltip' data-placement='right' title='原始值：276.0084'>276.0</span>", "<span data-toggle='tooltip' data-placement='right' title='原始值：9.19356'>9.19</span>", "<span data-toggle='tooltip' data-placement='right' title='极值过滤'>--</span>", "<span data-toggle='tooltip' data-placement='right' title='原始值：0.20801'>0.208</span>", "<span data-toggle='tooltip' data-placement='right' title='原始值：1.22047'>1.22</span>", "*", "*", "维护"], ["黑龙江省", "松花江流域", "<span data-toggle='tooltip' data-placement='right' title='所在地市:黑河市&#10;所属河流:黑龙江'>黑河下(黑河)</span>", null, "", "--", "--", "--", "--", "--", "--", "--", "--", "--", "*", "*", "维护"], ["上海市", "长江流域", "<span data-toggle='tooltip' data-placement='right' title='所在地市:青浦区&#10;所属河流:淀山湖'>急水港桥</span>", "09-01 08:00", "Ⅴ", "<span data-toggle='tooltip' data-placement='right' title='原始值：30.9'>30.9</span>", "<span data-toggle='tooltip' data-placement='right' title='原始值：7.4'>7.40</span>", "<span data-toggle='tooltip' data-placement='right' title='原始值：3.45'>3.45</span>", "<span data-toggle='tooltip' data-placement='right' title='原始值：492'>492.0</span>", "<span data-toggle='tooltip' data-placement='right' title='原始值：216.1'>216.1</span>", "<span data-toggle='tooltip' data-placement='right' title='原始值：4.625'>4.62</span>", "<span data-toggle='tooltip' data-placement='right' title='原始值：0.46176'>0.462</span>", "<span data-toggle='tooltip' data-placement='right' title='原始值：0.10254'>0.103</span>", "<span data-toggle='tooltip' data-placement='right' title='原始值：1.04688'>1.05</span>", "<span data-toggle='tooltip' data-placement='right' title='原始值：0.00487'>0.005</span>", "<span data-toggle='tooltip' data-placement='right' title='原始值：1.067636E+07'>10676360</span>", "正常"], ["江苏省", "长江流域", "<span data-toggle='tooltip' data-placement='right' title='所在地市:南京市&#10;所属河流:长江'>林山</span>", "09-01 08:00", "Ⅱ", "<span data-toggle='tooltip' data-placement='right' title='原始值：28.6168'>28.6</span>", "<span data-toggle='tooltip' data-placement='right' title='原始值：7.59344'>7.59</span>", "<span data-toggle='tooltip' data-placement='right' title='原始值：6.85512'>6.86</span>", "<span data-toggle='tooltip' data-placement='right' title='原始值：316.981'>317.0</span>", "<span data-toggle='tooltip' data-placement='right' title='原始值：177.464'>177.5</span>", "<span data-toggle='tooltip' data-placement='right' title='原始值：2.31'>2.31</span>", "<span data-toggle='tooltip' data-placement='right' title='原始值：0.065'>0.065</span>", "*", "*", "*", "*", "正常"], ["江苏省", "太湖流域", "<span data-toggle='tooltip' data-placement='right' title='所在地市:无锡市&#10;所属河流:太湖'>沙渚</span>", "09-01 08:00", "劣Ⅴ", "<span data-toggle='tooltip' data-placement='right' title='原始值：28.73385'>28.7</span>", "<span data-toggle='tooltip' data-placement='right' title='原始值：7.749634'>7.75</span>", "<span data-toggle='tooltip' data-placement='right' title='原始值：6.067039'>6.07</span>", "<span data-toggle='tooltip' data-placement='right' title='原始值：621.3337'>621.3</span>", "<span data-toggle='tooltip' data-placement='right' title='原始值：66.67422'>66.7</span>", "<span data-toggle='tooltip' data-placement='right' title='原始值：5.88'>5.88</span>", "<span data-toggle='tooltip' data-placement='right' title='原始值：2.45'>2.450</span>", "<span data-toggle='tooltip' data-placement='right' title='原始值：0.2892'>0.289</span>", "<span data-toggle='tooltip' data-placement='right' title='原始值：0.8366'>0.84</span>", "*", "*", "正常"], ["江苏省", "淮河流域", "<span data-toggle='tooltip' data-placement='right' title='所在地市:徐州市&#10;所属河流:武河'>小红圈</span>", null, "", "--", "--", "--", "--", "--", "--", "--", "--", "--", "*", "*", "维护"], ["江苏省", "淮河流域", "<span data-toggle='tooltip' data-placement='right' title='所在地市:徐州市&#10;所属河流:沿河'>李集桥</span>", "09-01 08:00", "Ⅲ", "<span data-toggle='tooltip' data-placement='right' title='原始值：29.05'>29.0</span>", "<span data-toggle='tooltip' data-placement='right' title='原始值：7.83'>7.83</span>", "<span data-toggle='tooltip' data-placement='right' title='原始值：6.12'>6.12</span>", "<span data-toggle='tooltip' data-placement='right' title='原始值：872.9'>872.9</span>", "<span data-toggle='tooltip' data-placement='right' title='原始值：16.36'>16.4</span>", "<span data-toggle='tooltip' data-placement='right' title='原始值：5.01'>5.01</span>", "<span data-toggle='tooltip' data-placement='right' title='原始值：0.115'>0.115</span>", "<span data-toggle='tooltip' data-placement='right' title='原始值：0.123'>0.123</span>", "<span data-toggle='tooltip' data-placement='right' title='原始值：1.251'>1.25</span>", "*", "*", "正常"], ["江苏省", "淮河流域", "<span data-toggle='tooltip' data-placement='right' title='所在地市:徐州市&#10;所属河流:邳苍分洪道'>艾山西大桥</span>", "09-01 08:00", "Ⅳ", "<span data-toggle='tooltip' data-placement='right' title='原始值：26.239'>26.2</span>", "<span data-toggle='tooltip' data-placement='right' title='原始值：7.82755'>7.83</span>", "<span data-toggle='tooltip' data-placement='right' title='原始值：5.15893'>5.16</span>", "<span data-toggle='tooltip' data-placement='right' title='原始值：935.287'>935.3</span>", "<span data-toggle='tooltip' data-placement='right' title='原始值：22.0006'>22.0</span>", "<span data-toggle='tooltip' data-placement='right' title='原始值：3.07'>3.07</span>", "<span data-toggle='tooltip' data-placement='right' title='原始值：0.15'>0.150</span>", "<span data-toggle='tooltip' data-placement='right' title='原始值：0.28412'>0.284</span>", "<span data-toggle='tooltip' data-placement='right' title='原始值：11.48752'>11.49</span>", "*", "*", "正常"], ["江苏省", "太湖流域", "<span data-toggle='tooltip' data-placement='right' title='所在地市:苏州市&#10;所属河流:太湖'>兰山嘴(老)</span>", "09-01 08:00", "Ⅲ", "<span data-toggle='tooltip' data-placement='right' title='原始值：30.93399'>30.9</span>", "<span data-toggle='tooltip' data-placement='right' title='原始值：8.38172'>8.38</span>", "<span data-toggle='tooltip' data-placement='right' title='原始值：9.47792'>9.48</span>", "<span data-toggle='tooltip' data-placement='right' title='原始值：324.3528'>324.4</span>", "<span data-toggle='tooltip' data-placement='right' title='原始值：53.42403'>53.4</span>", "<span data-toggle='tooltip' data-placement='right' title='原始值：5.23'>5.23</span>", "<span data-toggle='tooltip' data-placement='right' title='原始值：0.23'>0.230</span>", "<span data-toggle='tooltip' data-placement='right' title='原始值：0.14661'>0.147</span>", "<span data-toggle='tooltip' data-placement='right' title='原始值：1.58085'>1.58</span>", "*", "*", "正常"], ["江苏省", "太湖流域", "<span data-toggle='tooltip' data-placement='right' title='所在地市:苏州市&#10;所属河流:太湖'>西山</span>", "09-01 08:00", "Ⅲ", "<span data-toggle='tooltip' data-placement='right' title='原始值：31.17778'>31.2</span>", "<span data-toggle='tooltip' data-placement='right' title='原始值：7.44324'>7.44</span>", "<span data-toggle='tooltip' data-placement='right' title='原始值：6.74656'>6.75</span>", "<span data-toggle='tooltip' data-placement='right' title='原始值：242.246'>242.2</span>", "<span data-toggle='tooltip' data-placement='right' title='原始值：63.49215'>63.5</span>", "<span data-toggle='tooltip' data-placement='right' title='原始值：1.91'>1.91</span>", "<span data-toggle='tooltip' data-placement='right' title='原始值：0.09'>0.090</span>", "<span data-toggle='tooltip' data-placement='right' title='原始值：0.0493'>0.049</span>", "<span data-toggle='tooltip' data-placement='right' title='原始值：0.6269'>0.63</span>", "*", "*", "正常"], ["江苏省", "淮河流域", "<span data-toggle='tooltip' data-placement='right' title='所在地市:连云港市&#10;所属河流:新沭河'>大兴桥</span>", null, "", "--", "--", "--", "--", "--", "--", "--", "--", "--", "*", "*", "停站"], ["江苏省", "淮河流域", "<span data-toggle='tooltip' data-placement='right' title='所在地市:淮安市&#10;所属河流:淮河'>淮河大桥</span>", "09-01 08:00", "Ⅳ", "<span data-toggle='tooltip' data-placement='right' title='原始值：30.19572'>30.2</span>", "<span data-toggle='tooltip' data-placement='right' title='原始值：7.7647'>7.76</span>", "<span data-toggle='tooltip' data-placement='right' title='原始值：3.67641'>3.68</span>", "<span data-toggle='tooltip' data-placement='right' title='原始值：352.6855'>352.7</span>", "<span data-toggle='tooltip' data-placement='right' title='原始值：71.07385'>71.1</span>", "<span data-toggle='tooltip' data-placement='right' title='原始值：6.18'>6.18</span>", "<span data-toggle='tooltip' data-placement='right' title='原始值：0.18'>0.180</span>", "<span data-toggle='tooltip' data-placement='right' title='原始值：0.0552'>0.055</span>", "<span data-toggle='tooltip' data-placement='right' title='原始值：0.4765'>0.48</span>", "*", "*", "正常"], ["江苏省", "长江流域", "<span data-toggle='tooltip' data-placement='right' title='所在地市:扬州市&#10;所属河流:夹江'>三江营</span>", "09-01 08:00", "Ⅳ", "<span data-toggle='tooltip' data-placement='right' title='原始值：30.47'>30.5</span>", "<span data-toggle='tooltip' data-placement='right' title='原始值：7.75'>7.75</span>", "<span data-toggle='tooltip' data-placement='right' title='原始值：4.91'>4.91</span>", "<span data-toggle='tooltip' data-placement='right' title='原始值：363.71'>363.7</span>", "<span data-toggle='tooltip' data-placement='right' title='原始值：104.79'>104.8</span>", "<span data-toggle='tooltip' data-placement='right' title='原始值：4.824'>4.82</span>", "<span data-toggle='tooltip' data-placement='right' title='原始值：0.176'>0.176</span>", "<span data-toggle='tooltip' data-placement='right' title='原始值：0.144'>0.144</span>", "<span data-toggle='tooltip' data-placement='right' title='原始值：1.82'>1.82</span>", "*", "*", "正常"], ["江苏省", "淮河流域", "<span data-toggle='tooltip' data-placement='right' title='所在地市:宿迁市&#10;所属河流:新濉河'>大屈</span>", "09-01 08:00", "Ⅳ", "<span data-toggle='tooltip' data-placement='right' title='原始值：28.4'>28.4</span>", "<span data-toggle='tooltip' data-placement='right' title='原始值：7.68'>7.68</span>", "<span data-toggle='tooltip' data-placement='right' title='原始值：5.79'>5.79</span>", "<span data-toggle='tooltip' data-placement='right' title='原始值：696.5'>696.5</span>", "<span data-toggle='tooltip' data-placement='right' title='原始值：41.65'>41.6</span>", "<span data-toggle='tooltip' data-placement='right' title='原始值：6.68'>6.68</span>", "<span data-toggle='tooltip' data-placement='right' title='原始值：0.18'>0.180</span>", "<span data-toggle='tooltip' data-placement='right' title='原始值：0.234'>0.234</span>", "<span data-toggle='tooltip' data-placement='right' title='原始值：1.548'>1.55</span>", "*", "*", "正常"], ["浙江省", "浙闽片河流", "<span data-toggle='tooltip' data-placement='right' title='所在地市:杭州市&#10;所属河流:新安江'>街口(鸠坑口)</span>", "09-01 08:00", "Ⅱ", "<span data-toggle='tooltip' data-placement='right' title='原始值：27.53'>27.5</span>", "<span data-toggle='tooltip' data-placement='right' title='原始值：8.66'>8.66</span>", "<span data-toggle='tooltip' data-placement='right' title='原始值：7.83'>7.83</span>", "<span data-toggle='tooltip' data-placement='right' title='原始值：156.71'>156.7</span>", "<span data-toggle='tooltip' data-placement='right' title='原始值：28.15'>28.2</span>", "<span data-toggle='tooltip' data-placement='right' title='原始值：1.536'>1.54</span>", "<span data-toggle='tooltip' data-placement='right' title='原始值：0.002'>0.002</span>", "<span data-toggle='tooltip' data-placement='right' title='原始值：0.026'>0.026</span>", "<span data-toggle='tooltip' data-placement='right' title='原始值：0.786'>0.79</span>", "*", "*", "正常"], ["浙江省", "太湖流域", "<span data-toggle='tooltip' data-placement='right' title='所在地市:嘉兴市&#10;所属河流:斜路港河'>斜路港</span>", "09-01 08:00", "劣Ⅴ", "<span data-toggle='tooltip' data-placement='right' title='原始值：30.7'>30.7</span>", "<span data-toggle='tooltip' data-placement='right' title='原始值：6.9'>6.90</span>", "<span data-toggle='tooltip' data-placement='right' title='原始值：1.71'>1.71</span>", "<span data-toggle='tooltip' data-placement='right' title='原始值：418'>418.0</span>", "<span data-toggle='tooltip' data-placement='right' title='原始值：366.5'>366.5</span>", "<span data-toggle='tooltip' data-placement='right' title='原始值：4.05'>4.05</span>", "<span data-toggle='tooltip' data-placement='right' title='原始值：0.34846'>0.348</span>", "<span data-toggle='tooltip' data-placement='right' title='原始值：0.10315'>0.103</span>", "<span data-toggle='tooltip' data-placement='right' title='原始值：0.46235'>0.46</span>", "*", "*", "正常"], ["浙江省", "太湖流域", "<span data-toggle='tooltip' data-placement='right' title='所在地市:嘉兴市&#10;所属河流:京杭运河'>王江泾</span>", "09-01 08:00", "Ⅲ", "<span data-toggle='tooltip' data-placement='right' title='原始值：30.1'>30.1</span>", "<span data-toggle='tooltip' data-placement='right' title='原始值：7.11'>7.11</span>", "<span data-toggle='tooltip' data-placement='right' title='原始值：7.05'>7.05</span>", "<span data-toggle='tooltip' data-placement='right' title='原始值：454.02'>454.0</span>", "<span data-toggle='tooltip' data-placement='right' title='原始值：50.24'>50.2</span>", "<span data-toggle='tooltip' data-placement='right' title='原始值：4.263'>4.26</span>", "<span data-toggle='tooltip' data-placement='right' title='原始值：0.083'>0.083</span>", "<span data-toggle='tooltip' data-placement='right' title='原始值：0.082'>0.082</span>", "<span data-toggle='tooltip' data-placement='right' title='原始值：0.906'>0.91</span>", "*", "*", "正常"], ["浙江省", "太湖流域", "<span data-toggle='tooltip' data-placement='right' title='所在地市:湖州市&#10;所属河流:西苕溪'>新港口(新塘港)</span>", "09-01 08:00", "Ⅲ", "<span data-toggle='tooltip' data-placement='right' title='原始值：30.4646'>30.5</span>", "<span data-toggle='tooltip' data-placement='right' title='原始值：8.52976'>8.53</span>", "<span data-toggle='tooltip' data-placement='right' title='原始值：8.48412'>8.48</span>", "<span data-toggle='tooltip' data-placement='right' title='原始值：345.821'>345.8</span>", "<span data-toggle='tooltip' data-placement='right' title='原始值：67.6301'>67.6</span>", "<span data-toggle='tooltip' data-placement='right' title='原始值：4.18154'>4.18</span>", "<span data-toggle='tooltip' data-placement='right' title='原始值：0.15312'>0.153</span>", "<span data-toggle='tooltip' data-placement='right' title='原始值：0.07079'>0.071</span>", "<span data-toggle='tooltip' data-placement='right' title='原始值：4.5594'>4.56</span>", "*", "*", "正常"], ["安徽省", "巢湖流域", "<span data-toggle='tooltip' data-placement='right' title='所在地市:合肥市&#10;所属河流:巢湖'>湖滨(老)</span>", "09-01 08:00", "Ⅴ", "<span data-toggle='tooltip' data-placement='right' title='原始值：29.51319'>29.5</span>", "<span data-toggle='tooltip' data-placement='right' title='原始值：6.76865'>6.77</span>", "<span data-toggle='tooltip' data-placement='right' title='原始值：4.09284'>4.09</span>", "<span data-toggle='tooltip' data-placement='right' title='原始值：253.1496'>253.1</span>", "<span data-toggle='tooltip' data-placement='right' title='原始值：116.8103'>116.8</span>", "<span data-toggle='tooltip' data-placement='right' title='原始值：4.39'>4.39</span>", "<span data-toggle='tooltip' data-placement='right' title='原始值：0.33'>0.330</span>", "<span data-toggle='tooltip' data-placement='right' title='原始值：0.1086'>0.109</span>", "<span data-toggle='tooltip' data-placement='right' title='原始值：2.156'>2.16</span>", "<span data-toggle='tooltip' data-placement='right' title='原始值：0.03876'>0.039</span>", "*", "正常"], ["安徽省", "巢湖流域", "<span data-toggle='tooltip' data-placement='right' title='所在地市:芜湖市&#10;所属河流:巢湖'>裕溪口(老)</span>", null, "", "--", "--", "--", "--", "--", "--", "--", "--", "--", "*", "*", "停站"], ["安徽省", "淮河流域", "<span data-toggle='tooltip' data-placement='right' title='所在地市:蚌埠市&#10;所属河流:淮河'>蚌埠闸上(蚌埠闸)</span>", null, "", "--", "--", "--", "--", "--", "--", "--", "--", "--", "*", "*", "停站"], ["安徽省", "淮河流域", "<span data-toggle='tooltip' data-placement='right' title='所在地市:淮南市&#10;所属河流:淮河'>石头埠(老)</span>", "09-01 08:00", "Ⅳ", "<span data-toggle='tooltip' data-placement='right' title='原始值：25.3578'>25.4</span>", "<span data-toggle='tooltip' data-placement='right' title='原始值：7.33159'>7.33</span>", "<span data-toggle='tooltip' data-placement='right' title='原始值：4.20402'>4.20</span>", "<span data-toggle='tooltip' data-placement='right' title='原始值：301.7307'>301.7</span>", "<span data-toggle='tooltip' data-placement='right' title='原始值：21.8661'>21.9</span>", "<span data-toggle='tooltip' data-placement='right' title='原始值：6.4'>6.40</span>", "<span data-toggle='tooltip' data-placement='right' title='原始值：0.04'>0.040</span>", "*", "*", "*", "*", "正常"], ["安徽省", "淮河流域", "<span data-toggle='tooltip' data-placement='right' title='所在地市:淮北市&#10;所属河流:沱河'>小王桥</span>", "09-01 08:00", "劣Ⅴ", "<span data-toggle='tooltip' data-placement='right' title='原始值：29.05'>29.0</span>", "<span data-toggle='tooltip' data-placement='right' title='原始值：8.14'>8.14</span>", "<span data-toggle='tooltip' data-placement='right' title='原始值：7.15'>7.15</span>", "<span data-toggle='tooltip' data-placement='right' title='原始值：1323.89'>1323.9</span>", "<span data-toggle='tooltip' data-placement='right' title='原始值：44.91'>44.9</span>", "<span data-toggle='tooltip' data-placement='right' title='原始值：11.034'>11.03</span>", "<span data-toggle='tooltip' data-placement='right' title='原始值：0.029'>0.029</span>", "<span data-toggle='tooltip' data-placement='right' title='原始值：0.542'>0.542</span>", "<span data-toggle='tooltip' data-placement='right' title='原始值：2.402'>2.40</span>", "*", "*", "正常"], ["安徽省", "长江流域", "<span data-toggle='tooltip' data-placement='right' title='所在地市:安庆市&#10;所属河流:长江'>皖河口</span>", null, "", "--", "--", "--", "--", "--", "--", "--", "--", "--", "*", "*", "停站"], ["安徽省", "淮河流域", "<span data-toggle='tooltip' data-placement='right' title='所在地市:滁州市&#10;所属河流:淮河'>小柳巷</span>", null, "", "--", "--", "--", "--", "--", "--", "--", "--", "--", "*", "*", "停站"], ["安徽省", "淮河流域", "<span data-toggle='tooltip' data-placement='right' title='所在地市:阜阳市&#10;所属河流:黑茨河'>张大桥</span>", null, "", "--", "--", "--", "--", "--", "--", "--", "--", "--", "*", "*", "停站"], ["安徽省", "淮河流域", "<span data-toggle='tooltip' data-placement='right' title='所在地市:阜阳市&#10;所属河流:淮河'>王家坝</span>", "09-01 08:00", "Ⅳ", "<span data-toggle='tooltip' data-placement='right' title='原始值：28.99999'>29.0</span>", "<span data-toggle='tooltip' data-placement='right' title='原始值：7.99738'>8.00</span>", "<span data-toggle='tooltip' data-placement='right' title='原始值：5.24442'>5.24</span>", "<span data-toggle='tooltip' data-placement='right' title='原始值：811.465'>811.5</span>", "<span data-toggle='tooltip' data-placement='right' title='原始值：46.83535'>46.8</span>", "<span data-toggle='tooltip' data-placement='right' title='原始值：4.86'>4.86</span>", "<span data-toggle='tooltip' data-placement='right' title='原始值：0.001'>0.001</span>", "<span data-toggle='tooltip' data-placement='right' title='原始值：0.27993'>0.280</span>", "<span data-toggle='tooltip' data-placement='right' title='原始值：2.16464'>2.16</span>", "*", "*", "正常"], ["安徽省", "淮河流域", "<span data-toggle='tooltip' data-placement='right' title='所在地市:阜阳市&#10;所属河流:颍河'>界首七渡口(七渡口)</span>", "09-01 08:00", "劣Ⅴ", "<span data-toggle='tooltip' data-placement='right' title='原始值：29.07422'>29.1</span>", "<span data-toggle='tooltip' data-placement='right' title='原始值：7.78585'>7.79</span>", "<span data-toggle='tooltip' data-placement='right' title='原始值：1.64813'>1.65</span>", "<span data-toggle='tooltip' data-placement='right' title='原始值：818.5734'>818.6</span>", "<span data-toggle='tooltip' data-placement='right' title='原始值：21.00019'>21.0</span>", "<span data-toggle='tooltip' data-placement='right' title='原始值：3.84'>3.84</span>", "<span data-toggle='tooltip' data-placement='right' title='原始值：0.44'>0.440</span>", "<span data-toggle='tooltip' data-placement='right' title='原始值：0.10244'>0.102</span>", "<span data-toggle='tooltip' data-placement='right' title='原始值：3.24774'>3.25</span>", "*", "*", "正常"], ["安徽省", "淮河流域", "<span data-toggle='tooltip' data-placement='right' title='所在地市:阜阳市&#10;所属河流:泉河'>许庄(徐庄)</span>", null, "", "--", "--", "--", "--", "--", "--", "--", "--", "--", "*", "*", "维护"], ["安徽省", "淮河流域", "<span data-toggle='tooltip' data-placement='right' title='所在地市:宿州市&#10;所属河流:奎河'>杨庄</span>", "09-01 08:00", "Ⅳ", "<span data-toggle='tooltip' data-placement='right' title='原始值：28.65'>28.6</span>", "<span data-toggle='tooltip' data-placement='right' title='原始值：7.57'>7.57</span>", "<span data-toggle='tooltip' data-placement='right' title='原始值：3.84'>3.84</span>", "<span data-toggle='tooltip' data-placement='right' title='原始值：802.3'>802.3</span>", "<span data-toggle='tooltip' data-placement='right' title='原始值：142.69'>142.7</span>", "<span data-toggle='tooltip' data-placement='right' title='原始值：4.66'>4.66</span>", "<span data-toggle='tooltip' data-placement='right' title='原始值：0.932'>0.932</span>", "*", "*", "*", "*", "正常"], ["安徽省", "淮河流域", "<span data-toggle='tooltip' data-placement='right' title='所在地市:宿州市&#10;所属河流:新汴河'>泗县公路桥</span>", "09-01 08:00", "Ⅳ", "<span data-toggle='tooltip' data-placement='right' title='原始值：29.8'>29.8</span>", "<span data-toggle='tooltip' data-placement='right' title='原始值：8.08'>8.08</span>", "<span data-toggle='tooltip' data-placement='right' title='原始值：7.77'>7.77</span>", "<span data-toggle='tooltip' data-placement='right' title='原始值：991.9'>991.9</span>", "<span data-toggle='tooltip' data-placement='right' title='原始值：57.72'>57.7</span>", "<span data-toggle='tooltip' data-placement='right' title='原始值：6.92'>6.92</span>", "<span data-toggle='tooltip' data-placement='right' title='原始值：0.07'>0.070</span>", "*", "*", "*", "*", "正常"], ["安徽省", "淮河流域", "<span data-toggle='tooltip' data-placement='right' title='所在地市:亳州市&#10;所属河流:包河'>颜集</span>", "09-01 08:00", "Ⅳ", "<span data-toggle='tooltip' data-placement='right' title='原始值：27.1'>27.1</span>", "<span data-toggle='tooltip' data-placement='right' title='原始值：7.62'>7.62</span>", "<span data-toggle='tooltip' data-placement='right' title='原始值：5.35'>5.35</span>", "<span data-toggle='tooltip' data-placement='right' title='原始值：1261.9'>1261.9</span>", "<span data-toggle='tooltip' data-placement='right' title='原始值：141.03'>141.0</span>", "<span data-toggle='tooltip' data-placement='right' title='原始值：5.18'>5.18</span>", "<span data-toggle='tooltip' data-placement='right' title='原始值：0.13'>0.130</span>", "<span data-toggle='tooltip' data-placement='right' title='原始值：0.247'>0.247</span>", "<span data-toggle='tooltip' data-placement='right' title='原始值：1.582'>1.58</span>", "*", "*", "正常"], ["福建省", "浙闽片河流", "<span data-toggle='tooltip' data-placement='right' title='所在地市:福州市&#10;所属河流:闽江'>白岩潭</span>", null, "", "--", "--", "--", "--", "--", "--", "--", "*", "*", "*", "*", "维护"], ["江西省", "长江流域", "<span data-toggle='tooltip' data-placement='right' title='所在地市:南昌市&#10;所属河流:赣江南支'>滁槎</span>", null, "", "--", "--", "--", "--", "--", "--", "--", "--", "--", "*", "*", "停站"], ["江西省", "长江流域", "<span data-toggle='tooltip' data-placement='right' title='所在地市:九江市&#10;所属河流:长江'>姚港(河西水厂)</span>", "09-01 08:00", "Ⅳ", "<span data-toggle='tooltip' data-placement='right' title='原始值：27.57'>27.6</span>", "<span data-toggle='tooltip' data-placement='right' title='原始值：7.35'>7.35</span>", "<span data-toggle='tooltip' data-placement='right' title='原始值：5.84'>5.84</span>", "<span data-toggle='tooltip' data-placement='right' title='原始值：282.49'>282.5</span>", "<span data-toggle='tooltip' data-placement='right' title='原始值：173.77'>173.8</span>", "<span data-toggle='tooltip' data-placement='right' title='原始值：2.928'>2.93</span>", "<span data-toggle='tooltip' data-placement='right' title='原始值：0.216'>0.216</span>", "<span data-toggle='tooltip' data-placement='right' title='原始值：0.284'>0.284</span>", "<span data-toggle='tooltip' data-placement='right' title='原始值：2.78'>2.78</span>", "*", "*", "正常"], ["江西省", "长江流域", "<span data-toggle='tooltip' data-placement='right' title='所在地市:九江市&#10;所属河流:鄱阳湖'>蛤蟆石</span>", "09-01 08:00", "", "<span data-toggle='tooltip' data-placement='right' title='原始值：31.51'>31.5</span>", "<span data-toggle='tooltip' data-placement='right' title='原始值：6.78'>6.78</span>", "<span data-toggle='tooltip' data-placement='right' title='原始值：5.93'>5.93</span>", "<span data-toggle='tooltip' data-placement='right' title='原始值：84.45'>84.4</span>", "<span data-toggle='tooltip' data-placement='right' title='原始值：19.84'>19.8</span>", "<span data-toggle='tooltip' data-placement='right' title='原始值：1.843'>1.84</span>", "<span data-toggle='tooltip' data-placement='right' title='极值过滤'>--</span>", "<span data-toggle='tooltip' data-placement='right' title='原始值：0.02'>0.020</span>", "<span data-toggle='tooltip' data-placement='right' title='原始值：0.49'>0.49</span>", "<span data-toggle='tooltip' data-placement='right' title='原始值：0.00632'>0.006</span>", "<span data-toggle='tooltip' data-placement='right' title='原始值：1802840'>1802840</span>", "维护"], ["山东省", "黄河流域", "<span data-toggle='tooltip' data-placement='right' title='所在地市:济南市&#10;所属河流:黄河'>泺口</span>", "09-01 08:00", "Ⅱ", "<span data-toggle='tooltip' data-placement='right' title='原始值：27.5319'>27.5</span>", "<span data-toggle='tooltip' data-placement='right' title='原始值：7.97146'>7.97</span>", "<span data-toggle='tooltip' data-placement='right' title='原始值：6.42493'>6.42</span>", "<span data-toggle='tooltip' data-placement='right' title='原始值：665.654'>665.7</span>", "<span data-toggle='tooltip' data-placement='right' title='原始值：1680.36'>1680.4</span>", "<span data-toggle='tooltip' data-placement='right' title='原始值：2.72'>2.72</span>", "<span data-toggle='tooltip' data-placement='right' title='原始值：0.21195'>0.212</span>", "<span data-toggle='tooltip' data-placement='right' title='原始值：0.0044'>0.004</span>", "<span data-toggle='tooltip' data-placement='right' title='原始值：3.536'>3.54</span>", "*", "*", "正常"], ["山东省", "淮河流域", "<span data-toggle='tooltip' data-placement='right' title='所在地市:枣庄市&#10;所属河流:京杭大运河（韩庄运河）'>台儿庄大桥</span>", null, "", "--", "--", "--", "--", "--", "--", "--", "--", "--", "*", "*", "停站"], ["山东省", "淮河流域", "<span data-toggle='tooltip' data-placement='right' title='所在地市:临沂市&#10;所属河流:沭河'>清泉寺</span>", null, "", "--", "--", "--", "--", "--", "--", "--", "--", "--", "*", "*", "停站"], ["山东省", "淮河流域", "<span data-toggle='tooltip' data-placement='right' title='所在地市:临沂市&#10;所属河流:沂河'>重坊桥</span>", null, "", "--", "--", "--", "--", "--", "--", "--", "--", "--", "*", "*", "停站"], ["山东省", "淮河流域", "<span data-toggle='tooltip' data-placement='right' title='所在地市:临沂市&#10;所属河流:白马河'>捷庄(涝沟桥)</span>", "09-01 08:00", "Ⅳ", "<span data-toggle='tooltip' data-placement='right' title='原始值：28'>28.0</span>", "<span data-toggle='tooltip' data-placement='right' title='原始值：7.39992'>7.40</span>", "<span data-toggle='tooltip' data-placement='right' title='原始值：12.32203'>12.32</span>", "<span data-toggle='tooltip' data-placement='right' title='原始值：811.75'>811.8</span>", "<span data-toggle='tooltip' data-placement='right' title='原始值：35.35246'>35.4</span>", "<span data-toggle='tooltip' data-placement='right' title='原始值：4.99'>4.99</span>", "<span data-toggle='tooltip' data-placement='right' title='原始值：0.0544'>0.054</span>", "<span data-toggle='tooltip' data-placement='right' title='原始值：0.25901'>0.259</span>", "<span data-toggle='tooltip' data-placement='right' title='原始值：6.82285'>6.82</span>", "*", "*", "正常"], ["山东省", "海河流域", "<span data-toggle='tooltip' data-placement='right' title='所在地市:聊城市&#10;所属河流:卫运河'>秤勾湾(秤钩湾)</span>", null, "", "--", "--", "--", "--", "--", "--", "--", "--", "--", "*", "*", "维护"], ["河南省", "长江流域", "<span data-toggle='tooltip' data-placement='right' title='所在地市:南阳市&#10;所属河流:丹江口水库'>陶岔</span>", "09-01 08:00", "Ⅱ", "<span data-toggle='tooltip' data-placement='right' title='原始值：28.13'>28.1</span>", "<span data-toggle='tooltip' data-placement='right' title='原始值：8.22899'>8.23</span>", "<span data-toggle='tooltip' data-placement='right' title='原始值：8.14333'>8.14</span>", "<span data-toggle='tooltip' data-placement='right' title='原始值：294.5721'>294.6</span>", "<span data-toggle='tooltip' data-placement='right' title='原始值：2.64315'>2.6</span>", "<span data-toggle='tooltip' data-placement='right' title='原始值：2.6'>2.60</span>", "<span data-toggle='tooltip' data-placement='right' title='原始值：0.02092'>0.021</span>", "<span data-toggle='tooltip' data-placement='right' title='原始值：0.01574'>0.016</span>", "<span data-toggle='tooltip' data-placement='right' title='原始值：0.69475'>0.69</span>", "<span data-toggle='tooltip' data-placement='right' title='原始值：0.0011'>0.001</span>", "<span data-toggle='tooltip' data-placement='right' title='原始值：95617.27'>95617</span>", "正常"], ["河南省", "淮河流域", "<span data-toggle='tooltip' data-placement='right' title='所在地市:商丘市&#10;所属河流:浍河'>黄口</span>", "09-01 08:00", "Ⅳ", "<span data-toggle='tooltip' data-placement='right' title='原始值：26.49961'>26.5</span>", "<span data-toggle='tooltip' data-placement='right' title='原始值：7.19125'>7.19</span>", "<span data-toggle='tooltip' data-placement='right' title='原始值：6.92125'>6.92</span>", "<span data-toggle='tooltip' data-placement='right' title='原始值：1563'>1563.0</span>", "<span data-toggle='tooltip' data-placement='right' title='原始值：77.30113'>77.3</span>", "<span data-toggle='tooltip' data-placement='right' title='原始值：4.5'>4.50</span>", "<span data-toggle='tooltip' data-placement='right' title='原始值：0.07324'>0.073</span>", "<span data-toggle='tooltip' data-placement='right' title='原始值：0.2042'>0.204</span>", "<span data-toggle='tooltip' data-placement='right' title='原始值：5.62299'>5.62</span>", "*", "*", "正常"], ["河南省", "淮河流域", "<span data-toggle='tooltip' data-placement='right' title='所在地市:信阳市&#10;所属河流:史灌河'>蒋集</span>", "09-01 08:00", "Ⅳ", "<span data-toggle='tooltip' data-placement='right' title='原始值：29.90937'>29.9</span>", "<span data-toggle='tooltip' data-placement='right' title='原始值：6.81101'>6.81</span>", "<span data-toggle='tooltip' data-placement='right' title='原始值：4.61988'>4.62</span>", "<span data-toggle='tooltip' data-placement='right' title='原始值：168.8672'>168.9</span>", "<span data-toggle='tooltip' data-placement='right' title='原始值：207.8705'>207.9</span>", "<span data-toggle='tooltip' data-placement='right' title='原始值：2.72'>2.72</span>", "<span data-toggle='tooltip' data-placement='right' title='原始值：0.04701'>0.047</span>", "*", "*", "*", "*", "正常"], ["河南省", "淮河流域", "<span data-toggle='tooltip' data-placement='right' title='所在地市:信阳市&#10;所属河流:淮河'>淮滨水文站(淮滨)</span>", null, "", "--", "--", "--", "--", "--", "--", "--", "--", "--", "*", "*", "维护"], ["河南省", "淮河流域", "<span data-toggle='tooltip' data-placement='right' title='所在地市:周口市&#10;所属河流:沙河'>沈丘闸</span>", "09-01 08:00", "Ⅲ", "<span data-toggle='tooltip' data-placement='right' title='原始值：28.35625'>28.4</span>", "<span data-toggle='tooltip' data-placement='right' title='原始值：7.61551'>7.62</span>", "<span data-toggle='tooltip' data-placement='right' title='原始值：7.50704'>7.51</span>", "<span data-toggle='tooltip' data-placement='right' title='原始值：889.045'>889.0</span>", "<span data-toggle='tooltip' data-placement='right' title='原始值：18.58521'>18.6</span>", "<span data-toggle='tooltip' data-placement='right' title='原始值：4.295'>4.30</span>", "<span data-toggle='tooltip' data-placement='right' title='原始值：0.05'>0.050</span>", "*", "*", "*", "*", "正常"], ["河南省", "淮河流域", "<span data-toggle='tooltip' data-placement='right' title='所在地市:周口市&#10;所属河流:涡河'>鹿邑付桥(鹿邑付桥闸)</span>", "09-01 08:00", "Ⅳ", "<span data-toggle='tooltip' data-placement='right' title='原始值：28.22112'>28.2</span>", "<span data-toggle='tooltip' data-placement='right' title='原始值：8.58111'>8.58</span>", "<span data-toggle='tooltip' data-placement='right' title='原始值：10.84488'>10.84</span>", "<span data-toggle='tooltip' data-placement='right' title='原始值：1382.497'>1382.5</span>", "<span data-toggle='tooltip' data-placement='right' title='原始值：8.45032'>8.5</span>", "<span data-toggle='tooltip' data-placement='right' title='原始值：7.77'>7.77</span>", "<span data-toggle='tooltip' data-placement='right' title='原始值：0.05'>0.050</span>", "<span data-toggle='tooltip' data-placement='right' title='原始值：0.1253'>0.125</span>", "<span data-toggle='tooltip' data-placement='right' title='原始值：1.0718'>1.07</span>", "*", "*", "正常"], ["河南省", "淮河流域", "<span data-toggle='tooltip' data-placement='right' title='所在地市:驻马店市&#10;所属河流:洪河'>新蔡班台(班台)</span>", "09-01 08:00", "Ⅴ", "<span data-toggle='tooltip' data-placement='right' title='原始值：28.07387'>28.1</span>", "<span data-toggle='tooltip' data-placement='right' title='原始值：7.0911'>7.09</span>", "<span data-toggle='tooltip' data-placement='right' title='原始值：6.22252'>6.22</span>", "<span data-toggle='tooltip' data-placement='right' title='原始值：672.6761'>672.7</span>", "<span data-toggle='tooltip' data-placement='right' title='原始值：65.70695'>65.7</span>", "<span data-toggle='tooltip' data-placement='right' title='原始值：4.31'>4.31</span>", "<span data-toggle='tooltip' data-placement='right' title='原始值：0.02'>0.020</span>", "<span data-toggle='tooltip' data-placement='right' title='原始值：0.37481'>0.375</span>", "<span data-toggle='tooltip' data-placement='right' title='原始值：2.88864'>2.89</span>", "*", "*", "正常"], ["河南省", "黄河流域", "<span data-toggle='tooltip' data-placement='right' title='所在地市:济源市&#10;所属河流:黄河'>小浪底水库(小浪底)</span>", null, "", "--", "--", "--", "--", "--", "--", "--", "--", "--", "*", "*", "维护"], ["湖北省", "长江流域", "<span data-toggle='tooltip' data-placement='right' title='所在地市:武汉市&#10;所属河流:汉江'>宗关</span>", null, "", "--", "--", "--", "--", "--", "--", "--", "--", "--", "*", "*", "停站"], ["湖北省", "长江流域", "<span data-toggle='tooltip' data-placement='right' title='所在地市:十堰市&#10;所属河流:丹江口水库'>坝上中(胡家岭)</span>", "09-01 08:00", "Ⅱ", "<span data-toggle='tooltip' data-placement='right' title='原始值：28.51'>28.5</span>", "<span data-toggle='tooltip' data-placement='right' title='原始值：8.656295'>8.66</span>", "<span data-toggle='tooltip' data-placement='right' title='原始值：8.561285'>8.56</span>", "<span data-toggle='tooltip' data-placement='right' title='原始值：225.62'>225.6</span>", "<span data-toggle='tooltip' data-placement='right' title='原始值：3.100082'>3.1</span>", "<span data-toggle='tooltip' data-placement='right' title='原始值：2.32'>2.32</span>", "<span data-toggle='tooltip' data-placement='right' title='原始值：0.068'>0.068</span>", "<span data-toggle='tooltip' data-placement='right' title='原始值：0.013'>0.013</span>", "<span data-toggle='tooltip' data-placement='right' title='原始值：1.114'>1.11</span>", "<span data-toggle='tooltip' data-placement='right' title='极值过滤'>--</span>", "<span data-toggle='tooltip' data-placement='right' title='原始值：4.654E+07'>46540000</span>", "维护"], ["湖北省", "长江流域", "<span data-toggle='tooltip' data-placement='right' title='所在地市:宜昌市&#10;所属河流:长江'>南津关</span>", "09-01 08:00", "劣Ⅴ", "<span data-toggle='tooltip' data-placement='right' title='原始值：24.12'>24.1</span>", "<span data-toggle='tooltip' data-placement='right' title='原始值：7.872655'>7.87</span>", "<span data-toggle='tooltip' data-placement='right' title='原始值：8.167616'>8.17</span>", "<span data-toggle='tooltip' data-placement='right' title='原始值：315.12'>315.1</span>", "<span data-toggle='tooltip' data-placement='right' title='原始值：453.3466'>453.3</span>", "<span data-toggle='tooltip' data-placement='right' title='原始值：4.7'>4.70</span>", "<span data-toggle='tooltip' data-placement='right' title='原始值：0.01'>0.010</span>", "<span data-toggle='tooltip' data-placement='right' title='原始值：2.257'>2.257</span>", "<span data-toggle='tooltip' data-placement='right' title='极值过滤'>--</span>", "*", "*", "维护"], ["湖南省", "长江流域", "<span data-toggle='tooltip' data-placement='right' title='所在地市:长沙市&#10;所属河流:湘江'>新港</span>", "09-01 08:00", "Ⅱ", "<span data-toggle='tooltip' data-placement='right' title='原始值：28.89'>28.9</span>", "<span data-toggle='tooltip' data-placement='right' title='原始值：7.37'>7.37</span>", "<span data-toggle='tooltip' data-placement='right' title='原始值：9.53'>9.53</span>", "<span data-toggle='tooltip' data-placement='right' title='原始值：238.79'>238.8</span>", "<span data-toggle='tooltip' data-placement='right' title='原始值：62.55'>62.6</span>", "<span data-toggle='tooltip' data-placement='right' title='原始值：3.75'>3.75</span>", "<span data-toggle='tooltip' data-placement='right' title='原始值：0.047'>0.047</span>", "<span data-toggle='tooltip' data-placement='right' title='原始值：0.038'>0.038</span>", "<span data-toggle='tooltip' data-placement='right' title='原始值：1.62'>1.62</span>", "*", "*", "正常"], ["湖南省", "长江流域", "<span data-toggle='tooltip' data-placement='right' title='所在地市:岳阳市&#10;所属河流:洞庭湖'>岳阳楼</span>", "09-01 08:00", "Ⅳ", "<span data-toggle='tooltip' data-placement='right' title='原始值：28.35'>28.4</span>", "<span data-toggle='tooltip' data-placement='right' title='原始值：7.689372'>7.69</span>", "<span data-toggle='tooltip' data-placement='right' title='原始值：4.559978'>4.56</span>", "<span data-toggle='tooltip' data-placement='right' title='原始值：287.4715'>287.5</span>", "<span data-toggle='tooltip' data-placement='right' title='原始值：20.06587'>20.1</span>", "<span data-toggle='tooltip' data-placement='right' title='原始值：2.63'>2.63</span>", "<span data-toggle='tooltip' data-placement='right' title='原始值：0.009'>0.009</span>", "<span data-toggle='tooltip' data-placement='right' title='原始值：0.075'>0.075</span>", "<span data-toggle='tooltip' data-placement='right' title='原始值：2.216'>2.22</span>", "<span data-toggle='tooltip' data-placement='right' title='原始值：0.0040937'>0.004</span>", "<span data-toggle='tooltip' data-placement='right' title='原始值：277.026'>277</span>", "正常"], ["湖南省", "长江流域", "<span data-toggle='tooltip' data-placement='right' title='所在地市:岳阳市&#10;所属河流:长江'>城陵矶</span>", "09-01 08:00", "", "<span data-toggle='tooltip' data-placement='right' title='原始值：27.92'>27.9</span>", "<span data-toggle='tooltip' data-placement='right' title='原始值：7.707658'>7.71</span>", "<span data-toggle='tooltip' data-placement='right' title='原始值：7.531146'>7.53</span>", "<span data-toggle='tooltip' data-placement='right' title='原始值：291.347'>291.3</span>", "<span data-toggle='tooltip' data-placement='right' title='原始值：382.7074'>382.7</span>", "<span data-toggle='tooltip' data-placement='right' title='原始值：3.35'>3.35</span>", "<span data-toggle='tooltip' data-placement='right' title='原始值：0.009'>0.009</span>", "<span data-toggle='tooltip' data-placement='right' title='极值过滤'>--</span>", "<span data-toggle='tooltip' data-placement='right' title='原始值：1.3835'>1.38</span>", "*", "*", "维护"], ["广东省", "珠江流域", "<span data-toggle='tooltip' data-placement='right' title='所在地市:清远市&#10;所属河流:北江'>七星岗</span>", "09-01 08:00", "Ⅱ", "<span data-toggle='tooltip' data-placement='right' title='原始值：33.6375'>33.6</span>", "<span data-toggle='tooltip' data-placement='right' title='原始值：7.46269'>7.46</span>", "<span data-toggle='tooltip' data-placement='right' title='原始值：6.82766'>6.83</span>", "<span data-toggle='tooltip' data-placement='right' title='原始值：246.3508'>246.4</span>", "<span data-toggle='tooltip' data-placement='right' title='原始值：20.47338'>20.5</span>", "<span data-toggle='tooltip' data-placement='right' title='原始值：1.86'>1.86</span>", "<span data-toggle='tooltip' data-placement='right' title='原始值：0.15175'>0.152</span>", "<span data-toggle='tooltip' data-placement='right' title='原始值：0.08282'>0.083</span>", "<span data-toggle='tooltip' data-placement='right' title='原始值：1.1905'>1.19</span>", "*", "*", "正常"], ["广东省", "珠江流域", "<span data-toggle='tooltip' data-placement='right' title='所在地市:中山市&#10;所属河流:西江'>横栏</span>", "09-01 08:00", "Ⅱ", "<span data-toggle='tooltip' data-placement='right' title='原始值：28.2'>28.2</span>", "<span data-toggle='tooltip' data-placement='right' title='原始值：7.77'>7.77</span>", "<span data-toggle='tooltip' data-placement='right' title='原始值：6.66'>6.66</span>", "<span data-toggle='tooltip' data-placement='right' title='原始值：244'>244.0</span>", "<span data-toggle='tooltip' data-placement='right' title='原始值：11.5'>11.5</span>", "<span data-toggle='tooltip' data-placement='right' title='原始值：0.02'>0.02</span>", "<span data-toggle='tooltip' data-placement='right' title='原始值：0.12373'>0.124</span>", "*", "*", "*", "*", "正常"], ["广西壮族自治区", "珠江流域", "<span data-toggle='tooltip' data-placement='right' title='所在地市:南宁市&#10;所属河流:邕江'>老口</span>", "09-01 08:00", "Ⅱ", "<span data-toggle='tooltip' data-placement='right' title='原始值：29.72422'>29.7</span>", "<span data-toggle='tooltip' data-placement='right' title='原始值：7.4893'>7.49</span>", "<span data-toggle='tooltip' data-placement='right' title='原始值：6.8514'>6.85</span>", "<span data-toggle='tooltip' data-placement='right' title='原始值：300.2643'>300.3</span>", "<span data-toggle='tooltip' data-placement='right' title='原始值：6.86118'>6.9</span>", "<span data-toggle='tooltip' data-placement='right' title='原始值：2.18568'>2.19</span>", "<span data-toggle='tooltip' data-placement='right' title='原始值：0.1046'>0.105</span>", "<span data-toggle='tooltip' data-placement='right' title='原始值：0.02925'>0.029</span>", "<span data-toggle='tooltip' data-placement='right' title='原始值：1.68638'>1.69</span>", "*", "*", "正常"], ["广西壮族自治区", "珠江流域", "<span data-toggle='tooltip' data-placement='right' title='所在地市:桂林市&#10;所属河流:漓江'>阳朔</span>", null, "", "--", "--", "--", "--", "--", "--", "--", "--", "--", "*", "*", "停站"], ["广西壮族自治区", "珠江流域", "<span data-toggle='tooltip' data-placement='right' title='所在地市:梧州市&#10;所属河流:浔江'>界首</span>", null, "", "--", "--", "--", "--", "--", "--", "--", "*", "*", "*", "*", "维护"], ["广西壮族自治区", "珠江流域", "<span data-toggle='tooltip' data-placement='right' title='所在地市:贵港市&#10;所属河流:浔江'>石嘴</span>", "09-01 08:00", "", "<span data-toggle='tooltip' data-placement='right' title='原始值：29.12845'>29.1</span>", "<span data-toggle='tooltip' data-placement='right' title='原始值：7.19722'>7.20</span>", "<span data-toggle='tooltip' data-placement='right' title='原始值：6.85597'>6.86</span>", "<span data-toggle='tooltip' data-placement='right' title='原始值：280.8987'>280.9</span>", "<span data-toggle='tooltip' data-placement='right' title='原始值：30.00959'>30.0</span>", "<span data-toggle='tooltip' data-placement='right' title='极值过滤'>--</span>", "<span data-toggle='tooltip' data-placement='right' title='原始值：0.23'>0.230</span>", "<span data-toggle='tooltip' data-placement='right' title='原始值：0.04432'>0.044</span>", "<span data-toggle='tooltip' data-placement='right' title='原始值：0.932'>0.93</span>", "*", "*", "维护"], ["广西壮族自治区", "珠江流域", "<span data-toggle='tooltip' data-placement='right' title='所在地市:崇左市&#10;所属河流:平而河'>平而关</span>", "09-01 08:00", "Ⅱ", "<span data-toggle='tooltip' data-placement='right' title='原始值：30.07972'>30.1</span>", "<span data-toggle='tooltip' data-placement='right' title='原始值：8.15747'>8.16</span>", "<span data-toggle='tooltip' data-placement='right' title='原始值：7.08233'>7.08</span>", "<span data-toggle='tooltip' data-placement='right' title='原始值：245.8656'>245.9</span>", "<span data-toggle='tooltip' data-placement='right' title='原始值：21.92847'>21.9</span>", "<span data-toggle='tooltip' data-placement='right' title='原始值：1.285'>1.28</span>", "<span data-toggle='tooltip' data-placement='right' title='原始值：0.1'>0.100</span>", "*", "*", "*", "*", "正常"], ["重庆市", "长江流域", "<span data-toggle='tooltip' data-placement='right' title='所在地市:永川区&#10;所属河流:长江'>朱沱</span>", null, "", "--", "--", "--", "--", "--", "--", "--", "--", "--", "*", "*", "停站"], ["四川省", "长江流域", "<span data-toggle='tooltip' data-placement='right' title='所在地市:攀枝花市&#10;所属河流:金沙江'>龙洞</span>", null, "", "--", "--", "--", "--", "--", "--", "--", "--", "--", "*", "*", "停站"], ["四川省", "长江流域", "<span data-toggle='tooltip' data-placement='right' title='所在地市:泸州市&#10;所属河流:沱江'>沱江大桥(沱江二桥)</span>", "09-01 08:00", "Ⅳ", "<span data-toggle='tooltip' data-placement='right' title='原始值：27.95'>28.0</span>", "<span data-toggle='tooltip' data-placement='right' title='原始值：8.00066'>8.00</span>", "<span data-toggle='tooltip' data-placement='right' title='原始值：7.406508'>7.41</span>", "<span data-toggle='tooltip' data-placement='right' title='原始值：426.0066'>426.0</span>", "<span data-toggle='tooltip' data-placement='right' title='原始值：142.6863'>142.7</span>", "<span data-toggle='tooltip' data-placement='right' title='原始值：3.51'>3.51</span>", "<span data-toggle='tooltip' data-placement='right' title='原始值：0.006'>0.006</span>", "<span data-toggle='tooltip' data-placement='right' title='原始值：0.204536'>0.205</span>", "<span data-toggle='tooltip' data-placement='right' title='原始值：5.253144'>5.25</span>", "*", "*", "正常"], ["四川省", "长江流域", "<span data-toggle='tooltip' data-placement='right' title='所在地市:广元市&#10;所属河流:嘉陵江'>清风峡</span>", null, "", "--", "--", "--", "--", "--", "--", "--", "--", "--", "*", "*", "停站"], ["四川省", "长江流域", "<span data-toggle='tooltip' data-placement='right' title='所在地市:乐山市&#10;所属河流:岷江'>岷江大桥</span>", null, "", "--", "--", "--", "--", "--", "--", "--", "--", "--", "*", "*", "停站"], ["四川省", "长江流域", "<span data-toggle='tooltip' data-placement='right' title='所在地市:宜宾市&#10;所属河流:岷江'>凉姜沟</span>", null, "", "--", "--", "--", "--", "--", "--", "--", "--", "--", "*", "*", "停站"], ["云南省", "滇池流域", "<span data-toggle='tooltip' data-placement='right' title='所在地市:昆明市&#10;所属河流:滇池'>西苑隧道</span>", "09-01 08:00", "劣Ⅴ", "<span data-toggle='tooltip' data-placement='right' title='原始值：19.04'>19.0</span>", "<span data-toggle='tooltip' data-placement='right' title='原始值：7.70827'>7.71</span>", "<span data-toggle='tooltip' data-placement='right' title='原始值：1.68078'>1.68</span>", "<span data-toggle='tooltip' data-placement='right' title='原始值：570.733'>570.7</span>", "<span data-toggle='tooltip' data-placement='right' title='原始值：22.08379'>22.1</span>", "<span data-toggle='tooltip' data-placement='right' title='原始值：9.27001'>9.27</span>", "<span data-toggle='tooltip' data-placement='right' title='原始值：1.49235'>1.492</span>", "<span data-toggle='tooltip' data-placement='right' title='原始值：0.15965'>0.160</span>", "<span data-toggle='tooltip' data-placement='right' title='原始值：3.60573'>3.61</span>", "<span data-toggle='tooltip' data-placement='right' title='原始值：0.00256'>0.003</span>", "<span data-toggle='tooltip' data-placement='right' title='原始值：1.575037E+07'>15750370</span>", "正常"], ["云南省", "滇池流域", "<span data-toggle='tooltip' data-placement='right' title='所在地市:昆明市&#10;所属河流:滇池'>观音山</span>", "09-01 08:00", "", "<span data-toggle='tooltip' data-placement='right' title='原始值：22.72586'>22.7</span>", "<span data-toggle='tooltip' data-placement='right' title='原始值：8.93425'>8.93</span>", "<span data-toggle='tooltip' data-placement='right' title='原始值：7.14654'>7.15</span>", "<span data-toggle='tooltip' data-placement='right' title='原始值：417.7824'>417.8</span>", "<span data-toggle='tooltip' data-placement='right' title='原始值：37.73491'>37.7</span>", "<span data-toggle='tooltip' data-placement='right' title='极值过滤'>--</span>", "<span data-toggle='tooltip' data-placement='right' title='原始值：0.34'>0.340</span>", "<span data-toggle='tooltip' data-placement='right' title='原始值：0.1398'>0.140</span>", "<span data-toggle='tooltip' data-placement='right' title='原始值：1.825'>1.82</span>", "<span data-toggle='tooltip' data-placement='right' title='原始值：0.00332'>0.003</span>", "<span data-toggle='tooltip' data-placement='right' title='原始值：9422580'>9422580</span>", "维护"], ["云南省", "西南诸河", "<span data-toggle='tooltip' data-placement='right' title='所在地市:红河哈尼族彝族自治州&#10;所属河流:红河'>河口县医院(河口)</span>", "09-01 08:00", "Ⅲ", "<span data-toggle='tooltip' data-placement='right' title='原始值：26.09142'>26.1</span>", "<span data-toggle='tooltip' data-placement='right' title='原始值：7.11147'>7.11</span>", "<span data-toggle='tooltip' data-placement='right' title='原始值：7.26596'>7.27</span>", "<span data-toggle='tooltip' data-placement='right' title='原始值：208.6727'>208.7</span>", "<span data-toggle='tooltip' data-placement='right' title='原始值：59.42176'>59.4</span>", "<span data-toggle='tooltip' data-placement='right' title='原始值：2.19483'>2.19</span>", "<span data-toggle='tooltip' data-placement='right' title='原始值：0.62531'>0.625</span>", "<span data-toggle='tooltip' data-placement='right' title='原始值：0.0766'>0.077</span>", "<span data-toggle='tooltip' data-placement='right' title='原始值：2.01444'>2.01</span>", "*", "*", "正常"], ["云南省", "西南诸河", "<span data-toggle='tooltip' data-placement='right' title='所在地市:西双版纳傣族自治州&#10;所属河流:澜沧江'>橄榄坝</span>", "09-01 08:00", "Ⅱ", "<span data-toggle='tooltip' data-placement='right' title='原始值：19.79667'>19.8</span>", "<span data-toggle='tooltip' data-placement='right' title='原始值：7.58942'>7.59</span>", "<span data-toggle='tooltip' data-placement='right' title='原始值：6.70205'>6.70</span>", "<span data-toggle='tooltip' data-placement='right' title='原始值：542.9139'>542.9</span>", "<span data-toggle='tooltip' data-placement='right' title='原始值：21.32925'>21.3</span>", "<span data-toggle='tooltip' data-placement='right' title='原始值：0.67'>0.67</span>", "<span data-toggle='tooltip' data-placement='right' title='原始值：0.08535'>0.085</span>", "*", "*", "*", "*", "正常"], ["陕西省", "黄河流域", "<span data-toggle='tooltip' data-placement='right' title='所在地市:渭南市&#10;所属河流:渭河'>潼关吊桥</span>", null, "", "--", "--", "--", "--", "--", "--", "--", "--", "--", "*", "*", "停站"], ["甘肃省", "黄河流域", "<span data-toggle='tooltip' data-placement='right' title='所在地市:兰州市&#10;所属河流:黄河'>新城桥</span>", "09-01 08:00", "Ⅲ", "<span data-toggle='tooltip' data-placement='right' title='原始值：16.26116'>16.3</span>", "<span data-toggle='tooltip' data-placement='right' title='原始值：7.10024'>7.10</span>", "<span data-toggle='tooltip' data-placement='right' title='原始值：8.26853'>8.27</span>", "<span data-toggle='tooltip' data-placement='right' title='原始值：445.9518'>446.0</span>", "<span data-toggle='tooltip' data-placement='right' title='原始值：283.1367'>283.1</span>", "<span data-toggle='tooltip' data-placement='right' title='原始值：4.2'>4.20</span>", "<span data-toggle='tooltip' data-placement='right' title='原始值：0.24'>0.240</span>", "<span data-toggle='tooltip' data-placement='right' title='原始值：0.04962'>0.050</span>", "<span data-toggle='tooltip' data-placement='right' title='原始值：3.42269'>3.42</span>", "*", "*", "正常"], ["宁夏回族自治区", "黄河流域", "<span data-toggle='tooltip' data-placement='right' title='所在地市:中卫市&#10;所属河流:黄河'>中卫下河沿(新墩)</span>", "09-01 08:00", "劣Ⅴ", "<span data-toggle='tooltip' data-placement='right' title='原始值：18.55599'>18.6</span>", "<span data-toggle='tooltip' data-placement='right' title='原始值：8.02253'>8.02</span>", "<span data-toggle='tooltip' data-placement='right' title='原始值：7.83129'>7.83</span>", "<span data-toggle='tooltip' data-placement='right' title='原始值：533.1121'>533.1</span>", "<span data-toggle='tooltip' data-placement='right' title='原始值：1636.861'>1636.9</span>", "<span data-toggle='tooltip' data-placement='right' title='原始值：3.57'>3.57</span>", "<span data-toggle='tooltip' data-placement='right' title='原始值：0.07'>0.070</span>", "<span data-toggle='tooltip' data-placement='right' title='原始值：0.7464'>0.746</span>", "<span data-toggle='tooltip' data-placement='right' title='原始值：2.6029'>2.60</span>", "*", "*", "正常"]]}