{"result": 1, "total": 1, "records": 98, "thead": ["省份", "流域", "断面名称", "监测时间", "水质类别", "水温<br/><span class='unit'>(℃)</span>", "pH<br/><span class='unit'>(无量纲)</span>", "溶解氧<br/><span class='unit'>(mg/L)</span>", "电导率<br/><span class='unit'>(μS/cm)</span>", "浊度<br/><span class='unit'>(NTU)</span>", "高锰酸盐指数<br/><span class='unit'>(mg/L)</span>", "氨氮<br/><span class='unit'>(mg/L)</span>", "总磷<br/><span class='unit'>(mg/L)</span>", "总氮<br/><span class='unit'>(mg/L)</span>", "叶绿素α<br/><span class='unit'>(mg/L)</span>", "藻密度<br/><span class='unit'>(cells/L)</span>", "站点情况"], "tbody": [["北京市", "海河流域", "<span data-toggle='tooltip' data-placement='right' title='所在地市:门头沟区&#10;所属河流:永定河'>沿河城</span>", "09-29 04:00", "Ⅲ", "<span data-toggle='tooltip' data-placement='right' title='原始值：20.18242'>20.2</span>", "<span data-toggle='tooltip' data-placement='right' title='原始值：8.59521'>8.60</span>", "<span data-toggle='tooltip' data-placement='right' title='原始值：7.77571'>7.78</span>", "<span data-toggle='tooltip' data-placement='right' title='原始值：1501.227'>1501.2</span>", "<span data-toggle='tooltip' data-placement='right' title='原始值：19.38651'>19.4</span>", "<span data-toggle='tooltip' data-placement='right' title='原始值：5.3'>5.30</span>", "<span data-toggle='tooltip' data-placement='right' title='原始值：0.2'>0.200</span>", "<span data-toggle='tooltip' data-placement='right' title='原始值：0.04775'>0.048</span>", "<span data-toggle='tooltip' data-placement='right' title='原始值：0.708'>0.71</span>", "*", "*", "正常"], ["北京市", "海河流域", "<span data-toggle='tooltip' data-placement='right' title='所在地市:密云区&#10;所属河流:潮河'>古北口</span>", "09-29 08:00", "Ⅱ", "<span data-toggle='tooltip' data-placement='right' title='原始值：18.39176'>18.4</span>", "<span data-toggle='tooltip' data-placement='right' title='原始值：7.18334'>7.18</span>", "<span data-toggle='tooltip' data-placement='right' title='原始值：8.29924'>8.30</span>", "<span data-toggle='tooltip' data-placement='right' title='原始值：689.8613'>689.9</span>", "<span data-toggle='tooltip' data-placement='right' title='原始值：2.63568'>2.6</span>", "<span data-toggle='tooltip' data-placement='right' title='原始值：1.5925'>1.59</span>", "<span data-toggle='tooltip' data-placement='right' title='原始值：0.18'>0.180</span>", "<span data-toggle='tooltip' data-placement='right' title='原始值：0.0001'>0.0001</span>", "<span data-toggle='tooltip' data-placement='right' title='原始值：6.8553'>6.86</span>", "*", "*", "正常"], ["天津市", "海河流域", "<span data-toggle='tooltip' data-placement='right' title='所在地市:河北区&#10;所属河流:海河'>三岔口</span>", "09-29 08:00", "Ⅱ", "<span data-toggle='tooltip' data-placement='right' title='原始值：22.8666'>22.9</span>", "<span data-toggle='tooltip' data-placement='right' title='原始值：7.6362'>7.64</span>", "<span data-toggle='tooltip' data-placement='right' title='原始值：6.418'>6.42</span>", "<span data-toggle='tooltip' data-placement='right' title='原始值：591.8465'>591.8</span>", "<span data-toggle='tooltip' data-placement='right' title='原始值：22.07'>22.1</span>", "<span data-toggle='tooltip' data-placement='right' title='原始值：2.65'>2.65</span>", "<span data-toggle='tooltip' data-placement='right' title='原始值：0.18'>0.180</span>", "<span data-toggle='tooltip' data-placement='right' title='原始值：0.004'>0.004</span>", "<span data-toggle='tooltip' data-placement='right' title='原始值：0.7519'>0.75</span>", "*", "*", "正常"], ["天津市", "海河流域", "<span data-toggle='tooltip' data-placement='right' title='所在地市:蓟州区&#10;所属河流:果河'>果河桥</span>", "09-29 08:00", "Ⅱ", "<span data-toggle='tooltip' data-placement='right' title='原始值：22.8'>22.8</span>", "<span data-toggle='tooltip' data-placement='right' title='原始值：8.59'>8.59</span>", "<span data-toggle='tooltip' data-placement='right' title='原始值：12.287'>12.29</span>", "<span data-toggle='tooltip' data-placement='right' title='原始值：629.816'>629.8</span>", "<span data-toggle='tooltip' data-placement='right' title='原始值：5.7'>5.7</span>", "<span data-toggle='tooltip' data-placement='right' title='原始值：2.6419'>2.64</span>", "<span data-toggle='tooltip' data-placement='right' title='原始值：0.15'>0.150</span>", "<span data-toggle='tooltip' data-placement='right' title='原始值：0.044'>0.044</span>", "<span data-toggle='tooltip' data-placement='right' title='原始值：6.7208'>6.72</span>", "*", "*", "正常"], ["河北省", "海河流域", "<span data-toggle='tooltip' data-placement='right' title='所在地市:石家庄市&#10;所属河流:滹沱河'>岗南水库</span>", "09-29 08:00", "Ⅱ", "<span data-toggle='tooltip' data-placement='right' title='原始值：24.09463'>24.1</span>", "<span data-toggle='tooltip' data-placement='right' title='原始值：8.30068'>8.30</span>", "<span data-toggle='tooltip' data-placement='right' title='原始值：7.55184'>7.55</span>", "<span data-toggle='tooltip' data-placement='right' title='原始值：568.3917'>568.4</span>", "<span data-toggle='tooltip' data-placement='right' title='原始值：1.33694'>1.3</span>", "<span data-toggle='tooltip' data-placement='right' title='原始值：2.39953'>2.40</span>", "<span data-toggle='tooltip' data-placement='right' title='原始值：0.04'>0.040</span>", "<span data-toggle='tooltip' data-placement='right' title='原始值：0.0171'>0.017</span>", "<span data-toggle='tooltip' data-placement='right' title='原始值：2.71856'>2.72</span>", "*", "*", "正常"], ["河北省", "海河流域", "<span data-toggle='tooltip' data-placement='right' title='所在地市:张家口市&#10;所属河流:永定河'>八号桥</span>", "09-29 08:00", "Ⅳ", "<span data-toggle='tooltip' data-placement='right' title='原始值：18.92445'>18.9</span>", "<span data-toggle='tooltip' data-placement='right' title='原始值：7.81442'>7.81</span>", "<span data-toggle='tooltip' data-placement='right' title='原始值：7.23159'>7.23</span>", "<span data-toggle='tooltip' data-placement='right' title='原始值：1034.817'>1034.8</span>", "<span data-toggle='tooltip' data-placement='right' title='原始值：75.86078'>75.9</span>", "<span data-toggle='tooltip' data-placement='right' title='原始值：5.49'>5.49</span>", "<span data-toggle='tooltip' data-placement='right' title='原始值：0.41'>0.410</span>", "<span data-toggle='tooltip' data-placement='right' title='原始值：0.2055'>0.206</span>", "<span data-toggle='tooltip' data-placement='right' title='原始值：4.455'>4.46</span>", "*", "*", "正常"], ["山西省", "黄河流域", "<span data-toggle='tooltip' data-placement='right' title='所在地市:运城市&#10;所属河流:汾河'>河津大桥</span>", "09-29 08:00", "Ⅲ", "<span data-toggle='tooltip' data-placement='right' title='原始值：22.38436'>22.4</span>", "<span data-toggle='tooltip' data-placement='right' title='原始值：7.92624'>7.93</span>", "<span data-toggle='tooltip' data-placement='right' title='原始值：7.40578'>7.41</span>", "<span data-toggle='tooltip' data-placement='right' title='原始值：1693.386'>1693.4</span>", "<span data-toggle='tooltip' data-placement='right' title='原始值：104.2584'>104.3</span>", "<span data-toggle='tooltip' data-placement='right' title='原始值：5.9'>5.90</span>", "<span data-toggle='tooltip' data-placement='right' title='原始值：0.06'>0.060</span>", "*", "*", "*", "*", "正常"], ["山西省", "黄河流域", "<span data-toggle='tooltip' data-placement='right' title='所在地市:忻州市&#10;所属河流:黄河'>万家寨水库</span>", "09-29 08:00", "Ⅲ", "<span data-toggle='tooltip' data-placement='right' title='原始值：18.27581'>18.3</span>", "<span data-toggle='tooltip' data-placement='right' title='原始值：7.90773'>7.91</span>", "<span data-toggle='tooltip' data-placement='right' title='原始值：8.7715'>8.77</span>", "<span data-toggle='tooltip' data-placement='right' title='原始值：721.6448'>721.6</span>", "<span data-toggle='tooltip' data-placement='right' title='原始值：17.29385'>17.3</span>", "<span data-toggle='tooltip' data-placement='right' title='原始值：4.7'>4.70</span>", "<span data-toggle='tooltip' data-placement='right' title='原始值：0.32'>0.320</span>", "<span data-toggle='tooltip' data-placement='right' title='原始值：0.06525'>0.065</span>", "<span data-toggle='tooltip' data-placement='right' title='原始值：2.4875'>2.49</span>", "*", "*", "正常"], ["内蒙古自治区", "黄河流域", "<span data-toggle='tooltip' data-placement='right' title='所在地市:包头市&#10;所属河流:黄河'>画匠营子</span>", "09-29 08:00", "Ⅲ", "<span data-toggle='tooltip' data-placement='right' title='原始值：18.28888'>18.3</span>", "<span data-toggle='tooltip' data-placement='right' title='原始值：7.92156'>7.92</span>", "<span data-toggle='tooltip' data-placement='right' title='原始值：7.84916'>7.85</span>", "<span data-toggle='tooltip' data-placement='right' title='原始值：716.0222'>716.0</span>", "<span data-toggle='tooltip' data-placement='right' title='原始值：1410.052'>1410.1</span>", "<span data-toggle='tooltip' data-placement='right' title='原始值：4.00854'>4.01</span>", "<span data-toggle='tooltip' data-placement='right' title='原始值：0.03909'>0.039</span>", "*", "*", "*", "*", "正常"], ["内蒙古自治区", "黄河流域", "<span data-toggle='tooltip' data-placement='right' title='所在地市:乌海市&#10;所属河流:黄河'>海勃湾</span>", "09-29 08:00", "Ⅱ", "<span data-toggle='tooltip' data-placement='right' title='原始值：17.96045'>18.0</span>", "<span data-toggle='tooltip' data-placement='right' title='原始值：7.6986'>7.70</span>", "<span data-toggle='tooltip' data-placement='right' title='原始值：6.48306'>6.48</span>", "<span data-toggle='tooltip' data-placement='right' title='原始值：676.0976'>676.1</span>", "<span data-toggle='tooltip' data-placement='right' title='原始值：149.2176'>149.2</span>", "<span data-toggle='tooltip' data-placement='right' title='原始值：2.92'>2.92</span>", "<span data-toggle='tooltip' data-placement='right' title='原始值：0.12'>0.120</span>", "*", "*", "*", "*", "正常"], ["内蒙古自治区", "松花江流域", "<span data-toggle='tooltip' data-placement='right' title='所在地市:呼伦贝尔市&#10;所属河流:额尔古纳河'>黑山头</span>", null, "", "--", "--", "--", "--", "--", "--", "--", "--", "--", "*", "*", "停站"], ["辽宁省", "辽河流域", "<span data-toggle='tooltip' data-placement='right' title='所在地市:抚顺市&#10;所属河流:浑河'>大伙房水库</span>", "09-29 08:00", "Ⅱ", "<span data-toggle='tooltip' data-placement='right' title='原始值：20.71379'>20.7</span>", "<span data-toggle='tooltip' data-placement='right' title='原始值：7.20342'>7.20</span>", "<span data-toggle='tooltip' data-placement='right' title='原始值：8.57381'>8.57</span>", "<span data-toggle='tooltip' data-placement='right' title='原始值：292.7086'>292.7</span>", "<span data-toggle='tooltip' data-placement='right' title='原始值：7.42264'>7.4</span>", "<span data-toggle='tooltip' data-placement='right' title='原始值：3.70363'>3.70</span>", "<span data-toggle='tooltip' data-placement='right' title='原始值：0.08'>0.080</span>", "<span data-toggle='tooltip' data-placement='right' title='原始值：0.04209'>0.042</span>", "<span data-toggle='tooltip' data-placement='right' title='原始值：2.34094'>2.34</span>", "<span data-toggle='tooltip' data-placement='right' title='极值过滤'>--</span>", "*", "维护"], ["辽宁省", "辽河流域", "<span data-toggle='tooltip' data-placement='right' title='所在地市:丹东市&#10;所属河流:鸭绿江'>江桥</span>", "09-29 08:00", "Ⅱ", "<span data-toggle='tooltip' data-placement='right' title='原始值：18.9'>18.9</span>", "<span data-toggle='tooltip' data-placement='right' title='原始值：6.64'>6.64</span>", "<span data-toggle='tooltip' data-placement='right' title='原始值：7.04'>7.04</span>", "<span data-toggle='tooltip' data-placement='right' title='原始值：132'>132.0</span>", "<span data-toggle='tooltip' data-placement='right' title='原始值：6.8999'>6.9</span>", "<span data-toggle='tooltip' data-placement='right' title='原始值：0.89'>0.89</span>", "<span data-toggle='tooltip' data-placement='right' title='原始值：0.07707'>0.077</span>", "<span data-toggle='tooltip' data-placement='right' title='原始值：0.01733'>0.017</span>", "<span data-toggle='tooltip' data-placement='right' title='原始值：1.95143'>1.95</span>", "*", "*", "正常"], ["辽宁省", "辽河流域", "<span data-toggle='tooltip' data-placement='right' title='所在地市:营口市&#10;所属河流:大辽河'>辽河公园</span>", "09-29 08:00", "Ⅲ", "<span data-toggle='tooltip' data-placement='right' title='原始值：22.01644'>22.0</span>", "<span data-toggle='tooltip' data-placement='right' title='原始值：6.00356'>6.00</span>", "<span data-toggle='tooltip' data-placement='right' title='原始值：6.54713'>6.55</span>", "<span data-toggle='tooltip' data-placement='right' title='原始值：832.2629'>832.3</span>", "<span data-toggle='tooltip' data-placement='right' title='原始值：60.14616'>60.1</span>", "<span data-toggle='tooltip' data-placement='right' title='原始值：5.66421'>5.66</span>", "<span data-toggle='tooltip' data-placement='right' title='原始值：0.13616'>0.136</span>", "<span data-toggle='tooltip' data-placement='right' title='原始值：0.14679'>0.147</span>", "<span data-toggle='tooltip' data-placement='right' title='原始值：3.45729'>3.46</span>", "*", "*", "正常"], ["辽宁省", "辽河流域", "<span data-toggle='tooltip' data-placement='right' title='所在地市:辽阳市&#10;所属河流:太子河'>汤河水库</span>", null, "", "--", "--", "--", "--", "--", "--", "--", "--", "--", "*", "*", "停站"], ["辽宁省", "辽河流域", "<span data-toggle='tooltip' data-placement='right' title='所在地市:盘锦市&#10;所属河流:辽河'>盘锦兴安(兴安)</span>", null, "", "--", "--", "--", "--", "--", "--", "--", "--", "--", "*", "*", "停站"], ["辽宁省", "辽河流域", "<span data-toggle='tooltip' data-placement='right' title='所在地市:铁岭市&#10;所属河流:辽河'>珠尔山</span>", "09-29 08:00", "Ⅲ", "<span data-toggle='tooltip' data-placement='right' title='原始值：17.71001'>17.7</span>", "<span data-toggle='tooltip' data-placement='right' title='原始值：7.43801'>7.44</span>", "<span data-toggle='tooltip' data-placement='right' title='原始值：12.38482'>12.38</span>", "<span data-toggle='tooltip' data-placement='right' title='原始值：440.5871'>440.6</span>", "<span data-toggle='tooltip' data-placement='right' title='原始值：69.4863'>69.5</span>", "<span data-toggle='tooltip' data-placement='right' title='原始值：3.62153'>3.62</span>", "<span data-toggle='tooltip' data-placement='right' title='原始值：0.28'>0.280</span>", "<span data-toggle='tooltip' data-placement='right' title='原始值：0.18461'>0.185</span>", "<span data-toggle='tooltip' data-placement='right' title='原始值：5.70274'>5.70</span>", "*", "*", "正常"], ["吉林省", "松花江流域", "<span data-toggle='tooltip' data-placement='right' title='所在地市:长春市&#10;所属河流:松花江'>松花江村</span>", null, "", "--", "--", "--", "--", "--", "--", "--", "--", "--", "*", "*", "停站"], ["吉林省", "松花江流域", "<span data-toggle='tooltip' data-placement='right' title='所在地市:白城市&#10;所属河流:嫩江'>白沙滩</span>", null, "", "--", "--", "--", "--", "--", "--", "--", "--", "--", "*", "*", "停站"], ["吉林省", "松花江流域", "<span data-toggle='tooltip' data-placement='right' title='所在地市:延边朝鲜族自治州&#10;所属河流:图们江'>圈河</span>", "09-29 08:00", "Ⅲ", "<span data-toggle='tooltip' data-placement='right' title='原始值：18.3'>18.3</span>", "<span data-toggle='tooltip' data-placement='right' title='原始值：7.78'>7.78</span>", "<span data-toggle='tooltip' data-placement='right' title='原始值：6.23'>6.23</span>", "<span data-toggle='tooltip' data-placement='right' title='原始值：150'>150.0</span>", "<span data-toggle='tooltip' data-placement='right' title='原始值：18'>18.0</span>", "<span data-toggle='tooltip' data-placement='right' title='原始值：5.18'>5.18</span>", "<span data-toggle='tooltip' data-placement='right' title='原始值：0.09776'>0.098</span>", "<span data-toggle='tooltip' data-placement='right' title='原始值：0.09992'>0.100</span>", "<span data-toggle='tooltip' data-placement='right' title='原始值：1.29934'>1.30</span>", "*", "*", "正常"], ["黑龙江省", "松花江流域", "<span data-toggle='tooltip' data-placement='right' title='所在地市:大庆市&#10;所属河流:松花江'>肇源</span>", null, "", "--", "--", "--", "--", "--", "--", "--", "--", "--", "*", "*", "停站"], ["黑龙江省", "松花江流域", "<span data-toggle='tooltip' data-placement='right' title='所在地市:佳木斯市&#10;所属河流:乌苏里江'>乌苏镇</span>", null, "", "--", "--", "--", "--", "--", "--", "--", "--", "--", "*", "*", "停站"], ["黑龙江省", "松花江流域", "<span data-toggle='tooltip' data-placement='right' title='所在地市:佳木斯市&#10;所属河流:松花江'>同江</span>", null, "", "--", "--", "--", "--", "--", "--", "--", "--", "--", "*", "*", "停站"], ["黑龙江省", "松花江流域", "<span data-toggle='tooltip' data-placement='right' title='所在地市:黑河市&#10;所属河流:黑龙江'>黑河下(黑河)</span>", null, "", "--", "--", "--", "--", "--", "--", "--", "--", "--", "*", "*", "停站"], ["上海市", "长江流域", "<span data-toggle='tooltip' data-placement='right' title='所在地市:青浦区&#10;所属河流:淀山湖'>急水港桥</span>", "09-29 08:00", "Ⅳ", "<span data-toggle='tooltip' data-placement='right' title='原始值：24.9'>24.9</span>", "<span data-toggle='tooltip' data-placement='right' title='原始值：7.26'>7.26</span>", "<span data-toggle='tooltip' data-placement='right' title='原始值：3.68'>3.68</span>", "<span data-toggle='tooltip' data-placement='right' title='原始值：464'>464.0</span>", "<span data-toggle='tooltip' data-placement='right' title='原始值：114.8'>114.8</span>", "<span data-toggle='tooltip' data-placement='right' title='原始值：3.67188'>3.67</span>", "<span data-toggle='tooltip' data-placement='right' title='原始值：0.10175'>0.102</span>", "<span data-toggle='tooltip' data-placement='right' title='原始值：0.05884'>0.059</span>", "<span data-toggle='tooltip' data-placement='right' title='原始值：2.89064'>2.89</span>", "<span data-toggle='tooltip' data-placement='right' title='原始值：0.00223'>0.002</span>", "<span data-toggle='tooltip' data-placement='right' title='原始值：3476869'>3476869</span>", "正常"], ["江苏省", "长江流域", "<span data-toggle='tooltip' data-placement='right' title='所在地市:南京市&#10;所属河流:长江'>林山</span>", null, "", "--", "--", "--", "--", "--", "--", "--", "--", "--", "*", "*", "停站"], ["江苏省", "太湖流域", "<span data-toggle='tooltip' data-placement='right' title='所在地市:无锡市&#10;所属河流:太湖'>沙渚</span>", "09-29 08:00", "Ⅳ", "<span data-toggle='tooltip' data-placement='right' title='原始值：24.23485'>24.2</span>", "<span data-toggle='tooltip' data-placement='right' title='原始值：8.851453'>8.85</span>", "<span data-toggle='tooltip' data-placement='right' title='原始值：7.885977'>7.89</span>", "<span data-toggle='tooltip' data-placement='right' title='原始值：423.6347'>423.6</span>", "<span data-toggle='tooltip' data-placement='right' title='原始值：74.49167'>74.5</span>", "<span data-toggle='tooltip' data-placement='right' title='原始值：7.77'>7.77</span>", "<span data-toggle='tooltip' data-placement='right' title='原始值：0.12'>0.120</span>", "<span data-toggle='tooltip' data-placement='right' title='原始值：0.146'>0.146</span>", "<span data-toggle='tooltip' data-placement='right' title='原始值：1.699'>1.70</span>", "*", "*", "正常"], ["江苏省", "淮河流域", "<span data-toggle='tooltip' data-placement='right' title='所在地市:徐州市&#10;所属河流:武河'>小红圈</span>", "09-29 08:00", "", "<span data-toggle='tooltip' data-placement='right' title='原始值：22.21'>22.2</span>", "<span data-toggle='tooltip' data-placement='right' title='原始值：7.4'>7.40</span>", "<span data-toggle='tooltip' data-placement='right' title='原始值：9.78'>9.78</span>", "<span data-toggle='tooltip' data-placement='right' title='原始值：924.4'>924.4</span>", "<span data-toggle='tooltip' data-placement='right' title='原始值：16.77'>16.8</span>", "<span data-toggle='tooltip' data-placement='right' title='原始值：2.55'>2.55</span>", "<span data-toggle='tooltip' data-placement='right' title='原始值：0.086'>0.086</span>", "--", "--", "*", "*", "维护"], ["江苏省", "淮河流域", "<span data-toggle='tooltip' data-placement='right' title='所在地市:徐州市&#10;所属河流:沿河'>李集桥</span>", "09-29 08:00", "Ⅲ", "<span data-toggle='tooltip' data-placement='right' title='原始值：24.44'>24.4</span>", "<span data-toggle='tooltip' data-placement='right' title='原始值：7.64'>7.64</span>", "<span data-toggle='tooltip' data-placement='right' title='原始值：5.45'>5.45</span>", "<span data-toggle='tooltip' data-placement='right' title='原始值：934.5'>934.5</span>", "<span data-toggle='tooltip' data-placement='right' title='原始值：32.56'>32.6</span>", "<span data-toggle='tooltip' data-placement='right' title='原始值：4.63'>4.63</span>", "<span data-toggle='tooltip' data-placement='right' title='原始值：0.071'>0.071</span>", "<span data-toggle='tooltip' data-placement='right' title='原始值：0.076'>0.076</span>", "<span data-toggle='tooltip' data-placement='right' title='原始值：1.876'>1.88</span>", "*", "*", "正常"], ["江苏省", "淮河流域", "<span data-toggle='tooltip' data-placement='right' title='所在地市:徐州市&#10;所属河流:邳苍分洪道'>艾山西大桥</span>", "09-29 08:00", "Ⅲ", "<span data-toggle='tooltip' data-placement='right' title='原始值：22.7234'>22.7</span>", "<span data-toggle='tooltip' data-placement='right' title='原始值：8.20325'>8.20</span>", "<span data-toggle='tooltip' data-placement='right' title='原始值：9.92452'>9.92</span>", "<span data-toggle='tooltip' data-placement='right' title='原始值：836.158'>836.2</span>", "<span data-toggle='tooltip' data-placement='right' title='原始值：19.9212'>19.9</span>", "<span data-toggle='tooltip' data-placement='right' title='原始值：2.96'>2.96</span>", "<span data-toggle='tooltip' data-placement='right' title='原始值：0.15'>0.150</span>", "<span data-toggle='tooltip' data-placement='right' title='原始值：0.10226'>0.102</span>", "<span data-toggle='tooltip' data-placement='right' title='原始值：10.60975'>10.61</span>", "*", "*", "正常"], ["江苏省", "太湖流域", "<span data-toggle='tooltip' data-placement='right' title='所在地市:苏州市&#10;所属河流:太湖'>兰山嘴(老)</span>", "09-29 08:00", "Ⅳ", "<span data-toggle='tooltip' data-placement='right' title='原始值：24.41306'>24.4</span>", "<span data-toggle='tooltip' data-placement='right' title='原始值：7.73797'>7.74</span>", "<span data-toggle='tooltip' data-placement='right' title='原始值：6.97096'>6.97</span>", "<span data-toggle='tooltip' data-placement='right' title='原始值：318.2939'>318.3</span>", "<span data-toggle='tooltip' data-placement='right' title='原始值：127.3703'>127.4</span>", "<span data-toggle='tooltip' data-placement='right' title='原始值：7.35'>7.35</span>", "<span data-toggle='tooltip' data-placement='right' title='原始值：0.67'>0.670</span>", "<span data-toggle='tooltip' data-placement='right' title='原始值：0.17799'>0.178</span>", "<span data-toggle='tooltip' data-placement='right' title='原始值：3.48277'>3.48</span>", "*", "*", "正常"], ["江苏省", "太湖流域", "<span data-toggle='tooltip' data-placement='right' title='所在地市:苏州市&#10;所属河流:太湖'>西山</span>", "09-29 08:00", "Ⅲ", "<span data-toggle='tooltip' data-placement='right' title='原始值：24.60997'>24.6</span>", "<span data-toggle='tooltip' data-placement='right' title='原始值：7.0727'>7.07</span>", "<span data-toggle='tooltip' data-placement='right' title='原始值：6.77406'>6.77</span>", "<span data-toggle='tooltip' data-placement='right' title='原始值：394.8053'>394.8</span>", "<span data-toggle='tooltip' data-placement='right' title='原始值：55.48378'>55.5</span>", "<span data-toggle='tooltip' data-placement='right' title='原始值：1.87'>1.87</span>", "<span data-toggle='tooltip' data-placement='right' title='原始值：0.29'>0.290</span>", "<span data-toggle='tooltip' data-placement='right' title='原始值：0.0459'>0.046</span>", "<span data-toggle='tooltip' data-placement='right' title='原始值：0.9137'>0.91</span>", "*", "*", "正常"], ["江苏省", "淮河流域", "<span data-toggle='tooltip' data-placement='right' title='所在地市:连云港市&#10;所属河流:新沭河'>大兴桥</span>", "09-29 08:00", "Ⅲ", "<span data-toggle='tooltip' data-placement='right' title='原始值：24.7'>24.7</span>", "<span data-toggle='tooltip' data-placement='right' title='原始值：8.23'>8.23</span>", "<span data-toggle='tooltip' data-placement='right' title='原始值：11.35'>11.35</span>", "<span data-toggle='tooltip' data-placement='right' title='原始值：657.1'>657.1</span>", "<span data-toggle='tooltip' data-placement='right' title='原始值：93.72'>93.7</span>", "<span data-toggle='tooltip' data-placement='right' title='原始值：4.9'>4.90</span>", "<span data-toggle='tooltip' data-placement='right' title='原始值：0.062'>0.062</span>", "*", "*", "*", "*", "正常"], ["江苏省", "淮河流域", "<span data-toggle='tooltip' data-placement='right' title='所在地市:淮安市&#10;所属河流:淮河'>淮河大桥</span>", "09-29 08:00", "Ⅲ", "<span data-toggle='tooltip' data-placement='right' title='原始值：25.8214'>25.8</span>", "<span data-toggle='tooltip' data-placement='right' title='原始值：7.73873'>7.74</span>", "<span data-toggle='tooltip' data-placement='right' title='原始值：5.1055'>5.11</span>", "<span data-toggle='tooltip' data-placement='right' title='原始值：336.947'>336.9</span>", "<span data-toggle='tooltip' data-placement='right' title='原始值：59.49218'>59.5</span>", "<span data-toggle='tooltip' data-placement='right' title='原始值：5.98'>5.98</span>", "<span data-toggle='tooltip' data-placement='right' title='原始值：0.19'>0.190</span>", "<span data-toggle='tooltip' data-placement='right' title='原始值：0.1695'>0.170</span>", "<span data-toggle='tooltip' data-placement='right' title='原始值：3.125'>3.12</span>", "*", "*", "正常"], ["江苏省", "长江流域", "<span data-toggle='tooltip' data-placement='right' title='所在地市:扬州市&#10;所属河流:夹江'>三江营</span>", "09-29 08:00", "Ⅱ", "<span data-toggle='tooltip' data-placement='right' title='原始值：24.46'>24.5</span>", "<span data-toggle='tooltip' data-placement='right' title='原始值：7.86'>7.86</span>", "<span data-toggle='tooltip' data-placement='right' title='原始值：6.73'>6.73</span>", "<span data-toggle='tooltip' data-placement='right' title='原始值：299.18'>299.2</span>", "<span data-toggle='tooltip' data-placement='right' title='原始值：36.25'>36.2</span>", "<span data-toggle='tooltip' data-placement='right' title='原始值：2.028'>2.03</span>", "<span data-toggle='tooltip' data-placement='right' title='原始值：0.056'>0.056</span>", "<span data-toggle='tooltip' data-placement='right' title='原始值：0.068'>0.068</span>", "<span data-toggle='tooltip' data-placement='right' title='原始值：1.63'>1.63</span>", "*", "*", "正常"], ["江苏省", "淮河流域", "<span data-toggle='tooltip' data-placement='right' title='所在地市:宿迁市&#10;所属河流:新濉河'>大屈</span>", "09-29 08:00", "Ⅲ", "<span data-toggle='tooltip' data-placement='right' title='原始值：23.5'>23.5</span>", "<span data-toggle='tooltip' data-placement='right' title='原始值：8.49'>8.49</span>", "<span data-toggle='tooltip' data-placement='right' title='原始值：8.82'>8.82</span>", "<span data-toggle='tooltip' data-placement='right' title='原始值：757'>757.0</span>", "<span data-toggle='tooltip' data-placement='right' title='原始值：46.72'>46.7</span>", "<span data-toggle='tooltip' data-placement='right' title='原始值：4.48'>4.48</span>", "<span data-toggle='tooltip' data-placement='right' title='原始值：0.02'>0.020</span>", "<span data-toggle='tooltip' data-placement='right' title='原始值：0.152'>0.152</span>", "<span data-toggle='tooltip' data-placement='right' title='原始值：1.212'>1.21</span>", "*", "*", "正常"], ["浙江省", "浙闽片河流", "<span data-toggle='tooltip' data-placement='right' title='所在地市:杭州市&#10;所属河流:新安江'>街口(鸠坑口)</span>", "09-29 08:00", "", "<span data-toggle='tooltip' data-placement='right' title='原始值：24.32'>24.3</span>", "<span data-toggle='tooltip' data-placement='right' title='原始值：7.8'>7.80</span>", "<span data-toggle='tooltip' data-placement='right' title='原始值：8.48'>8.48</span>", "<span data-toggle='tooltip' data-placement='right' title='原始值：165.1'>165.1</span>", "<span data-toggle='tooltip' data-placement='right' title='原始值：42.88'>42.9</span>", "<span data-toggle='tooltip' data-placement='right' title='原始值：1.68'>1.68</span>", "<span data-toggle='tooltip' data-placement='right' title='极值过滤'>--</span>", "<span data-toggle='tooltip' data-placement='right' title='原始值：0.017'>0.017</span>", "<span data-toggle='tooltip' data-placement='right' title='原始值：0.661'>0.66</span>", "*", "*", "维护"], ["浙江省", "太湖流域", "<span data-toggle='tooltip' data-placement='right' title='所在地市:嘉兴市&#10;所属河流:斜路港河'>斜路港</span>", "09-29 08:00", "Ⅳ", "<span data-toggle='tooltip' data-placement='right' title='原始值：24.7'>24.7</span>", "<span data-toggle='tooltip' data-placement='right' title='原始值：7.28'>7.28</span>", "<span data-toggle='tooltip' data-placement='right' title='原始值：4.36'>4.36</span>", "<span data-toggle='tooltip' data-placement='right' title='原始值：435'>435.0</span>", "<span data-toggle='tooltip' data-placement='right' title='原始值：188.1'>188.1</span>", "<span data-toggle='tooltip' data-placement='right' title='原始值：4.46'>4.46</span>", "<span data-toggle='tooltip' data-placement='right' title='原始值：0.07785'>0.078</span>", "<span data-toggle='tooltip' data-placement='right' title='原始值：0.0679'>0.068</span>", "<span data-toggle='tooltip' data-placement='right' title='原始值：0.84382'>0.84</span>", "*", "*", "正常"], ["浙江省", "太湖流域", "<span data-toggle='tooltip' data-placement='right' title='所在地市:嘉兴市&#10;所属河流:京杭运河'>王江泾</span>", "09-29 08:00", "Ⅳ", "<span data-toggle='tooltip' data-placement='right' title='原始值：25.75'>25.8</span>", "<span data-toggle='tooltip' data-placement='right' title='原始值：7.18'>7.18</span>", "<span data-toggle='tooltip' data-placement='right' title='原始值：4.45'>4.45</span>", "<span data-toggle='tooltip' data-placement='right' title='原始值：500.61'>500.6</span>", "<span data-toggle='tooltip' data-placement='right' title='原始值：64.53'>64.5</span>", "<span data-toggle='tooltip' data-placement='right' title='原始值：4.299'>4.30</span>", "<span data-toggle='tooltip' data-placement='right' title='原始值：0.029'>0.029</span>", "<span data-toggle='tooltip' data-placement='right' title='原始值：0.076'>0.076</span>", "<span data-toggle='tooltip' data-placement='right' title='原始值：1.214'>1.21</span>", "*", "*", "正常"], ["浙江省", "太湖流域", "<span data-toggle='tooltip' data-placement='right' title='所在地市:湖州市&#10;所属河流:西苕溪'>新港口(新塘港)</span>", "09-29 08:00", "Ⅱ", "<span data-toggle='tooltip' data-placement='right' title='原始值：24.9232'>24.9</span>", "<span data-toggle='tooltip' data-placement='right' title='原始值：8.51854'>8.52</span>", "<span data-toggle='tooltip' data-placement='right' title='原始值：8.97368'>8.97</span>", "<span data-toggle='tooltip' data-placement='right' title='原始值：302.378'>302.4</span>", "<span data-toggle='tooltip' data-placement='right' title='原始值：125.739'>125.7</span>", "<span data-toggle='tooltip' data-placement='right' title='原始值：3.60042'>3.60</span>", "<span data-toggle='tooltip' data-placement='right' title='原始值：0.23346'>0.233</span>", "<span data-toggle='tooltip' data-placement='right' title='原始值：0.06991'>0.070</span>", "<span data-toggle='tooltip' data-placement='right' title='原始值：8.97688'>8.98</span>", "*", "*", "正常"], ["安徽省", "巢湖流域", "<span data-toggle='tooltip' data-placement='right' title='所在地市:合肥市&#10;所属河流:巢湖'>湖滨(老)</span>", "09-29 08:00", "Ⅴ", "<span data-toggle='tooltip' data-placement='right' title='原始值：24.32681'>24.3</span>", "<span data-toggle='tooltip' data-placement='right' title='原始值：6.55492'>6.55</span>", "<span data-toggle='tooltip' data-placement='right' title='原始值：3.93666'>3.94</span>", "<span data-toggle='tooltip' data-placement='right' title='原始值：230.4941'>230.5</span>", "<span data-toggle='tooltip' data-placement='right' title='原始值：116.1037'>116.1</span>", "<span data-toggle='tooltip' data-placement='right' title='原始值：5.43'>5.43</span>", "<span data-toggle='tooltip' data-placement='right' title='原始值：0.52'>0.520</span>", "<span data-toggle='tooltip' data-placement='right' title='原始值：0.1248'>0.125</span>", "<span data-toggle='tooltip' data-placement='right' title='原始值：2.081'>2.08</span>", "<span data-toggle='tooltip' data-placement='right' title='原始值：0.02003'>0.020</span>", "*", "正常"], ["安徽省", "巢湖流域", "<span data-toggle='tooltip' data-placement='right' title='所在地市:芜湖市&#10;所属河流:巢湖'>裕溪口(老)</span>", "09-29 08:00", "Ⅳ", "<span data-toggle='tooltip' data-placement='right' title='原始值：25.15437'>25.2</span>", "<span data-toggle='tooltip' data-placement='right' title='原始值：6.98762'>6.99</span>", "<span data-toggle='tooltip' data-placement='right' title='原始值：4.82553'>4.83</span>", "<span data-toggle='tooltip' data-placement='right' title='原始值：323.4925'>323.5</span>", "<span data-toggle='tooltip' data-placement='right' title='原始值：62.89194'>62.9</span>", "<span data-toggle='tooltip' data-placement='right' title='原始值：4.1'>4.10</span>", "<span data-toggle='tooltip' data-placement='right' title='原始值：0.13'>0.130</span>", "<span data-toggle='tooltip' data-placement='right' title='原始值：0.0956'>0.096</span>", "<span data-toggle='tooltip' data-placement='right' title='原始值：1.77'>1.77</span>", "*", "*", "正常"], ["安徽省", "淮河流域", "<span data-toggle='tooltip' data-placement='right' title='所在地市:蚌埠市&#10;所属河流:淮河'>蚌埠闸上(蚌埠闸)</span>", "09-29 08:00", "", "<span data-toggle='tooltip' data-placement='right' title='原始值：26.66'>26.7</span>", "<span data-toggle='tooltip' data-placement='right' title='原始值：7.2'>7.20</span>", "<span data-toggle='tooltip' data-placement='right' title='原始值：8.35'>8.35</span>", "<span data-toggle='tooltip' data-placement='right' title='原始值：528.46'>528.5</span>", "<span data-toggle='tooltip' data-placement='right' title='原始值：86.77'>86.8</span>", "<span data-toggle='tooltip' data-placement='right' title='极值过滤'>--</span>", "<span data-toggle='tooltip' data-placement='right' title='原始值：0.102'>0.102</span>", "<span data-toggle='tooltip' data-placement='right' title='原始值：0.1'>0.100</span>", "<span data-toggle='tooltip' data-placement='right' title='原始值：1.269'>1.27</span>", "*", "*", "维护"], ["安徽省", "淮河流域", "<span data-toggle='tooltip' data-placement='right' title='所在地市:淮南市&#10;所属河流:淮河'>石头埠(老)</span>", "09-29 08:00", "Ⅳ", "<span data-toggle='tooltip' data-placement='right' title='原始值：26.59766'>26.6</span>", "<span data-toggle='tooltip' data-placement='right' title='原始值：7.24076'>7.24</span>", "<span data-toggle='tooltip' data-placement='right' title='原始值：3.19377'>3.19</span>", "<span data-toggle='tooltip' data-placement='right' title='原始值：193.3206'>193.3</span>", "<span data-toggle='tooltip' data-placement='right' title='原始值：37.09779'>37.1</span>", "<span data-toggle='tooltip' data-placement='right' title='原始值：5.26'>5.26</span>", "<span data-toggle='tooltip' data-placement='right' title='原始值：0.1'>0.100</span>", "*", "*", "*", "*", "正常"], ["安徽省", "淮河流域", "<span data-toggle='tooltip' data-placement='right' title='所在地市:淮北市&#10;所属河流:沱河'>小王桥</span>", "09-29 08:00", "劣Ⅴ", "<span data-toggle='tooltip' data-placement='right' title='原始值：24.3'>24.3</span>", "<span data-toggle='tooltip' data-placement='right' title='原始值：8'>8.00</span>", "<span data-toggle='tooltip' data-placement='right' title='原始值：5.31'>5.31</span>", "<span data-toggle='tooltip' data-placement='right' title='原始值：1186.15'>1186.2</span>", "<span data-toggle='tooltip' data-placement='right' title='原始值：26.16'>26.2</span>", "<span data-toggle='tooltip' data-placement='right' title='原始值：7.492'>7.49</span>", "<span data-toggle='tooltip' data-placement='right' title='原始值：0.07'>0.070</span>", "<span data-toggle='tooltip' data-placement='right' title='原始值：0.412'>0.412</span>", "<span data-toggle='tooltip' data-placement='right' title='原始值：1.184'>1.18</span>", "*", "*", "正常"], ["安徽省", "长江流域", "<span data-toggle='tooltip' data-placement='right' title='所在地市:安庆市&#10;所属河流:长江'>皖河口</span>", "09-29 08:00", "Ⅱ", "<span data-toggle='tooltip' data-placement='right' title='原始值：24.31'>24.3</span>", "<span data-toggle='tooltip' data-placement='right' title='原始值：7.287'>7.29</span>", "<span data-toggle='tooltip' data-placement='right' title='原始值：6.39'>6.39</span>", "<span data-toggle='tooltip' data-placement='right' title='原始值：282.55'>282.6</span>", "<span data-toggle='tooltip' data-placement='right' title='原始值：33.99'>34.0</span>", "<span data-toggle='tooltip' data-placement='right' title='原始值：1.585'>1.58</span>", "<span data-toggle='tooltip' data-placement='right' title='原始值：0.041'>0.041</span>", "<span data-toggle='tooltip' data-placement='right' title='原始值：0.0597'>0.060</span>", "<span data-toggle='tooltip' data-placement='right' title='原始值：2.165'>2.16</span>", "*", "*", "正常"], ["安徽省", "淮河流域", "<span data-toggle='tooltip' data-placement='right' title='所在地市:滁州市&#10;所属河流:淮河'>小柳巷</span>", "09-29 08:00", "Ⅲ", "<span data-toggle='tooltip' data-placement='right' title='原始值：25.9'>25.9</span>", "<span data-toggle='tooltip' data-placement='right' title='原始值：7.7'>7.70</span>", "<span data-toggle='tooltip' data-placement='right' title='原始值：6.94'>6.94</span>", "<span data-toggle='tooltip' data-placement='right' title='原始值：441.7'>441.7</span>", "<span data-toggle='tooltip' data-placement='right' title='原始值：172.74'>172.7</span>", "<span data-toggle='tooltip' data-placement='right' title='原始值：2.34'>2.34</span>", "<span data-toggle='tooltip' data-placement='right' title='原始值：0.05'>0.050</span>", "<span data-toggle='tooltip' data-placement='right' title='原始值：0.131'>0.131</span>", "<span data-toggle='tooltip' data-placement='right' title='原始值：1.298'>1.30</span>", "*", "*", "正常"], ["安徽省", "淮河流域", "<span data-toggle='tooltip' data-placement='right' title='所在地市:阜阳市&#10;所属河流:黑茨河'>张大桥</span>", null, "", "--", "--", "--", "--", "--", "--", "--", "--", "--", "*", "*", "停站"], ["安徽省", "淮河流域", "<span data-toggle='tooltip' data-placement='right' title='所在地市:阜阳市&#10;所属河流:淮河'>王家坝</span>", "09-29 08:00", "Ⅲ", "<span data-toggle='tooltip' data-placement='right' title='原始值：23.88996'>23.9</span>", "<span data-toggle='tooltip' data-placement='right' title='原始值：8.11617'>8.12</span>", "<span data-toggle='tooltip' data-placement='right' title='原始值：5.90572'>5.91</span>", "<span data-toggle='tooltip' data-placement='right' title='原始值：695.2766'>695.3</span>", "<span data-toggle='tooltip' data-placement='right' title='原始值：37.74643'>37.7</span>", "<span data-toggle='tooltip' data-placement='right' title='原始值：2.25'>2.25</span>", "<span data-toggle='tooltip' data-placement='right' title='原始值：0.195'>0.195</span>", "<span data-toggle='tooltip' data-placement='right' title='原始值：0.1912'>0.191</span>", "<span data-toggle='tooltip' data-placement='right' title='原始值：2.03695'>2.04</span>", "*", "*", "正常"], ["安徽省", "淮河流域", "<span data-toggle='tooltip' data-placement='right' title='所在地市:阜阳市&#10;所属河流:颍河'>界首七渡口(七渡口)</span>", "09-29 08:00", "Ⅳ", "<span data-toggle='tooltip' data-placement='right' title='原始值：24.90373'>24.9</span>", "<span data-toggle='tooltip' data-placement='right' title='原始值：8.45979'>8.46</span>", "<span data-toggle='tooltip' data-placement='right' title='原始值：3.8765'>3.88</span>", "<span data-toggle='tooltip' data-placement='right' title='原始值：877.2855'>877.3</span>", "<span data-toggle='tooltip' data-placement='right' title='原始值：20.46276'>20.5</span>", "<span data-toggle='tooltip' data-placement='right' title='原始值：3.47'>3.47</span>", "<span data-toggle='tooltip' data-placement='right' title='原始值：0.21'>0.210</span>", "<span data-toggle='tooltip' data-placement='right' title='原始值：0.11456'>0.115</span>", "<span data-toggle='tooltip' data-placement='right' title='原始值：2.36037'>2.36</span>", "*", "*", "正常"], ["安徽省", "淮河流域", "<span data-toggle='tooltip' data-placement='right' title='所在地市:阜阳市&#10;所属河流:泉河'>许庄(徐庄)</span>", "09-29 08:00", "", "<span data-toggle='tooltip' data-placement='right' title='原始值：23.5'>23.5</span>", "<span data-toggle='tooltip' data-placement='right' title='原始值：7.74'>7.74</span>", "<span data-toggle='tooltip' data-placement='right' title='原始值：5.91'>5.91</span>", "<span data-toggle='tooltip' data-placement='right' title='原始值：841.4'>841.4</span>", "<span data-toggle='tooltip' data-placement='right' title='原始值：41.1'>41.1</span>", "<span data-toggle='tooltip' data-placement='right' title='原始值：2.53'>2.53</span>", "<span data-toggle='tooltip' data-placement='right' title='极值过滤'>--</span>", "<span data-toggle='tooltip' data-placement='right' title='原始值：0.11'>0.110</span>", "<span data-toggle='tooltip' data-placement='right' title='原始值：1.017'>1.02</span>", "*", "*", "维护"], ["安徽省", "淮河流域", "<span data-toggle='tooltip' data-placement='right' title='所在地市:宿州市&#10;所属河流:奎河'>杨庄</span>", "09-29 08:00", "Ⅲ", "<span data-toggle='tooltip' data-placement='right' title='原始值：23.59'>23.6</span>", "<span data-toggle='tooltip' data-placement='right' title='原始值：7.7'>7.70</span>", "<span data-toggle='tooltip' data-placement='right' title='原始值：7.99'>7.99</span>", "<span data-toggle='tooltip' data-placement='right' title='原始值：819.8'>819.8</span>", "<span data-toggle='tooltip' data-placement='right' title='原始值：130.97'>131.0</span>", "<span data-toggle='tooltip' data-placement='right' title='原始值：4.51'>4.51</span>", "<span data-toggle='tooltip' data-placement='right' title='原始值：0.119'>0.119</span>", "*", "*", "*", "*", "正常"], ["安徽省", "淮河流域", "<span data-toggle='tooltip' data-placement='right' title='所在地市:宿州市&#10;所属河流:新汴河'>泗县公路桥</span>", "09-29 08:00", "Ⅳ", "<span data-toggle='tooltip' data-placement='right' title='原始值：24.71'>24.7</span>", "<span data-toggle='tooltip' data-placement='right' title='原始值：8.27'>8.27</span>", "<span data-toggle='tooltip' data-placement='right' title='原始值：8.17'>8.17</span>", "<span data-toggle='tooltip' data-placement='right' title='原始值：930.2'>930.2</span>", "<span data-toggle='tooltip' data-placement='right' title='原始值：37.24'>37.2</span>", "<span data-toggle='tooltip' data-placement='right' title='原始值：6.92'>6.92</span>", "<span data-toggle='tooltip' data-placement='right' title='原始值：0.083'>0.083</span>", "*", "*", "*", "*", "正常"], ["安徽省", "淮河流域", "<span data-toggle='tooltip' data-placement='right' title='所在地市:亳州市&#10;所属河流:包河'>颜集</span>", "09-29 08:00", "劣Ⅴ", "<span data-toggle='tooltip' data-placement='right' title='原始值：22'>22.0</span>", "<span data-toggle='tooltip' data-placement='right' title='原始值：7.84'>7.84</span>", "<span data-toggle='tooltip' data-placement='right' title='原始值：5.7'>5.70</span>", "<span data-toggle='tooltip' data-placement='right' title='原始值：2042.1'>2042.1</span>", "<span data-toggle='tooltip' data-placement='right' title='原始值：157.11'>157.1</span>", "<span data-toggle='tooltip' data-placement='right' title='原始值：7.19'>7.19</span>", "<span data-toggle='tooltip' data-placement='right' title='原始值：2.34'>2.340</span>", "<span data-toggle='tooltip' data-placement='right' title='原始值：0.371'>0.371</span>", "<span data-toggle='tooltip' data-placement='right' title='原始值：4.96'>4.96</span>", "*", "*", "正常"], ["福建省", "浙闽片河流", "<span data-toggle='tooltip' data-placement='right' title='所在地市:福州市&#10;所属河流:闽江'>白岩潭</span>", "09-29 08:00", "Ⅱ", "<span data-toggle='tooltip' data-placement='right' title='原始值：26.87'>26.9</span>", "<span data-toggle='tooltip' data-placement='right' title='原始值：6.83'>6.83</span>", "<span data-toggle='tooltip' data-placement='right' title='原始值：6.03'>6.03</span>", "<span data-toggle='tooltip' data-placement='right' title='原始值：186.8'>186.8</span>", "<span data-toggle='tooltip' data-placement='right' title='原始值：30.84'>30.8</span>", "<span data-toggle='tooltip' data-placement='right' title='原始值：2.11'>2.11</span>", "<span data-toggle='tooltip' data-placement='right' title='原始值：0.16'>0.160</span>", "*", "*", "*", "*", "正常"], ["江西省", "长江流域", "<span data-toggle='tooltip' data-placement='right' title='所在地市:南昌市&#10;所属河流:赣江南支'>滁槎</span>", "09-29 08:00", "Ⅱ", "<span data-toggle='tooltip' data-placement='right' title='原始值：24.91526'>24.9</span>", "<span data-toggle='tooltip' data-placement='right' title='原始值：7.84225'>7.84</span>", "<span data-toggle='tooltip' data-placement='right' title='原始值：8.67192'>8.67</span>", "<span data-toggle='tooltip' data-placement='right' title='原始值：116.545'>116.5</span>", "<span data-toggle='tooltip' data-placement='right' title='原始值：51.43534'>51.4</span>", "<span data-toggle='tooltip' data-placement='right' title='原始值：2.68'>2.68</span>", "<span data-toggle='tooltip' data-placement='right' title='原始值：0.16'>0.160</span>", "<span data-toggle='tooltip' data-placement='right' title='原始值：0.07622'>0.076</span>", "<span data-toggle='tooltip' data-placement='right' title='原始值：1.46'>1.46</span>", "*", "*", "正常"], ["江西省", "长江流域", "<span data-toggle='tooltip' data-placement='right' title='所在地市:九江市&#10;所属河流:长江'>姚港(河西水厂)</span>", "09-29 08:00", "", "<span data-toggle='tooltip' data-placement='right' title='原始值：23.38'>23.4</span>", "<span data-toggle='tooltip' data-placement='right' title='原始值：7.41'>7.41</span>", "<span data-toggle='tooltip' data-placement='right' title='原始值：7.79'>7.79</span>", "<span data-toggle='tooltip' data-placement='right' title='原始值：292.71'>292.7</span>", "<span data-toggle='tooltip' data-placement='right' title='原始值：51.69'>51.7</span>", "<span data-toggle='tooltip' data-placement='right' title='原始值：1.38'>1.38</span>", "<span data-toggle='tooltip' data-placement='right' title='极值过滤'>--</span>", "<span data-toggle='tooltip' data-placement='right' title='原始值：0.088'>0.088</span>", "<span data-toggle='tooltip' data-placement='right' title='原始值：1.25'>1.25</span>", "*", "*", "维护"], ["江西省", "长江流域", "<span data-toggle='tooltip' data-placement='right' title='所在地市:九江市&#10;所属河流:鄱阳湖'>蛤蟆石</span>", "09-29 08:00", "Ⅲ", "<span data-toggle='tooltip' data-placement='right' title='原始值：23.45'>23.4</span>", "<span data-toggle='tooltip' data-placement='right' title='原始值：6.99'>6.99</span>", "<span data-toggle='tooltip' data-placement='right' title='原始值：7.69'>7.69</span>", "<span data-toggle='tooltip' data-placement='right' title='原始值：123.98'>124.0</span>", "<span data-toggle='tooltip' data-placement='right' title='原始值：14.52'>14.5</span>", "<span data-toggle='tooltip' data-placement='right' title='原始值：1.886'>1.89</span>", "<span data-toggle='tooltip' data-placement='right' title='原始值：0.006'>0.006</span>", "<span data-toggle='tooltip' data-placement='right' title='原始值：0.0257'>0.026</span>", "<span data-toggle='tooltip' data-placement='right' title='原始值：0.687'>0.69</span>", "<span data-toggle='tooltip' data-placement='right' title='原始值：0.01463'>0.015</span>", "<span data-toggle='tooltip' data-placement='right' title='原始值：1712065'>1712065</span>", "正常"], ["山东省", "黄河流域", "<span data-toggle='tooltip' data-placement='right' title='所在地市:济南市&#10;所属河流:黄河'>泺口</span>", "09-29 08:00", "Ⅱ", "<span data-toggle='tooltip' data-placement='right' title='原始值：22.6008'>22.6</span>", "<span data-toggle='tooltip' data-placement='right' title='原始值：8.12472'>8.12</span>", "<span data-toggle='tooltip' data-placement='right' title='原始值：8.11592'>8.12</span>", "<span data-toggle='tooltip' data-placement='right' title='原始值：702.48'>702.5</span>", "<span data-toggle='tooltip' data-placement='right' title='原始值：1001.6'>1001.6</span>", "<span data-toggle='tooltip' data-placement='right' title='原始值：2.23'>2.23</span>", "<span data-toggle='tooltip' data-placement='right' title='原始值：0.07782'>0.078</span>", "<span data-toggle='tooltip' data-placement='right' title='原始值：0.01467'>0.015</span>", "<span data-toggle='tooltip' data-placement='right' title='原始值：3.048'>3.05</span>", "*", "*", "正常"], ["山东省", "淮河流域", "<span data-toggle='tooltip' data-placement='right' title='所在地市:枣庄市&#10;所属河流:京杭大运河（韩庄运河）'>台儿庄大桥</span>", "09-29 08:00", "Ⅱ", "<span data-toggle='tooltip' data-placement='right' title='原始值：25.07'>25.1</span>", "<span data-toggle='tooltip' data-placement='right' title='原始值：7.63701'>7.64</span>", "<span data-toggle='tooltip' data-placement='right' title='原始值：7.1016'>7.10</span>", "<span data-toggle='tooltip' data-placement='right' title='原始值：846.9381'>846.9</span>", "<span data-toggle='tooltip' data-placement='right' title='原始值：32.04762'>32.0</span>", "<span data-toggle='tooltip' data-placement='right' title='原始值：3.46485'>3.46</span>", "<span data-toggle='tooltip' data-placement='right' title='原始值：0.07433'>0.074</span>", "<span data-toggle='tooltip' data-placement='right' title='原始值：0.07278'>0.073</span>", "<span data-toggle='tooltip' data-placement='right' title='原始值：1.82206'>1.82</span>", "*", "*", "正常"], ["山东省", "淮河流域", "<span data-toggle='tooltip' data-placement='right' title='所在地市:临沂市&#10;所属河流:沭河'>清泉寺</span>", "09-29 08:00", "Ⅳ", "<span data-toggle='tooltip' data-placement='right' title='原始值：23.61088'>23.6</span>", "<span data-toggle='tooltip' data-placement='right' title='原始值：8.22628'>8.23</span>", "<span data-toggle='tooltip' data-placement='right' title='原始值：8.56258'>8.56</span>", "<span data-toggle='tooltip' data-placement='right' title='原始值：860.0754'>860.1</span>", "<span data-toggle='tooltip' data-placement='right' title='原始值：24.98932'>25.0</span>", "<span data-toggle='tooltip' data-placement='right' title='原始值：6.06'>6.06</span>", "<span data-toggle='tooltip' data-placement='right' title='原始值：0.27'>0.270</span>", "*", "*", "*", "*", "正常"], ["山东省", "淮河流域", "<span data-toggle='tooltip' data-placement='right' title='所在地市:临沂市&#10;所属河流:沂河'>重坊桥</span>", "09-29 08:00", "Ⅱ", "<span data-toggle='tooltip' data-placement='right' title='原始值：23'>23.0</span>", "<span data-toggle='tooltip' data-placement='right' title='原始值：7.44'>7.44</span>", "<span data-toggle='tooltip' data-placement='right' title='原始值：6.05822'>6.06</span>", "<span data-toggle='tooltip' data-placement='right' title='原始值：590.1215'>590.1</span>", "<span data-toggle='tooltip' data-placement='right' title='原始值：6.91682'>6.9</span>", "<span data-toggle='tooltip' data-placement='right' title='原始值：3.04'>3.04</span>", "<span data-toggle='tooltip' data-placement='right' title='原始值：0.16028'>0.160</span>", "*", "*", "*", "*", "正常"], ["山东省", "淮河流域", "<span data-toggle='tooltip' data-placement='right' title='所在地市:临沂市&#10;所属河流:白马河'>捷庄(涝沟桥)</span>", "09-29 08:00", "Ⅲ", "<span data-toggle='tooltip' data-placement='right' title='原始值：24.1'>24.1</span>", "<span data-toggle='tooltip' data-placement='right' title='原始值：7.35998'>7.36</span>", "<span data-toggle='tooltip' data-placement='right' title='原始值：11.79242'>11.79</span>", "<span data-toggle='tooltip' data-placement='right' title='原始值：739.125'>739.1</span>", "<span data-toggle='tooltip' data-placement='right' title='原始值：43.47153'>43.5</span>", "<span data-toggle='tooltip' data-placement='right' title='原始值：5.65'>5.65</span>", "<span data-toggle='tooltip' data-placement='right' title='原始值：0.02463'>0.025</span>", "<span data-toggle='tooltip' data-placement='right' title='原始值：0.10498'>0.105</span>", "<span data-toggle='tooltip' data-placement='right' title='原始值：4.83303'>4.83</span>", "*", "*", "正常"], ["山东省", "海河流域", "<span data-toggle='tooltip' data-placement='right' title='所在地市:聊城市&#10;所属河流:卫运河'>秤勾湾(秤钩湾)</span>", null, "", "--", "--", "--", "--", "--", "--", "--", "--", "--", "*", "*", "停站"], ["河南省", "长江流域", "<span data-toggle='tooltip' data-placement='right' title='所在地市:南阳市&#10;所属河流:丹江口水库'>陶岔</span>", "09-29 08:00", "Ⅱ", "<span data-toggle='tooltip' data-placement='right' title='原始值：24.07'>24.1</span>", "<span data-toggle='tooltip' data-placement='right' title='原始值：7.72032'>7.72</span>", "<span data-toggle='tooltip' data-placement='right' title='原始值：7.39284'>7.39</span>", "<span data-toggle='tooltip' data-placement='right' title='原始值：284.6622'>284.7</span>", "<span data-toggle='tooltip' data-placement='right' title='原始值：1.59449'>1.6</span>", "<span data-toggle='tooltip' data-placement='right' title='原始值：1.88'>1.88</span>", "<span data-toggle='tooltip' data-placement='right' title='原始值：0.03802'>0.038</span>", "<span data-toggle='tooltip' data-placement='right' title='原始值：0.01006'>0.010</span>", "<span data-toggle='tooltip' data-placement='right' title='原始值：0.9232'>0.92</span>", "<span data-toggle='tooltip' data-placement='right' title='原始值：0.00432'>0.004</span>", "<span data-toggle='tooltip' data-placement='right' title='原始值：403256.1'>403256</span>", "正常"], ["河南省", "淮河流域", "<span data-toggle='tooltip' data-placement='right' title='所在地市:商丘市&#10;所属河流:浍河'>黄口</span>", "09-29 08:00", "Ⅲ", "<span data-toggle='tooltip' data-placement='right' title='原始值：20.7'>20.7</span>", "<span data-toggle='tooltip' data-placement='right' title='原始值：7.2'>7.20</span>", "<span data-toggle='tooltip' data-placement='right' title='原始值：7.79992'>7.80</span>", "<span data-toggle='tooltip' data-placement='right' title='原始值：1796.5'>1796.5</span>", "<span data-toggle='tooltip' data-placement='right' title='原始值：68.40228'>68.4</span>", "<span data-toggle='tooltip' data-placement='right' title='原始值：4.75'>4.75</span>", "<span data-toggle='tooltip' data-placement='right' title='原始值：0.002'>0.002</span>", "<span data-toggle='tooltip' data-placement='right' title='原始值：0.113'>0.113</span>", "<span data-toggle='tooltip' data-placement='right' title='原始值：10.88947'>10.89</span>", "*", "*", "正常"], ["河南省", "淮河流域", "<span data-toggle='tooltip' data-placement='right' title='所在地市:信阳市&#10;所属河流:史灌河'>蒋集</span>", "09-29 08:00", "Ⅱ", "<span data-toggle='tooltip' data-placement='right' title='原始值：25.4123'>25.4</span>", "<span data-toggle='tooltip' data-placement='right' title='原始值：7.133'>7.13</span>", "<span data-toggle='tooltip' data-placement='right' title='原始值：6.46497'>6.46</span>", "<span data-toggle='tooltip' data-placement='right' title='原始值：194.9717'>195.0</span>", "<span data-toggle='tooltip' data-placement='right' title='原始值：197.3506'>197.4</span>", "<span data-toggle='tooltip' data-placement='right' title='原始值：3.22'>3.22</span>", "<span data-toggle='tooltip' data-placement='right' title='原始值：0.03799'>0.038</span>", "*", "*", "*", "*", "正常"], ["河南省", "淮河流域", "<span data-toggle='tooltip' data-placement='right' title='所在地市:信阳市&#10;所属河流:淮河'>淮滨水文站(淮滨)</span>", "09-29 08:00", "Ⅲ", "<span data-toggle='tooltip' data-placement='right' title='原始值：23'>23.0</span>", "<span data-toggle='tooltip' data-placement='right' title='原始值：7.17'>7.17</span>", "<span data-toggle='tooltip' data-placement='right' title='原始值：7.44984'>7.45</span>", "<span data-toggle='tooltip' data-placement='right' title='原始值：237'>237.0</span>", "<span data-toggle='tooltip' data-placement='right' title='原始值：487.7586'>487.8</span>", "<span data-toggle='tooltip' data-placement='right' title='原始值：2.60268'>2.60</span>", "<span data-toggle='tooltip' data-placement='right' title='原始值：0.13741'>0.137</span>", "<span data-toggle='tooltip' data-placement='right' title='原始值：0.15099'>0.151</span>", "<span data-toggle='tooltip' data-placement='right' title='原始值：1.21072'>1.21</span>", "*", "*", "正常"], ["河南省", "淮河流域", "<span data-toggle='tooltip' data-placement='right' title='所在地市:周口市&#10;所属河流:沙河'>沈丘闸</span>", "09-29 08:00", "Ⅳ", "<span data-toggle='tooltip' data-placement='right' title='原始值：23.64978'>23.6</span>", "<span data-toggle='tooltip' data-placement='right' title='原始值：7.3'>7.30</span>", "<span data-toggle='tooltip' data-placement='right' title='原始值：3.42149'>3.42</span>", "<span data-toggle='tooltip' data-placement='right' title='原始值：1036'>1036.0</span>", "<span data-toggle='tooltip' data-placement='right' title='原始值：23.30211'>23.3</span>", "<span data-toggle='tooltip' data-placement='right' title='原始值：3.35088'>3.35</span>", "<span data-toggle='tooltip' data-placement='right' title='原始值：0.05'>0.050</span>", "*", "*", "*", "*", "正常"], ["河南省", "淮河流域", "<span data-toggle='tooltip' data-placement='right' title='所在地市:周口市&#10;所属河流:涡河'>鹿邑付桥(鹿邑付桥闸)</span>", "09-29 08:00", "Ⅲ", "<span data-toggle='tooltip' data-placement='right' title='原始值：23.74534'>23.7</span>", "<span data-toggle='tooltip' data-placement='right' title='原始值：8.43193'>8.43</span>", "<span data-toggle='tooltip' data-placement='right' title='原始值：6.28804'>6.29</span>", "<span data-toggle='tooltip' data-placement='right' title='原始值：1418.087'>1418.1</span>", "<span data-toggle='tooltip' data-placement='right' title='原始值：8.98815'>9.0</span>", "<span data-toggle='tooltip' data-placement='right' title='原始值：5.625'>5.62</span>", "<span data-toggle='tooltip' data-placement='right' title='原始值：0.07'>0.070</span>", "<span data-toggle='tooltip' data-placement='right' title='原始值：0.1553'>0.155</span>", "<span data-toggle='tooltip' data-placement='right' title='原始值：1.30391'>1.30</span>", "*", "*", "正常"], ["河南省", "淮河流域", "<span data-toggle='tooltip' data-placement='right' title='所在地市:驻马店市&#10;所属河流:洪河'>新蔡班台(班台)</span>", "09-29 08:00", "Ⅳ", "<span data-toggle='tooltip' data-placement='right' title='原始值：26.27616'>26.3</span>", "<span data-toggle='tooltip' data-placement='right' title='原始值：7.64214'>7.64</span>", "<span data-toggle='tooltip' data-placement='right' title='原始值：7.98987'>7.99</span>", "<span data-toggle='tooltip' data-placement='right' title='原始值：839.1499'>839.1</span>", "<span data-toggle='tooltip' data-placement='right' title='原始值：15.02571'>15.0</span>", "<span data-toggle='tooltip' data-placement='right' title='原始值：3.85'>3.85</span>", "<span data-toggle='tooltip' data-placement='right' title='原始值：0.04'>0.040</span>", "<span data-toggle='tooltip' data-placement='right' title='原始值：0.28695'>0.287</span>", "<span data-toggle='tooltip' data-placement='right' title='原始值：3.32206'>3.32</span>", "*", "*", "正常"], ["河南省", "黄河流域", "<span data-toggle='tooltip' data-placement='right' title='所在地市:济源市&#10;所属河流:黄河'>小浪底水库(小浪底)</span>", "09-29 08:00", "", "<span data-toggle='tooltip' data-placement='right' title='原始值：22.11486'>22.1</span>", "<span data-toggle='tooltip' data-placement='right' title='原始值：8.23369'>8.23</span>", "<span data-toggle='tooltip' data-placement='right' title='原始值：12.2199'>12.22</span>", "<span data-toggle='tooltip' data-placement='right' title='原始值：694.7806'>694.8</span>", "<span data-toggle='tooltip' data-placement='right' title='原始值：14.89706'>14.9</span>", "<span data-toggle='tooltip' data-placement='right' title='原始值：0.9825'>0.98</span>", "<span data-toggle='tooltip' data-placement='right' title='原始值：0.13'>0.130</span>", "<span data-toggle='tooltip' data-placement='right' title='极值过滤'>--</span>", "<span data-toggle='tooltip' data-placement='right' title='极值过滤'>--</span>", "*", "*", "维护"], ["湖北省", "长江流域", "<span data-toggle='tooltip' data-placement='right' title='所在地市:武汉市&#10;所属河流:汉江'>宗关</span>", null, "", "--", "--", "--", "--", "--", "--", "--", "--", "--", "--", "*", "停站"], ["湖北省", "长江流域", "<span data-toggle='tooltip' data-placement='right' title='所在地市:十堰市&#10;所属河流:丹江口水库'>坝上中(胡家岭)</span>", "09-29 08:00", "Ⅱ", "<span data-toggle='tooltip' data-placement='right' title='原始值：24.54'>24.5</span>", "<span data-toggle='tooltip' data-placement='right' title='原始值：7.904419'>7.90</span>", "<span data-toggle='tooltip' data-placement='right' title='原始值：6.499837'>6.50</span>", "<span data-toggle='tooltip' data-placement='right' title='原始值：234.754'>234.8</span>", "<span data-toggle='tooltip' data-placement='right' title='原始值：1.737385'>1.7</span>", "<span data-toggle='tooltip' data-placement='right' title='原始值：2.32'>2.32</span>", "<span data-toggle='tooltip' data-placement='right' title='原始值：0.104'>0.104</span>", "<span data-toggle='tooltip' data-placement='right' title='原始值：0.007'>0.007</span>", "<span data-toggle='tooltip' data-placement='right' title='原始值：1.268'>1.27</span>", "<span data-toggle='tooltip' data-placement='right' title='原始值：0.0089775'>0.009</span>", "<span data-toggle='tooltip' data-placement='right' title='原始值：1.1787E+07'>11787000</span>", "正常"], ["湖北省", "长江流域", "<span data-toggle='tooltip' data-placement='right' title='所在地市:宜昌市&#10;所属河流:长江'>南津关</span>", "09-29 08:00", "Ⅱ", "<span data-toggle='tooltip' data-placement='right' title='原始值：22.8'>22.8</span>", "<span data-toggle='tooltip' data-placement='right' title='原始值：8.081581'>8.08</span>", "<span data-toggle='tooltip' data-placement='right' title='原始值：7.929302'>7.93</span>", "<span data-toggle='tooltip' data-placement='right' title='原始值：370.464'>370.5</span>", "<span data-toggle='tooltip' data-placement='right' title='原始值：24.3974'>24.4</span>", "<span data-toggle='tooltip' data-placement='right' title='原始值：1.6'>1.60</span>", "<span data-toggle='tooltip' data-placement='right' title='原始值：0.005'>0.005</span>", "<span data-toggle='tooltip' data-placement='right' title='原始值：0.047'>0.047</span>", "<span data-toggle='tooltip' data-placement='right' title='原始值：1.226'>1.23</span>", "--", "*", "维护"], ["湖南省", "长江流域", "<span data-toggle='tooltip' data-placement='right' title='所在地市:长沙市&#10;所属河流:湘江'>新港</span>", "09-29 08:00", "Ⅱ", "<span data-toggle='tooltip' data-placement='right' title='原始值：23.97'>24.0</span>", "<span data-toggle='tooltip' data-placement='right' title='原始值：7.25'>7.25</span>", "<span data-toggle='tooltip' data-placement='right' title='原始值：7.16'>7.16</span>", "<span data-toggle='tooltip' data-placement='right' title='原始值：251.61'>251.6</span>", "<span data-toggle='tooltip' data-placement='right' title='原始值：65.98'>66.0</span>", "<span data-toggle='tooltip' data-placement='right' title='原始值：2.12'>2.12</span>", "<span data-toggle='tooltip' data-placement='right' title='原始值：0.058'>0.058</span>", "<span data-toggle='tooltip' data-placement='right' title='原始值：0.078'>0.078</span>", "<span data-toggle='tooltip' data-placement='right' title='原始值：1.48'>1.48</span>", "*", "*", "正常"], ["湖南省", "长江流域", "<span data-toggle='tooltip' data-placement='right' title='所在地市:岳阳市&#10;所属河流:洞庭湖'>岳阳楼</span>", "09-29 08:00", "Ⅳ", "<span data-toggle='tooltip' data-placement='right' title='原始值：22.19'>22.2</span>", "<span data-toggle='tooltip' data-placement='right' title='原始值：7.752954'>7.75</span>", "<span data-toggle='tooltip' data-placement='right' title='原始值：6.248263'>6.25</span>", "<span data-toggle='tooltip' data-placement='right' title='原始值：227.1059'>227.1</span>", "<span data-toggle='tooltip' data-placement='right' title='原始值：39.47968'>39.5</span>", "<span data-toggle='tooltip' data-placement='right' title='原始值：1.58'>1.58</span>", "<span data-toggle='tooltip' data-placement='right' title='原始值：0.016'>0.016</span>", "<span data-toggle='tooltip' data-placement='right' title='原始值：0.095'>0.095</span>", "<span data-toggle='tooltip' data-placement='right' title='原始值：1.677'>1.68</span>", "<span data-toggle='tooltip' data-placement='right' title='原始值：0.0032344'>0.003</span>", "<span data-toggle='tooltip' data-placement='right' title='原始值：283.614'>284</span>", "正常"], ["湖南省", "长江流域", "<span data-toggle='tooltip' data-placement='right' title='所在地市:岳阳市&#10;所属河流:长江'>城陵矶</span>", "09-29 08:00", "Ⅰ", "<span data-toggle='tooltip' data-placement='right' title='原始值：23.02'>23.0</span>", "<span data-toggle='tooltip' data-placement='right' title='原始值：6.904189'>6.90</span>", "<span data-toggle='tooltip' data-placement='right' title='原始值：7.989547'>7.99</span>", "<span data-toggle='tooltip' data-placement='right' title='原始值：267.487'>267.5</span>", "<span data-toggle='tooltip' data-placement='right' title='原始值：33.74225'>33.7</span>", "<span data-toggle='tooltip' data-placement='right' title='原始值：1.32'>1.32</span>", "<span data-toggle='tooltip' data-placement='right' title='原始值：0.01'>0.010</span>", "<span data-toggle='tooltip' data-placement='right' title='原始值：0.012'>0.012</span>", "<span data-toggle='tooltip' data-placement='right' title='原始值：1.3452'>1.35</span>", "*", "*", "正常"], ["广东省", "珠江流域", "<span data-toggle='tooltip' data-placement='right' title='所在地市:清远市&#10;所属河流:北江'>七星岗</span>", "09-29 08:00", "Ⅲ", "<span data-toggle='tooltip' data-placement='right' title='原始值：28.70721'>28.7</span>", "<span data-toggle='tooltip' data-placement='right' title='原始值：7.52555'>7.53</span>", "<span data-toggle='tooltip' data-placement='right' title='原始值：5.80633'>5.81</span>", "<span data-toggle='tooltip' data-placement='right' title='原始值：247.2475'>247.2</span>", "<span data-toggle='tooltip' data-placement='right' title='原始值：11.53285'>11.5</span>", "<span data-toggle='tooltip' data-placement='right' title='原始值：2.05'>2.05</span>", "<span data-toggle='tooltip' data-placement='right' title='原始值：0.10735'>0.107</span>", "<span data-toggle='tooltip' data-placement='right' title='原始值：0.03192'>0.032</span>", "<span data-toggle='tooltip' data-placement='right' title='原始值：1.5029'>1.50</span>", "*", "*", "正常"], ["广东省", "珠江流域", "<span data-toggle='tooltip' data-placement='right' title='所在地市:中山市&#10;所属河流:西江'>横栏</span>", "09-29 08:00", "Ⅰ", "<span data-toggle='tooltip' data-placement='right' title='原始值：25.6'>25.6</span>", "<span data-toggle='tooltip' data-placement='right' title='原始值：7.78'>7.78</span>", "<span data-toggle='tooltip' data-placement='right' title='原始值：8.64'>8.64</span>", "<span data-toggle='tooltip' data-placement='right' title='原始值：233'>233.0</span>", "<span data-toggle='tooltip' data-placement='right' title='原始值：23.3'>23.3</span>", "<span data-toggle='tooltip' data-placement='right' title='原始值：1.69'>1.69</span>", "<span data-toggle='tooltip' data-placement='right' title='原始值：0.001'>0.001</span>", "*", "*", "*", "*", "正常"], ["广西壮族自治区", "珠江流域", "<span data-toggle='tooltip' data-placement='right' title='所在地市:南宁市&#10;所属河流:邕江'>老口</span>", "09-29 08:00", "Ⅱ", "<span data-toggle='tooltip' data-placement='right' title='原始值：27.15322'>27.2</span>", "<span data-toggle='tooltip' data-placement='right' title='原始值：7.4584'>7.46</span>", "<span data-toggle='tooltip' data-placement='right' title='原始值：6.54029'>6.54</span>", "<span data-toggle='tooltip' data-placement='right' title='原始值：319.1866'>319.2</span>", "<span data-toggle='tooltip' data-placement='right' title='原始值：22.79339'>22.8</span>", "<span data-toggle='tooltip' data-placement='right' title='原始值：1.64764'>1.65</span>", "<span data-toggle='tooltip' data-placement='right' title='原始值：0.08926'>0.089</span>", "<span data-toggle='tooltip' data-placement='right' title='原始值：0.03528'>0.035</span>", "<span data-toggle='tooltip' data-placement='right' title='原始值：1.80993'>1.81</span>", "*", "*", "正常"], ["广西壮族自治区", "珠江流域", "<span data-toggle='tooltip' data-placement='right' title='所在地市:桂林市&#10;所属河流:漓江'>阳朔</span>", null, "", "--", "--", "--", "--", "--", "--", "--", "--", "--", "*", "*", "停站"], ["广西壮族自治区", "珠江流域", "<span data-toggle='tooltip' data-placement='right' title='所在地市:梧州市&#10;所属河流:浔江'>界首</span>", null, "", "--", "--", "--", "--", "--", "--", "--", "--", "--", "*", "*", "停站"], ["广西壮族自治区", "珠江流域", "<span data-toggle='tooltip' data-placement='right' title='所在地市:贵港市&#10;所属河流:浔江'>石嘴</span>", "09-29 08:00", "Ⅰ", "<span data-toggle='tooltip' data-placement='right' title='原始值：26.91662'>26.9</span>", "<span data-toggle='tooltip' data-placement='right' title='原始值：7.86077'>7.86</span>", "<span data-toggle='tooltip' data-placement='right' title='原始值：8.0117'>8.01</span>", "<span data-toggle='tooltip' data-placement='right' title='原始值：280.4995'>280.5</span>", "<span data-toggle='tooltip' data-placement='right' title='原始值：48.78606'>48.8</span>", "<span data-toggle='tooltip' data-placement='right' title='原始值：1.92'>1.92</span>", "<span data-toggle='tooltip' data-placement='right' title='原始值：0.15'>0.150</span>", "<span data-toggle='tooltip' data-placement='right' title='原始值：0.01329'>0.013</span>", "<span data-toggle='tooltip' data-placement='right' title='原始值：1.0294'>1.03</span>", "*", "*", "正常"], ["广西壮族自治区", "珠江流域", "<span data-toggle='tooltip' data-placement='right' title='所在地市:崇左市&#10;所属河流:平而河'>平而关</span>", "09-29 08:00", "Ⅰ", "<span data-toggle='tooltip' data-placement='right' title='原始值：26.12492'>26.1</span>", "<span data-toggle='tooltip' data-placement='right' title='原始值：7.74018'>7.74</span>", "<span data-toggle='tooltip' data-placement='right' title='原始值：7.68121'>7.68</span>", "<span data-toggle='tooltip' data-placement='right' title='原始值：220.3305'>220.3</span>", "<span data-toggle='tooltip' data-placement='right' title='原始值：121.7396'>121.7</span>", "<span data-toggle='tooltip' data-placement='right' title='原始值：1.94'>1.94</span>", "<span data-toggle='tooltip' data-placement='right' title='原始值：0.08'>0.080</span>", "*", "*", "*", "*", "正常"], ["重庆市", "长江流域", "<span data-toggle='tooltip' data-placement='right' title='所在地市:永川区&#10;所属河流:长江'>朱沱</span>", null, "", "--", "--", "--", "--", "--", "--", "--", "--", "--", "*", "*", "停站"], ["四川省", "长江流域", "<span data-toggle='tooltip' data-placement='right' title='所在地市:攀枝花市&#10;所属河流:金沙江'>龙洞</span>", "09-29 08:00", "Ⅰ", "<span data-toggle='tooltip' data-placement='right' title='原始值：20.83'>20.8</span>", "<span data-toggle='tooltip' data-placement='right' title='原始值：8.263536'>8.26</span>", "<span data-toggle='tooltip' data-placement='right' title='原始值：10.2583'>10.26</span>", "<span data-toggle='tooltip' data-placement='right' title='原始值：759.076'>759.1</span>", "<span data-toggle='tooltip' data-placement='right' title='原始值：13.92331'>13.9</span>", "<span data-toggle='tooltip' data-placement='right' title='原始值：1.25'>1.25</span>", "<span data-toggle='tooltip' data-placement='right' title='原始值：0.018'>0.018</span>", "<span data-toggle='tooltip' data-placement='right' title='原始值：0.0164323'>0.016</span>", "--", "*", "*", "维护"], ["四川省", "长江流域", "<span data-toggle='tooltip' data-placement='right' title='所在地市:泸州市&#10;所属河流:沱江'>沱江大桥(沱江二桥)</span>", "09-29 04:00", "", "<span data-toggle='tooltip' data-placement='right' title='原始值：23.84'>23.8</span>", "<span data-toggle='tooltip' data-placement='right' title='原始值：8.127009'>8.13</span>", "<span data-toggle='tooltip' data-placement='right' title='原始值：8.315204'>8.32</span>", "<span data-toggle='tooltip' data-placement='right' title='原始值：501.2435'>501.2</span>", "<span data-toggle='tooltip' data-placement='right' title='原始值：91.50522'>91.5</span>", "--", "--", "--", "--", "*", "*", "维护"], ["四川省", "长江流域", "<span data-toggle='tooltip' data-placement='right' title='所在地市:广元市&#10;所属河流:嘉陵江'>清风峡</span>", "09-29 08:00", "Ⅰ", "<span data-toggle='tooltip' data-placement='right' title='原始值：18.12961'>18.1</span>", "<span data-toggle='tooltip' data-placement='right' title='原始值：8.19714'>8.20</span>", "<span data-toggle='tooltip' data-placement='right' title='原始值：9.17758'>9.18</span>", "<span data-toggle='tooltip' data-placement='right' title='原始值：300.7222'>300.7</span>", "<span data-toggle='tooltip' data-placement='right' title='原始值：69.31575'>69.3</span>", "<span data-toggle='tooltip' data-placement='right' title='原始值：1.26'>1.26</span>", "<span data-toggle='tooltip' data-placement='right' title='原始值：0.14771'>0.148</span>", "*", "*", "*", "*", "正常"], ["四川省", "长江流域", "<span data-toggle='tooltip' data-placement='right' title='所在地市:乐山市&#10;所属河流:岷江'>岷江大桥</span>", null, "", "--", "--", "--", "--", "--", "--", "--", "--", "--", "*", "*", "停站"], ["四川省", "长江流域", "<span data-toggle='tooltip' data-placement='right' title='所在地市:宜宾市&#10;所属河流:岷江'>凉姜沟</span>", null, "", "--", "--", "--", "--", "--", "--", "--", "--", "--", "*", "*", "停站"], ["云南省", "滇池流域", "<span data-toggle='tooltip' data-placement='right' title='所在地市:昆明市&#10;所属河流:滇池'>西苑隧道</span>", null, "", "--", "--", "--", "--", "--", "--", "--", "--", "--", "--", "--", "维护"], ["云南省", "滇池流域", "<span data-toggle='tooltip' data-placement='right' title='所在地市:昆明市&#10;所属河流:滇池'>观音山</span>", "09-29 08:00", "Ⅳ", "<span data-toggle='tooltip' data-placement='right' title='原始值：22.01092'>22.0</span>", "<span data-toggle='tooltip' data-placement='right' title='原始值：8.42401'>8.42</span>", "<span data-toggle='tooltip' data-placement='right' title='原始值：6.98443'>6.98</span>", "<span data-toggle='tooltip' data-placement='right' title='原始值：441.5249'>441.5</span>", "<span data-toggle='tooltip' data-placement='right' title='原始值：40.99988'>41.0</span>", "<span data-toggle='tooltip' data-placement='right' title='原始值：7.50385'>7.50</span>", "<span data-toggle='tooltip' data-placement='right' title='原始值：0.44'>0.440</span>", "<span data-toggle='tooltip' data-placement='right' title='原始值：0.0973'>0.097</span>", "<span data-toggle='tooltip' data-placement='right' title='原始值：1.471'>1.47</span>", "<span data-toggle='tooltip' data-placement='right' title='原始值：0.00631'>0.006</span>", "<span data-toggle='tooltip' data-placement='right' title='原始值：5.432222E+07'>54322220</span>", "正常"], ["云南省", "西南诸河", "<span data-toggle='tooltip' data-placement='right' title='所在地市:红河哈尼族彝族自治州&#10;所属河流:红河'>河口县医院(河口)</span>", "09-29 08:00", "Ⅲ", "<span data-toggle='tooltip' data-placement='right' title='原始值：24.53493'>24.5</span>", "<span data-toggle='tooltip' data-placement='right' title='原始值：7.58715'>7.59</span>", "<span data-toggle='tooltip' data-placement='right' title='原始值：7.94068'>7.94</span>", "<span data-toggle='tooltip' data-placement='right' title='原始值：217.8756'>217.9</span>", "<span data-toggle='tooltip' data-placement='right' title='原始值：35.45192'>35.5</span>", "<span data-toggle='tooltip' data-placement='right' title='原始值：2.37842'>2.38</span>", "<span data-toggle='tooltip' data-placement='right' title='原始值：0.03414'>0.034</span>", "<span data-toggle='tooltip' data-placement='right' title='原始值：0.1073'>0.107</span>", "<span data-toggle='tooltip' data-placement='right' title='原始值：1.60529'>1.61</span>", "*", "*", "正常"], ["云南省", "西南诸河", "<span data-toggle='tooltip' data-placement='right' title='所在地市:西双版纳傣族自治州&#10;所属河流:澜沧江'>橄榄坝</span>", "09-29 08:00", "Ⅱ", "<span data-toggle='tooltip' data-placement='right' title='原始值：20.08004'>20.1</span>", "<span data-toggle='tooltip' data-placement='right' title='原始值：7.78676'>7.79</span>", "<span data-toggle='tooltip' data-placement='right' title='原始值：7.4007'>7.40</span>", "<span data-toggle='tooltip' data-placement='right' title='原始值：457.9786'>458.0</span>", "<span data-toggle='tooltip' data-placement='right' title='原始值：66.95474'>67.0</span>", "<span data-toggle='tooltip' data-placement='right' title='原始值：1.09'>1.09</span>", "<span data-toggle='tooltip' data-placement='right' title='原始值：0.07899'>0.079</span>", "*", "*", "*", "*", "正常"], ["陕西省", "黄河流域", "<span data-toggle='tooltip' data-placement='right' title='所在地市:渭南市&#10;所属河流:渭河'>潼关吊桥</span>", null, "", "--", "--", "--", "--", "--", "--", "--", "--", "--", "*", "*", "停站"], ["甘肃省", "黄河流域", "<span data-toggle='tooltip' data-placement='right' title='所在地市:兰州市&#10;所属河流:黄河'>新城桥</span>", "09-29 08:00", "Ⅱ", "<span data-toggle='tooltip' data-placement='right' title='原始值：15.98638'>16.0</span>", "<span data-toggle='tooltip' data-placement='right' title='原始值：7.74242'>7.74</span>", "<span data-toggle='tooltip' data-placement='right' title='原始值：7.63518'>7.64</span>", "<span data-toggle='tooltip' data-placement='right' title='原始值：470.6909'>470.7</span>", "<span data-toggle='tooltip' data-placement='right' title='原始值：194.2134'>194.2</span>", "<span data-toggle='tooltip' data-placement='right' title='原始值：2.44'>2.44</span>", "<span data-toggle='tooltip' data-placement='right' title='原始值：0.18'>0.180</span>", "<span data-toggle='tooltip' data-placement='right' title='原始值：0.02846'>0.028</span>", "<span data-toggle='tooltip' data-placement='right' title='原始值：2.32082'>2.32</span>", "*", "*", "正常"], ["宁夏回族自治区", "黄河流域", "<span data-toggle='tooltip' data-placement='right' title='所在地市:中卫市&#10;所属河流:黄河'>中卫下河沿(新墩)</span>", "09-29 08:00", "Ⅳ", "<span data-toggle='tooltip' data-placement='right' title='原始值：17.69479'>17.7</span>", "<span data-toggle='tooltip' data-placement='right' title='原始值：7.30712'>7.31</span>", "<span data-toggle='tooltip' data-placement='right' title='原始值：8.11951'>8.12</span>", "<span data-toggle='tooltip' data-placement='right' title='原始值：582.744'>582.7</span>", "<span data-toggle='tooltip' data-placement='right' title='原始值：102.7874'>102.8</span>", "<span data-toggle='tooltip' data-placement='right' title='原始值：1.88'>1.88</span>", "<span data-toggle='tooltip' data-placement='right' title='原始值：1.13'>1.130</span>", "<span data-toggle='tooltip' data-placement='right' title='原始值：0.0767'>0.077</span>", "<span data-toggle='tooltip' data-placement='right' title='原始值：1.5275'>1.53</span>", "*", "*", "正常"]]}