{"result": 1, "total": 2, "records": 100, "thead": ["省份", "流域", "断面名称", "监测时间", "水质类别", "水温<br/><span class='unit'>(℃)</span>", "pH<br/><span class='unit'>(无量纲)</span>", "溶解氧<br/><span class='unit'>(mg/L)</span>", "电导率<br/><span class='unit'>(μS/cm)</span>", "浊度<br/><span class='unit'>(NTU)</span>", "高锰酸盐指数<br/><span class='unit'>(mg/L)</span>", "氨氮<br/><span class='unit'>(mg/L)</span>", "总磷<br/><span class='unit'>(mg/L)</span>", "总氮<br/><span class='unit'>(mg/L)</span>", "叶绿素α<br/><span class='unit'>(mg/L)</span>", "藻密度<br/><span class='unit'>(cells/L)</span>", "站点情况"], "tbody": [["北京市", "海河流域", "<span data-toggle='tooltip' data-placement='right' title='所在地市:门头沟区&#10;所属河流:永定河'>沿河城</span>", null, "", "--", "--", "--", "--", "--", "--", "--", "--", "--", "*", "*", "停站"], ["北京市", "淮河流域", "<span data-toggle='tooltip' data-placement='right' title='所在地市:房山区&#10;所属河流:小清河'>八间房漫水桥</span>", null, "", "--", "--", "--", "--", "--", "--", "--", "--", "--", "*", "*", "停站"], ["北京市", "海河流域", "<span data-toggle='tooltip' data-placement='right' title='所在地市:密云区&#10;所属河流:潮河'>古北口</span>", null, "", "--", "--", "--", "--", "--", "--", "--", "--", "--", "*", "*", "停站"], ["天津市", "海河流域", "<span data-toggle='tooltip' data-placement='right' title='所在地市:河北区&#10;所属河流:海河'>三岔口</span>", "02-16 08:00", "Ⅱ", "<span data-toggle='tooltip' data-placement='right' title='原始值：5.87'>5.9</span>", "<span data-toggle='tooltip' data-placement='right' title='原始值：8.0199'>8.02</span>", "<span data-toggle='tooltip' data-placement='right' title='原始值：10.651'>10.65</span>", "<span data-toggle='tooltip' data-placement='right' title='原始值：1011.744'>1011.7</span>", "<span data-toggle='tooltip' data-placement='right' title='原始值：9.618'>9.6</span>", "<span data-toggle='tooltip' data-placement='right' title='原始值：1.58'>1.58</span>", "<span data-toggle='tooltip' data-placement='right' title='原始值：0.24'>0.240</span>", "<span data-toggle='tooltip' data-placement='right' title='原始值：0.008'>0.008</span>", "<span data-toggle='tooltip' data-placement='right' title='原始值：1.3333'>1.33</span>", "*", "*", "正常"], ["天津市", "海河流域", "<span data-toggle='tooltip' data-placement='right' title='所在地市:蓟州区&#10;所属河流:果河'>果河桥</span>", "02-16 08:00", "Ⅱ", "<span data-toggle='tooltip' data-placement='right' title='原始值：4.9'>4.9</span>", "<span data-toggle='tooltip' data-placement='right' title='原始值：7.97'>7.97</span>", "<span data-toggle='tooltip' data-placement='right' title='原始值：14.003'>14.00</span>", "<span data-toggle='tooltip' data-placement='right' title='原始值：770.854'>770.9</span>", "<span data-toggle='tooltip' data-placement='right' title='原始值：12.4'>12.4</span>", "<span data-toggle='tooltip' data-placement='right' title='原始值：1.918'>1.92</span>", "<span data-toggle='tooltip' data-placement='right' title='原始值：0.24'>0.240</span>", "<span data-toggle='tooltip' data-placement='right' title='原始值：0.0409'>0.041</span>", "<span data-toggle='tooltip' data-placement='right' title='原始值：12.1915'>12.19</span>", "*", "*", "正常"], ["河北省", "海河流域", "<span data-toggle='tooltip' data-placement='right' title='所在地市:石家庄市&#10;所属河流:滹沱河'>岗南水库</span>", null, "", "--", "--", "--", "--", "--", "--", "--", "--", "--", "*", "*", "停站"], ["河北省", "海河流域", "<span data-toggle='tooltip' data-placement='right' title='所在地市:张家口市&#10;所属河流:永定河'>八号桥</span>", "02-16 08:00", "Ⅲ", "<span data-toggle='tooltip' data-placement='right' title='原始值：4.04633'>4.0</span>", "<span data-toggle='tooltip' data-placement='right' title='原始值：8.45416'>8.45</span>", "<span data-toggle='tooltip' data-placement='right' title='原始值：13.6037'>13.60</span>", "<span data-toggle='tooltip' data-placement='right' title='原始值：1279.979'>1280.0</span>", "<span data-toggle='tooltip' data-placement='right' title='原始值：28.93221'>28.9</span>", "<span data-toggle='tooltip' data-placement='right' title='原始值：3.77'>3.77</span>", "<span data-toggle='tooltip' data-placement='right' title='原始值：0.71'>0.710</span>", "<span data-toggle='tooltip' data-placement='right' title='原始值：0.1095'>0.110</span>", "<span data-toggle='tooltip' data-placement='right' title='原始值：5.01'>5.01</span>", "*", "*", "正常"], ["山西省", "黄河流域", "<span data-toggle='tooltip' data-placement='right' title='所在地市:运城市&#10;所属河流:汾河'>河津大桥</span>", "02-16 08:00", "Ⅲ", "<span data-toggle='tooltip' data-placement='right' title='原始值：10.52373'>10.5</span>", "<span data-toggle='tooltip' data-placement='right' title='原始值：8.00578'>8.01</span>", "<span data-toggle='tooltip' data-placement='right' title='原始值：9.95614'>9.96</span>", "<span data-toggle='tooltip' data-placement='right' title='原始值：1560.538'>1560.5</span>", "<span data-toggle='tooltip' data-placement='right' title='原始值：57.93033'>57.9</span>", "<span data-toggle='tooltip' data-placement='right' title='原始值：4.47536'>4.48</span>", "<span data-toggle='tooltip' data-placement='right' title='原始值：0.59'>0.590</span>", "*", "*", "*", "*", "正常"], ["山西省", "黄河流域", "<span data-toggle='tooltip' data-placement='right' title='所在地市:忻州市&#10;所属河流:黄河'>万家寨水库</span>", null, "", "--", "--", "--", "--", "--", "--", "--", "--", "--", "*", "*", "停站"], ["内蒙古自治区", "黄河流域", "<span data-toggle='tooltip' data-placement='right' title='所在地市:包头市&#10;所属河流:黄河'>画匠营子</span>", null, "", "--", "--", "--", "--", "--", "--", "--", "--", "--", "*", "*", "停站"], ["内蒙古自治区", "黄河流域", "<span data-toggle='tooltip' data-placement='right' title='所在地市:乌海市&#10;所属河流:黄河'>海勃湾</span>", "02-16 08:00", "Ⅱ", "<span data-toggle='tooltip' data-placement='right' title='原始值：2.88115'>2.9</span>", "<span data-toggle='tooltip' data-placement='right' title='原始值：8.43363'>8.43</span>", "<span data-toggle='tooltip' data-placement='right' title='原始值：9.86744'>9.87</span>", "<span data-toggle='tooltip' data-placement='right' title='原始值：851.3313'>851.3</span>", "<span data-toggle='tooltip' data-placement='right' title='原始值：19.15889'>19.2</span>", "<span data-toggle='tooltip' data-placement='right' title='原始值：1.5'>1.50</span>", "<span data-toggle='tooltip' data-placement='right' title='原始值：0.18'>0.180</span>", "*", "*", "*", "*", "正常"], ["内蒙古自治区", "松花江流域", "<span data-toggle='tooltip' data-placement='right' title='所在地市:呼伦贝尔市&#10;所属河流:额尔古纳河'>黑山头</span>", null, "", "--", "--", "--", "--", "--", "--", "--", "--", "--", "*", "*", "停站"], ["辽宁省", "辽河流域", "<span data-toggle='tooltip' data-placement='right' title='所在地市:抚顺市&#10;所属河流:浑河'>大伙房水库</span>", "02-16 08:00", "Ⅰ", "<span data-toggle='tooltip' data-placement='right' title='原始值：5.47652'>5.5</span>", "<span data-toggle='tooltip' data-placement='right' title='原始值：7.63503'>7.64</span>", "<span data-toggle='tooltip' data-placement='right' title='原始值：10.16714'>10.17</span>", "<span data-toggle='tooltip' data-placement='right' title='原始值：317.122'>317.1</span>", "<span data-toggle='tooltip' data-placement='right' title='原始值：9.42061'>9.4</span>", "<span data-toggle='tooltip' data-placement='right' title='原始值：0.94858'>0.95</span>", "<span data-toggle='tooltip' data-placement='right' title='原始值：0.1'>0.100</span>", "<span data-toggle='tooltip' data-placement='right' title='原始值：0.01743'>0.017</span>", "<span data-toggle='tooltip' data-placement='right' title='原始值：2.8999'>2.90</span>", "<span data-toggle='tooltip' data-placement='right' title='原始值：0.0007'>0.001</span>", "*", "正常"], ["辽宁省", "辽河流域", "<span data-toggle='tooltip' data-placement='right' title='所在地市:丹东市&#10;所属河流:鸭绿江'>江桥</span>", "02-16 08:00", "Ⅱ", "<span data-toggle='tooltip' data-placement='right' title='原始值：5.2'>5.2</span>", "<span data-toggle='tooltip' data-placement='right' title='原始值：6.325'>6.32</span>", "<span data-toggle='tooltip' data-placement='right' title='原始值：11.80984'>11.81</span>", "<span data-toggle='tooltip' data-placement='right' title='原始值：152'>152.0</span>", "<span data-toggle='tooltip' data-placement='right' title='原始值：89'>89.0</span>", "<span data-toggle='tooltip' data-placement='right' title='原始值：0.81'>0.81</span>", "<span data-toggle='tooltip' data-placement='right' title='原始值：0.04763'>0.048</span>", "<span data-toggle='tooltip' data-placement='right' title='原始值：0.02079'>0.021</span>", "<span data-toggle='tooltip' data-placement='right' title='原始值：1.92275'>1.92</span>", "*", "*", "正常"], ["辽宁省", "辽河流域", "<span data-toggle='tooltip' data-placement='right' title='所在地市:营口市&#10;所属河流:大辽河'>辽河公园</span>", "02-16 08:00", "劣Ⅴ", "<span data-toggle='tooltip' data-placement='right' title='原始值：5.21641'>5.2</span>", "<span data-toggle='tooltip' data-placement='right' title='原始值：8.80144'>8.80</span>", "<span data-toggle='tooltip' data-placement='right' title='原始值：6.69642'>6.70</span>", "<span data-toggle='tooltip' data-placement='right' title='原始值：3322.034'>3322.0</span>", "<span data-toggle='tooltip' data-placement='right' title='原始值：173.783'>173.8</span>", "<span data-toggle='tooltip' data-placement='right' title='原始值：6.22035'>6.22</span>", "<span data-toggle='tooltip' data-placement='right' title='原始值：2.34077'>2.341</span>", "<span data-toggle='tooltip' data-placement='right' title='原始值：0.18545'>0.185</span>", "<span data-toggle='tooltip' data-placement='right' title='原始值：11.28999'>11.29</span>", "*", "*", "正常"], ["辽宁省", "辽河流域", "<span data-toggle='tooltip' data-placement='right' title='所在地市:辽阳市&#10;所属河流:太子河'>汤河水库</span>", null, "", "--", "--", "--", "--", "--", "--", "--", "--", "--", "*", "*", "停站"], ["辽宁省", "辽河流域", "<span data-toggle='tooltip' data-placement='right' title='所在地市:盘锦市&#10;所属河流:辽河'>盘锦兴安(兴安)</span>", null, "", "--", "--", "--", "--", "--", "--", "--", "--", "--", "*", "*", "停站"], ["辽宁省", "辽河流域", "<span data-toggle='tooltip' data-placement='right' title='所在地市:铁岭市&#10;所属河流:辽河'>珠尔山</span>", "02-16 08:00", "Ⅳ", "<span data-toggle='tooltip' data-placement='right' title='原始值：1.78559'>1.8</span>", "<span data-toggle='tooltip' data-placement='right' title='原始值：7.35585'>7.36</span>", "<span data-toggle='tooltip' data-placement='right' title='原始值：11.08833'>11.09</span>", "<span data-toggle='tooltip' data-placement='right' title='原始值：640.976'>641.0</span>", "<span data-toggle='tooltip' data-placement='right' title='原始值：4.9005'>4.9</span>", "<span data-toggle='tooltip' data-placement='right' title='原始值：2.09257'>2.09</span>", "<span data-toggle='tooltip' data-placement='right' title='原始值：1.31'>1.310</span>", "<span data-toggle='tooltip' data-placement='right' title='原始值：0.07352'>0.074</span>", "<span data-toggle='tooltip' data-placement='right' title='原始值：8.91272'>8.91</span>", "*", "*", "正常"], ["吉林省", "松花江流域", "<span data-toggle='tooltip' data-placement='right' title='所在地市:长春市&#10;所属河流:松花江'>松花江村</span>", null, "", "--", "--", "--", "--", "--", "--", "--", "--", "--", "*", "*", "停站"], ["吉林省", "松花江流域", "<span data-toggle='tooltip' data-placement='right' title='所在地市:白城市&#10;所属河流:嫩江'>白沙滩</span>", "02-16 08:00", "Ⅳ", "<span data-toggle='tooltip' data-placement='right' title='原始值：3.25371'>3.3</span>", "<span data-toggle='tooltip' data-placement='right' title='原始值：7.05081'>7.05</span>", "<span data-toggle='tooltip' data-placement='right' title='原始值：13.02792'>13.03</span>", "<span data-toggle='tooltip' data-placement='right' title='原始值：415.0511'>415.1</span>", "<span data-toggle='tooltip' data-placement='right' title='原始值：22.07143'>22.1</span>", "<span data-toggle='tooltip' data-placement='right' title='原始值：6.93941'>6.94</span>", "<span data-toggle='tooltip' data-placement='right' title='原始值：0.20874'>0.209</span>", "<span data-toggle='tooltip' data-placement='right' title='原始值：0.03718'>0.037</span>", "<span data-toggle='tooltip' data-placement='right' title='原始值：1.37503'>1.38</span>", "*", "*", "正常"], ["吉林省", "松花江流域", "<span data-toggle='tooltip' data-placement='right' title='所在地市:延边朝鲜族自治州&#10;所属河流:图们江'>圈河</span>", "02-16 08:00", "Ⅱ", "<span data-toggle='tooltip' data-placement='right' title='原始值：10.1'>10.1</span>", "<span data-toggle='tooltip' data-placement='right' title='原始值：7.14'>7.14</span>", "<span data-toggle='tooltip' data-placement='right' title='原始值：7.7425'>7.74</span>", "<span data-toggle='tooltip' data-placement='right' title='原始值：324'>324.0</span>", "<span data-toggle='tooltip' data-placement='right' title='原始值：9'>9.0</span>", "<span data-toggle='tooltip' data-placement='right' title='原始值：2.39'>2.39</span>", "<span data-toggle='tooltip' data-placement='right' title='原始值：0.23002'>0.230</span>", "<span data-toggle='tooltip' data-placement='right' title='原始值：0.05425'>0.054</span>", "<span data-toggle='tooltip' data-placement='right' title='原始值：3.33905'>3.34</span>", "*", "*", "正常"], ["黑龙江省", "松花江流域", "<span data-toggle='tooltip' data-placement='right' title='所在地市:大庆市&#10;所属河流:松花江'>肇源</span>", null, "", "--", "--", "--", "--", "--", "--", "--", "--", "--", "*", "*", "停站"], ["黑龙江省", "松花江流域", "<span data-toggle='tooltip' data-placement='right' title='所在地市:佳木斯市&#10;所属河流:乌苏里江'>乌苏镇</span>", null, "", "--", "--", "--", "--", "--", "--", "--", "--", "--", "*", "*", "停站"], ["黑龙江省", "松花江流域", "<span data-toggle='tooltip' data-placement='right' title='所在地市:佳木斯市&#10;所属河流:松花江'>同江</span>", "02-16 08:00", "Ⅲ", "<span data-toggle='tooltip' data-placement='right' title='原始值：3.52277'>3.5</span>", "<span data-toggle='tooltip' data-placement='right' title='原始值：7.38771'>7.39</span>", "<span data-toggle='tooltip' data-placement='right' title='原始值：12.8885'>12.89</span>", "<span data-toggle='tooltip' data-placement='right' title='原始值：347.76'>347.8</span>", "<span data-toggle='tooltip' data-placement='right' title='原始值：13.9451'>13.9</span>", "<span data-toggle='tooltip' data-placement='right' title='原始值：4.42359'>4.42</span>", "<span data-toggle='tooltip' data-placement='right' title='原始值：0.28748'>0.287</span>", "<span data-toggle='tooltip' data-placement='right' title='原始值：0.04272'>0.043</span>", "<span data-toggle='tooltip' data-placement='right' title='原始值：2.04738'>2.05</span>", "*", "*", "正常"], ["黑龙江省", "松花江流域", "<span data-toggle='tooltip' data-placement='right' title='所在地市:黑河市&#10;所属河流:黑龙江'>黑河下(黑河)</span>", null, "", "--", "--", "--", "--", "--", "--", "--", "--", "--", "*", "*", "停站"], ["上海市", "长江流域", "<span data-toggle='tooltip' data-placement='right' title='所在地市:青浦区&#10;所属河流:淀山湖'>急水港桥</span>", "02-16 08:00", "Ⅳ", "<span data-toggle='tooltip' data-placement='right' title='原始值：11.5'>11.5</span>", "<span data-toggle='tooltip' data-placement='right' title='原始值：7.34'>7.34</span>", "<span data-toggle='tooltip' data-placement='right' title='原始值：9.48'>9.48</span>", "<span data-toggle='tooltip' data-placement='right' title='原始值：675'>675.0</span>", "<span data-toggle='tooltip' data-placement='right' title='原始值：70.9'>70.9</span>", "<span data-toggle='tooltip' data-placement='right' title='原始值：3.39062'>3.39</span>", "<span data-toggle='tooltip' data-placement='right' title='原始值：0.26473'>0.265</span>", "<span data-toggle='tooltip' data-placement='right' title='原始值：0.07129'>0.071</span>", "<span data-toggle='tooltip' data-placement='right' title='原始值：3.1702'>3.17</span>", "<span data-toggle='tooltip' data-placement='right' title='原始值：0.00978'>0.010</span>", "<span data-toggle='tooltip' data-placement='right' title='原始值：3742186'>3742186</span>", "正常"], ["江苏省", "长江流域", "<span data-toggle='tooltip' data-placement='right' title='所在地市:南京市&#10;所属河流:长江'>林山</span>", "02-16 08:00", "Ⅱ", "<span data-toggle='tooltip' data-placement='right' title='原始值：12.3039'>12.3</span>", "<span data-toggle='tooltip' data-placement='right' title='原始值：8.06088'>8.06</span>", "<span data-toggle='tooltip' data-placement='right' title='原始值：9.95041'>9.95</span>", "<span data-toggle='tooltip' data-placement='right' title='原始值：355.352'>355.4</span>", "<span data-toggle='tooltip' data-placement='right' title='原始值：16.1413'>16.1</span>", "<span data-toggle='tooltip' data-placement='right' title='原始值：1.34'>1.34</span>", "<span data-toggle='tooltip' data-placement='right' title='原始值：0.217'>0.217</span>", "*", "*", "*", "*", "正常"], ["江苏省", "太湖流域", "<span data-toggle='tooltip' data-placement='right' title='所在地市:无锡市&#10;所属河流:太湖'>沙渚</span>", null, "", "--", "--", "--", "--", "--", "--", "--", "--", "--", "--", "*", "停站"], ["江苏省", "淮河流域", "<span data-toggle='tooltip' data-placement='right' title='所在地市:徐州市&#10;所属河流:武河'>小红圈</span>", "02-16 08:00", "Ⅱ", "<span data-toggle='tooltip' data-placement='right' title='原始值：10.4'>10.4</span>", "<span data-toggle='tooltip' data-placement='right' title='原始值：8.24'>8.24</span>", "<span data-toggle='tooltip' data-placement='right' title='原始值：13.08'>13.08</span>", "<span data-toggle='tooltip' data-placement='right' title='原始值：597.6'>597.6</span>", "<span data-toggle='tooltip' data-placement='right' title='原始值：5.93'>5.9</span>", "<span data-toggle='tooltip' data-placement='right' title='原始值：2.58'>2.58</span>", "<span data-toggle='tooltip' data-placement='right' title='原始值：0.06'>0.060</span>", "*", "*", "*", "*", "正常"], ["江苏省", "淮河流域", "<span data-toggle='tooltip' data-placement='right' title='所在地市:徐州市&#10;所属河流:沿河'>李集桥</span>", null, "", "--", "--", "--", "--", "--", "--", "--", "--", "--", "*", "*", "停站"], ["江苏省", "淮河流域", "<span data-toggle='tooltip' data-placement='right' title='所在地市:徐州市&#10;所属河流:邳苍分洪道'>艾山西大桥</span>", "02-16 08:00", "Ⅲ", "<span data-toggle='tooltip' data-placement='right' title='原始值：9.80157'>9.8</span>", "<span data-toggle='tooltip' data-placement='right' title='原始值：8.19717'>8.20</span>", "<span data-toggle='tooltip' data-placement='right' title='原始值：14.5921'>14.59</span>", "<span data-toggle='tooltip' data-placement='right' title='原始值：706.1299'>706.1</span>", "<span data-toggle='tooltip' data-placement='right' title='原始值：11.5161'>11.5</span>", "<span data-toggle='tooltip' data-placement='right' title='原始值：4.21'>4.21</span>", "<span data-toggle='tooltip' data-placement='right' title='原始值：0.08'>0.080</span>", "<span data-toggle='tooltip' data-placement='right' title='原始值：0.03531'>0.035</span>", "<span data-toggle='tooltip' data-placement='right' title='原始值：10.45986'>10.46</span>", "*", "*", "正常"], ["江苏省", "太湖流域", "<span data-toggle='tooltip' data-placement='right' title='所在地市:苏州市&#10;所属河流:太湖'>兰山嘴(老)</span>", null, "", "--", "--", "--", "--", "--", "--", "--", "--", "--", "--", "*", "停站"], ["江苏省", "太湖流域", "<span data-toggle='tooltip' data-placement='right' title='所在地市:苏州市&#10;所属河流:太湖'>西山</span>", null, "", "--", "--", "--", "--", "--", "--", "--", "--", "--", "--", "*", "停站"], ["江苏省", "淮河流域", "<span data-toggle='tooltip' data-placement='right' title='所在地市:连云港市&#10;所属河流:新沭河'>大兴桥</span>", "02-16 08:00", "Ⅲ", "<span data-toggle='tooltip' data-placement='right' title='原始值：9.1'>9.1</span>", "<span data-toggle='tooltip' data-placement='right' title='原始值：8.44'>8.44</span>", "<span data-toggle='tooltip' data-placement='right' title='原始值：11.94'>11.94</span>", "<span data-toggle='tooltip' data-placement='right' title='原始值：1021.6'>1021.6</span>", "<span data-toggle='tooltip' data-placement='right' title='原始值：57.89'>57.9</span>", "<span data-toggle='tooltip' data-placement='right' title='原始值：5.7'>5.70</span>", "<span data-toggle='tooltip' data-placement='right' title='原始值：0.367'>0.367</span>", "*", "*", "*", "*", "正常"], ["江苏省", "淮河流域", "<span data-toggle='tooltip' data-placement='right' title='所在地市:淮安市&#10;所属河流:淮河'>淮河大桥</span>", null, "", "--", "--", "--", "--", "--", "--", "--", "--", "--", "*", "*", "停站"], ["江苏省", "长江流域", "<span data-toggle='tooltip' data-placement='right' title='所在地市:扬州市&#10;所属河流:夹江'>三江营</span>", "02-16 08:00", "Ⅱ", "<span data-toggle='tooltip' data-placement='right' title='原始值：11.12'>11.1</span>", "<span data-toggle='tooltip' data-placement='right' title='原始值：7.99'>7.99</span>", "<span data-toggle='tooltip' data-placement='right' title='原始值：10.26'>10.26</span>", "<span data-toggle='tooltip' data-placement='right' title='原始值：370.06'>370.1</span>", "<span data-toggle='tooltip' data-placement='right' title='原始值：47.72'>47.7</span>", "<span data-toggle='tooltip' data-placement='right' title='原始值：1.86'>1.86</span>", "<span data-toggle='tooltip' data-placement='right' title='原始值：0.096'>0.096</span>", "<span data-toggle='tooltip' data-placement='right' title='原始值：0.089'>0.089</span>", "<span data-toggle='tooltip' data-placement='right' title='原始值：2.141'>2.14</span>", "*", "*", "正常"], ["江苏省", "淮河流域", "<span data-toggle='tooltip' data-placement='right' title='所在地市:宿迁市&#10;所属河流:新濉河'>大屈</span>", "02-16 08:00", "Ⅲ", "<span data-toggle='tooltip' data-placement='right' title='原始值：11.7'>11.7</span>", "<span data-toggle='tooltip' data-placement='right' title='原始值：8.17'>8.17</span>", "<span data-toggle='tooltip' data-placement='right' title='原始值：10.66'>10.66</span>", "<span data-toggle='tooltip' data-placement='right' title='原始值：925.8'>925.8</span>", "<span data-toggle='tooltip' data-placement='right' title='原始值：38.65'>38.6</span>", "<span data-toggle='tooltip' data-placement='right' title='原始值：5.28'>5.28</span>", "<span data-toggle='tooltip' data-placement='right' title='原始值：0.09'>0.090</span>", "<span data-toggle='tooltip' data-placement='right' title='原始值：0.035'>0.035</span>", "<span data-toggle='tooltip' data-placement='right' title='原始值：2.109'>2.11</span>", "*", "*", "正常"], ["浙江省", "浙闽片河流", "<span data-toggle='tooltip' data-placement='right' title='所在地市:杭州市&#10;所属河流:新安江'>街口(鸠坑口)</span>", "02-16 08:00", "Ⅰ", "<span data-toggle='tooltip' data-placement='right' title='原始值：13.89'>13.9</span>", "<span data-toggle='tooltip' data-placement='right' title='原始值：8.04'>8.04</span>", "<span data-toggle='tooltip' data-placement='right' title='原始值：10.23'>10.23</span>", "<span data-toggle='tooltip' data-placement='right' title='原始值：152.29'>152.3</span>", "<span data-toggle='tooltip' data-placement='right' title='原始值：7.27'>7.3</span>", "<span data-toggle='tooltip' data-placement='right' title='原始值：1.404'>1.40</span>", "<span data-toggle='tooltip' data-placement='right' title='原始值：0.002'>0.002</span>", "<span data-toggle='tooltip' data-placement='right' title='原始值：0.017'>0.017</span>", "<span data-toggle='tooltip' data-placement='right' title='原始值：0.881'>0.88</span>", "*", "*", "正常"], ["浙江省", "太湖流域", "<span data-toggle='tooltip' data-placement='right' title='所在地市:嘉兴市&#10;所属河流:斜路港河'>斜路港</span>", null, "", "--", "--", "--", "--", "--", "--", "--", "--", "--", "*", "*", "停站"], ["浙江省", "太湖流域", "<span data-toggle='tooltip' data-placement='right' title='所在地市:嘉兴市&#10;所属河流:京杭运河'>王江泾</span>", null, "", "--", "--", "--", "--", "--", "--", "--", "--", "--", "*", "*", "停站"], ["浙江省", "太湖流域", "<span data-toggle='tooltip' data-placement='right' title='所在地市:湖州市&#10;所属河流:西苕溪'>新港口(新塘港)</span>", "02-16 08:00", "Ⅱ", "<span data-toggle='tooltip' data-placement='right' title='原始值：11.9891'>12.0</span>", "<span data-toggle='tooltip' data-placement='right' title='原始值：8.34525'>8.35</span>", "<span data-toggle='tooltip' data-placement='right' title='原始值：10.8109'>10.81</span>", "<span data-toggle='tooltip' data-placement='right' title='原始值：392.721'>392.7</span>", "<span data-toggle='tooltip' data-placement='right' title='原始值：33.8617'>33.9</span>", "<span data-toggle='tooltip' data-placement='right' title='原始值：2.54003'>2.54</span>", "<span data-toggle='tooltip' data-placement='right' title='原始值：0.00023'>0.0002</span>", "<span data-toggle='tooltip' data-placement='right' title='原始值：0.03747'>0.037</span>", "<span data-toggle='tooltip' data-placement='right' title='原始值：2.31479'>2.31</span>", "<span data-toggle='tooltip' data-placement='right' title='原始值：0.00929'>0.009</span>", "*", "正常"], ["安徽省", "巢湖流域", "<span data-toggle='tooltip' data-placement='right' title='所在地市:合肥市&#10;所属河流:巢湖'>湖滨(老)</span>", "02-16 08:00", "Ⅳ", "<span data-toggle='tooltip' data-placement='right' title='原始值：12.39236'>12.4</span>", "<span data-toggle='tooltip' data-placement='right' title='原始值：6.75125'>6.75</span>", "<span data-toggle='tooltip' data-placement='right' title='原始值：9.85455'>9.85</span>", "<span data-toggle='tooltip' data-placement='right' title='原始值：301.665'>301.7</span>", "<span data-toggle='tooltip' data-placement='right' title='原始值：98.55185'>98.6</span>", "<span data-toggle='tooltip' data-placement='right' title='原始值：3.1'>3.10</span>", "<span data-toggle='tooltip' data-placement='right' title='原始值：0.51'>0.510</span>", "<span data-toggle='tooltip' data-placement='right' title='原始值：0.0536'>0.054</span>", "<span data-toggle='tooltip' data-placement='right' title='原始值：2.583'>2.58</span>", "<span data-toggle='tooltip' data-placement='right' title='原始值：0.01209'>0.012</span>", "*", "正常"], ["安徽省", "巢湖流域", "<span data-toggle='tooltip' data-placement='right' title='所在地市:芜湖市&#10;所属河流:巢湖'>裕溪口(老)</span>", "02-16 08:00", "Ⅳ", "<span data-toggle='tooltip' data-placement='right' title='原始值：12.49292'>12.5</span>", "<span data-toggle='tooltip' data-placement='right' title='原始值：7.48645'>7.49</span>", "<span data-toggle='tooltip' data-placement='right' title='原始值：8.51589'>8.52</span>", "<span data-toggle='tooltip' data-placement='right' title='原始值：241.2346'>241.2</span>", "<span data-toggle='tooltip' data-placement='right' title='原始值：78.21696'>78.2</span>", "<span data-toggle='tooltip' data-placement='right' title='原始值：2.6'>2.60</span>", "<span data-toggle='tooltip' data-placement='right' title='原始值：0.08'>0.080</span>", "<span data-toggle='tooltip' data-placement='right' title='原始值：0.0569'>0.057</span>", "<span data-toggle='tooltip' data-placement='right' title='原始值：3.789'>3.79</span>", "<span data-toggle='tooltip' data-placement='right' title='原始值：0.03633'>0.036</span>", "*", "正常"], ["安徽省", "淮河流域", "<span data-toggle='tooltip' data-placement='right' title='所在地市:蚌埠市&#10;所属河流:淮河'>蚌埠闸上(蚌埠闸)</span>", "02-16 08:00", "", "<span data-toggle='tooltip' data-placement='right' title='原始值：11.9'>11.9</span>", "<span data-toggle='tooltip' data-placement='right' title='原始值：7.31'>7.31</span>", "<span data-toggle='tooltip' data-placement='right' title='原始值：11.03'>11.03</span>", "<span data-toggle='tooltip' data-placement='right' title='原始值：596.61'>596.6</span>", "<span data-toggle='tooltip' data-placement='right' title='原始值：69.99'>70.0</span>", "<span data-toggle='tooltip' data-placement='right' title='原始值：2.721'>2.72</span>", "<span data-toggle='tooltip' data-placement='right' title='原始值：0.131'>0.131</span>", "<span data-toggle='tooltip' data-placement='right' title='原始值：0.062'>0.062</span>", "<span data-toggle='tooltip' data-placement='right' title='原始值：2.272'>2.27</span>", "*", "*", "维护"], ["安徽省", "淮河流域", "<span data-toggle='tooltip' data-placement='right' title='所在地市:淮南市&#10;所属河流:淮河'>石头埠(老)</span>", "02-16 08:00", "劣Ⅴ", "<span data-toggle='tooltip' data-placement='right' title='原始值：10.6102'>10.6</span>", "<span data-toggle='tooltip' data-placement='right' title='原始值：10.54263'>10.54</span>", "<span data-toggle='tooltip' data-placement='right' title='原始值：5.67028'>5.67</span>", "<span data-toggle='tooltip' data-placement='right' title='原始值：466.8756'>466.9</span>", "<span data-toggle='tooltip' data-placement='right' title='原始值：5.8917'>5.9</span>", "<span data-toggle='tooltip' data-placement='right' title='原始值：3.14'>3.14</span>", "<span data-toggle='tooltip' data-placement='right' title='原始值：0.19'>0.190</span>", "*", "*", "*", "*", "正常"], ["安徽省", "淮河流域", "<span data-toggle='tooltip' data-placement='right' title='所在地市:淮北市&#10;所属河流:沱河'>小王桥</span>", "02-16 08:00", "Ⅳ", "<span data-toggle='tooltip' data-placement='right' title='原始值：9.33'>9.3</span>", "<span data-toggle='tooltip' data-placement='right' title='原始值：8.18'>8.18</span>", "<span data-toggle='tooltip' data-placement='right' title='原始值：11.82'>11.82</span>", "<span data-toggle='tooltip' data-placement='right' title='原始值：1746.87'>1746.9</span>", "<span data-toggle='tooltip' data-placement='right' title='原始值：16.11'>16.1</span>", "<span data-toggle='tooltip' data-placement='right' title='原始值：6.241'>6.24</span>", "<span data-toggle='tooltip' data-placement='right' title='原始值：0.024'>0.024</span>", "<span data-toggle='tooltip' data-placement='right' title='原始值：0.07'>0.070</span>", "<span data-toggle='tooltip' data-placement='right' title='原始值：1.147'>1.15</span>", "*", "*", "正常"], ["安徽省", "长江流域", "<span data-toggle='tooltip' data-placement='right' title='所在地市:安庆市&#10;所属河流:长江'>皖河口</span>", "02-16 08:00", "Ⅱ", "<span data-toggle='tooltip' data-placement='right' title='原始值：13.53'>13.5</span>", "<span data-toggle='tooltip' data-placement='right' title='原始值：7.708'>7.71</span>", "<span data-toggle='tooltip' data-placement='right' title='原始值：9.26'>9.26</span>", "<span data-toggle='tooltip' data-placement='right' title='原始值：342.27'>342.3</span>", "<span data-toggle='tooltip' data-placement='right' title='原始值：43.61'>43.6</span>", "<span data-toggle='tooltip' data-placement='right' title='原始值：1.092'>1.09</span>", "<span data-toggle='tooltip' data-placement='right' title='原始值：0.024'>0.024</span>", "<span data-toggle='tooltip' data-placement='right' title='原始值：0.0629'>0.063</span>", "<span data-toggle='tooltip' data-placement='right' title='原始值：1.969'>1.97</span>", "*", "*", "正常"], ["安徽省", "淮河流域", "<span data-toggle='tooltip' data-placement='right' title='所在地市:滁州市&#10;所属河流:淮河'>小柳巷</span>", null, "", "--", "--", "--", "--", "--", "--", "--", "--", "--", "*", "*", "停站"], ["安徽省", "淮河流域", "<span data-toggle='tooltip' data-placement='right' title='所在地市:阜阳市&#10;所属河流:黑茨河'>张大桥</span>", "02-16 08:00", "Ⅲ", "<span data-toggle='tooltip' data-placement='right' title='原始值：12.5'>12.5</span>", "<span data-toggle='tooltip' data-placement='right' title='原始值：8.16'>8.16</span>", "<span data-toggle='tooltip' data-placement='right' title='原始值：14.75'>14.75</span>", "<span data-toggle='tooltip' data-placement='right' title='原始值：2188'>2188.0</span>", "<span data-toggle='tooltip' data-placement='right' title='原始值：6.97'>7.0</span>", "<span data-toggle='tooltip' data-placement='right' title='原始值：5.55'>5.55</span>", "<span data-toggle='tooltip' data-placement='right' title='原始值：0.01'>0.010</span>", "<span data-toggle='tooltip' data-placement='right' title='原始值：0.061'>0.061</span>", "<span data-toggle='tooltip' data-placement='right' title='原始值：8.837'>8.84</span>", "*", "*", "正常"], ["安徽省", "淮河流域", "<span data-toggle='tooltip' data-placement='right' title='所在地市:阜阳市&#10;所属河流:淮河'>王家坝</span>", "02-16 08:00", "Ⅲ", "<span data-toggle='tooltip' data-placement='right' title='原始值：5.2375'>5.2</span>", "<span data-toggle='tooltip' data-placement='right' title='原始值：7.52152'>7.52</span>", "<span data-toggle='tooltip' data-placement='right' title='原始值：12.09461'>12.09</span>", "<span data-toggle='tooltip' data-placement='right' title='原始值：290.529'>290.5</span>", "<span data-toggle='tooltip' data-placement='right' title='原始值：14.24069'>14.2</span>", "<span data-toggle='tooltip' data-placement='right' title='原始值：4.47'>4.47</span>", "<span data-toggle='tooltip' data-placement='right' title='原始值：0.324'>0.324</span>", "<span data-toggle='tooltip' data-placement='right' title='原始值：0.05695'>0.057</span>", "<span data-toggle='tooltip' data-placement='right' title='原始值：1.57638'>1.58</span>", "*", "*", "正常"], ["安徽省", "淮河流域", "<span data-toggle='tooltip' data-placement='right' title='所在地市:阜阳市&#10;所属河流:颍河'>界首七渡口(七渡口)</span>", "02-16 08:00", "Ⅲ", "<span data-toggle='tooltip' data-placement='right' title='原始值：9.71854'>9.7</span>", "<span data-toggle='tooltip' data-placement='right' title='原始值：8.04976'>8.05</span>", "<span data-toggle='tooltip' data-placement='right' title='原始值：8.38869'>8.39</span>", "<span data-toggle='tooltip' data-placement='right' title='原始值：877.6'>877.6</span>", "<span data-toggle='tooltip' data-placement='right' title='原始值：14.22772'>14.2</span>", "<span data-toggle='tooltip' data-placement='right' title='原始值：5.02'>5.02</span>", "<span data-toggle='tooltip' data-placement='right' title='原始值：0.49'>0.490</span>", "<span data-toggle='tooltip' data-placement='right' title='原始值：0.10528'>0.105</span>", "<span data-toggle='tooltip' data-placement='right' title='原始值：7.30831'>7.31</span>", "*", "*", "正常"], ["安徽省", "淮河流域", "<span data-toggle='tooltip' data-placement='right' title='所在地市:阜阳市&#10;所属河流:泉河'>许庄(徐庄)</span>", "02-16 08:00", "Ⅱ", "<span data-toggle='tooltip' data-placement='right' title='原始值：11.5'>11.5</span>", "<span data-toggle='tooltip' data-placement='right' title='原始值：7.73'>7.73</span>", "<span data-toggle='tooltip' data-placement='right' title='原始值：10.23'>10.23</span>", "<span data-toggle='tooltip' data-placement='right' title='原始值：1098.7'>1098.7</span>", "<span data-toggle='tooltip' data-placement='right' title='原始值：3.73'>3.7</span>", "<span data-toggle='tooltip' data-placement='right' title='原始值：3.64'>3.64</span>", "<span data-toggle='tooltip' data-placement='right' title='原始值：0.02'>0.020</span>", "<span data-toggle='tooltip' data-placement='right' title='原始值：0.015'>0.015</span>", "<span data-toggle='tooltip' data-placement='right' title='原始值：3.298'>3.30</span>", "*", "*", "正常"], ["安徽省", "淮河流域", "<span data-toggle='tooltip' data-placement='right' title='所在地市:宿州市&#10;所属河流:奎河'>杨庄</span>", "02-16 08:00", "Ⅲ", "<span data-toggle='tooltip' data-placement='right' title='原始值：11'>11.0</span>", "<span data-toggle='tooltip' data-placement='right' title='原始值：7.31'>7.31</span>", "<span data-toggle='tooltip' data-placement='right' title='原始值：9.85'>9.85</span>", "<span data-toggle='tooltip' data-placement='right' title='原始值：1067'>1067.0</span>", "<span data-toggle='tooltip' data-placement='right' title='原始值：48.06'>48.1</span>", "<span data-toggle='tooltip' data-placement='right' title='原始值：5.35'>5.35</span>", "<span data-toggle='tooltip' data-placement='right' title='原始值：0.69'>0.690</span>", "*", "*", "*", "*", "正常"], ["安徽省", "淮河流域", "<span data-toggle='tooltip' data-placement='right' title='所在地市:宿州市&#10;所属河流:新汴河'>泗县公路桥</span>", "02-16 08:00", "Ⅱ", "<span data-toggle='tooltip' data-placement='right' title='原始值：11.2'>11.2</span>", "<span data-toggle='tooltip' data-placement='right' title='原始值：8.28'>8.28</span>", "<span data-toggle='tooltip' data-placement='right' title='原始值：10.36'>10.36</span>", "<span data-toggle='tooltip' data-placement='right' title='原始值：967.2'>967.2</span>", "<span data-toggle='tooltip' data-placement='right' title='原始值：33.93'>33.9</span>", "<span data-toggle='tooltip' data-placement='right' title='原始值：4'>4.00</span>", "<span data-toggle='tooltip' data-placement='right' title='原始值：0.08'>0.080</span>", "*", "*", "*", "*", "正常"], ["安徽省", "淮河流域", "<span data-toggle='tooltip' data-placement='right' title='所在地市:亳州市&#10;所属河流:包河'>颜集</span>", "02-16 08:00", "Ⅲ", "<span data-toggle='tooltip' data-placement='right' title='原始值：9.7'>9.7</span>", "<span data-toggle='tooltip' data-placement='right' title='原始值：8.14'>8.14</span>", "<span data-toggle='tooltip' data-placement='right' title='原始值：10.19'>10.19</span>", "<span data-toggle='tooltip' data-placement='right' title='原始值：1673.8'>1673.8</span>", "<span data-toggle='tooltip' data-placement='right' title='原始值：124.55'>124.6</span>", "<span data-toggle='tooltip' data-placement='right' title='原始值：4.18'>4.18</span>", "<span data-toggle='tooltip' data-placement='right' title='原始值：0.37'>0.370</span>", "<span data-toggle='tooltip' data-placement='right' title='原始值：0.087'>0.087</span>", "<span data-toggle='tooltip' data-placement='right' title='原始值：4.931'>4.93</span>", "*", "*", "正常"], ["福建省", "浙闽片河流", "<span data-toggle='tooltip' data-placement='right' title='所在地市:福州市&#10;所属河流:闽江'>白岩潭</span>", "02-16 08:00", "Ⅱ", "<span data-toggle='tooltip' data-placement='right' title='原始值：16.28'>16.3</span>", "<span data-toggle='tooltip' data-placement='right' title='原始值：7.42'>7.42</span>", "<span data-toggle='tooltip' data-placement='right' title='原始值：7.76'>7.76</span>", "<span data-toggle='tooltip' data-placement='right' title='原始值：3821.7'>3821.7</span>", "<span data-toggle='tooltip' data-placement='right' title='原始值：197.54'>197.5</span>", "<span data-toggle='tooltip' data-placement='right' title='原始值：3.87'>3.87</span>", "<span data-toggle='tooltip' data-placement='right' title='原始值：0.196'>0.196</span>", "*", "*", "*", "*", "正常"], ["江西省", "长江流域", "<span data-toggle='tooltip' data-placement='right' title='所在地市:南昌市&#10;所属河流:赣江南支'>滁槎</span>", "02-16 08:00", "Ⅱ", "<span data-toggle='tooltip' data-placement='right' title='原始值：14.56076'>14.6</span>", "<span data-toggle='tooltip' data-placement='right' title='原始值：6.9327'>6.93</span>", "<span data-toggle='tooltip' data-placement='right' title='原始值：7.81534'>7.82</span>", "<span data-toggle='tooltip' data-placement='right' title='原始值：209.0607'>209.1</span>", "<span data-toggle='tooltip' data-placement='right' title='原始值：49.16315'>49.2</span>", "<span data-toggle='tooltip' data-placement='right' title='原始值：2.58'>2.58</span>", "<span data-toggle='tooltip' data-placement='right' title='原始值：0.32'>0.320</span>", "<span data-toggle='tooltip' data-placement='right' title='原始值：0.07525'>0.075</span>", "<span data-toggle='tooltip' data-placement='right' title='原始值：1.71'>1.71</span>", "*", "*", "正常"], ["江西省", "长江流域", "<span data-toggle='tooltip' data-placement='right' title='所在地市:九江市&#10;所属河流:长江'>姚港(河西水厂)</span>", "02-16 08:00", "Ⅱ", "<span data-toggle='tooltip' data-placement='right' title='原始值：13.07'>13.1</span>", "<span data-toggle='tooltip' data-placement='right' title='原始值：7.67'>7.67</span>", "<span data-toggle='tooltip' data-placement='right' title='原始值：9.72'>9.72</span>", "<span data-toggle='tooltip' data-placement='right' title='原始值：369.26'>369.3</span>", "<span data-toggle='tooltip' data-placement='right' title='原始值：25.79'>25.8</span>", "<span data-toggle='tooltip' data-placement='right' title='原始值：0.972'>0.97</span>", "<span data-toggle='tooltip' data-placement='right' title='原始值：0.056'>0.056</span>", "<span data-toggle='tooltip' data-placement='right' title='原始值：0.048'>0.048</span>", "<span data-toggle='tooltip' data-placement='right' title='原始值：2.04'>2.04</span>", "*", "*", "正常"], ["江西省", "长江流域", "<span data-toggle='tooltip' data-placement='right' title='所在地市:九江市&#10;所属河流:鄱阳湖'>蛤蟆石</span>", "02-16 08:00", "Ⅲ", "<span data-toggle='tooltip' data-placement='right' title='原始值：13.66'>13.7</span>", "<span data-toggle='tooltip' data-placement='right' title='原始值：7.39'>7.39</span>", "<span data-toggle='tooltip' data-placement='right' title='原始值：9.31'>9.31</span>", "<span data-toggle='tooltip' data-placement='right' title='原始值：216.96'>217.0</span>", "<span data-toggle='tooltip' data-placement='right' title='原始值：7.98'>8.0</span>", "<span data-toggle='tooltip' data-placement='right' title='原始值：2.101'>2.10</span>", "<span data-toggle='tooltip' data-placement='right' title='原始值：0.147'>0.147</span>", "<span data-toggle='tooltip' data-placement='right' title='原始值：0.0422'>0.042</span>", "<span data-toggle='tooltip' data-placement='right' title='原始值：2.231'>2.23</span>", "<span data-toggle='tooltip' data-placement='right' title='原始值：0.00418'>0.004</span>", "<span data-toggle='tooltip' data-placement='right' title='原始值：1391450'>1391450</span>", "正常"], ["山东省", "黄河流域", "<span data-toggle='tooltip' data-placement='right' title='所在地市:济南市&#10;所属河流:黄河'>泺口</span>", "02-16 08:00", "Ⅱ", "<span data-toggle='tooltip' data-placement='right' title='原始值：8.36383'>8.4</span>", "<span data-toggle='tooltip' data-placement='right' title='原始值：8.38413'>8.38</span>", "<span data-toggle='tooltip' data-placement='right' title='原始值：11.9533'>11.95</span>", "<span data-toggle='tooltip' data-placement='right' title='原始值：1038.88'>1038.9</span>", "<span data-toggle='tooltip' data-placement='right' title='原始值：224.544'>224.5</span>", "<span data-toggle='tooltip' data-placement='right' title='原始值：2.09'>2.09</span>", "<span data-toggle='tooltip' data-placement='right' title='原始值：0.16663'>0.167</span>", "<span data-toggle='tooltip' data-placement='right' title='原始值：0.00789'>0.008</span>", "<span data-toggle='tooltip' data-placement='right' title='原始值：3.955'>3.96</span>", "*", "*", "正常"], ["山东省", "淮河流域", "<span data-toggle='tooltip' data-placement='right' title='所在地市:枣庄市&#10;所属河流:京杭大运河（韩庄运河）'>台儿庄大桥</span>", "02-16 08:00", "Ⅲ", "<span data-toggle='tooltip' data-placement='right' title='原始值：7.99127'>8.0</span>", "<span data-toggle='tooltip' data-placement='right' title='原始值：8.15747'>8.16</span>", "<span data-toggle='tooltip' data-placement='right' title='原始值：10.84589'>10.85</span>", "<span data-toggle='tooltip' data-placement='right' title='原始值：817.4392'>817.4</span>", "<span data-toggle='tooltip' data-placement='right' title='原始值：19.56866'>19.6</span>", "<span data-toggle='tooltip' data-placement='right' title='原始值：4.16181'>4.16</span>", "<span data-toggle='tooltip' data-placement='right' title='原始值：0.07635'>0.076</span>", "<span data-toggle='tooltip' data-placement='right' title='原始值：0.06118'>0.061</span>", "<span data-toggle='tooltip' data-placement='right' title='原始值：3.31187'>3.31</span>", "*", "*", "正常"], ["山东省", "淮河流域", "<span data-toggle='tooltip' data-placement='right' title='所在地市:临沂市&#10;所属河流:沭河'>清泉寺</span>", "02-16 08:00", "Ⅲ", "<span data-toggle='tooltip' data-placement='right' title='原始值：9.59391'>9.6</span>", "<span data-toggle='tooltip' data-placement='right' title='原始值：7.92642'>7.93</span>", "<span data-toggle='tooltip' data-placement='right' title='原始值：9.70931'>9.71</span>", "<span data-toggle='tooltip' data-placement='right' title='原始值：1325.333'>1325.3</span>", "<span data-toggle='tooltip' data-placement='right' title='原始值：7.37806'>7.4</span>", "<span data-toggle='tooltip' data-placement='right' title='原始值：0.14'>0.14</span>", "<span data-toggle='tooltip' data-placement='right' title='原始值：0.96329'>0.963</span>", "*", "*", "*", "*", "正常"], ["山东省", "淮河流域", "<span data-toggle='tooltip' data-placement='right' title='所在地市:临沂市&#10;所属河流:沂河'>重坊桥</span>", "02-16 08:00", "Ⅱ", "<span data-toggle='tooltip' data-placement='right' title='原始值：8.52037'>8.5</span>", "<span data-toggle='tooltip' data-placement='right' title='原始值：7.68741'>7.69</span>", "<span data-toggle='tooltip' data-placement='right' title='原始值：10.56935'>10.57</span>", "<span data-toggle='tooltip' data-placement='right' title='原始值：908.0926'>908.1</span>", "<span data-toggle='tooltip' data-placement='right' title='原始值：6.18056'>6.2</span>", "<span data-toggle='tooltip' data-placement='right' title='原始值：3.85'>3.85</span>", "<span data-toggle='tooltip' data-placement='right' title='原始值：0.14628'>0.146</span>", "*", "*", "*", "*", "正常"], ["山东省", "淮河流域", "<span data-toggle='tooltip' data-placement='right' title='所在地市:临沂市&#10;所属河流:白马河'>捷庄(涝沟桥)</span>", "02-16 08:00", "Ⅲ", "<span data-toggle='tooltip' data-placement='right' title='原始值：9.5'>9.5</span>", "<span data-toggle='tooltip' data-placement='right' title='原始值：7.83998'>7.84</span>", "<span data-toggle='tooltip' data-placement='right' title='原始值：12.73345'>12.73</span>", "<span data-toggle='tooltip' data-placement='right' title='原始值：911.0625'>911.1</span>", "<span data-toggle='tooltip' data-placement='right' title='原始值：8.19473'>8.2</span>", "<span data-toggle='tooltip' data-placement='right' title='原始值：4.37'>4.37</span>", "<span data-toggle='tooltip' data-placement='right' title='原始值：0.04829'>0.048</span>", "<span data-toggle='tooltip' data-placement='right' title='原始值：0.0607'>0.061</span>", "<span data-toggle='tooltip' data-placement='right' title='原始值：5.95232'>5.95</span>", "*", "*", "正常"], ["山东省", "海河流域", "<span data-toggle='tooltip' data-placement='right' title='所在地市:聊城市&#10;所属河流:卫运河'>秤勾湾(秤钩湾)</span>", null, "", "--", "--", "--", "--", "--", "--", "--", "--", "--", "*", "*", "停站"], ["河南省", "长江流域", "<span data-toggle='tooltip' data-placement='right' title='所在地市:南阳市&#10;所属河流:丹江口水库'>陶岔</span>", "02-16 08:00", "Ⅱ", "<span data-toggle='tooltip' data-placement='right' title='原始值：16.34'>16.3</span>", "<span data-toggle='tooltip' data-placement='right' title='原始值：7.93181'>7.93</span>", "<span data-toggle='tooltip' data-placement='right' title='原始值：8.67133'>8.67</span>", "<span data-toggle='tooltip' data-placement='right' title='原始值：265.7669'>265.8</span>", "<span data-toggle='tooltip' data-placement='right' title='原始值：2.29424'>2.3</span>", "<span data-toggle='tooltip' data-placement='right' title='原始值：2.42'>2.42</span>", "<span data-toggle='tooltip' data-placement='right' title='原始值：0.03226'>0.032</span>", "<span data-toggle='tooltip' data-placement='right' title='原始值：0.01091'>0.011</span>", "<span data-toggle='tooltip' data-placement='right' title='原始值：1.01316'>1.01</span>", "<span data-toggle='tooltip' data-placement='right' title='原始值：0.00512'>0.005</span>", "<span data-toggle='tooltip' data-placement='right' title='原始值：288413.7'>288414</span>", "正常"], ["河南省", "淮河流域", "<span data-toggle='tooltip' data-placement='right' title='所在地市:商丘市&#10;所属河流:浍河'>黄口</span>", "02-16 08:00", "Ⅲ", "<span data-toggle='tooltip' data-placement='right' title='原始值：8.9'>8.9</span>", "<span data-toggle='tooltip' data-placement='right' title='原始值：7.49'>7.49</span>", "<span data-toggle='tooltip' data-placement='right' title='原始值：11.43494'>11.43</span>", "<span data-toggle='tooltip' data-placement='right' title='原始值：1508.002'>1508.0</span>", "<span data-toggle='tooltip' data-placement='right' title='原始值：31.67068'>31.7</span>", "<span data-toggle='tooltip' data-placement='right' title='原始值：4.27'>4.27</span>", "<span data-toggle='tooltip' data-placement='right' title='原始值：0.0314'>0.031</span>", "<span data-toggle='tooltip' data-placement='right' title='原始值：0.0729'>0.073</span>", "<span data-toggle='tooltip' data-placement='right' title='原始值：6.72955'>6.73</span>", "*", "*", "正常"], ["河南省", "淮河流域", "<span data-toggle='tooltip' data-placement='right' title='所在地市:信阳市&#10;所属河流:史灌河'>蒋集</span>", null, "", "--", "--", "--", "--", "--", "--", "--", "*", "*", "*", "*", "维护"], ["河南省", "淮河流域", "<span data-toggle='tooltip' data-placement='right' title='所在地市:信阳市&#10;所属河流:淮河'>息县大埠口</span>", null, "", "*", "--", "*", "*", "*", "*", "*", "*", "*", "*", "*", "维护"], ["河南省", "淮河流域", "<span data-toggle='tooltip' data-placement='right' title='所在地市:信阳市&#10;所属河流:淮河'>淮滨水文站(淮滨)</span>", "02-16 08:00", "Ⅱ", "<span data-toggle='tooltip' data-placement='right' title='原始值：12.6'>12.6</span>", "<span data-toggle='tooltip' data-placement='right' title='原始值：7.53'>7.53</span>", "<span data-toggle='tooltip' data-placement='right' title='原始值：11.24969'>11.25</span>", "<span data-toggle='tooltip' data-placement='right' title='原始值：335'>335.0</span>", "<span data-toggle='tooltip' data-placement='right' title='原始值：51.63406'>51.6</span>", "<span data-toggle='tooltip' data-placement='right' title='原始值：3.70232'>3.70</span>", "<span data-toggle='tooltip' data-placement='right' title='原始值：0.07899'>0.079</span>", "<span data-toggle='tooltip' data-placement='right' title='原始值：0.0788'>0.079</span>", "<span data-toggle='tooltip' data-placement='right' title='原始值：2.05461'>2.05</span>", "*", "*", "正常"], ["河南省", "淮河流域", "<span data-toggle='tooltip' data-placement='right' title='所在地市:周口市&#10;所属河流:沙河'>沈丘闸</span>", "02-16 08:00", "Ⅲ", "<span data-toggle='tooltip' data-placement='right' title='原始值：10.14188'>10.1</span>", "<span data-toggle='tooltip' data-placement='right' title='原始值：7.66446'>7.66</span>", "<span data-toggle='tooltip' data-placement='right' title='原始值：8.59598'>8.60</span>", "<span data-toggle='tooltip' data-placement='right' title='原始值：1052.109'>1052.1</span>", "<span data-toggle='tooltip' data-placement='right' title='原始值：10.58339'>10.6</span>", "<span data-toggle='tooltip' data-placement='right' title='原始值：4.395'>4.40</span>", "<span data-toggle='tooltip' data-placement='right' title='原始值：0.55'>0.550</span>", "*", "*", "*", "*", "正常"], ["河南省", "淮河流域", "<span data-toggle='tooltip' data-placement='right' title='所在地市:周口市&#10;所属河流:涡河'>鹿邑付桥(鹿邑付桥闸)</span>", null, "", "--", "--", "--", "--", "--", "--", "--", "--", "--", "*", "*", "停站"], ["河南省", "淮河流域", "<span data-toggle='tooltip' data-placement='right' title='所在地市:驻马店市&#10;所属河流:洪河'>新蔡班台(班台)</span>", "02-16 08:00", "Ⅱ", "<span data-toggle='tooltip' data-placement='right' title='原始值：14.67142'>14.7</span>", "<span data-toggle='tooltip' data-placement='right' title='原始值：7.27429'>7.27</span>", "<span data-toggle='tooltip' data-placement='right' title='原始值：10.43391'>10.43</span>", "<span data-toggle='tooltip' data-placement='right' title='原始值：590.1021'>590.1</span>", "<span data-toggle='tooltip' data-placement='right' title='原始值：10.22475'>10.2</span>", "<span data-toggle='tooltip' data-placement='right' title='原始值：3.41508'>3.42</span>", "<span data-toggle='tooltip' data-placement='right' title='原始值：0.46'>0.460</span>", "<span data-toggle='tooltip' data-placement='right' title='原始值：0.05814'>0.058</span>", "<span data-toggle='tooltip' data-placement='right' title='原始值：4.41277'>4.41</span>", "*", "*", "正常"], ["河南省", "黄河流域", "<span data-toggle='tooltip' data-placement='right' title='所在地市:济源市&#10;所属河流:黄河'>小浪底水库(小浪底)</span>", "02-16 08:00", "Ⅱ", "<span data-toggle='tooltip' data-placement='right' title='原始值：4.95663'>5.0</span>", "<span data-toggle='tooltip' data-placement='right' title='原始值：8.28543'>8.29</span>", "<span data-toggle='tooltip' data-placement='right' title='原始值：15.62118'>15.62</span>", "<span data-toggle='tooltip' data-placement='right' title='原始值：895.3748'>895.4</span>", "<span data-toggle='tooltip' data-placement='right' title='原始值：5.78605'>5.8</span>", "<span data-toggle='tooltip' data-placement='right' title='原始值：1.43'>1.43</span>", "<span data-toggle='tooltip' data-placement='right' title='原始值：0.28'>0.280</span>", "<span data-toggle='tooltip' data-placement='right' title='原始值：0.0375'>0.038</span>", "<span data-toggle='tooltip' data-placement='right' title='原始值：4.1675'>4.17</span>", "*", "*", "正常"], ["湖北省", "长江流域", "<span data-toggle='tooltip' data-placement='right' title='所在地市:武汉市&#10;所属河流:汉江'>宗关</span>", "02-16 08:00", "Ⅱ", "<span data-toggle='tooltip' data-placement='right' title='原始值：13.51'>13.5</span>", "<span data-toggle='tooltip' data-placement='right' title='原始值：7.846717'>7.85</span>", "<span data-toggle='tooltip' data-placement='right' title='原始值：10.44604'>10.45</span>", "<span data-toggle='tooltip' data-placement='right' title='原始值：316.453'>316.5</span>", "<span data-toggle='tooltip' data-placement='right' title='原始值：16.293'>16.3</span>", "<span data-toggle='tooltip' data-placement='right' title='原始值：1.94'>1.94</span>", "<span data-toggle='tooltip' data-placement='right' title='原始值：0.094'>0.094</span>", "<span data-toggle='tooltip' data-placement='right' title='原始值：0.061'>0.061</span>", "<span data-toggle='tooltip' data-placement='right' title='原始值：2.712673'>2.71</span>", "<span data-toggle='tooltip' data-placement='right' title='原始值：0.0035'>0.004</span>", "*", "正常"], ["湖北省", "长江流域", "<span data-toggle='tooltip' data-placement='right' title='所在地市:十堰市&#10;所属河流:丹江口水库'>坝上中(胡家岭)</span>", "02-16 08:00", "", "<span data-toggle='tooltip' data-placement='right' title='原始值：11.36'>11.4</span>", "<span data-toggle='tooltip' data-placement='right' title='原始值：8.025438'>8.03</span>", "<span data-toggle='tooltip' data-placement='right' title='原始值：10.74547'>10.75</span>", "<span data-toggle='tooltip' data-placement='right' title='原始值：274.055'>274.1</span>", "<span data-toggle='tooltip' data-placement='right' title='原始值：3.275725'>3.3</span>", "<span data-toggle='tooltip' data-placement='right' title='原始值：2.74'>2.74</span>", "<span data-toggle='tooltip' data-placement='right' title='原始值：0.061'>0.061</span>", "<span data-toggle='tooltip' data-placement='right' title='极值过滤'>--</span>", "<span data-toggle='tooltip' data-placement='right' title='原始值：1.3839'>1.38</span>", "<span data-toggle='tooltip' data-placement='right' title='原始值：0.0265948'>0.027</span>", "<span data-toggle='tooltip' data-placement='right' title='原始值：7762000'>7762000</span>", "维护"], ["湖北省", "长江流域", "<span data-toggle='tooltip' data-placement='right' title='所在地市:宜昌市&#10;所属河流:长江'>南津关</span>", "02-16 08:00", "Ⅱ", "<span data-toggle='tooltip' data-placement='right' title='原始值：13.08'>13.1</span>", "<span data-toggle='tooltip' data-placement='right' title='原始值：7.981329'>7.98</span>", "<span data-toggle='tooltip' data-placement='right' title='原始值：9.469847'>9.47</span>", "<span data-toggle='tooltip' data-placement='right' title='原始值：401.473'>401.5</span>", "<span data-toggle='tooltip' data-placement='right' title='原始值：3.757502'>3.8</span>", "<span data-toggle='tooltip' data-placement='right' title='原始值：1.28'>1.28</span>", "<span data-toggle='tooltip' data-placement='right' title='原始值：0.082'>0.082</span>", "<span data-toggle='tooltip' data-placement='right' title='原始值：0.046'>0.046</span>", "<span data-toggle='tooltip' data-placement='right' title='原始值：1.683'>1.68</span>", "<span data-toggle='tooltip' data-placement='right' title='原始值：0.0365001'>0.037</span>", "*", "正常"], ["湖南省", "长江流域", "<span data-toggle='tooltip' data-placement='right' title='所在地市:长沙市&#10;所属河流:湘江'>新港</span>", "02-16 08:00", "", "<span data-toggle='tooltip' data-placement='right' title='原始值：13.16'>13.2</span>", "<span data-toggle='tooltip' data-placement='right' title='原始值：7.16'>7.16</span>", "<span data-toggle='tooltip' data-placement='right' title='原始值：9.66'>9.66</span>", "<span data-toggle='tooltip' data-placement='right' title='原始值：287.98'>288.0</span>", "<span data-toggle='tooltip' data-placement='right' title='原始值：32.23'>32.2</span>", "<span data-toggle='tooltip' data-placement='right' title='极值过滤'>--</span>", "<span data-toggle='tooltip' data-placement='right' title='极值过滤'>--</span>", "<span data-toggle='tooltip' data-placement='right' title='极值过滤'>--</span>", "<span data-toggle='tooltip' data-placement='right' title='极值过滤'>--</span>", "*", "*", "维护"], ["湖南省", "长江流域", "<span data-toggle='tooltip' data-placement='right' title='所在地市:岳阳市&#10;所属河流:洞庭湖'>岳阳楼</span>", "02-16 08:00", "", "<span data-toggle='tooltip' data-placement='right' title='原始值：11.85'>11.8</span>", "<span data-toggle='tooltip' data-placement='right' title='原始值：7.94709'>7.95</span>", "<span data-toggle='tooltip' data-placement='right' title='原始值：9.20918'>9.21</span>", "<span data-toggle='tooltip' data-placement='right' title='原始值：277.4466'>277.4</span>", "<span data-toggle='tooltip' data-placement='right' title='原始值：36.3762'>36.4</span>", "<span data-toggle='tooltip' data-placement='right' title='原始值：1.92'>1.92</span>", "<span data-toggle='tooltip' data-placement='right' title='极值过滤'>--</span>", "<span data-toggle='tooltip' data-placement='right' title='原始值：0.096'>0.096</span>", "<span data-toggle='tooltip' data-placement='right' title='原始值：3.092'>3.09</span>", "<span data-toggle='tooltip' data-placement='right' title='原始值：0.0028594'>0.003</span>", "<span data-toggle='tooltip' data-placement='right' title='原始值：276.571'>277</span>", "维护"], ["湖南省", "长江流域", "<span data-toggle='tooltip' data-placement='right' title='所在地市:岳阳市&#10;所属河流:长江'>城陵矶</span>", "02-16 08:00", "Ⅱ", "<span data-toggle='tooltip' data-placement='right' title='原始值：12.91'>12.9</span>", "<span data-toggle='tooltip' data-placement='right' title='原始值：7.632842'>7.63</span>", "<span data-toggle='tooltip' data-placement='right' title='原始值：10.70902'>10.71</span>", "<span data-toggle='tooltip' data-placement='right' title='原始值：291.119'>291.1</span>", "<span data-toggle='tooltip' data-placement='right' title='原始值：41.40543'>41.4</span>", "<span data-toggle='tooltip' data-placement='right' title='原始值：2.31'>2.31</span>", "<span data-toggle='tooltip' data-placement='right' title='原始值：0.019'>0.019</span>", "<span data-toggle='tooltip' data-placement='right' title='原始值：0.075'>0.075</span>", "<span data-toggle='tooltip' data-placement='right' title='原始值：1.9165'>1.92</span>", "*", "*", "正常"], ["广东省", "珠江流域", "<span data-toggle='tooltip' data-placement='right' title='所在地市:清远市&#10;所属河流:北江'>七星岗</span>", "02-16 08:00", "Ⅱ", "<span data-toggle='tooltip' data-placement='right' title='原始值：20.40495'>20.4</span>", "<span data-toggle='tooltip' data-placement='right' title='原始值：7.27735'>7.28</span>", "<span data-toggle='tooltip' data-placement='right' title='原始值：8.6078'>8.61</span>", "<span data-toggle='tooltip' data-placement='right' title='原始值：284.7228'>284.7</span>", "<span data-toggle='tooltip' data-placement='right' title='原始值：8.05738'>8.1</span>", "<span data-toggle='tooltip' data-placement='right' title='原始值：3.53'>3.53</span>", "<span data-toggle='tooltip' data-placement='right' title='原始值：0.18563'>0.186</span>", "<span data-toggle='tooltip' data-placement='right' title='原始值：0.029'>0.029</span>", "<span data-toggle='tooltip' data-placement='right' title='原始值：2.0875'>2.09</span>", "*", "*", "正常"], ["广东省", "珠江流域", "<span data-toggle='tooltip' data-placement='right' title='所在地市:中山市&#10;所属河流:西江'>横栏</span>", "02-16 08:00", "Ⅰ", "<span data-toggle='tooltip' data-placement='right' title='原始值：20.4'>20.4</span>", "<span data-toggle='tooltip' data-placement='right' title='原始值：7.65'>7.65</span>", "<span data-toggle='tooltip' data-placement='right' title='原始值：8.16'>8.16</span>", "<span data-toggle='tooltip' data-placement='right' title='原始值：323'>323.0</span>", "<span data-toggle='tooltip' data-placement='right' title='原始值：11'>11.0</span>", "<span data-toggle='tooltip' data-placement='right' title='原始值：1.72'>1.72</span>", "<span data-toggle='tooltip' data-placement='right' title='原始值：0.002'>0.002</span>", "*", "*", "*", "*", "正常"], ["广西壮族自治区", "珠江流域", "<span data-toggle='tooltip' data-placement='right' title='所在地市:南宁市&#10;所属河流:邕江'>老口</span>", "02-16 08:00", "Ⅰ", "<span data-toggle='tooltip' data-placement='right' title='原始值：19.5881'>19.6</span>", "<span data-toggle='tooltip' data-placement='right' title='原始值：7.87502'>7.88</span>", "<span data-toggle='tooltip' data-placement='right' title='原始值：9.18494'>9.18</span>", "<span data-toggle='tooltip' data-placement='right' title='原始值：349.8117'>349.8</span>", "<span data-toggle='tooltip' data-placement='right' title='原始值：5.70234'>5.7</span>", "<span data-toggle='tooltip' data-placement='right' title='原始值：1.13024'>1.13</span>", "<span data-toggle='tooltip' data-placement='right' title='原始值：0.12314'>0.123</span>", "<span data-toggle='tooltip' data-placement='right' title='原始值：0.01519'>0.015</span>", "<span data-toggle='tooltip' data-placement='right' title='原始值：1.37235'>1.37</span>", "*", "*", "正常"], ["广西壮族自治区", "珠江流域", "<span data-toggle='tooltip' data-placement='right' title='所在地市:桂林市&#10;所属河流:漓江'>阳朔</span>", "02-16 08:00", "", "<span data-toggle='tooltip' data-placement='right' title='原始值：19.6'>19.6</span>", "<span data-toggle='tooltip' data-placement='right' title='原始值：7.73'>7.73</span>", "<span data-toggle='tooltip' data-placement='right' title='原始值：9.468'>9.47</span>", "<span data-toggle='tooltip' data-placement='right' title='原始值：140.039'>140.0</span>", "<span data-toggle='tooltip' data-placement='right' title='原始值：0.861'>0.9</span>", "<span data-toggle='tooltip' data-placement='right' title='原始值：1.609'>1.61</span>", "<span data-toggle='tooltip' data-placement='right' title='原始值：0.035'>0.035</span>", "<span data-toggle='tooltip' data-placement='right' title='原始值：0.048'>0.048</span>", "<span data-toggle='tooltip' data-placement='right' title='原始值：1.325'>1.32</span>", "*", "*", "维护"], ["广西壮族自治区", "珠江流域", "<span data-toggle='tooltip' data-placement='right' title='所在地市:梧州市&#10;所属河流:浔江'>界首</span>", null, "", "--", "--", "--", "--", "--", "--", "--", "--", "--", "*", "*", "停站"], ["广西壮族自治区", "珠江流域", "<span data-toggle='tooltip' data-placement='right' title='所在地市:贵港市&#10;所属河流:浔江'>石嘴</span>", "02-16 08:00", "Ⅱ", "<span data-toggle='tooltip' data-placement='right' title='原始值：20.85802'>20.9</span>", "<span data-toggle='tooltip' data-placement='right' title='原始值：7.91481'>7.91</span>", "<span data-toggle='tooltip' data-placement='right' title='原始值：8.20372'>8.20</span>", "<span data-toggle='tooltip' data-placement='right' title='原始值：321.4103'>321.4</span>", "<span data-toggle='tooltip' data-placement='right' title='原始值：11.33474'>11.3</span>", "<span data-toggle='tooltip' data-placement='right' title='原始值：1.35'>1.35</span>", "<span data-toggle='tooltip' data-placement='right' title='原始值：0.2'>0.200</span>", "<span data-toggle='tooltip' data-placement='right' title='原始值：0.00088'>0.001</span>", "<span data-toggle='tooltip' data-placement='right' title='原始值：2.35'>2.35</span>", "*", "*", "正常"], ["广西壮族自治区", "珠江流域", "<span data-toggle='tooltip' data-placement='right' title='所在地市:崇左市&#10;所属河流:平而河'>平而关</span>", "02-16 08:00", "", "<span data-toggle='tooltip' data-placement='right' title='原始值：21.04543'>21.0</span>", "<span data-toggle='tooltip' data-placement='right' title='原始值：8.06096'>8.06</span>", "<span data-toggle='tooltip' data-placement='right' title='原始值：8.82675'>8.83</span>", "<span data-toggle='tooltip' data-placement='right' title='原始值：250.7916'>250.8</span>", "<span data-toggle='tooltip' data-placement='right' title='原始值：16.8925'>16.9</span>", "<span data-toggle='tooltip' data-placement='right' title='原始值：1.57'>1.57</span>", "<span data-toggle='tooltip' data-placement='right' title='极值过滤'>--</span>", "*", "*", "*", "*", "维护"], ["重庆市", "长江流域", "<span data-toggle='tooltip' data-placement='right' title='所在地市:永川区&#10;所属河流:长江'>朱沱</span>", "02-16 08:00", "", "<span data-toggle='tooltip' data-placement='right' title='原始值：15.68'>15.7</span>", "<span data-toggle='tooltip' data-placement='right' title='原始值：7.77'>7.77</span>", "<span data-toggle='tooltip' data-placement='right' title='原始值：9.94'>9.94</span>", "<span data-toggle='tooltip' data-placement='right' title='极值过滤'>--</span>", "<span data-toggle='tooltip' data-placement='right' title='原始值：400'>400.0</span>", "--", "--", "--", "--", "*", "*", "维护"], ["四川省", "长江流域", "<span data-toggle='tooltip' data-placement='right' title='所在地市:攀枝花市&#10;所属河流:金沙江'>龙洞</span>", "02-16 08:00", "Ⅰ", "<span data-toggle='tooltip' data-placement='right' title='原始值：12.38'>12.4</span>", "<span data-toggle='tooltip' data-placement='right' title='原始值：8.37434'>8.37</span>", "<span data-toggle='tooltip' data-placement='right' title='原始值：9.071027'>9.07</span>", "<span data-toggle='tooltip' data-placement='right' title='原始值：837.141'>837.1</span>", "<span data-toggle='tooltip' data-placement='right' title='原始值：2.363136'>2.4</span>", "<span data-toggle='tooltip' data-placement='right' title='原始值：1.13'>1.13</span>", "<span data-toggle='tooltip' data-placement='right' title='原始值：0.012'>0.012</span>", "<span data-toggle='tooltip' data-placement='right' title='原始值：0.0061351'>0.006</span>", "<span data-toggle='tooltip' data-placement='right' title='原始值：3.475338'>3.48</span>", "*", "*", "正常"], ["四川省", "长江流域", "<span data-toggle='tooltip' data-placement='right' title='所在地市:泸州市&#10;所属河流:沱江'>沱江大桥(沱江二桥)</span>", "02-16 08:00", "Ⅱ", "<span data-toggle='tooltip' data-placement='right' title='原始值：14.09'>14.1</span>", "<span data-toggle='tooltip' data-placement='right' title='原始值：8.300636'>8.30</span>", "<span data-toggle='tooltip' data-placement='right' title='原始值：10.84398'>10.84</span>", "<span data-toggle='tooltip' data-placement='right' title='原始值：626.3362'>626.3</span>", "<span data-toggle='tooltip' data-placement='right' title='原始值：13.46666'>13.5</span>", "<span data-toggle='tooltip' data-placement='right' title='原始值：2.74'>2.74</span>", "<span data-toggle='tooltip' data-placement='right' title='原始值：0.008'>0.008</span>", "<span data-toggle='tooltip' data-placement='right' title='原始值：0.0794989'>0.079</span>", "<span data-toggle='tooltip' data-placement='right' title='原始值：3.684417'>3.68</span>", "*", "*", "正常"], ["四川省", "长江流域", "<span data-toggle='tooltip' data-placement='right' title='所在地市:广元市&#10;所属河流:嘉陵江'>清风峡</span>", "02-16 08:00", "Ⅱ", "<span data-toggle='tooltip' data-placement='right' title='原始值：9.20001'>9.2</span>", "<span data-toggle='tooltip' data-placement='right' title='原始值：8.27399'>8.27</span>", "<span data-toggle='tooltip' data-placement='right' title='原始值：12.09582'>12.10</span>", "<span data-toggle='tooltip' data-placement='right' title='原始值：414.0926'>414.1</span>", "<span data-toggle='tooltip' data-placement='right' title='原始值：18.50555'>18.5</span>", "<span data-toggle='tooltip' data-placement='right' title='原始值：0.65'>0.65</span>", "<span data-toggle='tooltip' data-placement='right' title='原始值：0.15812'>0.158</span>", "*", "*", "*", "*", "正常"], ["四川省", "长江流域", "<span data-toggle='tooltip' data-placement='right' title='所在地市:乐山市&#10;所属河流:岷江'>岷江大桥</span>", null, "", "--", "--", "--", "--", "--", "--", "--", "--", "--", "*", "*", "停站"], ["四川省", "长江流域", "<span data-toggle='tooltip' data-placement='right' title='所在地市:宜宾市&#10;所属河流:岷江'>凉姜沟</span>", "02-16 08:00", "Ⅲ", "<span data-toggle='tooltip' data-placement='right' title='原始值：14.36'>14.4</span>", "<span data-toggle='tooltip' data-placement='right' title='原始值：8.028889'>8.03</span>", "<span data-toggle='tooltip' data-placement='right' title='原始值：9.082883'>9.08</span>", "<span data-toggle='tooltip' data-placement='right' title='原始值：390.9066'>390.9</span>", "<span data-toggle='tooltip' data-placement='right' title='原始值：18.22086'>18.2</span>", "<span data-toggle='tooltip' data-placement='right' title='原始值：1.68'>1.68</span>", "<span data-toggle='tooltip' data-placement='right' title='原始值：0.204'>0.204</span>", "<span data-toggle='tooltip' data-placement='right' title='原始值：0.160884'>0.161</span>", "<span data-toggle='tooltip' data-placement='right' title='原始值：2.545022'>2.55</span>", "*", "*", "正常"], ["云南省", "滇池流域", "<span data-toggle='tooltip' data-placement='right' title='所在地市:昆明市&#10;所属河流:滇池'>西苑隧道</span>", "02-16 08:00", "Ⅳ", "<span data-toggle='tooltip' data-placement='right' title='原始值：14.75'>14.8</span>", "<span data-toggle='tooltip' data-placement='right' title='原始值：7.48059'>7.48</span>", "<span data-toggle='tooltip' data-placement='right' title='原始值：7.632'>7.63</span>", "<span data-toggle='tooltip' data-placement='right' title='原始值：591.115'>591.1</span>", "<span data-toggle='tooltip' data-placement='right' title='原始值：12.208'>12.2</span>", "<span data-toggle='tooltip' data-placement='right' title='原始值：3.58755'>3.59</span>", "<span data-toggle='tooltip' data-placement='right' title='原始值：0.38142'>0.381</span>", "<span data-toggle='tooltip' data-placement='right' title='原始值：0.05013'>0.050</span>", "<span data-toggle='tooltip' data-placement='right' title='原始值：6.60955'>6.61</span>", "<span data-toggle='tooltip' data-placement='right' title='原始值：0.00262'>0.003</span>", "<span data-toggle='tooltip' data-placement='right' title='原始值：4285893'>4285893</span>", "正常"], ["云南省", "滇池流域", "<span data-toggle='tooltip' data-placement='right' title='所在地市:昆明市&#10;所属河流:滇池'>观音山</span>", "02-16 08:00", "Ⅲ", "<span data-toggle='tooltip' data-placement='right' title='原始值：12.60812'>12.6</span>", "<span data-toggle='tooltip' data-placement='right' title='原始值：8.52275'>8.52</span>", "<span data-toggle='tooltip' data-placement='right' title='原始值：8.382'>8.38</span>", "<span data-toggle='tooltip' data-placement='right' title='原始值：448.658'>448.7</span>", "<span data-toggle='tooltip' data-placement='right' title='原始值：33.249'>33.2</span>", "<span data-toggle='tooltip' data-placement='right' title='原始值：5.70244'>5.70</span>", "<span data-toggle='tooltip' data-placement='right' title='原始值：0.73'>0.730</span>", "<span data-toggle='tooltip' data-placement='right' title='原始值：0.0488'>0.049</span>", "<span data-toggle='tooltip' data-placement='right' title='原始值：1.513'>1.51</span>", "<span data-toggle='tooltip' data-placement='right' title='原始值：0.01465'>0.015</span>", "<span data-toggle='tooltip' data-placement='right' title='原始值：1.81045E+07'>18104500</span>", "正常"], ["云南省", "西南诸河", "<span data-toggle='tooltip' data-placement='right' title='所在地市:红河哈尼族彝族自治州&#10;所属河流:红河'>河口县医院(河口)</span>", "02-16 08:00", "Ⅱ", "<span data-toggle='tooltip' data-placement='right' title='原始值：20.16109'>20.2</span>", "<span data-toggle='tooltip' data-placement='right' title='原始值：8.04181'>8.04</span>", "<span data-toggle='tooltip' data-placement='right' title='原始值：8.24094'>8.24</span>", "<span data-toggle='tooltip' data-placement='right' title='原始值：253.0558'>253.1</span>", "<span data-toggle='tooltip' data-placement='right' title='原始值：10.79199'>10.8</span>", "<span data-toggle='tooltip' data-placement='right' title='原始值：0.42631'>0.43</span>", "<span data-toggle='tooltip' data-placement='right' title='原始值：0.01988'>0.020</span>", "<span data-toggle='tooltip' data-placement='right' title='原始值：0.03067'>0.031</span>", "<span data-toggle='tooltip' data-placement='right' title='原始值：1.33426'>1.33</span>", "*", "*", "正常"], ["云南省", "西南诸河", "<span data-toggle='tooltip' data-placement='right' title='所在地市:西双版纳傣族自治州&#10;所属河流:澜沧江'>橄榄坝</span>", "02-16 08:00", "Ⅲ", "<span data-toggle='tooltip' data-placement='right' title='原始值：16.525'>16.5</span>", "<span data-toggle='tooltip' data-placement='right' title='原始值：7.592'>7.59</span>", "<span data-toggle='tooltip' data-placement='right' title='原始值：5.305'>5.30</span>", "<span data-toggle='tooltip' data-placement='right' title='原始值：556.847'>556.8</span>", "<span data-toggle='tooltip' data-placement='right' title='原始值：6.2'>6.2</span>", "<span data-toggle='tooltip' data-placement='right' title='原始值：0.909'>0.91</span>", "<span data-toggle='tooltip' data-placement='right' title='原始值：0.225'>0.225</span>", "*", "*", "*", "*", "正常"], ["陕西省", "黄河流域", "<span data-toggle='tooltip' data-placement='right' title='所在地市:渭南市&#10;所属河流:渭河'>潼关吊桥</span>", "02-16 08:00", "Ⅲ", "<span data-toggle='tooltip' data-placement='right' title='原始值：8.8'>8.8</span>", "<span data-toggle='tooltip' data-placement='right' title='原始值：8.51'>8.51</span>", "<span data-toggle='tooltip' data-placement='right' title='原始值：11.45492'>11.45</span>", "<span data-toggle='tooltip' data-placement='right' title='原始值：1471.75'>1471.8</span>", "<span data-toggle='tooltip' data-placement='right' title='原始值：89.02127'>89.0</span>", "<span data-toggle='tooltip' data-placement='right' title='原始值：5.43'>5.43</span>", "<span data-toggle='tooltip' data-placement='right' title='原始值：0.56'>0.560</span>", "<span data-toggle='tooltip' data-placement='right' title='原始值：0.09564'>0.096</span>", "<span data-toggle='tooltip' data-placement='right' title='原始值：7.61205'>7.61</span>", "*", "*", "正常"]]}