{"result": 1, "total": 2, "records": 100, "thead": ["省份", "流域", "断面名称", "监测时间", "水质类别", "水温<br/><span class='unit'>(℃)</span>", "pH<br/><span class='unit'>(无量纲)</span>", "溶解氧<br/><span class='unit'>(mg/L)</span>", "电导率<br/><span class='unit'>(μS/cm)</span>", "浊度<br/><span class='unit'>(NTU)</span>", "高锰酸盐指数<br/><span class='unit'>(mg/L)</span>", "氨氮<br/><span class='unit'>(mg/L)</span>", "总磷<br/><span class='unit'>(mg/L)</span>", "总氮<br/><span class='unit'>(mg/L)</span>", "叶绿素α<br/><span class='unit'>(mg/L)</span>", "藻密度<br/><span class='unit'>(cells/L)</span>", "站点情况"], "tbody": [["北京市", "海河流域", "<span data-toggle='tooltip' data-placement='right' title='所在地市:门头沟区&#10;所属河流:永定河'>沿河城</span>", null, "", "--", "--", "--", "--", "--", "--", "--", "--", "--", "*", "*", "停站"], ["北京市", "淮河流域", "<span data-toggle='tooltip' data-placement='right' title='所在地市:房山区&#10;所属河流:小清河'>八间房漫水桥</span>", null, "", "--", "--", "--", "--", "--", "--", "--", "--", "--", "*", "*", "停站"], ["北京市", "海河流域", "<span data-toggle='tooltip' data-placement='right' title='所在地市:密云区&#10;所属河流:潮河'>古北口</span>", null, "", "--", "--", "--", "--", "--", "--", "--", "--", "--", "*", "*", "停站"], ["天津市", "海河流域", "<span data-toggle='tooltip' data-placement='right' title='所在地市:河北区&#10;所属河流:海河'>三岔口</span>", "02-15 08:00", "Ⅱ", "<span data-toggle='tooltip' data-placement='right' title='原始值：6.02'>6.0</span>", "<span data-toggle='tooltip' data-placement='right' title='原始值：7.9441'>7.94</span>", "<span data-toggle='tooltip' data-placement='right' title='原始值：10.435'>10.44</span>", "<span data-toggle='tooltip' data-placement='right' title='原始值：989.9967'>990.0</span>", "<span data-toggle='tooltip' data-placement='right' title='原始值：7.684'>7.7</span>", "<span data-toggle='tooltip' data-placement='right' title='原始值：1.42'>1.42</span>", "<span data-toggle='tooltip' data-placement='right' title='原始值：0.23'>0.230</span>", "<span data-toggle='tooltip' data-placement='right' title='原始值：0.0072'>0.007</span>", "<span data-toggle='tooltip' data-placement='right' title='原始值：1.3254'>1.33</span>", "*", "*", "正常"], ["天津市", "海河流域", "<span data-toggle='tooltip' data-placement='right' title='所在地市:蓟州区&#10;所属河流:果河'>果河桥</span>", "02-15 08:00", "Ⅱ", "<span data-toggle='tooltip' data-placement='right' title='原始值：4.7'>4.7</span>", "<span data-toggle='tooltip' data-placement='right' title='原始值：7.95'>7.95</span>", "<span data-toggle='tooltip' data-placement='right' title='原始值：13.685'>13.68</span>", "<span data-toggle='tooltip' data-placement='right' title='原始值：765.068'>765.1</span>", "<span data-toggle='tooltip' data-placement='right' title='原始值：9.9'>9.9</span>", "<span data-toggle='tooltip' data-placement='right' title='原始值：1.9267'>1.93</span>", "<span data-toggle='tooltip' data-placement='right' title='原始值：0.23'>0.230</span>", "<span data-toggle='tooltip' data-placement='right' title='原始值：0.0422'>0.042</span>", "<span data-toggle='tooltip' data-placement='right' title='原始值：12.3012'>12.30</span>", "*", "*", "正常"], ["河北省", "海河流域", "<span data-toggle='tooltip' data-placement='right' title='所在地市:石家庄市&#10;所属河流:滹沱河'>岗南水库</span>", null, "", "--", "--", "--", "--", "--", "--", "--", "--", "--", "*", "*", "停站"], ["河北省", "海河流域", "<span data-toggle='tooltip' data-placement='right' title='所在地市:张家口市&#10;所属河流:永定河'>八号桥</span>", "02-15 08:00", "Ⅲ", "<span data-toggle='tooltip' data-placement='right' title='原始值：4.05828'>4.1</span>", "<span data-toggle='tooltip' data-placement='right' title='原始值：8.44706'>8.45</span>", "<span data-toggle='tooltip' data-placement='right' title='原始值：13.49289'>13.49</span>", "<span data-toggle='tooltip' data-placement='right' title='原始值：1256.068'>1256.1</span>", "<span data-toggle='tooltip' data-placement='right' title='原始值：33.11479'>33.1</span>", "<span data-toggle='tooltip' data-placement='right' title='原始值：3.47'>3.47</span>", "<span data-toggle='tooltip' data-placement='right' title='原始值：0.73'>0.730</span>", "<span data-toggle='tooltip' data-placement='right' title='原始值：0.10814'>0.108</span>", "<span data-toggle='tooltip' data-placement='right' title='原始值：4.73'>4.73</span>", "*", "*", "正常"], ["山西省", "黄河流域", "<span data-toggle='tooltip' data-placement='right' title='所在地市:运城市&#10;所属河流:汾河'>河津大桥</span>", "02-15 08:00", "Ⅲ", "<span data-toggle='tooltip' data-placement='right' title='原始值：10.87148'>10.9</span>", "<span data-toggle='tooltip' data-placement='right' title='原始值：7.92458'>7.92</span>", "<span data-toggle='tooltip' data-placement='right' title='原始值：9.65867'>9.66</span>", "<span data-toggle='tooltip' data-placement='right' title='原始值：1543.176'>1543.2</span>", "<span data-toggle='tooltip' data-placement='right' title='原始值：83.00609'>83.0</span>", "<span data-toggle='tooltip' data-placement='right' title='原始值：4.775'>4.78</span>", "<span data-toggle='tooltip' data-placement='right' title='原始值：0.71'>0.710</span>", "*", "*", "*", "*", "正常"], ["山西省", "黄河流域", "<span data-toggle='tooltip' data-placement='right' title='所在地市:忻州市&#10;所属河流:黄河'>万家寨水库</span>", null, "", "--", "--", "--", "--", "--", "--", "--", "--", "--", "*", "*", "停站"], ["内蒙古自治区", "黄河流域", "<span data-toggle='tooltip' data-placement='right' title='所在地市:包头市&#10;所属河流:黄河'>画匠营子</span>", null, "", "--", "--", "--", "--", "--", "--", "--", "--", "--", "*", "*", "停站"], ["内蒙古自治区", "黄河流域", "<span data-toggle='tooltip' data-placement='right' title='所在地市:乌海市&#10;所属河流:黄河'>海勃湾</span>", "02-15 08:00", "Ⅱ", "<span data-toggle='tooltip' data-placement='right' title='原始值：2.61987'>2.6</span>", "<span data-toggle='tooltip' data-placement='right' title='原始值：8.49447'>8.49</span>", "<span data-toggle='tooltip' data-placement='right' title='原始值：9.85278'>9.85</span>", "<span data-toggle='tooltip' data-placement='right' title='原始值：831.5232'>831.5</span>", "<span data-toggle='tooltip' data-placement='right' title='原始值：21.26315'>21.3</span>", "<span data-toggle='tooltip' data-placement='right' title='原始值：1.67'>1.67</span>", "<span data-toggle='tooltip' data-placement='right' title='原始值：0.21'>0.210</span>", "*", "*", "*", "*", "正常"], ["内蒙古自治区", "松花江流域", "<span data-toggle='tooltip' data-placement='right' title='所在地市:呼伦贝尔市&#10;所属河流:额尔古纳河'>黑山头</span>", null, "", "--", "--", "--", "--", "--", "--", "--", "--", "--", "*", "*", "停站"], ["辽宁省", "辽河流域", "<span data-toggle='tooltip' data-placement='right' title='所在地市:抚顺市&#10;所属河流:浑河'>大伙房水库</span>", "02-15 08:00", "Ⅰ", "<span data-toggle='tooltip' data-placement='right' title='原始值：5.58186'>5.6</span>", "<span data-toggle='tooltip' data-placement='right' title='原始值：7.63209'>7.63</span>", "<span data-toggle='tooltip' data-placement='right' title='原始值：10.1692'>10.17</span>", "<span data-toggle='tooltip' data-placement='right' title='原始值：317.7567'>317.8</span>", "<span data-toggle='tooltip' data-placement='right' title='原始值：9.47643'>9.5</span>", "<span data-toggle='tooltip' data-placement='right' title='原始值：1.06626'>1.07</span>", "<span data-toggle='tooltip' data-placement='right' title='原始值：0.14'>0.140</span>", "<span data-toggle='tooltip' data-placement='right' title='原始值：0.01744'>0.017</span>", "<span data-toggle='tooltip' data-placement='right' title='原始值：2.89737'>2.90</span>", "<span data-toggle='tooltip' data-placement='right' title='原始值：0.00065'>0.001</span>", "*", "正常"], ["辽宁省", "辽河流域", "<span data-toggle='tooltip' data-placement='right' title='所在地市:丹东市&#10;所属河流:鸭绿江'>江桥</span>", "02-15 08:00", "Ⅱ", "<span data-toggle='tooltip' data-placement='right' title='原始值：5.60156'>5.6</span>", "<span data-toggle='tooltip' data-placement='right' title='原始值：6.32'>6.32</span>", "<span data-toggle='tooltip' data-placement='right' title='原始值：11.515'>11.52</span>", "<span data-toggle='tooltip' data-placement='right' title='原始值：158.5002'>158.5</span>", "<span data-toggle='tooltip' data-placement='right' title='原始值：8.5'>8.5</span>", "<span data-toggle='tooltip' data-placement='right' title='原始值：0.84'>0.84</span>", "<span data-toggle='tooltip' data-placement='right' title='原始值：0.04557'>0.046</span>", "<span data-toggle='tooltip' data-placement='right' title='原始值：0.0221'>0.022</span>", "<span data-toggle='tooltip' data-placement='right' title='原始值：2.03929'>2.04</span>", "*", "*", "正常"], ["辽宁省", "辽河流域", "<span data-toggle='tooltip' data-placement='right' title='所在地市:营口市&#10;所属河流:大辽河'>辽河公园</span>", "02-15 08:00", "劣Ⅴ", "<span data-toggle='tooltip' data-placement='right' title='原始值：4.81375'>4.8</span>", "<span data-toggle='tooltip' data-placement='right' title='原始值：8.42837'>8.43</span>", "<span data-toggle='tooltip' data-placement='right' title='原始值：7.95039'>7.95</span>", "<span data-toggle='tooltip' data-placement='right' title='原始值：8320.271'>8320.3</span>", "<span data-toggle='tooltip' data-placement='right' title='原始值：332.9201'>332.9</span>", "<span data-toggle='tooltip' data-placement='right' title='原始值：8.04219'>8.04</span>", "<span data-toggle='tooltip' data-placement='right' title='原始值：2.30626'>2.306</span>", "<span data-toggle='tooltip' data-placement='right' title='原始值：0.23385'>0.234</span>", "<span data-toggle='tooltip' data-placement='right' title='原始值：11.11451'>11.11</span>", "*", "*", "正常"], ["辽宁省", "辽河流域", "<span data-toggle='tooltip' data-placement='right' title='所在地市:辽阳市&#10;所属河流:太子河'>汤河水库</span>", null, "", "--", "--", "--", "--", "--", "--", "--", "--", "--", "*", "*", "停站"], ["辽宁省", "辽河流域", "<span data-toggle='tooltip' data-placement='right' title='所在地市:盘锦市&#10;所属河流:辽河'>盘锦兴安(兴安)</span>", null, "", "--", "--", "--", "--", "--", "--", "--", "--", "--", "*", "*", "停站"], ["辽宁省", "辽河流域", "<span data-toggle='tooltip' data-placement='right' title='所在地市:铁岭市&#10;所属河流:辽河'>珠尔山</span>", "02-15 08:00", "Ⅳ", "<span data-toggle='tooltip' data-placement='right' title='原始值：1.48933'>1.5</span>", "<span data-toggle='tooltip' data-placement='right' title='原始值：7.34007'>7.34</span>", "<span data-toggle='tooltip' data-placement='right' title='原始值：10.89015'>10.89</span>", "<span data-toggle='tooltip' data-placement='right' title='原始值：683.478'>683.5</span>", "<span data-toggle='tooltip' data-placement='right' title='原始值：4.60725'>4.6</span>", "<span data-toggle='tooltip' data-placement='right' title='原始值：2.07015'>2.07</span>", "<span data-toggle='tooltip' data-placement='right' title='原始值：1.46'>1.460</span>", "<span data-toggle='tooltip' data-placement='right' title='原始值：0.07504'>0.075</span>", "<span data-toggle='tooltip' data-placement='right' title='原始值：8.96558'>8.97</span>", "*", "*", "正常"], ["吉林省", "松花江流域", "<span data-toggle='tooltip' data-placement='right' title='所在地市:长春市&#10;所属河流:松花江'>松花江村</span>", null, "", "--", "--", "--", "--", "--", "--", "--", "--", "--", "*", "*", "停站"], ["吉林省", "松花江流域", "<span data-toggle='tooltip' data-placement='right' title='所在地市:白城市&#10;所属河流:嫩江'>白沙滩</span>", "02-15 08:00", "Ⅳ", "<span data-toggle='tooltip' data-placement='right' title='原始值：3.40574'>3.4</span>", "<span data-toggle='tooltip' data-placement='right' title='原始值：7.04554'>7.05</span>", "<span data-toggle='tooltip' data-placement='right' title='原始值：12.96848'>12.97</span>", "<span data-toggle='tooltip' data-placement='right' title='原始值：411.386'>411.4</span>", "<span data-toggle='tooltip' data-placement='right' title='原始值：24.25365'>24.3</span>", "<span data-toggle='tooltip' data-placement='right' title='原始值：6.86446'>6.86</span>", "<span data-toggle='tooltip' data-placement='right' title='原始值：0.22367'>0.224</span>", "<span data-toggle='tooltip' data-placement='right' title='原始值：0.03881'>0.039</span>", "<span data-toggle='tooltip' data-placement='right' title='原始值：1.3786'>1.38</span>", "*", "*", "正常"], ["吉林省", "松花江流域", "<span data-toggle='tooltip' data-placement='right' title='所在地市:延边朝鲜族自治州&#10;所属河流:图们江'>圈河</span>", "02-15 08:00", "Ⅱ", "<span data-toggle='tooltip' data-placement='right' title='原始值：9.09999'>9.1</span>", "<span data-toggle='tooltip' data-placement='right' title='原始值：7.15'>7.15</span>", "<span data-toggle='tooltip' data-placement='right' title='原始值：7.66'>7.66</span>", "<span data-toggle='tooltip' data-placement='right' title='原始值：327'>327.0</span>", "<span data-toggle='tooltip' data-placement='right' title='原始值：8'>8.0</span>", "<span data-toggle='tooltip' data-placement='right' title='原始值：2.22'>2.22</span>", "<span data-toggle='tooltip' data-placement='right' title='原始值：0.25065'>0.251</span>", "<span data-toggle='tooltip' data-placement='right' title='原始值：0.0696'>0.070</span>", "<span data-toggle='tooltip' data-placement='right' title='原始值：3.43481'>3.43</span>", "*", "*", "正常"], ["黑龙江省", "松花江流域", "<span data-toggle='tooltip' data-placement='right' title='所在地市:大庆市&#10;所属河流:松花江'>肇源</span>", null, "", "--", "--", "--", "--", "--", "--", "--", "--", "--", "*", "*", "停站"], ["黑龙江省", "松花江流域", "<span data-toggle='tooltip' data-placement='right' title='所在地市:佳木斯市&#10;所属河流:乌苏里江'>乌苏镇</span>", null, "", "--", "--", "--", "--", "--", "--", "--", "--", "--", "*", "*", "停站"], ["黑龙江省", "松花江流域", "<span data-toggle='tooltip' data-placement='right' title='所在地市:佳木斯市&#10;所属河流:松花江'>同江</span>", "02-15 08:00", "Ⅲ", "<span data-toggle='tooltip' data-placement='right' title='原始值：3.45837'>3.5</span>", "<span data-toggle='tooltip' data-placement='right' title='原始值：7.39432'>7.39</span>", "<span data-toggle='tooltip' data-placement='right' title='原始值：12.7655'>12.77</span>", "<span data-toggle='tooltip' data-placement='right' title='原始值：347.738'>347.7</span>", "<span data-toggle='tooltip' data-placement='right' title='原始值：13.4624'>13.5</span>", "<span data-toggle='tooltip' data-placement='right' title='原始值：4.50215'>4.50</span>", "<span data-toggle='tooltip' data-placement='right' title='原始值：0.26505'>0.265</span>", "<span data-toggle='tooltip' data-placement='right' title='原始值：0.04297'>0.043</span>", "<span data-toggle='tooltip' data-placement='right' title='原始值：2.09462'>2.09</span>", "*", "*", "正常"], ["黑龙江省", "松花江流域", "<span data-toggle='tooltip' data-placement='right' title='所在地市:黑河市&#10;所属河流:黑龙江'>黑河下(黑河)</span>", null, "", "--", "--", "--", "--", "--", "--", "--", "--", "--", "*", "*", "停站"], ["上海市", "长江流域", "<span data-toggle='tooltip' data-placement='right' title='所在地市:青浦区&#10;所属河流:淀山湖'>急水港桥</span>", "02-15 08:00", "Ⅳ", "<span data-toggle='tooltip' data-placement='right' title='原始值：12.7'>12.7</span>", "<span data-toggle='tooltip' data-placement='right' title='原始值：7.24'>7.24</span>", "<span data-toggle='tooltip' data-placement='right' title='原始值：8.23'>8.23</span>", "<span data-toggle='tooltip' data-placement='right' title='原始值：679'>679.0</span>", "<span data-toggle='tooltip' data-placement='right' title='原始值：76.7'>76.7</span>", "<span data-toggle='tooltip' data-placement='right' title='原始值：3.5625'>3.56</span>", "<span data-toggle='tooltip' data-placement='right' title='原始值：0.27724'>0.277</span>", "<span data-toggle='tooltip' data-placement='right' title='原始值：0.06877'>0.069</span>", "<span data-toggle='tooltip' data-placement='right' title='原始值：3.30303'>3.30</span>", "<span data-toggle='tooltip' data-placement='right' title='原始值：0.01034'>0.010</span>", "<span data-toggle='tooltip' data-placement='right' title='原始值：4619912'>4619912</span>", "正常"], ["江苏省", "长江流域", "<span data-toggle='tooltip' data-placement='right' title='所在地市:南京市&#10;所属河流:长江'>林山</span>", "02-15 08:00", "Ⅱ", "<span data-toggle='tooltip' data-placement='right' title='原始值：13.2179'>13.2</span>", "<span data-toggle='tooltip' data-placement='right' title='原始值：7.9809'>7.98</span>", "<span data-toggle='tooltip' data-placement='right' title='原始值：10.0059'>10.01</span>", "<span data-toggle='tooltip' data-placement='right' title='原始值：353.174'>353.2</span>", "<span data-toggle='tooltip' data-placement='right' title='原始值：14.8277'>14.8</span>", "<span data-toggle='tooltip' data-placement='right' title='原始值：1.41'>1.41</span>", "<span data-toggle='tooltip' data-placement='right' title='原始值：0.189'>0.189</span>", "*", "*", "*", "*", "正常"], ["江苏省", "太湖流域", "<span data-toggle='tooltip' data-placement='right' title='所在地市:无锡市&#10;所属河流:太湖'>沙渚</span>", null, "", "--", "--", "--", "--", "--", "--", "--", "--", "--", "--", "*", "停站"], ["江苏省", "淮河流域", "<span data-toggle='tooltip' data-placement='right' title='所在地市:徐州市&#10;所属河流:武河'>小红圈</span>", "02-15 08:00", "Ⅱ", "<span data-toggle='tooltip' data-placement='right' title='原始值：10.78'>10.8</span>", "<span data-toggle='tooltip' data-placement='right' title='原始值：8.13'>8.13</span>", "<span data-toggle='tooltip' data-placement='right' title='原始值：13.3'>13.30</span>", "<span data-toggle='tooltip' data-placement='right' title='原始值：605.9'>605.9</span>", "<span data-toggle='tooltip' data-placement='right' title='原始值：6.07'>6.1</span>", "<span data-toggle='tooltip' data-placement='right' title='原始值：2.74'>2.74</span>", "<span data-toggle='tooltip' data-placement='right' title='原始值：0.057'>0.057</span>", "*", "*", "*", "*", "正常"], ["江苏省", "淮河流域", "<span data-toggle='tooltip' data-placement='right' title='所在地市:徐州市&#10;所属河流:沿河'>李集桥</span>", null, "", "--", "--", "--", "--", "--", "--", "--", "--", "--", "*", "*", "停站"], ["江苏省", "淮河流域", "<span data-toggle='tooltip' data-placement='right' title='所在地市:徐州市&#10;所属河流:邳苍分洪道'>艾山西大桥</span>", "02-15 08:00", "Ⅲ", "<span data-toggle='tooltip' data-placement='right' title='原始值：10.1341'>10.1</span>", "<span data-toggle='tooltip' data-placement='right' title='原始值：8.20222'>8.20</span>", "<span data-toggle='tooltip' data-placement='right' title='原始值：14.8209'>14.82</span>", "<span data-toggle='tooltip' data-placement='right' title='原始值：722.268'>722.3</span>", "<span data-toggle='tooltip' data-placement='right' title='原始值：11.2269'>11.2</span>", "<span data-toggle='tooltip' data-placement='right' title='原始值：4.11'>4.11</span>", "<span data-toggle='tooltip' data-placement='right' title='原始值：0.06'>0.060</span>", "<span data-toggle='tooltip' data-placement='right' title='原始值：0.03546'>0.035</span>", "<span data-toggle='tooltip' data-placement='right' title='原始值：10.89444'>10.89</span>", "*", "*", "正常"], ["江苏省", "太湖流域", "<span data-toggle='tooltip' data-placement='right' title='所在地市:苏州市&#10;所属河流:太湖'>兰山嘴(老)</span>", null, "", "--", "--", "--", "--", "--", "--", "--", "--", "--", "--", "*", "停站"], ["江苏省", "太湖流域", "<span data-toggle='tooltip' data-placement='right' title='所在地市:苏州市&#10;所属河流:太湖'>西山</span>", null, "", "--", "--", "--", "--", "--", "--", "--", "--", "--", "--", "*", "停站"], ["江苏省", "淮河流域", "<span data-toggle='tooltip' data-placement='right' title='所在地市:连云港市&#10;所属河流:新沭河'>大兴桥</span>", "02-15 08:00", "Ⅲ", "<span data-toggle='tooltip' data-placement='right' title='原始值：9.1'>9.1</span>", "<span data-toggle='tooltip' data-placement='right' title='原始值：8.39'>8.39</span>", "<span data-toggle='tooltip' data-placement='right' title='原始值：11.67'>11.67</span>", "<span data-toggle='tooltip' data-placement='right' title='原始值：1010.3'>1010.3</span>", "<span data-toggle='tooltip' data-placement='right' title='原始值：40.31'>40.3</span>", "<span data-toggle='tooltip' data-placement='right' title='原始值：5.56'>5.56</span>", "<span data-toggle='tooltip' data-placement='right' title='原始值：0.372'>0.372</span>", "*", "*", "*", "*", "正常"], ["江苏省", "淮河流域", "<span data-toggle='tooltip' data-placement='right' title='所在地市:淮安市&#10;所属河流:淮河'>淮河大桥</span>", null, "", "--", "--", "--", "--", "--", "--", "--", "--", "--", "*", "*", "停站"], ["江苏省", "长江流域", "<span data-toggle='tooltip' data-placement='right' title='所在地市:扬州市&#10;所属河流:夹江'>三江营</span>", "02-15 08:00", "Ⅱ", "<span data-toggle='tooltip' data-placement='right' title='原始值：11.37'>11.4</span>", "<span data-toggle='tooltip' data-placement='right' title='原始值：7.99'>7.99</span>", "<span data-toggle='tooltip' data-placement='right' title='原始值：10.2'>10.20</span>", "<span data-toggle='tooltip' data-placement='right' title='原始值：366.64'>366.6</span>", "<span data-toggle='tooltip' data-placement='right' title='原始值：48.9'>48.9</span>", "<span data-toggle='tooltip' data-placement='right' title='原始值：1.74'>1.74</span>", "<span data-toggle='tooltip' data-placement='right' title='原始值：0.096'>0.096</span>", "<span data-toggle='tooltip' data-placement='right' title='原始值：0.091'>0.091</span>", "<span data-toggle='tooltip' data-placement='right' title='原始值：2.105'>2.10</span>", "*", "*", "正常"], ["江苏省", "淮河流域", "<span data-toggle='tooltip' data-placement='right' title='所在地市:宿迁市&#10;所属河流:新濉河'>大屈</span>", "02-15 08:00", "Ⅲ", "<span data-toggle='tooltip' data-placement='right' title='原始值：12.1'>12.1</span>", "<span data-toggle='tooltip' data-placement='right' title='原始值：8.26'>8.26</span>", "<span data-toggle='tooltip' data-placement='right' title='原始值：10.64'>10.64</span>", "<span data-toggle='tooltip' data-placement='right' title='原始值：922.3'>922.3</span>", "<span data-toggle='tooltip' data-placement='right' title='原始值：61.13'>61.1</span>", "<span data-toggle='tooltip' data-placement='right' title='原始值：5.22'>5.22</span>", "<span data-toggle='tooltip' data-placement='right' title='原始值：0.08'>0.080</span>", "<span data-toggle='tooltip' data-placement='right' title='原始值：0.038'>0.038</span>", "<span data-toggle='tooltip' data-placement='right' title='原始值：2.292'>2.29</span>", "*", "*", "正常"], ["浙江省", "浙闽片河流", "<span data-toggle='tooltip' data-placement='right' title='所在地市:杭州市&#10;所属河流:新安江'>街口(鸠坑口)</span>", "02-15 08:00", "Ⅰ", "<span data-toggle='tooltip' data-placement='right' title='原始值：13.64'>13.6</span>", "<span data-toggle='tooltip' data-placement='right' title='原始值：7.89'>7.89</span>", "<span data-toggle='tooltip' data-placement='right' title='原始值：9.98'>9.98</span>", "<span data-toggle='tooltip' data-placement='right' title='原始值：153.75'>153.8</span>", "<span data-toggle='tooltip' data-placement='right' title='原始值：7.19'>7.2</span>", "<span data-toggle='tooltip' data-placement='right' title='原始值：1.363'>1.36</span>", "<span data-toggle='tooltip' data-placement='right' title='原始值：0.003'>0.003</span>", "<span data-toggle='tooltip' data-placement='right' title='原始值：0.014'>0.014</span>", "<span data-toggle='tooltip' data-placement='right' title='原始值：0.868'>0.87</span>", "*", "*", "正常"], ["浙江省", "太湖流域", "<span data-toggle='tooltip' data-placement='right' title='所在地市:嘉兴市&#10;所属河流:斜路港河'>斜路港</span>", null, "", "--", "--", "--", "--", "--", "--", "--", "--", "--", "*", "*", "停站"], ["浙江省", "太湖流域", "<span data-toggle='tooltip' data-placement='right' title='所在地市:嘉兴市&#10;所属河流:京杭运河'>王江泾</span>", null, "", "--", "--", "--", "--", "--", "--", "--", "--", "--", "*", "*", "停站"], ["浙江省", "太湖流域", "<span data-toggle='tooltip' data-placement='right' title='所在地市:湖州市&#10;所属河流:西苕溪'>新港口(新塘港)</span>", "02-15 08:00", "Ⅱ", "<span data-toggle='tooltip' data-placement='right' title='原始值：13.0133'>13.0</span>", "<span data-toggle='tooltip' data-placement='right' title='原始值：8.40676'>8.41</span>", "<span data-toggle='tooltip' data-placement='right' title='原始值：11.072'>11.07</span>", "<span data-toggle='tooltip' data-placement='right' title='原始值：401.882'>401.9</span>", "<span data-toggle='tooltip' data-placement='right' title='原始值：27.7298'>27.7</span>", "<span data-toggle='tooltip' data-placement='right' title='原始值：2.67304'>2.67</span>", "<span data-toggle='tooltip' data-placement='right' title='原始值：0.15816'>0.158</span>", "<span data-toggle='tooltip' data-placement='right' title='原始值：0.03556'>0.036</span>", "<span data-toggle='tooltip' data-placement='right' title='原始值：2.17136'>2.17</span>", "<span data-toggle='tooltip' data-placement='right' title='原始值：0.00929'>0.009</span>", "*", "正常"], ["安徽省", "巢湖流域", "<span data-toggle='tooltip' data-placement='right' title='所在地市:合肥市&#10;所属河流:巢湖'>湖滨(老)</span>", "02-15 08:00", "Ⅳ", "<span data-toggle='tooltip' data-placement='right' title='原始值：13.28438'>13.3</span>", "<span data-toggle='tooltip' data-placement='right' title='原始值：6.71748'>6.72</span>", "<span data-toggle='tooltip' data-placement='right' title='原始值：9.53504'>9.54</span>", "<span data-toggle='tooltip' data-placement='right' title='原始值：342.6628'>342.7</span>", "<span data-toggle='tooltip' data-placement='right' title='原始值：102.6722'>102.7</span>", "<span data-toggle='tooltip' data-placement='right' title='原始值：4.72'>4.72</span>", "<span data-toggle='tooltip' data-placement='right' title='原始值：0.49'>0.490</span>", "<span data-toggle='tooltip' data-placement='right' title='原始值：0.065'>0.065</span>", "<span data-toggle='tooltip' data-placement='right' title='原始值：1.971'>1.97</span>", "<span data-toggle='tooltip' data-placement='right' title='原始值：0.01182'>0.012</span>", "*", "正常"], ["安徽省", "巢湖流域", "<span data-toggle='tooltip' data-placement='right' title='所在地市:芜湖市&#10;所属河流:巢湖'>裕溪口(老)</span>", "02-15 08:00", "Ⅲ", "<span data-toggle='tooltip' data-placement='right' title='原始值：12.80761'>12.8</span>", "<span data-toggle='tooltip' data-placement='right' title='原始值：7.50735'>7.51</span>", "<span data-toggle='tooltip' data-placement='right' title='原始值：8.63745'>8.64</span>", "<span data-toggle='tooltip' data-placement='right' title='原始值：250.334'>250.3</span>", "<span data-toggle='tooltip' data-placement='right' title='原始值：47.50961'>47.5</span>", "<span data-toggle='tooltip' data-placement='right' title='原始值：2.49'>2.49</span>", "<span data-toggle='tooltip' data-placement='right' title='原始值：0.1'>0.100</span>", "<span data-toggle='tooltip' data-placement='right' title='原始值：0.0488'>0.049</span>", "<span data-toggle='tooltip' data-placement='right' title='原始值：3.39'>3.39</span>", "<span data-toggle='tooltip' data-placement='right' title='原始值：0.02987'>0.030</span>", "*", "正常"], ["安徽省", "淮河流域", "<span data-toggle='tooltip' data-placement='right' title='所在地市:蚌埠市&#10;所属河流:淮河'>蚌埠闸上(蚌埠闸)</span>", "02-15 08:00", "Ⅱ", "<span data-toggle='tooltip' data-placement='right' title='原始值：13.09'>13.1</span>", "<span data-toggle='tooltip' data-placement='right' title='原始值：7.29'>7.29</span>", "<span data-toggle='tooltip' data-placement='right' title='原始值：10.68'>10.68</span>", "<span data-toggle='tooltip' data-placement='right' title='原始值：563.45'>563.4</span>", "<span data-toggle='tooltip' data-placement='right' title='原始值：66.68'>66.7</span>", "<span data-toggle='tooltip' data-placement='right' title='原始值：3.537'>3.54</span>", "<span data-toggle='tooltip' data-placement='right' title='原始值：0.119'>0.119</span>", "<span data-toggle='tooltip' data-placement='right' title='原始值：0.068'>0.068</span>", "<span data-toggle='tooltip' data-placement='right' title='原始值：2.271'>2.27</span>", "*", "*", "正常"], ["安徽省", "淮河流域", "<span data-toggle='tooltip' data-placement='right' title='所在地市:淮南市&#10;所属河流:淮河'>石头埠(老)</span>", "02-15 08:00", "劣Ⅴ", "<span data-toggle='tooltip' data-placement='right' title='原始值：11.97641'>12.0</span>", "<span data-toggle='tooltip' data-placement='right' title='原始值：9.42394'>9.42</span>", "<span data-toggle='tooltip' data-placement='right' title='原始值：5.32408'>5.32</span>", "<span data-toggle='tooltip' data-placement='right' title='原始值：466.4336'>466.4</span>", "<span data-toggle='tooltip' data-placement='right' title='原始值：13.37162'>13.4</span>", "<span data-toggle='tooltip' data-placement='right' title='原始值：4.03'>4.03</span>", "<span data-toggle='tooltip' data-placement='right' title='原始值：0.18'>0.180</span>", "*", "*", "*", "*", "正常"], ["安徽省", "淮河流域", "<span data-toggle='tooltip' data-placement='right' title='所在地市:淮北市&#10;所属河流:沱河'>小王桥</span>", "02-15 08:00", "Ⅲ", "<span data-toggle='tooltip' data-placement='right' title='原始值：9.68'>9.7</span>", "<span data-toggle='tooltip' data-placement='right' title='原始值：8.14'>8.14</span>", "<span data-toggle='tooltip' data-placement='right' title='原始值：11.02'>11.02</span>", "<span data-toggle='tooltip' data-placement='right' title='原始值：1731.48'>1731.5</span>", "<span data-toggle='tooltip' data-placement='right' title='原始值：16.8'>16.8</span>", "<span data-toggle='tooltip' data-placement='right' title='原始值：5.738'>5.74</span>", "<span data-toggle='tooltip' data-placement='right' title='原始值：0.028'>0.028</span>", "<span data-toggle='tooltip' data-placement='right' title='原始值：0.067'>0.067</span>", "<span data-toggle='tooltip' data-placement='right' title='原始值：0.94'>0.94</span>", "*", "*", "正常"], ["安徽省", "长江流域", "<span data-toggle='tooltip' data-placement='right' title='所在地市:安庆市&#10;所属河流:长江'>皖河口</span>", "02-15 08:00", "Ⅱ", "<span data-toggle='tooltip' data-placement='right' title='原始值：13.37'>13.4</span>", "<span data-toggle='tooltip' data-placement='right' title='原始值：7.764'>7.76</span>", "<span data-toggle='tooltip' data-placement='right' title='原始值：9.33'>9.33</span>", "<span data-toggle='tooltip' data-placement='right' title='原始值：342.9'>342.9</span>", "<span data-toggle='tooltip' data-placement='right' title='原始值：39.09'>39.1</span>", "<span data-toggle='tooltip' data-placement='right' title='原始值：1.452'>1.45</span>", "<span data-toggle='tooltip' data-placement='right' title='原始值：0.023'>0.023</span>", "<span data-toggle='tooltip' data-placement='right' title='原始值：0.0647'>0.065</span>", "<span data-toggle='tooltip' data-placement='right' title='原始值：1.961'>1.96</span>", "*", "*", "正常"], ["安徽省", "淮河流域", "<span data-toggle='tooltip' data-placement='right' title='所在地市:滁州市&#10;所属河流:淮河'>小柳巷</span>", null, "", "--", "--", "--", "--", "--", "--", "--", "--", "--", "*", "*", "停站"], ["安徽省", "淮河流域", "<span data-toggle='tooltip' data-placement='right' title='所在地市:阜阳市&#10;所属河流:黑茨河'>张大桥</span>", "02-15 08:00", "Ⅲ", "<span data-toggle='tooltip' data-placement='right' title='原始值：12.6'>12.6</span>", "<span data-toggle='tooltip' data-placement='right' title='原始值：8.23'>8.23</span>", "<span data-toggle='tooltip' data-placement='right' title='原始值：20'>20.00</span>", "<span data-toggle='tooltip' data-placement='right' title='原始值：2166.9'>2166.9</span>", "<span data-toggle='tooltip' data-placement='right' title='原始值：8.39'>8.4</span>", "<span data-toggle='tooltip' data-placement='right' title='原始值：5.57'>5.57</span>", "<span data-toggle='tooltip' data-placement='right' title='原始值：0.03'>0.030</span>", "<span data-toggle='tooltip' data-placement='right' title='原始值：0.069'>0.069</span>", "<span data-toggle='tooltip' data-placement='right' title='原始值：8.779'>8.78</span>", "*", "*", "正常"], ["安徽省", "淮河流域", "<span data-toggle='tooltip' data-placement='right' title='所在地市:阜阳市&#10;所属河流:淮河'>王家坝</span>", "02-15 08:00", "Ⅲ", "<span data-toggle='tooltip' data-placement='right' title='原始值：4.93754'>4.9</span>", "<span data-toggle='tooltip' data-placement='right' title='原始值：7.73477'>7.73</span>", "<span data-toggle='tooltip' data-placement='right' title='原始值：13.87411'>13.87</span>", "<span data-toggle='tooltip' data-placement='right' title='原始值：303.8978'>303.9</span>", "<span data-toggle='tooltip' data-placement='right' title='原始值：13.87424'>13.9</span>", "<span data-toggle='tooltip' data-placement='right' title='原始值：4.72'>4.72</span>", "<span data-toggle='tooltip' data-placement='right' title='原始值：0.299'>0.299</span>", "<span data-toggle='tooltip' data-placement='right' title='原始值：0.05359'>0.054</span>", "<span data-toggle='tooltip' data-placement='right' title='原始值：1.58989'>1.59</span>", "*", "*", "正常"], ["安徽省", "淮河流域", "<span data-toggle='tooltip' data-placement='right' title='所在地市:阜阳市&#10;所属河流:颍河'>界首七渡口(七渡口)</span>", "02-15 08:00", "Ⅲ", "<span data-toggle='tooltip' data-placement='right' title='原始值：10.29425'>10.3</span>", "<span data-toggle='tooltip' data-placement='right' title='原始值：8.14387'>8.14</span>", "<span data-toggle='tooltip' data-placement='right' title='原始值：8.86048'>8.86</span>", "<span data-toggle='tooltip' data-placement='right' title='原始值：895.3831'>895.4</span>", "<span data-toggle='tooltip' data-placement='right' title='原始值：14.32967'>14.3</span>", "<span data-toggle='tooltip' data-placement='right' title='原始值：4.93'>4.93</span>", "<span data-toggle='tooltip' data-placement='right' title='原始值：0.4'>0.400</span>", "<span data-toggle='tooltip' data-placement='right' title='原始值：0.10088'>0.101</span>", "<span data-toggle='tooltip' data-placement='right' title='原始值：7.60962'>7.61</span>", "*", "*", "正常"], ["安徽省", "淮河流域", "<span data-toggle='tooltip' data-placement='right' title='所在地市:阜阳市&#10;所属河流:泉河'>许庄(徐庄)</span>", "02-15 08:00", "Ⅱ", "<span data-toggle='tooltip' data-placement='right' title='原始值：11.1'>11.1</span>", "<span data-toggle='tooltip' data-placement='right' title='原始值：7.82'>7.82</span>", "<span data-toggle='tooltip' data-placement='right' title='原始值：10.41'>10.41</span>", "<span data-toggle='tooltip' data-placement='right' title='原始值：1106.6'>1106.6</span>", "<span data-toggle='tooltip' data-placement='right' title='原始值：12.06'>12.1</span>", "<span data-toggle='tooltip' data-placement='right' title='原始值：3.75'>3.75</span>", "<span data-toggle='tooltip' data-placement='right' title='原始值：0.03'>0.030</span>", "<span data-toggle='tooltip' data-placement='right' title='原始值：0.019'>0.019</span>", "<span data-toggle='tooltip' data-placement='right' title='原始值：3.181'>3.18</span>", "*", "*", "正常"], ["安徽省", "淮河流域", "<span data-toggle='tooltip' data-placement='right' title='所在地市:宿州市&#10;所属河流:奎河'>杨庄</span>", "02-15 08:00", "Ⅲ", "<span data-toggle='tooltip' data-placement='right' title='原始值：12.11'>12.1</span>", "<span data-toggle='tooltip' data-placement='right' title='原始值：7.27'>7.27</span>", "<span data-toggle='tooltip' data-placement='right' title='原始值：9.55'>9.55</span>", "<span data-toggle='tooltip' data-placement='right' title='原始值：1103'>1103.0</span>", "<span data-toggle='tooltip' data-placement='right' title='原始值：51.7'>51.7</span>", "<span data-toggle='tooltip' data-placement='right' title='原始值：5.58'>5.58</span>", "<span data-toggle='tooltip' data-placement='right' title='原始值：0.669'>0.669</span>", "*", "*", "*", "*", "正常"], ["安徽省", "淮河流域", "<span data-toggle='tooltip' data-placement='right' title='所在地市:宿州市&#10;所属河流:新汴河'>泗县公路桥</span>", "02-15 08:00", "Ⅱ", "<span data-toggle='tooltip' data-placement='right' title='原始值：12.3'>12.3</span>", "<span data-toggle='tooltip' data-placement='right' title='原始值：8.28'>8.28</span>", "<span data-toggle='tooltip' data-placement='right' title='原始值：10.12'>10.12</span>", "<span data-toggle='tooltip' data-placement='right' title='原始值：969'>969.0</span>", "<span data-toggle='tooltip' data-placement='right' title='原始值：38.58'>38.6</span>", "<span data-toggle='tooltip' data-placement='right' title='原始值：3.72'>3.72</span>", "<span data-toggle='tooltip' data-placement='right' title='原始值：0.08'>0.080</span>", "*", "*", "*", "*", "正常"], ["安徽省", "淮河流域", "<span data-toggle='tooltip' data-placement='right' title='所在地市:亳州市&#10;所属河流:包河'>颜集</span>", "02-15 08:00", "Ⅲ", "<span data-toggle='tooltip' data-placement='right' title='原始值：11.2'>11.2</span>", "<span data-toggle='tooltip' data-placement='right' title='原始值：8.2'>8.20</span>", "<span data-toggle='tooltip' data-placement='right' title='原始值：10.38'>10.38</span>", "<span data-toggle='tooltip' data-placement='right' title='原始值：1734.4'>1734.4</span>", "<span data-toggle='tooltip' data-placement='right' title='原始值：119.41'>119.4</span>", "<span data-toggle='tooltip' data-placement='right' title='原始值：4.29'>4.29</span>", "<span data-toggle='tooltip' data-placement='right' title='原始值：0.42'>0.420</span>", "<span data-toggle='tooltip' data-placement='right' title='原始值：0.08'>0.080</span>", "<span data-toggle='tooltip' data-placement='right' title='原始值：5.182'>5.18</span>", "*", "*", "正常"], ["福建省", "浙闽片河流", "<span data-toggle='tooltip' data-placement='right' title='所在地市:福州市&#10;所属河流:闽江'>白岩潭</span>", "02-15 04:00", "Ⅲ", "<span data-toggle='tooltip' data-placement='right' title='原始值：16.17'>16.2</span>", "<span data-toggle='tooltip' data-placement='right' title='原始值：7.43'>7.43</span>", "<span data-toggle='tooltip' data-placement='right' title='原始值：7.54'>7.54</span>", "<span data-toggle='tooltip' data-placement='right' title='原始值：5909.8'>5909.8</span>", "<span data-toggle='tooltip' data-placement='right' title='原始值：134.64'>134.6</span>", "<span data-toggle='tooltip' data-placement='right' title='原始值：4.13'>4.13</span>", "<span data-toggle='tooltip' data-placement='right' title='原始值：0.201'>0.201</span>", "*", "*", "*", "*", "正常"], ["江西省", "长江流域", "<span data-toggle='tooltip' data-placement='right' title='所在地市:南昌市&#10;所属河流:赣江南支'>滁槎</span>", "02-15 08:00", "Ⅱ", "<span data-toggle='tooltip' data-placement='right' title='原始值：14.19016'>14.2</span>", "<span data-toggle='tooltip' data-placement='right' title='原始值：6.8896'>6.89</span>", "<span data-toggle='tooltip' data-placement='right' title='原始值：7.72067'>7.72</span>", "<span data-toggle='tooltip' data-placement='right' title='原始值：215.9572'>216.0</span>", "<span data-toggle='tooltip' data-placement='right' title='原始值：42.4698'>42.5</span>", "<span data-toggle='tooltip' data-placement='right' title='原始值：2.31'>2.31</span>", "<span data-toggle='tooltip' data-placement='right' title='原始值：0.38'>0.380</span>", "<span data-toggle='tooltip' data-placement='right' title='原始值：0.063'>0.063</span>", "<span data-toggle='tooltip' data-placement='right' title='原始值：1.6475'>1.65</span>", "*", "*", "正常"], ["江西省", "长江流域", "<span data-toggle='tooltip' data-placement='right' title='所在地市:九江市&#10;所属河流:长江'>姚港(河西水厂)</span>", "02-15 08:00", "", "<span data-toggle='tooltip' data-placement='right' title='原始值：13.08'>13.1</span>", "<span data-toggle='tooltip' data-placement='right' title='原始值：7.65'>7.65</span>", "<span data-toggle='tooltip' data-placement='right' title='原始值：9.52'>9.52</span>", "<span data-toggle='tooltip' data-placement='right' title='原始值：370.36'>370.4</span>", "<span data-toggle='tooltip' data-placement='right' title='原始值：25.41'>25.4</span>", "<span data-toggle='tooltip' data-placement='right' title='原始值：1.384'>1.38</span>", "<span data-toggle='tooltip' data-placement='right' title='原始值：0.039'>0.039</span>", "<span data-toggle='tooltip' data-placement='right' title='原始值：0.05'>0.050</span>", "<span data-toggle='tooltip' data-placement='right' title='原始值：2.01'>2.01</span>", "*", "*", "维护"], ["江西省", "长江流域", "<span data-toggle='tooltip' data-placement='right' title='所在地市:九江市&#10;所属河流:鄱阳湖'>蛤蟆石</span>", "02-15 08:00", "Ⅲ", "<span data-toggle='tooltip' data-placement='right' title='原始值：13.11'>13.1</span>", "<span data-toggle='tooltip' data-placement='right' title='原始值：7.39'>7.39</span>", "<span data-toggle='tooltip' data-placement='right' title='原始值：9.44'>9.44</span>", "<span data-toggle='tooltip' data-placement='right' title='原始值：219.24'>219.2</span>", "<span data-toggle='tooltip' data-placement='right' title='原始值：5.07'>5.1</span>", "<span data-toggle='tooltip' data-placement='right' title='原始值：1.719'>1.72</span>", "<span data-toggle='tooltip' data-placement='right' title='原始值：0.137'>0.137</span>", "<span data-toggle='tooltip' data-placement='right' title='原始值：0.0367'>0.037</span>", "<span data-toggle='tooltip' data-placement='right' title='原始值：2.251'>2.25</span>", "<span data-toggle='tooltip' data-placement='right' title='原始值：0.00329'>0.003</span>", "<span data-toggle='tooltip' data-placement='right' title='原始值：1394603'>1394603</span>", "正常"], ["山东省", "黄河流域", "<span data-toggle='tooltip' data-placement='right' title='所在地市:济南市&#10;所属河流:黄河'>泺口</span>", "02-15 08:00", "", "<span data-toggle='tooltip' data-placement='right' title='原始值：8.90045'>8.9</span>", "<span data-toggle='tooltip' data-placement='right' title='原始值：8.38966'>8.39</span>", "<span data-toggle='tooltip' data-placement='right' title='原始值：11.7623'>11.76</span>", "<span data-toggle='tooltip' data-placement='right' title='原始值：1037.23'>1037.2</span>", "<span data-toggle='tooltip' data-placement='right' title='原始值：235.672'>235.7</span>", "<span data-toggle='tooltip' data-placement='right' title='原始值：2.17'>2.17</span>", "<span data-toggle='tooltip' data-placement='right' title='原始值：0.16777'>0.168</span>", "<span data-toggle='tooltip' data-placement='right' title='极值过滤'>--</span>", "<span data-toggle='tooltip' data-placement='right' title='原始值：3.966'>3.97</span>", "*", "*", "维护"], ["山东省", "淮河流域", "<span data-toggle='tooltip' data-placement='right' title='所在地市:枣庄市&#10;所属河流:京杭大运河（韩庄运河）'>台儿庄大桥</span>", "02-15 08:00", "Ⅲ", "<span data-toggle='tooltip' data-placement='right' title='原始值：8.21001'>8.2</span>", "<span data-toggle='tooltip' data-placement='right' title='原始值：8.14633'>8.15</span>", "<span data-toggle='tooltip' data-placement='right' title='原始值：10.79962'>10.80</span>", "<span data-toggle='tooltip' data-placement='right' title='原始值：819.9526'>820.0</span>", "<span data-toggle='tooltip' data-placement='right' title='原始值：18.21108'>18.2</span>", "<span data-toggle='tooltip' data-placement='right' title='原始值：4.11381'>4.11</span>", "<span data-toggle='tooltip' data-placement='right' title='原始值：0.0901'>0.090</span>", "<span data-toggle='tooltip' data-placement='right' title='原始值：0.0498'>0.050</span>", "<span data-toggle='tooltip' data-placement='right' title='原始值：3.17752'>3.18</span>", "*", "*", "正常"], ["山东省", "淮河流域", "<span data-toggle='tooltip' data-placement='right' title='所在地市:临沂市&#10;所属河流:沭河'>清泉寺</span>", "02-15 08:00", "Ⅲ", "<span data-toggle='tooltip' data-placement='right' title='原始值：10.64747'>10.6</span>", "<span data-toggle='tooltip' data-placement='right' title='原始值：7.61635'>7.62</span>", "<span data-toggle='tooltip' data-placement='right' title='原始值：8.83507'>8.84</span>", "<span data-toggle='tooltip' data-placement='right' title='原始值：1303.736'>1303.7</span>", "<span data-toggle='tooltip' data-placement='right' title='原始值：8.36984'>8.4</span>", "<span data-toggle='tooltip' data-placement='right' title='原始值：5.19'>5.19</span>", "<span data-toggle='tooltip' data-placement='right' title='原始值：0.17'>0.170</span>", "*", "*", "*", "*", "正常"], ["山东省", "淮河流域", "<span data-toggle='tooltip' data-placement='right' title='所在地市:临沂市&#10;所属河流:沂河'>重坊桥</span>", "02-15 08:00", "Ⅱ", "<span data-toggle='tooltip' data-placement='right' title='原始值：9.14722'>9.1</span>", "<span data-toggle='tooltip' data-placement='right' title='原始值：7.70093'>7.70</span>", "<span data-toggle='tooltip' data-placement='right' title='原始值：10.37092'>10.37</span>", "<span data-toggle='tooltip' data-placement='right' title='原始值：913.3704'>913.4</span>", "<span data-toggle='tooltip' data-placement='right' title='原始值：14.21482'>14.2</span>", "<span data-toggle='tooltip' data-placement='right' title='原始值：3.94'>3.94</span>", "<span data-toggle='tooltip' data-placement='right' title='原始值：0.21734'>0.217</span>", "*", "*", "*", "*", "正常"], ["山东省", "淮河流域", "<span data-toggle='tooltip' data-placement='right' title='所在地市:临沂市&#10;所属河流:白马河'>捷庄(涝沟桥)</span>", "02-15 08:00", "Ⅲ", "<span data-toggle='tooltip' data-placement='right' title='原始值：11'>11.0</span>", "<span data-toggle='tooltip' data-placement='right' title='原始值：7.7425'>7.74</span>", "<span data-toggle='tooltip' data-placement='right' title='原始值：11.45734'>11.46</span>", "<span data-toggle='tooltip' data-placement='right' title='原始值：921.4958'>921.5</span>", "<span data-toggle='tooltip' data-placement='right' title='原始值：6.4246'>6.4</span>", "<span data-toggle='tooltip' data-placement='right' title='原始值：4.65'>4.65</span>", "<span data-toggle='tooltip' data-placement='right' title='原始值：0.03764'>0.038</span>", "<span data-toggle='tooltip' data-placement='right' title='原始值：0.06171'>0.062</span>", "<span data-toggle='tooltip' data-placement='right' title='原始值：5.88288'>5.88</span>", "*", "*", "正常"], ["山东省", "海河流域", "<span data-toggle='tooltip' data-placement='right' title='所在地市:聊城市&#10;所属河流:卫运河'>秤勾湾(秤钩湾)</span>", null, "", "--", "--", "--", "--", "--", "--", "--", "--", "--", "*", "*", "停站"], ["河南省", "长江流域", "<span data-toggle='tooltip' data-placement='right' title='所在地市:南阳市&#10;所属河流:丹江口水库'>陶岔</span>", "02-15 08:00", "Ⅱ", "<span data-toggle='tooltip' data-placement='right' title='原始值：17.5'>17.5</span>", "<span data-toggle='tooltip' data-placement='right' title='原始值：7.95754'>7.96</span>", "<span data-toggle='tooltip' data-placement='right' title='原始值：8.49686'>8.50</span>", "<span data-toggle='tooltip' data-placement='right' title='原始值：263.0941'>263.1</span>", "<span data-toggle='tooltip' data-placement='right' title='原始值：2.46022'>2.5</span>", "<span data-toggle='tooltip' data-placement='right' title='原始值：2.5'>2.50</span>", "<span data-toggle='tooltip' data-placement='right' title='原始值：0.03286'>0.033</span>", "<span data-toggle='tooltip' data-placement='right' title='原始值：0.01042'>0.010</span>", "<span data-toggle='tooltip' data-placement='right' title='原始值：1.0568'>1.06</span>", "<span data-toggle='tooltip' data-placement='right' title='原始值：0.00497'>0.005</span>", "<span data-toggle='tooltip' data-placement='right' title='原始值：337034.7'>337035</span>", "正常"], ["河南省", "淮河流域", "<span data-toggle='tooltip' data-placement='right' title='所在地市:商丘市&#10;所属河流:浍河'>黄口</span>", "02-15 08:00", "Ⅲ", "<span data-toggle='tooltip' data-placement='right' title='原始值：10.2'>10.2</span>", "<span data-toggle='tooltip' data-placement='right' title='原始值：7.59'>7.59</span>", "<span data-toggle='tooltip' data-placement='right' title='原始值：9.73937'>9.74</span>", "<span data-toggle='tooltip' data-placement='right' title='原始值：1567.969'>1568.0</span>", "<span data-toggle='tooltip' data-placement='right' title='原始值：40.29276'>40.3</span>", "<span data-toggle='tooltip' data-placement='right' title='原始值：4.24'>4.24</span>", "<span data-toggle='tooltip' data-placement='right' title='原始值：0.04518'>0.045</span>", "<span data-toggle='tooltip' data-placement='right' title='原始值：0.0793'>0.079</span>", "<span data-toggle='tooltip' data-placement='right' title='原始值：4.50652'>4.51</span>", "*", "*", "正常"], ["河南省", "淮河流域", "<span data-toggle='tooltip' data-placement='right' title='所在地市:信阳市&#10;所属河流:史灌河'>蒋集</span>", null, "", "--", "--", "--", "--", "--", "--", "--", "*", "*", "*", "*", "维护"], ["河南省", "淮河流域", "<span data-toggle='tooltip' data-placement='right' title='所在地市:信阳市&#10;所属河流:淮河'>息县大埠口</span>", null, "", "*", "--", "*", "*", "*", "*", "*", "*", "*", "*", "*", "维护"], ["河南省", "淮河流域", "<span data-toggle='tooltip' data-placement='right' title='所在地市:信阳市&#10;所属河流:淮河'>淮滨水文站(淮滨)</span>", "02-15 08:00", "Ⅱ", "<span data-toggle='tooltip' data-placement='right' title='原始值：12.6'>12.6</span>", "<span data-toggle='tooltip' data-placement='right' title='原始值：7.63'>7.63</span>", "<span data-toggle='tooltip' data-placement='right' title='原始值：12.09999'>12.10</span>", "<span data-toggle='tooltip' data-placement='right' title='原始值：344'>344.0</span>", "<span data-toggle='tooltip' data-placement='right' title='原始值：42.95887'>43.0</span>", "<span data-toggle='tooltip' data-placement='right' title='原始值：3.85666'>3.86</span>", "<span data-toggle='tooltip' data-placement='right' title='原始值：0.053'>0.053</span>", "<span data-toggle='tooltip' data-placement='right' title='原始值：0.06469'>0.065</span>", "<span data-toggle='tooltip' data-placement='right' title='原始值：1.97799'>1.98</span>", "*", "*", "正常"], ["河南省", "淮河流域", "<span data-toggle='tooltip' data-placement='right' title='所在地市:周口市&#10;所属河流:沙河'>沈丘闸</span>", "02-15 08:00", "Ⅲ", "<span data-toggle='tooltip' data-placement='right' title='原始值：10.18151'>10.2</span>", "<span data-toggle='tooltip' data-placement='right' title='原始值：7.66592'>7.67</span>", "<span data-toggle='tooltip' data-placement='right' title='原始值：8.77016'>8.77</span>", "<span data-toggle='tooltip' data-placement='right' title='原始值：1052'>1052.0</span>", "<span data-toggle='tooltip' data-placement='right' title='原始值：9.38784'>9.4</span>", "<span data-toggle='tooltip' data-placement='right' title='原始值：4.52507'>4.53</span>", "<span data-toggle='tooltip' data-placement='right' title='原始值：0.77'>0.770</span>", "*", "*", "*", "*", "正常"], ["河南省", "淮河流域", "<span data-toggle='tooltip' data-placement='right' title='所在地市:周口市&#10;所属河流:涡河'>鹿邑付桥(鹿邑付桥闸)</span>", null, "", "--", "--", "--", "--", "--", "--", "--", "--", "--", "*", "*", "停站"], ["河南省", "淮河流域", "<span data-toggle='tooltip' data-placement='right' title='所在地市:驻马店市&#10;所属河流:洪河'>新蔡班台(班台)</span>", "02-15 08:00", "Ⅱ", "<span data-toggle='tooltip' data-placement='right' title='原始值：16.06911'>16.1</span>", "<span data-toggle='tooltip' data-placement='right' title='原始值：7.1437'>7.14</span>", "<span data-toggle='tooltip' data-placement='right' title='原始值：10.30921'>10.31</span>", "<span data-toggle='tooltip' data-placement='right' title='原始值：605.5012'>605.5</span>", "<span data-toggle='tooltip' data-placement='right' title='原始值：25.44829'>25.4</span>", "<span data-toggle='tooltip' data-placement='right' title='原始值：3.555'>3.56</span>", "<span data-toggle='tooltip' data-placement='right' title='原始值：0.4'>0.400</span>", "<span data-toggle='tooltip' data-placement='right' title='原始值：0.06666'>0.067</span>", "<span data-toggle='tooltip' data-placement='right' title='原始值：5.25388'>5.25</span>", "*", "*", "正常"], ["河南省", "黄河流域", "<span data-toggle='tooltip' data-placement='right' title='所在地市:济源市&#10;所属河流:黄河'>小浪底水库(小浪底)</span>", "02-15 08:00", "Ⅱ", "<span data-toggle='tooltip' data-placement='right' title='原始值：5.55202'>5.6</span>", "<span data-toggle='tooltip' data-placement='right' title='原始值：8.28331'>8.28</span>", "<span data-toggle='tooltip' data-placement='right' title='原始值：14.81269'>14.81</span>", "<span data-toggle='tooltip' data-placement='right' title='原始值：871.8109'>871.8</span>", "<span data-toggle='tooltip' data-placement='right' title='原始值：5.73803'>5.7</span>", "<span data-toggle='tooltip' data-placement='right' title='原始值：1.6925'>1.69</span>", "<span data-toggle='tooltip' data-placement='right' title='原始值：0.28'>0.280</span>", "<span data-toggle='tooltip' data-placement='right' title='原始值：0.039'>0.039</span>", "<span data-toggle='tooltip' data-placement='right' title='原始值：4.1025'>4.10</span>", "*", "*", "正常"], ["湖北省", "长江流域", "<span data-toggle='tooltip' data-placement='right' title='所在地市:武汉市&#10;所属河流:汉江'>宗关</span>", "02-15 08:00", "Ⅱ", "<span data-toggle='tooltip' data-placement='right' title='原始值：13.61'>13.6</span>", "<span data-toggle='tooltip' data-placement='right' title='原始值：7.828907'>7.83</span>", "<span data-toggle='tooltip' data-placement='right' title='原始值：10.4073'>10.41</span>", "<span data-toggle='tooltip' data-placement='right' title='原始值：312.0187'>312.0</span>", "<span data-toggle='tooltip' data-placement='right' title='原始值：14.98444'>15.0</span>", "<span data-toggle='tooltip' data-placement='right' title='原始值：1.89'>1.89</span>", "<span data-toggle='tooltip' data-placement='right' title='原始值：0.073'>0.073</span>", "<span data-toggle='tooltip' data-placement='right' title='原始值：0.057'>0.057</span>", "<span data-toggle='tooltip' data-placement='right' title='原始值：2.332341'>2.33</span>", "<span data-toggle='tooltip' data-placement='right' title='原始值：0.0053438'>0.005</span>", "*", "正常"], ["湖北省", "长江流域", "<span data-toggle='tooltip' data-placement='right' title='所在地市:十堰市&#10;所属河流:丹江口水库'>坝上中(胡家岭)</span>", "02-15 08:00", "Ⅱ", "<span data-toggle='tooltip' data-placement='right' title='原始值：11.87'>11.9</span>", "<span data-toggle='tooltip' data-placement='right' title='原始值：8.046534'>8.05</span>", "<span data-toggle='tooltip' data-placement='right' title='原始值：10.86834'>10.87</span>", "<span data-toggle='tooltip' data-placement='right' title='原始值：273.373'>273.4</span>", "<span data-toggle='tooltip' data-placement='right' title='原始值：3.038562'>3.0</span>", "<span data-toggle='tooltip' data-placement='right' title='原始值：2.41'>2.41</span>", "<span data-toggle='tooltip' data-placement='right' title='原始值：0.073'>0.073</span>", "<span data-toggle='tooltip' data-placement='right' title='原始值：0.003'>0.003</span>", "<span data-toggle='tooltip' data-placement='right' title='原始值：1.315'>1.32</span>", "<span data-toggle='tooltip' data-placement='right' title='原始值：0.023241'>0.023</span>", "<span data-toggle='tooltip' data-placement='right' title='原始值：8606000'>8606000</span>", "正常"], ["湖北省", "长江流域", "<span data-toggle='tooltip' data-placement='right' title='所在地市:宜昌市&#10;所属河流:长江'>南津关</span>", "02-15 08:00", "Ⅱ", "<span data-toggle='tooltip' data-placement='right' title='原始值：13.17'>13.2</span>", "<span data-toggle='tooltip' data-placement='right' title='原始值：7.961769'>7.96</span>", "<span data-toggle='tooltip' data-placement='right' title='原始值：9.379889'>9.38</span>", "<span data-toggle='tooltip' data-placement='right' title='原始值：401.262'>401.3</span>", "<span data-toggle='tooltip' data-placement='right' title='原始值：3.762104'>3.8</span>", "<span data-toggle='tooltip' data-placement='right' title='原始值：1.2'>1.20</span>", "<span data-toggle='tooltip' data-placement='right' title='原始值：0.092'>0.092</span>", "<span data-toggle='tooltip' data-placement='right' title='原始值：0.054'>0.054</span>", "<span data-toggle='tooltip' data-placement='right' title='原始值：1.705'>1.70</span>", "<span data-toggle='tooltip' data-placement='right' title='原始值：0.0325929'>0.033</span>", "*", "正常"], ["湖南省", "长江流域", "<span data-toggle='tooltip' data-placement='right' title='所在地市:长沙市&#10;所属河流:湘江'>新港</span>", "02-15 08:00", "Ⅱ", "<span data-toggle='tooltip' data-placement='right' title='原始值：13.04'>13.0</span>", "<span data-toggle='tooltip' data-placement='right' title='原始值：7.16'>7.16</span>", "<span data-toggle='tooltip' data-placement='right' title='原始值：9.28'>9.28</span>", "<span data-toggle='tooltip' data-placement='right' title='原始值：290.91'>290.9</span>", "<span data-toggle='tooltip' data-placement='right' title='原始值：15.14'>15.1</span>", "<span data-toggle='tooltip' data-placement='right' title='原始值：2.8'>2.80</span>", "<span data-toggle='tooltip' data-placement='right' title='原始值：0.2'>0.200</span>", "<span data-toggle='tooltip' data-placement='right' title='原始值：0.022'>0.022</span>", "<span data-toggle='tooltip' data-placement='right' title='原始值：2.09'>2.09</span>", "*", "*", "正常"], ["湖南省", "长江流域", "<span data-toggle='tooltip' data-placement='right' title='所在地市:岳阳市&#10;所属河流:洞庭湖'>岳阳楼</span>", "02-15 08:00", "Ⅳ", "<span data-toggle='tooltip' data-placement='right' title='原始值：12.04'>12.0</span>", "<span data-toggle='tooltip' data-placement='right' title='原始值：7.913167'>7.91</span>", "<span data-toggle='tooltip' data-placement='right' title='原始值：9.261918'>9.26</span>", "<span data-toggle='tooltip' data-placement='right' title='原始值：276.0273'>276.0</span>", "<span data-toggle='tooltip' data-placement='right' title='原始值：40.0618'>40.1</span>", "<span data-toggle='tooltip' data-placement='right' title='原始值：1.79'>1.79</span>", "<span data-toggle='tooltip' data-placement='right' title='原始值：0.009'>0.009</span>", "<span data-toggle='tooltip' data-placement='right' title='原始值：0.092'>0.092</span>", "<span data-toggle='tooltip' data-placement='right' title='原始值：3.092'>3.09</span>", "<span data-toggle='tooltip' data-placement='right' title='原始值：0.0029844'>0.003</span>", "<span data-toggle='tooltip' data-placement='right' title='原始值：236.92'>237</span>", "正常"], ["湖南省", "长江流域", "<span data-toggle='tooltip' data-placement='right' title='所在地市:岳阳市&#10;所属河流:长江'>城陵矶</span>", "02-15 08:00", "Ⅱ", "<span data-toggle='tooltip' data-placement='right' title='原始值：13.19'>13.2</span>", "<span data-toggle='tooltip' data-placement='right' title='原始值：7.614191'>7.61</span>", "<span data-toggle='tooltip' data-placement='right' title='原始值：10.72044'>10.72</span>", "<span data-toggle='tooltip' data-placement='right' title='原始值：286.42'>286.4</span>", "<span data-toggle='tooltip' data-placement='right' title='原始值：44.76253'>44.8</span>", "<span data-toggle='tooltip' data-placement='right' title='原始值：2.23'>2.23</span>", "<span data-toggle='tooltip' data-placement='right' title='原始值：0.008'>0.008</span>", "<span data-toggle='tooltip' data-placement='right' title='原始值：0.083'>0.083</span>", "<span data-toggle='tooltip' data-placement='right' title='原始值：1.8928'>1.89</span>", "*", "*", "正常"], ["广东省", "珠江流域", "<span data-toggle='tooltip' data-placement='right' title='所在地市:清远市&#10;所属河流:北江'>七星岗</span>", "02-15 08:00", "Ⅱ", "<span data-toggle='tooltip' data-placement='right' title='原始值：19.66574'>19.7</span>", "<span data-toggle='tooltip' data-placement='right' title='原始值：7.18339'>7.18</span>", "<span data-toggle='tooltip' data-placement='right' title='原始值：7.85247'>7.85</span>", "<span data-toggle='tooltip' data-placement='right' title='原始值：283.3398'>283.3</span>", "<span data-toggle='tooltip' data-placement='right' title='原始值：8.65623'>8.7</span>", "<span data-toggle='tooltip' data-placement='right' title='原始值：2.35'>2.35</span>", "<span data-toggle='tooltip' data-placement='right' title='原始值：0.13962'>0.140</span>", "<span data-toggle='tooltip' data-placement='right' title='原始值：0.03201'>0.032</span>", "<span data-toggle='tooltip' data-placement='right' title='原始值：1.6579'>1.66</span>", "*", "*", "正常"], ["广东省", "珠江流域", "<span data-toggle='tooltip' data-placement='right' title='所在地市:中山市&#10;所属河流:西江'>横栏</span>", "02-15 08:00", "Ⅰ", "<span data-toggle='tooltip' data-placement='right' title='原始值：19.9'>19.9</span>", "<span data-toggle='tooltip' data-placement='right' title='原始值：7.63'>7.63</span>", "<span data-toggle='tooltip' data-placement='right' title='原始值：8.2'>8.20</span>", "<span data-toggle='tooltip' data-placement='right' title='原始值：324'>324.0</span>", "<span data-toggle='tooltip' data-placement='right' title='原始值：11.7'>11.7</span>", "<span data-toggle='tooltip' data-placement='right' title='原始值：1.76'>1.76</span>", "<span data-toggle='tooltip' data-placement='right' title='原始值：0.002'>0.002</span>", "*", "*", "*", "*", "正常"], ["广西壮族自治区", "珠江流域", "<span data-toggle='tooltip' data-placement='right' title='所在地市:南宁市&#10;所属河流:邕江'>老口</span>", "02-15 08:00", "Ⅰ", "<span data-toggle='tooltip' data-placement='right' title='原始值：19.25864'>19.3</span>", "<span data-toggle='tooltip' data-placement='right' title='原始值：7.93349'>7.93</span>", "<span data-toggle='tooltip' data-placement='right' title='原始值：9.36414'>9.36</span>", "<span data-toggle='tooltip' data-placement='right' title='原始值：320.0189'>320.0</span>", "<span data-toggle='tooltip' data-placement='right' title='原始值：4.55688'>4.6</span>", "<span data-toggle='tooltip' data-placement='right' title='原始值：1.258'>1.26</span>", "<span data-toggle='tooltip' data-placement='right' title='原始值：0.11856'>0.119</span>", "<span data-toggle='tooltip' data-placement='right' title='原始值：0.01532'>0.015</span>", "<span data-toggle='tooltip' data-placement='right' title='原始值：1.41136'>1.41</span>", "*", "*", "正常"], ["广西壮族自治区", "珠江流域", "<span data-toggle='tooltip' data-placement='right' title='所在地市:桂林市&#10;所属河流:漓江'>阳朔</span>", null, "", "--", "--", "--", "--", "--", "--", "--", "--", "--", "*", "*", "停站"], ["广西壮族自治区", "珠江流域", "<span data-toggle='tooltip' data-placement='right' title='所在地市:梧州市&#10;所属河流:浔江'>界首</span>", null, "", "--", "--", "--", "--", "--", "--", "--", "--", "--", "*", "*", "停站"], ["广西壮族自治区", "珠江流域", "<span data-toggle='tooltip' data-placement='right' title='所在地市:贵港市&#10;所属河流:浔江'>石嘴</span>", "02-15 08:00", "Ⅰ", "<span data-toggle='tooltip' data-placement='right' title='原始值：20.40543'>20.4</span>", "<span data-toggle='tooltip' data-placement='right' title='原始值：8.0006'>8.00</span>", "<span data-toggle='tooltip' data-placement='right' title='原始值：8.58581'>8.59</span>", "<span data-toggle='tooltip' data-placement='right' title='原始值：318.0463'>318.0</span>", "<span data-toggle='tooltip' data-placement='right' title='原始值：5.42357'>5.4</span>", "<span data-toggle='tooltip' data-placement='right' title='原始值：0.85'>0.85</span>", "<span data-toggle='tooltip' data-placement='right' title='原始值：0.14'>0.140</span>", "<span data-toggle='tooltip' data-placement='right' title='原始值：0.00889'>0.009</span>", "<span data-toggle='tooltip' data-placement='right' title='原始值：2.1521'>2.15</span>", "*", "*", "正常"], ["广西壮族自治区", "珠江流域", "<span data-toggle='tooltip' data-placement='right' title='所在地市:崇左市&#10;所属河流:平而河'>平而关</span>", "02-15 08:00", "Ⅰ", "<span data-toggle='tooltip' data-placement='right' title='原始值：19.92588'>19.9</span>", "<span data-toggle='tooltip' data-placement='right' title='原始值：8.08732'>8.09</span>", "<span data-toggle='tooltip' data-placement='right' title='原始值：9.12096'>9.12</span>", "<span data-toggle='tooltip' data-placement='right' title='原始值：244.4238'>244.4</span>", "<span data-toggle='tooltip' data-placement='right' title='原始值：15.42463'>15.4</span>", "<span data-toggle='tooltip' data-placement='right' title='原始值：1.39'>1.39</span>", "<span data-toggle='tooltip' data-placement='right' title='原始值：0.05'>0.050</span>", "*", "*", "*", "*", "正常"], ["重庆市", "长江流域", "<span data-toggle='tooltip' data-placement='right' title='所在地市:永川区&#10;所属河流:长江'>朱沱</span>", "02-15 08:00", "", "<span data-toggle='tooltip' data-placement='right' title='原始值：16.26'>16.3</span>", "<span data-toggle='tooltip' data-placement='right' title='原始值：7.75'>7.75</span>", "<span data-toggle='tooltip' data-placement='right' title='原始值：9.61'>9.61</span>", "<span data-toggle='tooltip' data-placement='right' title='极值过滤'>--</span>", "<span data-toggle='tooltip' data-placement='right' title='原始值：400'>400.0</span>", "--", "--", "--", "--", "*", "*", "维护"], ["四川省", "长江流域", "<span data-toggle='tooltip' data-placement='right' title='所在地市:攀枝花市&#10;所属河流:金沙江'>龙洞</span>", "02-15 08:00", "Ⅰ", "<span data-toggle='tooltip' data-placement='right' title='原始值：12.25'>12.2</span>", "<span data-toggle='tooltip' data-placement='right' title='原始值：8.369239'>8.37</span>", "<span data-toggle='tooltip' data-placement='right' title='原始值：9.041163'>9.04</span>", "<span data-toggle='tooltip' data-placement='right' title='原始值：838.614'>838.6</span>", "<span data-toggle='tooltip' data-placement='right' title='原始值：2.235434'>2.2</span>", "<span data-toggle='tooltip' data-placement='right' title='原始值：0.71'>0.71</span>", "<span data-toggle='tooltip' data-placement='right' title='原始值：0.019'>0.019</span>", "<span data-toggle='tooltip' data-placement='right' title='原始值：0.0065416'>0.007</span>", "<span data-toggle='tooltip' data-placement='right' title='原始值：3.040308'>3.04</span>", "*", "*", "正常"], ["四川省", "长江流域", "<span data-toggle='tooltip' data-placement='right' title='所在地市:泸州市&#10;所属河流:沱江'>沱江大桥(沱江二桥)</span>", "02-15 08:00", "Ⅱ", "<span data-toggle='tooltip' data-placement='right' title='原始值：14.22'>14.2</span>", "<span data-toggle='tooltip' data-placement='right' title='原始值：8.230485'>8.23</span>", "<span data-toggle='tooltip' data-placement='right' title='原始值：10.36642'>10.37</span>", "<span data-toggle='tooltip' data-placement='right' title='原始值：626.7702'>626.8</span>", "<span data-toggle='tooltip' data-placement='right' title='原始值：9.581572'>9.6</span>", "<span data-toggle='tooltip' data-placement='right' title='原始值：2.73'>2.73</span>", "<span data-toggle='tooltip' data-placement='right' title='原始值：0.015'>0.015</span>", "<span data-toggle='tooltip' data-placement='right' title='原始值：0.0912797'>0.091</span>", "<span data-toggle='tooltip' data-placement='right' title='原始值：3.92674'>3.93</span>", "*", "*", "正常"], ["四川省", "长江流域", "<span data-toggle='tooltip' data-placement='right' title='所在地市:广元市&#10;所属河流:嘉陵江'>清风峡</span>", "02-15 08:00", "Ⅱ", "<span data-toggle='tooltip' data-placement='right' title='原始值：9.42501'>9.4</span>", "<span data-toggle='tooltip' data-placement='right' title='原始值：8.28159'>8.28</span>", "<span data-toggle='tooltip' data-placement='right' title='原始值：12.02742'>12.03</span>", "<span data-toggle='tooltip' data-placement='right' title='原始值：427.1945'>427.2</span>", "<span data-toggle='tooltip' data-placement='right' title='原始值：16.325'>16.3</span>", "<span data-toggle='tooltip' data-placement='right' title='原始值：0.5'>0.50</span>", "<span data-toggle='tooltip' data-placement='right' title='原始值：0.18327'>0.183</span>", "*", "*", "*", "*", "正常"], ["四川省", "长江流域", "<span data-toggle='tooltip' data-placement='right' title='所在地市:乐山市&#10;所属河流:岷江'>岷江大桥</span>", null, "", "--", "--", "--", "--", "--", "--", "--", "--", "--", "*", "*", "停站"], ["四川省", "长江流域", "<span data-toggle='tooltip' data-placement='right' title='所在地市:宜宾市&#10;所属河流:岷江'>凉姜沟</span>", null, "", "--", "--", "--", "--", "--", "--", "--", "--", "--", "*", "*", "维护"], ["云南省", "滇池流域", "<span data-toggle='tooltip' data-placement='right' title='所在地市:昆明市&#10;所属河流:滇池'>西苑隧道</span>", "02-15 08:00", "Ⅲ", "<span data-toggle='tooltip' data-placement='right' title='原始值：14.28'>14.3</span>", "<span data-toggle='tooltip' data-placement='right' title='原始值：8.06077'>8.06</span>", "<span data-toggle='tooltip' data-placement='right' title='原始值：9.61'>9.61</span>", "<span data-toggle='tooltip' data-placement='right' title='原始值：651.443'>651.4</span>", "<span data-toggle='tooltip' data-placement='right' title='原始值：18.278'>18.3</span>", "<span data-toggle='tooltip' data-placement='right' title='原始值：4.34397'>4.34</span>", "<span data-toggle='tooltip' data-placement='right' title='原始值：0.06164'>0.062</span>", "<span data-toggle='tooltip' data-placement='right' title='原始值：0.0443'>0.044</span>", "<span data-toggle='tooltip' data-placement='right' title='原始值：4.91699'>4.92</span>", "<span data-toggle='tooltip' data-placement='right' title='原始值：0.00283'>0.003</span>", "<span data-toggle='tooltip' data-placement='right' title='原始值：4689538'>4689538</span>", "正常"], ["云南省", "滇池流域", "<span data-toggle='tooltip' data-placement='right' title='所在地市:昆明市&#10;所属河流:滇池'>观音山</span>", "02-15 08:00", "Ⅲ", "<span data-toggle='tooltip' data-placement='right' title='原始值：12.52102'>12.5</span>", "<span data-toggle='tooltip' data-placement='right' title='原始值：8.51278'>8.51</span>", "<span data-toggle='tooltip' data-placement='right' title='原始值：8.459'>8.46</span>", "<span data-toggle='tooltip' data-placement='right' title='原始值：449.348'>449.3</span>", "<span data-toggle='tooltip' data-placement='right' title='原始值：31.563'>31.6</span>", "<span data-toggle='tooltip' data-placement='right' title='原始值：5.69756'>5.70</span>", "<span data-toggle='tooltip' data-placement='right' title='原始值：0.79'>0.790</span>", "<span data-toggle='tooltip' data-placement='right' title='原始值：0.0492'>0.049</span>", "<span data-toggle='tooltip' data-placement='right' title='原始值：1.462'>1.46</span>", "<span data-toggle='tooltip' data-placement='right' title='原始值：0.01446'>0.014</span>", "<span data-toggle='tooltip' data-placement='right' title='原始值：1.769119E+07'>17691190</span>", "正常"], ["云南省", "西南诸河", "<span data-toggle='tooltip' data-placement='right' title='所在地市:红河哈尼族彝族自治州&#10;所属河流:红河'>河口县医院(河口)</span>", "02-15 08:00", "Ⅱ", "<span data-toggle='tooltip' data-placement='right' title='原始值：20.03491'>20.0</span>", "<span data-toggle='tooltip' data-placement='right' title='原始值：8.09386'>8.09</span>", "<span data-toggle='tooltip' data-placement='right' title='原始值：8.54242'>8.54</span>", "<span data-toggle='tooltip' data-placement='right' title='原始值：262.7446'>262.7</span>", "<span data-toggle='tooltip' data-placement='right' title='原始值：11.25346'>11.3</span>", "<span data-toggle='tooltip' data-placement='right' title='原始值：0.28143'>0.28</span>", "<span data-toggle='tooltip' data-placement='right' title='原始值：0.02014'>0.020</span>", "<span data-toggle='tooltip' data-placement='right' title='原始值：0.03372'>0.034</span>", "<span data-toggle='tooltip' data-placement='right' title='原始值：1.48545'>1.49</span>", "*", "*", "正常"], ["云南省", "西南诸河", "<span data-toggle='tooltip' data-placement='right' title='所在地市:西双版纳傣族自治州&#10;所属河流:澜沧江'>橄榄坝</span>", null, "", "--", "--", "--", "--", "--", "--", "--", "*", "*", "*", "*", "维护"], ["陕西省", "黄河流域", "<span data-toggle='tooltip' data-placement='right' title='所在地市:渭南市&#10;所属河流:渭河'>潼关吊桥</span>", "02-15 08:00", "Ⅲ", "<span data-toggle='tooltip' data-placement='right' title='原始值：9.20002'>9.2</span>", "<span data-toggle='tooltip' data-placement='right' title='原始值：8.47992'>8.48</span>", "<span data-toggle='tooltip' data-placement='right' title='原始值：10.90492'>10.90</span>", "<span data-toggle='tooltip' data-placement='right' title='原始值：1404.008'>1404.0</span>", "<span data-toggle='tooltip' data-placement='right' title='原始值：105.6776'>105.7</span>", "<span data-toggle='tooltip' data-placement='right' title='原始值：5.22'>5.22</span>", "<span data-toggle='tooltip' data-placement='right' title='原始值：0.41'>0.410</span>", "<span data-toggle='tooltip' data-placement='right' title='原始值：0.10748'>0.107</span>", "<span data-toggle='tooltip' data-placement='right' title='原始值：7.68136'>7.68</span>", "*", "*", "正常"]]}