{"result": 1, "total": 2, "records": 100, "thead": ["省份", "流域", "断面名称", "监测时间", "水质类别", "水温<br/><span class='unit'>(℃)</span>", "pH<br/><span class='unit'>(无量纲)</span>", "溶解氧<br/><span class='unit'>(mg/L)</span>", "电导率<br/><span class='unit'>(μS/cm)</span>", "浊度<br/><span class='unit'>(NTU)</span>", "高锰酸盐指数<br/><span class='unit'>(mg/L)</span>", "氨氮<br/><span class='unit'>(mg/L)</span>", "总磷<br/><span class='unit'>(mg/L)</span>", "总氮<br/><span class='unit'>(mg/L)</span>", "叶绿素α<br/><span class='unit'>(mg/L)</span>", "藻密度<br/><span class='unit'>(cells/L)</span>", "站点情况"], "tbody": [["北京市", "海河流域", "<span data-toggle='tooltip' data-placement='right' title='所在地市:门头沟区&#10;所属河流:永定河'>沿河城</span>", null, "", "--", "--", "--", "--", "--", "--", "--", "--", "--", "*", "*", "停站"], ["北京市", "淮河流域", "<span data-toggle='tooltip' data-placement='right' title='所在地市:房山区&#10;所属河流:小清河'>八间房漫水桥</span>", null, "", "--", "--", "--", "--", "--", "--", "--", "--", "--", "*", "*", "停站"], ["北京市", "海河流域", "<span data-toggle='tooltip' data-placement='right' title='所在地市:密云区&#10;所属河流:潮河'>古北口</span>", null, "", "--", "--", "--", "--", "--", "--", "--", "--", "--", "*", "*", "停站"], ["天津市", "海河流域", "<span data-toggle='tooltip' data-placement='right' title='所在地市:河北区&#10;所属河流:海河'>三岔口</span>", "02-12 08:00", "Ⅱ", "<span data-toggle='tooltip' data-placement='right' title='原始值：6.16'>6.2</span>", "<span data-toggle='tooltip' data-placement='right' title='原始值：8.0304'>8.03</span>", "<span data-toggle='tooltip' data-placement='right' title='原始值：10.804'>10.80</span>", "<span data-toggle='tooltip' data-placement='right' title='原始值：925.2755'>925.3</span>", "<span data-toggle='tooltip' data-placement='right' title='原始值：5.791'>5.8</span>", "<span data-toggle='tooltip' data-placement='right' title='原始值：1.5'>1.50</span>", "<span data-toggle='tooltip' data-placement='right' title='原始值：0.22'>0.220</span>", "<span data-toggle='tooltip' data-placement='right' title='原始值：0.0003'>0.0003</span>", "<span data-toggle='tooltip' data-placement='right' title='原始值：1.3469'>1.35</span>", "*", "*", "正常"], ["天津市", "海河流域", "<span data-toggle='tooltip' data-placement='right' title='所在地市:蓟州区&#10;所属河流:果河'>果河桥</span>", "02-12 08:00", "Ⅱ", "<span data-toggle='tooltip' data-placement='right' title='原始值：4.6'>4.6</span>", "<span data-toggle='tooltip' data-placement='right' title='原始值：8.26'>8.26</span>", "<span data-toggle='tooltip' data-placement='right' title='原始值：14.621'>14.62</span>", "<span data-toggle='tooltip' data-placement='right' title='原始值：596.89'>596.9</span>", "<span data-toggle='tooltip' data-placement='right' title='原始值：6.4'>6.4</span>", "<span data-toggle='tooltip' data-placement='right' title='原始值：2.2275'>2.23</span>", "<span data-toggle='tooltip' data-placement='right' title='原始值：0.22'>0.220</span>", "<span data-toggle='tooltip' data-placement='right' title='原始值：0.0437'>0.044</span>", "<span data-toggle='tooltip' data-placement='right' title='原始值：9.3521'>9.35</span>", "*", "*", "正常"], ["河北省", "海河流域", "<span data-toggle='tooltip' data-placement='right' title='所在地市:石家庄市&#10;所属河流:滹沱河'>岗南水库</span>", null, "", "--", "--", "--", "--", "--", "--", "--", "--", "--", "*", "*", "停站"], ["河北省", "海河流域", "<span data-toggle='tooltip' data-placement='right' title='所在地市:张家口市&#10;所属河流:永定河'>八号桥</span>", "02-12 08:00", "Ⅲ", "<span data-toggle='tooltip' data-placement='right' title='原始值：2.89833'>2.9</span>", "<span data-toggle='tooltip' data-placement='right' title='原始值：8.30314'>8.30</span>", "<span data-toggle='tooltip' data-placement='right' title='原始值：11.17291'>11.17</span>", "<span data-toggle='tooltip' data-placement='right' title='原始值：1293.444'>1293.4</span>", "<span data-toggle='tooltip' data-placement='right' title='原始值：25.0285'>25.0</span>", "<span data-toggle='tooltip' data-placement='right' title='原始值：3.68'>3.68</span>", "<span data-toggle='tooltip' data-placement='right' title='原始值：0.71'>0.710</span>", "<span data-toggle='tooltip' data-placement='right' title='原始值：0.104'>0.104</span>", "<span data-toggle='tooltip' data-placement='right' title='原始值：4.475'>4.48</span>", "*", "*", "正常"], ["山西省", "黄河流域", "<span data-toggle='tooltip' data-placement='right' title='所在地市:运城市&#10;所属河流:汾河'>河津大桥</span>", "02-12 08:00", "Ⅲ", "<span data-toggle='tooltip' data-placement='right' title='原始值：10.30173'>10.3</span>", "<span data-toggle='tooltip' data-placement='right' title='原始值：7.86731'>7.87</span>", "<span data-toggle='tooltip' data-placement='right' title='原始值：9.86855'>9.87</span>", "<span data-toggle='tooltip' data-placement='right' title='原始值：1551.542'>1551.5</span>", "<span data-toggle='tooltip' data-placement='right' title='原始值：46.50855'>46.5</span>", "<span data-toggle='tooltip' data-placement='right' title='原始值：4.6'>4.60</span>", "<span data-toggle='tooltip' data-placement='right' title='原始值：0.93'>0.930</span>", "*", "*", "*", "*", "正常"], ["山西省", "黄河流域", "<span data-toggle='tooltip' data-placement='right' title='所在地市:忻州市&#10;所属河流:黄河'>万家寨水库</span>", null, "", "--", "--", "--", "--", "--", "--", "--", "--", "--", "*", "*", "停站"], ["内蒙古自治区", "黄河流域", "<span data-toggle='tooltip' data-placement='right' title='所在地市:包头市&#10;所属河流:黄河'>画匠营子</span>", null, "", "--", "--", "--", "--", "--", "--", "--", "--", "--", "*", "*", "停站"], ["内蒙古自治区", "黄河流域", "<span data-toggle='tooltip' data-placement='right' title='所在地市:乌海市&#10;所属河流:黄河'>海勃湾</span>", "02-12 08:00", "Ⅱ", "<span data-toggle='tooltip' data-placement='right' title='原始值：2.52611'>2.5</span>", "<span data-toggle='tooltip' data-placement='right' title='原始值：8.4961'>8.50</span>", "<span data-toggle='tooltip' data-placement='right' title='原始值：10.03798'>10.04</span>", "<span data-toggle='tooltip' data-placement='right' title='原始值：854.4378'>854.4</span>", "<span data-toggle='tooltip' data-placement='right' title='原始值：24.75113'>24.8</span>", "<span data-toggle='tooltip' data-placement='right' title='原始值：1.81'>1.81</span>", "<span data-toggle='tooltip' data-placement='right' title='原始值：0.2'>0.200</span>", "*", "*", "*", "*", "正常"], ["内蒙古自治区", "松花江流域", "<span data-toggle='tooltip' data-placement='right' title='所在地市:呼伦贝尔市&#10;所属河流:额尔古纳河'>黑山头</span>", null, "", "--", "--", "--", "--", "--", "--", "--", "--", "--", "*", "*", "停站"], ["辽宁省", "辽河流域", "<span data-toggle='tooltip' data-placement='right' title='所在地市:抚顺市&#10;所属河流:浑河'>大伙房水库</span>", "02-12 08:00", "Ⅰ", "<span data-toggle='tooltip' data-placement='right' title='原始值：5.54031'>5.5</span>", "<span data-toggle='tooltip' data-placement='right' title='原始值：7.6342'>7.63</span>", "<span data-toggle='tooltip' data-placement='right' title='原始值：10.19792'>10.20</span>", "<span data-toggle='tooltip' data-placement='right' title='原始值：316.7945'>316.8</span>", "<span data-toggle='tooltip' data-placement='right' title='原始值：8.40253'>8.4</span>", "<span data-toggle='tooltip' data-placement='right' title='原始值：1.28711'>1.29</span>", "<span data-toggle='tooltip' data-placement='right' title='原始值：0.13'>0.130</span>", "<span data-toggle='tooltip' data-placement='right' title='原始值：0.01722'>0.017</span>", "<span data-toggle='tooltip' data-placement='right' title='原始值：2.88798'>2.89</span>", "<span data-toggle='tooltip' data-placement='right' title='原始值：0.00049'>0.0005</span>", "*", "正常"], ["辽宁省", "辽河流域", "<span data-toggle='tooltip' data-placement='right' title='所在地市:丹东市&#10;所属河流:鸭绿江'>江桥</span>", "02-12 04:00", "Ⅱ", "<span data-toggle='tooltip' data-placement='right' title='原始值：6.50002'>6.5</span>", "<span data-toggle='tooltip' data-placement='right' title='原始值：6.35'>6.35</span>", "<span data-toggle='tooltip' data-placement='right' title='原始值：11.625'>11.62</span>", "<span data-toggle='tooltip' data-placement='right' title='原始值：149'>149.0</span>", "<span data-toggle='tooltip' data-placement='right' title='原始值：8.00024'>8.0</span>", "<span data-toggle='tooltip' data-placement='right' title='原始值：1.15'>1.15</span>", "<span data-toggle='tooltip' data-placement='right' title='原始值：0.05085'>0.051</span>", "<span data-toggle='tooltip' data-placement='right' title='原始值：0.02161'>0.022</span>", "<span data-toggle='tooltip' data-placement='right' title='原始值：1.82895'>1.83</span>", "*", "*", "正常"], ["辽宁省", "辽河流域", "<span data-toggle='tooltip' data-placement='right' title='所在地市:营口市&#10;所属河流:大辽河'>辽河公园</span>", "02-12 08:00", "Ⅳ", "<span data-toggle='tooltip' data-placement='right' title='原始值：4.86011'>4.9</span>", "<span data-toggle='tooltip' data-placement='right' title='原始值：8.10806'>8.11</span>", "<span data-toggle='tooltip' data-placement='right' title='原始值：10.42847'>10.43</span>", "<span data-toggle='tooltip' data-placement='right' title='原始值：16096.51'>16096.5</span>", "<span data-toggle='tooltip' data-placement='right' title='原始值：136.2623'>136.3</span>", "<span data-toggle='tooltip' data-placement='right' title='原始值：8.01149'>8.01</span>", "<span data-toggle='tooltip' data-placement='right' title='原始值：1.45998'>1.460</span>", "<span data-toggle='tooltip' data-placement='right' title='原始值：0.13067'>0.131</span>", "<span data-toggle='tooltip' data-placement='right' title='原始值：9.04305'>9.04</span>", "*", "*", "正常"], ["辽宁省", "辽河流域", "<span data-toggle='tooltip' data-placement='right' title='所在地市:辽阳市&#10;所属河流:太子河'>汤河水库</span>", null, "", "--", "--", "--", "--", "--", "--", "--", "--", "--", "*", "*", "停站"], ["辽宁省", "辽河流域", "<span data-toggle='tooltip' data-placement='right' title='所在地市:盘锦市&#10;所属河流:辽河'>盘锦兴安(兴安)</span>", null, "", "--", "--", "--", "--", "--", "--", "--", "--", "--", "*", "*", "停站"], ["辽宁省", "辽河流域", "<span data-toggle='tooltip' data-placement='right' title='所在地市:铁岭市&#10;所属河流:辽河'>珠尔山</span>", "02-12 08:00", "Ⅴ", "<span data-toggle='tooltip' data-placement='right' title='原始值：1.70308'>1.7</span>", "<span data-toggle='tooltip' data-placement='right' title='原始值：7.30501'>7.31</span>", "<span data-toggle='tooltip' data-placement='right' title='原始值：10.73716'>10.74</span>", "<span data-toggle='tooltip' data-placement='right' title='原始值：685.1146'>685.1</span>", "<span data-toggle='tooltip' data-placement='right' title='原始值：4.77529'>4.8</span>", "<span data-toggle='tooltip' data-placement='right' title='原始值：2.10503'>2.11</span>", "<span data-toggle='tooltip' data-placement='right' title='原始值：1.86'>1.860</span>", "<span data-toggle='tooltip' data-placement='right' title='原始值：0.08063'>0.081</span>", "<span data-toggle='tooltip' data-placement='right' title='极值过滤'>--</span>", "*", "*", "维护"], ["吉林省", "松花江流域", "<span data-toggle='tooltip' data-placement='right' title='所在地市:长春市&#10;所属河流:松花江'>松花江村</span>", null, "", "--", "--", "--", "--", "--", "--", "--", "--", "--", "*", "*", "停站"], ["吉林省", "松花江流域", "<span data-toggle='tooltip' data-placement='right' title='所在地市:白城市&#10;所属河流:嫩江'>白沙滩</span>", "02-12 08:00", "Ⅳ", "<span data-toggle='tooltip' data-placement='right' title='原始值：3.56366'>3.6</span>", "<span data-toggle='tooltip' data-placement='right' title='原始值：7.05406'>7.05</span>", "<span data-toggle='tooltip' data-placement='right' title='原始值：12.87432'>12.87</span>", "<span data-toggle='tooltip' data-placement='right' title='原始值：401.4111'>401.4</span>", "<span data-toggle='tooltip' data-placement='right' title='原始值：29.98302'>30.0</span>", "<span data-toggle='tooltip' data-placement='right' title='原始值：6.91755'>6.92</span>", "<span data-toggle='tooltip' data-placement='right' title='原始值：0.22366'>0.224</span>", "<span data-toggle='tooltip' data-placement='right' title='原始值：0.03941'>0.039</span>", "<span data-toggle='tooltip' data-placement='right' title='原始值：1.34434'>1.34</span>", "*", "*", "正常"], ["吉林省", "松花江流域", "<span data-toggle='tooltip' data-placement='right' title='所在地市:延边朝鲜族自治州&#10;所属河流:图们江'>圈河</span>", "02-12 08:00", "Ⅱ", "<span data-toggle='tooltip' data-placement='right' title='原始值：9.5'>9.5</span>", "<span data-toggle='tooltip' data-placement='right' title='原始值：7.15'>7.15</span>", "<span data-toggle='tooltip' data-placement='right' title='原始值：8.26'>8.26</span>", "<span data-toggle='tooltip' data-placement='right' title='原始值：342'>342.0</span>", "<span data-toggle='tooltip' data-placement='right' title='原始值：6'>6.0</span>", "<span data-toggle='tooltip' data-placement='right' title='原始值：2.39'>2.39</span>", "<span data-toggle='tooltip' data-placement='right' title='原始值：0.24136'>0.241</span>", "<span data-toggle='tooltip' data-placement='right' title='原始值：0.05357'>0.054</span>", "<span data-toggle='tooltip' data-placement='right' title='原始值：3.41799'>3.42</span>", "*", "*", "正常"], ["黑龙江省", "松花江流域", "<span data-toggle='tooltip' data-placement='right' title='所在地市:大庆市&#10;所属河流:松花江'>肇源</span>", null, "", "--", "--", "--", "--", "--", "--", "--", "--", "--", "*", "*", "停站"], ["黑龙江省", "松花江流域", "<span data-toggle='tooltip' data-placement='right' title='所在地市:佳木斯市&#10;所属河流:乌苏里江'>乌苏镇</span>", null, "", "--", "--", "--", "--", "--", "--", "--", "--", "--", "*", "*", "停站"], ["黑龙江省", "松花江流域", "<span data-toggle='tooltip' data-placement='right' title='所在地市:佳木斯市&#10;所属河流:松花江'>同江</span>", null, "", "--", "--", "--", "--", "--", "--", "--", "--", "--", "*", "*", "维护"], ["黑龙江省", "松花江流域", "<span data-toggle='tooltip' data-placement='right' title='所在地市:黑河市&#10;所属河流:黑龙江'>黑河下(黑河)</span>", null, "", "--", "--", "--", "--", "--", "--", "--", "--", "--", "*", "*", "停站"], ["上海市", "长江流域", "<span data-toggle='tooltip' data-placement='right' title='所在地市:青浦区&#10;所属河流:淀山湖'>急水港桥</span>", "02-12 08:00", "Ⅳ", "<span data-toggle='tooltip' data-placement='right' title='原始值：10.5'>10.5</span>", "<span data-toggle='tooltip' data-placement='right' title='原始值：7.33'>7.33</span>", "<span data-toggle='tooltip' data-placement='right' title='原始值：8.53'>8.53</span>", "<span data-toggle='tooltip' data-placement='right' title='原始值：692'>692.0</span>", "<span data-toggle='tooltip' data-placement='right' title='原始值：51.5'>51.5</span>", "<span data-toggle='tooltip' data-placement='right' title='原始值：3.4375'>3.44</span>", "<span data-toggle='tooltip' data-placement='right' title='原始值：0.32242'>0.322</span>", "<span data-toggle='tooltip' data-placement='right' title='原始值：0.0702'>0.070</span>", "<span data-toggle='tooltip' data-placement='right' title='原始值：3.40998'>3.41</span>", "<span data-toggle='tooltip' data-placement='right' title='原始值：0.00779'>0.008</span>", "<span data-toggle='tooltip' data-placement='right' title='原始值：2851421'>2851421</span>", "正常"], ["江苏省", "长江流域", "<span data-toggle='tooltip' data-placement='right' title='所在地市:南京市&#10;所属河流:长江'>林山</span>", "02-12 08:00", "Ⅱ", "<span data-toggle='tooltip' data-placement='right' title='原始值：11.9543'>12.0</span>", "<span data-toggle='tooltip' data-placement='right' title='原始值：8.03741'>8.04</span>", "<span data-toggle='tooltip' data-placement='right' title='原始值：10.3603'>10.36</span>", "<span data-toggle='tooltip' data-placement='right' title='原始值：371.146'>371.1</span>", "<span data-toggle='tooltip' data-placement='right' title='原始值：15.4348'>15.4</span>", "<span data-toggle='tooltip' data-placement='right' title='原始值：1.34'>1.34</span>", "<span data-toggle='tooltip' data-placement='right' title='原始值：0.224'>0.224</span>", "*", "*", "*", "*", "正常"], ["江苏省", "太湖流域", "<span data-toggle='tooltip' data-placement='right' title='所在地市:无锡市&#10;所属河流:太湖'>沙渚</span>", null, "", "--", "--", "--", "--", "--", "--", "--", "--", "--", "--", "*", "停站"], ["江苏省", "淮河流域", "<span data-toggle='tooltip' data-placement='right' title='所在地市:徐州市&#10;所属河流:武河'>小红圈</span>", "02-12 08:00", "Ⅱ", "<span data-toggle='tooltip' data-placement='right' title='原始值：8.77'>8.8</span>", "<span data-toggle='tooltip' data-placement='right' title='原始值：8.27'>8.27</span>", "<span data-toggle='tooltip' data-placement='right' title='原始值：15.13'>15.13</span>", "<span data-toggle='tooltip' data-placement='right' title='原始值：613.7'>613.7</span>", "<span data-toggle='tooltip' data-placement='right' title='原始值：4.04'>4.0</span>", "<span data-toggle='tooltip' data-placement='right' title='原始值：2.66'>2.66</span>", "<span data-toggle='tooltip' data-placement='right' title='原始值：0.066'>0.066</span>", "*", "*", "*", "*", "正常"], ["江苏省", "淮河流域", "<span data-toggle='tooltip' data-placement='right' title='所在地市:徐州市&#10;所属河流:沿河'>李集桥</span>", null, "", "--", "--", "--", "--", "--", "--", "--", "--", "--", "*", "*", "停站"], ["江苏省", "淮河流域", "<span data-toggle='tooltip' data-placement='right' title='所在地市:徐州市&#10;所属河流:邳苍分洪道'>艾山西大桥</span>", "02-12 08:00", "Ⅲ", "<span data-toggle='tooltip' data-placement='right' title='原始值：8.8847'>8.9</span>", "<span data-toggle='tooltip' data-placement='right' title='原始值：8.41888'>8.42</span>", "<span data-toggle='tooltip' data-placement='right' title='原始值：15.2221'>15.22</span>", "<span data-toggle='tooltip' data-placement='right' title='原始值：768.878'>768.9</span>", "<span data-toggle='tooltip' data-placement='right' title='原始值：15.9039'>15.9</span>", "<span data-toggle='tooltip' data-placement='right' title='原始值：4.55'>4.55</span>", "<span data-toggle='tooltip' data-placement='right' title='原始值：0.06'>0.060</span>", "<span data-toggle='tooltip' data-placement='right' title='原始值：0.05052'>0.051</span>", "<span data-toggle='tooltip' data-placement='right' title='原始值：10.87763'>10.88</span>", "*", "*", "正常"], ["江苏省", "太湖流域", "<span data-toggle='tooltip' data-placement='right' title='所在地市:苏州市&#10;所属河流:太湖'>兰山嘴(老)</span>", null, "", "--", "--", "--", "--", "--", "--", "--", "--", "--", "--", "*", "停站"], ["江苏省", "太湖流域", "<span data-toggle='tooltip' data-placement='right' title='所在地市:苏州市&#10;所属河流:太湖'>西山</span>", null, "", "--", "--", "--", "--", "--", "--", "--", "--", "--", "--", "*", "停站"], ["江苏省", "淮河流域", "<span data-toggle='tooltip' data-placement='right' title='所在地市:连云港市&#10;所属河流:新沭河'>大兴桥</span>", "02-12 08:00", "Ⅲ", "<span data-toggle='tooltip' data-placement='right' title='原始值：7.5'>7.5</span>", "<span data-toggle='tooltip' data-placement='right' title='原始值：8.28'>8.28</span>", "<span data-toggle='tooltip' data-placement='right' title='原始值：13.64'>13.64</span>", "<span data-toggle='tooltip' data-placement='right' title='原始值：946.8'>946.8</span>", "<span data-toggle='tooltip' data-placement='right' title='原始值：18.88'>18.9</span>", "<span data-toggle='tooltip' data-placement='right' title='原始值：5.62'>5.62</span>", "<span data-toggle='tooltip' data-placement='right' title='原始值：0.333'>0.333</span>", "*", "*", "*", "*", "正常"], ["江苏省", "淮河流域", "<span data-toggle='tooltip' data-placement='right' title='所在地市:淮安市&#10;所属河流:淮河'>淮河大桥</span>", null, "", "--", "--", "--", "--", "--", "--", "--", "--", "--", "*", "*", "停站"], ["江苏省", "长江流域", "<span data-toggle='tooltip' data-placement='right' title='所在地市:扬州市&#10;所属河流:夹江'>三江营</span>", "02-12 08:00", "Ⅱ", "<span data-toggle='tooltip' data-placement='right' title='原始值：11.11'>11.1</span>", "<span data-toggle='tooltip' data-placement='right' title='原始值：7.98'>7.98</span>", "<span data-toggle='tooltip' data-placement='right' title='原始值：10.29'>10.29</span>", "<span data-toggle='tooltip' data-placement='right' title='原始值：369.3'>369.3</span>", "<span data-toggle='tooltip' data-placement='right' title='原始值：29.88'>29.9</span>", "<span data-toggle='tooltip' data-placement='right' title='原始值：1.49'>1.49</span>", "<span data-toggle='tooltip' data-placement='right' title='原始值：0.099'>0.099</span>", "<span data-toggle='tooltip' data-placement='right' title='原始值：0.083'>0.083</span>", "<span data-toggle='tooltip' data-placement='right' title='原始值：1.997'>2.00</span>", "*", "*", "正常"], ["江苏省", "淮河流域", "<span data-toggle='tooltip' data-placement='right' title='所在地市:宿迁市&#10;所属河流:新濉河'>大屈</span>", "02-12 08:00", "Ⅲ", "<span data-toggle='tooltip' data-placement='right' title='原始值：10.7'>10.7</span>", "<span data-toggle='tooltip' data-placement='right' title='原始值：8.16'>8.16</span>", "<span data-toggle='tooltip' data-placement='right' title='原始值：11.95'>11.95</span>", "<span data-toggle='tooltip' data-placement='right' title='原始值：941.6'>941.6</span>", "<span data-toggle='tooltip' data-placement='right' title='原始值：25.18'>25.2</span>", "<span data-toggle='tooltip' data-placement='right' title='原始值：5.28'>5.28</span>", "<span data-toggle='tooltip' data-placement='right' title='原始值：0.09'>0.090</span>", "<span data-toggle='tooltip' data-placement='right' title='原始值：0.043'>0.043</span>", "<span data-toggle='tooltip' data-placement='right' title='原始值：2.375'>2.38</span>", "*", "*", "正常"], ["浙江省", "浙闽片河流", "<span data-toggle='tooltip' data-placement='right' title='所在地市:杭州市&#10;所属河流:新安江'>街口(鸠坑口)</span>", "02-12 08:00", "Ⅰ", "<span data-toggle='tooltip' data-placement='right' title='原始值：13.18'>13.2</span>", "<span data-toggle='tooltip' data-placement='right' title='原始值：7.31'>7.31</span>", "<span data-toggle='tooltip' data-placement='right' title='原始值：8.74'>8.74</span>", "<span data-toggle='tooltip' data-placement='right' title='原始值：155.19'>155.2</span>", "<span data-toggle='tooltip' data-placement='right' title='原始值：6.13'>6.1</span>", "<span data-toggle='tooltip' data-placement='right' title='原始值：1.172'>1.17</span>", "<span data-toggle='tooltip' data-placement='right' title='原始值：0.003'>0.003</span>", "<span data-toggle='tooltip' data-placement='right' title='原始值：0.014'>0.014</span>", "<span data-toggle='tooltip' data-placement='right' title='原始值：1.015'>1.02</span>", "*", "*", "正常"], ["浙江省", "太湖流域", "<span data-toggle='tooltip' data-placement='right' title='所在地市:嘉兴市&#10;所属河流:斜路港河'>斜路港</span>", null, "", "--", "--", "--", "--", "--", "--", "--", "--", "--", "*", "*", "停站"], ["浙江省", "太湖流域", "<span data-toggle='tooltip' data-placement='right' title='所在地市:嘉兴市&#10;所属河流:京杭运河'>王江泾</span>", null, "", "--", "--", "--", "--", "--", "--", "--", "--", "--", "*", "*", "停站"], ["浙江省", "太湖流域", "<span data-toggle='tooltip' data-placement='right' title='所在地市:湖州市&#10;所属河流:西苕溪'>新港口(新塘港)</span>", "02-12 08:00", "Ⅱ", "<span data-toggle='tooltip' data-placement='right' title='原始值：10.2394'>10.2</span>", "<span data-toggle='tooltip' data-placement='right' title='原始值：8.20646'>8.21</span>", "<span data-toggle='tooltip' data-placement='right' title='原始值：10.6876'>10.69</span>", "<span data-toggle='tooltip' data-placement='right' title='原始值：415.02'>415.0</span>", "<span data-toggle='tooltip' data-placement='right' title='原始值：30.6024'>30.6</span>", "<span data-toggle='tooltip' data-placement='right' title='原始值：2.56526'>2.57</span>", "<span data-toggle='tooltip' data-placement='right' title='原始值：0.10368'>0.104</span>", "<span data-toggle='tooltip' data-placement='right' title='原始值：0.04378'>0.044</span>", "<span data-toggle='tooltip' data-placement='right' title='原始值：2.50248'>2.50</span>", "<span data-toggle='tooltip' data-placement='right' title='原始值：0.00929'>0.009</span>", "*", "正常"], ["安徽省", "巢湖流域", "<span data-toggle='tooltip' data-placement='right' title='所在地市:合肥市&#10;所属河流:巢湖'>湖滨(老)</span>", "02-12 08:00", "Ⅲ", "<span data-toggle='tooltip' data-placement='right' title='原始值：10.98703'>11.0</span>", "<span data-toggle='tooltip' data-placement='right' title='原始值：6.72033'>6.72</span>", "<span data-toggle='tooltip' data-placement='right' title='原始值：9.40627'>9.41</span>", "<span data-toggle='tooltip' data-placement='right' title='原始值：306.6109'>306.6</span>", "<span data-toggle='tooltip' data-placement='right' title='原始值：47.73256'>47.7</span>", "<span data-toggle='tooltip' data-placement='right' title='原始值：3.69'>3.69</span>", "<span data-toggle='tooltip' data-placement='right' title='原始值：0.39'>0.390</span>", "<span data-toggle='tooltip' data-placement='right' title='原始值：0.0386'>0.039</span>", "<span data-toggle='tooltip' data-placement='right' title='原始值：1.633'>1.63</span>", "<span data-toggle='tooltip' data-placement='right' title='原始值：0.02132'>0.021</span>", "*", "正常"], ["安徽省", "巢湖流域", "<span data-toggle='tooltip' data-placement='right' title='所在地市:芜湖市&#10;所属河流:巢湖'>裕溪口(老)</span>", "02-12 08:00", "Ⅳ", "<span data-toggle='tooltip' data-placement='right' title='原始值：11.8104'>11.8</span>", "<span data-toggle='tooltip' data-placement='right' title='原始值：7.55448'>7.55</span>", "<span data-toggle='tooltip' data-placement='right' title='原始值：9.18478'>9.18</span>", "<span data-toggle='tooltip' data-placement='right' title='原始值：251.541'>251.5</span>", "<span data-toggle='tooltip' data-placement='right' title='原始值：42.94522'>42.9</span>", "<span data-toggle='tooltip' data-placement='right' title='原始值：2.62'>2.62</span>", "<span data-toggle='tooltip' data-placement='right' title='原始值：0.08'>0.080</span>", "<span data-toggle='tooltip' data-placement='right' title='原始值：0.0502'>0.050</span>", "<span data-toggle='tooltip' data-placement='right' title='原始值：4.237'>4.24</span>", "<span data-toggle='tooltip' data-placement='right' title='原始值：0.01748'>0.017</span>", "*", "正常"], ["安徽省", "淮河流域", "<span data-toggle='tooltip' data-placement='right' title='所在地市:蚌埠市&#10;所属河流:淮河'>蚌埠闸上(蚌埠闸)</span>", "02-12 08:00", "Ⅱ", "<span data-toggle='tooltip' data-placement='right' title='原始值：12.2'>12.2</span>", "<span data-toggle='tooltip' data-placement='right' title='原始值：7.35'>7.35</span>", "<span data-toggle='tooltip' data-placement='right' title='原始值：10.91'>10.91</span>", "<span data-toggle='tooltip' data-placement='right' title='原始值：614.79'>614.8</span>", "<span data-toggle='tooltip' data-placement='right' title='原始值：63.99'>64.0</span>", "<span data-toggle='tooltip' data-placement='right' title='原始值：3.102'>3.10</span>", "<span data-toggle='tooltip' data-placement='right' title='原始值：0.146'>0.146</span>", "<span data-toggle='tooltip' data-placement='right' title='原始值：0.06'>0.060</span>", "<span data-toggle='tooltip' data-placement='right' title='原始值：3.172'>3.17</span>", "*", "*", "正常"], ["安徽省", "淮河流域", "<span data-toggle='tooltip' data-placement='right' title='所在地市:淮南市&#10;所属河流:淮河'>石头埠(老)</span>", "02-12 08:00", "Ⅲ", "<span data-toggle='tooltip' data-placement='right' title='原始值：10.62856'>10.6</span>", "<span data-toggle='tooltip' data-placement='right' title='原始值：8.65889'>8.66</span>", "<span data-toggle='tooltip' data-placement='right' title='原始值：5.40444'>5.40</span>", "<span data-toggle='tooltip' data-placement='right' title='原始值：448.498'>448.5</span>", "<span data-toggle='tooltip' data-placement='right' title='原始值：12.27256'>12.3</span>", "<span data-toggle='tooltip' data-placement='right' title='原始值：3.06'>3.06</span>", "<span data-toggle='tooltip' data-placement='right' title='原始值：0.22'>0.220</span>", "*", "*", "*", "*", "正常"], ["安徽省", "淮河流域", "<span data-toggle='tooltip' data-placement='right' title='所在地市:淮北市&#10;所属河流:沱河'>小王桥</span>", "02-12 08:00", "Ⅳ", "<span data-toggle='tooltip' data-placement='right' title='原始值：8.42'>8.4</span>", "<span data-toggle='tooltip' data-placement='right' title='原始值：8.1'>8.10</span>", "<span data-toggle='tooltip' data-placement='right' title='原始值：10.28'>10.28</span>", "<span data-toggle='tooltip' data-placement='right' title='原始值：1755.33'>1755.3</span>", "<span data-toggle='tooltip' data-placement='right' title='原始值：16.31'>16.3</span>", "<span data-toggle='tooltip' data-placement='right' title='原始值：6.366'>6.37</span>", "<span data-toggle='tooltip' data-placement='right' title='原始值：0.032'>0.032</span>", "<span data-toggle='tooltip' data-placement='right' title='原始值：0.065'>0.065</span>", "<span data-toggle='tooltip' data-placement='right' title='原始值：1.006'>1.01</span>", "*", "*", "正常"], ["安徽省", "长江流域", "<span data-toggle='tooltip' data-placement='right' title='所在地市:安庆市&#10;所属河流:长江'>皖河口</span>", "02-12 08:00", "Ⅱ", "<span data-toggle='tooltip' data-placement='right' title='原始值：13.09'>13.1</span>", "<span data-toggle='tooltip' data-placement='right' title='原始值：7.694'>7.69</span>", "<span data-toggle='tooltip' data-placement='right' title='原始值：9.16'>9.16</span>", "<span data-toggle='tooltip' data-placement='right' title='原始值：348.35'>348.4</span>", "<span data-toggle='tooltip' data-placement='right' title='原始值：63.48'>63.5</span>", "<span data-toggle='tooltip' data-placement='right' title='原始值：1.488'>1.49</span>", "<span data-toggle='tooltip' data-placement='right' title='原始值：0.044'>0.044</span>", "<span data-toggle='tooltip' data-placement='right' title='原始值：0.0752'>0.075</span>", "<span data-toggle='tooltip' data-placement='right' title='原始值：2.235'>2.24</span>", "*", "*", "正常"], ["安徽省", "淮河流域", "<span data-toggle='tooltip' data-placement='right' title='所在地市:滁州市&#10;所属河流:淮河'>小柳巷</span>", null, "", "--", "--", "--", "--", "--", "--", "--", "--", "--", "*", "*", "停站"], ["安徽省", "淮河流域", "<span data-toggle='tooltip' data-placement='right' title='所在地市:阜阳市&#10;所属河流:黑茨河'>张大桥</span>", "02-12 08:00", "Ⅲ", "<span data-toggle='tooltip' data-placement='right' title='原始值：10.8'>10.8</span>", "<span data-toggle='tooltip' data-placement='right' title='原始值：8.39'>8.39</span>", "<span data-toggle='tooltip' data-placement='right' title='原始值：19.26'>19.26</span>", "<span data-toggle='tooltip' data-placement='right' title='原始值：2156.4'>2156.4</span>", "<span data-toggle='tooltip' data-placement='right' title='原始值：8.17'>8.2</span>", "<span data-toggle='tooltip' data-placement='right' title='原始值：4.89'>4.89</span>", "<span data-toggle='tooltip' data-placement='right' title='原始值：0.01'>0.010</span>", "<span data-toggle='tooltip' data-placement='right' title='原始值：0.074'>0.074</span>", "<span data-toggle='tooltip' data-placement='right' title='原始值：9.14'>9.14</span>", "*", "*", "正常"], ["安徽省", "淮河流域", "<span data-toggle='tooltip' data-placement='right' title='所在地市:阜阳市&#10;所属河流:淮河'>王家坝</span>", "02-12 08:00", "Ⅲ", "<span data-toggle='tooltip' data-placement='right' title='原始值：18.3238'>18.3</span>", "<span data-toggle='tooltip' data-placement='right' title='原始值：7.96413'>7.96</span>", "<span data-toggle='tooltip' data-placement='right' title='原始值：15.55494'>15.55</span>", "<span data-toggle='tooltip' data-placement='right' title='原始值：339.614'>339.6</span>", "<span data-toggle='tooltip' data-placement='right' title='原始值：12.77448'>12.8</span>", "<span data-toggle='tooltip' data-placement='right' title='原始值：4.94'>4.94</span>", "<span data-toggle='tooltip' data-placement='right' title='原始值：0.307'>0.307</span>", "<span data-toggle='tooltip' data-placement='right' title='原始值：0.05808'>0.058</span>", "<span data-toggle='tooltip' data-placement='right' title='原始值：1.96069'>1.96</span>", "*", "*", "正常"], ["安徽省", "淮河流域", "<span data-toggle='tooltip' data-placement='right' title='所在地市:阜阳市&#10;所属河流:颍河'>界首七渡口(七渡口)</span>", "02-12 08:00", "Ⅲ", "<span data-toggle='tooltip' data-placement='right' title='原始值：8.57045'>8.6</span>", "<span data-toggle='tooltip' data-placement='right' title='原始值：8.10276'>8.10</span>", "<span data-toggle='tooltip' data-placement='right' title='原始值：8.75964'>8.76</span>", "<span data-toggle='tooltip' data-placement='right' title='原始值：867.8259'>867.8</span>", "<span data-toggle='tooltip' data-placement='right' title='原始值：14.38353'>14.4</span>", "<span data-toggle='tooltip' data-placement='right' title='原始值：4.56'>4.56</span>", "<span data-toggle='tooltip' data-placement='right' title='原始值：0.47'>0.470</span>", "<span data-toggle='tooltip' data-placement='right' title='原始值：0.09052'>0.091</span>", "<span data-toggle='tooltip' data-placement='right' title='原始值：7.06499'>7.06</span>", "*", "*", "正常"], ["安徽省", "淮河流域", "<span data-toggle='tooltip' data-placement='right' title='所在地市:阜阳市&#10;所属河流:泉河'>许庄(徐庄)</span>", "02-12 08:00", "Ⅱ", "<span data-toggle='tooltip' data-placement='right' title='原始值：10.6'>10.6</span>", "<span data-toggle='tooltip' data-placement='right' title='原始值：7.78'>7.78</span>", "<span data-toggle='tooltip' data-placement='right' title='原始值：10.57'>10.57</span>", "<span data-toggle='tooltip' data-placement='right' title='原始值：1144.7'>1144.7</span>", "<span data-toggle='tooltip' data-placement='right' title='原始值：4.44'>4.4</span>", "<span data-toggle='tooltip' data-placement='right' title='原始值：3.5'>3.50</span>", "<span data-toggle='tooltip' data-placement='right' title='原始值：0.09'>0.090</span>", "<span data-toggle='tooltip' data-placement='right' title='原始值：0.02'>0.020</span>", "<span data-toggle='tooltip' data-placement='right' title='原始值：3.839'>3.84</span>", "*", "*", "正常"], ["安徽省", "淮河流域", "<span data-toggle='tooltip' data-placement='right' title='所在地市:宿州市&#10;所属河流:奎河'>杨庄</span>", "02-12 08:00", "Ⅲ", "<span data-toggle='tooltip' data-placement='right' title='原始值：10.58'>10.6</span>", "<span data-toggle='tooltip' data-placement='right' title='原始值：7.31'>7.31</span>", "<span data-toggle='tooltip' data-placement='right' title='原始值：9.52'>9.52</span>", "<span data-toggle='tooltip' data-placement='right' title='原始值：1094.3'>1094.3</span>", "<span data-toggle='tooltip' data-placement='right' title='原始值：70.55'>70.6</span>", "<span data-toggle='tooltip' data-placement='right' title='原始值：5.86'>5.86</span>", "<span data-toggle='tooltip' data-placement='right' title='原始值：0.722'>0.722</span>", "*", "*", "*", "*", "正常"], ["安徽省", "淮河流域", "<span data-toggle='tooltip' data-placement='right' title='所在地市:宿州市&#10;所属河流:新汴河'>泗县公路桥</span>", "02-12 08:00", "Ⅲ", "<span data-toggle='tooltip' data-placement='right' title='原始值：10.1'>10.1</span>", "<span data-toggle='tooltip' data-placement='right' title='原始值：8.24'>8.24</span>", "<span data-toggle='tooltip' data-placement='right' title='原始值：10.69'>10.69</span>", "<span data-toggle='tooltip' data-placement='right' title='原始值：966.9'>966.9</span>", "<span data-toggle='tooltip' data-placement='right' title='原始值：29.62'>29.6</span>", "<span data-toggle='tooltip' data-placement='right' title='原始值：4.08'>4.08</span>", "<span data-toggle='tooltip' data-placement='right' title='原始值：0.08'>0.080</span>", "*", "*", "*", "*", "正常"], ["安徽省", "淮河流域", "<span data-toggle='tooltip' data-placement='right' title='所在地市:亳州市&#10;所属河流:包河'>颜集</span>", "02-12 08:00", "Ⅲ", "<span data-toggle='tooltip' data-placement='right' title='原始值：8.9'>8.9</span>", "<span data-toggle='tooltip' data-placement='right' title='原始值：8.27'>8.27</span>", "<span data-toggle='tooltip' data-placement='right' title='原始值：11.72'>11.72</span>", "<span data-toggle='tooltip' data-placement='right' title='原始值：1717.9'>1717.9</span>", "<span data-toggle='tooltip' data-placement='right' title='原始值：201.41'>201.4</span>", "<span data-toggle='tooltip' data-placement='right' title='原始值：4.29'>4.29</span>", "<span data-toggle='tooltip' data-placement='right' title='原始值：0.38'>0.380</span>", "<span data-toggle='tooltip' data-placement='right' title='原始值：0.079'>0.079</span>", "<span data-toggle='tooltip' data-placement='right' title='原始值：5.053'>5.05</span>", "*", "*", "正常"], ["福建省", "浙闽片河流", "<span data-toggle='tooltip' data-placement='right' title='所在地市:福州市&#10;所属河流:闽江'>白岩潭</span>", "02-12 08:00", "Ⅱ", "<span data-toggle='tooltip' data-placement='right' title='原始值：15.69'>15.7</span>", "<span data-toggle='tooltip' data-placement='right' title='原始值：7.45'>7.45</span>", "<span data-toggle='tooltip' data-placement='right' title='原始值：6.99'>6.99</span>", "<span data-toggle='tooltip' data-placement='right' title='原始值：2086.3'>2086.3</span>", "<span data-toggle='tooltip' data-placement='right' title='原始值：131.69'>131.7</span>", "<span data-toggle='tooltip' data-placement='right' title='原始值：2.9'>2.90</span>", "<span data-toggle='tooltip' data-placement='right' title='原始值：0.182'>0.182</span>", "*", "*", "*", "*", "正常"], ["江西省", "长江流域", "<span data-toggle='tooltip' data-placement='right' title='所在地市:南昌市&#10;所属河流:赣江南支'>滁槎</span>", "02-12 08:00", "Ⅱ", "<span data-toggle='tooltip' data-placement='right' title='原始值：12.62178'>12.6</span>", "<span data-toggle='tooltip' data-placement='right' title='原始值：7.01758'>7.02</span>", "<span data-toggle='tooltip' data-placement='right' title='原始值：8.20549'>8.21</span>", "<span data-toggle='tooltip' data-placement='right' title='原始值：233.0801'>233.1</span>", "<span data-toggle='tooltip' data-placement='right' title='原始值：36.99355'>37.0</span>", "<span data-toggle='tooltip' data-placement='right' title='原始值：2.51'>2.51</span>", "<span data-toggle='tooltip' data-placement='right' title='原始值：0.43'>0.430</span>", "<span data-toggle='tooltip' data-placement='right' title='原始值：0.06075'>0.061</span>", "<span data-toggle='tooltip' data-placement='right' title='原始值：1.7275'>1.73</span>", "*", "*", "正常"], ["江西省", "长江流域", "<span data-toggle='tooltip' data-placement='right' title='所在地市:九江市&#10;所属河流:长江'>姚港(河西水厂)</span>", "02-12 04:00", "Ⅱ", "<span data-toggle='tooltip' data-placement='right' title='原始值：12.5'>12.5</span>", "<span data-toggle='tooltip' data-placement='right' title='原始值：7.66'>7.66</span>", "<span data-toggle='tooltip' data-placement='right' title='原始值：10.07'>10.07</span>", "<span data-toggle='tooltip' data-placement='right' title='原始值：374.49'>374.5</span>", "<span data-toggle='tooltip' data-placement='right' title='原始值：22.87'>22.9</span>", "<span data-toggle='tooltip' data-placement='right' title='原始值：1.225'>1.22</span>", "<span data-toggle='tooltip' data-placement='right' title='原始值：0.066'>0.066</span>", "<span data-toggle='tooltip' data-placement='right' title='原始值：0.062'>0.062</span>", "<span data-toggle='tooltip' data-placement='right' title='原始值：2.04'>2.04</span>", "*", "*", "正常"], ["江西省", "长江流域", "<span data-toggle='tooltip' data-placement='right' title='所在地市:九江市&#10;所属河流:鄱阳湖'>蛤蟆石</span>", "02-12 08:00", "Ⅲ", "<span data-toggle='tooltip' data-placement='right' title='原始值：12.01'>12.0</span>", "<span data-toggle='tooltip' data-placement='right' title='原始值：7.46'>7.46</span>", "<span data-toggle='tooltip' data-placement='right' title='原始值：10.07'>10.07</span>", "<span data-toggle='tooltip' data-placement='right' title='原始值：218.16'>218.2</span>", "<span data-toggle='tooltip' data-placement='right' title='原始值：11.63'>11.6</span>", "<span data-toggle='tooltip' data-placement='right' title='原始值：1.584'>1.58</span>", "<span data-toggle='tooltip' data-placement='right' title='原始值：0.163'>0.163</span>", "<span data-toggle='tooltip' data-placement='right' title='原始值：0.041'>0.041</span>", "<span data-toggle='tooltip' data-placement='right' title='原始值：2.156'>2.16</span>", "<span data-toggle='tooltip' data-placement='right' title='原始值：0.0041'>0.004</span>", "<span data-toggle='tooltip' data-placement='right' title='原始值：1392238'>1392238</span>", "正常"], ["山东省", "黄河流域", "<span data-toggle='tooltip' data-placement='right' title='所在地市:济南市&#10;所属河流:黄河'>泺口</span>", "02-12 08:00", "Ⅳ", "<span data-toggle='tooltip' data-placement='right' title='原始值：8.1438'>8.1</span>", "<span data-toggle='tooltip' data-placement='right' title='原始值：8.43739'>8.44</span>", "<span data-toggle='tooltip' data-placement='right' title='原始值：12.5599'>12.56</span>", "<span data-toggle='tooltip' data-placement='right' title='原始值：994.001'>994.0</span>", "<span data-toggle='tooltip' data-placement='right' title='原始值：240.329'>240.3</span>", "<span data-toggle='tooltip' data-placement='right' title='原始值：8.92'>8.92</span>", "<span data-toggle='tooltip' data-placement='right' title='原始值：0.1545'>0.154</span>", "<span data-toggle='tooltip' data-placement='right' title='原始值：0.00783'>0.008</span>", "<span data-toggle='tooltip' data-placement='right' title='原始值：3.85'>3.85</span>", "*", "*", "正常"], ["山东省", "淮河流域", "<span data-toggle='tooltip' data-placement='right' title='所在地市:枣庄市&#10;所属河流:京杭大运河（韩庄运河）'>台儿庄大桥</span>", "02-12 08:00", "Ⅲ", "<span data-toggle='tooltip' data-placement='right' title='原始值：7.34067'>7.3</span>", "<span data-toggle='tooltip' data-placement='right' title='原始值：8.14891'>8.15</span>", "<span data-toggle='tooltip' data-placement='right' title='原始值：11.89694'>11.90</span>", "<span data-toggle='tooltip' data-placement='right' title='原始值：816.3783'>816.4</span>", "<span data-toggle='tooltip' data-placement='right' title='原始值：15.83336'>15.8</span>", "<span data-toggle='tooltip' data-placement='right' title='原始值：4.00362'>4.00</span>", "<span data-toggle='tooltip' data-placement='right' title='原始值：0.06076'>0.061</span>", "<span data-toggle='tooltip' data-placement='right' title='原始值：0.04831'>0.048</span>", "<span data-toggle='tooltip' data-placement='right' title='原始值：3.16361'>3.16</span>", "*", "*", "正常"], ["山东省", "淮河流域", "<span data-toggle='tooltip' data-placement='right' title='所在地市:临沂市&#10;所属河流:沭河'>清泉寺</span>", "02-12 08:00", "Ⅲ", "<span data-toggle='tooltip' data-placement='right' title='原始值：10.03319'>10.0</span>", "<span data-toggle='tooltip' data-placement='right' title='原始值：7.44228'>7.44</span>", "<span data-toggle='tooltip' data-placement='right' title='原始值：7.87989'>7.88</span>", "<span data-toggle='tooltip' data-placement='right' title='原始值：1328.256'>1328.3</span>", "<span data-toggle='tooltip' data-placement='right' title='原始值：5.66436'>5.7</span>", "<span data-toggle='tooltip' data-placement='right' title='原始值：4.82'>4.82</span>", "<span data-toggle='tooltip' data-placement='right' title='原始值：0.22'>0.220</span>", "*", "*", "*", "*", "正常"], ["山东省", "淮河流域", "<span data-toggle='tooltip' data-placement='right' title='所在地市:临沂市&#10;所属河流:沂河'>重坊桥</span>", "02-12 08:00", "Ⅲ", "<span data-toggle='tooltip' data-placement='right' title='原始值：8.3713'>8.4</span>", "<span data-toggle='tooltip' data-placement='right' title='原始值：7.76705'>7.77</span>", "<span data-toggle='tooltip' data-placement='right' title='原始值：10.85842'>10.86</span>", "<span data-toggle='tooltip' data-placement='right' title='原始值：924.213'>924.2</span>", "<span data-toggle='tooltip' data-placement='right' title='原始值：8.91667'>8.9</span>", "<span data-toggle='tooltip' data-placement='right' title='原始值：4.12'>4.12</span>", "<span data-toggle='tooltip' data-placement='right' title='原始值：0.33359'>0.334</span>", "*", "*", "*", "*", "正常"], ["山东省", "淮河流域", "<span data-toggle='tooltip' data-placement='right' title='所在地市:临沂市&#10;所属河流:白马河'>捷庄(涝沟桥)</span>", "02-12 08:00", "Ⅲ", "<span data-toggle='tooltip' data-placement='right' title='原始值：9.70156'>9.7</span>", "<span data-toggle='tooltip' data-placement='right' title='原始值：7.75'>7.75</span>", "<span data-toggle='tooltip' data-placement='right' title='原始值：14.22356'>14.22</span>", "<span data-toggle='tooltip' data-placement='right' title='原始值：928.4998'>928.5</span>", "<span data-toggle='tooltip' data-placement='right' title='原始值：6'>6.0</span>", "<span data-toggle='tooltip' data-placement='right' title='原始值：4.91'>4.91</span>", "<span data-toggle='tooltip' data-placement='right' title='原始值：0.06975'>0.070</span>", "<span data-toggle='tooltip' data-placement='right' title='原始值：0.06771'>0.068</span>", "<span data-toggle='tooltip' data-placement='right' title='原始值：6.97482'>6.97</span>", "*", "*", "正常"], ["山东省", "海河流域", "<span data-toggle='tooltip' data-placement='right' title='所在地市:聊城市&#10;所属河流:卫运河'>秤勾湾(秤钩湾)</span>", null, "", "--", "--", "--", "--", "--", "--", "--", "--", "--", "*", "*", "停站"], ["河南省", "长江流域", "<span data-toggle='tooltip' data-placement='right' title='所在地市:南阳市&#10;所属河流:丹江口水库'>陶岔</span>", "02-12 08:00", "Ⅱ", "<span data-toggle='tooltip' data-placement='right' title='原始值：16.46'>16.5</span>", "<span data-toggle='tooltip' data-placement='right' title='原始值：7.91311'>7.91</span>", "<span data-toggle='tooltip' data-placement='right' title='原始值：8.97788'>8.98</span>", "<span data-toggle='tooltip' data-placement='right' title='原始值：267.5428'>267.5</span>", "<span data-toggle='tooltip' data-placement='right' title='原始值：1.75089'>1.8</span>", "<span data-toggle='tooltip' data-placement='right' title='原始值：2.65'>2.65</span>", "<span data-toggle='tooltip' data-placement='right' title='原始值：0.03731'>0.037</span>", "<span data-toggle='tooltip' data-placement='right' title='原始值：0.00856'>0.009</span>", "<span data-toggle='tooltip' data-placement='right' title='原始值：1.1259'>1.13</span>", "<span data-toggle='tooltip' data-placement='right' title='原始值：0.0043'>0.004</span>", "<span data-toggle='tooltip' data-placement='right' title='原始值：317809.2'>317809</span>", "正常"], ["河南省", "淮河流域", "<span data-toggle='tooltip' data-placement='right' title='所在地市:商丘市&#10;所属河流:浍河'>黄口</span>", "02-12 08:00", "Ⅲ", "<span data-toggle='tooltip' data-placement='right' title='原始值：8.85'>8.8</span>", "<span data-toggle='tooltip' data-placement='right' title='原始值：7.73'>7.73</span>", "<span data-toggle='tooltip' data-placement='right' title='原始值：9.72499'>9.72</span>", "<span data-toggle='tooltip' data-placement='right' title='原始值：1602.5'>1602.5</span>", "<span data-toggle='tooltip' data-placement='right' title='原始值：48.12811'>48.1</span>", "<span data-toggle='tooltip' data-placement='right' title='原始值：4.84'>4.84</span>", "<span data-toggle='tooltip' data-placement='right' title='原始值：0.02209'>0.022</span>", "<span data-toggle='tooltip' data-placement='right' title='原始值：0.0978'>0.098</span>", "<span data-toggle='tooltip' data-placement='right' title='原始值：4.93576'>4.94</span>", "*", "*", "正常"], ["河南省", "淮河流域", "<span data-toggle='tooltip' data-placement='right' title='所在地市:信阳市&#10;所属河流:史灌河'>蒋集</span>", null, "", "--", "--", "--", "--", "--", "--", "--", "*", "*", "*", "*", "维护"], ["河南省", "淮河流域", "<span data-toggle='tooltip' data-placement='right' title='所在地市:信阳市&#10;所属河流:淮河'>息县大埠口</span>", null, "", "*", "--", "*", "*", "*", "*", "*", "*", "*", "*", "*", "维护"], ["河南省", "淮河流域", "<span data-toggle='tooltip' data-placement='right' title='所在地市:信阳市&#10;所属河流:淮河'>淮滨水文站(淮滨)</span>", "02-12 08:00", "Ⅲ", "<span data-toggle='tooltip' data-placement='right' title='原始值：11.2'>11.2</span>", "<span data-toggle='tooltip' data-placement='right' title='原始值：7.82'>7.82</span>", "<span data-toggle='tooltip' data-placement='right' title='原始值：12.70984'>12.71</span>", "<span data-toggle='tooltip' data-placement='right' title='原始值：332'>332.0</span>", "<span data-toggle='tooltip' data-placement='right' title='原始值：44.84459'>44.8</span>", "<span data-toggle='tooltip' data-placement='right' title='原始值：4.54359'>4.54</span>", "<span data-toggle='tooltip' data-placement='right' title='原始值：0.08368'>0.084</span>", "<span data-toggle='tooltip' data-placement='right' title='原始值：0.07021'>0.070</span>", "<span data-toggle='tooltip' data-placement='right' title='原始值：2.01882'>2.02</span>", "*", "*", "正常"], ["河南省", "淮河流域", "<span data-toggle='tooltip' data-placement='right' title='所在地市:周口市&#10;所属河流:沙河'>沈丘闸</span>", "02-12 08:00", "Ⅲ", "<span data-toggle='tooltip' data-placement='right' title='原始值：9.56657'>9.6</span>", "<span data-toggle='tooltip' data-placement='right' title='原始值：7.75768'>7.76</span>", "<span data-toggle='tooltip' data-placement='right' title='原始值：9.50527'>9.51</span>", "<span data-toggle='tooltip' data-placement='right' title='原始值：1060.291'>1060.3</span>", "<span data-toggle='tooltip' data-placement='right' title='原始值：7.2108'>7.2</span>", "<span data-toggle='tooltip' data-placement='right' title='原始值：4.91'>4.91</span>", "<span data-toggle='tooltip' data-placement='right' title='原始值：0.6'>0.600</span>", "*", "*", "*", "*", "正常"], ["河南省", "淮河流域", "<span data-toggle='tooltip' data-placement='right' title='所在地市:周口市&#10;所属河流:涡河'>鹿邑付桥(鹿邑付桥闸)</span>", null, "", "--", "--", "--", "--", "--", "--", "--", "--", "--", "*", "*", "停站"], ["河南省", "淮河流域", "<span data-toggle='tooltip' data-placement='right' title='所在地市:驻马店市&#10;所属河流:洪河'>新蔡班台(班台)</span>", "02-12 08:00", "Ⅱ", "<span data-toggle='tooltip' data-placement='right' title='原始值：14.82038'>14.8</span>", "<span data-toggle='tooltip' data-placement='right' title='原始值：7.2758'>7.28</span>", "<span data-toggle='tooltip' data-placement='right' title='原始值：12.33061'>12.33</span>", "<span data-toggle='tooltip' data-placement='right' title='原始值：539.8741'>539.9</span>", "<span data-toggle='tooltip' data-placement='right' title='原始值：5.4734'>5.5</span>", "<span data-toggle='tooltip' data-placement='right' title='原始值：3.64'>3.64</span>", "<span data-toggle='tooltip' data-placement='right' title='原始值：0.35'>0.350</span>", "<span data-toggle='tooltip' data-placement='right' title='原始值：0.0333'>0.033</span>", "<span data-toggle='tooltip' data-placement='right' title='原始值：4.16359'>4.16</span>", "*", "*", "正常"], ["河南省", "黄河流域", "<span data-toggle='tooltip' data-placement='right' title='所在地市:济源市&#10;所属河流:黄河'>小浪底水库(小浪底)</span>", "02-12 08:00", "Ⅱ", "<span data-toggle='tooltip' data-placement='right' title='原始值：5.11204'>5.1</span>", "<span data-toggle='tooltip' data-placement='right' title='原始值：8.26069'>8.26</span>", "<span data-toggle='tooltip' data-placement='right' title='原始值：14.21979'>14.22</span>", "<span data-toggle='tooltip' data-placement='right' title='原始值：881.0015'>881.0</span>", "<span data-toggle='tooltip' data-placement='right' title='原始值：5.32616'>5.3</span>", "<span data-toggle='tooltip' data-placement='right' title='原始值：1.445'>1.44</span>", "<span data-toggle='tooltip' data-placement='right' title='原始值：0.43'>0.430</span>", "<span data-toggle='tooltip' data-placement='right' title='原始值：0.03244'>0.032</span>", "<span data-toggle='tooltip' data-placement='right' title='原始值：3.9625'>3.96</span>", "*", "*", "正常"], ["湖北省", "长江流域", "<span data-toggle='tooltip' data-placement='right' title='所在地市:武汉市&#10;所属河流:汉江'>宗关</span>", "02-12 08:00", "Ⅱ", "<span data-toggle='tooltip' data-placement='right' title='原始值：12.33'>12.3</span>", "<span data-toggle='tooltip' data-placement='right' title='原始值：7.881885'>7.88</span>", "<span data-toggle='tooltip' data-placement='right' title='原始值：10.68477'>10.68</span>", "<span data-toggle='tooltip' data-placement='right' title='原始值：309.4723'>309.5</span>", "<span data-toggle='tooltip' data-placement='right' title='原始值：12.88354'>12.9</span>", "<span data-toggle='tooltip' data-placement='right' title='原始值：1.92'>1.92</span>", "<span data-toggle='tooltip' data-placement='right' title='原始值：0.097'>0.097</span>", "<span data-toggle='tooltip' data-placement='right' title='原始值：0.057'>0.057</span>", "<span data-toggle='tooltip' data-placement='right' title='原始值：2.560082'>2.56</span>", "<span data-toggle='tooltip' data-placement='right' title='原始值：0.0055625'>0.006</span>", "*", "正常"], ["湖北省", "长江流域", "<span data-toggle='tooltip' data-placement='right' title='所在地市:十堰市&#10;所属河流:丹江口水库'>坝上中(胡家岭)</span>", "02-12 08:00", "Ⅱ", "<span data-toggle='tooltip' data-placement='right' title='原始值：11.78'>11.8</span>", "<span data-toggle='tooltip' data-placement='right' title='原始值：7.96217'>7.96</span>", "<span data-toggle='tooltip' data-placement='right' title='原始值：10.54447'>10.54</span>", "<span data-toggle='tooltip' data-placement='right' title='原始值：276.596'>276.6</span>", "<span data-toggle='tooltip' data-placement='right' title='原始值：2.464338'>2.5</span>", "<span data-toggle='tooltip' data-placement='right' title='原始值：2.05'>2.05</span>", "<span data-toggle='tooltip' data-placement='right' title='原始值：0.059'>0.059</span>", "<span data-toggle='tooltip' data-placement='right' title='原始值：0.014'>0.014</span>", "<span data-toggle='tooltip' data-placement='right' title='原始值：1.24'>1.24</span>", "<span data-toggle='tooltip' data-placement='right' title='原始值：0.0150234'>0.015</span>", "<span data-toggle='tooltip' data-placement='right' title='原始值：8145000'>8145000</span>", "正常"], ["湖北省", "长江流域", "<span data-toggle='tooltip' data-placement='right' title='所在地市:宜昌市&#10;所属河流:长江'>南津关</span>", "02-12 08:00", "Ⅱ", "<span data-toggle='tooltip' data-placement='right' title='原始值：13.07'>13.1</span>", "<span data-toggle='tooltip' data-placement='right' title='原始值：7.944442'>7.94</span>", "<span data-toggle='tooltip' data-placement='right' title='原始值：9.314471'>9.31</span>", "<span data-toggle='tooltip' data-placement='right' title='原始值：400.276'>400.3</span>", "<span data-toggle='tooltip' data-placement='right' title='原始值：4.039516'>4.0</span>", "<span data-toggle='tooltip' data-placement='right' title='原始值：1.23'>1.23</span>", "<span data-toggle='tooltip' data-placement='right' title='原始值：0.105'>0.105</span>", "<span data-toggle='tooltip' data-placement='right' title='原始值：0.052'>0.052</span>", "<span data-toggle='tooltip' data-placement='right' title='原始值：1.712'>1.71</span>", "<span data-toggle='tooltip' data-placement='right' title='原始值：0.0315032'>0.032</span>", "*", "正常"], ["湖南省", "长江流域", "<span data-toggle='tooltip' data-placement='right' title='所在地市:长沙市&#10;所属河流:湘江'>新港</span>", "02-12 08:00", "Ⅱ", "<span data-toggle='tooltip' data-placement='right' title='原始值：12.21'>12.2</span>", "<span data-toggle='tooltip' data-placement='right' title='原始值：7.16'>7.16</span>", "<span data-toggle='tooltip' data-placement='right' title='原始值：9.18'>9.18</span>", "<span data-toggle='tooltip' data-placement='right' title='原始值：306.28'>306.3</span>", "<span data-toggle='tooltip' data-placement='right' title='原始值：15.47'>15.5</span>", "<span data-toggle='tooltip' data-placement='right' title='原始值：2.95'>2.95</span>", "<span data-toggle='tooltip' data-placement='right' title='原始值：0.35'>0.350</span>", "<span data-toggle='tooltip' data-placement='right' title='原始值：0.032'>0.032</span>", "<span data-toggle='tooltip' data-placement='right' title='原始值：2.26'>2.26</span>", "*", "*", "正常"], ["湖南省", "长江流域", "<span data-toggle='tooltip' data-placement='right' title='所在地市:岳阳市&#10;所属河流:洞庭湖'>岳阳楼</span>", "02-12 08:00", "Ⅴ", "<span data-toggle='tooltip' data-placement='right' title='原始值：11'>11.0</span>", "<span data-toggle='tooltip' data-placement='right' title='原始值：7.951594'>7.95</span>", "<span data-toggle='tooltip' data-placement='right' title='原始值：9.460496'>9.46</span>", "<span data-toggle='tooltip' data-placement='right' title='原始值：263.0351'>263.0</span>", "<span data-toggle='tooltip' data-placement='right' title='原始值：49.35809'>49.4</span>", "<span data-toggle='tooltip' data-placement='right' title='原始值：1.82'>1.82</span>", "<span data-toggle='tooltip' data-placement='right' title='原始值：0.018'>0.018</span>", "<span data-toggle='tooltip' data-placement='right' title='原始值：0.101'>0.101</span>", "<span data-toggle='tooltip' data-placement='right' title='原始值：2.848'>2.85</span>", "<span data-toggle='tooltip' data-placement='right' title='原始值：0.0029375'>0.003</span>", "<span data-toggle='tooltip' data-placement='right' title='原始值：265.747'>266</span>", "正常"], ["湖南省", "长江流域", "<span data-toggle='tooltip' data-placement='right' title='所在地市:岳阳市&#10;所属河流:长江'>城陵矶</span>", "02-12 08:00", "Ⅲ", "<span data-toggle='tooltip' data-placement='right' title='原始值：11.83'>11.8</span>", "<span data-toggle='tooltip' data-placement='right' title='原始值：7.639266'>7.64</span>", "<span data-toggle='tooltip' data-placement='right' title='原始值：10.86282'>10.86</span>", "<span data-toggle='tooltip' data-placement='right' title='原始值：274.96'>275.0</span>", "<span data-toggle='tooltip' data-placement='right' title='原始值：56.12224'>56.1</span>", "<span data-toggle='tooltip' data-placement='right' title='原始值：2.28'>2.28</span>", "<span data-toggle='tooltip' data-placement='right' title='原始值：0.006'>0.006</span>", "<span data-toggle='tooltip' data-placement='right' title='原始值：0.106'>0.106</span>", "<span data-toggle='tooltip' data-placement='right' title='原始值：1.7247'>1.72</span>", "*", "*", "正常"], ["广东省", "珠江流域", "<span data-toggle='tooltip' data-placement='right' title='所在地市:清远市&#10;所属河流:北江'>七星岗</span>", "02-12 08:00", "Ⅱ", "<span data-toggle='tooltip' data-placement='right' title='原始值：19.2824'>19.3</span>", "<span data-toggle='tooltip' data-placement='right' title='原始值：7.36436'>7.36</span>", "<span data-toggle='tooltip' data-placement='right' title='原始值：8.52786'>8.53</span>", "<span data-toggle='tooltip' data-placement='right' title='原始值：284.6294'>284.6</span>", "<span data-toggle='tooltip' data-placement='right' title='原始值：7.49743'>7.5</span>", "<span data-toggle='tooltip' data-placement='right' title='原始值：1.41'>1.41</span>", "<span data-toggle='tooltip' data-placement='right' title='原始值：0.17693'>0.177</span>", "<span data-toggle='tooltip' data-placement='right' title='原始值：0.02691'>0.027</span>", "<span data-toggle='tooltip' data-placement='right' title='原始值：1.3712'>1.37</span>", "*", "*", "正常"], ["广东省", "珠江流域", "<span data-toggle='tooltip' data-placement='right' title='所在地市:中山市&#10;所属河流:西江'>横栏</span>", "02-12 08:00", "Ⅰ", "<span data-toggle='tooltip' data-placement='right' title='原始值：19'>19.0</span>", "<span data-toggle='tooltip' data-placement='right' title='原始值：7.64'>7.64</span>", "<span data-toggle='tooltip' data-placement='right' title='原始值：8.41'>8.41</span>", "<span data-toggle='tooltip' data-placement='right' title='原始值：323'>323.0</span>", "<span data-toggle='tooltip' data-placement='right' title='原始值：5.9'>5.9</span>", "<span data-toggle='tooltip' data-placement='right' title='原始值：1.66'>1.66</span>", "<span data-toggle='tooltip' data-placement='right' title='原始值：0.13966'>0.140</span>", "*", "*", "*", "*", "正常"], ["广西壮族自治区", "珠江流域", "<span data-toggle='tooltip' data-placement='right' title='所在地市:南宁市&#10;所属河流:邕江'>老口</span>", "02-12 08:00", "Ⅰ", "<span data-toggle='tooltip' data-placement='right' title='原始值：18.6614'>18.7</span>", "<span data-toggle='tooltip' data-placement='right' title='原始值：7.98036'>7.98</span>", "<span data-toggle='tooltip' data-placement='right' title='原始值：9.75501'>9.76</span>", "<span data-toggle='tooltip' data-placement='right' title='原始值：322.1225'>322.1</span>", "<span data-toggle='tooltip' data-placement='right' title='原始值：4.07793'>4.1</span>", "<span data-toggle='tooltip' data-placement='right' title='原始值：1.28254'>1.28</span>", "<span data-toggle='tooltip' data-placement='right' title='原始值：0.1181'>0.118</span>", "<span data-toggle='tooltip' data-placement='right' title='原始值：0.01403'>0.014</span>", "<span data-toggle='tooltip' data-placement='right' title='原始值：1.46133'>1.46</span>", "*", "*", "正常"], ["广西壮族自治区", "珠江流域", "<span data-toggle='tooltip' data-placement='right' title='所在地市:桂林市&#10;所属河流:漓江'>阳朔</span>", "02-12 08:00", "Ⅱ", "<span data-toggle='tooltip' data-placement='right' title='原始值：20.6'>20.6</span>", "<span data-toggle='tooltip' data-placement='right' title='原始值：7.69'>7.69</span>", "<span data-toggle='tooltip' data-placement='right' title='原始值：9.127'>9.13</span>", "<span data-toggle='tooltip' data-placement='right' title='原始值：151.806'>151.8</span>", "<span data-toggle='tooltip' data-placement='right' title='原始值：0.844'>0.8</span>", "<span data-toggle='tooltip' data-placement='right' title='原始值：1.28'>1.28</span>", "<span data-toggle='tooltip' data-placement='right' title='原始值：0.024'>0.024</span>", "<span data-toggle='tooltip' data-placement='right' title='原始值：0.022'>0.022</span>", "<span data-toggle='tooltip' data-placement='right' title='原始值：1.469'>1.47</span>", "*", "*", "正常"], ["广西壮族自治区", "珠江流域", "<span data-toggle='tooltip' data-placement='right' title='所在地市:梧州市&#10;所属河流:浔江'>界首</span>", null, "", "--", "--", "--", "--", "--", "--", "--", "--", "--", "*", "*", "停站"], ["广西壮族自治区", "珠江流域", "<span data-toggle='tooltip' data-placement='right' title='所在地市:贵港市&#10;所属河流:浔江'>石嘴</span>", "02-12 08:00", "Ⅰ", "<span data-toggle='tooltip' data-placement='right' title='原始值：20.02983'>20.0</span>", "<span data-toggle='tooltip' data-placement='right' title='原始值：7.98428'>7.98</span>", "<span data-toggle='tooltip' data-placement='right' title='原始值：8.60102'>8.60</span>", "<span data-toggle='tooltip' data-placement='right' title='原始值：323.0585'>323.1</span>", "<span data-toggle='tooltip' data-placement='right' title='原始值：6.3725'>6.4</span>", "<span data-toggle='tooltip' data-placement='right' title='原始值：0.95'>0.95</span>", "<span data-toggle='tooltip' data-placement='right' title='原始值：0.12'>0.120</span>", "<span data-toggle='tooltip' data-placement='right' title='原始值：0.00685'>0.007</span>", "<span data-toggle='tooltip' data-placement='right' title='原始值：2.2217'>2.22</span>", "*", "*", "正常"], ["广西壮族自治区", "珠江流域", "<span data-toggle='tooltip' data-placement='right' title='所在地市:崇左市&#10;所属河流:平而河'>平而关</span>", "02-12 08:00", "Ⅰ", "<span data-toggle='tooltip' data-placement='right' title='原始值：19.10885'>19.1</span>", "<span data-toggle='tooltip' data-placement='right' title='原始值：7.99107'>7.99</span>", "<span data-toggle='tooltip' data-placement='right' title='原始值：9.05471'>9.05</span>", "<span data-toggle='tooltip' data-placement='right' title='原始值：256.4206'>256.4</span>", "<span data-toggle='tooltip' data-placement='right' title='原始值：17.0025'>17.0</span>", "<span data-toggle='tooltip' data-placement='right' title='原始值：1.31'>1.31</span>", "<span data-toggle='tooltip' data-placement='right' title='原始值：0.06'>0.060</span>", "*", "*", "*", "*", "正常"], ["重庆市", "长江流域", "<span data-toggle='tooltip' data-placement='right' title='所在地市:永川区&#10;所属河流:长江'>朱沱</span>", "02-12 08:00", "", "<span data-toggle='tooltip' data-placement='right' title='原始值：16.05'>16.0</span>", "<span data-toggle='tooltip' data-placement='right' title='原始值：7.72'>7.72</span>", "<span data-toggle='tooltip' data-placement='right' title='原始值：9.63'>9.63</span>", "<span data-toggle='tooltip' data-placement='right' title='极值过滤'>--</span>", "<span data-toggle='tooltip' data-placement='right' title='原始值：400'>400.0</span>", "--", "--", "--", "--", "*", "*", "维护"], ["四川省", "长江流域", "<span data-toggle='tooltip' data-placement='right' title='所在地市:攀枝花市&#10;所属河流:金沙江'>龙洞</span>", "02-12 08:00", "Ⅱ", "<span data-toggle='tooltip' data-placement='right' title='原始值：12.26'>12.3</span>", "<span data-toggle='tooltip' data-placement='right' title='原始值：8.372929'>8.37</span>", "<span data-toggle='tooltip' data-placement='right' title='原始值：9.020589'>9.02</span>", "<span data-toggle='tooltip' data-placement='right' title='原始值：844.774'>844.8</span>", "<span data-toggle='tooltip' data-placement='right' title='原始值：2.239665'>2.2</span>", "<span data-toggle='tooltip' data-placement='right' title='原始值：0.97'>0.97</span>", "<span data-toggle='tooltip' data-placement='right' title='原始值：0.206'>0.206</span>", "<span data-toggle='tooltip' data-placement='right' title='原始值：0.0065725'>0.007</span>", "<span data-toggle='tooltip' data-placement='right' title='原始值：7.311864'>7.31</span>", "*", "*", "正常"], ["四川省", "长江流域", "<span data-toggle='tooltip' data-placement='right' title='所在地市:泸州市&#10;所属河流:沱江'>沱江大桥(沱江二桥)</span>", "02-12 08:00", "", "<span data-toggle='tooltip' data-placement='right' title='原始值：13.32'>13.3</span>", "<span data-toggle='tooltip' data-placement='right' title='原始值：8.245432'>8.25</span>", "<span data-toggle='tooltip' data-placement='right' title='原始值：10.76477'>10.76</span>", "<span data-toggle='tooltip' data-placement='right' title='原始值：615.4767'>615.5</span>", "<span data-toggle='tooltip' data-placement='right' title='原始值：9.809797'>9.8</span>", "<span data-toggle='tooltip' data-placement='right' title='原始值：2.66'>2.66</span>", "<span data-toggle='tooltip' data-placement='right' title='原始值：0.002'>0.002</span>", "<span data-toggle='tooltip' data-placement='right' title='原始值：0.0851294'>0.085</span>", "<span data-toggle='tooltip' data-placement='right' title='原始值：3.684093'>3.68</span>", "*", "*", "维护"], ["四川省", "长江流域", "<span data-toggle='tooltip' data-placement='right' title='所在地市:广元市&#10;所属河流:嘉陵江'>清风峡</span>", "02-12 08:00", "Ⅱ", "<span data-toggle='tooltip' data-placement='right' title='原始值：8.59999'>8.6</span>", "<span data-toggle='tooltip' data-placement='right' title='原始值：8.27001'>8.27</span>", "<span data-toggle='tooltip' data-placement='right' title='原始值：11.83602'>11.84</span>", "<span data-toggle='tooltip' data-placement='right' title='原始值：432.3889'>432.4</span>", "<span data-toggle='tooltip' data-placement='right' title='原始值：20.31018'>20.3</span>", "<span data-toggle='tooltip' data-placement='right' title='原始值：0.71'>0.71</span>", "<span data-toggle='tooltip' data-placement='right' title='原始值：0.16155'>0.162</span>", "*", "*", "*", "*", "正常"], ["四川省", "长江流域", "<span data-toggle='tooltip' data-placement='right' title='所在地市:乐山市&#10;所属河流:岷江'>岷江大桥</span>", null, "", "--", "--", "--", "--", "--", "--", "--", "--", "--", "*", "*", "停站"], ["四川省", "长江流域", "<span data-toggle='tooltip' data-placement='right' title='所在地市:宜宾市&#10;所属河流:岷江'>凉姜沟</span>", "02-12 08:00", "Ⅲ", "<span data-toggle='tooltip' data-placement='right' title='原始值：13.85'>13.8</span>", "<span data-toggle='tooltip' data-placement='right' title='原始值：8.027424'>8.03</span>", "<span data-toggle='tooltip' data-placement='right' title='原始值：8.876313'>8.88</span>", "<span data-toggle='tooltip' data-placement='right' title='原始值：398.8636'>398.9</span>", "<span data-toggle='tooltip' data-placement='right' title='原始值：16.94424'>16.9</span>", "<span data-toggle='tooltip' data-placement='right' title='原始值：1.89'>1.89</span>", "<span data-toggle='tooltip' data-placement='right' title='原始值：0.24'>0.240</span>", "<span data-toggle='tooltip' data-placement='right' title='原始值：0.145223'>0.145</span>", "<span data-toggle='tooltip' data-placement='right' title='原始值：2.678048'>2.68</span>", "*", "*", "正常"], ["云南省", "滇池流域", "<span data-toggle='tooltip' data-placement='right' title='所在地市:昆明市&#10;所属河流:滇池'>西苑隧道</span>", "02-12 08:00", "Ⅳ", "<span data-toggle='tooltip' data-placement='right' title='原始值：13.83'>13.8</span>", "<span data-toggle='tooltip' data-placement='right' title='原始值：7.6568'>7.66</span>", "<span data-toggle='tooltip' data-placement='right' title='原始值：7.174'>7.17</span>", "<span data-toggle='tooltip' data-placement='right' title='原始值：619.635'>619.6</span>", "<span data-toggle='tooltip' data-placement='right' title='原始值：10.071'>10.1</span>", "<span data-toggle='tooltip' data-placement='right' title='原始值：3.76031'>3.76</span>", "<span data-toggle='tooltip' data-placement='right' title='原始值：0.69531'>0.695</span>", "<span data-toggle='tooltip' data-placement='right' title='原始值：0.0758'>0.076</span>", "<span data-toggle='tooltip' data-placement='right' title='原始值：6.39393'>6.39</span>", "<span data-toggle='tooltip' data-placement='right' title='原始值：0.00375'>0.004</span>", "<span data-toggle='tooltip' data-placement='right' title='原始值：4967096'>4967096</span>", "正常"], ["云南省", "滇池流域", "<span data-toggle='tooltip' data-placement='right' title='所在地市:昆明市&#10;所属河流:滇池'>观音山</span>", "02-12 08:00", "", "<span data-toggle='tooltip' data-placement='right' title='原始值：11.93364'>11.9</span>", "<span data-toggle='tooltip' data-placement='right' title='原始值：8.30679'>8.31</span>", "<span data-toggle='tooltip' data-placement='right' title='原始值：8.173'>8.17</span>", "<span data-toggle='tooltip' data-placement='right' title='原始值：436.967'>437.0</span>", "<span data-toggle='tooltip' data-placement='right' title='原始值：32.559'>32.6</span>", "<span data-toggle='tooltip' data-placement='right' title='极值过滤'>--</span>", "<span data-toggle='tooltip' data-placement='right' title='极值过滤'>--</span>", "<span data-toggle='tooltip' data-placement='right' title='原始值：0.0655'>0.066</span>", "<span data-toggle='tooltip' data-placement='right' title='原始值：1.277'>1.28</span>", "<span data-toggle='tooltip' data-placement='right' title='原始值：0.01457'>0.015</span>", "<span data-toggle='tooltip' data-placement='right' title='原始值：2.069918E+07'>20699180</span>", "维护"], ["云南省", "西南诸河", "<span data-toggle='tooltip' data-placement='right' title='所在地市:红河哈尼族彝族自治州&#10;所属河流:红河'>河口县医院(河口)</span>", "02-12 08:00", "Ⅱ", "<span data-toggle='tooltip' data-placement='right' title='原始值：19.65017'>19.7</span>", "<span data-toggle='tooltip' data-placement='right' title='原始值：8.09634'>8.10</span>", "<span data-toggle='tooltip' data-placement='right' title='原始值：8.70401'>8.70</span>", "<span data-toggle='tooltip' data-placement='right' title='原始值：244.4897'>244.5</span>", "<span data-toggle='tooltip' data-placement='right' title='原始值：14.38423'>14.4</span>", "<span data-toggle='tooltip' data-placement='right' title='原始值：0.59117'>0.59</span>", "<span data-toggle='tooltip' data-placement='right' title='原始值：0.02569'>0.026</span>", "<span data-toggle='tooltip' data-placement='right' title='原始值：0.03749'>0.037</span>", "<span data-toggle='tooltip' data-placement='right' title='原始值：1.40295'>1.40</span>", "*", "*", "正常"], ["云南省", "西南诸河", "<span data-toggle='tooltip' data-placement='right' title='所在地市:西双版纳傣族自治州&#10;所属河流:澜沧江'>橄榄坝</span>", "02-12 08:00", "Ⅲ", "<span data-toggle='tooltip' data-placement='right' title='原始值：16.589'>16.6</span>", "<span data-toggle='tooltip' data-placement='right' title='原始值：7.559'>7.56</span>", "<span data-toggle='tooltip' data-placement='right' title='原始值：5.877'>5.88</span>", "<span data-toggle='tooltip' data-placement='right' title='原始值：501.862'>501.9</span>", "<span data-toggle='tooltip' data-placement='right' title='原始值：7.68'>7.7</span>", "<span data-toggle='tooltip' data-placement='right' title='原始值：0.804'>0.80</span>", "<span data-toggle='tooltip' data-placement='right' title='原始值：0.223'>0.223</span>", "*", "*", "*", "*", "正常"], ["陕西省", "黄河流域", "<span data-toggle='tooltip' data-placement='right' title='所在地市:渭南市&#10;所属河流:渭河'>潼关吊桥</span>", "02-12 08:00", "Ⅳ", "<span data-toggle='tooltip' data-placement='right' title='原始值：9.40005'>9.4</span>", "<span data-toggle='tooltip' data-placement='right' title='原始值：8.43'>8.43</span>", "<span data-toggle='tooltip' data-placement='right' title='原始值：10.45967'>10.46</span>", "<span data-toggle='tooltip' data-placement='right' title='原始值：1442.015'>1442.0</span>", "<span data-toggle='tooltip' data-placement='right' title='原始值：121.4005'>121.4</span>", "<span data-toggle='tooltip' data-placement='right' title='原始值：6.11'>6.11</span>", "<span data-toggle='tooltip' data-placement='right' title='原始值：0.34'>0.340</span>", "<span data-toggle='tooltip' data-placement='right' title='原始值：0.12772'>0.128</span>", "<span data-toggle='tooltip' data-placement='right' title='原始值：7.84506'>7.85</span>", "*", "*", "正常"]]}