{"result": 1, "total": 2, "records": 100, "thead": ["省份", "流域", "断面名称", "监测时间", "水质类别", "水温<br/><span class='unit'>(℃)</span>", "pH<br/><span class='unit'>(无量纲)</span>", "溶解氧<br/><span class='unit'>(mg/L)</span>", "电导率<br/><span class='unit'>(μS/cm)</span>", "浊度<br/><span class='unit'>(NTU)</span>", "高锰酸盐指数<br/><span class='unit'>(mg/L)</span>", "氨氮<br/><span class='unit'>(mg/L)</span>", "总磷<br/><span class='unit'>(mg/L)</span>", "总氮<br/><span class='unit'>(mg/L)</span>", "叶绿素α<br/><span class='unit'>(mg/L)</span>", "藻密度<br/><span class='unit'>(cells/L)</span>", "站点情况"], "tbody": [["北京市", "海河流域", "<span data-toggle='tooltip' data-placement='right' title='所在地市:门头沟区&#10;所属河流:永定河'>沿河城</span>", null, "", "--", "--", "--", "--", "--", "--", "--", "--", "--", "*", "*", "停站"], ["北京市", "淮河流域", "<span data-toggle='tooltip' data-placement='right' title='所在地市:房山区&#10;所属河流:小清河'>八间房漫水桥</span>", null, "", "--", "--", "--", "--", "--", "--", "--", "--", "--", "*", "*", "停站"], ["北京市", "海河流域", "<span data-toggle='tooltip' data-placement='right' title='所在地市:密云区&#10;所属河流:潮河'>古北口</span>", null, "", "--", "--", "--", "--", "--", "--", "--", "--", "--", "*", "*", "停站"], ["天津市", "海河流域", "<span data-toggle='tooltip' data-placement='right' title='所在地市:河北区&#10;所属河流:海河'>三岔口</span>", "02-07 08:00", "Ⅱ", "<span data-toggle='tooltip' data-placement='right' title='原始值：5.07'>5.1</span>", "<span data-toggle='tooltip' data-placement='right' title='原始值：8.0134'>8.01</span>", "<span data-toggle='tooltip' data-placement='right' title='原始值：10.645'>10.64</span>", "<span data-toggle='tooltip' data-placement='right' title='原始值：809.0043'>809.0</span>", "<span data-toggle='tooltip' data-placement='right' title='原始值：4.938'>4.9</span>", "<span data-toggle='tooltip' data-placement='right' title='原始值：2.26'>2.26</span>", "<span data-toggle='tooltip' data-placement='right' title='原始值：0.16'>0.160</span>", "<span data-toggle='tooltip' data-placement='right' title='原始值：0.0092'>0.009</span>", "<span data-toggle='tooltip' data-placement='right' title='原始值：1.4249'>1.42</span>", "*", "*", "正常"], ["天津市", "海河流域", "<span data-toggle='tooltip' data-placement='right' title='所在地市:蓟州区&#10;所属河流:果河'>果河桥</span>", "02-07 08:00", "Ⅱ", "<span data-toggle='tooltip' data-placement='right' title='原始值：3.9'>3.9</span>", "<span data-toggle='tooltip' data-placement='right' title='原始值：8.36'>8.36</span>", "<span data-toggle='tooltip' data-placement='right' title='原始值：15.208'>15.21</span>", "<span data-toggle='tooltip' data-placement='right' title='原始值：627.632'>627.6</span>", "<span data-toggle='tooltip' data-placement='right' title='原始值：15.4'>15.4</span>", "<span data-toggle='tooltip' data-placement='right' title='原始值：2.919'>2.92</span>", "<span data-toggle='tooltip' data-placement='right' title='原始值：0.5'>0.500</span>", "<span data-toggle='tooltip' data-placement='right' title='原始值：0.0521'>0.052</span>", "<span data-toggle='tooltip' data-placement='right' title='原始值：8.348'>8.35</span>", "*", "*", "正常"], ["河北省", "海河流域", "<span data-toggle='tooltip' data-placement='right' title='所在地市:石家庄市&#10;所属河流:滹沱河'>岗南水库</span>", null, "", "--", "--", "--", "--", "--", "--", "--", "--", "--", "*", "*", "停站"], ["河北省", "海河流域", "<span data-toggle='tooltip' data-placement='right' title='所在地市:张家口市&#10;所属河流:永定河'>八号桥</span>", "02-07 08:00", "Ⅳ", "<span data-toggle='tooltip' data-placement='right' title='原始值：1.61766'>1.6</span>", "<span data-toggle='tooltip' data-placement='right' title='原始值：8.32351'>8.32</span>", "<span data-toggle='tooltip' data-placement='right' title='原始值：11.09779'>11.10</span>", "<span data-toggle='tooltip' data-placement='right' title='原始值：1446.064'>1446.1</span>", "<span data-toggle='tooltip' data-placement='right' title='原始值：31.46587'>31.5</span>", "<span data-toggle='tooltip' data-placement='right' title='原始值：5.28'>5.28</span>", "<span data-toggle='tooltip' data-placement='right' title='原始值：1.01'>1.010</span>", "<span data-toggle='tooltip' data-placement='right' title='原始值：0.1545'>0.154</span>", "<span data-toggle='tooltip' data-placement='right' title='原始值：5.63'>5.63</span>", "*", "*", "正常"], ["山西省", "黄河流域", "<span data-toggle='tooltip' data-placement='right' title='所在地市:运城市&#10;所属河流:汾河'>河津大桥</span>", "02-07 08:00", "Ⅳ", "<span data-toggle='tooltip' data-placement='right' title='原始值：10.60787'>10.6</span>", "<span data-toggle='tooltip' data-placement='right' title='原始值：7.82997'>7.83</span>", "<span data-toggle='tooltip' data-placement='right' title='原始值：10.92569'>10.93</span>", "<span data-toggle='tooltip' data-placement='right' title='原始值：1592.441'>1592.4</span>", "<span data-toggle='tooltip' data-placement='right' title='原始值：33.1267'>33.1</span>", "<span data-toggle='tooltip' data-placement='right' title='原始值：4.35'>4.35</span>", "<span data-toggle='tooltip' data-placement='right' title='原始值：1.18'>1.180</span>", "*", "*", "*", "*", "正常"], ["山西省", "黄河流域", "<span data-toggle='tooltip' data-placement='right' title='所在地市:忻州市&#10;所属河流:黄河'>万家寨水库</span>", null, "", "--", "--", "--", "--", "--", "--", "--", "--", "--", "*", "*", "停站"], ["内蒙古自治区", "黄河流域", "<span data-toggle='tooltip' data-placement='right' title='所在地市:包头市&#10;所属河流:黄河'>画匠营子</span>", null, "", "--", "--", "--", "--", "--", "--", "--", "--", "--", "*", "*", "停站"], ["内蒙古自治区", "黄河流域", "<span data-toggle='tooltip' data-placement='right' title='所在地市:乌海市&#10;所属河流:黄河'>海勃湾</span>", "02-07 08:00", "Ⅱ", "<span data-toggle='tooltip' data-placement='right' title='原始值：2.78533'>2.8</span>", "<span data-toggle='tooltip' data-placement='right' title='原始值：8.38769'>8.39</span>", "<span data-toggle='tooltip' data-placement='right' title='原始值：10.54315'>10.54</span>", "<span data-toggle='tooltip' data-placement='right' title='原始值：822.8857'>822.9</span>", "<span data-toggle='tooltip' data-placement='right' title='原始值：18.48905'>18.5</span>", "<span data-toggle='tooltip' data-placement='right' title='原始值：1.31'>1.31</span>", "<span data-toggle='tooltip' data-placement='right' title='原始值：0.16'>0.160</span>", "*", "*", "*", "*", "正常"], ["内蒙古自治区", "松花江流域", "<span data-toggle='tooltip' data-placement='right' title='所在地市:呼伦贝尔市&#10;所属河流:额尔古纳河'>黑山头</span>", null, "", "--", "--", "--", "--", "--", "--", "--", "--", "--", "*", "*", "停站"], ["辽宁省", "辽河流域", "<span data-toggle='tooltip' data-placement='right' title='所在地市:抚顺市&#10;所属河流:浑河'>大伙房水库</span>", "02-07 08:00", "Ⅰ", "<span data-toggle='tooltip' data-placement='right' title='原始值：5.46689'>5.5</span>", "<span data-toggle='tooltip' data-placement='right' title='原始值：7.64896'>7.65</span>", "<span data-toggle='tooltip' data-placement='right' title='原始值：10.02469'>10.02</span>", "<span data-toggle='tooltip' data-placement='right' title='原始值：315.716'>315.7</span>", "<span data-toggle='tooltip' data-placement='right' title='原始值：8.5238'>8.5</span>", "<span data-toggle='tooltip' data-placement='right' title='原始值：1.54229'>1.54</span>", "<span data-toggle='tooltip' data-placement='right' title='原始值：0.11'>0.110</span>", "<span data-toggle='tooltip' data-placement='right' title='原始值：0.01745'>0.017</span>", "<span data-toggle='tooltip' data-placement='right' title='原始值：2.93263'>2.93</span>", "<span data-toggle='tooltip' data-placement='right' title='原始值：0.00095'>0.001</span>", "*", "正常"], ["辽宁省", "辽河流域", "<span data-toggle='tooltip' data-placement='right' title='所在地市:丹东市&#10;所属河流:鸭绿江'>江桥</span>", "02-07 08:00", "Ⅱ", "<span data-toggle='tooltip' data-placement='right' title='原始值：6.1'>6.1</span>", "<span data-toggle='tooltip' data-placement='right' title='原始值：6.3'>6.30</span>", "<span data-toggle='tooltip' data-placement='right' title='原始值：11.08'>11.08</span>", "<span data-toggle='tooltip' data-placement='right' title='原始值：146'>146.0</span>", "<span data-toggle='tooltip' data-placement='right' title='原始值：2.03027'>2.0</span>", "<span data-toggle='tooltip' data-placement='right' title='原始值：1.53'>1.53</span>", "<span data-toggle='tooltip' data-placement='right' title='原始值：0.07814'>0.078</span>", "<span data-toggle='tooltip' data-placement='right' title='原始值：0.02765'>0.028</span>", "<span data-toggle='tooltip' data-placement='right' title='原始值：1.83162'>1.83</span>", "*", "*", "正常"], ["辽宁省", "辽河流域", "<span data-toggle='tooltip' data-placement='right' title='所在地市:营口市&#10;所属河流:大辽河'>辽河公园</span>", "02-07 08:00", "劣Ⅴ", "<span data-toggle='tooltip' data-placement='right' title='原始值：6.83426'>6.8</span>", "<span data-toggle='tooltip' data-placement='right' title='原始值：7.59311'>7.59</span>", "<span data-toggle='tooltip' data-placement='right' title='原始值：10.00879'>10.01</span>", "<span data-toggle='tooltip' data-placement='right' title='原始值：1091.825'>1091.8</span>", "<span data-toggle='tooltip' data-placement='right' title='原始值：43.80022'>43.8</span>", "<span data-toggle='tooltip' data-placement='right' title='原始值：4.60001'>4.60</span>", "<span data-toggle='tooltip' data-placement='right' title='原始值：2.58563'>2.586</span>", "<span data-toggle='tooltip' data-placement='right' title='原始值：0.10762'>0.108</span>", "<span data-toggle='tooltip' data-placement='right' title='原始值：10.29084'>10.29</span>", "*", "*", "正常"], ["辽宁省", "辽河流域", "<span data-toggle='tooltip' data-placement='right' title='所在地市:辽阳市&#10;所属河流:太子河'>汤河水库</span>", null, "", "--", "--", "--", "--", "--", "--", "--", "--", "--", "*", "*", "停站"], ["辽宁省", "辽河流域", "<span data-toggle='tooltip' data-placement='right' title='所在地市:盘锦市&#10;所属河流:辽河'>盘锦兴安(兴安)</span>", null, "", "--", "--", "--", "--", "--", "--", "--", "--", "--", "*", "*", "停站"], ["辽宁省", "辽河流域", "<span data-toggle='tooltip' data-placement='right' title='所在地市:铁岭市&#10;所属河流:辽河'>珠尔山</span>", "02-07 08:00", "Ⅳ", "<span data-toggle='tooltip' data-placement='right' title='原始值：1.30982'>1.3</span>", "<span data-toggle='tooltip' data-placement='right' title='原始值：7.25311'>7.25</span>", "<span data-toggle='tooltip' data-placement='right' title='原始值：10.74241'>10.74</span>", "<span data-toggle='tooltip' data-placement='right' title='原始值：712.0355'>712.0</span>", "<span data-toggle='tooltip' data-placement='right' title='原始值：5.03071'>5.0</span>", "<span data-toggle='tooltip' data-placement='right' title='原始值：2.4657'>2.47</span>", "<span data-toggle='tooltip' data-placement='right' title='原始值：1.44'>1.440</span>", "<span data-toggle='tooltip' data-placement='right' title='原始值：0.08273'>0.083</span>", "<span data-toggle='tooltip' data-placement='right' title='原始值：8.08272'>8.08</span>", "*", "*", "正常"], ["吉林省", "松花江流域", "<span data-toggle='tooltip' data-placement='right' title='所在地市:长春市&#10;所属河流:松花江'>松花江村</span>", null, "", "--", "--", "--", "--", "--", "--", "--", "--", "--", "*", "*", "停站"], ["吉林省", "松花江流域", "<span data-toggle='tooltip' data-placement='right' title='所在地市:白城市&#10;所属河流:嫩江'>白沙滩</span>", "02-07 08:00", "Ⅳ", "<span data-toggle='tooltip' data-placement='right' title='原始值：3.19781'>3.2</span>", "<span data-toggle='tooltip' data-placement='right' title='原始值：6.95417'>6.95</span>", "<span data-toggle='tooltip' data-placement='right' title='原始值：13.11797'>13.12</span>", "<span data-toggle='tooltip' data-placement='right' title='原始值：411.027'>411.0</span>", "<span data-toggle='tooltip' data-placement='right' title='原始值：27.03633'>27.0</span>", "<span data-toggle='tooltip' data-placement='right' title='原始值：7.34853'>7.35</span>", "<span data-toggle='tooltip' data-placement='right' title='原始值：0.11841'>0.118</span>", "<span data-toggle='tooltip' data-placement='right' title='原始值：0.04093'>0.041</span>", "<span data-toggle='tooltip' data-placement='right' title='原始值：1.38377'>1.38</span>", "*", "*", "正常"], ["吉林省", "松花江流域", "<span data-toggle='tooltip' data-placement='right' title='所在地市:延边朝鲜族自治州&#10;所属河流:图们江'>圈河</span>", "02-07 08:00", "Ⅱ", "<span data-toggle='tooltip' data-placement='right' title='原始值：9.19998'>9.2</span>", "<span data-toggle='tooltip' data-placement='right' title='原始值：7.2'>7.20</span>", "<span data-toggle='tooltip' data-placement='right' title='原始值：8.49'>8.49</span>", "<span data-toggle='tooltip' data-placement='right' title='原始值：350.4844'>350.5</span>", "<span data-toggle='tooltip' data-placement='right' title='原始值：4'>4.0</span>", "<span data-toggle='tooltip' data-placement='right' title='原始值：3.85'>3.85</span>", "<span data-toggle='tooltip' data-placement='right' title='原始值：0.18455'>0.185</span>", "<span data-toggle='tooltip' data-placement='right' title='原始值：0.06089'>0.061</span>", "<span data-toggle='tooltip' data-placement='right' title='原始值：2.83723'>2.84</span>", "*", "*", "正常"], ["黑龙江省", "松花江流域", "<span data-toggle='tooltip' data-placement='right' title='所在地市:大庆市&#10;所属河流:松花江'>肇源</span>", null, "", "--", "--", "--", "--", "--", "--", "--", "--", "--", "*", "*", "停站"], ["黑龙江省", "松花江流域", "<span data-toggle='tooltip' data-placement='right' title='所在地市:佳木斯市&#10;所属河流:乌苏里江'>乌苏镇</span>", null, "", "--", "--", "--", "--", "--", "--", "--", "--", "--", "*", "*", "停站"], ["黑龙江省", "松花江流域", "<span data-toggle='tooltip' data-placement='right' title='所在地市:佳木斯市&#10;所属河流:松花江'>同江</span>", "02-07 08:00", "Ⅲ", "<span data-toggle='tooltip' data-placement='right' title='原始值：3.25632'>3.3</span>", "<span data-toggle='tooltip' data-placement='right' title='原始值：7.23546'>7.24</span>", "<span data-toggle='tooltip' data-placement='right' title='原始值：12.8235'>12.82</span>", "<span data-toggle='tooltip' data-placement='right' title='原始值：351.647'>351.6</span>", "<span data-toggle='tooltip' data-placement='right' title='原始值：15.0089'>15.0</span>", "<span data-toggle='tooltip' data-placement='right' title='原始值：4.62846'>4.63</span>", "<span data-toggle='tooltip' data-placement='right' title='原始值：0.38064'>0.381</span>", "<span data-toggle='tooltip' data-placement='right' title='原始值：0.03565'>0.036</span>", "<span data-toggle='tooltip' data-placement='right' title='原始值：2.67909'>2.68</span>", "*", "*", "正常"], ["黑龙江省", "松花江流域", "<span data-toggle='tooltip' data-placement='right' title='所在地市:黑河市&#10;所属河流:黑龙江'>黑河下(黑河)</span>", null, "", "--", "--", "--", "--", "--", "--", "--", "--", "--", "*", "*", "停站"], ["上海市", "长江流域", "<span data-toggle='tooltip' data-placement='right' title='所在地市:青浦区&#10;所属河流:淀山湖'>急水港桥</span>", "02-07 08:00", "Ⅳ", "<span data-toggle='tooltip' data-placement='right' title='原始值：10.3'>10.3</span>", "<span data-toggle='tooltip' data-placement='right' title='原始值：7.21'>7.21</span>", "<span data-toggle='tooltip' data-placement='right' title='原始值：9.12'>9.12</span>", "<span data-toggle='tooltip' data-placement='right' title='原始值：693'>693.0</span>", "<span data-toggle='tooltip' data-placement='right' title='原始值：70'>70.0</span>", "<span data-toggle='tooltip' data-placement='right' title='原始值：4.40625'>4.41</span>", "<span data-toggle='tooltip' data-placement='right' title='原始值：0.3396'>0.340</span>", "<span data-toggle='tooltip' data-placement='right' title='原始值：0.06299'>0.063</span>", "<span data-toggle='tooltip' data-placement='right' title='原始值：3.67833'>3.68</span>", "<span data-toggle='tooltip' data-placement='right' title='原始值：0.0081'>0.008</span>", "<span data-toggle='tooltip' data-placement='right' title='原始值：3986942'>3986942</span>", "正常"], ["江苏省", "长江流域", "<span data-toggle='tooltip' data-placement='right' title='所在地市:南京市&#10;所属河流:长江'>林山</span>", "02-07 08:00", "Ⅱ", "<span data-toggle='tooltip' data-placement='right' title='原始值：11.3493'>11.3</span>", "<span data-toggle='tooltip' data-placement='right' title='原始值：7.87233'>7.87</span>", "<span data-toggle='tooltip' data-placement='right' title='原始值：10.528'>10.53</span>", "<span data-toggle='tooltip' data-placement='right' title='原始值：376.715'>376.7</span>", "<span data-toggle='tooltip' data-placement='right' title='原始值：18.5049'>18.5</span>", "<span data-toggle='tooltip' data-placement='right' title='原始值：1.48'>1.48</span>", "<span data-toggle='tooltip' data-placement='right' title='原始值：0.292'>0.292</span>", "*", "*", "*", "*", "正常"], ["江苏省", "太湖流域", "<span data-toggle='tooltip' data-placement='right' title='所在地市:无锡市&#10;所属河流:太湖'>沙渚</span>", null, "", "--", "--", "--", "--", "--", "--", "--", "--", "--", "--", "*", "停站"], ["江苏省", "淮河流域", "<span data-toggle='tooltip' data-placement='right' title='所在地市:徐州市&#10;所属河流:武河'>小红圈</span>", "02-07 08:00", "Ⅱ", "<span data-toggle='tooltip' data-placement='right' title='原始值：7.96'>8.0</span>", "<span data-toggle='tooltip' data-placement='right' title='原始值：7.18'>7.18</span>", "<span data-toggle='tooltip' data-placement='right' title='原始值：11.51'>11.51</span>", "<span data-toggle='tooltip' data-placement='right' title='原始值：621'>621.0</span>", "<span data-toggle='tooltip' data-placement='right' title='原始值：3.68'>3.7</span>", "<span data-toggle='tooltip' data-placement='right' title='原始值：3.29'>3.29</span>", "<span data-toggle='tooltip' data-placement='right' title='原始值：0.05'>0.050</span>", "*", "*", "*", "*", "正常"], ["江苏省", "淮河流域", "<span data-toggle='tooltip' data-placement='right' title='所在地市:徐州市&#10;所属河流:沿河'>李集桥</span>", null, "", "--", "--", "--", "--", "--", "--", "--", "--", "--", "*", "*", "停站"], ["江苏省", "淮河流域", "<span data-toggle='tooltip' data-placement='right' title='所在地市:徐州市&#10;所属河流:邳苍分洪道'>艾山西大桥</span>", "02-07 08:00", "Ⅲ", "<span data-toggle='tooltip' data-placement='right' title='原始值：8.40207'>8.4</span>", "<span data-toggle='tooltip' data-placement='right' title='原始值：8.19143'>8.19</span>", "<span data-toggle='tooltip' data-placement='right' title='原始值：15.3896'>15.39</span>", "<span data-toggle='tooltip' data-placement='right' title='原始值：877.665'>877.7</span>", "<span data-toggle='tooltip' data-placement='right' title='原始值：19.0715'>19.1</span>", "<span data-toggle='tooltip' data-placement='right' title='原始值：4.37'>4.37</span>", "<span data-toggle='tooltip' data-placement='right' title='原始值：0.1'>0.100</span>", "<span data-toggle='tooltip' data-placement='right' title='原始值：0.04383'>0.044</span>", "<span data-toggle='tooltip' data-placement='right' title='原始值：22.75372'>22.75</span>", "*", "*", "正常"], ["江苏省", "太湖流域", "<span data-toggle='tooltip' data-placement='right' title='所在地市:苏州市&#10;所属河流:太湖'>兰山嘴(老)</span>", null, "", "--", "--", "--", "--", "--", "--", "--", "--", "--", "--", "*", "停站"], ["江苏省", "太湖流域", "<span data-toggle='tooltip' data-placement='right' title='所在地市:苏州市&#10;所属河流:太湖'>西山</span>", null, "", "--", "--", "--", "--", "--", "--", "--", "--", "--", "--", "*", "停站"], ["江苏省", "淮河流域", "<span data-toggle='tooltip' data-placement='right' title='所在地市:连云港市&#10;所属河流:新沭河'>大兴桥</span>", "02-07 08:00", "Ⅲ", "<span data-toggle='tooltip' data-placement='right' title='原始值：7.6'>7.6</span>", "<span data-toggle='tooltip' data-placement='right' title='原始值：7.84'>7.84</span>", "<span data-toggle='tooltip' data-placement='right' title='原始值：12.19'>12.19</span>", "<span data-toggle='tooltip' data-placement='right' title='原始值：886.8'>886.8</span>", "<span data-toggle='tooltip' data-placement='right' title='原始值：26.08'>26.1</span>", "<span data-toggle='tooltip' data-placement='right' title='原始值：4.85'>4.85</span>", "<span data-toggle='tooltip' data-placement='right' title='原始值：0.58'>0.580</span>", "*", "*", "*", "*", "正常"], ["江苏省", "淮河流域", "<span data-toggle='tooltip' data-placement='right' title='所在地市:淮安市&#10;所属河流:淮河'>淮河大桥</span>", null, "", "--", "--", "--", "--", "--", "--", "--", "--", "--", "*", "*", "停站"], ["江苏省", "长江流域", "<span data-toggle='tooltip' data-placement='right' title='所在地市:扬州市&#10;所属河流:夹江'>三江营</span>", "02-07 08:00", "Ⅱ", "<span data-toggle='tooltip' data-placement='right' title='原始值：10.71'>10.7</span>", "<span data-toggle='tooltip' data-placement='right' title='原始值：7.96'>7.96</span>", "<span data-toggle='tooltip' data-placement='right' title='原始值：10.48'>10.48</span>", "<span data-toggle='tooltip' data-placement='right' title='原始值：370.1'>370.1</span>", "<span data-toggle='tooltip' data-placement='right' title='原始值：21.64'>21.6</span>", "<span data-toggle='tooltip' data-placement='right' title='原始值：1.49'>1.49</span>", "<span data-toggle='tooltip' data-placement='right' title='原始值：0.118'>0.118</span>", "<span data-toggle='tooltip' data-placement='right' title='原始值：0.072'>0.072</span>", "<span data-toggle='tooltip' data-placement='right' title='原始值：1.912'>1.91</span>", "*", "*", "正常"], ["江苏省", "淮河流域", "<span data-toggle='tooltip' data-placement='right' title='所在地市:宿迁市&#10;所属河流:新濉河'>大屈</span>", "02-07 08:00", "Ⅲ", "<span data-toggle='tooltip' data-placement='right' title='原始值：9.6'>9.6</span>", "<span data-toggle='tooltip' data-placement='right' title='原始值：7.87'>7.87</span>", "<span data-toggle='tooltip' data-placement='right' title='原始值：10.65'>10.65</span>", "<span data-toggle='tooltip' data-placement='right' title='原始值：974.7'>974.7</span>", "<span data-toggle='tooltip' data-placement='right' title='原始值：50.71'>50.7</span>", "<span data-toggle='tooltip' data-placement='right' title='原始值：5.22'>5.22</span>", "<span data-toggle='tooltip' data-placement='right' title='原始值：0.13'>0.130</span>", "<span data-toggle='tooltip' data-placement='right' title='原始值：0.052'>0.052</span>", "<span data-toggle='tooltip' data-placement='right' title='原始值：2.812'>2.81</span>", "*", "*", "正常"], ["浙江省", "浙闽片河流", "<span data-toggle='tooltip' data-placement='right' title='所在地市:杭州市&#10;所属河流:新安江'>街口(鸠坑口)</span>", "02-07 08:00", "", "<span data-toggle='tooltip' data-placement='right' title='原始值：13.2'>13.2</span>", "<span data-toggle='tooltip' data-placement='right' title='原始值：7.47'>7.47</span>", "<span data-toggle='tooltip' data-placement='right' title='原始值：9.09'>9.09</span>", "<span data-toggle='tooltip' data-placement='right' title='原始值：154.58'>154.6</span>", "<span data-toggle='tooltip' data-placement='right' title='原始值：6.56'>6.6</span>", "<span data-toggle='tooltip' data-placement='right' title='原始值：1.077'>1.08</span>", "<span data-toggle='tooltip' data-placement='right' title='极值过滤'>--</span>", "<span data-toggle='tooltip' data-placement='right' title='原始值：0.014'>0.014</span>", "<span data-toggle='tooltip' data-placement='right' title='原始值：0.768'>0.77</span>", "*", "*", "维护"], ["浙江省", "太湖流域", "<span data-toggle='tooltip' data-placement='right' title='所在地市:嘉兴市&#10;所属河流:斜路港河'>斜路港</span>", null, "", "--", "--", "--", "--", "--", "--", "--", "--", "--", "*", "*", "停站"], ["浙江省", "太湖流域", "<span data-toggle='tooltip' data-placement='right' title='所在地市:嘉兴市&#10;所属河流:京杭运河'>王江泾</span>", null, "", "--", "--", "--", "--", "--", "--", "--", "--", "--", "*", "*", "停站"], ["浙江省", "太湖流域", "<span data-toggle='tooltip' data-placement='right' title='所在地市:湖州市&#10;所属河流:西苕溪'>新港口(新塘港)</span>", "02-07 08:00", "Ⅱ", "<span data-toggle='tooltip' data-placement='right' title='原始值：11.0894'>11.1</span>", "<span data-toggle='tooltip' data-placement='right' title='原始值：8.28603'>8.29</span>", "<span data-toggle='tooltip' data-placement='right' title='原始值：11.354'>11.35</span>", "<span data-toggle='tooltip' data-placement='right' title='原始值：416.925'>416.9</span>", "<span data-toggle='tooltip' data-placement='right' title='原始值：52.302'>52.3</span>", "<span data-toggle='tooltip' data-placement='right' title='原始值：2.67456'>2.67</span>", "<span data-toggle='tooltip' data-placement='right' title='原始值：0.0293'>0.029</span>", "<span data-toggle='tooltip' data-placement='right' title='原始值：0.04807'>0.048</span>", "<span data-toggle='tooltip' data-placement='right' title='原始值：0.70192'>0.70</span>", "<span data-toggle='tooltip' data-placement='right' title='原始值：0.03308'>0.033</span>", "*", "正常"], ["安徽省", "巢湖流域", "<span data-toggle='tooltip' data-placement='right' title='所在地市:合肥市&#10;所属河流:巢湖'>湖滨(老)</span>", null, "", "--", "--", "--", "--", "--", "--", "--", "--", "--", "--", "*", "维护"], ["安徽省", "巢湖流域", "<span data-toggle='tooltip' data-placement='right' title='所在地市:芜湖市&#10;所属河流:巢湖'>裕溪口(老)</span>", "02-07 08:00", "Ⅳ", "<span data-toggle='tooltip' data-placement='right' title='原始值：10.80689'>10.8</span>", "<span data-toggle='tooltip' data-placement='right' title='原始值：7.59079'>7.59</span>", "<span data-toggle='tooltip' data-placement='right' title='原始值：9.2991'>9.30</span>", "<span data-toggle='tooltip' data-placement='right' title='原始值：258.1471'>258.1</span>", "<span data-toggle='tooltip' data-placement='right' title='原始值：62.24977'>62.2</span>", "<span data-toggle='tooltip' data-placement='right' title='原始值：2.26'>2.26</span>", "<span data-toggle='tooltip' data-placement='right' title='原始值：0.09'>0.090</span>", "<span data-toggle='tooltip' data-placement='right' title='原始值：0.0541'>0.054</span>", "<span data-toggle='tooltip' data-placement='right' title='原始值：2.692'>2.69</span>", "<span data-toggle='tooltip' data-placement='right' title='原始值：0.03054'>0.031</span>", "*", "正常"], ["安徽省", "淮河流域", "<span data-toggle='tooltip' data-placement='right' title='所在地市:蚌埠市&#10;所属河流:淮河'>蚌埠闸上(蚌埠闸)</span>", "02-07 08:00", "Ⅱ", "<span data-toggle='tooltip' data-placement='right' title='原始值：11.64'>11.6</span>", "<span data-toggle='tooltip' data-placement='right' title='原始值：7.8'>7.80</span>", "<span data-toggle='tooltip' data-placement='right' title='原始值：11.13'>11.13</span>", "<span data-toggle='tooltip' data-placement='right' title='原始值：674.58'>674.6</span>", "<span data-toggle='tooltip' data-placement='right' title='原始值：56.33'>56.3</span>", "<span data-toggle='tooltip' data-placement='right' title='原始值：3.129'>3.13</span>", "<span data-toggle='tooltip' data-placement='right' title='原始值：0.189'>0.189</span>", "<span data-toggle='tooltip' data-placement='right' title='原始值：0.062'>0.062</span>", "<span data-toggle='tooltip' data-placement='right' title='原始值：2.601'>2.60</span>", "*", "*", "正常"], ["安徽省", "淮河流域", "<span data-toggle='tooltip' data-placement='right' title='所在地市:淮南市&#10;所属河流:淮河'>石头埠(老)</span>", "02-07 08:00", "Ⅲ", "<span data-toggle='tooltip' data-placement='right' title='原始值：9.86002'>9.9</span>", "<span data-toggle='tooltip' data-placement='right' title='原始值：6.87539'>6.88</span>", "<span data-toggle='tooltip' data-placement='right' title='原始值：5.0821'>5.08</span>", "<span data-toggle='tooltip' data-placement='right' title='原始值：465.4187'>465.4</span>", "<span data-toggle='tooltip' data-placement='right' title='原始值：28.12695'>28.1</span>", "<span data-toggle='tooltip' data-placement='right' title='原始值：3.06'>3.06</span>", "<span data-toggle='tooltip' data-placement='right' title='原始值：0.24'>0.240</span>", "*", "*", "*", "*", "正常"], ["安徽省", "淮河流域", "<span data-toggle='tooltip' data-placement='right' title='所在地市:淮北市&#10;所属河流:沱河'>小王桥</span>", "02-07 08:00", "Ⅳ", "<span data-toggle='tooltip' data-placement='right' title='原始值：8.16'>8.2</span>", "<span data-toggle='tooltip' data-placement='right' title='原始值：8.1'>8.10</span>", "<span data-toggle='tooltip' data-placement='right' title='原始值：10.5'>10.50</span>", "<span data-toggle='tooltip' data-placement='right' title='原始值：1714.17'>1714.2</span>", "<span data-toggle='tooltip' data-placement='right' title='原始值：11.81'>11.8</span>", "<span data-toggle='tooltip' data-placement='right' title='原始值：6.045'>6.04</span>", "<span data-toggle='tooltip' data-placement='right' title='原始值：0.032'>0.032</span>", "<span data-toggle='tooltip' data-placement='right' title='原始值：0.079'>0.079</span>", "<span data-toggle='tooltip' data-placement='right' title='原始值：1.374'>1.37</span>", "*", "*", "正常"], ["安徽省", "长江流域", "<span data-toggle='tooltip' data-placement='right' title='所在地市:安庆市&#10;所属河流:长江'>皖河口</span>", "02-07 08:00", "Ⅲ", "<span data-toggle='tooltip' data-placement='right' title='原始值：12.2'>12.2</span>", "<span data-toggle='tooltip' data-placement='right' title='原始值：7.735'>7.74</span>", "<span data-toggle='tooltip' data-placement='right' title='原始值：9.28'>9.28</span>", "<span data-toggle='tooltip' data-placement='right' title='原始值：341.58'>341.6</span>", "<span data-toggle='tooltip' data-placement='right' title='原始值：59.02'>59.0</span>", "<span data-toggle='tooltip' data-placement='right' title='原始值：1.602'>1.60</span>", "<span data-toggle='tooltip' data-placement='right' title='原始值：0.513'>0.513</span>", "<span data-toggle='tooltip' data-placement='right' title='原始值：0.071'>0.071</span>", "<span data-toggle='tooltip' data-placement='right' title='原始值：2.115'>2.12</span>", "*", "*", "正常"], ["安徽省", "淮河流域", "<span data-toggle='tooltip' data-placement='right' title='所在地市:滁州市&#10;所属河流:淮河'>小柳巷</span>", null, "", "--", "--", "--", "--", "--", "--", "--", "--", "--", "*", "*", "停站"], ["安徽省", "淮河流域", "<span data-toggle='tooltip' data-placement='right' title='所在地市:阜阳市&#10;所属河流:黑茨河'>张大桥</span>", "02-07 08:00", "", "<span data-toggle='tooltip' data-placement='right' title='原始值：10'>10.0</span>", "<span data-toggle='tooltip' data-placement='right' title='原始值：8.47'>8.47</span>", "<span data-toggle='tooltip' data-placement='right' title='原始值：13.97'>13.97</span>", "<span data-toggle='tooltip' data-placement='right' title='原始值：2106'>2106.0</span>", "<span data-toggle='tooltip' data-placement='right' title='原始值：7.7'>7.7</span>", "<span data-toggle='tooltip' data-placement='right' title='原始值：4.41'>4.41</span>", "<span data-toggle='tooltip' data-placement='right' title='极值过滤'>--</span>", "<span data-toggle='tooltip' data-placement='right' title='原始值：0.094'>0.094</span>", "<span data-toggle='tooltip' data-placement='right' title='原始值：9.875'>9.88</span>", "*", "*", "维护"], ["安徽省", "淮河流域", "<span data-toggle='tooltip' data-placement='right' title='所在地市:阜阳市&#10;所属河流:淮河'>王家坝</span>", "02-07 08:00", "Ⅲ", "<span data-toggle='tooltip' data-placement='right' title='原始值：9.80999'>9.8</span>", "<span data-toggle='tooltip' data-placement='right' title='原始值：7.76471'>7.76</span>", "<span data-toggle='tooltip' data-placement='right' title='原始值：13.78703'>13.79</span>", "<span data-toggle='tooltip' data-placement='right' title='原始值：385.5921'>385.6</span>", "<span data-toggle='tooltip' data-placement='right' title='原始值：18.11639'>18.1</span>", "<span data-toggle='tooltip' data-placement='right' title='原始值：4.89'>4.89</span>", "<span data-toggle='tooltip' data-placement='right' title='原始值：0.259'>0.259</span>", "<span data-toggle='tooltip' data-placement='right' title='原始值：0.07814'>0.078</span>", "<span data-toggle='tooltip' data-placement='right' title='原始值：1.74241'>1.74</span>", "*", "*", "正常"], ["安徽省", "淮河流域", "<span data-toggle='tooltip' data-placement='right' title='所在地市:阜阳市&#10;所属河流:颍河'>界首七渡口(七渡口)</span>", "02-07 08:00", "Ⅱ", "<span data-toggle='tooltip' data-placement='right' title='原始值：8.37692'>8.4</span>", "<span data-toggle='tooltip' data-placement='right' title='原始值：8.10547'>8.11</span>", "<span data-toggle='tooltip' data-placement='right' title='原始值：7.65971'>7.66</span>", "<span data-toggle='tooltip' data-placement='right' title='原始值：868.1887'>868.2</span>", "<span data-toggle='tooltip' data-placement='right' title='原始值：11.99961'>12.0</span>", "<span data-toggle='tooltip' data-placement='right' title='原始值：3.93'>3.93</span>", "<span data-toggle='tooltip' data-placement='right' title='原始值：0.49'>0.490</span>", "<span data-toggle='tooltip' data-placement='right' title='原始值：0.09257'>0.093</span>", "<span data-toggle='tooltip' data-placement='right' title='原始值：7.58543'>7.59</span>", "*", "*", "正常"], ["安徽省", "淮河流域", "<span data-toggle='tooltip' data-placement='right' title='所在地市:阜阳市&#10;所属河流:泉河'>许庄(徐庄)</span>", "02-07 08:00", "Ⅱ", "<span data-toggle='tooltip' data-placement='right' title='原始值：7.1'>7.1</span>", "<span data-toggle='tooltip' data-placement='right' title='原始值：7.68'>7.68</span>", "<span data-toggle='tooltip' data-placement='right' title='原始值：10.87'>10.87</span>", "<span data-toggle='tooltip' data-placement='right' title='原始值：1057.6'>1057.6</span>", "<span data-toggle='tooltip' data-placement='right' title='原始值：16.13'>16.1</span>", "<span data-toggle='tooltip' data-placement='right' title='原始值：2.33'>2.33</span>", "<span data-toggle='tooltip' data-placement='right' title='原始值：0.09'>0.090</span>", "<span data-toggle='tooltip' data-placement='right' title='原始值：0.026'>0.026</span>", "<span data-toggle='tooltip' data-placement='right' title='原始值：3.151'>3.15</span>", "*", "*", "正常"], ["安徽省", "淮河流域", "<span data-toggle='tooltip' data-placement='right' title='所在地市:宿州市&#10;所属河流:奎河'>杨庄</span>", "02-07 08:00", "Ⅲ", "<span data-toggle='tooltip' data-placement='right' title='原始值：10.6'>10.6</span>", "<span data-toggle='tooltip' data-placement='right' title='原始值：7.24'>7.24</span>", "<span data-toggle='tooltip' data-placement='right' title='原始值：9.43'>9.43</span>", "<span data-toggle='tooltip' data-placement='right' title='原始值：1069.1'>1069.1</span>", "<span data-toggle='tooltip' data-placement='right' title='原始值：63.91'>63.9</span>", "<span data-toggle='tooltip' data-placement='right' title='原始值：5.98'>5.98</span>", "<span data-toggle='tooltip' data-placement='right' title='原始值：0.861'>0.861</span>", "*", "*", "*", "*", "正常"], ["安徽省", "淮河流域", "<span data-toggle='tooltip' data-placement='right' title='所在地市:宿州市&#10;所属河流:新汴河'>泗县公路桥</span>", "02-07 08:00", "Ⅱ", "<span data-toggle='tooltip' data-placement='right' title='原始值：9.4'>9.4</span>", "<span data-toggle='tooltip' data-placement='right' title='原始值：8.16'>8.16</span>", "<span data-toggle='tooltip' data-placement='right' title='原始值：10.74'>10.74</span>", "<span data-toggle='tooltip' data-placement='right' title='原始值：964.7'>964.7</span>", "<span data-toggle='tooltip' data-placement='right' title='原始值：30.53'>30.5</span>", "<span data-toggle='tooltip' data-placement='right' title='原始值：3.72'>3.72</span>", "<span data-toggle='tooltip' data-placement='right' title='原始值：0.08'>0.080</span>", "*", "*", "*", "*", "正常"], ["安徽省", "淮河流域", "<span data-toggle='tooltip' data-placement='right' title='所在地市:亳州市&#10;所属河流:包河'>颜集</span>", "02-07 08:00", "Ⅲ", "<span data-toggle='tooltip' data-placement='right' title='原始值：9.1'>9.1</span>", "<span data-toggle='tooltip' data-placement='right' title='原始值：8.37'>8.37</span>", "<span data-toggle='tooltip' data-placement='right' title='原始值：12.72'>12.72</span>", "<span data-toggle='tooltip' data-placement='right' title='原始值：1762.1'>1762.1</span>", "<span data-toggle='tooltip' data-placement='right' title='原始值：177.58'>177.6</span>", "<span data-toggle='tooltip' data-placement='right' title='原始值：4.42'>4.42</span>", "<span data-toggle='tooltip' data-placement='right' title='原始值：0.41'>0.410</span>", "<span data-toggle='tooltip' data-placement='right' title='原始值：0.091'>0.091</span>", "<span data-toggle='tooltip' data-placement='right' title='原始值：5.573'>5.57</span>", "*", "*", "正常"], ["福建省", "浙闽片河流", "<span data-toggle='tooltip' data-placement='right' title='所在地市:福州市&#10;所属河流:闽江'>白岩潭</span>", "02-07 08:00", "Ⅲ", "<span data-toggle='tooltip' data-placement='right' title='原始值：15.8'>15.8</span>", "<span data-toggle='tooltip' data-placement='right' title='原始值：7.56'>7.56</span>", "<span data-toggle='tooltip' data-placement='right' title='原始值：6.57'>6.57</span>", "<span data-toggle='tooltip' data-placement='right' title='原始值：10312'>10312.0</span>", "<span data-toggle='tooltip' data-placement='right' title='原始值：265.97'>266.0</span>", "<span data-toggle='tooltip' data-placement='right' title='原始值：4.84'>4.84</span>", "<span data-toggle='tooltip' data-placement='right' title='原始值：0.187'>0.187</span>", "*", "*", "*", "*", "正常"], ["江西省", "长江流域", "<span data-toggle='tooltip' data-placement='right' title='所在地市:南昌市&#10;所属河流:赣江南支'>滁槎</span>", "02-07 08:00", "Ⅱ", "<span data-toggle='tooltip' data-placement='right' title='原始值：12.78404'>12.8</span>", "<span data-toggle='tooltip' data-placement='right' title='原始值：7.01054'>7.01</span>", "<span data-toggle='tooltip' data-placement='right' title='原始值：9.92202'>9.92</span>", "<span data-toggle='tooltip' data-placement='right' title='原始值：223.7414'>223.7</span>", "<span data-toggle='tooltip' data-placement='right' title='原始值：29.69611'>29.7</span>", "<span data-toggle='tooltip' data-placement='right' title='原始值：1.16'>1.16</span>", "<span data-toggle='tooltip' data-placement='right' title='原始值：0.46'>0.460</span>", "<span data-toggle='tooltip' data-placement='right' title='原始值：0.0575'>0.058</span>", "<span data-toggle='tooltip' data-placement='right' title='原始值：1.51'>1.51</span>", "*", "*", "正常"], ["江西省", "长江流域", "<span data-toggle='tooltip' data-placement='right' title='所在地市:九江市&#10;所属河流:长江'>姚港(河西水厂)</span>", "02-07 08:00", "Ⅱ", "<span data-toggle='tooltip' data-placement='right' title='原始值：12.54'>12.5</span>", "<span data-toggle='tooltip' data-placement='right' title='原始值：7.39'>7.39</span>", "<span data-toggle='tooltip' data-placement='right' title='原始值：9.64'>9.64</span>", "<span data-toggle='tooltip' data-placement='right' title='原始值：374.19'>374.2</span>", "<span data-toggle='tooltip' data-placement='right' title='原始值：28.11'>28.1</span>", "<span data-toggle='tooltip' data-placement='right' title='原始值：1.381'>1.38</span>", "<span data-toggle='tooltip' data-placement='right' title='原始值：0.089'>0.089</span>", "<span data-toggle='tooltip' data-placement='right' title='原始值：0.078'>0.078</span>", "<span data-toggle='tooltip' data-placement='right' title='原始值：2.04'>2.04</span>", "*", "*", "正常"], ["江西省", "长江流域", "<span data-toggle='tooltip' data-placement='right' title='所在地市:九江市&#10;所属河流:鄱阳湖'>蛤蟆石</span>", "02-07 08:00", "Ⅱ", "<span data-toggle='tooltip' data-placement='right' title='原始值：11.8'>11.8</span>", "<span data-toggle='tooltip' data-placement='right' title='原始值：7.36'>7.36</span>", "<span data-toggle='tooltip' data-placement='right' title='原始值：9.95'>9.95</span>", "<span data-toggle='tooltip' data-placement='right' title='原始值：218.56'>218.6</span>", "<span data-toggle='tooltip' data-placement='right' title='原始值：28.72'>28.7</span>", "<span data-toggle='tooltip' data-placement='right' title='原始值：1.607'>1.61</span>", "<span data-toggle='tooltip' data-placement='right' title='原始值：0.139'>0.139</span>", "<span data-toggle='tooltip' data-placement='right' title='原始值：0.021'>0.021</span>", "<span data-toggle='tooltip' data-placement='right' title='原始值：1.609'>1.61</span>", "<span data-toggle='tooltip' data-placement='right' title='原始值：0.00212'>0.002</span>", "<span data-toggle='tooltip' data-placement='right' title='原始值：1371741'>1371741</span>", "正常"], ["山东省", "黄河流域", "<span data-toggle='tooltip' data-placement='right' title='所在地市:济南市&#10;所属河流:黄河'>泺口</span>", null, "", "--", "--", "--", "--", "--", "--", "--", "--", "--", "*", "*", "停站"], ["山东省", "淮河流域", "<span data-toggle='tooltip' data-placement='right' title='所在地市:枣庄市&#10;所属河流:京杭大运河（韩庄运河）'>台儿庄大桥</span>", "02-07 08:00", "Ⅲ", "<span data-toggle='tooltip' data-placement='right' title='原始值：6.44032'>6.4</span>", "<span data-toggle='tooltip' data-placement='right' title='原始值：8.13046'>8.13</span>", "<span data-toggle='tooltip' data-placement='right' title='原始值：12.00214'>12.00</span>", "<span data-toggle='tooltip' data-placement='right' title='原始值：810.2404'>810.2</span>", "<span data-toggle='tooltip' data-placement='right' title='原始值：18.21232'>18.2</span>", "<span data-toggle='tooltip' data-placement='right' title='原始值：4.53766'>4.54</span>", "<span data-toggle='tooltip' data-placement='right' title='原始值：0.08844'>0.088</span>", "<span data-toggle='tooltip' data-placement='right' title='原始值：0.05041'>0.050</span>", "<span data-toggle='tooltip' data-placement='right' title='原始值：3.49332'>3.49</span>", "*", "*", "正常"], ["山东省", "淮河流域", "<span data-toggle='tooltip' data-placement='right' title='所在地市:临沂市&#10;所属河流:沭河'>清泉寺</span>", "02-07 08:00", "Ⅲ", "<span data-toggle='tooltip' data-placement='right' title='原始值：9.73524'>9.7</span>", "<span data-toggle='tooltip' data-placement='right' title='原始值：7.40776'>7.41</span>", "<span data-toggle='tooltip' data-placement='right' title='原始值：7.56016'>7.56</span>", "<span data-toggle='tooltip' data-placement='right' title='原始值：1360.095'>1360.1</span>", "<span data-toggle='tooltip' data-placement='right' title='原始值：8.30671'>8.3</span>", "<span data-toggle='tooltip' data-placement='right' title='原始值：4.75'>4.75</span>", "<span data-toggle='tooltip' data-placement='right' title='原始值：0.29'>0.290</span>", "*", "*", "*", "*", "正常"], ["山东省", "淮河流域", "<span data-toggle='tooltip' data-placement='right' title='所在地市:临沂市&#10;所属河流:沂河'>重坊桥</span>", "02-07 08:00", "Ⅲ", "<span data-toggle='tooltip' data-placement='right' title='原始值：8.55834'>8.6</span>", "<span data-toggle='tooltip' data-placement='right' title='原始值：7.84999'>7.85</span>", "<span data-toggle='tooltip' data-placement='right' title='原始值：10.79083'>10.79</span>", "<span data-toggle='tooltip' data-placement='right' title='原始值：949.0926'>949.1</span>", "<span data-toggle='tooltip' data-placement='right' title='原始值：25.18149'>25.2</span>", "<span data-toggle='tooltip' data-placement='right' title='原始值：4.2'>4.20</span>", "<span data-toggle='tooltip' data-placement='right' title='原始值：0.55538'>0.555</span>", "*", "*", "*", "*", "正常"], ["山东省", "淮河流域", "<span data-toggle='tooltip' data-placement='right' title='所在地市:临沂市&#10;所属河流:白马河'>捷庄(涝沟桥)</span>", "02-07 08:00", "Ⅲ", "<span data-toggle='tooltip' data-placement='right' title='原始值：9.9'>9.9</span>", "<span data-toggle='tooltip' data-placement='right' title='原始值：7.6425'>7.64</span>", "<span data-toggle='tooltip' data-placement='right' title='原始值：14.23936'>14.24</span>", "<span data-toggle='tooltip' data-placement='right' title='原始值：951'>951.0</span>", "<span data-toggle='tooltip' data-placement='right' title='原始值：7.30061'>7.3</span>", "<span data-toggle='tooltip' data-placement='right' title='原始值：5.03'>5.03</span>", "<span data-toggle='tooltip' data-placement='right' title='原始值：0.12209'>0.122</span>", "<span data-toggle='tooltip' data-placement='right' title='原始值：0.09507'>0.095</span>", "<span data-toggle='tooltip' data-placement='right' title='原始值：7.99493'>7.99</span>", "*", "*", "正常"], ["山东省", "海河流域", "<span data-toggle='tooltip' data-placement='right' title='所在地市:聊城市&#10;所属河流:卫运河'>秤勾湾(秤钩湾)</span>", null, "", "--", "--", "--", "--", "--", "--", "--", "--", "--", "*", "*", "停站"], ["河南省", "长江流域", "<span data-toggle='tooltip' data-placement='right' title='所在地市:南阳市&#10;所属河流:丹江口水库'>陶岔</span>", "02-07 08:00", "Ⅱ", "<span data-toggle='tooltip' data-placement='right' title='原始值：11.39'>11.4</span>", "<span data-toggle='tooltip' data-placement='right' title='原始值：7.87554'>7.88</span>", "<span data-toggle='tooltip' data-placement='right' title='原始值：10.59276'>10.59</span>", "<span data-toggle='tooltip' data-placement='right' title='原始值：295.8781'>295.9</span>", "<span data-toggle='tooltip' data-placement='right' title='原始值：4.00611'>4.0</span>", "<span data-toggle='tooltip' data-placement='right' title='原始值：2.23'>2.23</span>", "<span data-toggle='tooltip' data-placement='right' title='原始值：0.03028'>0.030</span>", "<span data-toggle='tooltip' data-placement='right' title='原始值：0.01298'>0.013</span>", "<span data-toggle='tooltip' data-placement='right' title='原始值：0.94759'>0.95</span>", "<span data-toggle='tooltip' data-placement='right' title='原始值：0.0047'>0.005</span>", "<span data-toggle='tooltip' data-placement='right' title='原始值：191119.6'>191120</span>", "正常"], ["河南省", "淮河流域", "<span data-toggle='tooltip' data-placement='right' title='所在地市:商丘市&#10;所属河流:浍河'>黄口</span>", "02-07 08:00", "Ⅲ", "<span data-toggle='tooltip' data-placement='right' title='原始值：8.94844'>8.9</span>", "<span data-toggle='tooltip' data-placement='right' title='原始值：7.71016'>7.71</span>", "<span data-toggle='tooltip' data-placement='right' title='原始值：9.87484'>9.87</span>", "<span data-toggle='tooltip' data-placement='right' title='原始值：1633'>1633.0</span>", "<span data-toggle='tooltip' data-placement='right' title='原始值：35.19382'>35.2</span>", "<span data-toggle='tooltip' data-placement='right' title='原始值：4.93'>4.93</span>", "<span data-toggle='tooltip' data-placement='right' title='原始值：0.17285'>0.173</span>", "<span data-toggle='tooltip' data-placement='right' title='原始值：0.119'>0.119</span>", "<span data-toggle='tooltip' data-placement='right' title='原始值：5.07735'>5.08</span>", "*", "*", "正常"], ["河南省", "淮河流域", "<span data-toggle='tooltip' data-placement='right' title='所在地市:信阳市&#10;所属河流:史灌河'>蒋集</span>", "02-07 08:00", "", "<span data-toggle='tooltip' data-placement='right' title='原始值：16.09756'>16.1</span>", "<span data-toggle='tooltip' data-placement='right' title='原始值：7.342'>7.34</span>", "<span data-toggle='tooltip' data-placement='right' title='原始值：7.875'>7.88</span>", "<span data-toggle='tooltip' data-placement='right' title='极值过滤'>--</span>", "<span data-toggle='tooltip' data-placement='right' title='极值过滤'>--</span>", "<span data-toggle='tooltip' data-placement='right' title='原始值：2.76'>2.76</span>", "<span data-toggle='tooltip' data-placement='right' title='极值过滤'>--</span>", "*", "*", "*", "*", "维护"], ["河南省", "淮河流域", "<span data-toggle='tooltip' data-placement='right' title='所在地市:信阳市&#10;所属河流:淮河'>息县大埠口</span>", null, "", "*", "--", "*", "*", "*", "*", "*", "*", "*", "*", "*", "维护"], ["河南省", "淮河流域", "<span data-toggle='tooltip' data-placement='right' title='所在地市:信阳市&#10;所属河流:淮河'>淮滨水文站(淮滨)</span>", "02-07 08:00", "Ⅲ", "<span data-toggle='tooltip' data-placement='right' title='原始值：10.4'>10.4</span>", "<span data-toggle='tooltip' data-placement='right' title='原始值：7.71'>7.71</span>", "<span data-toggle='tooltip' data-placement='right' title='原始值：13.19934'>13.20</span>", "<span data-toggle='tooltip' data-placement='right' title='原始值：317'>317.0</span>", "<span data-toggle='tooltip' data-placement='right' title='原始值：44.71994'>44.7</span>", "<span data-toggle='tooltip' data-placement='right' title='原始值：4.70344'>4.70</span>", "<span data-toggle='tooltip' data-placement='right' title='原始值：0.02074'>0.021</span>", "<span data-toggle='tooltip' data-placement='right' title='原始值：0.13446'>0.134</span>", "<span data-toggle='tooltip' data-placement='right' title='原始值：2.14077'>2.14</span>", "*", "*", "正常"], ["河南省", "淮河流域", "<span data-toggle='tooltip' data-placement='right' title='所在地市:周口市&#10;所属河流:沙河'>沈丘闸</span>", "02-07 08:00", "Ⅲ", "<span data-toggle='tooltip' data-placement='right' title='原始值：8.27881'>8.3</span>", "<span data-toggle='tooltip' data-placement='right' title='原始值：7.78321'>7.78</span>", "<span data-toggle='tooltip' data-placement='right' title='原始值：9.57913'>9.58</span>", "<span data-toggle='tooltip' data-placement='right' title='原始值：1068.364'>1068.4</span>", "<span data-toggle='tooltip' data-placement='right' title='原始值：7.35482'>7.4</span>", "<span data-toggle='tooltip' data-placement='right' title='原始值：4.005'>4.00</span>", "<span data-toggle='tooltip' data-placement='right' title='原始值：0.47'>0.470</span>", "*", "*", "*", "*", "正常"], ["河南省", "淮河流域", "<span data-toggle='tooltip' data-placement='right' title='所在地市:周口市&#10;所属河流:涡河'>鹿邑付桥(鹿邑付桥闸)</span>", null, "", "--", "--", "--", "--", "--", "--", "--", "--", "--", "*", "*", "停站"], ["河南省", "淮河流域", "<span data-toggle='tooltip' data-placement='right' title='所在地市:驻马店市&#10;所属河流:洪河'>新蔡班台(班台)</span>", "02-07 08:00", "Ⅲ", "<span data-toggle='tooltip' data-placement='right' title='原始值：16.1085'>16.1</span>", "<span data-toggle='tooltip' data-placement='right' title='原始值：7.22699'>7.23</span>", "<span data-toggle='tooltip' data-placement='right' title='原始值：12.81917'>12.82</span>", "<span data-toggle='tooltip' data-placement='right' title='原始值：593.616'>593.6</span>", "<span data-toggle='tooltip' data-placement='right' title='原始值：44.73246'>44.7</span>", "<span data-toggle='tooltip' data-placement='right' title='原始值：4.56478'>4.56</span>", "<span data-toggle='tooltip' data-placement='right' title='原始值：0.32'>0.320</span>", "<span data-toggle='tooltip' data-placement='right' title='原始值：0.05297'>0.053</span>", "<span data-toggle='tooltip' data-placement='right' title='原始值：5.12444'>5.12</span>", "*", "*", "正常"], ["河南省", "黄河流域", "<span data-toggle='tooltip' data-placement='right' title='所在地市:济源市&#10;所属河流:黄河'>小浪底水库(小浪底)</span>", "02-07 08:00", "Ⅱ", "<span data-toggle='tooltip' data-placement='right' title='原始值：5.28691'>5.3</span>", "<span data-toggle='tooltip' data-placement='right' title='原始值：8.24226'>8.24</span>", "<span data-toggle='tooltip' data-placement='right' title='原始值：13.49498'>13.49</span>", "<span data-toggle='tooltip' data-placement='right' title='原始值：852.387'>852.4</span>", "<span data-toggle='tooltip' data-placement='right' title='原始值：695.3485'>695.3</span>", "<span data-toggle='tooltip' data-placement='right' title='原始值：1.8975'>1.90</span>", "<span data-toggle='tooltip' data-placement='right' title='原始值：0.25'>0.250</span>", "<span data-toggle='tooltip' data-placement='right' title='原始值：0.042'>0.042</span>", "<span data-toggle='tooltip' data-placement='right' title='原始值：3.915'>3.92</span>", "*", "*", "正常"], ["湖北省", "长江流域", "<span data-toggle='tooltip' data-placement='right' title='所在地市:武汉市&#10;所属河流:汉江'>宗关</span>", "02-07 08:00", "", "<span data-toggle='tooltip' data-placement='right' title='原始值：11.34'>11.3</span>", "<span data-toggle='tooltip' data-placement='right' title='原始值：8.029722'>8.03</span>", "<span data-toggle='tooltip' data-placement='right' title='原始值：11.59656'>11.60</span>", "<span data-toggle='tooltip' data-placement='right' title='原始值：298.7957'>298.8</span>", "<span data-toggle='tooltip' data-placement='right' title='原始值：28.45279'>28.5</span>", "<span data-toggle='tooltip' data-placement='right' title='原始值：2.69'>2.69</span>", "<span data-toggle='tooltip' data-placement='right' title='原始值：0.064'>0.064</span>", "<span data-toggle='tooltip' data-placement='right' title='极值过滤'>--</span>", "<span data-toggle='tooltip' data-placement='right' title='极值过滤'>--</span>", "<span data-toggle='tooltip' data-placement='right' title='原始值：0.021875'>0.022</span>", "*", "维护"], ["湖北省", "长江流域", "<span data-toggle='tooltip' data-placement='right' title='所在地市:十堰市&#10;所属河流:丹江口水库'>坝上中(胡家岭)</span>", "02-07 08:00", "Ⅱ", "<span data-toggle='tooltip' data-placement='right' title='原始值：11.13'>11.1</span>", "<span data-toggle='tooltip' data-placement='right' title='原始值：7.886556'>7.89</span>", "<span data-toggle='tooltip' data-placement='right' title='原始值：10.07669'>10.08</span>", "<span data-toggle='tooltip' data-placement='right' title='原始值：274.472'>274.5</span>", "<span data-toggle='tooltip' data-placement='right' title='原始值：3.808468'>3.8</span>", "<span data-toggle='tooltip' data-placement='right' title='原始值：2.13'>2.13</span>", "<span data-toggle='tooltip' data-placement='right' title='原始值：0.096'>0.096</span>", "<span data-toggle='tooltip' data-placement='right' title='原始值：0.002'>0.002</span>", "<span data-toggle='tooltip' data-placement='right' title='原始值：1.315'>1.32</span>", "<span data-toggle='tooltip' data-placement='right' title='原始值：0.008129'>0.008</span>", "<span data-toggle='tooltip' data-placement='right' title='原始值：8523000'>8523000</span>", "正常"], ["湖北省", "长江流域", "<span data-toggle='tooltip' data-placement='right' title='所在地市:宜昌市&#10;所属河流:长江'>南津关</span>", "02-07 08:00", "Ⅱ", "<span data-toggle='tooltip' data-placement='right' title='原始值：13.21'>13.2</span>", "<span data-toggle='tooltip' data-placement='right' title='原始值：7.926467'>7.93</span>", "<span data-toggle='tooltip' data-placement='right' title='原始值：9.242727'>9.24</span>", "<span data-toggle='tooltip' data-placement='right' title='原始值：454.094'>454.1</span>", "<span data-toggle='tooltip' data-placement='right' title='原始值：3.225792'>3.2</span>", "<span data-toggle='tooltip' data-placement='right' title='原始值：1.21'>1.21</span>", "<span data-toggle='tooltip' data-placement='right' title='原始值：0.06'>0.060</span>", "<span data-toggle='tooltip' data-placement='right' title='原始值：0.052'>0.052</span>", "<span data-toggle='tooltip' data-placement='right' title='原始值：1.646'>1.65</span>", "<span data-toggle='tooltip' data-placement='right' title='原始值：0.0039024'>0.004</span>", "*", "正常"], ["湖南省", "长江流域", "<span data-toggle='tooltip' data-placement='right' title='所在地市:长沙市&#10;所属河流:湘江'>新港</span>", "02-07 08:00", "Ⅱ", "<span data-toggle='tooltip' data-placement='right' title='原始值：11.66'>11.7</span>", "<span data-toggle='tooltip' data-placement='right' title='原始值：7.37'>7.37</span>", "<span data-toggle='tooltip' data-placement='right' title='原始值：10.18'>10.18</span>", "<span data-toggle='tooltip' data-placement='right' title='原始值：293'>293.0</span>", "<span data-toggle='tooltip' data-placement='right' title='原始值：18.91'>18.9</span>", "<span data-toggle='tooltip' data-placement='right' title='原始值：2.71'>2.71</span>", "<span data-toggle='tooltip' data-placement='right' title='原始值：0.21'>0.210</span>", "<span data-toggle='tooltip' data-placement='right' title='原始值：0.024'>0.024</span>", "<span data-toggle='tooltip' data-placement='right' title='原始值：2.89'>2.89</span>", "*", "*", "正常"], ["湖南省", "长江流域", "<span data-toggle='tooltip' data-placement='right' title='所在地市:岳阳市&#10;所属河流:洞庭湖'>岳阳楼</span>", "02-07 08:00", "Ⅴ", "<span data-toggle='tooltip' data-placement='right' title='原始值：10.73'>10.7</span>", "<span data-toggle='tooltip' data-placement='right' title='原始值：7.962533'>7.96</span>", "<span data-toggle='tooltip' data-placement='right' title='原始值：9.489127'>9.49</span>", "<span data-toggle='tooltip' data-placement='right' title='原始值：270.5739'>270.6</span>", "<span data-toggle='tooltip' data-placement='right' title='原始值：42.97012'>43.0</span>", "<span data-toggle='tooltip' data-placement='right' title='原始值：1.85'>1.85</span>", "<span data-toggle='tooltip' data-placement='right' title='原始值：0.008'>0.008</span>", "<span data-toggle='tooltip' data-placement='right' title='原始值：0.107'>0.107</span>", "<span data-toggle='tooltip' data-placement='right' title='原始值：2.818'>2.82</span>", "<span data-toggle='tooltip' data-placement='right' title='原始值：0.0031875'>0.003</span>", "<span data-toggle='tooltip' data-placement='right' title='原始值：285.504'>286</span>", "正常"], ["湖南省", "长江流域", "<span data-toggle='tooltip' data-placement='right' title='所在地市:岳阳市&#10;所属河流:长江'>城陵矶</span>", "02-07 08:00", "Ⅱ", "<span data-toggle='tooltip' data-placement='right' title='原始值：11.83'>11.8</span>", "<span data-toggle='tooltip' data-placement='right' title='原始值：7.633227'>7.63</span>", "<span data-toggle='tooltip' data-placement='right' title='原始值：10.85271'>10.85</span>", "<span data-toggle='tooltip' data-placement='right' title='原始值：298.246'>298.2</span>", "<span data-toggle='tooltip' data-placement='right' title='原始值：41.27605'>41.3</span>", "<span data-toggle='tooltip' data-placement='right' title='原始值：2.12'>2.12</span>", "<span data-toggle='tooltip' data-placement='right' title='原始值：0.015'>0.015</span>", "<span data-toggle='tooltip' data-placement='right' title='原始值：0.088'>0.088</span>", "<span data-toggle='tooltip' data-placement='right' title='原始值：1.676'>1.68</span>", "*", "*", "正常"], ["广东省", "珠江流域", "<span data-toggle='tooltip' data-placement='right' title='所在地市:清远市&#10;所属河流:北江'>七星岗</span>", "02-07 08:00", "Ⅱ", "<span data-toggle='tooltip' data-placement='right' title='原始值：20.7471'>20.7</span>", "<span data-toggle='tooltip' data-placement='right' title='原始值：7.56854'>7.57</span>", "<span data-toggle='tooltip' data-placement='right' title='原始值：9.72289'>9.72</span>", "<span data-toggle='tooltip' data-placement='right' title='原始值：290.4268'>290.4</span>", "<span data-toggle='tooltip' data-placement='right' title='原始值：15.85455'>15.9</span>", "<span data-toggle='tooltip' data-placement='right' title='原始值：2.2'>2.20</span>", "<span data-toggle='tooltip' data-placement='right' title='原始值：0.09132'>0.091</span>", "<span data-toggle='tooltip' data-placement='right' title='原始值：0.02589'>0.026</span>", "<span data-toggle='tooltip' data-placement='right' title='原始值：1.685'>1.68</span>", "*", "*", "正常"], ["广东省", "珠江流域", "<span data-toggle='tooltip' data-placement='right' title='所在地市:中山市&#10;所属河流:西江'>横栏</span>", "02-07 08:00", "Ⅰ", "<span data-toggle='tooltip' data-placement='right' title='原始值：20'>20.0</span>", "<span data-toggle='tooltip' data-placement='right' title='原始值：7.66'>7.66</span>", "<span data-toggle='tooltip' data-placement='right' title='原始值：8.46'>8.46</span>", "<span data-toggle='tooltip' data-placement='right' title='原始值：343'>343.0</span>", "<span data-toggle='tooltip' data-placement='right' title='原始值：5.2'>5.2</span>", "<span data-toggle='tooltip' data-placement='right' title='原始值：1.63'>1.63</span>", "<span data-toggle='tooltip' data-placement='right' title='原始值：0.002'>0.002</span>", "*", "*", "*", "*", "正常"], ["广西壮族自治区", "珠江流域", "<span data-toggle='tooltip' data-placement='right' title='所在地市:南宁市&#10;所属河流:邕江'>老口</span>", "02-07 08:00", "Ⅰ", "<span data-toggle='tooltip' data-placement='right' title='原始值：19.1212'>19.1</span>", "<span data-toggle='tooltip' data-placement='right' title='原始值：8.01286'>8.01</span>", "<span data-toggle='tooltip' data-placement='right' title='原始值：9.00582'>9.01</span>", "<span data-toggle='tooltip' data-placement='right' title='原始值：311.9558'>312.0</span>", "<span data-toggle='tooltip' data-placement='right' title='原始值：10.47149'>10.5</span>", "<span data-toggle='tooltip' data-placement='right' title='原始值：1.31055'>1.31</span>", "<span data-toggle='tooltip' data-placement='right' title='原始值：0.12886'>0.129</span>", "<span data-toggle='tooltip' data-placement='right' title='原始值：0.01301'>0.013</span>", "<span data-toggle='tooltip' data-placement='right' title='原始值：1.3476'>1.35</span>", "*", "*", "正常"], ["广西壮族自治区", "珠江流域", "<span data-toggle='tooltip' data-placement='right' title='所在地市:桂林市&#10;所属河流:漓江'>阳朔</span>", "02-07 08:00", "", "<span data-toggle='tooltip' data-placement='right' title='原始值：19'>19.0</span>", "<span data-toggle='tooltip' data-placement='right' title='原始值：8.21'>8.21</span>", "<span data-toggle='tooltip' data-placement='right' title='原始值：10.412'>10.41</span>", "<span data-toggle='tooltip' data-placement='right' title='原始值：153.653'>153.7</span>", "<span data-toggle='tooltip' data-placement='right' title='原始值：0.737'>0.7</span>", "<span data-toggle='tooltip' data-placement='right' title='原始值：1.41'>1.41</span>", "<span data-toggle='tooltip' data-placement='right' title='原始值：0.028'>0.028</span>", "<span data-toggle='tooltip' data-placement='right' title='原始值：0.023'>0.023</span>", "<span data-toggle='tooltip' data-placement='right' title='原始值：1.502'>1.50</span>", "*", "*", "维护"], ["广西壮族自治区", "珠江流域", "<span data-toggle='tooltip' data-placement='right' title='所在地市:梧州市&#10;所属河流:浔江'>界首</span>", null, "", "--", "--", "--", "--", "--", "--", "--", "--", "--", "*", "*", "停站"], ["广西壮族自治区", "珠江流域", "<span data-toggle='tooltip' data-placement='right' title='所在地市:贵港市&#10;所属河流:浔江'>石嘴</span>", "02-07 08:00", "Ⅱ", "<span data-toggle='tooltip' data-placement='right' title='原始值：20.42359'>20.4</span>", "<span data-toggle='tooltip' data-placement='right' title='原始值：8.09127'>8.09</span>", "<span data-toggle='tooltip' data-placement='right' title='原始值：9.94779'>9.95</span>", "<span data-toggle='tooltip' data-placement='right' title='原始值：314.9213'>314.9</span>", "<span data-toggle='tooltip' data-placement='right' title='原始值：3.80933'>3.8</span>", "<span data-toggle='tooltip' data-placement='right' title='原始值：0.97'>0.97</span>", "<span data-toggle='tooltip' data-placement='right' title='原始值：0.2'>0.200</span>", "<span data-toggle='tooltip' data-placement='right' title='原始值：0.01892'>0.019</span>", "<span data-toggle='tooltip' data-placement='right' title='原始值：2.3354'>2.34</span>", "*", "*", "正常"], ["广西壮族自治区", "珠江流域", "<span data-toggle='tooltip' data-placement='right' title='所在地市:崇左市&#10;所属河流:平而河'>平而关</span>", "02-07 08:00", "Ⅰ", "<span data-toggle='tooltip' data-placement='right' title='原始值：20.4912'>20.5</span>", "<span data-toggle='tooltip' data-placement='right' title='原始值：7.9688'>7.97</span>", "<span data-toggle='tooltip' data-placement='right' title='原始值：8.6279'>8.63</span>", "<span data-toggle='tooltip' data-placement='right' title='原始值：260.7484'>260.7</span>", "<span data-toggle='tooltip' data-placement='right' title='原始值：17.01021'>17.0</span>", "<span data-toggle='tooltip' data-placement='right' title='原始值：1.555'>1.56</span>", "<span data-toggle='tooltip' data-placement='right' title='原始值：0.06'>0.060</span>", "*", "*", "*", "*", "正常"], ["重庆市", "长江流域", "<span data-toggle='tooltip' data-placement='right' title='所在地市:永川区&#10;所属河流:长江'>朱沱</span>", "02-07 08:00", "Ⅱ", "<span data-toggle='tooltip' data-placement='right' title='原始值：12.7'>12.7</span>", "<span data-toggle='tooltip' data-placement='right' title='原始值：7.8'>7.80</span>", "<span data-toggle='tooltip' data-placement='right' title='原始值：10.52'>10.52</span>", "<span data-toggle='tooltip' data-placement='right' title='原始值：450.2'>450.2</span>", "<span data-toggle='tooltip' data-placement='right' title='原始值：15.49'>15.5</span>", "<span data-toggle='tooltip' data-placement='right' title='原始值：1.072'>1.07</span>", "<span data-toggle='tooltip' data-placement='right' title='原始值：0.014'>0.014</span>", "<span data-toggle='tooltip' data-placement='right' title='原始值：0.05'>0.050</span>", "<span data-toggle='tooltip' data-placement='right' title='原始值：1.372'>1.37</span>", "*", "*", "正常"], ["四川省", "长江流域", "<span data-toggle='tooltip' data-placement='right' title='所在地市:攀枝花市&#10;所属河流:金沙江'>龙洞</span>", "02-07 08:00", "Ⅱ", "<span data-toggle='tooltip' data-placement='right' title='原始值：12.39'>12.4</span>", "<span data-toggle='tooltip' data-placement='right' title='原始值：8.34805'>8.35</span>", "<span data-toggle='tooltip' data-placement='right' title='原始值：9.003678'>9.00</span>", "<span data-toggle='tooltip' data-placement='right' title='原始值：866.561'>866.6</span>", "<span data-toggle='tooltip' data-placement='right' title='原始值：2.466655'>2.5</span>", "<span data-toggle='tooltip' data-placement='right' title='原始值：0.95'>0.95</span>", "<span data-toggle='tooltip' data-placement='right' title='原始值：0.294'>0.294</span>", "<span data-toggle='tooltip' data-placement='right' title='原始值：0.015358'>0.015</span>", "<span data-toggle='tooltip' data-placement='right' title='原始值：7.179519'>7.18</span>", "*", "*", "正常"], ["四川省", "长江流域", "<span data-toggle='tooltip' data-placement='right' title='所在地市:泸州市&#10;所属河流:沱江'>沱江大桥(沱江二桥)</span>", "02-07 08:00", "Ⅱ", "<span data-toggle='tooltip' data-placement='right' title='原始值：12.55'>12.6</span>", "<span data-toggle='tooltip' data-placement='right' title='原始值：8.339032'>8.34</span>", "<span data-toggle='tooltip' data-placement='right' title='原始值：10.76525'>10.77</span>", "<span data-toggle='tooltip' data-placement='right' title='原始值：621.8892'>621.9</span>", "<span data-toggle='tooltip' data-placement='right' title='原始值：8.029288'>8.0</span>", "<span data-toggle='tooltip' data-placement='right' title='原始值：2.63'>2.63</span>", "<span data-toggle='tooltip' data-placement='right' title='原始值：0.006'>0.006</span>", "<span data-toggle='tooltip' data-placement='right' title='原始值：0.0958896'>0.096</span>", "<span data-toggle='tooltip' data-placement='right' title='原始值：3.796545'>3.80</span>", "*", "*", "正常"], ["四川省", "长江流域", "<span data-toggle='tooltip' data-placement='right' title='所在地市:广元市&#10;所属河流:嘉陵江'>清风峡</span>", "02-07 04:00", "Ⅰ", "<span data-toggle='tooltip' data-placement='right' title='原始值：7.59999'>7.6</span>", "<span data-toggle='tooltip' data-placement='right' title='原始值：8.35563'>8.36</span>", "<span data-toggle='tooltip' data-placement='right' title='原始值：11.69073'>11.69</span>", "<span data-toggle='tooltip' data-placement='right' title='原始值：423.5648'>423.6</span>", "<span data-toggle='tooltip' data-placement='right' title='原始值：78.53798'>78.5</span>", "<span data-toggle='tooltip' data-placement='right' title='原始值：0.33'>0.33</span>", "<span data-toggle='tooltip' data-placement='right' title='原始值：0.11664'>0.117</span>", "*", "*", "*", "*", "正常"], ["四川省", "长江流域", "<span data-toggle='tooltip' data-placement='right' title='所在地市:乐山市&#10;所属河流:岷江'>岷江大桥</span>", null, "", "--", "--", "--", "--", "--", "--", "--", "--", "--", "*", "*", "停站"], ["四川省", "长江流域", "<span data-toggle='tooltip' data-placement='right' title='所在地市:宜宾市&#10;所属河流:岷江'>凉姜沟</span>", "02-07 04:00", "Ⅲ", "<span data-toggle='tooltip' data-placement='right' title='原始值：13.61'>13.6</span>", "<span data-toggle='tooltip' data-placement='right' title='原始值：7.716713'>7.72</span>", "<span data-toggle='tooltip' data-placement='right' title='原始值：8.632553'>8.63</span>", "<span data-toggle='tooltip' data-placement='right' title='原始值：375.8476'>375.8</span>", "<span data-toggle='tooltip' data-placement='right' title='原始值：20.32114'>20.3</span>", "<span data-toggle='tooltip' data-placement='right' title='原始值：2.19'>2.19</span>", "<span data-toggle='tooltip' data-placement='right' title='原始值：0.431'>0.431</span>", "<span data-toggle='tooltip' data-placement='right' title='原始值：0.132956'>0.133</span>", "--", "*", "*", "维护"], ["云南省", "滇池流域", "<span data-toggle='tooltip' data-placement='right' title='所在地市:昆明市&#10;所属河流:滇池'>西苑隧道</span>", "02-07 04:00", "", "<span data-toggle='tooltip' data-placement='right' title='原始值：14.43'>14.4</span>", "<span data-toggle='tooltip' data-placement='right' title='原始值：8.04685'>8.05</span>", "<span data-toggle='tooltip' data-placement='right' title='原始值：8.964'>8.96</span>", "<span data-toggle='tooltip' data-placement='right' title='原始值：782.818'>782.8</span>", "<span data-toggle='tooltip' data-placement='right' title='原始值：27.264'>27.3</span>", "<span data-toggle='tooltip' data-placement='right' title='原始值：4.43268'>4.43</span>", "<span data-toggle='tooltip' data-placement='right' title='极值过滤'>--</span>", "<span data-toggle='tooltip' data-placement='right' title='极值过滤'>--</span>", "<span data-toggle='tooltip' data-placement='right' title='极值过滤'>--</span>", "<span data-toggle='tooltip' data-placement='right' title='原始值：0.00605'>0.006</span>", "<span data-toggle='tooltip' data-placement='right' title='原始值：8105731'>8105731</span>", "维护"], ["云南省", "滇池流域", "<span data-toggle='tooltip' data-placement='right' title='所在地市:昆明市&#10;所属河流:滇池'>观音山</span>", "02-07 08:00", "Ⅳ", "<span data-toggle='tooltip' data-placement='right' title='原始值：12.71565'>12.7</span>", "<span data-toggle='tooltip' data-placement='right' title='原始值：8.48409'>8.48</span>", "<span data-toggle='tooltip' data-placement='right' title='原始值：8.316'>8.32</span>", "<span data-toggle='tooltip' data-placement='right' title='原始值：448.097'>448.1</span>", "<span data-toggle='tooltip' data-placement='right' title='原始值：23.732'>23.7</span>", "<span data-toggle='tooltip' data-placement='right' title='原始值：5.6878'>5.69</span>", "<span data-toggle='tooltip' data-placement='right' title='原始值：0.6'>0.600</span>", "<span data-toggle='tooltip' data-placement='right' title='原始值：0.0518'>0.052</span>", "<span data-toggle='tooltip' data-placement='right' title='原始值：1.607'>1.61</span>", "<span data-toggle='tooltip' data-placement='right' title='原始值：0.01392'>0.014</span>", "<span data-toggle='tooltip' data-placement='right' title='原始值：2.887726E+07'>28877260</span>", "正常"], ["云南省", "西南诸河", "<span data-toggle='tooltip' data-placement='right' title='所在地市:红河哈尼族彝族自治州&#10;所属河流:红河'>河口县医院(河口)</span>", "02-07 08:00", "Ⅱ", "<span data-toggle='tooltip' data-placement='right' title='原始值：20.08792'>20.1</span>", "<span data-toggle='tooltip' data-placement='right' title='原始值：8.05718'>8.06</span>", "<span data-toggle='tooltip' data-placement='right' title='原始值：8.66066'>8.66</span>", "<span data-toggle='tooltip' data-placement='right' title='原始值：256.5189'>256.5</span>", "<span data-toggle='tooltip' data-placement='right' title='原始值：16.29517'>16.3</span>", "<span data-toggle='tooltip' data-placement='right' title='原始值：0.85096'>0.85</span>", "<span data-toggle='tooltip' data-placement='right' title='原始值：0.03587'>0.036</span>", "<span data-toggle='tooltip' data-placement='right' title='原始值：0.05076'>0.051</span>", "<span data-toggle='tooltip' data-placement='right' title='原始值：1.27083'>1.27</span>", "*", "*", "正常"], ["云南省", "西南诸河", "<span data-toggle='tooltip' data-placement='right' title='所在地市:西双版纳傣族自治州&#10;所属河流:澜沧江'>橄榄坝</span>", "02-07 08:00", "Ⅲ", "<span data-toggle='tooltip' data-placement='right' title='原始值：17.181'>17.2</span>", "<span data-toggle='tooltip' data-placement='right' title='原始值：7.575'>7.58</span>", "<span data-toggle='tooltip' data-placement='right' title='原始值：5.782'>5.78</span>", "<span data-toggle='tooltip' data-placement='right' title='原始值：577.904'>577.9</span>", "<span data-toggle='tooltip' data-placement='right' title='原始值：3.61'>3.6</span>", "<span data-toggle='tooltip' data-placement='right' title='原始值：0.856'>0.86</span>", "<span data-toggle='tooltip' data-placement='right' title='原始值：0.186'>0.186</span>", "*", "*", "*", "*", "正常"], ["陕西省", "黄河流域", "<span data-toggle='tooltip' data-placement='right' title='所在地市:渭南市&#10;所属河流:渭河'>潼关吊桥</span>", "02-07 08:00", "Ⅳ", "<span data-toggle='tooltip' data-placement='right' title='原始值：8.9'>8.9</span>", "<span data-toggle='tooltip' data-placement='right' title='原始值：8.39'>8.39</span>", "<span data-toggle='tooltip' data-placement='right' title='原始值：11.85125'>11.85</span>", "<span data-toggle='tooltip' data-placement='right' title='原始值：1320'>1320.0</span>", "<span data-toggle='tooltip' data-placement='right' title='原始值：99.6719'>99.7</span>", "<span data-toggle='tooltip' data-placement='right' title='原始值：6.34'>6.34</span>", "<span data-toggle='tooltip' data-placement='right' title='原始值：0.2'>0.200</span>", "<span data-toggle='tooltip' data-placement='right' title='原始值：0.11161'>0.112</span>", "<span data-toggle='tooltip' data-placement='right' title='原始值：8.72944'>8.73</span>", "*", "*", "正常"]]}