{"result": 1, "total": 2, "records": 100, "thead": ["省份", "流域", "断面名称", "监测时间", "水质类别", "水温<br/><span class='unit'>(℃)</span>", "pH<br/><span class='unit'>(无量纲)</span>", "溶解氧<br/><span class='unit'>(mg/L)</span>", "电导率<br/><span class='unit'>(μS/cm)</span>", "浊度<br/><span class='unit'>(NTU)</span>", "高锰酸盐指数<br/><span class='unit'>(mg/L)</span>", "氨氮<br/><span class='unit'>(mg/L)</span>", "总磷<br/><span class='unit'>(mg/L)</span>", "总氮<br/><span class='unit'>(mg/L)</span>", "叶绿素α<br/><span class='unit'>(mg/L)</span>", "藻密度<br/><span class='unit'>(cells/L)</span>", "站点情况"], "tbody": [["北京市", "海河流域", "<span data-toggle='tooltip' data-placement='right' title='所在地市:门头沟区&#10;所属河流:永定河'>沿河城</span>", null, "", "--", "--", "--", "--", "--", "--", "--", "--", "--", "*", "*", "停站"], ["北京市", "淮河流域", "<span data-toggle='tooltip' data-placement='right' title='所在地市:房山区&#10;所属河流:小清河'>八间房漫水桥</span>", null, "", "--", "--", "--", "--", "--", "--", "--", "--", "--", "*", "*", "停站"], ["北京市", "海河流域", "<span data-toggle='tooltip' data-placement='right' title='所在地市:密云区&#10;所属河流:潮河'>古北口</span>", null, "", "--", "--", "--", "--", "--", "--", "--", "--", "--", "*", "*", "停站"], ["天津市", "海河流域", "<span data-toggle='tooltip' data-placement='right' title='所在地市:河北区&#10;所属河流:海河'>三岔口</span>", "02-25 08:00", "Ⅲ", "<span data-toggle='tooltip' data-placement='right' title='原始值：6.02'>6.0</span>", "<span data-toggle='tooltip' data-placement='right' title='原始值：8.159'>8.16</span>", "<span data-toggle='tooltip' data-placement='right' title='原始值：10.504'>10.50</span>", "<span data-toggle='tooltip' data-placement='right' title='原始值：954.246'>954.2</span>", "<span data-toggle='tooltip' data-placement='right' title='原始值：28.645'>28.6</span>", "<span data-toggle='tooltip' data-placement='right' title='原始值：4.79'>4.79</span>", "<span data-toggle='tooltip' data-placement='right' title='原始值：0.57'>0.570</span>", "<span data-toggle='tooltip' data-placement='right' title='原始值：0.0016'>0.002</span>", "<span data-toggle='tooltip' data-placement='right' title='原始值：1.3765'>1.38</span>", "*", "*", "正常"], ["天津市", "海河流域", "<span data-toggle='tooltip' data-placement='right' title='所在地市:蓟州区&#10;所属河流:果河'>果河桥</span>", "02-25 08:00", "Ⅱ", "<span data-toggle='tooltip' data-placement='right' title='原始值：6.2'>6.2</span>", "<span data-toggle='tooltip' data-placement='right' title='原始值：8.08'>8.08</span>", "<span data-toggle='tooltip' data-placement='right' title='原始值：13.432'>13.43</span>", "<span data-toggle='tooltip' data-placement='right' title='原始值：776.295'>776.3</span>", "<span data-toggle='tooltip' data-placement='right' title='原始值：5.4'>5.4</span>", "<span data-toggle='tooltip' data-placement='right' title='原始值：2.0821'>2.08</span>", "<span data-toggle='tooltip' data-placement='right' title='原始值：0.16'>0.160</span>", "<span data-toggle='tooltip' data-placement='right' title='原始值：0.045'>0.045</span>", "<span data-toggle='tooltip' data-placement='right' title='原始值：11.583'>11.58</span>", "*", "*", "正常"], ["河北省", "海河流域", "<span data-toggle='tooltip' data-placement='right' title='所在地市:石家庄市&#10;所属河流:滹沱河'>岗南水库</span>", null, "", "--", "--", "--", "--", "--", "--", "--", "--", "--", "*", "*", "停站"], ["河北省", "海河流域", "<span data-toggle='tooltip' data-placement='right' title='所在地市:张家口市&#10;所属河流:永定河'>八号桥</span>", "02-25 08:00", "Ⅲ", "<span data-toggle='tooltip' data-placement='right' title='原始值：2.80106'>2.8</span>", "<span data-toggle='tooltip' data-placement='right' title='原始值：8.45706'>8.46</span>", "<span data-toggle='tooltip' data-placement='right' title='原始值：13.74969'>13.75</span>", "<span data-toggle='tooltip' data-placement='right' title='原始值：1113.856'>1113.9</span>", "<span data-toggle='tooltip' data-placement='right' title='原始值：28.18942'>28.2</span>", "<span data-toggle='tooltip' data-placement='right' title='原始值：3.33'>3.33</span>", "<span data-toggle='tooltip' data-placement='right' title='原始值：0.71'>0.710</span>", "<span data-toggle='tooltip' data-placement='right' title='原始值：0.117'>0.117</span>", "<span data-toggle='tooltip' data-placement='right' title='原始值：5.79'>5.79</span>", "*", "*", "正常"], ["山西省", "黄河流域", "<span data-toggle='tooltip' data-placement='right' title='所在地市:运城市&#10;所属河流:汾河'>河津大桥</span>", "02-25 08:00", "Ⅴ", "<span data-toggle='tooltip' data-placement='right' title='原始值：9.07397'>9.1</span>", "<span data-toggle='tooltip' data-placement='right' title='原始值：7.90794'>7.91</span>", "<span data-toggle='tooltip' data-placement='right' title='原始值：11.25476'>11.25</span>", "<span data-toggle='tooltip' data-placement='right' title='原始值：1484.506'>1484.5</span>", "<span data-toggle='tooltip' data-placement='right' title='原始值：112.1994'>112.2</span>", "<span data-toggle='tooltip' data-placement='right' title='原始值：10.5'>10.50</span>", "<span data-toggle='tooltip' data-placement='right' title='原始值：0.67'>0.670</span>", "*", "*", "*", "*", "正常"], ["山西省", "黄河流域", "<span data-toggle='tooltip' data-placement='right' title='所在地市:忻州市&#10;所属河流:黄河'>万家寨水库</span>", null, "", "--", "--", "--", "--", "--", "--", "--", "--", "--", "*", "*", "停站"], ["内蒙古自治区", "黄河流域", "<span data-toggle='tooltip' data-placement='right' title='所在地市:包头市&#10;所属河流:黄河'>画匠营子</span>", null, "", "--", "--", "--", "--", "--", "--", "--", "--", "--", "*", "*", "停站"], ["内蒙古自治区", "黄河流域", "<span data-toggle='tooltip' data-placement='right' title='所在地市:乌海市&#10;所属河流:黄河'>海勃湾</span>", "02-25 08:00", "Ⅱ", "<span data-toggle='tooltip' data-placement='right' title='原始值：9.29588'>9.3</span>", "<span data-toggle='tooltip' data-placement='right' title='原始值：7.91676'>7.92</span>", "<span data-toggle='tooltip' data-placement='right' title='原始值：9.73023'>9.73</span>", "<span data-toggle='tooltip' data-placement='right' title='原始值：973.5107'>973.5</span>", "<span data-toggle='tooltip' data-placement='right' title='原始值：18.36535'>18.4</span>", "<span data-toggle='tooltip' data-placement='right' title='原始值：1.68'>1.68</span>", "<span data-toggle='tooltip' data-placement='right' title='原始值：0.23'>0.230</span>", "*", "*", "*", "*", "正常"], ["内蒙古自治区", "松花江流域", "<span data-toggle='tooltip' data-placement='right' title='所在地市:呼伦贝尔市&#10;所属河流:额尔古纳河'>黑山头</span>", null, "", "--", "--", "--", "--", "--", "--", "--", "--", "--", "*", "*", "停站"], ["辽宁省", "辽河流域", "<span data-toggle='tooltip' data-placement='right' title='所在地市:抚顺市&#10;所属河流:浑河'>大伙房水库</span>", "02-25 08:00", "Ⅱ", "<span data-toggle='tooltip' data-placement='right' title='原始值：5.54377'>5.5</span>", "<span data-toggle='tooltip' data-placement='right' title='原始值：7.63005'>7.63</span>", "<span data-toggle='tooltip' data-placement='right' title='原始值：10.03039'>10.03</span>", "<span data-toggle='tooltip' data-placement='right' title='原始值：322.6899'>322.7</span>", "<span data-toggle='tooltip' data-placement='right' title='原始值：4.66978'>4.7</span>", "<span data-toggle='tooltip' data-placement='right' title='原始值：2.42796'>2.43</span>", "<span data-toggle='tooltip' data-placement='right' title='原始值：0.12'>0.120</span>", "<span data-toggle='tooltip' data-placement='right' title='原始值：0.01565'>0.016</span>", "<span data-toggle='tooltip' data-placement='right' title='原始值：2.90668'>2.91</span>", "<span data-toggle='tooltip' data-placement='right' title='原始值：0.00287'>0.003</span>", "*", "正常"], ["辽宁省", "辽河流域", "<span data-toggle='tooltip' data-placement='right' title='所在地市:丹东市&#10;所属河流:鸭绿江'>江桥</span>", "02-25 08:00", "Ⅰ", "<span data-toggle='tooltip' data-placement='right' title='原始值：5.35'>5.4</span>", "<span data-toggle='tooltip' data-placement='right' title='原始值：6.48'>6.48</span>", "<span data-toggle='tooltip' data-placement='right' title='原始值：12.15'>12.15</span>", "<span data-toggle='tooltip' data-placement='right' title='原始值：144'>144.0</span>", "<span data-toggle='tooltip' data-placement='right' title='原始值：11.99219'>12.0</span>", "<span data-toggle='tooltip' data-placement='right' title='原始值：0.17'>0.17</span>", "<span data-toggle='tooltip' data-placement='right' title='原始值：0.03559'>0.036</span>", "<span data-toggle='tooltip' data-placement='right' title='原始值：0.01916'>0.019</span>", "<span data-toggle='tooltip' data-placement='right' title='原始值：1.84595'>1.85</span>", "*", "*", "正常"], ["辽宁省", "辽河流域", "<span data-toggle='tooltip' data-placement='right' title='所在地市:营口市&#10;所属河流:大辽河'>辽河公园</span>", "02-25 08:00", "Ⅳ", "<span data-toggle='tooltip' data-placement='right' title='原始值：4.92031'>4.9</span>", "<span data-toggle='tooltip' data-placement='right' title='原始值：7.56947'>7.57</span>", "<span data-toggle='tooltip' data-placement='right' title='原始值：9.83272'>9.83</span>", "<span data-toggle='tooltip' data-placement='right' title='原始值：17623.55'>17623.6</span>", "<span data-toggle='tooltip' data-placement='right' title='原始值：69.57826'>69.6</span>", "<span data-toggle='tooltip' data-placement='right' title='原始值：7.13271'>7.13</span>", "<span data-toggle='tooltip' data-placement='right' title='原始值：1.33209'>1.332</span>", "<span data-toggle='tooltip' data-placement='right' title='原始值：0.09745'>0.097</span>", "<span data-toggle='tooltip' data-placement='right' title='原始值：6.35071'>6.35</span>", "*", "*", "正常"], ["辽宁省", "辽河流域", "<span data-toggle='tooltip' data-placement='right' title='所在地市:辽阳市&#10;所属河流:太子河'>汤河水库</span>", null, "", "--", "--", "--", "--", "--", "--", "--", "--", "--", "*", "*", "停站"], ["辽宁省", "辽河流域", "<span data-toggle='tooltip' data-placement='right' title='所在地市:盘锦市&#10;所属河流:辽河'>盘锦兴安(兴安)</span>", null, "", "--", "--", "--", "--", "--", "--", "--", "--", "--", "*", "*", "停站"], ["辽宁省", "辽河流域", "<span data-toggle='tooltip' data-placement='right' title='所在地市:铁岭市&#10;所属河流:辽河'>珠尔山</span>", "02-25 08:00", "Ⅴ", "<span data-toggle='tooltip' data-placement='right' title='原始值：2.3329'>2.3</span>", "<span data-toggle='tooltip' data-placement='right' title='原始值：7.46329'>7.46</span>", "<span data-toggle='tooltip' data-placement='right' title='原始值：11.59086'>11.59</span>", "<span data-toggle='tooltip' data-placement='right' title='原始值：560.2022'>560.2</span>", "<span data-toggle='tooltip' data-placement='right' title='原始值：6.03613'>6.0</span>", "<span data-toggle='tooltip' data-placement='right' title='原始值：2.73542'>2.74</span>", "<span data-toggle='tooltip' data-placement='right' title='原始值：1.65'>1.650</span>", "<span data-toggle='tooltip' data-placement='right' title='原始值：0.07981'>0.080</span>", "<span data-toggle='tooltip' data-placement='right' title='原始值：9.12197'>9.12</span>", "*", "*", "正常"], ["吉林省", "松花江流域", "<span data-toggle='tooltip' data-placement='right' title='所在地市:长春市&#10;所属河流:松花江'>松花江村</span>", null, "", "--", "--", "--", "--", "--", "--", "--", "--", "--", "*", "*", "停站"], ["吉林省", "松花江流域", "<span data-toggle='tooltip' data-placement='right' title='所在地市:白城市&#10;所属河流:嫩江'>白沙滩</span>", "02-25 08:00", "Ⅲ", "<span data-toggle='tooltip' data-placement='right' title='原始值：3.38371'>3.4</span>", "<span data-toggle='tooltip' data-placement='right' title='原始值：6.70056'>6.70</span>", "<span data-toggle='tooltip' data-placement='right' title='原始值：12.18779'>12.19</span>", "<span data-toggle='tooltip' data-placement='right' title='原始值：332.694'>332.7</span>", "<span data-toggle='tooltip' data-placement='right' title='原始值：19.84378'>19.8</span>", "<span data-toggle='tooltip' data-placement='right' title='原始值：5.58401'>5.58</span>", "<span data-toggle='tooltip' data-placement='right' title='原始值：0.18693'>0.187</span>", "<span data-toggle='tooltip' data-placement='right' title='原始值：0.04823'>0.048</span>", "<span data-toggle='tooltip' data-placement='right' title='原始值：1.55519'>1.56</span>", "*", "*", "正常"], ["吉林省", "松花江流域", "<span data-toggle='tooltip' data-placement='right' title='所在地市:延边朝鲜族自治州&#10;所属河流:图们江'>圈河</span>", "02-25 08:00", "Ⅲ", "<span data-toggle='tooltip' data-placement='right' title='原始值：8.39687'>8.4</span>", "<span data-toggle='tooltip' data-placement='right' title='原始值：6.92'>6.92</span>", "<span data-toggle='tooltip' data-placement='right' title='原始值：9.83'>9.83</span>", "<span data-toggle='tooltip' data-placement='right' title='原始值：322.0313'>322.0</span>", "<span data-toggle='tooltip' data-placement='right' title='原始值：4.99904'>5.0</span>", "<span data-toggle='tooltip' data-placement='right' title='原始值：2.58'>2.58</span>", "<span data-toggle='tooltip' data-placement='right' title='原始值：0.53899'>0.539</span>", "<span data-toggle='tooltip' data-placement='right' title='原始值：0.04956'>0.050</span>", "<span data-toggle='tooltip' data-placement='right' title='原始值：3.6939'>3.69</span>", "*", "*", "正常"], ["黑龙江省", "松花江流域", "<span data-toggle='tooltip' data-placement='right' title='所在地市:大庆市&#10;所属河流:松花江'>肇源</span>", null, "", "--", "--", "--", "--", "--", "--", "--", "--", "--", "*", "*", "停站"], ["黑龙江省", "松花江流域", "<span data-toggle='tooltip' data-placement='right' title='所在地市:佳木斯市&#10;所属河流:乌苏里江'>乌苏镇</span>", null, "", "--", "--", "--", "--", "--", "--", "--", "--", "--", "*", "*", "停站"], ["黑龙江省", "松花江流域", "<span data-toggle='tooltip' data-placement='right' title='所在地市:佳木斯市&#10;所属河流:松花江'>同江</span>", "02-25 08:00", "Ⅲ", "<span data-toggle='tooltip' data-placement='right' title='原始值：3.371'>3.4</span>", "<span data-toggle='tooltip' data-placement='right' title='原始值：7.37358'>7.37</span>", "<span data-toggle='tooltip' data-placement='right' title='原始值：13.5784'>13.58</span>", "<span data-toggle='tooltip' data-placement='right' title='原始值：334.238'>334.2</span>", "<span data-toggle='tooltip' data-placement='right' title='原始值：11.753'>11.8</span>", "<span data-toggle='tooltip' data-placement='right' title='原始值：4.30978'>4.31</span>", "<span data-toggle='tooltip' data-placement='right' title='原始值：0.28473'>0.285</span>", "<span data-toggle='tooltip' data-placement='right' title='原始值：0.0376'>0.038</span>", "<span data-toggle='tooltip' data-placement='right' title='原始值：1.93511'>1.94</span>", "*", "*", "正常"], ["黑龙江省", "松花江流域", "<span data-toggle='tooltip' data-placement='right' title='所在地市:黑河市&#10;所属河流:黑龙江'>黑河下(黑河)</span>", null, "", "--", "--", "--", "--", "--", "--", "--", "--", "--", "*", "*", "停站"], ["上海市", "长江流域", "<span data-toggle='tooltip' data-placement='right' title='所在地市:青浦区&#10;所属河流:淀山湖'>急水港桥</span>", "02-25 08:00", "Ⅳ", "<span data-toggle='tooltip' data-placement='right' title='原始值：13.2'>13.2</span>", "<span data-toggle='tooltip' data-placement='right' title='原始值：7.81'>7.81</span>", "<span data-toggle='tooltip' data-placement='right' title='原始值：8.88'>8.88</span>", "<span data-toggle='tooltip' data-placement='right' title='原始值：653'>653.0</span>", "<span data-toggle='tooltip' data-placement='right' title='原始值：58.7'>58.7</span>", "<span data-toggle='tooltip' data-placement='right' title='原始值：3.5625'>3.56</span>", "<span data-toggle='tooltip' data-placement='right' title='原始值：0.13579'>0.136</span>", "<span data-toggle='tooltip' data-placement='right' title='原始值：0.07006'>0.070</span>", "<span data-toggle='tooltip' data-placement='right' title='原始值：2.41925'>2.42</span>", "<span data-toggle='tooltip' data-placement='right' title='原始值：0.00987'>0.010</span>", "<span data-toggle='tooltip' data-placement='right' title='原始值：3325791'>3325791</span>", "正常"], ["江苏省", "长江流域", "<span data-toggle='tooltip' data-placement='right' title='所在地市:南京市&#10;所属河流:长江'>林山</span>", "02-25 08:00", "Ⅲ", "<span data-toggle='tooltip' data-placement='right' title='原始值：13.5779'>13.6</span>", "<span data-toggle='tooltip' data-placement='right' title='原始值：8.0413'>8.04</span>", "<span data-toggle='tooltip' data-placement='right' title='原始值：8.85604'>8.86</span>", "<span data-toggle='tooltip' data-placement='right' title='原始值：374.236'>374.2</span>", "<span data-toggle='tooltip' data-placement='right' title='原始值：5.96002'>6.0</span>", "<span data-toggle='tooltip' data-placement='right' title='原始值：1.59'>1.59</span>", "<span data-toggle='tooltip' data-placement='right' title='原始值：0.928'>0.928</span>", "*", "*", "*", "*", "正常"], ["江苏省", "太湖流域", "<span data-toggle='tooltip' data-placement='right' title='所在地市:无锡市&#10;所属河流:太湖'>沙渚</span>", null, "", "--", "--", "--", "--", "--", "--", "--", "--", "--", "--", "*", "停站"], ["江苏省", "淮河流域", "<span data-toggle='tooltip' data-placement='right' title='所在地市:徐州市&#10;所属河流:武河'>小红圈</span>", null, "", "--", "--", "--", "--", "--", "--", "--", "*", "*", "*", "*", "维护"], ["江苏省", "淮河流域", "<span data-toggle='tooltip' data-placement='right' title='所在地市:徐州市&#10;所属河流:沿河'>李集桥</span>", null, "", "--", "--", "--", "--", "--", "--", "--", "--", "--", "*", "*", "停站"], ["江苏省", "淮河流域", "<span data-toggle='tooltip' data-placement='right' title='所在地市:徐州市&#10;所属河流:邳苍分洪道'>艾山西大桥</span>", "02-25 08:00", "Ⅳ", "<span data-toggle='tooltip' data-placement='right' title='原始值：9.79477'>9.8</span>", "<span data-toggle='tooltip' data-placement='right' title='原始值：8.28249'>8.28</span>", "<span data-toggle='tooltip' data-placement='right' title='原始值：12.7374'>12.74</span>", "<span data-toggle='tooltip' data-placement='right' title='原始值：843.6089'>843.6</span>", "<span data-toggle='tooltip' data-placement='right' title='原始值：9.88532'>9.9</span>", "<span data-toggle='tooltip' data-placement='right' title='原始值：6.99'>6.99</span>", "<span data-toggle='tooltip' data-placement='right' title='原始值：0.45'>0.450</span>", "<span data-toggle='tooltip' data-placement='right' title='原始值：0.05368'>0.054</span>", "<span data-toggle='tooltip' data-placement='right' title='原始值：12.41289'>12.41</span>", "*", "*", "正常"], ["江苏省", "太湖流域", "<span data-toggle='tooltip' data-placement='right' title='所在地市:苏州市&#10;所属河流:太湖'>兰山嘴(老)</span>", null, "", "--", "--", "--", "--", "--", "--", "--", "--", "--", "--", "*", "停站"], ["江苏省", "太湖流域", "<span data-toggle='tooltip' data-placement='right' title='所在地市:苏州市&#10;所属河流:太湖'>西山</span>", null, "", "--", "--", "--", "--", "--", "--", "--", "--", "--", "--", "*", "停站"], ["江苏省", "淮河流域", "<span data-toggle='tooltip' data-placement='right' title='所在地市:连云港市&#10;所属河流:新沭河'>大兴桥</span>", null, "", "--", "--", "--", "--", "--", "--", "--", "*", "*", "*", "*", "维护"], ["江苏省", "淮河流域", "<span data-toggle='tooltip' data-placement='right' title='所在地市:淮安市&#10;所属河流:淮河'>淮河大桥</span>", null, "", "--", "--", "--", "--", "--", "--", "--", "--", "--", "*", "*", "停站"], ["江苏省", "长江流域", "<span data-toggle='tooltip' data-placement='right' title='所在地市:扬州市&#10;所属河流:夹江'>三江营</span>", "02-25 08:00", "Ⅱ", "<span data-toggle='tooltip' data-placement='right' title='原始值：12.66'>12.7</span>", "<span data-toggle='tooltip' data-placement='right' title='原始值：8.03'>8.03</span>", "<span data-toggle='tooltip' data-placement='right' title='原始值：10.08'>10.08</span>", "<span data-toggle='tooltip' data-placement='right' title='原始值：357.35'>357.4</span>", "<span data-toggle='tooltip' data-placement='right' title='原始值：32.21'>32.2</span>", "<span data-toggle='tooltip' data-placement='right' title='原始值：1.83'>1.83</span>", "<span data-toggle='tooltip' data-placement='right' title='原始值：0.061'>0.061</span>", "<span data-toggle='tooltip' data-placement='right' title='原始值：0.076'>0.076</span>", "<span data-toggle='tooltip' data-placement='right' title='原始值：2.048'>2.05</span>", "*", "*", "正常"], ["江苏省", "淮河流域", "<span data-toggle='tooltip' data-placement='right' title='所在地市:宿迁市&#10;所属河流:新濉河'>大屈</span>", "02-25 08:00", "Ⅲ", "<span data-toggle='tooltip' data-placement='right' title='原始值：11.1'>11.1</span>", "<span data-toggle='tooltip' data-placement='right' title='原始值：8.27'>8.27</span>", "<span data-toggle='tooltip' data-placement='right' title='原始值：9.18'>9.18</span>", "<span data-toggle='tooltip' data-placement='right' title='原始值：844.8'>844.8</span>", "<span data-toggle='tooltip' data-placement='right' title='原始值：16.71'>16.7</span>", "<span data-toggle='tooltip' data-placement='right' title='原始值：5.22'>5.22</span>", "<span data-toggle='tooltip' data-placement='right' title='原始值：0.05'>0.050</span>", "<span data-toggle='tooltip' data-placement='right' title='原始值：0.037'>0.037</span>", "<span data-toggle='tooltip' data-placement='right' title='原始值：1.714'>1.71</span>", "*", "*", "正常"], ["浙江省", "浙闽片河流", "<span data-toggle='tooltip' data-placement='right' title='所在地市:杭州市&#10;所属河流:新安江'>街口(鸠坑口)</span>", "02-25 08:00", "Ⅰ", "<span data-toggle='tooltip' data-placement='right' title='原始值：14.25'>14.2</span>", "<span data-toggle='tooltip' data-placement='right' title='原始值：7.78'>7.78</span>", "<span data-toggle='tooltip' data-placement='right' title='原始值：10.28'>10.28</span>", "<span data-toggle='tooltip' data-placement='right' title='原始值：137.64'>137.6</span>", "<span data-toggle='tooltip' data-placement='right' title='原始值：6.94'>6.9</span>", "<span data-toggle='tooltip' data-placement='right' title='原始值：1.049'>1.05</span>", "<span data-toggle='tooltip' data-placement='right' title='原始值：0.012'>0.012</span>", "<span data-toggle='tooltip' data-placement='right' title='原始值：0.013'>0.013</span>", "<span data-toggle='tooltip' data-placement='right' title='原始值：0.761'>0.76</span>", "*", "*", "正常"], ["浙江省", "太湖流域", "<span data-toggle='tooltip' data-placement='right' title='所在地市:嘉兴市&#10;所属河流:斜路港河'>斜路港</span>", null, "", "--", "--", "--", "--", "--", "--", "--", "--", "--", "*", "*", "停站"], ["浙江省", "太湖流域", "<span data-toggle='tooltip' data-placement='right' title='所在地市:嘉兴市&#10;所属河流:京杭运河'>王江泾</span>", null, "", "--", "--", "--", "--", "--", "--", "--", "--", "--", "*", "*", "停站"], ["浙江省", "太湖流域", "<span data-toggle='tooltip' data-placement='right' title='所在地市:湖州市&#10;所属河流:西苕溪'>新港口(新塘港)</span>", "02-25 08:00", "Ⅲ", "<span data-toggle='tooltip' data-placement='right' title='原始值：13.5359'>13.5</span>", "<span data-toggle='tooltip' data-placement='right' title='原始值：8.33475'>8.33</span>", "<span data-toggle='tooltip' data-placement='right' title='原始值：9.53137'>9.53</span>", "<span data-toggle='tooltip' data-placement='right' title='原始值：399.483'>399.5</span>", "<span data-toggle='tooltip' data-placement='right' title='原始值：165.053'>165.1</span>", "<span data-toggle='tooltip' data-placement='right' title='原始值：3.51666'>3.52</span>", "<span data-toggle='tooltip' data-placement='right' title='原始值：0.15175'>0.152</span>", "<span data-toggle='tooltip' data-placement='right' title='原始值：0.11829'>0.118</span>", "<span data-toggle='tooltip' data-placement='right' title='原始值：19.1638'>19.16</span>", "<span data-toggle='tooltip' data-placement='right' title='原始值：0.02496'>0.025</span>", "*", "正常"], ["安徽省", "巢湖流域", "<span data-toggle='tooltip' data-placement='right' title='所在地市:合肥市&#10;所属河流:巢湖'>湖滨(老)</span>", "02-25 04:00", "Ⅳ", "<span data-toggle='tooltip' data-placement='right' title='原始值：13.26463'>13.3</span>", "<span data-toggle='tooltip' data-placement='right' title='原始值：6.94905'>6.95</span>", "<span data-toggle='tooltip' data-placement='right' title='原始值：10.54065'>10.54</span>", "<span data-toggle='tooltip' data-placement='right' title='原始值：351.0585'>351.1</span>", "<span data-toggle='tooltip' data-placement='right' title='原始值：94.34557'>94.3</span>", "<span data-toggle='tooltip' data-placement='right' title='原始值：4.21'>4.21</span>", "<span data-toggle='tooltip' data-placement='right' title='原始值：0.48'>0.480</span>", "<span data-toggle='tooltip' data-placement='right' title='原始值：0.0644'>0.064</span>", "<span data-toggle='tooltip' data-placement='right' title='极值过滤'>--</span>", "<span data-toggle='tooltip' data-placement='right' title='原始值：0.01667'>0.017</span>", "*", "维护"], ["安徽省", "巢湖流域", "<span data-toggle='tooltip' data-placement='right' title='所在地市:芜湖市&#10;所属河流:巢湖'>裕溪口(老)</span>", "02-25 08:00", "Ⅳ", "<span data-toggle='tooltip' data-placement='right' title='原始值：13.32087'>13.3</span>", "<span data-toggle='tooltip' data-placement='right' title='原始值：7.35988'>7.36</span>", "<span data-toggle='tooltip' data-placement='right' title='原始值：6.19831'>6.20</span>", "<span data-toggle='tooltip' data-placement='right' title='原始值：257.8952'>257.9</span>", "<span data-toggle='tooltip' data-placement='right' title='原始值：79.01903'>79.0</span>", "<span data-toggle='tooltip' data-placement='right' title='原始值：2.57'>2.57</span>", "<span data-toggle='tooltip' data-placement='right' title='原始值：0.08'>0.080</span>", "<span data-toggle='tooltip' data-placement='right' title='原始值：0.0796'>0.080</span>", "<span data-toggle='tooltip' data-placement='right' title='原始值：3.968'>3.97</span>", "<span data-toggle='tooltip' data-placement='right' title='原始值：0.03537'>0.035</span>", "*", "正常"], ["安徽省", "淮河流域", "<span data-toggle='tooltip' data-placement='right' title='所在地市:蚌埠市&#10;所属河流:淮河'>蚌埠闸上(蚌埠闸)</span>", "02-25 08:00", "Ⅱ", "<span data-toggle='tooltip' data-placement='right' title='原始值：12.81'>12.8</span>", "<span data-toggle='tooltip' data-placement='right' title='原始值：7.38'>7.38</span>", "<span data-toggle='tooltip' data-placement='right' title='原始值：10.73'>10.73</span>", "<span data-toggle='tooltip' data-placement='right' title='原始值：581.74'>581.7</span>", "<span data-toggle='tooltip' data-placement='right' title='原始值：81.16'>81.2</span>", "<span data-toggle='tooltip' data-placement='right' title='原始值：2.707'>2.71</span>", "<span data-toggle='tooltip' data-placement='right' title='原始值：0.089'>0.089</span>", "<span data-toggle='tooltip' data-placement='right' title='原始值：0.071'>0.071</span>", "<span data-toggle='tooltip' data-placement='right' title='原始值：2.238'>2.24</span>", "*", "*", "正常"], ["安徽省", "淮河流域", "<span data-toggle='tooltip' data-placement='right' title='所在地市:淮南市&#10;所属河流:淮河'>石头埠(老)</span>", "02-25 08:00", "Ⅲ", "<span data-toggle='tooltip' data-placement='right' title='原始值：12.54063'>12.5</span>", "<span data-toggle='tooltip' data-placement='right' title='原始值：7.03309'>7.03</span>", "<span data-toggle='tooltip' data-placement='right' title='原始值：5.09794'>5.10</span>", "<span data-toggle='tooltip' data-placement='right' title='原始值：508.7102'>508.7</span>", "<span data-toggle='tooltip' data-placement='right' title='原始值：18.50927'>18.5</span>", "<span data-toggle='tooltip' data-placement='right' title='原始值：4.5'>4.50</span>", "<span data-toggle='tooltip' data-placement='right' title='原始值：0.23'>0.230</span>", "*", "*", "*", "*", "正常"], ["安徽省", "淮河流域", "<span data-toggle='tooltip' data-placement='right' title='所在地市:淮北市&#10;所属河流:沱河'>小王桥</span>", "02-25 08:00", "Ⅳ", "<span data-toggle='tooltip' data-placement='right' title='原始值：10.24'>10.2</span>", "<span data-toggle='tooltip' data-placement='right' title='原始值：8.07'>8.07</span>", "<span data-toggle='tooltip' data-placement='right' title='原始值：7.55'>7.55</span>", "<span data-toggle='tooltip' data-placement='right' title='原始值：1806.03'>1806.0</span>", "<span data-toggle='tooltip' data-placement='right' title='原始值：18.59'>18.6</span>", "<span data-toggle='tooltip' data-placement='right' title='原始值：6.087'>6.09</span>", "<span data-toggle='tooltip' data-placement='right' title='原始值：0.054'>0.054</span>", "<span data-toggle='tooltip' data-placement='right' title='原始值：0.076'>0.076</span>", "<span data-toggle='tooltip' data-placement='right' title='原始值：1.828'>1.83</span>", "*", "*", "正常"], ["安徽省", "长江流域", "<span data-toggle='tooltip' data-placement='right' title='所在地市:安庆市&#10;所属河流:长江'>皖河口</span>", "02-25 08:00", "Ⅱ", "<span data-toggle='tooltip' data-placement='right' title='原始值：14.51'>14.5</span>", "<span data-toggle='tooltip' data-placement='right' title='原始值：7.948'>7.95</span>", "<span data-toggle='tooltip' data-placement='right' title='原始值：9.69'>9.69</span>", "<span data-toggle='tooltip' data-placement='right' title='原始值：335.58'>335.6</span>", "<span data-toggle='tooltip' data-placement='right' title='原始值：79.52'>79.5</span>", "<span data-toggle='tooltip' data-placement='right' title='原始值：1.68'>1.68</span>", "<span data-toggle='tooltip' data-placement='right' title='原始值：0.035'>0.035</span>", "<span data-toggle='tooltip' data-placement='right' title='原始值：0.083'>0.083</span>", "<span data-toggle='tooltip' data-placement='right' title='原始值：2.48'>2.48</span>", "*", "*", "正常"], ["安徽省", "淮河流域", "<span data-toggle='tooltip' data-placement='right' title='所在地市:滁州市&#10;所属河流:淮河'>小柳巷</span>", null, "", "--", "--", "--", "--", "--", "--", "--", "--", "--", "*", "*", "停站"], ["安徽省", "淮河流域", "<span data-toggle='tooltip' data-placement='right' title='所在地市:阜阳市&#10;所属河流:黑茨河'>张大桥</span>", "02-25 08:00", "Ⅲ", "<span data-toggle='tooltip' data-placement='right' title='原始值：10.6'>10.6</span>", "<span data-toggle='tooltip' data-placement='right' title='原始值：8.37'>8.37</span>", "<span data-toggle='tooltip' data-placement='right' title='原始值：11.71'>11.71</span>", "<span data-toggle='tooltip' data-placement='right' title='原始值：2192.1'>2192.1</span>", "<span data-toggle='tooltip' data-placement='right' title='原始值：12.35'>12.4</span>", "<span data-toggle='tooltip' data-placement='right' title='原始值：5.14'>5.14</span>", "<span data-toggle='tooltip' data-placement='right' title='原始值：0.06'>0.060</span>", "<span data-toggle='tooltip' data-placement='right' title='原始值：0.071'>0.071</span>", "<span data-toggle='tooltip' data-placement='right' title='原始值：8.358'>8.36</span>", "*", "*", "正常"], ["安徽省", "淮河流域", "<span data-toggle='tooltip' data-placement='right' title='所在地市:阜阳市&#10;所属河流:淮河'>王家坝</span>", "02-25 08:00", "Ⅱ", "<span data-toggle='tooltip' data-placement='right' title='极值过滤'>--</span>", "<span data-toggle='tooltip' data-placement='right' title='原始值：7.54504'>7.55</span>", "<span data-toggle='tooltip' data-placement='right' title='原始值：9.89561'>9.90</span>", "<span data-toggle='tooltip' data-placement='right' title='原始值：298.9224'>298.9</span>", "<span data-toggle='tooltip' data-placement='right' title='原始值：16.09765'>16.1</span>", "<span data-toggle='tooltip' data-placement='right' title='原始值：3.64'>3.64</span>", "<span data-toggle='tooltip' data-placement='right' title='原始值：0.397'>0.397</span>", "<span data-toggle='tooltip' data-placement='right' title='原始值：0.0631'>0.063</span>", "<span data-toggle='tooltip' data-placement='right' title='原始值：2.08628'>2.09</span>", "*", "*", "维护"], ["安徽省", "淮河流域", "<span data-toggle='tooltip' data-placement='right' title='所在地市:阜阳市&#10;所属河流:颍河'>界首七渡口(七渡口)</span>", "02-25 08:00", "Ⅲ", "<span data-toggle='tooltip' data-placement='right' title='原始值：11.21111'>11.2</span>", "<span data-toggle='tooltip' data-placement='right' title='原始值：8.18506'>8.19</span>", "<span data-toggle='tooltip' data-placement='right' title='原始值：8.91706'>8.92</span>", "<span data-toggle='tooltip' data-placement='right' title='原始值：848.8959'>848.9</span>", "<span data-toggle='tooltip' data-placement='right' title='原始值：16.53132'>16.5</span>", "<span data-toggle='tooltip' data-placement='right' title='原始值：4.6'>4.60</span>", "<span data-toggle='tooltip' data-placement='right' title='原始值：0.39'>0.390</span>", "<span data-toggle='tooltip' data-placement='right' title='原始值：0.09235'>0.092</span>", "<span data-toggle='tooltip' data-placement='right' title='原始值：6.03254'>6.03</span>", "*", "*", "正常"], ["安徽省", "淮河流域", "<span data-toggle='tooltip' data-placement='right' title='所在地市:阜阳市&#10;所属河流:泉河'>许庄(徐庄)</span>", "02-25 08:00", "Ⅱ", "<span data-toggle='tooltip' data-placement='right' title='原始值：10.6'>10.6</span>", "<span data-toggle='tooltip' data-placement='right' title='原始值：7.85'>7.85</span>", "<span data-toggle='tooltip' data-placement='right' title='原始值：9.89'>9.89</span>", "<span data-toggle='tooltip' data-placement='right' title='原始值：1025.4'>1025.4</span>", "<span data-toggle='tooltip' data-placement='right' title='原始值：11.13'>11.1</span>", "<span data-toggle='tooltip' data-placement='right' title='原始值：3.47'>3.47</span>", "<span data-toggle='tooltip' data-placement='right' title='原始值：0.01'>0.010</span>", "<span data-toggle='tooltip' data-placement='right' title='原始值：0.03'>0.030</span>", "<span data-toggle='tooltip' data-placement='right' title='原始值：2.356'>2.36</span>", "*", "*", "正常"], ["安徽省", "淮河流域", "<span data-toggle='tooltip' data-placement='right' title='所在地市:宿州市&#10;所属河流:奎河'>杨庄</span>", null, "", "--", "--", "--", "--", "--", "--", "--", "*", "*", "*", "*", "维护"], ["安徽省", "淮河流域", "<span data-toggle='tooltip' data-placement='right' title='所在地市:宿州市&#10;所属河流:新汴河'>泗县公路桥</span>", "02-25 08:00", "Ⅱ", "<span data-toggle='tooltip' data-placement='right' title='原始值：10.2'>10.2</span>", "<span data-toggle='tooltip' data-placement='right' title='原始值：8.19'>8.19</span>", "<span data-toggle='tooltip' data-placement='right' title='原始值：10.18'>10.18</span>", "<span data-toggle='tooltip' data-placement='right' title='原始值：964.3'>964.3</span>", "<span data-toggle='tooltip' data-placement='right' title='原始值：79.06'>79.1</span>", "<span data-toggle='tooltip' data-placement='right' title='原始值：3.1'>3.10</span>", "<span data-toggle='tooltip' data-placement='right' title='原始值：0.11'>0.110</span>", "*", "*", "*", "*", "正常"], ["安徽省", "淮河流域", "<span data-toggle='tooltip' data-placement='right' title='所在地市:亳州市&#10;所属河流:包河'>颜集</span>", "02-25 08:00", "", "<span data-toggle='tooltip' data-placement='right' title='原始值：6.6'>6.6</span>", "<span data-toggle='tooltip' data-placement='right' title='原始值：7.82'>7.82</span>", "<span data-toggle='tooltip' data-placement='right' title='原始值：11.26'>11.26</span>", "<span data-toggle='tooltip' data-placement='right' title='原始值：1886.5'>1886.5</span>", "<span data-toggle='tooltip' data-placement='right' title='原始值：54.17'>54.2</span>", "<span data-toggle='tooltip' data-placement='right' title='原始值：4.82'>4.82</span>", "<span data-toggle='tooltip' data-placement='right' title='原始值：0.37'>0.370</span>", "<span data-toggle='tooltip' data-placement='right' title='极值过滤'>--</span>", "<span data-toggle='tooltip' data-placement='right' title='极值过滤'>--</span>", "*", "*", "维护"], ["福建省", "浙闽片河流", "<span data-toggle='tooltip' data-placement='right' title='所在地市:福州市&#10;所属河流:闽江'>白岩潭</span>", "02-25 08:00", "Ⅱ", "<span data-toggle='tooltip' data-placement='right' title='原始值：16.95'>17.0</span>", "<span data-toggle='tooltip' data-placement='right' title='原始值：7.26'>7.26</span>", "<span data-toggle='tooltip' data-placement='right' title='原始值：12.21'>12.21</span>", "<span data-toggle='tooltip' data-placement='right' title='原始值：1934.8'>1934.8</span>", "<span data-toggle='tooltip' data-placement='right' title='原始值：145'>145.0</span>", "<span data-toggle='tooltip' data-placement='right' title='原始值：1.93'>1.93</span>", "<span data-toggle='tooltip' data-placement='right' title='原始值：0.237'>0.237</span>", "*", "*", "*", "*", "正常"], ["江西省", "长江流域", "<span data-toggle='tooltip' data-placement='right' title='所在地市:南昌市&#10;所属河流:赣江南支'>滁槎</span>", "02-25 08:00", "Ⅱ", "<span data-toggle='tooltip' data-placement='right' title='原始值：16.69835'>16.7</span>", "<span data-toggle='tooltip' data-placement='right' title='原始值：6.97664'>6.98</span>", "<span data-toggle='tooltip' data-placement='right' title='原始值：7.46743'>7.47</span>", "<span data-toggle='tooltip' data-placement='right' title='原始值：200.9294'>200.9</span>", "<span data-toggle='tooltip' data-placement='right' title='原始值：29.43653'>29.4</span>", "<span data-toggle='tooltip' data-placement='right' title='原始值：2.71'>2.71</span>", "<span data-toggle='tooltip' data-placement='right' title='原始值：0.3'>0.300</span>", "<span data-toggle='tooltip' data-placement='right' title='原始值：0.03925'>0.039</span>", "<span data-toggle='tooltip' data-placement='right' title='原始值：2.045'>2.04</span>", "*", "*", "正常"], ["江西省", "长江流域", "<span data-toggle='tooltip' data-placement='right' title='所在地市:九江市&#10;所属河流:长江'>姚港(河西水厂)</span>", "02-25 08:00", "Ⅱ", "<span data-toggle='tooltip' data-placement='right' title='原始值：14.46'>14.5</span>", "<span data-toggle='tooltip' data-placement='right' title='原始值：7.9'>7.90</span>", "<span data-toggle='tooltip' data-placement='right' title='原始值：10.44'>10.44</span>", "<span data-toggle='tooltip' data-placement='right' title='原始值：376.19'>376.2</span>", "<span data-toggle='tooltip' data-placement='right' title='原始值：29.63'>29.6</span>", "<span data-toggle='tooltip' data-placement='right' title='原始值：1.405'>1.40</span>", "<span data-toggle='tooltip' data-placement='right' title='原始值：0.027'>0.027</span>", "<span data-toggle='tooltip' data-placement='right' title='原始值：0.071'>0.071</span>", "<span data-toggle='tooltip' data-placement='right' title='原始值：2'>2.00</span>", "*", "*", "正常"], ["江西省", "长江流域", "<span data-toggle='tooltip' data-placement='right' title='所在地市:九江市&#10;所属河流:鄱阳湖'>蛤蟆石</span>", "02-25 08:00", "Ⅲ", "<span data-toggle='tooltip' data-placement='right' title='原始值：15.62'>15.6</span>", "<span data-toggle='tooltip' data-placement='right' title='原始值：7.38'>7.38</span>", "<span data-toggle='tooltip' data-placement='right' title='原始值：9.43'>9.43</span>", "<span data-toggle='tooltip' data-placement='right' title='原始值：221.05'>221.0</span>", "<span data-toggle='tooltip' data-placement='right' title='原始值：9.55'>9.6</span>", "<span data-toggle='tooltip' data-placement='right' title='原始值：1.728'>1.73</span>", "<span data-toggle='tooltip' data-placement='right' title='原始值：0.09'>0.090</span>", "<span data-toggle='tooltip' data-placement='right' title='原始值：0.0436'>0.044</span>", "<span data-toggle='tooltip' data-placement='right' title='原始值：1.835'>1.84</span>", "<span data-toggle='tooltip' data-placement='right' title='原始值：0.00228'>0.002</span>", "<span data-toggle='tooltip' data-placement='right' title='原始值：1358339'>1358339</span>", "正常"], ["山东省", "黄河流域", "<span data-toggle='tooltip' data-placement='right' title='所在地市:济南市&#10;所属河流:黄河'>泺口</span>", "02-25 08:00", "", "<span data-toggle='tooltip' data-placement='right' title='原始值：8.85382'>8.9</span>", "<span data-toggle='tooltip' data-placement='right' title='原始值：8.44182'>8.44</span>", "<span data-toggle='tooltip' data-placement='right' title='原始值：11.7129'>11.71</span>", "<span data-toggle='tooltip' data-placement='right' title='原始值：1051.6'>1051.6</span>", "<span data-toggle='tooltip' data-placement='right' title='原始值：446.776'>446.8</span>", "<span data-toggle='tooltip' data-placement='right' title='原始值：2.09'>2.09</span>", "<span data-toggle='tooltip' data-placement='right' title='原始值：0.08606'>0.086</span>", "<span data-toggle='tooltip' data-placement='right' title='极值过滤'>--</span>", "<span data-toggle='tooltip' data-placement='right' title='原始值：4.389'>4.39</span>", "*", "*", "维护"], ["山东省", "淮河流域", "<span data-toggle='tooltip' data-placement='right' title='所在地市:枣庄市&#10;所属河流:京杭大运河（韩庄运河）'>台儿庄大桥</span>", "02-25 08:00", "Ⅱ", "<span data-toggle='tooltip' data-placement='right' title='原始值：8.96032'>9.0</span>", "<span data-toggle='tooltip' data-placement='right' title='原始值：8.16828'>8.17</span>", "<span data-toggle='tooltip' data-placement='right' title='原始值：11.69285'>11.69</span>", "<span data-toggle='tooltip' data-placement='right' title='原始值：835.2262'>835.2</span>", "<span data-toggle='tooltip' data-placement='right' title='原始值：12.52793'>12.5</span>", "<span data-toggle='tooltip' data-placement='right' title='原始值：3.84477'>3.84</span>", "<span data-toggle='tooltip' data-placement='right' title='原始值：0.11394'>0.114</span>", "<span data-toggle='tooltip' data-placement='right' title='原始值：0.05189'>0.052</span>", "<span data-toggle='tooltip' data-placement='right' title='原始值：4.37882'>4.38</span>", "*", "*", "正常"], ["山东省", "淮河流域", "<span data-toggle='tooltip' data-placement='right' title='所在地市:临沂市&#10;所属河流:沭河'>清泉寺</span>", "02-25 08:00", "Ⅲ", "<span data-toggle='tooltip' data-placement='right' title='原始值：10.83938'>10.8</span>", "<span data-toggle='tooltip' data-placement='right' title='原始值：7.6252'>7.63</span>", "<span data-toggle='tooltip' data-placement='right' title='原始值：8.50443'>8.50</span>", "<span data-toggle='tooltip' data-placement='right' title='原始值：1259.522'>1259.5</span>", "<span data-toggle='tooltip' data-placement='right' title='原始值：6.06128'>6.1</span>", "<span data-toggle='tooltip' data-placement='right' title='原始值：4.76'>4.76</span>", "<span data-toggle='tooltip' data-placement='right' title='原始值：0.2'>0.200</span>", "*", "*", "*", "*", "正常"], ["山东省", "淮河流域", "<span data-toggle='tooltip' data-placement='right' title='所在地市:临沂市&#10;所属河流:沂河'>重坊桥</span>", "02-25 08:00", "Ⅲ", "<span data-toggle='tooltip' data-placement='right' title='原始值：9.12316'>9.1</span>", "<span data-toggle='tooltip' data-placement='right' title='原始值：7.82001'>7.82</span>", "<span data-toggle='tooltip' data-placement='right' title='原始值：10.49019'>10.49</span>", "<span data-toggle='tooltip' data-placement='right' title='原始值：898.2222'>898.2</span>", "<span data-toggle='tooltip' data-placement='right' title='原始值：8.47222'>8.5</span>", "<span data-toggle='tooltip' data-placement='right' title='原始值：4.26'>4.26</span>", "<span data-toggle='tooltip' data-placement='right' title='原始值：0.04994'>0.050</span>", "*", "*", "*", "*", "正常"], ["山东省", "淮河流域", "<span data-toggle='tooltip' data-placement='right' title='所在地市:临沂市&#10;所属河流:白马河'>捷庄(涝沟桥)</span>", "02-25 08:00", "Ⅲ", "<span data-toggle='tooltip' data-placement='right' title='原始值：7.6'>7.6</span>", "<span data-toggle='tooltip' data-placement='right' title='原始值：7.49'>7.49</span>", "<span data-toggle='tooltip' data-placement='right' title='原始值：9.06468'>9.06</span>", "<span data-toggle='tooltip' data-placement='right' title='原始值：970.4688'>970.5</span>", "<span data-toggle='tooltip' data-placement='right' title='原始值：10.74844'>10.7</span>", "<span data-toggle='tooltip' data-placement='right' title='原始值：5.72'>5.72</span>", "<span data-toggle='tooltip' data-placement='right' title='原始值：0.21759'>0.218</span>", "<span data-toggle='tooltip' data-placement='right' title='原始值：0.07155'>0.072</span>", "<span data-toggle='tooltip' data-placement='right' title='原始值：9.07551'>9.08</span>", "*", "*", "正常"], ["山东省", "海河流域", "<span data-toggle='tooltip' data-placement='right' title='所在地市:聊城市&#10;所属河流:卫运河'>秤勾湾(秤钩湾)</span>", null, "", "--", "--", "--", "--", "--", "--", "--", "--", "--", "*", "*", "停站"], ["河南省", "长江流域", "<span data-toggle='tooltip' data-placement='right' title='所在地市:南阳市&#10;所属河流:丹江口水库'>陶岔</span>", "02-25 08:00", "Ⅱ", "<span data-toggle='tooltip' data-placement='right' title='原始值：17.13'>17.1</span>", "<span data-toggle='tooltip' data-placement='right' title='原始值：7.90798'>7.91</span>", "<span data-toggle='tooltip' data-placement='right' title='原始值：8.30207'>8.30</span>", "<span data-toggle='tooltip' data-placement='right' title='原始值：266.7057'>266.7</span>", "<span data-toggle='tooltip' data-placement='right' title='原始值：1.75723'>1.8</span>", "<span data-toggle='tooltip' data-placement='right' title='原始值：2.42'>2.42</span>", "<span data-toggle='tooltip' data-placement='right' title='原始值：0.02382'>0.024</span>", "<span data-toggle='tooltip' data-placement='right' title='原始值：0.00817'>0.008</span>", "<span data-toggle='tooltip' data-placement='right' title='原始值：1.29375'>1.29</span>", "<span data-toggle='tooltip' data-placement='right' title='原始值：0.00399'>0.004</span>", "<span data-toggle='tooltip' data-placement='right' title='原始值：202333.4'>202333</span>", "正常"], ["河南省", "淮河流域", "<span data-toggle='tooltip' data-placement='right' title='所在地市:商丘市&#10;所属河流:浍河'>黄口</span>", "02-25 08:00", "Ⅱ", "<span data-toggle='tooltip' data-placement='right' title='原始值：8.4'>8.4</span>", "<span data-toggle='tooltip' data-placement='right' title='原始值：7.76'>7.76</span>", "<span data-toggle='tooltip' data-placement='right' title='原始值：9.34'>9.34</span>", "<span data-toggle='tooltip' data-placement='right' title='原始值：1614'>1614.0</span>", "<span data-toggle='tooltip' data-placement='right' title='原始值：34.00952'>34.0</span>", "<span data-toggle='tooltip' data-placement='right' title='原始值：3.78'>3.78</span>", "<span data-toggle='tooltip' data-placement='right' title='原始值：0.0353'>0.035</span>", "<span data-toggle='tooltip' data-placement='right' title='原始值：0.0697'>0.070</span>", "<span data-toggle='tooltip' data-placement='right' title='原始值：5.47235'>5.47</span>", "*", "*", "正常"], ["河南省", "淮河流域", "<span data-toggle='tooltip' data-placement='right' title='所在地市:信阳市&#10;所属河流:史灌河'>蒋集</span>", null, "", "--", "--", "--", "--", "--", "--", "--", "--", "--", "*", "*", "停站"], ["河南省", "淮河流域", "<span data-toggle='tooltip' data-placement='right' title='所在地市:信阳市&#10;所属河流:淮河'>息县大埠口</span>", null, "", "*", "--", "*", "*", "*", "*", "*", "*", "*", "*", "*", "维护"], ["河南省", "淮河流域", "<span data-toggle='tooltip' data-placement='right' title='所在地市:信阳市&#10;所属河流:淮河'>淮滨水文站(淮滨)</span>", "02-25 08:00", "Ⅱ", "<span data-toggle='tooltip' data-placement='right' title='原始值：13.2'>13.2</span>", "<span data-toggle='tooltip' data-placement='right' title='原始值：7.64992'>7.65</span>", "<span data-toggle='tooltip' data-placement='right' title='原始值：10.30984'>10.31</span>", "<span data-toggle='tooltip' data-placement='right' title='原始值：338'>338.0</span>", "<span data-toggle='tooltip' data-placement='right' title='原始值：50.61149'>50.6</span>", "<span data-toggle='tooltip' data-placement='right' title='原始值：3.18091'>3.18</span>", "<span data-toggle='tooltip' data-placement='right' title='原始值：0.05485'>0.055</span>", "<span data-toggle='tooltip' data-placement='right' title='原始值：0.08558'>0.086</span>", "<span data-toggle='tooltip' data-placement='right' title='原始值：1.85517'>1.86</span>", "*", "*", "正常"], ["河南省", "淮河流域", "<span data-toggle='tooltip' data-placement='right' title='所在地市:周口市&#10;所属河流:沙河'>沈丘闸</span>", "02-25 08:00", "Ⅲ", "<span data-toggle='tooltip' data-placement='right' title='原始值：10.00699'>10.0</span>", "<span data-toggle='tooltip' data-placement='right' title='原始值：7.8765'>7.88</span>", "<span data-toggle='tooltip' data-placement='right' title='原始值：9.13089'>9.13</span>", "<span data-toggle='tooltip' data-placement='right' title='原始值：1137.527'>1137.5</span>", "<span data-toggle='tooltip' data-placement='right' title='原始值：41.03817'>41.0</span>", "<span data-toggle='tooltip' data-placement='right' title='原始值：4.8'>4.80</span>", "<span data-toggle='tooltip' data-placement='right' title='原始值：0.83'>0.830</span>", "*", "*", "*", "*", "正常"], ["河南省", "淮河流域", "<span data-toggle='tooltip' data-placement='right' title='所在地市:周口市&#10;所属河流:涡河'>鹿邑付桥(鹿邑付桥闸)</span>", null, "", "--", "--", "--", "--", "--", "--", "--", "--", "--", "*", "*", "停站"], ["河南省", "淮河流域", "<span data-toggle='tooltip' data-placement='right' title='所在地市:驻马店市&#10;所属河流:洪河'>新蔡班台(班台)</span>", "02-25 08:00", "Ⅳ", "<span data-toggle='tooltip' data-placement='right' title='原始值：15.21831'>15.2</span>", "<span data-toggle='tooltip' data-placement='right' title='原始值：7.0695'>7.07</span>", "<span data-toggle='tooltip' data-placement='right' title='原始值：7.61704'>7.62</span>", "<span data-toggle='tooltip' data-placement='right' title='原始值：544.4911'>544.5</span>", "<span data-toggle='tooltip' data-placement='right' title='原始值：23.92928'>23.9</span>", "<span data-toggle='tooltip' data-placement='right' title='原始值：4.36'>4.36</span>", "<span data-toggle='tooltip' data-placement='right' title='原始值：1.19'>1.190</span>", "<span data-toggle='tooltip' data-placement='right' title='原始值：0.09616'>0.096</span>", "<span data-toggle='tooltip' data-placement='right' title='原始值：5.18388'>5.18</span>", "*", "*", "正常"], ["河南省", "黄河流域", "<span data-toggle='tooltip' data-placement='right' title='所在地市:济源市&#10;所属河流:黄河'>小浪底水库(小浪底)</span>", "02-25 08:00", "Ⅱ", "<span data-toggle='tooltip' data-placement='right' title='原始值：6.51045'>6.5</span>", "<span data-toggle='tooltip' data-placement='right' title='原始值：8.33215'>8.33</span>", "<span data-toggle='tooltip' data-placement='right' title='原始值：13.82447'>13.82</span>", "<span data-toggle='tooltip' data-placement='right' title='原始值：870.213'>870.2</span>", "<span data-toggle='tooltip' data-placement='right' title='原始值：5.08806'>5.1</span>", "<span data-toggle='tooltip' data-placement='right' title='原始值：1.6625'>1.66</span>", "<span data-toggle='tooltip' data-placement='right' title='原始值：0.07'>0.070</span>", "<span data-toggle='tooltip' data-placement='right' title='原始值：0.031'>0.031</span>", "<span data-toggle='tooltip' data-placement='right' title='原始值：4.0625'>4.06</span>", "*", "*", "正常"], ["湖北省", "长江流域", "<span data-toggle='tooltip' data-placement='right' title='所在地市:武汉市&#10;所属河流:汉江'>宗关</span>", "02-25 08:00", "Ⅱ", "<span data-toggle='tooltip' data-placement='right' title='原始值：15.05'>15.0</span>", "<span data-toggle='tooltip' data-placement='right' title='原始值：7.836965'>7.84</span>", "<span data-toggle='tooltip' data-placement='right' title='原始值：9.578945'>9.58</span>", "<span data-toggle='tooltip' data-placement='right' title='原始值：317.2119'>317.2</span>", "<span data-toggle='tooltip' data-placement='right' title='原始值：21.38071'>21.4</span>", "<span data-toggle='tooltip' data-placement='right' title='原始值：2.1'>2.10</span>", "<span data-toggle='tooltip' data-placement='right' title='原始值：0.056'>0.056</span>", "<span data-toggle='tooltip' data-placement='right' title='原始值：0.075'>0.075</span>", "<span data-toggle='tooltip' data-placement='right' title='原始值：3.007172'>3.01</span>", "<span data-toggle='tooltip' data-placement='right' title='原始值：0.0028281'>0.003</span>", "*", "正常"], ["湖北省", "长江流域", "<span data-toggle='tooltip' data-placement='right' title='所在地市:十堰市&#10;所属河流:丹江口水库'>坝上中(胡家岭)</span>", "02-25 08:00", "Ⅱ", "<span data-toggle='tooltip' data-placement='right' title='原始值：11.69'>11.7</span>", "<span data-toggle='tooltip' data-placement='right' title='原始值：8.299593'>8.30</span>", "<span data-toggle='tooltip' data-placement='right' title='原始值：11.67347'>11.67</span>", "<span data-toggle='tooltip' data-placement='right' title='原始值：275.309'>275.3</span>", "<span data-toggle='tooltip' data-placement='right' title='原始值：1.868621'>1.9</span>", "<span data-toggle='tooltip' data-placement='right' title='原始值：2.4'>2.40</span>", "<span data-toggle='tooltip' data-placement='right' title='原始值：0.116'>0.116</span>", "<span data-toggle='tooltip' data-placement='right' title='原始值：0.012'>0.012</span>", "<span data-toggle='tooltip' data-placement='right' title='原始值：1.239'>1.24</span>", "<span data-toggle='tooltip' data-placement='right' title='原始值：0.0114247'>0.011</span>", "<span data-toggle='tooltip' data-placement='right' title='原始值：6203000'>6203000</span>", "正常"], ["湖北省", "长江流域", "<span data-toggle='tooltip' data-placement='right' title='所在地市:宜昌市&#10;所属河流:长江'>南津关</span>", "02-25 08:00", "Ⅱ", "<span data-toggle='tooltip' data-placement='right' title='原始值：12.97'>13.0</span>", "<span data-toggle='tooltip' data-placement='right' title='原始值：7.989102'>7.99</span>", "<span data-toggle='tooltip' data-placement='right' title='原始值：9.607212'>9.61</span>", "<span data-toggle='tooltip' data-placement='right' title='原始值：419.423'>419.4</span>", "<span data-toggle='tooltip' data-placement='right' title='原始值：2.669913'>2.7</span>", "<span data-toggle='tooltip' data-placement='right' title='原始值：1.29'>1.29</span>", "<span data-toggle='tooltip' data-placement='right' title='原始值：0.052'>0.052</span>", "<span data-toggle='tooltip' data-placement='right' title='原始值：0.052'>0.052</span>", "<span data-toggle='tooltip' data-placement='right' title='原始值：1.629'>1.63</span>", "<span data-toggle='tooltip' data-placement='right' title='原始值：0.0032459'>0.003</span>", "*", "正常"], ["湖南省", "长江流域", "<span data-toggle='tooltip' data-placement='right' title='所在地市:长沙市&#10;所属河流:湘江'>新港</span>", "02-25 08:00", "Ⅱ", "<span data-toggle='tooltip' data-placement='right' title='原始值：15.15'>15.2</span>", "<span data-toggle='tooltip' data-placement='right' title='原始值：7.61'>7.61</span>", "<span data-toggle='tooltip' data-placement='right' title='原始值：10.8'>10.80</span>", "<span data-toggle='tooltip' data-placement='right' title='原始值：272.02'>272.0</span>", "<span data-toggle='tooltip' data-placement='right' title='原始值：22.38'>22.4</span>", "<span data-toggle='tooltip' data-placement='right' title='原始值：3.35'>3.35</span>", "<span data-toggle='tooltip' data-placement='right' title='原始值：0.06'>0.060</span>", "<span data-toggle='tooltip' data-placement='right' title='原始值：0.016'>0.016</span>", "<span data-toggle='tooltip' data-placement='right' title='原始值：2.9'>2.90</span>", "*", "*", "正常"], ["湖南省", "长江流域", "<span data-toggle='tooltip' data-placement='right' title='所在地市:岳阳市&#10;所属河流:洞庭湖'>岳阳楼</span>", "02-25 08:00", "Ⅳ", "<span data-toggle='tooltip' data-placement='right' title='原始值：12.81'>12.8</span>", "<span data-toggle='tooltip' data-placement='right' title='原始值：8.011974'>8.01</span>", "<span data-toggle='tooltip' data-placement='right' title='原始值：8.416462'>8.42</span>", "<span data-toggle='tooltip' data-placement='right' title='原始值：253.7481'>253.7</span>", "<span data-toggle='tooltip' data-placement='right' title='原始值：47.57065'>47.6</span>", "<span data-toggle='tooltip' data-placement='right' title='原始值：1.61'>1.61</span>", "<span data-toggle='tooltip' data-placement='right' title='原始值：0.014'>0.014</span>", "<span data-toggle='tooltip' data-placement='right' title='原始值：0.09'>0.090</span>", "<span data-toggle='tooltip' data-placement='right' title='原始值：2.82'>2.82</span>", "<span data-toggle='tooltip' data-placement='right' title='原始值：0.0031563'>0.003</span>", "<span data-toggle='tooltip' data-placement='right' title='原始值：275.959'>276</span>", "正常"], ["湖南省", "长江流域", "<span data-toggle='tooltip' data-placement='right' title='所在地市:岳阳市&#10;所属河流:长江'>城陵矶</span>", "02-25 08:00", "Ⅱ", "<span data-toggle='tooltip' data-placement='right' title='原始值：14.11'>14.1</span>", "<span data-toggle='tooltip' data-placement='right' title='原始值：7.704092'>7.70</span>", "<span data-toggle='tooltip' data-placement='right' title='原始值：10.20277'>10.20</span>", "<span data-toggle='tooltip' data-placement='right' title='原始值：268.688'>268.7</span>", "<span data-toggle='tooltip' data-placement='right' title='原始值：50.03394'>50.0</span>", "<span data-toggle='tooltip' data-placement='right' title='原始值：2.21'>2.21</span>", "<span data-toggle='tooltip' data-placement='right' title='原始值：0.004'>0.004</span>", "<span data-toggle='tooltip' data-placement='right' title='原始值：0.089'>0.089</span>", "<span data-toggle='tooltip' data-placement='right' title='原始值：1.701'>1.70</span>", "*", "*", "正常"], ["广东省", "珠江流域", "<span data-toggle='tooltip' data-placement='right' title='所在地市:清远市&#10;所属河流:北江'>七星岗</span>", "02-25 08:00", "Ⅱ", "<span data-toggle='tooltip' data-placement='right' title='原始值：22.12849'>22.1</span>", "<span data-toggle='tooltip' data-placement='right' title='原始值：7.4813'>7.48</span>", "<span data-toggle='tooltip' data-placement='right' title='原始值：9.15762'>9.16</span>", "<span data-toggle='tooltip' data-placement='right' title='原始值：278.133'>278.1</span>", "<span data-toggle='tooltip' data-placement='right' title='原始值：11.08657'>11.1</span>", "<span data-toggle='tooltip' data-placement='right' title='原始值：3.49'>3.49</span>", "<span data-toggle='tooltip' data-placement='right' title='原始值：0.06134'>0.061</span>", "<span data-toggle='tooltip' data-placement='right' title='原始值：0.0195'>0.020</span>", "<span data-toggle='tooltip' data-placement='right' title='原始值：1.8945'>1.89</span>", "*", "*", "正常"], ["广东省", "珠江流域", "<span data-toggle='tooltip' data-placement='right' title='所在地市:中山市&#10;所属河流:西江'>横栏</span>", "02-25 08:00", "Ⅰ", "<span data-toggle='tooltip' data-placement='right' title='原始值：21.5'>21.5</span>", "<span data-toggle='tooltip' data-placement='right' title='原始值：7.7'>7.70</span>", "<span data-toggle='tooltip' data-placement='right' title='原始值：7.95'>7.95</span>", "<span data-toggle='tooltip' data-placement='right' title='原始值：314'>314.0</span>", "<span data-toggle='tooltip' data-placement='right' title='原始值：10.7'>10.7</span>", "<span data-toggle='tooltip' data-placement='right' title='原始值：1.8'>1.80</span>", "<span data-toggle='tooltip' data-placement='right' title='原始值：0.12004'>0.120</span>", "*", "*", "*", "*", "正常"], ["广西壮族自治区", "珠江流域", "<span data-toggle='tooltip' data-placement='right' title='所在地市:南宁市&#10;所属河流:邕江'>老口</span>", "02-25 08:00", "Ⅰ", "<span data-toggle='tooltip' data-placement='right' title='原始值：20.97596'>21.0</span>", "<span data-toggle='tooltip' data-placement='right' title='原始值：7.83847'>7.84</span>", "<span data-toggle='tooltip' data-placement='right' title='原始值：9.23413'>9.23</span>", "<span data-toggle='tooltip' data-placement='right' title='原始值：273.697'>273.7</span>", "<span data-toggle='tooltip' data-placement='right' title='原始值：9.14898'>9.1</span>", "<span data-toggle='tooltip' data-placement='right' title='原始值：1.59513'>1.60</span>", "<span data-toggle='tooltip' data-placement='right' title='原始值：0.10941'>0.109</span>", "<span data-toggle='tooltip' data-placement='right' title='原始值：0.01587'>0.016</span>", "<span data-toggle='tooltip' data-placement='right' title='原始值：1.34118'>1.34</span>", "*", "*", "正常"], ["广西壮族自治区", "珠江流域", "<span data-toggle='tooltip' data-placement='right' title='所在地市:桂林市&#10;所属河流:漓江'>阳朔</span>", "02-25 08:00", "Ⅱ", "<span data-toggle='tooltip' data-placement='right' title='原始值：20.9'>20.9</span>", "<span data-toggle='tooltip' data-placement='right' title='原始值：7.43'>7.43</span>", "<span data-toggle='tooltip' data-placement='right' title='原始值：8.991'>8.99</span>", "<span data-toggle='tooltip' data-placement='right' title='原始值：133.013'>133.0</span>", "<span data-toggle='tooltip' data-placement='right' title='原始值：1.348'>1.3</span>", "<span data-toggle='tooltip' data-placement='right' title='原始值：1.351'>1.35</span>", "<span data-toggle='tooltip' data-placement='right' title='原始值：0.005'>0.005</span>", "<span data-toggle='tooltip' data-placement='right' title='原始值：0.023'>0.023</span>", "<span data-toggle='tooltip' data-placement='right' title='原始值：1.088'>1.09</span>", "*", "*", "正常"], ["广西壮族自治区", "珠江流域", "<span data-toggle='tooltip' data-placement='right' title='所在地市:梧州市&#10;所属河流:浔江'>界首</span>", null, "", "--", "--", "--", "--", "--", "--", "--", "--", "--", "*", "*", "停站"], ["广西壮族自治区", "珠江流域", "<span data-toggle='tooltip' data-placement='right' title='所在地市:贵港市&#10;所属河流:浔江'>石嘴</span>", "02-25 08:00", "Ⅰ", "<span data-toggle='tooltip' data-placement='right' title='原始值：21.57399'>21.6</span>", "<span data-toggle='tooltip' data-placement='right' title='原始值：7.8808'>7.88</span>", "<span data-toggle='tooltip' data-placement='right' title='原始值：8.62133'>8.62</span>", "<span data-toggle='tooltip' data-placement='right' title='原始值：309.6382'>309.6</span>", "<span data-toggle='tooltip' data-placement='right' title='原始值：6.9545'>7.0</span>", "<span data-toggle='tooltip' data-placement='right' title='原始值：1.18'>1.18</span>", "<span data-toggle='tooltip' data-placement='right' title='原始值：0.14'>0.140</span>", "<span data-toggle='tooltip' data-placement='right' title='原始值：0.01411'>0.014</span>", "<span data-toggle='tooltip' data-placement='right' title='原始值：1.4937'>1.49</span>", "*", "*", "正常"], ["广西壮族自治区", "珠江流域", "<span data-toggle='tooltip' data-placement='right' title='所在地市:崇左市&#10;所属河流:平而河'>平而关</span>", "02-25 08:00", "Ⅰ", "<span data-toggle='tooltip' data-placement='right' title='原始值：21.99943'>22.0</span>", "<span data-toggle='tooltip' data-placement='right' title='原始值：7.98276'>7.98</span>", "<span data-toggle='tooltip' data-placement='right' title='原始值：7.92728'>7.93</span>", "<span data-toggle='tooltip' data-placement='right' title='原始值：218.4172'>218.4</span>", "<span data-toggle='tooltip' data-placement='right' title='原始值：22.90586'>22.9</span>", "<span data-toggle='tooltip' data-placement='right' title='原始值：1.25459'>1.25</span>", "<span data-toggle='tooltip' data-placement='right' title='原始值：0.03'>0.030</span>", "*", "*", "*", "*", "正常"], ["重庆市", "长江流域", "<span data-toggle='tooltip' data-placement='right' title='所在地市:永川区&#10;所属河流:长江'>朱沱</span>", "02-25 08:00", "", "<span data-toggle='tooltip' data-placement='right' title='原始值：21.19'>21.2</span>", "<span data-toggle='tooltip' data-placement='right' title='原始值：7.88'>7.88</span>", "<span data-toggle='tooltip' data-placement='right' title='原始值：15.03'>15.03</span>", "<span data-toggle='tooltip' data-placement='right' title='极值过滤'>--</span>", "<span data-toggle='tooltip' data-placement='right' title='原始值：400'>400.0</span>", "--", "--", "--", "--", "*", "*", "维护"], ["四川省", "长江流域", "<span data-toggle='tooltip' data-placement='right' title='所在地市:攀枝花市&#10;所属河流:金沙江'>龙洞</span>", "02-25 08:00", "Ⅰ", "<span data-toggle='tooltip' data-placement='right' title='原始值：12.65'>12.6</span>", "<span data-toggle='tooltip' data-placement='right' title='原始值：8.385794'>8.39</span>", "<span data-toggle='tooltip' data-placement='right' title='原始值：9.177879'>9.18</span>", "<span data-toggle='tooltip' data-placement='right' title='原始值：803.925'>803.9</span>", "<span data-toggle='tooltip' data-placement='right' title='原始值：2.468568'>2.5</span>", "<span data-toggle='tooltip' data-placement='right' title='原始值：1.05'>1.05</span>", "<span data-toggle='tooltip' data-placement='right' title='原始值：0.011'>0.011</span>", "<span data-toggle='tooltip' data-placement='right' title='原始值：0.0086766'>0.009</span>", "<span data-toggle='tooltip' data-placement='right' title='原始值：1.787156'>1.79</span>", "*", "*", "正常"], ["四川省", "长江流域", "<span data-toggle='tooltip' data-placement='right' title='所在地市:泸州市&#10;所属河流:沱江'>沱江大桥(沱江二桥)</span>", "02-25 08:00", "Ⅱ", "<span data-toggle='tooltip' data-placement='right' title='原始值：16.73'>16.7</span>", "<span data-toggle='tooltip' data-placement='right' title='原始值：8.293759'>8.29</span>", "<span data-toggle='tooltip' data-placement='right' title='原始值：10.67786'>10.68</span>", "<span data-toggle='tooltip' data-placement='right' title='原始值：608.2154'>608.2</span>", "<span data-toggle='tooltip' data-placement='right' title='原始值：12.93094'>12.9</span>", "<span data-toggle='tooltip' data-placement='right' title='原始值：2.17'>2.17</span>", "<span data-toggle='tooltip' data-placement='right' title='原始值：0.013'>0.013</span>", "<span data-toggle='tooltip' data-placement='right' title='原始值：0.0602257'>0.060</span>", "<span data-toggle='tooltip' data-placement='right' title='原始值：3.633362'>3.63</span>", "*", "*", "正常"], ["四川省", "长江流域", "<span data-toggle='tooltip' data-placement='right' title='所在地市:广元市&#10;所属河流:嘉陵江'>清风峡</span>", "02-25 04:00", "Ⅱ", "<span data-toggle='tooltip' data-placement='right' title='原始值：11.59999'>11.6</span>", "<span data-toggle='tooltip' data-placement='right' title='原始值：8.23999'>8.24</span>", "<span data-toggle='tooltip' data-placement='right' title='原始值：11.26748'>11.27</span>", "<span data-toggle='tooltip' data-placement='right' title='原始值：425'>425.0</span>", "<span data-toggle='tooltip' data-placement='right' title='原始值：22.95324'>23.0</span>", "<span data-toggle='tooltip' data-placement='right' title='原始值：0.6'>0.60</span>", "<span data-toggle='tooltip' data-placement='right' title='原始值：0.15015'>0.150</span>", "*", "*", "*", "*", "正常"], ["四川省", "长江流域", "<span data-toggle='tooltip' data-placement='right' title='所在地市:乐山市&#10;所属河流:岷江'>岷江大桥</span>", null, "", "--", "--", "--", "--", "--", "--", "--", "--", "--", "*", "*", "停站"], ["四川省", "长江流域", "<span data-toggle='tooltip' data-placement='right' title='所在地市:宜宾市&#10;所属河流:岷江'>凉姜沟</span>", null, "", "--", "--", "--", "--", "--", "--", "--", "--", "--", "*", "*", "停站"], ["云南省", "滇池流域", "<span data-toggle='tooltip' data-placement='right' title='所在地市:昆明市&#10;所属河流:滇池'>西苑隧道</span>", "02-25 08:00", "Ⅲ", "<span data-toggle='tooltip' data-placement='right' title='原始值：14.98'>15.0</span>", "<span data-toggle='tooltip' data-placement='right' title='原始值：8.19124'>8.19</span>", "<span data-toggle='tooltip' data-placement='right' title='原始值：8.164'>8.16</span>", "<span data-toggle='tooltip' data-placement='right' title='原始值：732.714'>732.7</span>", "<span data-toggle='tooltip' data-placement='right' title='原始值：23.856'>23.9</span>", "<span data-toggle='tooltip' data-placement='right' title='原始值：4.30195'>4.30</span>", "<span data-toggle='tooltip' data-placement='right' title='原始值：0.02732'>0.027</span>", "<span data-toggle='tooltip' data-placement='right' title='原始值：0.02877'>0.029</span>", "<span data-toggle='tooltip' data-placement='right' title='原始值：4.49932'>4.50</span>", "<span data-toggle='tooltip' data-placement='right' title='原始值：0.00243'>0.002</span>", "<span data-toggle='tooltip' data-placement='right' title='原始值：3929012'>3929012</span>", "正常"], ["云南省", "滇池流域", "<span data-toggle='tooltip' data-placement='right' title='所在地市:昆明市&#10;所属河流:滇池'>观音山</span>", "02-25 08:00", "Ⅳ", "<span data-toggle='tooltip' data-placement='right' title='原始值：14.47043'>14.5</span>", "<span data-toggle='tooltip' data-placement='right' title='原始值：8.61471'>8.61</span>", "<span data-toggle='tooltip' data-placement='right' title='原始值：8.298'>8.30</span>", "<span data-toggle='tooltip' data-placement='right' title='原始值：450.788'>450.8</span>", "<span data-toggle='tooltip' data-placement='right' title='原始值：28.731'>28.7</span>", "<span data-toggle='tooltip' data-placement='right' title='原始值：5.6878'>5.69</span>", "<span data-toggle='tooltip' data-placement='right' title='原始值：0.51'>0.510</span>", "<span data-toggle='tooltip' data-placement='right' title='原始值：0.0518'>0.052</span>", "<span data-toggle='tooltip' data-placement='right' title='原始值：1.554'>1.55</span>", "<span data-toggle='tooltip' data-placement='right' title='原始值：0.02616'>0.026</span>", "<span data-toggle='tooltip' data-placement='right' title='原始值：1.879937E+07'>18799370</span>", "正常"], ["云南省", "西南诸河", "<span data-toggle='tooltip' data-placement='right' title='所在地市:红河哈尼族彝族自治州&#10;所属河流:红河'>河口县医院(河口)</span>", "02-25 08:00", "Ⅱ", "<span data-toggle='tooltip' data-placement='right' title='原始值：21.37719'>21.4</span>", "<span data-toggle='tooltip' data-placement='right' title='原始值：8.15186'>8.15</span>", "<span data-toggle='tooltip' data-placement='right' title='原始值：9.00309'>9.00</span>", "<span data-toggle='tooltip' data-placement='right' title='原始值：227.5531'>227.6</span>", "<span data-toggle='tooltip' data-placement='right' title='原始值：43.56223'>43.6</span>", "<span data-toggle='tooltip' data-placement='right' title='原始值：0.90365'>0.90</span>", "<span data-toggle='tooltip' data-placement='right' title='原始值：0.06268'>0.063</span>", "<span data-toggle='tooltip' data-placement='right' title='原始值：0.03232'>0.032</span>", "<span data-toggle='tooltip' data-placement='right' title='原始值：0.95055'>0.95</span>", "*", "*", "正常"], ["云南省", "西南诸河", "<span data-toggle='tooltip' data-placement='right' title='所在地市:西双版纳傣族自治州&#10;所属河流:澜沧江'>橄榄坝</span>", "02-25 08:00", "Ⅱ", "<span data-toggle='tooltip' data-placement='right' title='原始值：16.908'>16.9</span>", "<span data-toggle='tooltip' data-placement='right' title='原始值：7.809'>7.81</span>", "<span data-toggle='tooltip' data-placement='right' title='原始值：6.52'>6.52</span>", "<span data-toggle='tooltip' data-placement='right' title='原始值：556.316'>556.3</span>", "<span data-toggle='tooltip' data-placement='right' title='原始值：4.75'>4.8</span>", "<span data-toggle='tooltip' data-placement='right' title='原始值：0.653'>0.65</span>", "<span data-toggle='tooltip' data-placement='right' title='原始值：0.111'>0.111</span>", "*", "*", "*", "*", "正常"], ["陕西省", "黄河流域", "<span data-toggle='tooltip' data-placement='right' title='所在地市:渭南市&#10;所属河流:渭河'>潼关吊桥</span>", "02-25 08:00", "Ⅲ", "<span data-toggle='tooltip' data-placement='right' title='原始值：8.9'>8.9</span>", "<span data-toggle='tooltip' data-placement='right' title='原始值：8.37969'>8.38</span>", "<span data-toggle='tooltip' data-placement='right' title='原始值：8.56937'>8.57</span>", "<span data-toggle='tooltip' data-placement='right' title='原始值：1378'>1378.0</span>", "<span data-toggle='tooltip' data-placement='right' title='原始值：126.0484'>126.0</span>", "<span data-toggle='tooltip' data-placement='right' title='原始值：5.92'>5.92</span>", "<span data-toggle='tooltip' data-placement='right' title='原始值：0.4'>0.400</span>", "<span data-toggle='tooltip' data-placement='right' title='原始值：0.11358'>0.114</span>", "<span data-toggle='tooltip' data-placement='right' title='原始值：7.2544'>7.25</span>", "*", "*", "正常"]]}