{"result": 1, "total": 2, "records": 100, "thead": ["省份", "流域", "断面名称", "监测时间", "水质类别", "水温<br/><span class='unit'>(℃)</span>", "pH<br/><span class='unit'>(无量纲)</span>", "溶解氧<br/><span class='unit'>(mg/L)</span>", "电导率<br/><span class='unit'>(μS/cm)</span>", "浊度<br/><span class='unit'>(NTU)</span>", "高锰酸盐指数<br/><span class='unit'>(mg/L)</span>", "氨氮<br/><span class='unit'>(mg/L)</span>", "总磷<br/><span class='unit'>(mg/L)</span>", "总氮<br/><span class='unit'>(mg/L)</span>", "叶绿素α<br/><span class='unit'>(mg/L)</span>", "藻密度<br/><span class='unit'>(cells/L)</span>", "站点情况"], "tbody": [["北京市", "海河流域", "<span data-toggle='tooltip' data-placement='right' title='所在地市:门头沟区&#10;所属河流:永定河'>沿河城</span>", null, "", "--", "--", "--", "--", "--", "--", "--", "--", "--", "*", "*", "停站"], ["北京市", "淮河流域", "<span data-toggle='tooltip' data-placement='right' title='所在地市:房山区&#10;所属河流:小清河'>八间房漫水桥</span>", null, "", "--", "--", "--", "--", "--", "--", "--", "--", "--", "*", "*", "停站"], ["北京市", "海河流域", "<span data-toggle='tooltip' data-placement='right' title='所在地市:密云区&#10;所属河流:潮河'>古北口</span>", null, "", "--", "--", "--", "--", "--", "--", "--", "--", "--", "*", "*", "停站"], ["天津市", "海河流域", "<span data-toggle='tooltip' data-placement='right' title='所在地市:河北区&#10;所属河流:海河'>三岔口</span>", "02-17 08:00", "Ⅱ", "<span data-toggle='tooltip' data-placement='right' title='原始值：5.29'>5.3</span>", "<span data-toggle='tooltip' data-placement='right' title='原始值：8.0131'>8.01</span>", "<span data-toggle='tooltip' data-placement='right' title='原始值：10.517'>10.52</span>", "<span data-toggle='tooltip' data-placement='right' title='原始值：1024.556'>1024.6</span>", "<span data-toggle='tooltip' data-placement='right' title='原始值：13.81'>13.8</span>", "<span data-toggle='tooltip' data-placement='right' title='原始值：1.4'>1.40</span>", "<span data-toggle='tooltip' data-placement='right' title='原始值：0.2'>0.200</span>", "<span data-toggle='tooltip' data-placement='right' title='原始值：0.0086'>0.009</span>", "<span data-toggle='tooltip' data-placement='right' title='原始值：1.4144'>1.41</span>", "*", "*", "正常"], ["天津市", "海河流域", "<span data-toggle='tooltip' data-placement='right' title='所在地市:蓟州区&#10;所属河流:果河'>果河桥</span>", "02-17 08:00", "Ⅱ", "<span data-toggle='tooltip' data-placement='right' title='原始值：5.1'>5.1</span>", "<span data-toggle='tooltip' data-placement='right' title='原始值：8.25'>8.25</span>", "<span data-toggle='tooltip' data-placement='right' title='原始值：15.581'>15.58</span>", "<span data-toggle='tooltip' data-placement='right' title='原始值：745.675'>745.7</span>", "<span data-toggle='tooltip' data-placement='right' title='原始值：12.4'>12.4</span>", "<span data-toggle='tooltip' data-placement='right' title='原始值：2.0839'>2.08</span>", "<span data-toggle='tooltip' data-placement='right' title='原始值：0.19'>0.190</span>", "<span data-toggle='tooltip' data-placement='right' title='原始值：0.0435'>0.044</span>", "<span data-toggle='tooltip' data-placement='right' title='原始值：10.6766'>10.68</span>", "*", "*", "正常"], ["河北省", "海河流域", "<span data-toggle='tooltip' data-placement='right' title='所在地市:石家庄市&#10;所属河流:滹沱河'>岗南水库</span>", null, "", "--", "--", "--", "--", "--", "--", "--", "--", "--", "*", "*", "停站"], ["河北省", "海河流域", "<span data-toggle='tooltip' data-placement='right' title='所在地市:张家口市&#10;所属河流:永定河'>八号桥</span>", "02-17 08:00", "Ⅲ", "<span data-toggle='tooltip' data-placement='right' title='原始值：4.51918'>4.5</span>", "<span data-toggle='tooltip' data-placement='right' title='原始值：8.438'>8.44</span>", "<span data-toggle='tooltip' data-placement='right' title='原始值：13.71321'>13.71</span>", "<span data-toggle='tooltip' data-placement='right' title='原始值：1300.022'>1300.0</span>", "<span data-toggle='tooltip' data-placement='right' title='原始值：18.37432'>18.4</span>", "<span data-toggle='tooltip' data-placement='right' title='原始值：3.46'>3.46</span>", "<span data-toggle='tooltip' data-placement='right' title='原始值：0.68'>0.680</span>", "<span data-toggle='tooltip' data-placement='right' title='原始值：0.086'>0.086</span>", "<span data-toggle='tooltip' data-placement='right' title='原始值：5.105'>5.10</span>", "*", "*", "正常"], ["山西省", "黄河流域", "<span data-toggle='tooltip' data-placement='right' title='所在地市:运城市&#10;所属河流:汾河'>河津大桥</span>", "02-17 08:00", "Ⅲ", "<span data-toggle='tooltip' data-placement='right' title='原始值：10.62138'>10.6</span>", "<span data-toggle='tooltip' data-placement='right' title='原始值：8.00037'>8.00</span>", "<span data-toggle='tooltip' data-placement='right' title='原始值：9.83799'>9.84</span>", "<span data-toggle='tooltip' data-placement='right' title='原始值：1536.036'>1536.0</span>", "<span data-toggle='tooltip' data-placement='right' title='原始值：49.56677'>49.6</span>", "<span data-toggle='tooltip' data-placement='right' title='原始值：4.575'>4.58</span>", "<span data-toggle='tooltip' data-placement='right' title='原始值：0.61'>0.610</span>", "*", "*", "*", "*", "正常"], ["山西省", "黄河流域", "<span data-toggle='tooltip' data-placement='right' title='所在地市:忻州市&#10;所属河流:黄河'>万家寨水库</span>", null, "", "--", "--", "--", "--", "--", "--", "--", "--", "--", "*", "*", "停站"], ["内蒙古自治区", "黄河流域", "<span data-toggle='tooltip' data-placement='right' title='所在地市:包头市&#10;所属河流:黄河'>画匠营子</span>", null, "", "--", "--", "--", "--", "--", "--", "--", "--", "--", "*", "*", "停站"], ["内蒙古自治区", "黄河流域", "<span data-toggle='tooltip' data-placement='right' title='所在地市:乌海市&#10;所属河流:黄河'>海勃湾</span>", "02-17 08:00", "Ⅱ", "<span data-toggle='tooltip' data-placement='right' title='原始值：3.18033'>3.2</span>", "<span data-toggle='tooltip' data-placement='right' title='原始值：8.43867'>8.44</span>", "<span data-toggle='tooltip' data-placement='right' title='原始值：10.08837'>10.09</span>", "<span data-toggle='tooltip' data-placement='right' title='原始值：878.6063'>878.6</span>", "<span data-toggle='tooltip' data-placement='right' title='原始值：17.67868'>17.7</span>", "<span data-toggle='tooltip' data-placement='right' title='原始值：1.42'>1.42</span>", "<span data-toggle='tooltip' data-placement='right' title='原始值：0.19'>0.190</span>", "*", "*", "*", "*", "正常"], ["内蒙古自治区", "松花江流域", "<span data-toggle='tooltip' data-placement='right' title='所在地市:呼伦贝尔市&#10;所属河流:额尔古纳河'>黑山头</span>", null, "", "--", "--", "--", "--", "--", "--", "--", "--", "--", "*", "*", "停站"], ["辽宁省", "辽河流域", "<span data-toggle='tooltip' data-placement='right' title='所在地市:抚顺市&#10;所属河流:浑河'>大伙房水库</span>", "02-17 08:00", "Ⅱ", "<span data-toggle='tooltip' data-placement='right' title='原始值：5.48516'>5.5</span>", "<span data-toggle='tooltip' data-placement='right' title='原始值：7.6208'>7.62</span>", "<span data-toggle='tooltip' data-placement='right' title='原始值：9.94223'>9.94</span>", "<span data-toggle='tooltip' data-placement='right' title='原始值：321.2722'>321.3</span>", "<span data-toggle='tooltip' data-placement='right' title='原始值：6.22092'>6.2</span>", "<span data-toggle='tooltip' data-placement='right' title='原始值：2.96836'>2.97</span>", "<span data-toggle='tooltip' data-placement='right' title='原始值：0.09'>0.090</span>", "<span data-toggle='tooltip' data-placement='right' title='原始值：0.0176'>0.018</span>", "<span data-toggle='tooltip' data-placement='right' title='原始值：2.9147'>2.91</span>", "<span data-toggle='tooltip' data-placement='right' title='原始值：0.00135'>0.001</span>", "*", "正常"], ["辽宁省", "辽河流域", "<span data-toggle='tooltip' data-placement='right' title='所在地市:丹东市&#10;所属河流:鸭绿江'>江桥</span>", "02-17 04:00", "Ⅱ", "<span data-toggle='tooltip' data-placement='right' title='原始值：5.1001'>5.1</span>", "<span data-toggle='tooltip' data-placement='right' title='原始值：6.33999'>6.34</span>", "<span data-toggle='tooltip' data-placement='right' title='原始值：11.99968'>12.00</span>", "<span data-toggle='tooltip' data-placement='right' title='原始值：155'>155.0</span>", "<span data-toggle='tooltip' data-placement='right' title='原始值：4'>4.0</span>", "<span data-toggle='tooltip' data-placement='right' title='原始值：0.6'>0.60</span>", "<span data-toggle='tooltip' data-placement='right' title='原始值：0.03282'>0.033</span>", "<span data-toggle='tooltip' data-placement='right' title='原始值：0.02091'>0.021</span>", "<span data-toggle='tooltip' data-placement='right' title='原始值：1.94539'>1.95</span>", "*", "*", "正常"], ["辽宁省", "辽河流域", "<span data-toggle='tooltip' data-placement='right' title='所在地市:营口市&#10;所属河流:大辽河'>辽河公园</span>", "02-17 08:00", "劣Ⅴ", "<span data-toggle='tooltip' data-placement='right' title='原始值：5.18448'>5.2</span>", "<span data-toggle='tooltip' data-placement='right' title='原始值：7.4877'>7.49</span>", "<span data-toggle='tooltip' data-placement='right' title='原始值：7.28934'>7.29</span>", "<span data-toggle='tooltip' data-placement='right' title='原始值：5747.255'>5747.3</span>", "<span data-toggle='tooltip' data-placement='right' title='原始值：191.1563'>191.2</span>", "<span data-toggle='tooltip' data-placement='right' title='原始值：6.80306'>6.80</span>", "<span data-toggle='tooltip' data-placement='right' title='原始值：2.43095'>2.431</span>", "<span data-toggle='tooltip' data-placement='right' title='原始值：0.20377'>0.204</span>", "<span data-toggle='tooltip' data-placement='right' title='原始值：10.65073'>10.65</span>", "*", "*", "正常"], ["辽宁省", "辽河流域", "<span data-toggle='tooltip' data-placement='right' title='所在地市:辽阳市&#10;所属河流:太子河'>汤河水库</span>", null, "", "--", "--", "--", "--", "--", "--", "--", "--", "--", "*", "*", "停站"], ["辽宁省", "辽河流域", "<span data-toggle='tooltip' data-placement='right' title='所在地市:盘锦市&#10;所属河流:辽河'>盘锦兴安(兴安)</span>", null, "", "--", "--", "--", "--", "--", "--", "--", "--", "--", "*", "*", "停站"], ["辽宁省", "辽河流域", "<span data-toggle='tooltip' data-placement='right' title='所在地市:铁岭市&#10;所属河流:辽河'>珠尔山</span>", "02-17 08:00", "Ⅳ", "<span data-toggle='tooltip' data-placement='right' title='原始值：1.66755'>1.7</span>", "<span data-toggle='tooltip' data-placement='right' title='原始值：7.36928'>7.37</span>", "<span data-toggle='tooltip' data-placement='right' title='原始值：11.40339'>11.40</span>", "<span data-toggle='tooltip' data-placement='right' title='原始值：645.5283'>645.5</span>", "<span data-toggle='tooltip' data-placement='right' title='原始值：4.63752'>4.6</span>", "<span data-toggle='tooltip' data-placement='right' title='原始值：2.07887'>2.08</span>", "<span data-toggle='tooltip' data-placement='right' title='原始值：1.24'>1.240</span>", "<span data-toggle='tooltip' data-placement='right' title='原始值：0.07612'>0.076</span>", "<span data-toggle='tooltip' data-placement='right' title='原始值：8.74066'>8.74</span>", "*", "*", "正常"], ["吉林省", "松花江流域", "<span data-toggle='tooltip' data-placement='right' title='所在地市:长春市&#10;所属河流:松花江'>松花江村</span>", null, "", "--", "--", "--", "--", "--", "--", "--", "--", "--", "*", "*", "停站"], ["吉林省", "松花江流域", "<span data-toggle='tooltip' data-placement='right' title='所在地市:白城市&#10;所属河流:嫩江'>白沙滩</span>", "02-17 08:00", "Ⅳ", "<span data-toggle='tooltip' data-placement='right' title='原始值：3.07148'>3.1</span>", "<span data-toggle='tooltip' data-placement='right' title='原始值：7.03865'>7.04</span>", "<span data-toggle='tooltip' data-placement='right' title='原始值：13.02298'>13.02</span>", "<span data-toggle='tooltip' data-placement='right' title='原始值：426.2166'>426.2</span>", "<span data-toggle='tooltip' data-placement='right' title='原始值：23.33482'>23.3</span>", "<span data-toggle='tooltip' data-placement='right' title='原始值：6.81137'>6.81</span>", "<span data-toggle='tooltip' data-placement='right' title='原始值：0.23969'>0.240</span>", "<span data-toggle='tooltip' data-placement='right' title='原始值：0.03888'>0.039</span>", "<span data-toggle='tooltip' data-placement='right' title='原始值：1.39712'>1.40</span>", "*", "*", "正常"], ["吉林省", "松花江流域", "<span data-toggle='tooltip' data-placement='right' title='所在地市:延边朝鲜族自治州&#10;所属河流:图们江'>圈河</span>", "02-17 08:00", "Ⅱ", "<span data-toggle='tooltip' data-placement='right' title='原始值：9.69375'>9.7</span>", "<span data-toggle='tooltip' data-placement='right' title='原始值：7.17'>7.17</span>", "<span data-toggle='tooltip' data-placement='right' title='原始值：8.39'>8.39</span>", "<span data-toggle='tooltip' data-placement='right' title='原始值：323.0606'>323.1</span>", "<span data-toggle='tooltip' data-placement='right' title='原始值：12'>12.0</span>", "<span data-toggle='tooltip' data-placement='right' title='原始值：2.37'>2.37</span>", "<span data-toggle='tooltip' data-placement='right' title='原始值：0.2594'>0.259</span>", "<span data-toggle='tooltip' data-placement='right' title='原始值：0.04981'>0.050</span>", "<span data-toggle='tooltip' data-placement='right' title='原始值：3.14217'>3.14</span>", "*", "*", "正常"], ["黑龙江省", "松花江流域", "<span data-toggle='tooltip' data-placement='right' title='所在地市:大庆市&#10;所属河流:松花江'>肇源</span>", null, "", "--", "--", "--", "--", "--", "--", "--", "--", "--", "*", "*", "停站"], ["黑龙江省", "松花江流域", "<span data-toggle='tooltip' data-placement='right' title='所在地市:佳木斯市&#10;所属河流:乌苏里江'>乌苏镇</span>", null, "", "--", "--", "--", "--", "--", "--", "--", "--", "--", "*", "*", "停站"], ["黑龙江省", "松花江流域", "<span data-toggle='tooltip' data-placement='right' title='所在地市:佳木斯市&#10;所属河流:松花江'>同江</span>", "02-17 08:00", "Ⅲ", "<span data-toggle='tooltip' data-placement='right' title='原始值：3.49271'>3.5</span>", "<span data-toggle='tooltip' data-placement='right' title='原始值：7.37212'>7.37</span>", "<span data-toggle='tooltip' data-placement='right' title='原始值：13.0067'>13.01</span>", "<span data-toggle='tooltip' data-placement='right' title='原始值：348.879'>348.9</span>", "<span data-toggle='tooltip' data-placement='right' title='原始值：12.607'>12.6</span>", "<span data-toggle='tooltip' data-placement='right' title='原始值：4.19032'>4.19</span>", "<span data-toggle='tooltip' data-placement='right' title='原始值：0.30648'>0.306</span>", "<span data-toggle='tooltip' data-placement='right' title='原始值：0.04077'>0.041</span>", "<span data-toggle='tooltip' data-placement='right' title='原始值：1.89071'>1.89</span>", "*", "*", "正常"], ["黑龙江省", "松花江流域", "<span data-toggle='tooltip' data-placement='right' title='所在地市:黑河市&#10;所属河流:黑龙江'>黑河下(黑河)</span>", null, "", "--", "--", "--", "--", "--", "--", "--", "--", "--", "*", "*", "停站"], ["上海市", "长江流域", "<span data-toggle='tooltip' data-placement='right' title='所在地市:青浦区&#10;所属河流:淀山湖'>急水港桥</span>", "02-17 08:00", "Ⅳ", "<span data-toggle='tooltip' data-placement='right' title='原始值：10.5'>10.5</span>", "<span data-toggle='tooltip' data-placement='right' title='原始值：7.44'>7.44</span>", "<span data-toggle='tooltip' data-placement='right' title='原始值：8.51'>8.51</span>", "<span data-toggle='tooltip' data-placement='right' title='原始值：674'>674.0</span>", "<span data-toggle='tooltip' data-placement='right' title='原始值：67.9'>67.9</span>", "<span data-toggle='tooltip' data-placement='right' title='原始值：3.21875'>3.22</span>", "<span data-toggle='tooltip' data-placement='right' title='原始值：0.271'>0.271</span>", "<span data-toggle='tooltip' data-placement='right' title='原始值：0.06887'>0.069</span>", "<span data-toggle='tooltip' data-placement='right' title='原始值：3.18957'>3.19</span>", "<span data-toggle='tooltip' data-placement='right' title='原始值：0.0087'>0.009</span>", "<span data-toggle='tooltip' data-placement='right' title='原始值：4732953'>4732953</span>", "正常"], ["江苏省", "长江流域", "<span data-toggle='tooltip' data-placement='right' title='所在地市:南京市&#10;所属河流:长江'>林山</span>", "02-17 08:00", "Ⅱ", "<span data-toggle='tooltip' data-placement='right' title='原始值：11.8051'>11.8</span>", "<span data-toggle='tooltip' data-placement='right' title='原始值：8.04447'>8.04</span>", "<span data-toggle='tooltip' data-placement='right' title='原始值：10.5773'>10.58</span>", "<span data-toggle='tooltip' data-placement='right' title='原始值：349.366'>349.4</span>", "<span data-toggle='tooltip' data-placement='right' title='原始值：18.2481'>18.2</span>", "<span data-toggle='tooltip' data-placement='right' title='原始值：1.25'>1.25</span>", "<span data-toggle='tooltip' data-placement='right' title='原始值：0.186'>0.186</span>", "*", "*", "*", "*", "正常"], ["江苏省", "太湖流域", "<span data-toggle='tooltip' data-placement='right' title='所在地市:无锡市&#10;所属河流:太湖'>沙渚</span>", null, "", "--", "--", "--", "--", "--", "--", "--", "--", "--", "--", "*", "停站"], ["江苏省", "淮河流域", "<span data-toggle='tooltip' data-placement='right' title='所在地市:徐州市&#10;所属河流:武河'>小红圈</span>", "02-17 08:00", "Ⅱ", "<span data-toggle='tooltip' data-placement='right' title='原始值：9.64'>9.6</span>", "<span data-toggle='tooltip' data-placement='right' title='原始值：8.38'>8.38</span>", "<span data-toggle='tooltip' data-placement='right' title='原始值：13.39'>13.39</span>", "<span data-toggle='tooltip' data-placement='right' title='原始值：582.8'>582.8</span>", "<span data-toggle='tooltip' data-placement='right' title='原始值：5.79'>5.8</span>", "<span data-toggle='tooltip' data-placement='right' title='原始值：2.89'>2.89</span>", "<span data-toggle='tooltip' data-placement='right' title='原始值：0.073'>0.073</span>", "*", "*", "*", "*", "正常"], ["江苏省", "淮河流域", "<span data-toggle='tooltip' data-placement='right' title='所在地市:徐州市&#10;所属河流:沿河'>李集桥</span>", null, "", "--", "--", "--", "--", "--", "--", "--", "--", "--", "*", "*", "停站"], ["江苏省", "淮河流域", "<span data-toggle='tooltip' data-placement='right' title='所在地市:徐州市&#10;所属河流:邳苍分洪道'>艾山西大桥</span>", "02-17 08:00", "Ⅲ", "<span data-toggle='tooltip' data-placement='right' title='原始值：9.52457'>9.5</span>", "<span data-toggle='tooltip' data-placement='right' title='原始值：8.25138'>8.25</span>", "<span data-toggle='tooltip' data-placement='right' title='原始值：13.939'>13.94</span>", "<span data-toggle='tooltip' data-placement='right' title='原始值：696.184'>696.2</span>", "<span data-toggle='tooltip' data-placement='right' title='原始值：11.5391'>11.5</span>", "<span data-toggle='tooltip' data-placement='right' title='原始值：4.55'>4.55</span>", "<span data-toggle='tooltip' data-placement='right' title='原始值：0.09'>0.090</span>", "<span data-toggle='tooltip' data-placement='right' title='原始值：0.03735'>0.037</span>", "<span data-toggle='tooltip' data-placement='right' title='原始值：10.4581'>10.46</span>", "*", "*", "正常"], ["江苏省", "太湖流域", "<span data-toggle='tooltip' data-placement='right' title='所在地市:苏州市&#10;所属河流:太湖'>兰山嘴(老)</span>", null, "", "--", "--", "--", "--", "--", "--", "--", "--", "--", "--", "*", "停站"], ["江苏省", "太湖流域", "<span data-toggle='tooltip' data-placement='right' title='所在地市:苏州市&#10;所属河流:太湖'>西山</span>", null, "", "--", "--", "--", "--", "--", "--", "--", "--", "--", "--", "*", "停站"], ["江苏省", "淮河流域", "<span data-toggle='tooltip' data-placement='right' title='所在地市:连云港市&#10;所属河流:新沭河'>大兴桥</span>", "02-17 08:00", "Ⅲ", "<span data-toggle='tooltip' data-placement='right' title='原始值：9'>9.0</span>", "<span data-toggle='tooltip' data-placement='right' title='原始值：8.47'>8.47</span>", "<span data-toggle='tooltip' data-placement='right' title='原始值：12.09'>12.09</span>", "<span data-toggle='tooltip' data-placement='right' title='原始值：1030.1'>1030.1</span>", "<span data-toggle='tooltip' data-placement='right' title='原始值：77.7'>77.7</span>", "<span data-toggle='tooltip' data-placement='right' title='原始值：5.64'>5.64</span>", "<span data-toggle='tooltip' data-placement='right' title='原始值：0.391'>0.391</span>", "*", "*", "*", "*", "正常"], ["江苏省", "淮河流域", "<span data-toggle='tooltip' data-placement='right' title='所在地市:淮安市&#10;所属河流:淮河'>淮河大桥</span>", null, "", "--", "--", "--", "--", "--", "--", "--", "--", "--", "*", "*", "停站"], ["江苏省", "长江流域", "<span data-toggle='tooltip' data-placement='right' title='所在地市:扬州市&#10;所属河流:夹江'>三江营</span>", "02-17 08:00", "", "<span data-toggle='tooltip' data-placement='right' title='原始值：11.37'>11.4</span>", "<span data-toggle='tooltip' data-placement='right' title='原始值：8'>8.00</span>", "<span data-toggle='tooltip' data-placement='right' title='原始值：10.26'>10.26</span>", "<span data-toggle='tooltip' data-placement='right' title='原始值：370.96'>371.0</span>", "<span data-toggle='tooltip' data-placement='right' title='原始值：51.25'>51.2</span>", "--", "--", "<span data-toggle='tooltip' data-placement='right' title='原始值：0.089'>0.089</span>", "--", "*", "*", "维护"], ["江苏省", "淮河流域", "<span data-toggle='tooltip' data-placement='right' title='所在地市:宿迁市&#10;所属河流:新濉河'>大屈</span>", "02-17 08:00", "Ⅲ", "<span data-toggle='tooltip' data-placement='right' title='原始值：11.4'>11.4</span>", "<span data-toggle='tooltip' data-placement='right' title='原始值：8.18'>8.18</span>", "<span data-toggle='tooltip' data-placement='right' title='原始值：11.08'>11.08</span>", "<span data-toggle='tooltip' data-placement='right' title='原始值：926.3'>926.3</span>", "<span data-toggle='tooltip' data-placement='right' title='原始值：56.96'>57.0</span>", "<span data-toggle='tooltip' data-placement='right' title='原始值：5.4'>5.40</span>", "<span data-toggle='tooltip' data-placement='right' title='原始值：0.07'>0.070</span>", "<span data-toggle='tooltip' data-placement='right' title='原始值：0.035'>0.035</span>", "<span data-toggle='tooltip' data-placement='right' title='原始值：2.132'>2.13</span>", "*", "*", "正常"], ["浙江省", "浙闽片河流", "<span data-toggle='tooltip' data-placement='right' title='所在地市:杭州市&#10;所属河流:新安江'>街口(鸠坑口)</span>", "02-17 08:00", "Ⅰ", "<span data-toggle='tooltip' data-placement='right' title='原始值：13.44'>13.4</span>", "<span data-toggle='tooltip' data-placement='right' title='原始值：8.29'>8.29</span>", "<span data-toggle='tooltip' data-placement='right' title='原始值：10.45'>10.45</span>", "<span data-toggle='tooltip' data-placement='right' title='原始值：153.9'>153.9</span>", "<span data-toggle='tooltip' data-placement='right' title='原始值：7.1'>7.1</span>", "<span data-toggle='tooltip' data-placement='right' title='原始值：1.24'>1.24</span>", "<span data-toggle='tooltip' data-placement='right' title='原始值：0.003'>0.003</span>", "<span data-toggle='tooltip' data-placement='right' title='原始值：0.017'>0.017</span>", "<span data-toggle='tooltip' data-placement='right' title='原始值：0.814'>0.81</span>", "*", "*", "正常"], ["浙江省", "太湖流域", "<span data-toggle='tooltip' data-placement='right' title='所在地市:嘉兴市&#10;所属河流:斜路港河'>斜路港</span>", null, "", "--", "--", "--", "--", "--", "--", "--", "--", "--", "*", "*", "停站"], ["浙江省", "太湖流域", "<span data-toggle='tooltip' data-placement='right' title='所在地市:嘉兴市&#10;所属河流:京杭运河'>王江泾</span>", null, "", "--", "--", "--", "--", "--", "--", "--", "--", "--", "*", "*", "停站"], ["浙江省", "太湖流域", "<span data-toggle='tooltip' data-placement='right' title='所在地市:湖州市&#10;所属河流:西苕溪'>新港口(新塘港)</span>", "02-17 08:00", "Ⅱ", "<span data-toggle='tooltip' data-placement='right' title='原始值：11.4968'>11.5</span>", "<span data-toggle='tooltip' data-placement='right' title='原始值：8.31151'>8.31</span>", "<span data-toggle='tooltip' data-placement='right' title='原始值：10.7111'>10.71</span>", "<span data-toggle='tooltip' data-placement='right' title='原始值：390.994'>391.0</span>", "<span data-toggle='tooltip' data-placement='right' title='原始值：71.3552'>71.4</span>", "<span data-toggle='tooltip' data-placement='right' title='原始值：2.84349'>2.84</span>", "<span data-toggle='tooltip' data-placement='right' title='原始值：0.08835'>0.088</span>", "<span data-toggle='tooltip' data-placement='right' title='原始值：0.04757'>0.048</span>", "<span data-toggle='tooltip' data-placement='right' title='原始值：2.40787'>2.41</span>", "<span data-toggle='tooltip' data-placement='right' title='原始值：0.02077'>0.021</span>", "*", "正常"], ["安徽省", "巢湖流域", "<span data-toggle='tooltip' data-placement='right' title='所在地市:合肥市&#10;所属河流:巢湖'>湖滨(老)</span>", "02-17 08:00", "", "<span data-toggle='tooltip' data-placement='right' title='原始值：12.12152'>12.1</span>", "<span data-toggle='tooltip' data-placement='right' title='原始值：6.68653'>6.69</span>", "<span data-toggle='tooltip' data-placement='right' title='原始值：10.32274'>10.32</span>", "<span data-toggle='tooltip' data-placement='right' title='原始值：335.5313'>335.5</span>", "<span data-toggle='tooltip' data-placement='right' title='原始值：73.6293'>73.6</span>", "<span data-toggle='tooltip' data-placement='right' title='原始值：3.87'>3.87</span>", "<span data-toggle='tooltip' data-placement='right' title='原始值：0.53'>0.530</span>", "<span data-toggle='tooltip' data-placement='right' title='极值过滤'>--</span>", "<span data-toggle='tooltip' data-placement='right' title='原始值：3.994'>3.99</span>", "<span data-toggle='tooltip' data-placement='right' title='原始值：0.02406'>0.024</span>", "*", "维护"], ["安徽省", "巢湖流域", "<span data-toggle='tooltip' data-placement='right' title='所在地市:芜湖市&#10;所属河流:巢湖'>裕溪口(老)</span>", "02-17 08:00", "Ⅳ", "<span data-toggle='tooltip' data-placement='right' title='原始值：12.17546'>12.2</span>", "<span data-toggle='tooltip' data-placement='right' title='原始值：7.47789'>7.48</span>", "<span data-toggle='tooltip' data-placement='right' title='原始值：8.55157'>8.55</span>", "<span data-toggle='tooltip' data-placement='right' title='原始值：252.7387'>252.7</span>", "<span data-toggle='tooltip' data-placement='right' title='原始值：49.39686'>49.4</span>", "<span data-toggle='tooltip' data-placement='right' title='原始值：2.6'>2.60</span>", "<span data-toggle='tooltip' data-placement='right' title='原始值：0.08'>0.080</span>", "<span data-toggle='tooltip' data-placement='right' title='原始值：0.0576'>0.058</span>", "<span data-toggle='tooltip' data-placement='right' title='原始值：3.649'>3.65</span>", "<span data-toggle='tooltip' data-placement='right' title='原始值：0.03981'>0.040</span>", "*", "正常"], ["安徽省", "淮河流域", "<span data-toggle='tooltip' data-placement='right' title='所在地市:蚌埠市&#10;所属河流:淮河'>蚌埠闸上(蚌埠闸)</span>", "02-17 08:00", "Ⅱ", "<span data-toggle='tooltip' data-placement='right' title='原始值：11.94'>11.9</span>", "<span data-toggle='tooltip' data-placement='right' title='原始值：7.32'>7.32</span>", "<span data-toggle='tooltip' data-placement='right' title='原始值：11.08'>11.08</span>", "<span data-toggle='tooltip' data-placement='right' title='原始值：550.08'>550.1</span>", "<span data-toggle='tooltip' data-placement='right' title='原始值：68.81'>68.8</span>", "<span data-toggle='tooltip' data-placement='right' title='原始值：3.293'>3.29</span>", "<span data-toggle='tooltip' data-placement='right' title='原始值：0.119'>0.119</span>", "<span data-toggle='tooltip' data-placement='right' title='原始值：0.064'>0.064</span>", "<span data-toggle='tooltip' data-placement='right' title='原始值：2.234'>2.23</span>", "*", "*", "正常"], ["安徽省", "淮河流域", "<span data-toggle='tooltip' data-placement='right' title='所在地市:淮南市&#10;所属河流:淮河'>石头埠(老)</span>", "02-17 08:00", "", "<span data-toggle='tooltip' data-placement='right' title='原始值：9.7461'>9.7</span>", "<span data-toggle='tooltip' data-placement='right' title='极值过滤'>--</span>", "<span data-toggle='tooltip' data-placement='right' title='原始值：5.38088'>5.38</span>", "<span data-toggle='tooltip' data-placement='right' title='原始值：475.3443'>475.3</span>", "<span data-toggle='tooltip' data-placement='right' title='原始值：7.437'>7.4</span>", "<span data-toggle='tooltip' data-placement='right' title='原始值：3'>3.00</span>", "<span data-toggle='tooltip' data-placement='right' title='原始值：0.17'>0.170</span>", "*", "*", "*", "*", "维护"], ["安徽省", "淮河流域", "<span data-toggle='tooltip' data-placement='right' title='所在地市:淮北市&#10;所属河流:沱河'>小王桥</span>", "02-17 08:00", "Ⅲ", "<span data-toggle='tooltip' data-placement='right' title='原始值：9.37'>9.4</span>", "<span data-toggle='tooltip' data-placement='right' title='原始值：8.16'>8.16</span>", "<span data-toggle='tooltip' data-placement='right' title='原始值：10.79'>10.79</span>", "<span data-toggle='tooltip' data-placement='right' title='原始值：1752.85'>1752.8</span>", "<span data-toggle='tooltip' data-placement='right' title='原始值：16.95'>17.0</span>", "<span data-toggle='tooltip' data-placement='right' title='原始值：5.948'>5.95</span>", "<span data-toggle='tooltip' data-placement='right' title='原始值：0.029'>0.029</span>", "<span data-toggle='tooltip' data-placement='right' title='原始值：0.073'>0.073</span>", "<span data-toggle='tooltip' data-placement='right' title='原始值：1.123'>1.12</span>", "*", "*", "正常"], ["安徽省", "长江流域", "<span data-toggle='tooltip' data-placement='right' title='所在地市:安庆市&#10;所属河流:长江'>皖河口</span>", "02-17 08:00", "Ⅱ", "<span data-toggle='tooltip' data-placement='right' title='原始值：13.27'>13.3</span>", "<span data-toggle='tooltip' data-placement='right' title='原始值：7.733'>7.73</span>", "<span data-toggle='tooltip' data-placement='right' title='原始值：9.33'>9.33</span>", "<span data-toggle='tooltip' data-placement='right' title='原始值：344.46'>344.5</span>", "<span data-toggle='tooltip' data-placement='right' title='原始值：48.09'>48.1</span>", "<span data-toggle='tooltip' data-placement='right' title='原始值：1.224'>1.22</span>", "<span data-toggle='tooltip' data-placement='right' title='原始值：0.026'>0.026</span>", "<span data-toggle='tooltip' data-placement='right' title='原始值：0.0641'>0.064</span>", "<span data-toggle='tooltip' data-placement='right' title='原始值：2.065'>2.06</span>", "*", "*", "正常"], ["安徽省", "淮河流域", "<span data-toggle='tooltip' data-placement='right' title='所在地市:滁州市&#10;所属河流:淮河'>小柳巷</span>", null, "", "--", "--", "--", "--", "--", "--", "--", "--", "--", "*", "*", "停站"], ["安徽省", "淮河流域", "<span data-toggle='tooltip' data-placement='right' title='所在地市:阜阳市&#10;所属河流:黑茨河'>张大桥</span>", "02-17 04:00", "Ⅲ", "<span data-toggle='tooltip' data-placement='right' title='原始值：12.7'>12.7</span>", "<span data-toggle='tooltip' data-placement='right' title='原始值：7.92'>7.92</span>", "<span data-toggle='tooltip' data-placement='right' title='原始值：12.69'>12.69</span>", "<span data-toggle='tooltip' data-placement='right' title='原始值：2061.6'>2061.6</span>", "<span data-toggle='tooltip' data-placement='right' title='原始值：5.71'>5.7</span>", "<span data-toggle='tooltip' data-placement='right' title='原始值：5.68'>5.68</span>", "<span data-toggle='tooltip' data-placement='right' title='原始值：0.03'>0.030</span>", "<span data-toggle='tooltip' data-placement='right' title='原始值：0.058'>0.058</span>", "<span data-toggle='tooltip' data-placement='right' title='原始值：8.677'>8.68</span>", "*", "*", "正常"], ["安徽省", "淮河流域", "<span data-toggle='tooltip' data-placement='right' title='所在地市:阜阳市&#10;所属河流:淮河'>王家坝</span>", "02-17 08:00", "Ⅲ", "<span data-toggle='tooltip' data-placement='right' title='原始值：6.34015'>6.3</span>", "<span data-toggle='tooltip' data-placement='right' title='原始值：7.4566'>7.46</span>", "<span data-toggle='tooltip' data-placement='right' title='原始值：11.47499'>11.47</span>", "<span data-toggle='tooltip' data-placement='right' title='原始值：320.821'>320.8</span>", "<span data-toggle='tooltip' data-placement='right' title='原始值：13.15498'>13.2</span>", "<span data-toggle='tooltip' data-placement='right' title='原始值：4.51'>4.51</span>", "<span data-toggle='tooltip' data-placement='right' title='原始值：0.376'>0.376</span>", "<span data-toggle='tooltip' data-placement='right' title='原始值：0.05871'>0.059</span>", "<span data-toggle='tooltip' data-placement='right' title='原始值：1.85909'>1.86</span>", "*", "*", "正常"], ["安徽省", "淮河流域", "<span data-toggle='tooltip' data-placement='right' title='所在地市:阜阳市&#10;所属河流:颍河'>界首七渡口(七渡口)</span>", "02-17 08:00", "Ⅲ", "<span data-toggle='tooltip' data-placement='right' title='原始值：9.84826'>9.8</span>", "<span data-toggle='tooltip' data-placement='right' title='原始值：8.01863'>8.02</span>", "<span data-toggle='tooltip' data-placement='right' title='原始值：8.24869'>8.25</span>", "<span data-toggle='tooltip' data-placement='right' title='原始值：877.2411'>877.2</span>", "<span data-toggle='tooltip' data-placement='right' title='原始值：16.80482'>16.8</span>", "<span data-toggle='tooltip' data-placement='right' title='原始值：4.88'>4.88</span>", "<span data-toggle='tooltip' data-placement='right' title='原始值：0.42'>0.420</span>", "<span data-toggle='tooltip' data-placement='right' title='原始值：0.10332'>0.103</span>", "<span data-toggle='tooltip' data-placement='right' title='原始值：7.07698'>7.08</span>", "*", "*", "正常"], ["安徽省", "淮河流域", "<span data-toggle='tooltip' data-placement='right' title='所在地市:阜阳市&#10;所属河流:泉河'>许庄(徐庄)</span>", "02-17 04:00", "", "<span data-toggle='tooltip' data-placement='right' title='原始值：11.7'>11.7</span>", "<span data-toggle='tooltip' data-placement='right' title='原始值：7.73'>7.73</span>", "<span data-toggle='tooltip' data-placement='right' title='原始值：9.75'>9.75</span>", "<span data-toggle='tooltip' data-placement='right' title='原始值：1094'>1094.0</span>", "<span data-toggle='tooltip' data-placement='right' title='原始值：3.44'>3.4</span>", "<span data-toggle='tooltip' data-placement='right' title='原始值：3.5'>3.50</span>", "<span data-toggle='tooltip' data-placement='right' title='极值过滤'>--</span>", "<span data-toggle='tooltip' data-placement='right' title='原始值：0.02'>0.020</span>", "<span data-toggle='tooltip' data-placement='right' title='原始值：3.162'>3.16</span>", "*", "*", "维护"], ["安徽省", "淮河流域", "<span data-toggle='tooltip' data-placement='right' title='所在地市:宿州市&#10;所属河流:奎河'>杨庄</span>", "02-17 08:00", "Ⅲ", "<span data-toggle='tooltip' data-placement='right' title='原始值：10.92'>10.9</span>", "<span data-toggle='tooltip' data-placement='right' title='原始值：7.28'>7.28</span>", "<span data-toggle='tooltip' data-placement='right' title='原始值：9.99'>9.99</span>", "<span data-toggle='tooltip' data-placement='right' title='原始值：1063.9'>1063.9</span>", "<span data-toggle='tooltip' data-placement='right' title='原始值：81.29'>81.3</span>", "<span data-toggle='tooltip' data-placement='right' title='原始值：5.66'>5.66</span>", "<span data-toggle='tooltip' data-placement='right' title='原始值：0.568'>0.568</span>", "*", "*", "*", "*", "正常"], ["安徽省", "淮河流域", "<span data-toggle='tooltip' data-placement='right' title='所在地市:宿州市&#10;所属河流:新汴河'>泗县公路桥</span>", "02-17 08:00", "Ⅱ", "<span data-toggle='tooltip' data-placement='right' title='原始值：10.4'>10.4</span>", "<span data-toggle='tooltip' data-placement='right' title='原始值：8.31'>8.31</span>", "<span data-toggle='tooltip' data-placement='right' title='原始值：10.51'>10.51</span>", "<span data-toggle='tooltip' data-placement='right' title='原始值：967.1'>967.1</span>", "<span data-toggle='tooltip' data-placement='right' title='原始值：28.18'>28.2</span>", "<span data-toggle='tooltip' data-placement='right' title='原始值：4'>4.00</span>", "<span data-toggle='tooltip' data-placement='right' title='原始值：0.09'>0.090</span>", "*", "*", "*", "*", "正常"], ["安徽省", "淮河流域", "<span data-toggle='tooltip' data-placement='right' title='所在地市:亳州市&#10;所属河流:包河'>颜集</span>", "02-17 08:00", "", "<span data-toggle='tooltip' data-placement='right' title='原始值：8.8'>8.8</span>", "<span data-toggle='tooltip' data-placement='right' title='原始值：8.1'>8.10</span>", "<span data-toggle='tooltip' data-placement='right' title='原始值：10.28'>10.28</span>", "<span data-toggle='tooltip' data-placement='right' title='原始值：1665.5'>1665.5</span>", "<span data-toggle='tooltip' data-placement='right' title='原始值：137.65'>137.6</span>", "<span data-toggle='tooltip' data-placement='right' title='原始值：3.98'>3.98</span>", "<span data-toggle='tooltip' data-placement='right' title='原始值：0.44'>0.440</span>", "<span data-toggle='tooltip' data-placement='right' title='极值过滤'>--</span>", "<span data-toggle='tooltip' data-placement='right' title='极值过滤'>--</span>", "*", "*", "维护"], ["福建省", "浙闽片河流", "<span data-toggle='tooltip' data-placement='right' title='所在地市:福州市&#10;所属河流:闽江'>白岩潭</span>", "02-17 08:00", "Ⅲ", "<span data-toggle='tooltip' data-placement='right' title='原始值：16.43'>16.4</span>", "<span data-toggle='tooltip' data-placement='right' title='原始值：7.41'>7.41</span>", "<span data-toggle='tooltip' data-placement='right' title='原始值：7.02'>7.02</span>", "<span data-toggle='tooltip' data-placement='right' title='原始值：3784.9'>3784.9</span>", "<span data-toggle='tooltip' data-placement='right' title='原始值：220.66'>220.7</span>", "<span data-toggle='tooltip' data-placement='right' title='原始值：4.19'>4.19</span>", "<span data-toggle='tooltip' data-placement='right' title='原始值：0.189'>0.189</span>", "*", "*", "*", "*", "正常"], ["江西省", "长江流域", "<span data-toggle='tooltip' data-placement='right' title='所在地市:南昌市&#10;所属河流:赣江南支'>滁槎</span>", "02-17 08:00", "Ⅱ", "<span data-toggle='tooltip' data-placement='right' title='原始值：14.77885'>14.8</span>", "<span data-toggle='tooltip' data-placement='right' title='原始值：6.90912'>6.91</span>", "<span data-toggle='tooltip' data-placement='right' title='原始值：7.72471'>7.72</span>", "<span data-toggle='tooltip' data-placement='right' title='原始值：205.4397'>205.4</span>", "<span data-toggle='tooltip' data-placement='right' title='原始值：49.21687'>49.2</span>", "<span data-toggle='tooltip' data-placement='right' title='原始值：2.44'>2.44</span>", "<span data-toggle='tooltip' data-placement='right' title='原始值：0.4'>0.400</span>", "<span data-toggle='tooltip' data-placement='right' title='原始值：0.07425'>0.074</span>", "<span data-toggle='tooltip' data-placement='right' title='原始值：1.635'>1.64</span>", "*", "*", "正常"], ["江西省", "长江流域", "<span data-toggle='tooltip' data-placement='right' title='所在地市:九江市&#10;所属河流:长江'>姚港(河西水厂)</span>", "02-17 08:00", "Ⅱ", "<span data-toggle='tooltip' data-placement='right' title='原始值：13.06'>13.1</span>", "<span data-toggle='tooltip' data-placement='right' title='原始值：7.68'>7.68</span>", "<span data-toggle='tooltip' data-placement='right' title='原始值：9.84'>9.84</span>", "<span data-toggle='tooltip' data-placement='right' title='原始值：368.49'>368.5</span>", "<span data-toggle='tooltip' data-placement='right' title='原始值：40.31'>40.3</span>", "<span data-toggle='tooltip' data-placement='right' title='原始值：1.517'>1.52</span>", "<span data-toggle='tooltip' data-placement='right' title='原始值：0.043'>0.043</span>", "<span data-toggle='tooltip' data-placement='right' title='原始值：0.058'>0.058</span>", "<span data-toggle='tooltip' data-placement='right' title='原始值：2.13'>2.13</span>", "*", "*", "正常"], ["江西省", "长江流域", "<span data-toggle='tooltip' data-placement='right' title='所在地市:九江市&#10;所属河流:鄱阳湖'>蛤蟆石</span>", "02-17 08:00", "", "<span data-toggle='tooltip' data-placement='right' title='原始值：13.56'>13.6</span>", "<span data-toggle='tooltip' data-placement='right' title='原始值：7.39'>7.39</span>", "<span data-toggle='tooltip' data-placement='right' title='原始值：9.55'>9.55</span>", "<span data-toggle='tooltip' data-placement='right' title='原始值：220.18'>220.2</span>", "<span data-toggle='tooltip' data-placement='right' title='原始值：11.39'>11.4</span>", "<span data-toggle='tooltip' data-placement='right' title='原始值：2.067'>2.07</span>", "<span data-toggle='tooltip' data-placement='right' title='原始值：0.137'>0.137</span>", "<span data-toggle='tooltip' data-placement='right' title='极值过滤'>--</span>", "<span data-toggle='tooltip' data-placement='right' title='原始值：2.265'>2.26</span>", "<span data-toggle='tooltip' data-placement='right' title='原始值：0.0023'>0.002</span>", "<span data-toggle='tooltip' data-placement='right' title='原始值：1386719'>1386719</span>", "维护"], ["山东省", "黄河流域", "<span data-toggle='tooltip' data-placement='right' title='所在地市:济南市&#10;所属河流:黄河'>泺口</span>", "02-17 08:00", "", "<span data-toggle='tooltip' data-placement='right' title='原始值：6.68921'>6.7</span>", "<span data-toggle='tooltip' data-placement='right' title='原始值：8.38259'>8.38</span>", "<span data-toggle='tooltip' data-placement='right' title='原始值：12.5096'>12.51</span>", "<span data-toggle='tooltip' data-placement='right' title='原始值：1040.68'>1040.7</span>", "<span data-toggle='tooltip' data-placement='right' title='原始值：329.643'>329.6</span>", "<span data-toggle='tooltip' data-placement='right' title='原始值：2.46'>2.46</span>", "<span data-toggle='tooltip' data-placement='right' title='原始值：0.14282'>0.143</span>", "<span data-toggle='tooltip' data-placement='right' title='极值过滤'>--</span>", "<span data-toggle='tooltip' data-placement='right' title='原始值：3.97'>3.97</span>", "*", "*", "维护"], ["山东省", "淮河流域", "<span data-toggle='tooltip' data-placement='right' title='所在地市:枣庄市&#10;所属河流:京杭大运河（韩庄运河）'>台儿庄大桥</span>", "02-17 08:00", "Ⅲ", "<span data-toggle='tooltip' data-placement='right' title='原始值：7.82127'>7.8</span>", "<span data-toggle='tooltip' data-placement='right' title='原始值：8.14736'>8.15</span>", "<span data-toggle='tooltip' data-placement='right' title='原始值：11.23847'>11.24</span>", "<span data-toggle='tooltip' data-placement='right' title='原始值：819.9595'>820.0</span>", "<span data-toggle='tooltip' data-placement='right' title='原始值：14.3778'>14.4</span>", "<span data-toggle='tooltip' data-placement='right' title='原始值：4.08272'>4.08</span>", "<span data-toggle='tooltip' data-placement='right' title='原始值：0.04189'>0.042</span>", "<span data-toggle='tooltip' data-placement='right' title='原始值：0.05453'>0.055</span>", "<span data-toggle='tooltip' data-placement='right' title='原始值：3.40031'>3.40</span>", "*", "*", "正常"], ["山东省", "淮河流域", "<span data-toggle='tooltip' data-placement='right' title='所在地市:临沂市&#10;所属河流:沭河'>清泉寺</span>", "02-17 08:00", "Ⅲ", "<span data-toggle='tooltip' data-placement='right' title='原始值：10.00981'>10.0</span>", "<span data-toggle='tooltip' data-placement='right' title='原始值：7.83081'>7.83</span>", "<span data-toggle='tooltip' data-placement='right' title='原始值：9.6769'>9.68</span>", "<span data-toggle='tooltip' data-placement='right' title='原始值：1304.698'>1304.7</span>", "<span data-toggle='tooltip' data-placement='right' title='原始值：5.88102'>5.9</span>", "<span data-toggle='tooltip' data-placement='right' title='原始值：5.6'>5.60</span>", "<span data-toggle='tooltip' data-placement='right' title='原始值：0.16'>0.160</span>", "*", "*", "*", "*", "正常"], ["山东省", "淮河流域", "<span data-toggle='tooltip' data-placement='right' title='所在地市:临沂市&#10;所属河流:沂河'>重坊桥</span>", "02-17 08:00", "Ⅱ", "<span data-toggle='tooltip' data-placement='right' title='原始值：7.60374'>7.6</span>", "<span data-toggle='tooltip' data-placement='right' title='原始值：7.74888'>7.75</span>", "<span data-toggle='tooltip' data-placement='right' title='原始值：10.97289'>10.97</span>", "<span data-toggle='tooltip' data-placement='right' title='原始值：902.9907'>903.0</span>", "<span data-toggle='tooltip' data-placement='right' title='原始值：4.85234'>4.9</span>", "<span data-toggle='tooltip' data-placement='right' title='原始值：3.96'>3.96</span>", "<span data-toggle='tooltip' data-placement='right' title='原始值：0.1084'>0.108</span>", "*", "*", "*", "*", "正常"], ["山东省", "淮河流域", "<span data-toggle='tooltip' data-placement='right' title='所在地市:临沂市&#10;所属河流:白马河'>捷庄(涝沟桥)</span>", "02-17 08:00", "", "<span data-toggle='tooltip' data-placement='right' title='原始值：8.6'>8.6</span>", "<span data-toggle='tooltip' data-placement='right' title='原始值：7.65'>7.65</span>", "<span data-toggle='tooltip' data-placement='right' title='原始值：10.79683'>10.80</span>", "<span data-toggle='tooltip' data-placement='right' title='原始值：920'>920.0</span>", "<span data-toggle='tooltip' data-placement='right' title='原始值：8.00313'>8.0</span>", "<span data-toggle='tooltip' data-placement='right' title='极值过滤'>--</span>", "<span data-toggle='tooltip' data-placement='right' title='原始值：0.07262'>0.073</span>", "<span data-toggle='tooltip' data-placement='right' title='原始值：0.05586'>0.056</span>", "<span data-toggle='tooltip' data-placement='right' title='原始值：5.66808'>5.67</span>", "*", "*", "维护"], ["山东省", "海河流域", "<span data-toggle='tooltip' data-placement='right' title='所在地市:聊城市&#10;所属河流:卫运河'>秤勾湾(秤钩湾)</span>", null, "", "--", "--", "--", "--", "--", "--", "--", "--", "--", "*", "*", "停站"], ["河南省", "长江流域", "<span data-toggle='tooltip' data-placement='right' title='所在地市:南阳市&#10;所属河流:丹江口水库'>陶岔</span>", "02-17 08:00", "Ⅱ", "<span data-toggle='tooltip' data-placement='right' title='原始值：17.11'>17.1</span>", "<span data-toggle='tooltip' data-placement='right' title='原始值：7.96032'>7.96</span>", "<span data-toggle='tooltip' data-placement='right' title='原始值：8.51694'>8.52</span>", "<span data-toggle='tooltip' data-placement='right' title='原始值：264.2191'>264.2</span>", "<span data-toggle='tooltip' data-placement='right' title='原始值：2.30131'>2.3</span>", "<span data-toggle='tooltip' data-placement='right' title='原始值：2.09'>2.09</span>", "<span data-toggle='tooltip' data-placement='right' title='原始值：0.03419'>0.034</span>", "<span data-toggle='tooltip' data-placement='right' title='原始值：0.00977'>0.010</span>", "<span data-toggle='tooltip' data-placement='right' title='原始值：1.07212'>1.07</span>", "<span data-toggle='tooltip' data-placement='right' title='原始值：0.00536'>0.005</span>", "<span data-toggle='tooltip' data-placement='right' title='原始值：275172.9'>275173</span>", "正常"], ["河南省", "淮河流域", "<span data-toggle='tooltip' data-placement='right' title='所在地市:商丘市&#10;所属河流:浍河'>黄口</span>", "02-17 08:00", "Ⅱ", "<span data-toggle='tooltip' data-placement='right' title='原始值：8.025'>8.0</span>", "<span data-toggle='tooltip' data-placement='right' title='原始值：7.66'>7.66</span>", "<span data-toggle='tooltip' data-placement='right' title='原始值：11.81968'>11.82</span>", "<span data-toggle='tooltip' data-placement='right' title='原始值：1459'>1459.0</span>", "<span data-toggle='tooltip' data-placement='right' title='原始值：23.461'>23.5</span>", "<span data-toggle='tooltip' data-placement='right' title='原始值：0.57'>0.57</span>", "<span data-toggle='tooltip' data-placement='right' title='原始值：0.02533'>0.025</span>", "<span data-toggle='tooltip' data-placement='right' title='原始值：0.0599'>0.060</span>", "<span data-toggle='tooltip' data-placement='right' title='原始值：7.51029'>7.51</span>", "*", "*", "正常"], ["河南省", "淮河流域", "<span data-toggle='tooltip' data-placement='right' title='所在地市:信阳市&#10;所属河流:史灌河'>蒋集</span>", null, "", "--", "--", "--", "--", "--", "--", "--", "*", "*", "*", "*", "维护"], ["河南省", "淮河流域", "<span data-toggle='tooltip' data-placement='right' title='所在地市:信阳市&#10;所属河流:淮河'>息县大埠口</span>", null, "", "*", "--", "*", "*", "*", "*", "*", "*", "*", "*", "*", "维护"], ["河南省", "淮河流域", "<span data-toggle='tooltip' data-placement='right' title='所在地市:信阳市&#10;所属河流:淮河'>淮滨水文站(淮滨)</span>", "02-17 08:00", "Ⅱ", "<span data-toggle='tooltip' data-placement='right' title='原始值：12.6'>12.6</span>", "<span data-toggle='tooltip' data-placement='right' title='原始值：7.49'>7.49</span>", "<span data-toggle='tooltip' data-placement='right' title='原始值：11.12968'>11.13</span>", "<span data-toggle='tooltip' data-placement='right' title='原始值：337'>337.0</span>", "<span data-toggle='tooltip' data-placement='right' title='原始值：58.70142'>58.7</span>", "<span data-toggle='tooltip' data-placement='right' title='原始值：3.55694'>3.56</span>", "<span data-toggle='tooltip' data-placement='right' title='原始值：0.02193'>0.022</span>", "<span data-toggle='tooltip' data-placement='right' title='原始值：0.08462'>0.085</span>", "<span data-toggle='tooltip' data-placement='right' title='原始值：2.03874'>2.04</span>", "*", "*", "正常"], ["河南省", "淮河流域", "<span data-toggle='tooltip' data-placement='right' title='所在地市:周口市&#10;所属河流:沙河'>沈丘闸</span>", "02-17 08:00", "劣Ⅴ", "<span data-toggle='tooltip' data-placement='right' title='原始值：9.7524'>9.8</span>", "<span data-toggle='tooltip' data-placement='right' title='原始值：7.63255'>7.63</span>", "<span data-toggle='tooltip' data-placement='right' title='原始值：8.23718'>8.24</span>", "<span data-toggle='tooltip' data-placement='right' title='原始值：1078.126'>1078.1</span>", "<span data-toggle='tooltip' data-placement='right' title='原始值：11.36528'>11.4</span>", "<span data-toggle='tooltip' data-placement='right' title='原始值：4.475'>4.48</span>", "<span data-toggle='tooltip' data-placement='right' title='原始值：3.16'>3.160</span>", "*", "*", "*", "*", "正常"], ["河南省", "淮河流域", "<span data-toggle='tooltip' data-placement='right' title='所在地市:周口市&#10;所属河流:涡河'>鹿邑付桥(鹿邑付桥闸)</span>", null, "", "--", "--", "--", "--", "--", "--", "--", "--", "--", "*", "*", "停站"], ["河南省", "淮河流域", "<span data-toggle='tooltip' data-placement='right' title='所在地市:驻马店市&#10;所属河流:洪河'>新蔡班台(班台)</span>", "02-17 08:00", "Ⅲ", "<span data-toggle='tooltip' data-placement='right' title='原始值：13.73492'>13.7</span>", "<span data-toggle='tooltip' data-placement='right' title='原始值：7.37398'>7.37</span>", "<span data-toggle='tooltip' data-placement='right' title='原始值：9.64444'>9.64</span>", "<span data-toggle='tooltip' data-placement='right' title='原始值：603.1755'>603.2</span>", "<span data-toggle='tooltip' data-placement='right' title='原始值：35.67153'>35.7</span>", "<span data-toggle='tooltip' data-placement='right' title='原始值：4.75269'>4.75</span>", "<span data-toggle='tooltip' data-placement='right' title='原始值：0.5'>0.500</span>", "<span data-toggle='tooltip' data-placement='right' title='原始值：0.15756'>0.158</span>", "<span data-toggle='tooltip' data-placement='right' title='原始值：4.68045'>4.68</span>", "*", "*", "正常"], ["河南省", "黄河流域", "<span data-toggle='tooltip' data-placement='right' title='所在地市:济源市&#10;所属河流:黄河'>小浪底水库(小浪底)</span>", "02-17 08:00", "Ⅱ", "<span data-toggle='tooltip' data-placement='right' title='原始值：4.99529'>5.0</span>", "<span data-toggle='tooltip' data-placement='right' title='原始值：8.29512'>8.30</span>", "<span data-toggle='tooltip' data-placement='right' title='原始值：16.00449'>16.00</span>", "<span data-toggle='tooltip' data-placement='right' title='原始值：891.1196'>891.1</span>", "<span data-toggle='tooltip' data-placement='right' title='原始值：5.79067'>5.8</span>", "<span data-toggle='tooltip' data-placement='right' title='原始值：1.5025'>1.50</span>", "<span data-toggle='tooltip' data-placement='right' title='原始值：0.32'>0.320</span>", "<span data-toggle='tooltip' data-placement='right' title='原始值：0.0395'>0.040</span>", "<span data-toggle='tooltip' data-placement='right' title='原始值：4.1025'>4.10</span>", "*", "*", "正常"], ["湖北省", "长江流域", "<span data-toggle='tooltip' data-placement='right' title='所在地市:武汉市&#10;所属河流:汉江'>宗关</span>", "02-17 08:00", "Ⅱ", "<span data-toggle='tooltip' data-placement='right' title='原始值：13.91'>13.9</span>", "<span data-toggle='tooltip' data-placement='right' title='原始值：7.808794'>7.81</span>", "<span data-toggle='tooltip' data-placement='right' title='原始值：10.15849'>10.16</span>", "<span data-toggle='tooltip' data-placement='right' title='原始值：313.429'>313.4</span>", "<span data-toggle='tooltip' data-placement='right' title='原始值：16.49743'>16.5</span>", "<span data-toggle='tooltip' data-placement='right' title='原始值：2.03'>2.03</span>", "<span data-toggle='tooltip' data-placement='right' title='原始值：0.082'>0.082</span>", "<span data-toggle='tooltip' data-placement='right' title='原始值：0.073'>0.073</span>", "<span data-toggle='tooltip' data-placement='right' title='原始值：3.294041'>3.29</span>", "<span data-toggle='tooltip' data-placement='right' title='原始值：0.0039844'>0.004</span>", "*", "正常"], ["湖北省", "长江流域", "<span data-toggle='tooltip' data-placement='right' title='所在地市:十堰市&#10;所属河流:丹江口水库'>坝上中(胡家岭)</span>", "02-17 08:00", "Ⅱ", "<span data-toggle='tooltip' data-placement='right' title='原始值：11.25'>11.2</span>", "<span data-toggle='tooltip' data-placement='right' title='原始值：7.995783'>8.00</span>", "<span data-toggle='tooltip' data-placement='right' title='原始值：10.58655'>10.59</span>", "<span data-toggle='tooltip' data-placement='right' title='原始值：275.43'>275.4</span>", "<span data-toggle='tooltip' data-placement='right' title='原始值：2.868099'>2.9</span>", "<span data-toggle='tooltip' data-placement='right' title='原始值：2.26'>2.26</span>", "<span data-toggle='tooltip' data-placement='right' title='原始值：0.071'>0.071</span>", "<span data-toggle='tooltip' data-placement='right' title='原始值：0.015'>0.015</span>", "<span data-toggle='tooltip' data-placement='right' title='原始值：1.223'>1.22</span>", "<span data-toggle='tooltip' data-placement='right' title='原始值：0.0103638'>0.010</span>", "<span data-toggle='tooltip' data-placement='right' title='原始值：7086000'>7086000</span>", "正常"], ["湖北省", "长江流域", "<span data-toggle='tooltip' data-placement='right' title='所在地市:宜昌市&#10;所属河流:长江'>南津关</span>", "02-17 08:00", "Ⅱ", "<span data-toggle='tooltip' data-placement='right' title='原始值：13'>13.0</span>", "<span data-toggle='tooltip' data-placement='right' title='原始值：7.987107'>7.99</span>", "<span data-toggle='tooltip' data-placement='right' title='原始值：9.58509'>9.59</span>", "<span data-toggle='tooltip' data-placement='right' title='原始值：402.026'>402.0</span>", "<span data-toggle='tooltip' data-placement='right' title='原始值：4.065919'>4.1</span>", "<span data-toggle='tooltip' data-placement='right' title='原始值：1.27'>1.27</span>", "<span data-toggle='tooltip' data-placement='right' title='原始值：0.071'>0.071</span>", "<span data-toggle='tooltip' data-placement='right' title='原始值：0.05'>0.050</span>", "<span data-toggle='tooltip' data-placement='right' title='原始值：1.674'>1.67</span>", "<span data-toggle='tooltip' data-placement='right' title='原始值：0.0349661'>0.035</span>", "*", "正常"], ["湖南省", "长江流域", "<span data-toggle='tooltip' data-placement='right' title='所在地市:长沙市&#10;所属河流:湘江'>新港</span>", "02-17 08:00", "Ⅱ", "<span data-toggle='tooltip' data-placement='right' title='原始值：13.17'>13.2</span>", "<span data-toggle='tooltip' data-placement='right' title='原始值：7.22'>7.22</span>", "<span data-toggle='tooltip' data-placement='right' title='原始值：9.08'>9.08</span>", "<span data-toggle='tooltip' data-placement='right' title='原始值：283.19'>283.2</span>", "<span data-toggle='tooltip' data-placement='right' title='原始值：17.79'>17.8</span>", "<span data-toggle='tooltip' data-placement='right' title='原始值：2.66'>2.66</span>", "<span data-toggle='tooltip' data-placement='right' title='原始值：0.21'>0.210</span>", "<span data-toggle='tooltip' data-placement='right' title='原始值：0.029'>0.029</span>", "<span data-toggle='tooltip' data-placement='right' title='原始值：2.96'>2.96</span>", "*", "*", "正常"], ["湖南省", "长江流域", "<span data-toggle='tooltip' data-placement='right' title='所在地市:岳阳市&#10;所属河流:洞庭湖'>岳阳楼</span>", "02-17 08:00", "Ⅳ", "<span data-toggle='tooltip' data-placement='right' title='原始值：11.45'>11.4</span>", "<span data-toggle='tooltip' data-placement='right' title='原始值：7.935077'>7.94</span>", "<span data-toggle='tooltip' data-placement='right' title='原始值：9.183743'>9.18</span>", "<span data-toggle='tooltip' data-placement='right' title='原始值：277.9593'>278.0</span>", "<span data-toggle='tooltip' data-placement='right' title='原始值：32.28035'>32.3</span>", "<span data-toggle='tooltip' data-placement='right' title='原始值：1.91'>1.91</span>", "<span data-toggle='tooltip' data-placement='right' title='原始值：0.017'>0.017</span>", "<span data-toggle='tooltip' data-placement='right' title='原始值：0.091'>0.091</span>", "<span data-toggle='tooltip' data-placement='right' title='原始值：3.109'>3.11</span>", "<span data-toggle='tooltip' data-placement='right' title='原始值：0.0031094'>0.003</span>", "<span data-toggle='tooltip' data-placement='right' title='原始值：331.486'>331</span>", "正常"], ["湖南省", "长江流域", "<span data-toggle='tooltip' data-placement='right' title='所在地市:岳阳市&#10;所属河流:长江'>城陵矶</span>", "02-17 08:00", "", "<span data-toggle='tooltip' data-placement='right' title='原始值：12.22'>12.2</span>", "<span data-toggle='tooltip' data-placement='right' title='原始值：7.584113'>7.58</span>", "<span data-toggle='tooltip' data-placement='right' title='原始值：10.72204'>10.72</span>", "<span data-toggle='tooltip' data-placement='right' title='原始值：290.593'>290.6</span>", "<span data-toggle='tooltip' data-placement='right' title='原始值：43.12124'>43.1</span>", "<span data-toggle='tooltip' data-placement='right' title='原始值：2.23'>2.23</span>", "<span data-toggle='tooltip' data-placement='right' title='极值过滤'>--</span>", "<span data-toggle='tooltip' data-placement='right' title='原始值：0.081'>0.081</span>", "<span data-toggle='tooltip' data-placement='right' title='原始值：1.8988'>1.90</span>", "*", "*", "维护"], ["广东省", "珠江流域", "<span data-toggle='tooltip' data-placement='right' title='所在地市:清远市&#10;所属河流:北江'>七星岗</span>", "02-17 08:00", "Ⅱ", "<span data-toggle='tooltip' data-placement='right' title='原始值：20.51405'>20.5</span>", "<span data-toggle='tooltip' data-placement='right' title='原始值：7.28628'>7.29</span>", "<span data-toggle='tooltip' data-placement='right' title='原始值：8.51427'>8.51</span>", "<span data-toggle='tooltip' data-placement='right' title='原始值：285.8513'>285.9</span>", "<span data-toggle='tooltip' data-placement='right' title='原始值：13.11069'>13.1</span>", "<span data-toggle='tooltip' data-placement='right' title='原始值：3.84'>3.84</span>", "<span data-toggle='tooltip' data-placement='right' title='原始值：0.10803'>0.108</span>", "<span data-toggle='tooltip' data-placement='right' title='原始值：0.02629'>0.026</span>", "<span data-toggle='tooltip' data-placement='right' title='原始值：2.0619'>2.06</span>", "*", "*", "正常"], ["广东省", "珠江流域", "<span data-toggle='tooltip' data-placement='right' title='所在地市:中山市&#10;所属河流:西江'>横栏</span>", "02-17 08:00", "Ⅱ", "<span data-toggle='tooltip' data-placement='right' title='原始值：20.4'>20.4</span>", "<span data-toggle='tooltip' data-placement='right' title='原始值：7.65'>7.65</span>", "<span data-toggle='tooltip' data-placement='right' title='原始值：8.09'>8.09</span>", "<span data-toggle='tooltip' data-placement='right' title='原始值：324'>324.0</span>", "<span data-toggle='tooltip' data-placement='right' title='原始值：5.9'>5.9</span>", "<span data-toggle='tooltip' data-placement='right' title='原始值：1.77'>1.77</span>", "<span data-toggle='tooltip' data-placement='right' title='原始值：0.15135'>0.151</span>", "*", "*", "*", "*", "正常"], ["广西壮族自治区", "珠江流域", "<span data-toggle='tooltip' data-placement='right' title='所在地市:南宁市&#10;所属河流:邕江'>老口</span>", null, "", "--", "--", "--", "--", "--", "--", "--", "--", "--", "*", "*", "维护"], ["广西壮族自治区", "珠江流域", "<span data-toggle='tooltip' data-placement='right' title='所在地市:桂林市&#10;所属河流:漓江'>阳朔</span>", null, "", "--", "--", "--", "--", "--", "--", "--", "--", "--", "*", "*", "停站"], ["广西壮族自治区", "珠江流域", "<span data-toggle='tooltip' data-placement='right' title='所在地市:梧州市&#10;所属河流:浔江'>界首</span>", null, "", "--", "--", "--", "--", "--", "--", "--", "--", "--", "*", "*", "停站"], ["广西壮族自治区", "珠江流域", "<span data-toggle='tooltip' data-placement='right' title='所在地市:贵港市&#10;所属河流:浔江'>石嘴</span>", "02-17 08:00", "Ⅰ", "<span data-toggle='tooltip' data-placement='right' title='原始值：22.46961'>22.5</span>", "<span data-toggle='tooltip' data-placement='right' title='原始值：7.90955'>7.91</span>", "<span data-toggle='tooltip' data-placement='right' title='原始值：7.95092'>7.95</span>", "<span data-toggle='tooltip' data-placement='right' title='原始值：320.3298'>320.3</span>", "<span data-toggle='tooltip' data-placement='right' title='原始值：2.51589'>2.5</span>", "<span data-toggle='tooltip' data-placement='right' title='原始值：0.91'>0.91</span>", "<span data-toggle='tooltip' data-placement='right' title='原始值：0.13'>0.130</span>", "<span data-toggle='tooltip' data-placement='right' title='原始值：0.01441'>0.014</span>", "<span data-toggle='tooltip' data-placement='right' title='原始值：1.6839'>1.68</span>", "*", "*", "正常"], ["广西壮族自治区", "珠江流域", "<span data-toggle='tooltip' data-placement='right' title='所在地市:崇左市&#10;所属河流:平而河'>平而关</span>", "02-17 08:00", "Ⅰ", "<span data-toggle='tooltip' data-placement='right' title='原始值：20.95661'>21.0</span>", "<span data-toggle='tooltip' data-placement='right' title='原始值：8.06081'>8.06</span>", "<span data-toggle='tooltip' data-placement='right' title='原始值：8.83862'>8.84</span>", "<span data-toggle='tooltip' data-placement='right' title='原始值：252.4886'>252.5</span>", "<span data-toggle='tooltip' data-placement='right' title='原始值：22.38101'>22.4</span>", "<span data-toggle='tooltip' data-placement='right' title='原始值：1.43'>1.43</span>", "<span data-toggle='tooltip' data-placement='right' title='原始值：0.07'>0.070</span>", "*", "*", "*", "*", "正常"], ["重庆市", "长江流域", "<span data-toggle='tooltip' data-placement='right' title='所在地市:永川区&#10;所属河流:长江'>朱沱</span>", "02-17 08:00", "", "<span data-toggle='tooltip' data-placement='right' title='原始值：14.88'>14.9</span>", "<span data-toggle='tooltip' data-placement='right' title='原始值：7.75'>7.75</span>", "<span data-toggle='tooltip' data-placement='right' title='原始值：10.06'>10.06</span>", "<span data-toggle='tooltip' data-placement='right' title='极值过滤'>--</span>", "<span data-toggle='tooltip' data-placement='right' title='原始值：400'>400.0</span>", "--", "--", "--", "--", "*", "*", "维护"], ["四川省", "长江流域", "<span data-toggle='tooltip' data-placement='right' title='所在地市:攀枝花市&#10;所属河流:金沙江'>龙洞</span>", null, "", "--", "--", "--", "--", "--", "--", "--", "--", "--", "*", "*", "维护"], ["四川省", "长江流域", "<span data-toggle='tooltip' data-placement='right' title='所在地市:泸州市&#10;所属河流:沱江'>沱江大桥(沱江二桥)</span>", "02-17 08:00", "", "<span data-toggle='tooltip' data-placement='right' title='原始值：14.01'>14.0</span>", "<span data-toggle='tooltip' data-placement='right' title='原始值：8.300636'>8.30</span>", "<span data-toggle='tooltip' data-placement='right' title='原始值：10.84489'>10.84</span>", "<span data-toggle='tooltip' data-placement='right' title='原始值：629.1874'>629.2</span>", "<span data-toggle='tooltip' data-placement='right' title='原始值：12.95233'>13.0</span>", "<span data-toggle='tooltip' data-placement='right' title='原始值：2.59'>2.59</span>", "<span data-toggle='tooltip' data-placement='right' title='原始值：0.015'>0.015</span>", "<span data-toggle='tooltip' data-placement='right' title='原始值：0.080463'>0.080</span>", "<span data-toggle='tooltip' data-placement='right' title='原始值：3.765845'>3.77</span>", "*", "*", "维护"], ["四川省", "长江流域", "<span data-toggle='tooltip' data-placement='right' title='所在地市:广元市&#10;所属河流:嘉陵江'>清风峡</span>", "02-17 08:00", "Ⅱ", "<span data-toggle='tooltip' data-placement='right' title='原始值：9.20001'>9.2</span>", "<span data-toggle='tooltip' data-placement='right' title='原始值：8.27334'>8.27</span>", "<span data-toggle='tooltip' data-placement='right' title='原始值：12.14797'>12.15</span>", "<span data-toggle='tooltip' data-placement='right' title='原始值：427.2963'>427.3</span>", "<span data-toggle='tooltip' data-placement='right' title='原始值：29.67683'>29.7</span>", "<span data-toggle='tooltip' data-placement='right' title='原始值：0.48'>0.48</span>", "<span data-toggle='tooltip' data-placement='right' title='原始值：0.16111'>0.161</span>", "*", "*", "*", "*", "正常"], ["四川省", "长江流域", "<span data-toggle='tooltip' data-placement='right' title='所在地市:乐山市&#10;所属河流:岷江'>岷江大桥</span>", null, "", "--", "--", "--", "--", "--", "--", "--", "--", "--", "*", "*", "停站"], ["四川省", "长江流域", "<span data-toggle='tooltip' data-placement='right' title='所在地市:宜宾市&#10;所属河流:岷江'>凉姜沟</span>", "02-17 08:00", "Ⅲ", "<span data-toggle='tooltip' data-placement='right' title='原始值：14.59'>14.6</span>", "<span data-toggle='tooltip' data-placement='right' title='原始值：7.986236'>7.99</span>", "<span data-toggle='tooltip' data-placement='right' title='原始值：8.705877'>8.71</span>", "<span data-toggle='tooltip' data-placement='right' title='原始值：405.3505'>405.4</span>", "<span data-toggle='tooltip' data-placement='right' title='原始值：17.70128'>17.7</span>", "<span data-toggle='tooltip' data-placement='right' title='原始值：2.09'>2.09</span>", "<span data-toggle='tooltip' data-placement='right' title='原始值：0.438'>0.438</span>", "<span data-toggle='tooltip' data-placement='right' title='原始值：0.194355'>0.194</span>", "<span data-toggle='tooltip' data-placement='right' title='原始值：2.869338'>2.87</span>", "*", "*", "正常"], ["云南省", "滇池流域", "<span data-toggle='tooltip' data-placement='right' title='所在地市:昆明市&#10;所属河流:滇池'>西苑隧道</span>", "02-17 08:00", "Ⅲ", "<span data-toggle='tooltip' data-placement='right' title='原始值：14.51'>14.5</span>", "<span data-toggle='tooltip' data-placement='right' title='原始值：7.84867'>7.85</span>", "<span data-toggle='tooltip' data-placement='right' title='原始值：8.626'>8.63</span>", "<span data-toggle='tooltip' data-placement='right' title='原始值：711.662'>711.7</span>", "<span data-toggle='tooltip' data-placement='right' title='原始值：17.929'>17.9</span>", "<span data-toggle='tooltip' data-placement='right' title='原始值：4.16654'>4.17</span>", "<span data-toggle='tooltip' data-placement='right' title='原始值：0.05323'>0.053</span>", "<span data-toggle='tooltip' data-placement='right' title='原始值：0.04165'>0.042</span>", "<span data-toggle='tooltip' data-placement='right' title='原始值：5.33859'>5.34</span>", "<span data-toggle='tooltip' data-placement='right' title='原始值：0.0027'>0.003</span>", "<span data-toggle='tooltip' data-placement='right' title='原始值：4252540'>4252540</span>", "正常"], ["云南省", "滇池流域", "<span data-toggle='tooltip' data-placement='right' title='所在地市:昆明市&#10;所属河流:滇池'>观音山</span>", "02-17 08:00", "Ⅳ", "<span data-toggle='tooltip' data-placement='right' title='原始值：12.71013'>12.7</span>", "<span data-toggle='tooltip' data-placement='right' title='原始值：8.46372'>8.46</span>", "<span data-toggle='tooltip' data-placement='right' title='原始值：8.229'>8.23</span>", "<span data-toggle='tooltip' data-placement='right' title='原始值：449.117'>449.1</span>", "<span data-toggle='tooltip' data-placement='right' title='原始值：39.377'>39.4</span>", "<span data-toggle='tooltip' data-placement='right' title='原始值：5.69756'>5.70</span>", "<span data-toggle='tooltip' data-placement='right' title='原始值：0.81'>0.810</span>", "<span data-toggle='tooltip' data-placement='right' title='原始值：0.0762'>0.076</span>", "<span data-toggle='tooltip' data-placement='right' title='原始值：1.566'>1.57</span>", "<span data-toggle='tooltip' data-placement='right' title='原始值：0.02076'>0.021</span>", "<span data-toggle='tooltip' data-placement='right' title='原始值：2.101167E+07'>21011670</span>", "正常"], ["云南省", "西南诸河", "<span data-toggle='tooltip' data-placement='right' title='所在地市:红河哈尼族彝族自治州&#10;所属河流:红河'>河口县医院(河口)</span>", "02-17 08:00", "Ⅱ", "<span data-toggle='tooltip' data-placement='right' title='原始值：20.70548'>20.7</span>", "<span data-toggle='tooltip' data-placement='right' title='原始值：8.04826'>8.05</span>", "<span data-toggle='tooltip' data-placement='right' title='原始值：8.47826'>8.48</span>", "<span data-toggle='tooltip' data-placement='right' title='原始值：243.5203'>243.5</span>", "<span data-toggle='tooltip' data-placement='right' title='原始值：10.9475'>10.9</span>", "<span data-toggle='tooltip' data-placement='right' title='原始值：0.58618'>0.59</span>", "<span data-toggle='tooltip' data-placement='right' title='原始值：0.02216'>0.022</span>", "<span data-toggle='tooltip' data-placement='right' title='原始值：0.03183'>0.032</span>", "<span data-toggle='tooltip' data-placement='right' title='原始值：1.28621'>1.29</span>", "*", "*", "正常"], ["云南省", "西南诸河", "<span data-toggle='tooltip' data-placement='right' title='所在地市:西双版纳傣族自治州&#10;所属河流:澜沧江'>橄榄坝</span>", "02-17 08:00", "Ⅲ", "<span data-toggle='tooltip' data-placement='right' title='原始值：16.632'>16.6</span>", "<span data-toggle='tooltip' data-placement='right' title='原始值：7.523'>7.52</span>", "<span data-toggle='tooltip' data-placement='right' title='原始值：5.283'>5.28</span>", "<span data-toggle='tooltip' data-placement='right' title='原始值：538.831'>538.8</span>", "<span data-toggle='tooltip' data-placement='right' title='原始值：5.31'>5.3</span>", "<span data-toggle='tooltip' data-placement='right' title='原始值：0.865'>0.86</span>", "<span data-toggle='tooltip' data-placement='right' title='原始值：0.177'>0.177</span>", "*", "*", "*", "*", "正常"], ["陕西省", "黄河流域", "<span data-toggle='tooltip' data-placement='right' title='所在地市:渭南市&#10;所属河流:渭河'>潼关吊桥</span>", "02-17 08:00", "Ⅲ", "<span data-toggle='tooltip' data-placement='right' title='原始值：8.9'>8.9</span>", "<span data-toggle='tooltip' data-placement='right' title='原始值：8.48'>8.48</span>", "<span data-toggle='tooltip' data-placement='right' title='原始值：11.86734'>11.87</span>", "<span data-toggle='tooltip' data-placement='right' title='原始值：1468.508'>1468.5</span>", "<span data-toggle='tooltip' data-placement='right' title='原始值：131.0226'>131.0</span>", "<span data-toggle='tooltip' data-placement='right' title='原始值：4.92'>4.92</span>", "<span data-toggle='tooltip' data-placement='right' title='原始值：0.89'>0.890</span>", "<span data-toggle='tooltip' data-placement='right' title='原始值：0.09501'>0.095</span>", "<span data-toggle='tooltip' data-placement='right' title='原始值：6.99231'>6.99</span>", "*", "*", "正常"]]}