{"result": 1, "total": 2, "records": 100, "thead": ["省份", "流域", "断面名称", "监测时间", "水质类别", "水温<br/><span class='unit'>(℃)</span>", "pH<br/><span class='unit'>(无量纲)</span>", "溶解氧<br/><span class='unit'>(mg/L)</span>", "电导率<br/><span class='unit'>(μS/cm)</span>", "浊度<br/><span class='unit'>(NTU)</span>", "高锰酸盐指数<br/><span class='unit'>(mg/L)</span>", "氨氮<br/><span class='unit'>(mg/L)</span>", "总磷<br/><span class='unit'>(mg/L)</span>", "总氮<br/><span class='unit'>(mg/L)</span>", "叶绿素α<br/><span class='unit'>(mg/L)</span>", "藻密度<br/><span class='unit'>(cells/L)</span>", "站点情况"], "tbody": [["北京市", "海河流域", "<span data-toggle='tooltip' data-placement='right' title='所在地市:门头沟区&#10;所属河流:永定河'>沿河城</span>", null, "", "--", "--", "--", "--", "--", "--", "--", "--", "--", "*", "*", "停站"], ["北京市", "淮河流域", "<span data-toggle='tooltip' data-placement='right' title='所在地市:房山区&#10;所属河流:小清河'>八间房漫水桥</span>", null, "", "--", "--", "--", "--", "--", "--", "--", "--", "--", "*", "*", "停站"], ["北京市", "海河流域", "<span data-toggle='tooltip' data-placement='right' title='所在地市:密云区&#10;所属河流:潮河'>古北口</span>", null, "", "--", "--", "--", "--", "--", "--", "--", "--", "--", "*", "*", "停站"], ["天津市", "海河流域", "<span data-toggle='tooltip' data-placement='right' title='所在地市:河北区&#10;所属河流:海河'>三岔口</span>", "02-03 08:00", "", "<span data-toggle='tooltip' data-placement='right' title='原始值：4.7'>4.7</span>", "<span data-toggle='tooltip' data-placement='right' title='原始值：7.8444'>7.84</span>", "<span data-toggle='tooltip' data-placement='right' title='原始值：9.902'>9.90</span>", "<span data-toggle='tooltip' data-placement='right' title='原始值：811.4088'>811.4</span>", "<span data-toggle='tooltip' data-placement='right' title='原始值：4.026'>4.0</span>", "<span data-toggle='tooltip' data-placement='right' title='原始值：2.49'>2.49</span>", "<span data-toggle='tooltip' data-placement='right' title='极值过滤'>--</span>", "<span data-toggle='tooltip' data-placement='right' title='原始值：0.0019'>0.002</span>", "<span data-toggle='tooltip' data-placement='right' title='原始值：1.4068'>1.41</span>", "*", "*", "维护"], ["天津市", "海河流域", "<span data-toggle='tooltip' data-placement='right' title='所在地市:蓟州区&#10;所属河流:果河'>果河桥</span>", null, "", "--", "--", "--", "--", "--", "--", "--", "--", "--", "*", "*", "维护"], ["河北省", "海河流域", "<span data-toggle='tooltip' data-placement='right' title='所在地市:石家庄市&#10;所属河流:滹沱河'>岗南水库</span>", null, "", "--", "--", "--", "--", "--", "--", "--", "--", "--", "*", "*", "停站"], ["河北省", "海河流域", "<span data-toggle='tooltip' data-placement='right' title='所在地市:张家口市&#10;所属河流:永定河'>八号桥</span>", "02-03 08:00", "Ⅳ", "<span data-toggle='tooltip' data-placement='right' title='原始值：1.17206'>1.2</span>", "<span data-toggle='tooltip' data-placement='right' title='原始值：8.39367'>8.39</span>", "<span data-toggle='tooltip' data-placement='right' title='原始值：11.43428'>11.43</span>", "<span data-toggle='tooltip' data-placement='right' title='原始值：1570.099'>1570.1</span>", "<span data-toggle='tooltip' data-placement='right' title='原始值：57.00477'>57.0</span>", "<span data-toggle='tooltip' data-placement='right' title='原始值：4.87'>4.87</span>", "<span data-toggle='tooltip' data-placement='right' title='原始值：1.17'>1.170</span>", "<span data-toggle='tooltip' data-placement='right' title='原始值：0.1555'>0.156</span>", "<span data-toggle='tooltip' data-placement='right' title='原始值：5.64'>5.64</span>", "*", "*", "正常"], ["山西省", "黄河流域", "<span data-toggle='tooltip' data-placement='right' title='所在地市:运城市&#10;所属河流:汾河'>河津大桥</span>", "02-03 08:00", "Ⅳ", "<span data-toggle='tooltip' data-placement='right' title='原始值：8.06933'>8.1</span>", "<span data-toggle='tooltip' data-placement='right' title='原始值：7.8642'>7.86</span>", "<span data-toggle='tooltip' data-placement='right' title='原始值：11.26296'>11.26</span>", "<span data-toggle='tooltip' data-placement='right' title='原始值：1588.422'>1588.4</span>", "<span data-toggle='tooltip' data-placement='right' title='原始值：44.4116'>44.4</span>", "<span data-toggle='tooltip' data-placement='right' title='原始值：4.2'>4.20</span>", "<span data-toggle='tooltip' data-placement='right' title='原始值：1.4'>1.400</span>", "*", "*", "*", "*", "正常"], ["山西省", "黄河流域", "<span data-toggle='tooltip' data-placement='right' title='所在地市:忻州市&#10;所属河流:黄河'>万家寨水库</span>", null, "", "--", "--", "--", "--", "--", "--", "--", "--", "--", "*", "*", "停站"], ["内蒙古自治区", "黄河流域", "<span data-toggle='tooltip' data-placement='right' title='所在地市:包头市&#10;所属河流:黄河'>画匠营子</span>", null, "", "--", "--", "--", "--", "--", "--", "--", "--", "--", "*", "*", "停站"], ["内蒙古自治区", "黄河流域", "<span data-toggle='tooltip' data-placement='right' title='所在地市:乌海市&#10;所属河流:黄河'>海勃湾</span>", "02-03 08:00", "Ⅱ", "<span data-toggle='tooltip' data-placement='right' title='原始值：2.49117'>2.5</span>", "<span data-toggle='tooltip' data-placement='right' title='原始值：8.46382'>8.46</span>", "<span data-toggle='tooltip' data-placement='right' title='原始值：10.73594'>10.74</span>", "<span data-toggle='tooltip' data-placement='right' title='原始值：843.179'>843.2</span>", "<span data-toggle='tooltip' data-placement='right' title='原始值：18.43688'>18.4</span>", "<span data-toggle='tooltip' data-placement='right' title='原始值：1.69'>1.69</span>", "<span data-toggle='tooltip' data-placement='right' title='原始值：0.22'>0.220</span>", "*", "*", "*", "*", "正常"], ["内蒙古自治区", "松花江流域", "<span data-toggle='tooltip' data-placement='right' title='所在地市:呼伦贝尔市&#10;所属河流:额尔古纳河'>黑山头</span>", null, "", "--", "--", "--", "--", "--", "--", "--", "--", "--", "*", "*", "停站"], ["辽宁省", "辽河流域", "<span data-toggle='tooltip' data-placement='right' title='所在地市:抚顺市&#10;所属河流:浑河'>大伙房水库</span>", "02-03 08:00", "Ⅱ", "<span data-toggle='tooltip' data-placement='right' title='原始值：5.22841'>5.2</span>", "<span data-toggle='tooltip' data-placement='right' title='原始值：7.66687'>7.67</span>", "<span data-toggle='tooltip' data-placement='right' title='原始值：10.14381'>10.14</span>", "<span data-toggle='tooltip' data-placement='right' title='原始值：313.3801'>313.4</span>", "<span data-toggle='tooltip' data-placement='right' title='原始值：9.43461'>9.4</span>", "<span data-toggle='tooltip' data-placement='right' title='原始值：2.07321'>2.07</span>", "<span data-toggle='tooltip' data-placement='right' title='原始值：0.1'>0.100</span>", "<span data-toggle='tooltip' data-placement='right' title='原始值：0.01675'>0.017</span>", "<span data-toggle='tooltip' data-placement='right' title='原始值：2.93594'>2.94</span>", "<span data-toggle='tooltip' data-placement='right' title='原始值：0.00075'>0.001</span>", "*", "正常"], ["辽宁省", "辽河流域", "<span data-toggle='tooltip' data-placement='right' title='所在地市:丹东市&#10;所属河流:鸭绿江'>江桥</span>", "02-03 08:00", "Ⅱ", "<span data-toggle='tooltip' data-placement='right' title='原始值：5.10625'>5.1</span>", "<span data-toggle='tooltip' data-placement='right' title='原始值：6.21'>6.21</span>", "<span data-toggle='tooltip' data-placement='right' title='原始值：10.33937'>10.34</span>", "<span data-toggle='tooltip' data-placement='right' title='原始值：146'>146.0</span>", "<span data-toggle='tooltip' data-placement='right' title='原始值：2.0625'>2.1</span>", "<span data-toggle='tooltip' data-placement='right' title='原始值：2.04'>2.04</span>", "<span data-toggle='tooltip' data-placement='right' title='原始值：0.03748'>0.037</span>", "<span data-toggle='tooltip' data-placement='right' title='原始值：0.02466'>0.025</span>", "<span data-toggle='tooltip' data-placement='right' title='原始值：1.74134'>1.74</span>", "*", "*", "正常"], ["辽宁省", "辽河流域", "<span data-toggle='tooltip' data-placement='right' title='所在地市:营口市&#10;所属河流:大辽河'>辽河公园</span>", "02-03 08:00", "劣Ⅴ", "<span data-toggle='tooltip' data-placement='right' title='原始值：3.56096'>3.6</span>", "<span data-toggle='tooltip' data-placement='right' title='原始值：7.39012'>7.39</span>", "<span data-toggle='tooltip' data-placement='right' title='原始值：9.98362'>9.98</span>", "<span data-toggle='tooltip' data-placement='right' title='原始值：6236.167'>6236.2</span>", "<span data-toggle='tooltip' data-placement='right' title='原始值：271.3596'>271.4</span>", "<span data-toggle='tooltip' data-placement='right' title='原始值：7.13948'>7.14</span>", "<span data-toggle='tooltip' data-placement='right' title='原始值：2.40354'>2.404</span>", "<span data-toggle='tooltip' data-placement='right' title='原始值：0.25395'>0.254</span>", "<span data-toggle='tooltip' data-placement='right' title='原始值：0.10709'>0.11</span>", "*", "*", "正常"], ["辽宁省", "辽河流域", "<span data-toggle='tooltip' data-placement='right' title='所在地市:辽阳市&#10;所属河流:太子河'>汤河水库</span>", null, "", "--", "--", "--", "--", "--", "--", "--", "--", "--", "*", "*", "停站"], ["辽宁省", "辽河流域", "<span data-toggle='tooltip' data-placement='right' title='所在地市:盘锦市&#10;所属河流:辽河'>盘锦兴安(兴安)</span>", null, "", "--", "--", "--", "--", "--", "--", "--", "--", "--", "*", "*", "停站"], ["辽宁省", "辽河流域", "<span data-toggle='tooltip' data-placement='right' title='所在地市:铁岭市&#10;所属河流:辽河'>珠尔山</span>", "02-03 08:00", "Ⅲ", "<span data-toggle='tooltip' data-placement='right' title='原始值：0.80531'>0.8</span>", "<span data-toggle='tooltip' data-placement='right' title='原始值：7.24342'>7.24</span>", "<span data-toggle='tooltip' data-placement='right' title='原始值：11.015'>11.02</span>", "<span data-toggle='tooltip' data-placement='right' title='原始值：678.9719'>679.0</span>", "<span data-toggle='tooltip' data-placement='right' title='原始值：7.16813'>7.2</span>", "<span data-toggle='tooltip' data-placement='right' title='原始值：2.55494'>2.55</span>", "<span data-toggle='tooltip' data-placement='right' title='原始值：0.91'>0.910</span>", "<span data-toggle='tooltip' data-placement='right' title='原始值：0.07357'>0.074</span>", "<span data-toggle='tooltip' data-placement='right' title='原始值：4.60466'>4.60</span>", "*", "*", "正常"], ["吉林省", "松花江流域", "<span data-toggle='tooltip' data-placement='right' title='所在地市:长春市&#10;所属河流:松花江'>松花江村</span>", null, "", "--", "--", "--", "--", "--", "--", "--", "--", "--", "*", "*", "停站"], ["吉林省", "松花江流域", "<span data-toggle='tooltip' data-placement='right' title='所在地市:白城市&#10;所属河流:嫩江'>白沙滩</span>", "02-03 08:00", "Ⅳ", "<span data-toggle='tooltip' data-placement='right' title='原始值：2.9879'>3.0</span>", "<span data-toggle='tooltip' data-placement='right' title='原始值：6.8065'>6.81</span>", "<span data-toggle='tooltip' data-placement='right' title='原始值：13.39013'>13.39</span>", "<span data-toggle='tooltip' data-placement='right' title='原始值：392.3068'>392.3</span>", "<span data-toggle='tooltip' data-placement='right' title='原始值：28.90272'>28.9</span>", "<span data-toggle='tooltip' data-placement='right' title='原始值：7.37976'>7.38</span>", "<span data-toggle='tooltip' data-placement='right' title='原始值：0.21886'>0.219</span>", "<span data-toggle='tooltip' data-placement='right' title='原始值：0.04518'>0.045</span>", "<span data-toggle='tooltip' data-placement='right' title='原始值：1.38455'>1.38</span>", "*", "*", "正常"], ["吉林省", "松花江流域", "<span data-toggle='tooltip' data-placement='right' title='所在地市:延边朝鲜族自治州&#10;所属河流:图们江'>圈河</span>", "02-03 08:00", "Ⅱ", "<span data-toggle='tooltip' data-placement='right' title='原始值：8.99998'>9.0</span>", "<span data-toggle='tooltip' data-placement='right' title='原始值：7.175'>7.18</span>", "<span data-toggle='tooltip' data-placement='right' title='原始值：8.15'>8.15</span>", "<span data-toggle='tooltip' data-placement='right' title='原始值：333.4998'>333.5</span>", "<span data-toggle='tooltip' data-placement='right' title='原始值：15'>15.0</span>", "<span data-toggle='tooltip' data-placement='right' title='原始值：3.8'>3.80</span>", "<span data-toggle='tooltip' data-placement='right' title='原始值：0.19699'>0.197</span>", "<span data-toggle='tooltip' data-placement='right' title='原始值：0.06041'>0.060</span>", "<span data-toggle='tooltip' data-placement='right' title='原始值：2.53356'>2.53</span>", "*", "*", "正常"], ["黑龙江省", "松花江流域", "<span data-toggle='tooltip' data-placement='right' title='所在地市:大庆市&#10;所属河流:松花江'>肇源</span>", null, "", "--", "--", "--", "--", "--", "--", "--", "--", "--", "*", "*", "停站"], ["黑龙江省", "松花江流域", "<span data-toggle='tooltip' data-placement='right' title='所在地市:佳木斯市&#10;所属河流:乌苏里江'>乌苏镇</span>", null, "", "--", "--", "--", "--", "--", "--", "--", "--", "--", "*", "*", "停站"], ["黑龙江省", "松花江流域", "<span data-toggle='tooltip' data-placement='right' title='所在地市:佳木斯市&#10;所属河流:松花江'>同江</span>", "02-03 08:00", "Ⅲ", "<span data-toggle='tooltip' data-placement='right' title='原始值：3.45407'>3.5</span>", "<span data-toggle='tooltip' data-placement='right' title='原始值：7.21912'>7.22</span>", "<span data-toggle='tooltip' data-placement='right' title='原始值：12.6558'>12.66</span>", "<span data-toggle='tooltip' data-placement='right' title='原始值：343.311'>343.3</span>", "<span data-toggle='tooltip' data-placement='right' title='原始值：16.2159'>16.2</span>", "<span data-toggle='tooltip' data-placement='right' title='原始值：4.49338'>4.49</span>", "<span data-toggle='tooltip' data-placement='right' title='原始值：0.33806'>0.338</span>", "<span data-toggle='tooltip' data-placement='right' title='原始值：0.03784'>0.038</span>", "<span data-toggle='tooltip' data-placement='right' title='原始值：2.63076'>2.63</span>", "*", "*", "正常"], ["黑龙江省", "松花江流域", "<span data-toggle='tooltip' data-placement='right' title='所在地市:黑河市&#10;所属河流:黑龙江'>黑河下(黑河)</span>", null, "", "--", "--", "--", "--", "--", "--", "--", "--", "--", "*", "*", "停站"], ["上海市", "长江流域", "<span data-toggle='tooltip' data-placement='right' title='所在地市:青浦区&#10;所属河流:淀山湖'>急水港桥</span>", "02-03 08:00", "Ⅳ", "<span data-toggle='tooltip' data-placement='right' title='原始值：9.2'>9.2</span>", "<span data-toggle='tooltip' data-placement='right' title='原始值：7.27'>7.27</span>", "<span data-toggle='tooltip' data-placement='right' title='原始值：8.55'>8.55</span>", "<span data-toggle='tooltip' data-placement='right' title='原始值：681'>681.0</span>", "<span data-toggle='tooltip' data-placement='right' title='原始值：73.4'>73.4</span>", "<span data-toggle='tooltip' data-placement='right' title='原始值：3.75'>3.75</span>", "<span data-toggle='tooltip' data-placement='right' title='原始值：0.41234'>0.412</span>", "<span data-toggle='tooltip' data-placement='right' title='原始值：0.08008'>0.080</span>", "<span data-toggle='tooltip' data-placement='right' title='原始值：3.63397'>3.63</span>", "<span data-toggle='tooltip' data-placement='right' title='原始值：0.0069'>0.007</span>", "<span data-toggle='tooltip' data-placement='right' title='原始值：3806424'>3806424</span>", "正常"], ["江苏省", "长江流域", "<span data-toggle='tooltip' data-placement='right' title='所在地市:南京市&#10;所属河流:长江'>林山</span>", "02-03 08:00", "Ⅲ", "<span data-toggle='tooltip' data-placement='right' title='原始值：10.6593'>10.7</span>", "<span data-toggle='tooltip' data-placement='right' title='原始值：7.96291'>7.96</span>", "<span data-toggle='tooltip' data-placement='right' title='原始值：10.8239'>10.82</span>", "<span data-toggle='tooltip' data-placement='right' title='原始值：378.921'>378.9</span>", "<span data-toggle='tooltip' data-placement='right' title='原始值：31.7107'>31.7</span>", "<span data-toggle='tooltip' data-placement='right' title='原始值：1.18'>1.18</span>", "<span data-toggle='tooltip' data-placement='right' title='原始值：0.979'>0.979</span>", "*", "*", "*", "*", "正常"], ["江苏省", "太湖流域", "<span data-toggle='tooltip' data-placement='right' title='所在地市:无锡市&#10;所属河流:太湖'>沙渚</span>", null, "", "--", "--", "--", "--", "--", "--", "--", "--", "--", "--", "*", "停站"], ["江苏省", "淮河流域", "<span data-toggle='tooltip' data-placement='right' title='所在地市:徐州市&#10;所属河流:武河'>小红圈</span>", "02-03 08:00", "Ⅱ", "<span data-toggle='tooltip' data-placement='right' title='原始值：9.05'>9.0</span>", "<span data-toggle='tooltip' data-placement='right' title='原始值：8.48'>8.48</span>", "<span data-toggle='tooltip' data-placement='right' title='原始值：14.71'>14.71</span>", "<span data-toggle='tooltip' data-placement='right' title='原始值：552.7'>552.7</span>", "<span data-toggle='tooltip' data-placement='right' title='原始值：4.56'>4.6</span>", "<span data-toggle='tooltip' data-placement='right' title='原始值：3.03'>3.03</span>", "<span data-toggle='tooltip' data-placement='right' title='原始值：0.044'>0.044</span>", "*", "*", "*", "*", "正常"], ["江苏省", "淮河流域", "<span data-toggle='tooltip' data-placement='right' title='所在地市:徐州市&#10;所属河流:沿河'>李集桥</span>", null, "", "--", "--", "--", "--", "--", "--", "--", "--", "--", "*", "*", "停站"], ["江苏省", "淮河流域", "<span data-toggle='tooltip' data-placement='right' title='所在地市:徐州市&#10;所属河流:邳苍分洪道'>艾山西大桥</span>", "02-03 08:00", "Ⅲ", "<span data-toggle='tooltip' data-placement='right' title='原始值：6.18286'>6.2</span>", "<span data-toggle='tooltip' data-placement='right' title='原始值：8.1865'>8.19</span>", "<span data-toggle='tooltip' data-placement='right' title='原始值：13.7809'>13.78</span>", "<span data-toggle='tooltip' data-placement='right' title='原始值：872.884'>872.9</span>", "<span data-toggle='tooltip' data-placement='right' title='原始值：47.0639'>47.1</span>", "<span data-toggle='tooltip' data-placement='right' title='原始值：4.07'>4.07</span>", "<span data-toggle='tooltip' data-placement='right' title='原始值：0.12'>0.120</span>", "<span data-toggle='tooltip' data-placement='right' title='原始值：0.03445'>0.034</span>", "<span data-toggle='tooltip' data-placement='right' title='原始值：12.19915'>12.20</span>", "*", "*", "正常"], ["江苏省", "太湖流域", "<span data-toggle='tooltip' data-placement='right' title='所在地市:苏州市&#10;所属河流:太湖'>兰山嘴(老)</span>", null, "", "--", "--", "--", "--", "--", "--", "--", "--", "--", "--", "*", "停站"], ["江苏省", "太湖流域", "<span data-toggle='tooltip' data-placement='right' title='所在地市:苏州市&#10;所属河流:太湖'>西山</span>", null, "", "--", "--", "--", "--", "--", "--", "--", "--", "--", "--", "*", "停站"], ["江苏省", "淮河流域", "<span data-toggle='tooltip' data-placement='right' title='所在地市:连云港市&#10;所属河流:新沭河'>大兴桥</span>", "02-03 08:00", "Ⅲ", "<span data-toggle='tooltip' data-placement='right' title='原始值：6.3'>6.3</span>", "<span data-toggle='tooltip' data-placement='right' title='原始值：7.76'>7.76</span>", "<span data-toggle='tooltip' data-placement='right' title='原始值：12.08'>12.08</span>", "<span data-toggle='tooltip' data-placement='right' title='原始值：991.5'>991.5</span>", "<span data-toggle='tooltip' data-placement='right' title='原始值：36.29'>36.3</span>", "<span data-toggle='tooltip' data-placement='right' title='原始值：4.79'>4.79</span>", "<span data-toggle='tooltip' data-placement='right' title='原始值：0.749'>0.749</span>", "*", "*", "*", "*", "正常"], ["江苏省", "淮河流域", "<span data-toggle='tooltip' data-placement='right' title='所在地市:淮安市&#10;所属河流:淮河'>淮河大桥</span>", null, "", "--", "--", "--", "--", "--", "--", "--", "--", "--", "*", "*", "停站"], ["江苏省", "长江流域", "<span data-toggle='tooltip' data-placement='right' title='所在地市:扬州市&#10;所属河流:夹江'>三江营</span>", "02-03 08:00", "Ⅱ", "<span data-toggle='tooltip' data-placement='right' title='原始值：10.31'>10.3</span>", "<span data-toggle='tooltip' data-placement='right' title='原始值：7.95'>7.95</span>", "<span data-toggle='tooltip' data-placement='right' title='原始值：10.57'>10.57</span>", "<span data-toggle='tooltip' data-placement='right' title='原始值：360.65'>360.6</span>", "<span data-toggle='tooltip' data-placement='right' title='原始值：52.41'>52.4</span>", "<span data-toggle='tooltip' data-placement='right' title='原始值：1.76'>1.76</span>", "<span data-toggle='tooltip' data-placement='right' title='原始值：0.121'>0.121</span>", "<span data-toggle='tooltip' data-placement='right' title='原始值：0.092'>0.092</span>", "<span data-toggle='tooltip' data-placement='right' title='原始值：2.081'>2.08</span>", "*", "*", "正常"], ["江苏省", "淮河流域", "<span data-toggle='tooltip' data-placement='right' title='所在地市:宿迁市&#10;所属河流:新濉河'>大屈</span>", "02-03 08:00", "Ⅲ", "<span data-toggle='tooltip' data-placement='right' title='原始值：8.8'>8.8</span>", "<span data-toggle='tooltip' data-placement='right' title='原始值：8.04'>8.04</span>", "<span data-toggle='tooltip' data-placement='right' title='原始值：12.17'>12.17</span>", "<span data-toggle='tooltip' data-placement='right' title='原始值：943.2'>943.2</span>", "<span data-toggle='tooltip' data-placement='right' title='原始值：19.61'>19.6</span>", "<span data-toggle='tooltip' data-placement='right' title='原始值：5.74'>5.74</span>", "<span data-toggle='tooltip' data-placement='right' title='原始值：0.11'>0.110</span>", "<span data-toggle='tooltip' data-placement='right' title='原始值：0.059'>0.059</span>", "<span data-toggle='tooltip' data-placement='right' title='原始值：2.65'>2.65</span>", "*", "*", "正常"], ["浙江省", "浙闽片河流", "<span data-toggle='tooltip' data-placement='right' title='所在地市:杭州市&#10;所属河流:新安江'>街口(鸠坑口)</span>", "02-03 08:00", "Ⅱ", "<span data-toggle='tooltip' data-placement='right' title='原始值：9.94'>9.9</span>", "<span data-toggle='tooltip' data-placement='right' title='原始值：7.11'>7.11</span>", "<span data-toggle='tooltip' data-placement='right' title='原始值：10.97'>10.97</span>", "<span data-toggle='tooltip' data-placement='right' title='原始值：78.68'>78.7</span>", "<span data-toggle='tooltip' data-placement='right' title='原始值：9.75'>9.8</span>", "<span data-toggle='tooltip' data-placement='right' title='原始值：1.16'>1.16</span>", "<span data-toggle='tooltip' data-placement='right' title='原始值：0.001'>0.001</span>", "<span data-toggle='tooltip' data-placement='right' title='原始值：0.029'>0.029</span>", "<span data-toggle='tooltip' data-placement='right' title='原始值：0.891'>0.89</span>", "*", "*", "正常"], ["浙江省", "太湖流域", "<span data-toggle='tooltip' data-placement='right' title='所在地市:嘉兴市&#10;所属河流:斜路港河'>斜路港</span>", null, "", "--", "--", "--", "--", "--", "--", "--", "--", "--", "*", "*", "停站"], ["浙江省", "太湖流域", "<span data-toggle='tooltip' data-placement='right' title='所在地市:嘉兴市&#10;所属河流:京杭运河'>王江泾</span>", null, "", "--", "--", "--", "--", "--", "--", "--", "--", "--", "*", "*", "停站"], ["浙江省", "太湖流域", "<span data-toggle='tooltip' data-placement='right' title='所在地市:湖州市&#10;所属河流:西苕溪'>新港口(新塘港)</span>", "02-03 08:00", "Ⅱ", "<span data-toggle='tooltip' data-placement='right' title='原始值：8.01517'>8.0</span>", "<span data-toggle='tooltip' data-placement='right' title='原始值：8.26358'>8.26</span>", "<span data-toggle='tooltip' data-placement='right' title='原始值：11.7492'>11.75</span>", "<span data-toggle='tooltip' data-placement='right' title='原始值：410.507'>410.5</span>", "<span data-toggle='tooltip' data-placement='right' title='原始值：69.6233'>69.6</span>", "<span data-toggle='tooltip' data-placement='right' title='原始值：2.64093'>2.64</span>", "<span data-toggle='tooltip' data-placement='right' title='原始值：0.14076'>0.141</span>", "<span data-toggle='tooltip' data-placement='right' title='原始值：0.05551'>0.056</span>", "<span data-toggle='tooltip' data-placement='right' title='原始值：3.13726'>3.14</span>", "<span data-toggle='tooltip' data-placement='right' title='原始值：0.0286'>0.029</span>", "*", "正常"], ["安徽省", "巢湖流域", "<span data-toggle='tooltip' data-placement='right' title='所在地市:合肥市&#10;所属河流:巢湖'>湖滨(老)</span>", null, "", "--", "--", "--", "--", "--", "--", "--", "--", "--", "--", "*", "维护"], ["安徽省", "巢湖流域", "<span data-toggle='tooltip' data-placement='right' title='所在地市:芜湖市&#10;所属河流:巢湖'>裕溪口(老)</span>", "02-03 08:00", "Ⅳ", "<span data-toggle='tooltip' data-placement='right' title='原始值：9.75542'>9.8</span>", "<span data-toggle='tooltip' data-placement='right' title='原始值：7.63288'>7.63</span>", "<span data-toggle='tooltip' data-placement='right' title='原始值：9.91751'>9.92</span>", "<span data-toggle='tooltip' data-placement='right' title='原始值：305.678'>305.7</span>", "<span data-toggle='tooltip' data-placement='right' title='原始值：49.28626'>49.3</span>", "<span data-toggle='tooltip' data-placement='right' title='原始值：1.26'>1.26</span>", "<span data-toggle='tooltip' data-placement='right' title='原始值：0.16'>0.160</span>", "<span data-toggle='tooltip' data-placement='right' title='原始值：0.0583'>0.058</span>", "<span data-toggle='tooltip' data-placement='right' title='原始值：2.404'>2.40</span>", "<span data-toggle='tooltip' data-placement='right' title='原始值：0.01615'>0.016</span>", "*", "正常"], ["安徽省", "淮河流域", "<span data-toggle='tooltip' data-placement='right' title='所在地市:蚌埠市&#10;所属河流:淮河'>蚌埠闸上(蚌埠闸)</span>", "02-03 08:00", "", "<span data-toggle='tooltip' data-placement='right' title='原始值：10.04'>10.0</span>", "<span data-toggle='tooltip' data-placement='right' title='原始值：7.82'>7.82</span>", "<span data-toggle='tooltip' data-placement='right' title='原始值：11.58'>11.58</span>", "<span data-toggle='tooltip' data-placement='right' title='原始值：661.97'>662.0</span>", "<span data-toggle='tooltip' data-placement='right' title='原始值：53.11'>53.1</span>", "<span data-toggle='tooltip' data-placement='right' title='原始值：3.649'>3.65</span>", "<span data-toggle='tooltip' data-placement='right' title='极值过滤'>--</span>", "<span data-toggle='tooltip' data-placement='right' title='原始值：0.061'>0.061</span>", "<span data-toggle='tooltip' data-placement='right' title='原始值：2.496'>2.50</span>", "*", "*", "维护"], ["安徽省", "淮河流域", "<span data-toggle='tooltip' data-placement='right' title='所在地市:淮南市&#10;所属河流:淮河'>石头埠(老)</span>", "02-03 08:00", "Ⅲ", "<span data-toggle='tooltip' data-placement='right' title='原始值：8.13005'>8.1</span>", "<span data-toggle='tooltip' data-placement='right' title='原始值：6.8738'>6.87</span>", "<span data-toggle='tooltip' data-placement='right' title='原始值：5.53007'>5.53</span>", "<span data-toggle='tooltip' data-placement='right' title='原始值：444.4233'>444.4</span>", "<span data-toggle='tooltip' data-placement='right' title='原始值：26.98426'>27.0</span>", "<span data-toggle='tooltip' data-placement='right' title='原始值：3.64'>3.64</span>", "<span data-toggle='tooltip' data-placement='right' title='原始值：0.23'>0.230</span>", "*", "*", "*", "*", "正常"], ["安徽省", "淮河流域", "<span data-toggle='tooltip' data-placement='right' title='所在地市:淮北市&#10;所属河流:沱河'>小王桥</span>", "02-03 08:00", "Ⅳ", "<span data-toggle='tooltip' data-placement='right' title='原始值：6.75'>6.8</span>", "<span data-toggle='tooltip' data-placement='right' title='原始值：8.34'>8.34</span>", "<span data-toggle='tooltip' data-placement='right' title='原始值：12.1'>12.10</span>", "<span data-toggle='tooltip' data-placement='right' title='原始值：1834.03'>1834.0</span>", "<span data-toggle='tooltip' data-placement='right' title='原始值：22.59'>22.6</span>", "<span data-toggle='tooltip' data-placement='right' title='原始值：7.092'>7.09</span>", "<span data-toggle='tooltip' data-placement='right' title='原始值：0.034'>0.034</span>", "<span data-toggle='tooltip' data-placement='right' title='原始值：0.09'>0.090</span>", "<span data-toggle='tooltip' data-placement='right' title='原始值：1.766'>1.77</span>", "*", "*", "正常"], ["安徽省", "长江流域", "<span data-toggle='tooltip' data-placement='right' title='所在地市:安庆市&#10;所属河流:长江'>皖河口</span>", "02-03 08:00", "Ⅱ", "<span data-toggle='tooltip' data-placement='right' title='原始值：11.5'>11.5</span>", "<span data-toggle='tooltip' data-placement='right' title='原始值：7.714'>7.71</span>", "<span data-toggle='tooltip' data-placement='right' title='原始值：9.36'>9.36</span>", "<span data-toggle='tooltip' data-placement='right' title='原始值：347.97'>348.0</span>", "<span data-toggle='tooltip' data-placement='right' title='原始值：52.15'>52.2</span>", "<span data-toggle='tooltip' data-placement='right' title='原始值：1.294'>1.29</span>", "<span data-toggle='tooltip' data-placement='right' title='原始值：0.029'>0.029</span>", "<span data-toggle='tooltip' data-placement='right' title='原始值：0.0661'>0.066</span>", "<span data-toggle='tooltip' data-placement='right' title='原始值：1.962'>1.96</span>", "*", "*", "正常"], ["安徽省", "淮河流域", "<span data-toggle='tooltip' data-placement='right' title='所在地市:滁州市&#10;所属河流:淮河'>小柳巷</span>", null, "", "--", "--", "--", "--", "--", "--", "--", "--", "--", "*", "*", "停站"], ["安徽省", "淮河流域", "<span data-toggle='tooltip' data-placement='right' title='所在地市:阜阳市&#10;所属河流:黑茨河'>张大桥</span>", null, "", "--", "--", "--", "--", "--", "--", "--", "--", "--", "*", "*", "维护"], ["安徽省", "淮河流域", "<span data-toggle='tooltip' data-placement='right' title='所在地市:阜阳市&#10;所属河流:淮河'>王家坝</span>", "02-03 08:00", "Ⅲ", "<span data-toggle='tooltip' data-placement='right' title='原始值：8.305'>8.3</span>", "<span data-toggle='tooltip' data-placement='right' title='原始值：7.81533'>7.82</span>", "<span data-toggle='tooltip' data-placement='right' title='原始值：14.29151'>14.29</span>", "<span data-toggle='tooltip' data-placement='right' title='原始值：311.6229'>311.6</span>", "<span data-toggle='tooltip' data-placement='right' title='原始值：15.13861'>15.1</span>", "<span data-toggle='tooltip' data-placement='right' title='原始值：4.79'>4.79</span>", "<span data-toggle='tooltip' data-placement='right' title='原始值：0.258'>0.258</span>", "<span data-toggle='tooltip' data-placement='right' title='原始值：0.07134'>0.071</span>", "<span data-toggle='tooltip' data-placement='right' title='原始值：1.56191'>1.56</span>", "*", "*", "正常"], ["安徽省", "淮河流域", "<span data-toggle='tooltip' data-placement='right' title='所在地市:阜阳市&#10;所属河流:颍河'>界首七渡口(七渡口)</span>", "02-03 08:00", "Ⅱ", "<span data-toggle='tooltip' data-placement='right' title='原始值：6.8249'>6.8</span>", "<span data-toggle='tooltip' data-placement='right' title='原始值：7.98961'>7.99</span>", "<span data-toggle='tooltip' data-placement='right' title='原始值：7.74119'>7.74</span>", "<span data-toggle='tooltip' data-placement='right' title='原始值：748.7618'>748.8</span>", "<span data-toggle='tooltip' data-placement='right' title='原始值：14.809'>14.8</span>", "<span data-toggle='tooltip' data-placement='right' title='原始值：3.81'>3.81</span>", "<span data-toggle='tooltip' data-placement='right' title='原始值：0.22'>0.220</span>", "<span data-toggle='tooltip' data-placement='right' title='原始值：0.08514'>0.085</span>", "<span data-toggle='tooltip' data-placement='right' title='极值过滤'>--</span>", "*", "*", "维护"], ["安徽省", "淮河流域", "<span data-toggle='tooltip' data-placement='right' title='所在地市:阜阳市&#10;所属河流:泉河'>许庄(徐庄)</span>", "02-03 08:00", "Ⅱ", "<span data-toggle='tooltip' data-placement='right' title='原始值：4.1'>4.1</span>", "<span data-toggle='tooltip' data-placement='right' title='原始值：7.7'>7.70</span>", "<span data-toggle='tooltip' data-placement='right' title='原始值：11.92'>11.92</span>", "<span data-toggle='tooltip' data-placement='right' title='原始值：1053.8'>1053.8</span>", "<span data-toggle='tooltip' data-placement='right' title='原始值：14.52'>14.5</span>", "<span data-toggle='tooltip' data-placement='right' title='原始值：2.47'>2.47</span>", "<span data-toggle='tooltip' data-placement='right' title='原始值：0.27'>0.270</span>", "<span data-toggle='tooltip' data-placement='right' title='原始值：0.028'>0.028</span>", "<span data-toggle='tooltip' data-placement='right' title='原始值：3.426'>3.43</span>", "*", "*", "正常"], ["安徽省", "淮河流域", "<span data-toggle='tooltip' data-placement='right' title='所在地市:宿州市&#10;所属河流:奎河'>杨庄</span>", "02-03 08:00", "Ⅴ", "<span data-toggle='tooltip' data-placement='right' title='原始值：8.81'>8.8</span>", "<span data-toggle='tooltip' data-placement='right' title='原始值：7.25'>7.25</span>", "<span data-toggle='tooltip' data-placement='right' title='原始值：9.96'>9.96</span>", "<span data-toggle='tooltip' data-placement='right' title='原始值：1085.4'>1085.4</span>", "<span data-toggle='tooltip' data-placement='right' title='原始值：137.25'>137.2</span>", "<span data-toggle='tooltip' data-placement='right' title='原始值：6.93'>6.93</span>", "<span data-toggle='tooltip' data-placement='right' title='原始值：1.562'>1.562</span>", "*", "*", "*", "*", "正常"], ["安徽省", "淮河流域", "<span data-toggle='tooltip' data-placement='right' title='所在地市:宿州市&#10;所属河流:新汴河'>泗县公路桥</span>", null, "", "--", "--", "--", "--", "--", "--", "--", "*", "*", "*", "*", "维护"], ["安徽省", "淮河流域", "<span data-toggle='tooltip' data-placement='right' title='所在地市:亳州市&#10;所属河流:包河'>颜集</span>", "02-03 08:00", "Ⅲ", "<span data-toggle='tooltip' data-placement='right' title='原始值：7.6'>7.6</span>", "<span data-toggle='tooltip' data-placement='right' title='原始值：8.52'>8.52</span>", "<span data-toggle='tooltip' data-placement='right' title='原始值：13.82'>13.82</span>", "<span data-toggle='tooltip' data-placement='right' title='原始值：1747.4'>1747.4</span>", "<span data-toggle='tooltip' data-placement='right' title='原始值：59.01'>59.0</span>", "<span data-toggle='tooltip' data-placement='right' title='原始值：4.16'>4.16</span>", "<span data-toggle='tooltip' data-placement='right' title='原始值：0.63'>0.630</span>", "<span data-toggle='tooltip' data-placement='right' title='原始值：0.084'>0.084</span>", "<span data-toggle='tooltip' data-placement='right' title='原始值：5.003'>5.00</span>", "*", "*", "正常"], ["福建省", "浙闽片河流", "<span data-toggle='tooltip' data-placement='right' title='所在地市:福州市&#10;所属河流:闽江'>白岩潭</span>", "02-03 08:00", "Ⅲ", "<span data-toggle='tooltip' data-placement='right' title='原始值：15.37'>15.4</span>", "<span data-toggle='tooltip' data-placement='right' title='原始值：7.5'>7.50</span>", "<span data-toggle='tooltip' data-placement='right' title='原始值：6.45'>6.45</span>", "<span data-toggle='tooltip' data-placement='right' title='原始值：5178.7'>5178.7</span>", "<span data-toggle='tooltip' data-placement='right' title='原始值：254.29'>254.3</span>", "<span data-toggle='tooltip' data-placement='right' title='原始值：4.19'>4.19</span>", "<span data-toggle='tooltip' data-placement='right' title='原始值：0.184'>0.184</span>", "*", "*", "*", "*", "正常"], ["江西省", "长江流域", "<span data-toggle='tooltip' data-placement='right' title='所在地市:南昌市&#10;所属河流:赣江南支'>滁槎</span>", "02-03 08:00", "Ⅱ", "<span data-toggle='tooltip' data-placement='right' title='原始值：11.28746'>11.3</span>", "<span data-toggle='tooltip' data-placement='right' title='原始值：7.02782'>7.03</span>", "<span data-toggle='tooltip' data-placement='right' title='原始值：10.0077'>10.01</span>", "<span data-toggle='tooltip' data-placement='right' title='原始值：148.6179'>148.6</span>", "<span data-toggle='tooltip' data-placement='right' title='原始值：42.57587'>42.6</span>", "<span data-toggle='tooltip' data-placement='right' title='原始值：1.84'>1.84</span>", "<span data-toggle='tooltip' data-placement='right' title='原始值：0.34'>0.340</span>", "<span data-toggle='tooltip' data-placement='right' title='原始值：0.07625'>0.076</span>", "<span data-toggle='tooltip' data-placement='right' title='原始值：1.46'>1.46</span>", "*", "*", "正常"], ["江西省", "长江流域", "<span data-toggle='tooltip' data-placement='right' title='所在地市:九江市&#10;所属河流:长江'>姚港(河西水厂)</span>", "02-03 08:00", "", "<span data-toggle='tooltip' data-placement='right' title='原始值：10.9'>10.9</span>", "<span data-toggle='tooltip' data-placement='right' title='原始值：7.51'>7.51</span>", "<span data-toggle='tooltip' data-placement='right' title='原始值：10.68'>10.68</span>", "<span data-toggle='tooltip' data-placement='right' title='原始值：384.93'>384.9</span>", "<span data-toggle='tooltip' data-placement='right' title='原始值：42.17'>42.2</span>", "<span data-toggle='tooltip' data-placement='right' title='原始值：0.847'>0.85</span>", "<span data-toggle='tooltip' data-placement='right' title='原始值：0.107'>0.107</span>", "<span data-toggle='tooltip' data-placement='right' title='极值过滤'>--</span>", "<span data-toggle='tooltip' data-placement='right' title='原始值：2.01'>2.01</span>", "*", "*", "维护"], ["江西省", "长江流域", "<span data-toggle='tooltip' data-placement='right' title='所在地市:九江市&#10;所属河流:鄱阳湖'>蛤蟆石</span>", "02-03 08:00", "Ⅱ", "<span data-toggle='tooltip' data-placement='right' title='原始值：10.64'>10.6</span>", "<span data-toggle='tooltip' data-placement='right' title='原始值：7.39'>7.39</span>", "<span data-toggle='tooltip' data-placement='right' title='原始值：10.48'>10.48</span>", "<span data-toggle='tooltip' data-placement='right' title='原始值：211.05'>211.0</span>", "<span data-toggle='tooltip' data-placement='right' title='原始值：114.09'>114.1</span>", "<span data-toggle='tooltip' data-placement='right' title='原始值：2.022'>2.02</span>", "<span data-toggle='tooltip' data-placement='right' title='原始值：0.131'>0.131</span>", "<span data-toggle='tooltip' data-placement='right' title='原始值：0.0024'>0.002</span>", "<span data-toggle='tooltip' data-placement='right' title='原始值：2.027'>2.03</span>", "<span data-toggle='tooltip' data-placement='right' title='原始值：0.0014'>0.001</span>", "<span data-toggle='tooltip' data-placement='right' title='原始值：1296847'>1296847</span>", "正常"], ["山东省", "黄河流域", "<span data-toggle='tooltip' data-placement='right' title='所在地市:济南市&#10;所属河流:黄河'>泺口</span>", null, "", "--", "--", "--", "--", "--", "--", "--", "--", "--", "*", "*", "停站"], ["山东省", "淮河流域", "<span data-toggle='tooltip' data-placement='right' title='所在地市:枣庄市&#10;所属河流:京杭大运河（韩庄运河）'>台儿庄大桥</span>", "02-03 08:00", "Ⅲ", "<span data-toggle='tooltip' data-placement='right' title='原始值：5.75316'>5.8</span>", "<span data-toggle='tooltip' data-placement='right' title='原始值：8.16729'>8.17</span>", "<span data-toggle='tooltip' data-placement='right' title='原始值：12.50009'>12.50</span>", "<span data-toggle='tooltip' data-placement='right' title='原始值：821.0747'>821.1</span>", "<span data-toggle='tooltip' data-placement='right' title='原始值：23.82621'>23.8</span>", "<span data-toggle='tooltip' data-placement='right' title='原始值：4.37678'>4.38</span>", "<span data-toggle='tooltip' data-placement='right' title='原始值：0.08294'>0.083</span>", "<span data-toggle='tooltip' data-placement='right' title='原始值：0.06659'>0.067</span>", "<span data-toggle='tooltip' data-placement='right' title='原始值：3.18482'>3.18</span>", "*", "*", "正常"], ["山东省", "淮河流域", "<span data-toggle='tooltip' data-placement='right' title='所在地市:临沂市&#10;所属河流:沭河'>清泉寺</span>", "02-03 08:00", "Ⅲ", "<span data-toggle='tooltip' data-placement='right' title='原始值：8.75262'>8.8</span>", "<span data-toggle='tooltip' data-placement='right' title='原始值：7.62777'>7.63</span>", "<span data-toggle='tooltip' data-placement='right' title='原始值：8.1349'>8.13</span>", "<span data-toggle='tooltip' data-placement='right' title='原始值：1426.795'>1426.8</span>", "<span data-toggle='tooltip' data-placement='right' title='原始值：23.90996'>23.9</span>", "<span data-toggle='tooltip' data-placement='right' title='原始值：5.59'>5.59</span>", "<span data-toggle='tooltip' data-placement='right' title='原始值：0.28'>0.280</span>", "*", "*", "*", "*", "正常"], ["山东省", "淮河流域", "<span data-toggle='tooltip' data-placement='right' title='所在地市:临沂市&#10;所属河流:沂河'>重坊桥</span>", "02-03 08:00", "Ⅲ", "<span data-toggle='tooltip' data-placement='right' title='原始值：6.80926'>6.8</span>", "<span data-toggle='tooltip' data-placement='right' title='原始值：7.72425'>7.72</span>", "<span data-toggle='tooltip' data-placement='right' title='原始值：12.99017'>12.99</span>", "<span data-toggle='tooltip' data-placement='right' title='原始值：762.2222'>762.2</span>", "<span data-toggle='tooltip' data-placement='right' title='原始值：4.5213'>4.5</span>", "<span data-toggle='tooltip' data-placement='right' title='原始值：5.32'>5.32</span>", "<span data-toggle='tooltip' data-placement='right' title='原始值：0.11355'>0.114</span>", "*", "*", "*", "*", "正常"], ["山东省", "淮河流域", "<span data-toggle='tooltip' data-placement='right' title='所在地市:临沂市&#10;所属河流:白马河'>捷庄(涝沟桥)</span>", "02-03 08:00", "Ⅳ", "<span data-toggle='tooltip' data-placement='right' title='原始值：6.3'>6.3</span>", "<span data-toggle='tooltip' data-placement='right' title='原始值：7.95'>7.95</span>", "<span data-toggle='tooltip' data-placement='right' title='原始值：16.71218'>16.71</span>", "<span data-toggle='tooltip' data-placement='right' title='原始值：957'>957.0</span>", "<span data-toggle='tooltip' data-placement='right' title='原始值：7.2002'>7.2</span>", "<span data-toggle='tooltip' data-placement='right' title='原始值：6.13'>6.13</span>", "<span data-toggle='tooltip' data-placement='right' title='原始值：0.23107'>0.231</span>", "<span data-toggle='tooltip' data-placement='right' title='原始值：0.11926'>0.119</span>", "<span data-toggle='tooltip' data-placement='right' title='原始值：8.33619'>8.34</span>", "*", "*", "正常"], ["山东省", "海河流域", "<span data-toggle='tooltip' data-placement='right' title='所在地市:聊城市&#10;所属河流:卫运河'>秤勾湾(秤钩湾)</span>", null, "", "--", "--", "--", "--", "--", "--", "--", "--", "--", "*", "*", "停站"], ["河南省", "长江流域", "<span data-toggle='tooltip' data-placement='right' title='所在地市:南阳市&#10;所属河流:丹江口水库'>陶岔</span>", "02-03 08:00", "Ⅱ", "<span data-toggle='tooltip' data-placement='right' title='原始值：15.09'>15.1</span>", "<span data-toggle='tooltip' data-placement='right' title='原始值：7.82333'>7.82</span>", "<span data-toggle='tooltip' data-placement='right' title='原始值：9.38799'>9.39</span>", "<span data-toggle='tooltip' data-placement='right' title='原始值：275.0333'>275.0</span>", "<span data-toggle='tooltip' data-placement='right' title='原始值：1.93096'>1.9</span>", "<span data-toggle='tooltip' data-placement='right' title='原始值：2.46'>2.46</span>", "<span data-toggle='tooltip' data-placement='right' title='原始值：0.03509'>0.035</span>", "<span data-toggle='tooltip' data-placement='right' title='原始值：0.00905'>0.009</span>", "<span data-toggle='tooltip' data-placement='right' title='原始值：1.07578'>1.08</span>", "<span data-toggle='tooltip' data-placement='right' title='原始值：0.00402'>0.004</span>", "<span data-toggle='tooltip' data-placement='right' title='原始值：138923.8'>138924</span>", "正常"], ["河南省", "淮河流域", "<span data-toggle='tooltip' data-placement='right' title='所在地市:商丘市&#10;所属河流:浍河'>黄口</span>", "02-03 08:00", "Ⅱ", "<span data-toggle='tooltip' data-placement='right' title='原始值：6.50005'>6.5</span>", "<span data-toggle='tooltip' data-placement='right' title='原始值：7.86'>7.86</span>", "<span data-toggle='tooltip' data-placement='right' title='原始值：11.91873'>11.92</span>", "<span data-toggle='tooltip' data-placement='right' title='原始值：1571'>1571.0</span>", "<span data-toggle='tooltip' data-placement='right' title='原始值：49.8252'>49.8</span>", "<span data-toggle='tooltip' data-placement='right' title='原始值：3.81'>3.81</span>", "<span data-toggle='tooltip' data-placement='right' title='原始值：0.05251'>0.053</span>", "<span data-toggle='tooltip' data-placement='right' title='原始值：0.0981'>0.098</span>", "<span data-toggle='tooltip' data-placement='right' title='原始值：7.87331'>7.87</span>", "*", "*", "正常"], ["河南省", "淮河流域", "<span data-toggle='tooltip' data-placement='right' title='所在地市:信阳市&#10;所属河流:史灌河'>蒋集</span>", "02-03 08:00", "Ⅱ", "<span data-toggle='tooltip' data-placement='right' title='原始值：6.46211'>6.5</span>", "<span data-toggle='tooltip' data-placement='right' title='原始值：6.99672'>7.00</span>", "<span data-toggle='tooltip' data-placement='right' title='原始值：7.68'>7.68</span>", "<span data-toggle='tooltip' data-placement='right' title='原始值：217.75'>217.8</span>", "<span data-toggle='tooltip' data-placement='right' title='原始值：133.4828'>133.5</span>", "<span data-toggle='tooltip' data-placement='right' title='原始值：3.15'>3.15</span>", "<span data-toggle='tooltip' data-placement='right' title='原始值：0.20845'>0.208</span>", "*", "*", "*", "*", "正常"], ["河南省", "淮河流域", "<span data-toggle='tooltip' data-placement='right' title='所在地市:信阳市&#10;所属河流:淮河'>息县大埠口</span>", null, "", "*", "--", "*", "*", "*", "*", "*", "*", "*", "*", "*", "维护"], ["河南省", "淮河流域", "<span data-toggle='tooltip' data-placement='right' title='所在地市:信阳市&#10;所属河流:淮河'>淮滨水文站(淮滨)</span>", "02-03 08:00", "Ⅲ", "<span data-toggle='tooltip' data-placement='right' title='原始值：8.9'>8.9</span>", "<span data-toggle='tooltip' data-placement='right' title='原始值：7.62'>7.62</span>", "<span data-toggle='tooltip' data-placement='right' title='原始值：13.37872'>13.38</span>", "<span data-toggle='tooltip' data-placement='right' title='原始值：339'>339.0</span>", "<span data-toggle='tooltip' data-placement='right' title='原始值：52.54356'>52.5</span>", "<span data-toggle='tooltip' data-placement='right' title='原始值：4.15982'>4.16</span>", "<span data-toggle='tooltip' data-placement='right' title='原始值：0.00472'>0.005</span>", "<span data-toggle='tooltip' data-placement='right' title='原始值：0.08438'>0.084</span>", "<span data-toggle='tooltip' data-placement='right' title='原始值：1.9215'>1.92</span>", "*", "*", "正常"], ["河南省", "淮河流域", "<span data-toggle='tooltip' data-placement='right' title='所在地市:周口市&#10;所属河流:沙河'>沈丘闸</span>", "02-03 08:00", "", "<span data-toggle='tooltip' data-placement='right' title='原始值：6.21454'>6.2</span>", "<span data-toggle='tooltip' data-placement='right' title='原始值：7.79105'>7.79</span>", "<span data-toggle='tooltip' data-placement='right' title='原始值：9.5058'>9.51</span>", "<span data-toggle='tooltip' data-placement='right' title='原始值：1126.982'>1127.0</span>", "<span data-toggle='tooltip' data-placement='right' title='原始值：7.60409'>7.6</span>", "<span data-toggle='tooltip' data-placement='right' title='原始值：4.53007'>4.53</span>", "<span data-toggle='tooltip' data-placement='right' title='极值过滤'>--</span>", "*", "*", "*", "*", "维护"], ["河南省", "淮河流域", "<span data-toggle='tooltip' data-placement='right' title='所在地市:周口市&#10;所属河流:涡河'>鹿邑付桥(鹿邑付桥闸)</span>", null, "", "--", "--", "--", "--", "--", "--", "--", "--", "--", "*", "*", "停站"], ["河南省", "淮河流域", "<span data-toggle='tooltip' data-placement='right' title='所在地市:驻马店市&#10;所属河流:洪河'>新蔡班台(班台)</span>", "02-03 08:00", "Ⅳ", "<span data-toggle='tooltip' data-placement='right' title='原始值：11.31412'>11.3</span>", "<span data-toggle='tooltip' data-placement='right' title='原始值：7.60803'>7.61</span>", "<span data-toggle='tooltip' data-placement='right' title='原始值：15.12604'>15.13</span>", "<span data-toggle='tooltip' data-placement='right' title='原始值：657.0455'>657.0</span>", "<span data-toggle='tooltip' data-placement='right' title='原始值：12.71821'>12.7</span>", "<span data-toggle='tooltip' data-placement='right' title='原始值：6.29'>6.29</span>", "<span data-toggle='tooltip' data-placement='right' title='原始值：0.58'>0.580</span>", "<span data-toggle='tooltip' data-placement='right' title='原始值：0.15121'>0.151</span>", "<span data-toggle='tooltip' data-placement='right' title='原始值：5.73122'>5.73</span>", "*", "*", "正常"], ["河南省", "黄河流域", "<span data-toggle='tooltip' data-placement='right' title='所在地市:济源市&#10;所属河流:黄河'>小浪底水库(小浪底)</span>", "02-03 08:00", "Ⅱ", "<span data-toggle='tooltip' data-placement='right' title='原始值：4.93059'>4.9</span>", "<span data-toggle='tooltip' data-placement='right' title='原始值：8.2268'>8.23</span>", "<span data-toggle='tooltip' data-placement='right' title='原始值：13.63275'>13.63</span>", "<span data-toggle='tooltip' data-placement='right' title='原始值：902.6578'>902.7</span>", "<span data-toggle='tooltip' data-placement='right' title='原始值：6.9778'>7.0</span>", "<span data-toggle='tooltip' data-placement='right' title='原始值：1.9525'>1.95</span>", "<span data-toggle='tooltip' data-placement='right' title='原始值：0.33'>0.330</span>", "<span data-toggle='tooltip' data-placement='right' title='原始值：0.04'>0.040</span>", "<span data-toggle='tooltip' data-placement='right' title='原始值：4.005'>4.00</span>", "*", "*", "正常"], ["湖北省", "长江流域", "<span data-toggle='tooltip' data-placement='right' title='所在地市:武汉市&#10;所属河流:汉江'>宗关</span>", "02-03 08:00", "Ⅱ", "<span data-toggle='tooltip' data-placement='right' title='原始值：10.77'>10.8</span>", "<span data-toggle='tooltip' data-placement='right' title='原始值：8.014099'>8.01</span>", "<span data-toggle='tooltip' data-placement='right' title='原始值：11.68472'>11.68</span>", "<span data-toggle='tooltip' data-placement='right' title='原始值：302.6733'>302.7</span>", "<span data-toggle='tooltip' data-placement='right' title='原始值：19.02678'>19.0</span>", "<span data-toggle='tooltip' data-placement='right' title='原始值：2.75'>2.75</span>", "<span data-toggle='tooltip' data-placement='right' title='原始值：0.064'>0.064</span>", "<span data-toggle='tooltip' data-placement='right' title='原始值：0.082'>0.082</span>", "<span data-toggle='tooltip' data-placement='right' title='原始值：3.281453'>3.28</span>", "<span data-toggle='tooltip' data-placement='right' title='原始值：0.021375'>0.021</span>", "*", "正常"], ["湖北省", "长江流域", "<span data-toggle='tooltip' data-placement='right' title='所在地市:十堰市&#10;所属河流:丹江口水库'>坝上中(胡家岭)</span>", "02-03 08:00", "", "<span data-toggle='tooltip' data-placement='right' title='原始值：11.13'>11.1</span>", "<span data-toggle='tooltip' data-placement='right' title='原始值：7.867103'>7.87</span>", "<span data-toggle='tooltip' data-placement='right' title='原始值：9.888124'>9.89</span>", "<span data-toggle='tooltip' data-placement='right' title='原始值：273.934'>273.9</span>", "<span data-toggle='tooltip' data-placement='right' title='原始值：4.171504'>4.2</span>", "<span data-toggle='tooltip' data-placement='right' title='原始值：2.28'>2.28</span>", "<span data-toggle='tooltip' data-placement='right' title='原始值：0.106'>0.106</span>", "<span data-toggle='tooltip' data-placement='right' title='极值过滤'>--</span>", "<span data-toggle='tooltip' data-placement='right' title='原始值：1.295'>1.30</span>", "<span data-toggle='tooltip' data-placement='right' title='原始值：0.0088787'>0.009</span>", "<span data-toggle='tooltip' data-placement='right' title='原始值：8180000'>8180000</span>", "维护"], ["湖北省", "长江流域", "<span data-toggle='tooltip' data-placement='right' title='所在地市:宜昌市&#10;所属河流:长江'>南津关</span>", "02-03 08:00", "Ⅱ", "<span data-toggle='tooltip' data-placement='right' title='原始值：13.37'>13.4</span>", "<span data-toggle='tooltip' data-placement='right' title='原始值：7.9296'>7.93</span>", "<span data-toggle='tooltip' data-placement='right' title='原始值：9.208209'>9.21</span>", "<span data-toggle='tooltip' data-placement='right' title='原始值：454.878'>454.9</span>", "<span data-toggle='tooltip' data-placement='right' title='原始值：2.886565'>2.9</span>", "<span data-toggle='tooltip' data-placement='right' title='原始值：1.14'>1.14</span>", "<span data-toggle='tooltip' data-placement='right' title='原始值：0.06'>0.060</span>", "<span data-toggle='tooltip' data-placement='right' title='原始值：0.051'>0.051</span>", "<span data-toggle='tooltip' data-placement='right' title='原始值：1.684'>1.68</span>", "<span data-toggle='tooltip' data-placement='right' title='原始值：0.0030489'>0.003</span>", "*", "正常"], ["湖南省", "长江流域", "<span data-toggle='tooltip' data-placement='right' title='所在地市:长沙市&#10;所属河流:湘江'>新港</span>", "02-03 08:00", "Ⅱ", "<span data-toggle='tooltip' data-placement='right' title='原始值：11.07'>11.1</span>", "<span data-toggle='tooltip' data-placement='right' title='原始值：7.47'>7.47</span>", "<span data-toggle='tooltip' data-placement='right' title='原始值：10.88'>10.88</span>", "<span data-toggle='tooltip' data-placement='right' title='原始值：294.7'>294.7</span>", "<span data-toggle='tooltip' data-placement='right' title='原始值：18.23'>18.2</span>", "<span data-toggle='tooltip' data-placement='right' title='原始值：2.91'>2.91</span>", "<span data-toggle='tooltip' data-placement='right' title='原始值：0.17'>0.170</span>", "<span data-toggle='tooltip' data-placement='right' title='原始值：0.027'>0.027</span>", "<span data-toggle='tooltip' data-placement='right' title='原始值：2.26'>2.26</span>", "*", "*", "正常"], ["湖南省", "长江流域", "<span data-toggle='tooltip' data-placement='right' title='所在地市:岳阳市&#10;所属河流:洞庭湖'>岳阳楼</span>", "02-03 08:00", "Ⅳ", "<span data-toggle='tooltip' data-placement='right' title='原始值：9.57'>9.6</span>", "<span data-toggle='tooltip' data-placement='right' title='原始值：7.978236'>7.98</span>", "<span data-toggle='tooltip' data-placement='right' title='原始值：9.792415'>9.79</span>", "<span data-toggle='tooltip' data-placement='right' title='原始值：271.7131'>271.7</span>", "<span data-toggle='tooltip' data-placement='right' title='原始值：38.72913'>38.7</span>", "<span data-toggle='tooltip' data-placement='right' title='原始值：1.93'>1.93</span>", "<span data-toggle='tooltip' data-placement='right' title='原始值：0.018'>0.018</span>", "<span data-toggle='tooltip' data-placement='right' title='原始值：0.1'>0.100</span>", "<span data-toggle='tooltip' data-placement='right' title='原始值：2.771'>2.77</span>", "<span data-toggle='tooltip' data-placement='right' title='原始值：0.0029063'>0.003</span>", "<span data-toggle='tooltip' data-placement='right' title='原始值：316.626'>317</span>", "正常"], ["湖南省", "长江流域", "<span data-toggle='tooltip' data-placement='right' title='所在地市:岳阳市&#10;所属河流:长江'>城陵矶</span>", "02-03 08:00", "Ⅲ", "<span data-toggle='tooltip' data-placement='right' title='原始值：11.01'>11.0</span>", "<span data-toggle='tooltip' data-placement='right' title='原始值：7.709754'>7.71</span>", "<span data-toggle='tooltip' data-placement='right' title='原始值：10.92094'>10.92</span>", "<span data-toggle='tooltip' data-placement='right' title='原始值：304.988'>305.0</span>", "<span data-toggle='tooltip' data-placement='right' title='原始值：45.48083'>45.5</span>", "<span data-toggle='tooltip' data-placement='right' title='原始值：2.13'>2.13</span>", "<span data-toggle='tooltip' data-placement='right' title='原始值：0.016'>0.016</span>", "<span data-toggle='tooltip' data-placement='right' title='原始值：0.104'>0.104</span>", "<span data-toggle='tooltip' data-placement='right' title='原始值：1.8096'>1.81</span>", "*", "*", "正常"], ["广东省", "珠江流域", "<span data-toggle='tooltip' data-placement='right' title='所在地市:清远市&#10;所属河流:北江'>七星岗</span>", "02-03 08:00", "Ⅱ", "<span data-toggle='tooltip' data-placement='right' title='原始值：18.11647'>18.1</span>", "<span data-toggle='tooltip' data-placement='right' title='原始值：7.61881'>7.62</span>", "<span data-toggle='tooltip' data-placement='right' title='原始值：9.65696'>9.66</span>", "<span data-toggle='tooltip' data-placement='right' title='原始值：275.327'>275.3</span>", "<span data-toggle='tooltip' data-placement='right' title='原始值：6.84819'>6.8</span>", "<span data-toggle='tooltip' data-placement='right' title='原始值：2.35'>2.35</span>", "<span data-toggle='tooltip' data-placement='right' title='原始值：0.08698'>0.087</span>", "<span data-toggle='tooltip' data-placement='right' title='原始值：0.03365'>0.034</span>", "<span data-toggle='tooltip' data-placement='right' title='原始值：2.223'>2.22</span>", "*", "*", "正常"], ["广东省", "珠江流域", "<span data-toggle='tooltip' data-placement='right' title='所在地市:中山市&#10;所属河流:西江'>横栏</span>", "02-03 08:00", "Ⅰ", "<span data-toggle='tooltip' data-placement='right' title='原始值：19.5'>19.5</span>", "<span data-toggle='tooltip' data-placement='right' title='原始值：7.68'>7.68</span>", "<span data-toggle='tooltip' data-placement='right' title='原始值：8.69'>8.69</span>", "<span data-toggle='tooltip' data-placement='right' title='原始值：339'>339.0</span>", "<span data-toggle='tooltip' data-placement='right' title='原始值：10.2'>10.2</span>", "<span data-toggle='tooltip' data-placement='right' title='原始值：1.71'>1.71</span>", "<span data-toggle='tooltip' data-placement='right' title='原始值：0.11963'>0.120</span>", "*", "*", "*", "*", "正常"], ["广西壮族自治区", "珠江流域", "<span data-toggle='tooltip' data-placement='right' title='所在地市:南宁市&#10;所属河流:邕江'>老口</span>", "02-03 08:00", "Ⅰ", "<span data-toggle='tooltip' data-placement='right' title='原始值：18.19232'>18.2</span>", "<span data-toggle='tooltip' data-placement='right' title='原始值：7.99944'>8.00</span>", "<span data-toggle='tooltip' data-placement='right' title='原始值：8.86402'>8.86</span>", "<span data-toggle='tooltip' data-placement='right' title='原始值：314.308'>314.3</span>", "<span data-toggle='tooltip' data-placement='right' title='原始值：1.54766'>1.5</span>", "<span data-toggle='tooltip' data-placement='right' title='原始值：1.17503'>1.18</span>", "<span data-toggle='tooltip' data-placement='right' title='原始值：0.13001'>0.130</span>", "<span data-toggle='tooltip' data-placement='right' title='原始值：0.0125'>0.012</span>", "<span data-toggle='tooltip' data-placement='right' title='原始值：1.13199'>1.13</span>", "*", "*", "正常"], ["广西壮族自治区", "珠江流域", "<span data-toggle='tooltip' data-placement='right' title='所在地市:桂林市&#10;所属河流:漓江'>阳朔</span>", "02-03 08:00", "Ⅰ", "<span data-toggle='tooltip' data-placement='right' title='原始值：18.4'>18.4</span>", "<span data-toggle='tooltip' data-placement='right' title='原始值：8.09'>8.09</span>", "<span data-toggle='tooltip' data-placement='right' title='原始值：10.574'>10.57</span>", "<span data-toggle='tooltip' data-placement='right' title='原始值：142.697'>142.7</span>", "<span data-toggle='tooltip' data-placement='right' title='原始值：0.724'>0.7</span>", "<span data-toggle='tooltip' data-placement='right' title='原始值：1.168'>1.17</span>", "<span data-toggle='tooltip' data-placement='right' title='原始值：0.025'>0.025</span>", "<span data-toggle='tooltip' data-placement='right' title='原始值：0.016'>0.016</span>", "<span data-toggle='tooltip' data-placement='right' title='原始值：1.392'>1.39</span>", "*", "*", "正常"], ["广西壮族自治区", "珠江流域", "<span data-toggle='tooltip' data-placement='right' title='所在地市:梧州市&#10;所属河流:浔江'>界首</span>", null, "", "--", "--", "--", "--", "--", "--", "--", "--", "--", "*", "*", "停站"], ["广西壮族自治区", "珠江流域", "<span data-toggle='tooltip' data-placement='right' title='所在地市:贵港市&#10;所属河流:浔江'>石嘴</span>", "02-03 08:00", "Ⅱ", "<span data-toggle='tooltip' data-placement='right' title='原始值：20.16499'>20.2</span>", "<span data-toggle='tooltip' data-placement='right' title='原始值：8.06018'>8.06</span>", "<span data-toggle='tooltip' data-placement='right' title='原始值：9.76529'>9.77</span>", "<span data-toggle='tooltip' data-placement='right' title='原始值：298.6956'>298.7</span>", "<span data-toggle='tooltip' data-placement='right' title='原始值：8.7226'>8.7</span>", "<span data-toggle='tooltip' data-placement='right' title='原始值：2.53'>2.53</span>", "<span data-toggle='tooltip' data-placement='right' title='原始值：0.16'>0.160</span>", "<span data-toggle='tooltip' data-placement='right' title='原始值：0.00575'>0.006</span>", "<span data-toggle='tooltip' data-placement='right' title='原始值：2.2666'>2.27</span>", "*", "*", "正常"], ["广西壮族自治区", "珠江流域", "<span data-toggle='tooltip' data-placement='right' title='所在地市:崇左市&#10;所属河流:平而河'>平而关</span>", "02-03 08:00", "Ⅰ", "<span data-toggle='tooltip' data-placement='right' title='原始值：19.78498'>19.8</span>", "<span data-toggle='tooltip' data-placement='right' title='原始值：7.93597'>7.94</span>", "<span data-toggle='tooltip' data-placement='right' title='原始值：8.80154'>8.80</span>", "<span data-toggle='tooltip' data-placement='right' title='原始值：285.1106'>285.1</span>", "<span data-toggle='tooltip' data-placement='right' title='原始值：24.58467'>24.6</span>", "<span data-toggle='tooltip' data-placement='right' title='原始值：1.54'>1.54</span>", "<span data-toggle='tooltip' data-placement='right' title='原始值：0.12'>0.120</span>", "*", "*", "*", "*", "正常"], ["重庆市", "长江流域", "<span data-toggle='tooltip' data-placement='right' title='所在地市:永川区&#10;所属河流:长江'>朱沱</span>", "02-03 08:00", "Ⅱ", "<span data-toggle='tooltip' data-placement='right' title='原始值：11.3'>11.3</span>", "<span data-toggle='tooltip' data-placement='right' title='原始值：7.55'>7.55</span>", "<span data-toggle='tooltip' data-placement='right' title='原始值：11.67'>11.67</span>", "<span data-toggle='tooltip' data-placement='right' title='原始值：431.06'>431.1</span>", "<span data-toggle='tooltip' data-placement='right' title='原始值：63.85'>63.8</span>", "<span data-toggle='tooltip' data-placement='right' title='原始值：1.146'>1.15</span>", "<span data-toggle='tooltip' data-placement='right' title='原始值：0.011'>0.011</span>", "<span data-toggle='tooltip' data-placement='right' title='原始值：0.046'>0.046</span>", "<span data-toggle='tooltip' data-placement='right' title='原始值：1.349'>1.35</span>", "*", "*", "正常"], ["四川省", "长江流域", "<span data-toggle='tooltip' data-placement='right' title='所在地市:攀枝花市&#10;所属河流:金沙江'>龙洞</span>", "02-03 08:00", "Ⅳ", "<span data-toggle='tooltip' data-placement='right' title='原始值：12.39'>12.4</span>", "<span data-toggle='tooltip' data-placement='right' title='原始值：8.35495'>8.35</span>", "<span data-toggle='tooltip' data-placement='right' title='原始值：9.106284'>9.11</span>", "<span data-toggle='tooltip' data-placement='right' title='原始值：857.414'>857.4</span>", "<span data-toggle='tooltip' data-placement='right' title='原始值：2.913181'>2.9</span>", "<span data-toggle='tooltip' data-placement='right' title='原始值：1.26'>1.26</span>", "<span data-toggle='tooltip' data-placement='right' title='原始值：1.146'>1.146</span>", "<span data-toggle='tooltip' data-placement='right' title='原始值：0.0195545'>0.020</span>", "<span data-toggle='tooltip' data-placement='right' title='原始值：7.540315'>7.54</span>", "*", "*", "正常"], ["四川省", "长江流域", "<span data-toggle='tooltip' data-placement='right' title='所在地市:泸州市&#10;所属河流:沱江'>沱江大桥(沱江二桥)</span>", "02-03 08:00", "Ⅱ", "<span data-toggle='tooltip' data-placement='right' title='原始值：11.47'>11.5</span>", "<span data-toggle='tooltip' data-placement='right' title='原始值：8.341269'>8.34</span>", "<span data-toggle='tooltip' data-placement='right' title='原始值：10.94673'>10.95</span>", "<span data-toggle='tooltip' data-placement='right' title='原始值：650.9382'>650.9</span>", "<span data-toggle='tooltip' data-placement='right' title='原始值：7.068204'>7.1</span>", "<span data-toggle='tooltip' data-placement='right' title='原始值：2.37'>2.37</span>", "<span data-toggle='tooltip' data-placement='right' title='原始值：0.012'>0.012</span>", "<span data-toggle='tooltip' data-placement='right' title='原始值：0.0751415'>0.075</span>", "<span data-toggle='tooltip' data-placement='right' title='原始值：4.157508'>4.16</span>", "*", "*", "正常"], ["四川省", "长江流域", "<span data-toggle='tooltip' data-placement='right' title='所在地市:广元市&#10;所属河流:嘉陵江'>清风峡</span>", "02-03 08:00", "Ⅰ", "<span data-toggle='tooltip' data-placement='right' title='原始值：7.40001'>7.4</span>", "<span data-toggle='tooltip' data-placement='right' title='原始值：8.32001'>8.32</span>", "<span data-toggle='tooltip' data-placement='right' title='原始值：12.20731'>12.21</span>", "<span data-toggle='tooltip' data-placement='right' title='原始值：427.0278'>427.0</span>", "<span data-toggle='tooltip' data-placement='right' title='原始值：18.75647'>18.8</span>", "<span data-toggle='tooltip' data-placement='right' title='原始值：0.3'>0.30</span>", "<span data-toggle='tooltip' data-placement='right' title='原始值：0.03904'>0.039</span>", "*", "*", "*", "*", "正常"], ["四川省", "长江流域", "<span data-toggle='tooltip' data-placement='right' title='所在地市:乐山市&#10;所属河流:岷江'>岷江大桥</span>", null, "", "--", "--", "--", "--", "--", "--", "--", "--", "--", "*", "*", "停站"], ["四川省", "长江流域", "<span data-toggle='tooltip' data-placement='right' title='所在地市:宜宾市&#10;所属河流:岷江'>凉姜沟</span>", "02-03 08:00", "Ⅲ", "<span data-toggle='tooltip' data-placement='right' title='原始值：12.04'>12.0</span>", "<span data-toggle='tooltip' data-placement='right' title='原始值：7.76474'>7.76</span>", "<span data-toggle='tooltip' data-placement='right' title='原始值：9.310102'>9.31</span>", "<span data-toggle='tooltip' data-placement='right' title='原始值：357.1599'>357.2</span>", "<span data-toggle='tooltip' data-placement='right' title='原始值：28.91031'>28.9</span>", "<span data-toggle='tooltip' data-placement='right' title='原始值：2.08'>2.08</span>", "<span data-toggle='tooltip' data-placement='right' title='原始值：0.481'>0.481</span>", "<span data-toggle='tooltip' data-placement='right' title='原始值：0.111762'>0.112</span>", "<span data-toggle='tooltip' data-placement='right' title='原始值：2.753636'>2.75</span>", "*", "*", "正常"], ["云南省", "滇池流域", "<span data-toggle='tooltip' data-placement='right' title='所在地市:昆明市&#10;所属河流:滇池'>西苑隧道</span>", "02-03 08:00", "Ⅲ", "<span data-toggle='tooltip' data-placement='right' title='原始值：13.29'>13.3</span>", "<span data-toggle='tooltip' data-placement='right' title='原始值：7.9888'>7.99</span>", "<span data-toggle='tooltip' data-placement='right' title='原始值：9.295'>9.30</span>", "<span data-toggle='tooltip' data-placement='right' title='原始值：810.192'>810.2</span>", "<span data-toggle='tooltip' data-placement='right' title='原始值：16.732'>16.7</span>", "<span data-toggle='tooltip' data-placement='right' title='原始值：4.97899'>4.98</span>", "<span data-toggle='tooltip' data-placement='right' title='原始值：0.02283'>0.023</span>", "<span data-toggle='tooltip' data-placement='right' title='原始值：0.03596'>0.036</span>", "<span data-toggle='tooltip' data-placement='right' title='原始值：5.97886'>5.98</span>", "<span data-toggle='tooltip' data-placement='right' title='原始值：0.00118'>0.001</span>", "<span data-toggle='tooltip' data-placement='right' title='原始值：7024594'>7024594</span>", "正常"], ["云南省", "滇池流域", "<span data-toggle='tooltip' data-placement='right' title='所在地市:昆明市&#10;所属河流:滇池'>观音山</span>", "02-03 08:00", "Ⅳ", "<span data-toggle='tooltip' data-placement='right' title='原始值：11.75698'>11.8</span>", "<span data-toggle='tooltip' data-placement='right' title='原始值：8.47635'>8.48</span>", "<span data-toggle='tooltip' data-placement='right' title='原始值：7.071'>7.07</span>", "<span data-toggle='tooltip' data-placement='right' title='原始值：437.163'>437.2</span>", "<span data-toggle='tooltip' data-placement='right' title='原始值：79.753'>79.8</span>", "<span data-toggle='tooltip' data-placement='right' title='原始值：5.6878'>5.69</span>", "<span data-toggle='tooltip' data-placement='right' title='原始值：0.66'>0.660</span>", "<span data-toggle='tooltip' data-placement='right' title='原始值：0.051'>0.051</span>", "<span data-toggle='tooltip' data-placement='right' title='原始值：1.542'>1.54</span>", "<span data-toggle='tooltip' data-placement='right' title='原始值：0.00987'>0.010</span>", "<span data-toggle='tooltip' data-placement='right' title='原始值：2.859762E+07'>28597620</span>", "正常"], ["云南省", "西南诸河", "<span data-toggle='tooltip' data-placement='right' title='所在地市:红河哈尼族彝族自治州&#10;所属河流:红河'>河口县医院(河口)</span>", "02-03 08:00", "Ⅱ", "<span data-toggle='tooltip' data-placement='right' title='原始值：20.19217'>20.2</span>", "<span data-toggle='tooltip' data-placement='right' title='原始值：7.85096'>7.85</span>", "<span data-toggle='tooltip' data-placement='right' title='原始值：8.41294'>8.41</span>", "<span data-toggle='tooltip' data-placement='right' title='原始值：180.3873'>180.4</span>", "<span data-toggle='tooltip' data-placement='right' title='原始值：17.94769'>17.9</span>", "<span data-toggle='tooltip' data-placement='right' title='原始值：1.33555'>1.34</span>", "<span data-toggle='tooltip' data-placement='right' title='原始值：0.12619'>0.126</span>", "<span data-toggle='tooltip' data-placement='right' title='原始值：0.0504'>0.050</span>", "<span data-toggle='tooltip' data-placement='right' title='原始值：1.14736'>1.15</span>", "*", "*", "正常"], ["云南省", "西南诸河", "<span data-toggle='tooltip' data-placement='right' title='所在地市:西双版纳傣族自治州&#10;所属河流:澜沧江'>橄榄坝</span>", "02-03 08:00", "Ⅲ", "<span data-toggle='tooltip' data-placement='right' title='原始值：16.992'>17.0</span>", "<span data-toggle='tooltip' data-placement='right' title='原始值：7.616'>7.62</span>", "<span data-toggle='tooltip' data-placement='right' title='原始值：5.565'>5.56</span>", "<span data-toggle='tooltip' data-placement='right' title='原始值：490.638'>490.6</span>", "<span data-toggle='tooltip' data-placement='right' title='原始值：7.87'>7.9</span>", "<span data-toggle='tooltip' data-placement='right' title='原始值：0.146'>0.15</span>", "<span data-toggle='tooltip' data-placement='right' title='原始值：0.227'>0.227</span>", "*", "*", "*", "*", "正常"], ["陕西省", "黄河流域", "<span data-toggle='tooltip' data-placement='right' title='所在地市:渭南市&#10;所属河流:渭河'>潼关吊桥</span>", "02-03 08:00", "", "<span data-toggle='tooltip' data-placement='right' title='原始值：8.2'>8.2</span>", "<span data-toggle='tooltip' data-placement='right' title='原始值：8.3775'>8.38</span>", "<span data-toggle='tooltip' data-placement='right' title='原始值：12.67484'>12.67</span>", "<span data-toggle='tooltip' data-placement='right' title='原始值：1270'>1270.0</span>", "<span data-toggle='tooltip' data-placement='right' title='原始值：80.04041'>80.0</span>", "<span data-toggle='tooltip' data-placement='right' title='原始值：5.4'>5.40</span>", "<span data-toggle='tooltip' data-placement='right' title='原始值：0.53'>0.530</span>", "<span data-toggle='tooltip' data-placement='right' title='极值过滤'>--</span>", "<span data-toggle='tooltip' data-placement='right' title='原始值：8.30355'>8.30</span>", "*", "*", "维护"]]}