{"result": 1, "total": 1, "records": 98, "thead": ["省份", "流域", "断面名称", "监测时间", "水质类别", "水温<br/><span class='unit'>(℃)</span>", "pH<br/><span class='unit'>(无量纲)</span>", "溶解氧<br/><span class='unit'>(mg/L)</span>", "电导率<br/><span class='unit'>(μS/cm)</span>", "浊度<br/><span class='unit'>(NTU)</span>", "高锰酸盐指数<br/><span class='unit'>(mg/L)</span>", "氨氮<br/><span class='unit'>(mg/L)</span>", "总磷<br/><span class='unit'>(mg/L)</span>", "总氮<br/><span class='unit'>(mg/L)</span>", "叶绿素α<br/><span class='unit'>(mg/L)</span>", "藻密度<br/><span class='unit'>(cells/L)</span>", "站点情况"], "tbody": [["北京市", "海河流域", "<span data-toggle='tooltip' data-placement='right' title='所在地市:门头沟区&#10;所属河流:永定河'>沿河城</span>", null, "", "--", "--", "--", "--", "--", "--", "--", "--", "--", "*", "*", "停站"], ["北京市", "海河流域", "<span data-toggle='tooltip' data-placement='right' title='所在地市:密云区&#10;所属河流:潮河'>古北口</span>", null, "", "--", "--", "--", "--", "--", "--", "--", "--", "--", "*", "*", "停站"], ["天津市", "海河流域", "<span data-toggle='tooltip' data-placement='right' title='所在地市:河北区&#10;所属河流:海河'>三岔口</span>", "12-23 08:00", "Ⅱ", "<span data-toggle='tooltip' data-placement='right' title='原始值：3.4879'>3.5</span>", "<span data-toggle='tooltip' data-placement='right' title='原始值：7.8764'>7.88</span>", "<span data-toggle='tooltip' data-placement='right' title='原始值：12.446'>12.45</span>", "<span data-toggle='tooltip' data-placement='right' title='原始值：353.8696'>353.9</span>", "<span data-toggle='tooltip' data-placement='right' title='原始值：4.076'>4.1</span>", "<span data-toggle='tooltip' data-placement='right' title='原始值：0.99'>0.99</span>", "<span data-toggle='tooltip' data-placement='right' title='原始值：0.16'>0.160</span>", "<span data-toggle='tooltip' data-placement='right' title='原始值：0.0046'>0.005</span>", "<span data-toggle='tooltip' data-placement='right' title='原始值：1.1892'>1.19</span>", "*", "*", "正常"], ["天津市", "海河流域", "<span data-toggle='tooltip' data-placement='right' title='所在地市:蓟州区&#10;所属河流:果河'>果河桥</span>", "12-23 08:00", "Ⅱ", "<span data-toggle='tooltip' data-placement='right' title='原始值：5.2'>5.2</span>", "<span data-toggle='tooltip' data-placement='right' title='原始值：8.69'>8.69</span>", "<span data-toggle='tooltip' data-placement='right' title='原始值：16.079'>16.08</span>", "<span data-toggle='tooltip' data-placement='right' title='原始值：701.784'>701.8</span>", "<span data-toggle='tooltip' data-placement='right' title='原始值：6.7'>6.7</span>", "<span data-toggle='tooltip' data-placement='right' title='原始值：2.6559'>2.66</span>", "<span data-toggle='tooltip' data-placement='right' title='原始值：0.24'>0.240</span>", "<span data-toggle='tooltip' data-placement='right' title='原始值：0.0331'>0.033</span>", "<span data-toggle='tooltip' data-placement='right' title='原始值：5.5632'>5.56</span>", "*", "*", "正常"], ["河北省", "海河流域", "<span data-toggle='tooltip' data-placement='right' title='所在地市:石家庄市&#10;所属河流:滹沱河'>岗南水库</span>", "12-23 08:00", "Ⅱ", "<span data-toggle='tooltip' data-placement='right' title='原始值：10.80021'>10.8</span>", "<span data-toggle='tooltip' data-placement='right' title='原始值：8.68237'>8.68</span>", "<span data-toggle='tooltip' data-placement='right' title='原始值：10.754'>10.75</span>", "<span data-toggle='tooltip' data-placement='right' title='原始值：561.1497'>561.1</span>", "<span data-toggle='tooltip' data-placement='right' title='原始值：2.15824'>2.2</span>", "<span data-toggle='tooltip' data-placement='right' title='原始值：2.3171'>2.32</span>", "<span data-toggle='tooltip' data-placement='right' title='原始值：0.04'>0.040</span>", "<span data-toggle='tooltip' data-placement='right' title='原始值：0.01706'>0.017</span>", "<span data-toggle='tooltip' data-placement='right' title='原始值：2.66417'>2.66</span>", "*", "*", "正常"], ["河北省", "海河流域", "<span data-toggle='tooltip' data-placement='right' title='所在地市:张家口市&#10;所属河流:永定河'>八号桥</span>", "12-23 08:00", "Ⅲ", "<span data-toggle='tooltip' data-placement='right' title='原始值：1.34565'>1.3</span>", "<span data-toggle='tooltip' data-placement='right' title='原始值：8.4856'>8.49</span>", "<span data-toggle='tooltip' data-placement='right' title='原始值：12.05214'>12.05</span>", "<span data-toggle='tooltip' data-placement='right' title='原始值：1703.572'>1703.6</span>", "<span data-toggle='tooltip' data-placement='right' title='原始值：25.24469'>25.2</span>", "<span data-toggle='tooltip' data-placement='right' title='原始值：3.2'>3.20</span>", "<span data-toggle='tooltip' data-placement='right' title='原始值：0.58'>0.580</span>", "<span data-toggle='tooltip' data-placement='right' title='原始值：0.0975'>0.098</span>", "<span data-toggle='tooltip' data-placement='right' title='原始值：5.635'>5.64</span>", "*", "*", "正常"], ["山西省", "黄河流域", "<span data-toggle='tooltip' data-placement='right' title='所在地市:运城市&#10;所属河流:汾河'>河津大桥</span>", "12-23 08:00", "Ⅳ", "<span data-toggle='tooltip' data-placement='right' title='原始值：5.46411'>5.5</span>", "<span data-toggle='tooltip' data-placement='right' title='原始值：8.24846'>8.25</span>", "<span data-toggle='tooltip' data-placement='right' title='原始值：20.99987'>21.00</span>", "<span data-toggle='tooltip' data-placement='right' title='原始值：1930.425'>1930.4</span>", "<span data-toggle='tooltip' data-placement='right' title='原始值：74.38979'>74.4</span>", "<span data-toggle='tooltip' data-placement='right' title='原始值：5.45'>5.45</span>", "<span data-toggle='tooltip' data-placement='right' title='原始值：1.06'>1.060</span>", "*", "*", "*", "*", "正常"], ["山西省", "黄河流域", "<span data-toggle='tooltip' data-placement='right' title='所在地市:忻州市&#10;所属河流:黄河'>万家寨水库</span>", null, "", "--", "--", "--", "--", "--", "--", "--", "--", "--", "*", "*", "停站"], ["内蒙古自治区", "黄河流域", "<span data-toggle='tooltip' data-placement='right' title='所在地市:包头市&#10;所属河流:黄河'>画匠营子</span>", null, "", "--", "--", "--", "--", "--", "--", "--", "--", "--", "*", "*", "停站"], ["内蒙古自治区", "黄河流域", "<span data-toggle='tooltip' data-placement='right' title='所在地市:乌海市&#10;所属河流:黄河'>海勃湾</span>", "12-23 08:00", "Ⅰ", "<span data-toggle='tooltip' data-placement='right' title='原始值：4.30274'>4.3</span>", "<span data-toggle='tooltip' data-placement='right' title='原始值：8.44631'>8.45</span>", "<span data-toggle='tooltip' data-placement='right' title='原始值：9.91616'>9.92</span>", "<span data-toggle='tooltip' data-placement='right' title='原始值：841.1268'>841.1</span>", "<span data-toggle='tooltip' data-placement='right' title='原始值：26.17471'>26.2</span>", "<span data-toggle='tooltip' data-placement='right' title='原始值：1.2'>1.20</span>", "<span data-toggle='tooltip' data-placement='right' title='原始值：0.12'>0.120</span>", "*", "*", "*", "*", "正常"], ["内蒙古自治区", "松花江流域", "<span data-toggle='tooltip' data-placement='right' title='所在地市:呼伦贝尔市&#10;所属河流:额尔古纳河'>黑山头</span>", null, "", "--", "--", "--", "--", "--", "--", "--", "--", "--", "*", "*", "停站"], ["辽宁省", "辽河流域", "<span data-toggle='tooltip' data-placement='right' title='所在地市:抚顺市&#10;所属河流:浑河'>大伙房水库</span>", "12-23 08:00", "Ⅱ", "<span data-toggle='tooltip' data-placement='right' title='原始值：5.49923'>5.5</span>", "<span data-toggle='tooltip' data-placement='right' title='原始值：7.77461'>7.77</span>", "<span data-toggle='tooltip' data-placement='right' title='原始值：10.55231'>10.55</span>", "<span data-toggle='tooltip' data-placement='right' title='原始值：295.7173'>295.7</span>", "<span data-toggle='tooltip' data-placement='right' title='原始值：10.16399'>10.2</span>", "<span data-toggle='tooltip' data-placement='right' title='原始值：3.38961'>3.39</span>", "<span data-toggle='tooltip' data-placement='right' title='原始值：0.15'>0.150</span>", "<span data-toggle='tooltip' data-placement='right' title='原始值：0.02136'>0.021</span>", "<span data-toggle='tooltip' data-placement='right' title='原始值：3.17852'>3.18</span>", "<span data-toggle='tooltip' data-placement='right' title='原始值：0.0009'>0.001</span>", "*", "正常"], ["辽宁省", "辽河流域", "<span data-toggle='tooltip' data-placement='right' title='所在地市:丹东市&#10;所属河流:鸭绿江'>江桥</span>", null, "", "--", "--", "--", "--", "--", "--", "--", "--", "--", "*", "*", "停站"], ["辽宁省", "辽河流域", "<span data-toggle='tooltip' data-placement='right' title='所在地市:营口市&#10;所属河流:大辽河'>辽河公园</span>", null, "", "--", "--", "--", "--", "--", "--", "--", "--", "--", "*", "*", "停站"], ["辽宁省", "辽河流域", "<span data-toggle='tooltip' data-placement='right' title='所在地市:辽阳市&#10;所属河流:太子河'>汤河水库</span>", null, "", "--", "--", "--", "--", "--", "--", "--", "--", "--", "*", "*", "停站"], ["辽宁省", "辽河流域", "<span data-toggle='tooltip' data-placement='right' title='所在地市:盘锦市&#10;所属河流:辽河'>盘锦兴安(兴安)</span>", null, "", "--", "--", "--", "--", "--", "--", "--", "--", "--", "*", "*", "停站"], ["辽宁省", "辽河流域", "<span data-toggle='tooltip' data-placement='right' title='所在地市:铁岭市&#10;所属河流:辽河'>珠尔山</span>", null, "", "--", "--", "--", "--", "--", "--", "--", "--", "--", "*", "*", "停站"], ["吉林省", "松花江流域", "<span data-toggle='tooltip' data-placement='right' title='所在地市:长春市&#10;所属河流:松花江'>松花江村</span>", null, "", "--", "--", "--", "--", "--", "--", "--", "--", "--", "*", "*", "停站"], ["吉林省", "松花江流域", "<span data-toggle='tooltip' data-placement='right' title='所在地市:白城市&#10;所属河流:嫩江'>白沙滩</span>", "12-23 08:00", "Ⅲ", "<span data-toggle='tooltip' data-placement='right' title='原始值：3.70868'>3.7</span>", "<span data-toggle='tooltip' data-placement='right' title='原始值：7.1305'>7.13</span>", "<span data-toggle='tooltip' data-placement='right' title='原始值：12.67596'>12.68</span>", "<span data-toggle='tooltip' data-placement='right' title='原始值：407.3834'>407.4</span>", "<span data-toggle='tooltip' data-placement='right' title='原始值：31.94483'>31.9</span>", "<span data-toggle='tooltip' data-placement='right' title='原始值：5.90402'>5.90</span>", "<span data-toggle='tooltip' data-placement='right' title='原始值：0.21803'>0.218</span>", "<span data-toggle='tooltip' data-placement='right' title='原始值：0.07688'>0.077</span>", "<span data-toggle='tooltip' data-placement='right' title='原始值：1.80432'>1.80</span>", "*", "*", "正常"], ["吉林省", "松花江流域", "<span data-toggle='tooltip' data-placement='right' title='所在地市:延边朝鲜族自治州&#10;所属河流:图们江'>圈河</span>", null, "", "--", "--", "--", "--", "--", "--", "--", "--", "--", "*", "*", "停站"], ["黑龙江省", "松花江流域", "<span data-toggle='tooltip' data-placement='right' title='所在地市:大庆市&#10;所属河流:松花江'>肇源</span>", null, "", "--", "--", "--", "--", "--", "--", "--", "--", "--", "*", "*", "停站"], ["黑龙江省", "松花江流域", "<span data-toggle='tooltip' data-placement='right' title='所在地市:佳木斯市&#10;所属河流:乌苏里江'>乌苏镇</span>", null, "", "--", "--", "--", "--", "--", "--", "--", "--", "--", "*", "*", "停站"], ["黑龙江省", "松花江流域", "<span data-toggle='tooltip' data-placement='right' title='所在地市:佳木斯市&#10;所属河流:松花江'>同江</span>", "12-23 08:00", "Ⅲ", "<span data-toggle='tooltip' data-placement='right' title='原始值：2.72805'>2.7</span>", "<span data-toggle='tooltip' data-placement='right' title='原始值：7.50001'>7.50</span>", "<span data-toggle='tooltip' data-placement='right' title='原始值：12.18752'>12.19</span>", "<span data-toggle='tooltip' data-placement='right' title='原始值：347.6568'>347.7</span>", "<span data-toggle='tooltip' data-placement='right' title='原始值：23.50053'>23.5</span>", "<span data-toggle='tooltip' data-placement='right' title='原始值：5.27962'>5.28</span>", "<span data-toggle='tooltip' data-placement='right' title='原始值：0.25612'>0.256</span>", "<span data-toggle='tooltip' data-placement='right' title='原始值：0.0625'>0.062</span>", "<span data-toggle='tooltip' data-placement='right' title='原始值：3.3225'>3.32</span>", "*", "*", "正常"], ["黑龙江省", "松花江流域", "<span data-toggle='tooltip' data-placement='right' title='所在地市:黑河市&#10;所属河流:黑龙江'>黑河下(黑河)</span>", null, "", "--", "--", "--", "--", "--", "--", "--", "--", "--", "*", "*", "停站"], ["上海市", "长江流域", "<span data-toggle='tooltip' data-placement='right' title='所在地市:青浦区&#10;所属河流:淀山湖'>急水港桥</span>", null, "", "--", "--", "--", "--", "--", "--", "--", "--", "--", "--", "--", "停站"], ["江苏省", "长江流域", "<span data-toggle='tooltip' data-placement='right' title='所在地市:南京市&#10;所属河流:长江'>林山</span>", null, "", "--", "--", "--", "--", "--", "--", "--", "--", "--", "*", "*", "停站"], ["江苏省", "太湖流域", "<span data-toggle='tooltip' data-placement='right' title='所在地市:无锡市&#10;所属河流:太湖'>沙渚</span>", "12-23 08:00", "Ⅱ", "<span data-toggle='tooltip' data-placement='right' title='原始值：14.91868'>14.9</span>", "<span data-toggle='tooltip' data-placement='right' title='原始值：8.10014'>8.10</span>", "<span data-toggle='tooltip' data-placement='right' title='原始值：10.99128'>10.99</span>", "<span data-toggle='tooltip' data-placement='right' title='原始值：389.9853'>390.0</span>", "<span data-toggle='tooltip' data-placement='right' title='原始值：14.53091'>14.5</span>", "<span data-toggle='tooltip' data-placement='right' title='原始值：3.104432'>3.10</span>", "<span data-toggle='tooltip' data-placement='right' title='原始值：0.16'>0.160</span>", "<span data-toggle='tooltip' data-placement='right' title='原始值：0.0304'>0.030</span>", "<span data-toggle='tooltip' data-placement='right' title='原始值：1.104'>1.10</span>", "<span data-toggle='tooltip' data-placement='right' title='原始值：0.008247'>0.008</span>", "*", "正常"], ["江苏省", "淮河流域", "<span data-toggle='tooltip' data-placement='right' title='所在地市:徐州市&#10;所属河流:武河'>小红圈</span>", "12-23 08:00", "Ⅱ", "<span data-toggle='tooltip' data-placement='right' title='原始值：4.82'>4.8</span>", "<span data-toggle='tooltip' data-placement='right' title='原始值：8.34'>8.34</span>", "<span data-toggle='tooltip' data-placement='right' title='原始值：22.15'>22.15</span>", "<span data-toggle='tooltip' data-placement='right' title='原始值：590.1'>590.1</span>", "<span data-toggle='tooltip' data-placement='right' title='原始值：3.78'>3.8</span>", "<span data-toggle='tooltip' data-placement='right' title='原始值：2.36'>2.36</span>", "<span data-toggle='tooltip' data-placement='right' title='原始值：0.071'>0.071</span>", "*", "*", "*", "*", "正常"], ["江苏省", "淮河流域", "<span data-toggle='tooltip' data-placement='right' title='所在地市:徐州市&#10;所属河流:沿河'>李集桥</span>", "12-23 08:00", "Ⅲ", "<span data-toggle='tooltip' data-placement='right' title='原始值：5.07'>5.1</span>", "<span data-toggle='tooltip' data-placement='right' title='原始值：8.08'>8.08</span>", "<span data-toggle='tooltip' data-placement='right' title='原始值：11.31'>11.31</span>", "<span data-toggle='tooltip' data-placement='right' title='原始值：1137.2'>1137.2</span>", "<span data-toggle='tooltip' data-placement='right' title='原始值：14.28'>14.3</span>", "<span data-toggle='tooltip' data-placement='right' title='原始值：4.57'>4.57</span>", "<span data-toggle='tooltip' data-placement='right' title='原始值：0.1'>0.100</span>", "<span data-toggle='tooltip' data-placement='right' title='原始值：0.036'>0.036</span>", "<span data-toggle='tooltip' data-placement='right' title='原始值：1.694'>1.69</span>", "*", "*", "正常"], ["江苏省", "淮河流域", "<span data-toggle='tooltip' data-placement='right' title='所在地市:徐州市&#10;所属河流:邳苍分洪道'>艾山西大桥</span>", "12-23 08:00", "Ⅱ", "<span data-toggle='tooltip' data-placement='right' title='原始值：3.09988'>3.1</span>", "<span data-toggle='tooltip' data-placement='right' title='原始值：8.88698'>8.89</span>", "<span data-toggle='tooltip' data-placement='right' title='原始值：17.2294'>17.23</span>", "<span data-toggle='tooltip' data-placement='right' title='原始值：750.855'>750.9</span>", "<span data-toggle='tooltip' data-placement='right' title='原始值：4.56509'>4.6</span>", "<span data-toggle='tooltip' data-placement='right' title='原始值：3.74'>3.74</span>", "<span data-toggle='tooltip' data-placement='right' title='原始值：0.1'>0.100</span>", "<span data-toggle='tooltip' data-placement='right' title='原始值：0.03361'>0.034</span>", "<span data-toggle='tooltip' data-placement='right' title='原始值：10.3003'>10.30</span>", "*", "*", "正常"], ["江苏省", "太湖流域", "<span data-toggle='tooltip' data-placement='right' title='所在地市:苏州市&#10;所属河流:太湖'>兰山嘴(老)</span>", "12-23 08:00", "Ⅲ", "<span data-toggle='tooltip' data-placement='right' title='原始值：15.08506'>15.1</span>", "<span data-toggle='tooltip' data-placement='right' title='原始值：8.72108'>8.72</span>", "<span data-toggle='tooltip' data-placement='right' title='原始值：11.04202'>11.04</span>", "<span data-toggle='tooltip' data-placement='right' title='原始值：309.7993'>309.8</span>", "<span data-toggle='tooltip' data-placement='right' title='原始值：56.19523'>56.2</span>", "<span data-toggle='tooltip' data-placement='right' title='原始值：4.38'>4.38</span>", "<span data-toggle='tooltip' data-placement='right' title='原始值：0.56'>0.560</span>", "<span data-toggle='tooltip' data-placement='right' title='原始值：0.13337'>0.133</span>", "<span data-toggle='tooltip' data-placement='right' title='原始值：3.7746'>3.77</span>", "<span data-toggle='tooltip' data-placement='right' title='原始值：0.02095'>0.021</span>", "*", "正常"], ["江苏省", "太湖流域", "<span data-toggle='tooltip' data-placement='right' title='所在地市:苏州市&#10;所属河流:太湖'>西山</span>", "12-23 08:00", "Ⅲ", "<span data-toggle='tooltip' data-placement='right' title='原始值：7.62673'>7.6</span>", "<span data-toggle='tooltip' data-placement='right' title='原始值：8.10469'>8.10</span>", "<span data-toggle='tooltip' data-placement='right' title='原始值：12.84478'>12.84</span>", "<span data-toggle='tooltip' data-placement='right' title='原始值：433.1727'>433.2</span>", "<span data-toggle='tooltip' data-placement='right' title='原始值：43.47841'>43.5</span>", "<span data-toggle='tooltip' data-placement='right' title='原始值：1.76'>1.76</span>", "<span data-toggle='tooltip' data-placement='right' title='原始值：0.12'>0.120</span>", "<span data-toggle='tooltip' data-placement='right' title='原始值：0.0447'>0.045</span>", "<span data-toggle='tooltip' data-placement='right' title='原始值：0.3625'>0.36</span>", "<span data-toggle='tooltip' data-placement='right' title='原始值：0.0095'>0.010</span>", "*", "正常"], ["江苏省", "淮河流域", "<span data-toggle='tooltip' data-placement='right' title='所在地市:连云港市&#10;所属河流:新沭河'>大兴桥</span>", "12-23 08:00", "Ⅲ", "<span data-toggle='tooltip' data-placement='right' title='原始值：4.6'>4.6</span>", "<span data-toggle='tooltip' data-placement='right' title='原始值：7.21'>7.21</span>", "<span data-toggle='tooltip' data-placement='right' title='原始值：12.46'>12.46</span>", "<span data-toggle='tooltip' data-placement='right' title='原始值：885.8'>885.8</span>", "<span data-toggle='tooltip' data-placement='right' title='原始值：90.51'>90.5</span>", "<span data-toggle='tooltip' data-placement='right' title='原始值：5.32'>5.32</span>", "<span data-toggle='tooltip' data-placement='right' title='原始值：0.236'>0.236</span>", "*", "*", "*", "*", "正常"], ["江苏省", "淮河流域", "<span data-toggle='tooltip' data-placement='right' title='所在地市:淮安市&#10;所属河流:淮河'>淮河大桥</span>", "12-23 08:00", "Ⅲ", "<span data-toggle='tooltip' data-placement='right' title='原始值：7.27366'>7.3</span>", "<span data-toggle='tooltip' data-placement='right' title='原始值：7.98105'>7.98</span>", "<span data-toggle='tooltip' data-placement='right' title='原始值：10.44351'>10.44</span>", "<span data-toggle='tooltip' data-placement='right' title='原始值：537.7831'>537.8</span>", "<span data-toggle='tooltip' data-placement='right' title='原始值：20.02473'>20.0</span>", "<span data-toggle='tooltip' data-placement='right' title='原始值：4.12'>4.12</span>", "<span data-toggle='tooltip' data-placement='right' title='原始值：0.19'>0.190</span>", "<span data-toggle='tooltip' data-placement='right' title='原始值：0.0637'>0.064</span>", "<span data-toggle='tooltip' data-placement='right' title='原始值：2.093'>2.09</span>", "*", "*", "正常"], ["江苏省", "长江流域", "<span data-toggle='tooltip' data-placement='right' title='所在地市:扬州市&#10;所属河流:夹江'>三江营</span>", "12-23 08:00", "Ⅱ", "<span data-toggle='tooltip' data-placement='right' title='原始值：10.18'>10.2</span>", "<span data-toggle='tooltip' data-placement='right' title='原始值：7.91'>7.91</span>", "<span data-toggle='tooltip' data-placement='right' title='原始值：9.03'>9.03</span>", "<span data-toggle='tooltip' data-placement='right' title='原始值：347.81'>347.8</span>", "<span data-toggle='tooltip' data-placement='right' title='原始值：49.51'>49.5</span>", "<span data-toggle='tooltip' data-placement='right' title='原始值：1.761'>1.76</span>", "<span data-toggle='tooltip' data-placement='right' title='原始值：0.035'>0.035</span>", "<span data-toggle='tooltip' data-placement='right' title='原始值：0.084'>0.084</span>", "<span data-toggle='tooltip' data-placement='right' title='原始值：2'>2.00</span>", "*", "*", "正常"], ["江苏省", "淮河流域", "<span data-toggle='tooltip' data-placement='right' title='所在地市:宿迁市&#10;所属河流:新濉河'>大屈</span>", "12-23 08:00", "Ⅲ", "<span data-toggle='tooltip' data-placement='right' title='原始值：7.6'>7.6</span>", "<span data-toggle='tooltip' data-placement='right' title='原始值：7.67'>7.67</span>", "<span data-toggle='tooltip' data-placement='right' title='原始值：13.87'>13.87</span>", "<span data-toggle='tooltip' data-placement='right' title='原始值：1024'>1024.0</span>", "<span data-toggle='tooltip' data-placement='right' title='原始值：44.03'>44.0</span>", "<span data-toggle='tooltip' data-placement='right' title='原始值：5.56'>5.56</span>", "<span data-toggle='tooltip' data-placement='right' title='原始值：0.09'>0.090</span>", "<span data-toggle='tooltip' data-placement='right' title='原始值：0.052'>0.052</span>", "<span data-toggle='tooltip' data-placement='right' title='原始值：3.458'>3.46</span>", "*", "*", "正常"], ["浙江省", "浙闽片河流", "<span data-toggle='tooltip' data-placement='right' title='所在地市:杭州市&#10;所属河流:新安江'>街口(鸠坑口)</span>", "12-23 08:00", "", "<span data-toggle='tooltip' data-placement='right' title='原始值：14.63'>14.6</span>", "<span data-toggle='tooltip' data-placement='right' title='原始值：7.13'>7.13</span>", "<span data-toggle='tooltip' data-placement='right' title='原始值：7.63'>7.63</span>", "<span data-toggle='tooltip' data-placement='right' title='原始值：169.39'>169.4</span>", "<span data-toggle='tooltip' data-placement='right' title='原始值：10.27'>10.3</span>", "<span data-toggle='tooltip' data-placement='right' title='原始值：0.943'>0.94</span>", "<span data-toggle='tooltip' data-placement='right' title='极值过滤'>--</span>", "<span data-toggle='tooltip' data-placement='right' title='原始值：0.018'>0.018</span>", "<span data-toggle='tooltip' data-placement='right' title='原始值：1.419'>1.42</span>", "*", "*", "维护"], ["浙江省", "太湖流域", "<span data-toggle='tooltip' data-placement='right' title='所在地市:嘉兴市&#10;所属河流:斜路港河'>斜路港</span>", "12-23 04:00", "劣Ⅴ", "<span data-toggle='tooltip' data-placement='right' title='原始值：11.5'>11.5</span>", "<span data-toggle='tooltip' data-placement='right' title='原始值：7.67'>7.67</span>", "<span data-toggle='tooltip' data-placement='right' title='原始值：4.58'>4.58</span>", "<span data-toggle='tooltip' data-placement='right' title='原始值：649'>649.0</span>", "<span data-toggle='tooltip' data-placement='right' title='原始值：24.1'>24.1</span>", "<span data-toggle='tooltip' data-placement='right' title='原始值：6.84'>6.84</span>", "<span data-toggle='tooltip' data-placement='right' title='原始值：0.001'>0.001</span>", "<span data-toggle='tooltip' data-placement='right' title='原始值：0.77874'>0.779</span>", "<span data-toggle='tooltip' data-placement='right' title='原始值：4.00244'>4.00</span>", "*", "*", "正常"], ["浙江省", "太湖流域", "<span data-toggle='tooltip' data-placement='right' title='所在地市:嘉兴市&#10;所属河流:京杭运河'>王江泾</span>", "12-23 08:00", "Ⅲ", "<span data-toggle='tooltip' data-placement='right' title='原始值：8.7'>8.7</span>", "<span data-toggle='tooltip' data-placement='right' title='原始值：7.08'>7.08</span>", "<span data-toggle='tooltip' data-placement='right' title='原始值：8.42'>8.42</span>", "<span data-toggle='tooltip' data-placement='right' title='原始值：643.41'>643.4</span>", "<span data-toggle='tooltip' data-placement='right' title='原始值：81.9'>81.9</span>", "<span data-toggle='tooltip' data-placement='right' title='原始值：5.182'>5.18</span>", "<span data-toggle='tooltip' data-placement='right' title='原始值：0.777'>0.777</span>", "<span data-toggle='tooltip' data-placement='right' title='原始值：0.06'>0.060</span>", "<span data-toggle='tooltip' data-placement='right' title='原始值：2.215'>2.22</span>", "*", "*", "正常"], ["浙江省", "太湖流域", "<span data-toggle='tooltip' data-placement='right' title='所在地市:湖州市&#10;所属河流:西苕溪'>新港口(新塘港)</span>", null, "", "--", "--", "--", "--", "--", "--", "--", "--", "--", "--", "*", "维护"], ["安徽省", "巢湖流域", "<span data-toggle='tooltip' data-placement='right' title='所在地市:合肥市&#10;所属河流:巢湖'>湖滨(老)</span>", "12-23 08:00", "Ⅳ", "<span data-toggle='tooltip' data-placement='right' title='原始值：7.8803'>7.9</span>", "<span data-toggle='tooltip' data-placement='right' title='原始值：6.85194'>6.85</span>", "<span data-toggle='tooltip' data-placement='right' title='原始值：11.61382'>11.61</span>", "<span data-toggle='tooltip' data-placement='right' title='原始值：280.5358'>280.5</span>", "<span data-toggle='tooltip' data-placement='right' title='原始值：86.9592'>87.0</span>", "<span data-toggle='tooltip' data-placement='right' title='原始值：4.5'>4.50</span>", "<span data-toggle='tooltip' data-placement='right' title='原始值：0.37'>0.370</span>", "<span data-toggle='tooltip' data-placement='right' title='原始值：0.0859'>0.086</span>", "<span data-toggle='tooltip' data-placement='right' title='原始值：2.441'>2.44</span>", "<span data-toggle='tooltip' data-placement='right' title='原始值：0.03673'>0.037</span>", "*", "正常"], ["安徽省", "巢湖流域", "<span data-toggle='tooltip' data-placement='right' title='所在地市:芜湖市&#10;所属河流:巢湖'>裕溪口(老)</span>", "12-23 08:00", "Ⅴ", "<span data-toggle='tooltip' data-placement='right' title='原始值：9.21154'>9.2</span>", "<span data-toggle='tooltip' data-placement='right' title='原始值：7.58655'>7.59</span>", "<span data-toggle='tooltip' data-placement='right' title='原始值：9.99472'>9.99</span>", "<span data-toggle='tooltip' data-placement='right' title='原始值：257.7467'>257.7</span>", "<span data-toggle='tooltip' data-placement='right' title='原始值：212.5818'>212.6</span>", "<span data-toggle='tooltip' data-placement='right' title='原始值：2'>2.00</span>", "<span data-toggle='tooltip' data-placement='right' title='原始值：0.08'>0.080</span>", "<span data-toggle='tooltip' data-placement='right' title='原始值：0.1206'>0.121</span>", "<span data-toggle='tooltip' data-placement='right' title='原始值：3.581'>3.58</span>", "<span data-toggle='tooltip' data-placement='right' title='原始值：0.01904'>0.019</span>", "*", "正常"], ["安徽省", "淮河流域", "<span data-toggle='tooltip' data-placement='right' title='所在地市:蚌埠市&#10;所属河流:淮河'>蚌埠闸上(蚌埠闸)</span>", "12-23 08:00", "", "<span data-toggle='tooltip' data-placement='right' title='原始值：9.58'>9.6</span>", "<span data-toggle='tooltip' data-placement='right' title='原始值：8.09'>8.09</span>", "<span data-toggle='tooltip' data-placement='right' title='原始值：11.85'>11.85</span>", "<span data-toggle='tooltip' data-placement='right' title='原始值：548.82'>548.8</span>", "<span data-toggle='tooltip' data-placement='right' title='原始值：40.03'>40.0</span>", "<span data-toggle='tooltip' data-placement='right' title='原始值：4.569'>4.57</span>", "<span data-toggle='tooltip' data-placement='right' title='原始值：0.152'>0.152</span>", "<span data-toggle='tooltip' data-placement='right' title='极值过滤'>--</span>", "<span data-toggle='tooltip' data-placement='right' title='原始值：2.099'>2.10</span>", "*", "*", "维护"], ["安徽省", "淮河流域", "<span data-toggle='tooltip' data-placement='right' title='所在地市:淮南市&#10;所属河流:淮河'>石头埠(老)</span>", "12-23 08:00", "Ⅱ", "<span data-toggle='tooltip' data-placement='right' title='原始值：7.65638'>7.7</span>", "<span data-toggle='tooltip' data-placement='right' title='原始值：7.445'>7.44</span>", "<span data-toggle='tooltip' data-placement='right' title='原始值：6.07229'>6.07</span>", "<span data-toggle='tooltip' data-placement='right' title='原始值：204.6587'>204.7</span>", "<span data-toggle='tooltip' data-placement='right' title='原始值：29.46601'>29.5</span>", "<span data-toggle='tooltip' data-placement='right' title='原始值：3.18'>3.18</span>", "<span data-toggle='tooltip' data-placement='right' title='原始值：0.32'>0.320</span>", "*", "*", "*", "*", "正常"], ["安徽省", "淮河流域", "<span data-toggle='tooltip' data-placement='right' title='所在地市:淮北市&#10;所属河流:沱河'>小王桥</span>", "12-23 08:00", "Ⅳ", "<span data-toggle='tooltip' data-placement='right' title='原始值：5.08'>5.1</span>", "<span data-toggle='tooltip' data-placement='right' title='原始值：8.3'>8.30</span>", "<span data-toggle='tooltip' data-placement='right' title='原始值：11.12'>11.12</span>", "<span data-toggle='tooltip' data-placement='right' title='原始值：1857.83'>1857.8</span>", "<span data-toggle='tooltip' data-placement='right' title='原始值：28.11'>28.1</span>", "<span data-toggle='tooltip' data-placement='right' title='原始值：6.23'>6.23</span>", "<span data-toggle='tooltip' data-placement='right' title='原始值：0.053'>0.053</span>", "<span data-toggle='tooltip' data-placement='right' title='原始值：0.1'>0.100</span>", "<span data-toggle='tooltip' data-placement='right' title='原始值：1.413'>1.41</span>", "*", "*", "正常"], ["安徽省", "长江流域", "<span data-toggle='tooltip' data-placement='right' title='所在地市:安庆市&#10;所属河流:长江'>皖河口</span>", "12-23 08:00", "Ⅱ", "<span data-toggle='tooltip' data-placement='right' title='原始值：11.38'>11.4</span>", "<span data-toggle='tooltip' data-placement='right' title='原始值：7.518'>7.52</span>", "<span data-toggle='tooltip' data-placement='right' title='原始值：8.89'>8.89</span>", "<span data-toggle='tooltip' data-placement='right' title='原始值：312.87'>312.9</span>", "<span data-toggle='tooltip' data-placement='right' title='原始值：29.26'>29.3</span>", "<span data-toggle='tooltip' data-placement='right' title='原始值：1.416'>1.42</span>", "<span data-toggle='tooltip' data-placement='right' title='原始值：0.079'>0.079</span>", "<span data-toggle='tooltip' data-placement='right' title='原始值：0.0689'>0.069</span>", "<span data-toggle='tooltip' data-placement='right' title='原始值：2.455'>2.46</span>", "*", "*", "正常"], ["安徽省", "淮河流域", "<span data-toggle='tooltip' data-placement='right' title='所在地市:滁州市&#10;所属河流:淮河'>小柳巷</span>", "12-23 08:00", "Ⅲ", "<span data-toggle='tooltip' data-placement='right' title='原始值：8.7'>8.7</span>", "<span data-toggle='tooltip' data-placement='right' title='原始值：7.25'>7.25</span>", "<span data-toggle='tooltip' data-placement='right' title='原始值：10.03'>10.03</span>", "<span data-toggle='tooltip' data-placement='right' title='原始值：501.4'>501.4</span>", "<span data-toggle='tooltip' data-placement='right' title='原始值：100.13'>100.1</span>", "<span data-toggle='tooltip' data-placement='right' title='原始值：1.71'>1.71</span>", "<span data-toggle='tooltip' data-placement='right' title='原始值：0.056'>0.056</span>", "<span data-toggle='tooltip' data-placement='right' title='原始值：0.128'>0.128</span>", "<span data-toggle='tooltip' data-placement='right' title='原始值：1.888'>1.89</span>", "*", "*", "正常"], ["安徽省", "淮河流域", "<span data-toggle='tooltip' data-placement='right' title='所在地市:阜阳市&#10;所属河流:黑茨河'>张大桥</span>", null, "", "--", "--", "--", "--", "--", "--", "--", "--", "--", "*", "*", "停站"], ["安徽省", "淮河流域", "<span data-toggle='tooltip' data-placement='right' title='所在地市:阜阳市&#10;所属河流:淮河'>王家坝</span>", "12-23 08:00", "劣Ⅴ", "<span data-toggle='tooltip' data-placement='right' title='原始值：5.69001'>5.7</span>", "<span data-toggle='tooltip' data-placement='right' title='原始值：7.48045'>7.48</span>", "<span data-toggle='tooltip' data-placement='right' title='原始值：0.00628'>0.01</span>", "<span data-toggle='tooltip' data-placement='right' title='原始值：355.1703'>355.2</span>", "<span data-toggle='tooltip' data-placement='right' title='原始值：8.40048'>8.4</span>", "<span data-toggle='tooltip' data-placement='right' title='原始值：4.09'>4.09</span>", "<span data-toggle='tooltip' data-placement='right' title='原始值：0.554'>0.554</span>", "<span data-toggle='tooltip' data-placement='right' title='原始值：0.07642'>0.076</span>", "<span data-toggle='tooltip' data-placement='right' title='原始值：2.29734'>2.30</span>", "*", "*", "正常"], ["安徽省", "淮河流域", "<span data-toggle='tooltip' data-placement='right' title='所在地市:阜阳市&#10;所属河流:颍河'>界首七渡口(七渡口)</span>", "12-23 08:00", "Ⅲ", "<span data-toggle='tooltip' data-placement='right' title='原始值：7.78559'>7.8</span>", "<span data-toggle='tooltip' data-placement='right' title='原始值：7.71721'>7.72</span>", "<span data-toggle='tooltip' data-placement='right' title='原始值：9.84455'>9.84</span>", "<span data-toggle='tooltip' data-placement='right' title='原始值：915.0781'>915.1</span>", "<span data-toggle='tooltip' data-placement='right' title='原始值：7.20876'>7.2</span>", "<span data-toggle='tooltip' data-placement='right' title='原始值：3.83'>3.83</span>", "<span data-toggle='tooltip' data-placement='right' title='原始值：0.63'>0.630</span>", "<span data-toggle='tooltip' data-placement='right' title='原始值：0.10007'>0.100</span>", "<span data-toggle='tooltip' data-placement='right' title='原始值：5.76542'>5.77</span>", "*", "*", "正常"], ["安徽省", "淮河流域", "<span data-toggle='tooltip' data-placement='right' title='所在地市:阜阳市&#10;所属河流:泉河'>许庄(徐庄)</span>", "12-23 08:00", "Ⅲ", "<span data-toggle='tooltip' data-placement='right' title='原始值：4.3'>4.3</span>", "<span data-toggle='tooltip' data-placement='right' title='原始值：7.95'>7.95</span>", "<span data-toggle='tooltip' data-placement='right' title='原始值：13.29'>13.29</span>", "<span data-toggle='tooltip' data-placement='right' title='原始值：1058.7'>1058.7</span>", "<span data-toggle='tooltip' data-placement='right' title='原始值：390.91'>390.9</span>", "<span data-toggle='tooltip' data-placement='right' title='原始值：4.3'>4.30</span>", "<span data-toggle='tooltip' data-placement='right' title='原始值：0.11'>0.110</span>", "<span data-toggle='tooltip' data-placement='right' title='原始值：0.038'>0.038</span>", "<span data-toggle='tooltip' data-placement='right' title='原始值：2.962'>2.96</span>", "*", "*", "正常"], ["安徽省", "淮河流域", "<span data-toggle='tooltip' data-placement='right' title='所在地市:宿州市&#10;所属河流:奎河'>杨庄</span>", "12-23 08:00", "Ⅲ", "<span data-toggle='tooltip' data-placement='right' title='原始值：7.58'>7.6</span>", "<span data-toggle='tooltip' data-placement='right' title='原始值：7.9'>7.90</span>", "<span data-toggle='tooltip' data-placement='right' title='原始值：10.51'>10.51</span>", "<span data-toggle='tooltip' data-placement='right' title='原始值：991.4'>991.4</span>", "<span data-toggle='tooltip' data-placement='right' title='原始值：27.44'>27.4</span>", "<span data-toggle='tooltip' data-placement='right' title='原始值：1.27'>1.27</span>", "<span data-toggle='tooltip' data-placement='right' title='原始值：0.708'>0.708</span>", "*", "*", "*", "*", "正常"], ["安徽省", "淮河流域", "<span data-toggle='tooltip' data-placement='right' title='所在地市:宿州市&#10;所属河流:新汴河'>泗县公路桥</span>", "12-23 08:00", "Ⅲ", "<span data-toggle='tooltip' data-placement='right' title='原始值：5.82'>5.8</span>", "<span data-toggle='tooltip' data-placement='right' title='原始值：8.21'>8.21</span>", "<span data-toggle='tooltip' data-placement='right' title='原始值：11.65'>11.65</span>", "<span data-toggle='tooltip' data-placement='right' title='原始值：965.2'>965.2</span>", "<span data-toggle='tooltip' data-placement='right' title='原始值：15.99'>16.0</span>", "<span data-toggle='tooltip' data-placement='right' title='原始值：5.04'>5.04</span>", "<span data-toggle='tooltip' data-placement='right' title='原始值：0.052'>0.052</span>", "*", "*", "*", "*", "正常"], ["安徽省", "淮河流域", "<span data-toggle='tooltip' data-placement='right' title='所在地市:亳州市&#10;所属河流:包河'>颜集</span>", "12-23 08:00", "Ⅱ", "<span data-toggle='tooltip' data-placement='right' title='原始值：4.6'>4.6</span>", "<span data-toggle='tooltip' data-placement='right' title='原始值：7.97'>7.97</span>", "<span data-toggle='tooltip' data-placement='right' title='原始值：12.15'>12.15</span>", "<span data-toggle='tooltip' data-placement='right' title='原始值：1445.9'>1445.9</span>", "<span data-toggle='tooltip' data-placement='right' title='原始值：145.61'>145.6</span>", "<span data-toggle='tooltip' data-placement='right' title='原始值：2.53'>2.53</span>", "<span data-toggle='tooltip' data-placement='right' title='原始值：0.36'>0.360</span>", "<span data-toggle='tooltip' data-placement='right' title='原始值：0.099'>0.099</span>", "<span data-toggle='tooltip' data-placement='right' title='原始值：5.695'>5.70</span>", "*", "*", "正常"], ["福建省", "浙闽片河流", "<span data-toggle='tooltip' data-placement='right' title='所在地市:福州市&#10;所属河流:闽江'>白岩潭</span>", "12-23 08:00", "Ⅱ", "<span data-toggle='tooltip' data-placement='right' title='原始值：16.7'>16.7</span>", "<span data-toggle='tooltip' data-placement='right' title='原始值：6.97'>6.97</span>", "<span data-toggle='tooltip' data-placement='right' title='原始值：7.11'>7.11</span>", "<span data-toggle='tooltip' data-placement='right' title='原始值：3947.5'>3947.5</span>", "<span data-toggle='tooltip' data-placement='right' title='原始值：274.74'>274.7</span>", "<span data-toggle='tooltip' data-placement='right' title='原始值：3.24'>3.24</span>", "<span data-toggle='tooltip' data-placement='right' title='原始值：0.206'>0.206</span>", "*", "*", "*", "*", "正常"], ["江西省", "长江流域", "<span data-toggle='tooltip' data-placement='right' title='所在地市:南昌市&#10;所属河流:赣江南支'>滁槎</span>", "12-23 08:00", "Ⅱ", "<span data-toggle='tooltip' data-placement='right' title='原始值：9.06435'>9.1</span>", "<span data-toggle='tooltip' data-placement='right' title='原始值：8.10632'>8.11</span>", "<span data-toggle='tooltip' data-placement='right' title='原始值：9.67725'>9.68</span>", "<span data-toggle='tooltip' data-placement='right' title='原始值：185.2187'>185.2</span>", "<span data-toggle='tooltip' data-placement='right' title='原始值：64.93422'>64.9</span>", "<span data-toggle='tooltip' data-placement='right' title='原始值：1.1'>1.10</span>", "<span data-toggle='tooltip' data-placement='right' title='原始值：0.28'>0.280</span>", "<span data-toggle='tooltip' data-placement='right' title='原始值：0.0685'>0.068</span>", "<span data-toggle='tooltip' data-placement='right' title='原始值：0.52'>0.52</span>", "*", "*", "正常"], ["江西省", "长江流域", "<span data-toggle='tooltip' data-placement='right' title='所在地市:九江市&#10;所属河流:长江'>姚港(河西水厂)</span>", "12-23 08:00", "Ⅱ", "<span data-toggle='tooltip' data-placement='right' title='原始值：11.31'>11.3</span>", "<span data-toggle='tooltip' data-placement='right' title='原始值：7.55'>7.55</span>", "<span data-toggle='tooltip' data-placement='right' title='原始值：10.99'>10.99</span>", "<span data-toggle='tooltip' data-placement='right' title='原始值：365.11'>365.1</span>", "<span data-toggle='tooltip' data-placement='right' title='原始值：34.99'>35.0</span>", "<span data-toggle='tooltip' data-placement='right' title='原始值：1.711'>1.71</span>", "<span data-toggle='tooltip' data-placement='right' title='原始值：0.091'>0.091</span>", "<span data-toggle='tooltip' data-placement='right' title='原始值：0.093'>0.093</span>", "<span data-toggle='tooltip' data-placement='right' title='原始值：2.13'>2.13</span>", "*", "*", "正常"], ["江西省", "长江流域", "<span data-toggle='tooltip' data-placement='right' title='所在地市:九江市&#10;所属河流:鄱阳湖'>蛤蟆石</span>", "12-23 08:00", "Ⅲ", "<span data-toggle='tooltip' data-placement='right' title='原始值：8.1'>8.1</span>", "<span data-toggle='tooltip' data-placement='right' title='原始值：7.35'>7.35</span>", "<span data-toggle='tooltip' data-placement='right' title='原始值：11.41'>11.41</span>", "<span data-toggle='tooltip' data-placement='right' title='原始值：210.92'>210.9</span>", "<span data-toggle='tooltip' data-placement='right' title='原始值：38.67'>38.7</span>", "<span data-toggle='tooltip' data-placement='right' title='原始值：1.573'>1.57</span>", "<span data-toggle='tooltip' data-placement='right' title='原始值：0.22'>0.220</span>", "<span data-toggle='tooltip' data-placement='right' title='原始值：0.0494'>0.049</span>", "<span data-toggle='tooltip' data-placement='right' title='原始值：1.596'>1.60</span>", "<span data-toggle='tooltip' data-placement='right' title='原始值：0.00159'>0.002</span>", "<span data-toggle='tooltip' data-placement='right' title='原始值：1053364'>1053364</span>", "正常"], ["山东省", "黄河流域", "<span data-toggle='tooltip' data-placement='right' title='所在地市:济南市&#10;所属河流:黄河'>泺口</span>", "12-23 08:00", "Ⅱ", "<span data-toggle='tooltip' data-placement='right' title='原始值：4.24463'>4.2</span>", "<span data-toggle='tooltip' data-placement='right' title='原始值：8.39086'>8.39</span>", "<span data-toggle='tooltip' data-placement='right' title='原始值：13.7225'>13.72</span>", "<span data-toggle='tooltip' data-placement='right' title='原始值：850.022'>850.0</span>", "<span data-toggle='tooltip' data-placement='right' title='原始值：410.933'>410.9</span>", "<span data-toggle='tooltip' data-placement='right' title='原始值：3.25'>3.25</span>", "<span data-toggle='tooltip' data-placement='right' title='原始值：0.08835'>0.088</span>", "<span data-toggle='tooltip' data-placement='right' title='原始值：0.00755'>0.008</span>", "<span data-toggle='tooltip' data-placement='right' title='原始值：3.805'>3.80</span>", "*", "*", "正常"], ["山东省", "淮河流域", "<span data-toggle='tooltip' data-placement='right' title='所在地市:枣庄市&#10;所属河流:京杭大运河（韩庄运河）'>台儿庄大桥</span>", "12-23 08:00", "Ⅱ", "<span data-toggle='tooltip' data-placement='right' title='原始值：6.20252'>6.2</span>", "<span data-toggle='tooltip' data-placement='right' title='原始值：8.17347'>8.17</span>", "<span data-toggle='tooltip' data-placement='right' title='原始值：12.21814'>12.22</span>", "<span data-toggle='tooltip' data-placement='right' title='原始值：976.1943'>976.2</span>", "<span data-toggle='tooltip' data-placement='right' title='原始值：24.55724'>24.6</span>", "<span data-toggle='tooltip' data-placement='right' title='原始值：2.72058'>2.72</span>", "<span data-toggle='tooltip' data-placement='right' title='原始值：0.09128'>0.091</span>", "<span data-toggle='tooltip' data-placement='right' title='原始值：0.04663'>0.047</span>", "<span data-toggle='tooltip' data-placement='right' title='原始值：3.10526'>3.11</span>", "*", "*", "正常"], ["山东省", "淮河流域", "<span data-toggle='tooltip' data-placement='right' title='所在地市:临沂市&#10;所属河流:沭河'>清泉寺</span>", "12-23 08:00", "Ⅲ", "<span data-toggle='tooltip' data-placement='right' title='原始值：6.8073'>6.8</span>", "<span data-toggle='tooltip' data-placement='right' title='原始值：8.7668'>8.77</span>", "<span data-toggle='tooltip' data-placement='right' title='原始值：13.35844'>13.36</span>", "<span data-toggle='tooltip' data-placement='right' title='原始值：1048.371'>1048.4</span>", "<span data-toggle='tooltip' data-placement='right' title='原始值：4.77755'>4.8</span>", "<span data-toggle='tooltip' data-placement='right' title='原始值：5.06'>5.06</span>", "<span data-toggle='tooltip' data-placement='right' title='原始值：0.1'>0.100</span>", "*", "*", "*", "*", "正常"], ["山东省", "淮河流域", "<span data-toggle='tooltip' data-placement='right' title='所在地市:临沂市&#10;所属河流:沂河'>重坊桥</span>", "12-23 08:00", "Ⅱ", "<span data-toggle='tooltip' data-placement='right' title='原始值：4.72524'>4.7</span>", "<span data-toggle='tooltip' data-placement='right' title='原始值：8.17878'>8.18</span>", "<span data-toggle='tooltip' data-placement='right' title='原始值：16.77692'>16.78</span>", "<span data-toggle='tooltip' data-placement='right' title='原始值：669.028'>669.0</span>", "<span data-toggle='tooltip' data-placement='right' title='原始值：4.28318'>4.3</span>", "<span data-toggle='tooltip' data-placement='right' title='原始值：3.01'>3.01</span>", "<span data-toggle='tooltip' data-placement='right' title='原始值：0.17265'>0.173</span>", "*", "*", "*", "*", "正常"], ["山东省", "淮河流域", "<span data-toggle='tooltip' data-placement='right' title='所在地市:临沂市&#10;所属河流:白马河'>捷庄(涝沟桥)</span>", "12-23 08:00", "Ⅲ", "<span data-toggle='tooltip' data-placement='right' title='原始值：4.625'>4.6</span>", "<span data-toggle='tooltip' data-placement='right' title='原始值：8.15008'>8.15</span>", "<span data-toggle='tooltip' data-placement='right' title='原始值：15.17702'>15.18</span>", "<span data-toggle='tooltip' data-placement='right' title='原始值：838.2504'>838.3</span>", "<span data-toggle='tooltip' data-placement='right' title='原始值：6.80078'>6.8</span>", "<span data-toggle='tooltip' data-placement='right' title='原始值：4.77'>4.77</span>", "<span data-toggle='tooltip' data-placement='right' title='原始值：0.05508'>0.055</span>", "<span data-toggle='tooltip' data-placement='right' title='原始值：0.07394'>0.074</span>", "<span data-toggle='tooltip' data-placement='right' title='原始值：5.26938'>5.27</span>", "*", "*", "正常"], ["山东省", "海河流域", "<span data-toggle='tooltip' data-placement='right' title='所在地市:聊城市&#10;所属河流:卫运河'>秤勾湾(秤钩湾)</span>", null, "", "--", "--", "--", "--", "--", "--", "--", "--", "--", "*", "*", "停站"], ["河南省", "长江流域", "<span data-toggle='tooltip' data-placement='right' title='所在地市:南阳市&#10;所属河流:丹江口水库'>陶岔</span>", "12-23 08:00", "Ⅰ", "<span data-toggle='tooltip' data-placement='right' title='原始值：16.78'>16.8</span>", "<span data-toggle='tooltip' data-placement='right' title='原始值：7.85238'>7.85</span>", "<span data-toggle='tooltip' data-placement='right' title='原始值：8.66576'>8.67</span>", "<span data-toggle='tooltip' data-placement='right' title='原始值：277.9215'>277.9</span>", "<span data-toggle='tooltip' data-placement='right' title='原始值：1.21941'>1.2</span>", "<span data-toggle='tooltip' data-placement='right' title='原始值：1.14'>1.14</span>", "<span data-toggle='tooltip' data-placement='right' title='原始值：0.0183'>0.018</span>", "<span data-toggle='tooltip' data-placement='right' title='原始值：0.00759'>0.008</span>", "<span data-toggle='tooltip' data-placement='right' title='原始值：1.16481'>1.16</span>", "<span data-toggle='tooltip' data-placement='right' title='原始值：0.00445'>0.004</span>", "<span data-toggle='tooltip' data-placement='right' title='原始值：216325.5'>216326</span>", "正常"], ["河南省", "淮河流域", "<span data-toggle='tooltip' data-placement='right' title='所在地市:商丘市&#10;所属河流:浍河'>黄口</span>", "12-23 08:00", "Ⅲ", "<span data-toggle='tooltip' data-placement='right' title='原始值：6.30625'>6.3</span>", "<span data-toggle='tooltip' data-placement='right' title='原始值：7.27063'>7.27</span>", "<span data-toggle='tooltip' data-placement='right' title='原始值：13.69555'>13.70</span>", "<span data-toggle='tooltip' data-placement='right' title='原始值：1494.938'>1494.9</span>", "<span data-toggle='tooltip' data-placement='right' title='原始值：30.77372'>30.8</span>", "<span data-toggle='tooltip' data-placement='right' title='原始值：4.31'>4.31</span>", "<span data-toggle='tooltip' data-placement='right' title='原始值：0.04785'>0.048</span>", "<span data-toggle='tooltip' data-placement='right' title='原始值：0.0478'>0.048</span>", "<span data-toggle='tooltip' data-placement='right' title='原始值：13.69824'>13.70</span>", "*", "*", "正常"], ["河南省", "淮河流域", "<span data-toggle='tooltip' data-placement='right' title='所在地市:信阳市&#10;所属河流:史灌河'>蒋集</span>", "12-23 08:00", "Ⅱ", "<span data-toggle='tooltip' data-placement='right' title='原始值：5.025'>5.0</span>", "<span data-toggle='tooltip' data-placement='right' title='原始值：7.22794'>7.23</span>", "<span data-toggle='tooltip' data-placement='right' title='原始值：8.72953'>8.73</span>", "<span data-toggle='tooltip' data-placement='right' title='原始值：276.0313'>276.0</span>", "<span data-toggle='tooltip' data-placement='right' title='原始值：164.307'>164.3</span>", "<span data-toggle='tooltip' data-placement='right' title='原始值：3.67'>3.67</span>", "<span data-toggle='tooltip' data-placement='right' title='原始值：0.47169'>0.472</span>", "*", "*", "*", "*", "正常"], ["河南省", "淮河流域", "<span data-toggle='tooltip' data-placement='right' title='所在地市:信阳市&#10;所属河流:淮河'>淮滨水文站(淮滨)</span>", "12-23 08:00", "Ⅱ", "<span data-toggle='tooltip' data-placement='right' title='原始值：7.4'>7.4</span>", "<span data-toggle='tooltip' data-placement='right' title='原始值：7.35'>7.35</span>", "<span data-toggle='tooltip' data-placement='right' title='原始值：11.23937'>11.24</span>", "<span data-toggle='tooltip' data-placement='right' title='原始值：313.001'>313.0</span>", "<span data-toggle='tooltip' data-placement='right' title='原始值：73.83195'>73.8</span>", "<span data-toggle='tooltip' data-placement='right' title='原始值：3.04364'>3.04</span>", "<span data-toggle='tooltip' data-placement='right' title='原始值：0.002'>0.002</span>", "<span data-toggle='tooltip' data-placement='right' title='原始值：0.07688'>0.077</span>", "<span data-toggle='tooltip' data-placement='right' title='原始值：1.82296'>1.82</span>", "*", "*", "正常"], ["河南省", "淮河流域", "<span data-toggle='tooltip' data-placement='right' title='所在地市:周口市&#10;所属河流:沙河'>沈丘闸</span>", "12-23 08:00", "Ⅲ", "<span data-toggle='tooltip' data-placement='right' title='原始值：8.3118'>8.3</span>", "<span data-toggle='tooltip' data-placement='right' title='原始值：7.70094'>7.70</span>", "<span data-toggle='tooltip' data-placement='right' title='原始值：8.05269'>8.05</span>", "<span data-toggle='tooltip' data-placement='right' title='原始值：1053.964'>1054.0</span>", "<span data-toggle='tooltip' data-placement='right' title='原始值：6.41999'>6.4</span>", "<span data-toggle='tooltip' data-placement='right' title='原始值：4.955'>4.96</span>", "<span data-toggle='tooltip' data-placement='right' title='原始值：0.95'>0.950</span>", "*", "*", "*", "*", "正常"], ["河南省", "淮河流域", "<span data-toggle='tooltip' data-placement='right' title='所在地市:周口市&#10;所属河流:涡河'>鹿邑付桥(鹿邑付桥闸)</span>", "12-23 08:00", "Ⅲ", "<span data-toggle='tooltip' data-placement='right' title='原始值：8.55286'>8.6</span>", "<span data-toggle='tooltip' data-placement='right' title='原始值：8.42834'>8.43</span>", "<span data-toggle='tooltip' data-placement='right' title='原始值：8.52372'>8.52</span>", "<span data-toggle='tooltip' data-placement='right' title='原始值：1531.561'>1531.6</span>", "<span data-toggle='tooltip' data-placement='right' title='原始值：5.52668'>5.5</span>", "<span data-toggle='tooltip' data-placement='right' title='原始值：4.865'>4.86</span>", "<span data-toggle='tooltip' data-placement='right' title='原始值：0.44'>0.440</span>", "<span data-toggle='tooltip' data-placement='right' title='原始值：0.0517'>0.052</span>", "<span data-toggle='tooltip' data-placement='right' title='原始值：1.28068'>1.28</span>", "*", "*", "正常"], ["河南省", "淮河流域", "<span data-toggle='tooltip' data-placement='right' title='所在地市:驻马店市&#10;所属河流:洪河'>新蔡班台(班台)</span>", "12-23 08:00", "Ⅲ", "<span data-toggle='tooltip' data-placement='right' title='原始值：8.07573'>8.1</span>", "<span data-toggle='tooltip' data-placement='right' title='原始值：7.84863'>7.85</span>", "<span data-toggle='tooltip' data-placement='right' title='原始值：12.52306'>12.52</span>", "<span data-toggle='tooltip' data-placement='right' title='原始值：544.8786'>544.9</span>", "<span data-toggle='tooltip' data-placement='right' title='原始值：17.03689'>17.0</span>", "<span data-toggle='tooltip' data-placement='right' title='原始值：4.295'>4.30</span>", "<span data-toggle='tooltip' data-placement='right' title='原始值：0.44'>0.440</span>", "<span data-toggle='tooltip' data-placement='right' title='原始值：0.09099'>0.091</span>", "<span data-toggle='tooltip' data-placement='right' title='原始值：4.82033'>4.82</span>", "*", "*", "正常"], ["河南省", "黄河流域", "<span data-toggle='tooltip' data-placement='right' title='所在地市:济源市&#10;所属河流:黄河'>小浪底水库(小浪底)</span>", "12-23 08:00", "Ⅱ", "<span data-toggle='tooltip' data-placement='right' title='原始值：8.79597'>8.8</span>", "<span data-toggle='tooltip' data-placement='right' title='原始值：8.30434'>8.30</span>", "<span data-toggle='tooltip' data-placement='right' title='原始值：12.08796'>12.09</span>", "<span data-toggle='tooltip' data-placement='right' title='原始值：729.5353'>729.5</span>", "<span data-toggle='tooltip' data-placement='right' title='原始值：7.0606'>7.1</span>", "<span data-toggle='tooltip' data-placement='right' title='原始值：1.72'>1.72</span>", "<span data-toggle='tooltip' data-placement='right' title='原始值：0.12'>0.120</span>", "<span data-toggle='tooltip' data-placement='right' title='原始值：0.0275'>0.028</span>", "<span data-toggle='tooltip' data-placement='right' title='原始值：3.235'>3.24</span>", "*", "*", "正常"], ["湖北省", "长江流域", "<span data-toggle='tooltip' data-placement='right' title='所在地市:武汉市&#10;所属河流:汉江'>宗关</span>", "12-23 08:00", "Ⅱ", "<span data-toggle='tooltip' data-placement='right' title='原始值：9.55'>9.6</span>", "<span data-toggle='tooltip' data-placement='right' title='原始值：7.912908'>7.91</span>", "<span data-toggle='tooltip' data-placement='right' title='原始值：11.27301'>11.27</span>", "<span data-toggle='tooltip' data-placement='right' title='原始值：381.0641'>381.1</span>", "<span data-toggle='tooltip' data-placement='right' title='原始值：15.60104'>15.6</span>", "<span data-toggle='tooltip' data-placement='right' title='原始值：3.69'>3.69</span>", "<span data-toggle='tooltip' data-placement='right' title='原始值：0.056'>0.056</span>", "<span data-toggle='tooltip' data-placement='right' title='原始值：0.088'>0.088</span>", "<span data-toggle='tooltip' data-placement='right' title='原始值：3.152133'>3.15</span>", "<span data-toggle='tooltip' data-placement='right' title='原始值：0.0026875'>0.003</span>", "*", "正常"], ["湖北省", "长江流域", "<span data-toggle='tooltip' data-placement='right' title='所在地市:十堰市&#10;所属河流:丹江口水库'>坝上中(胡家岭)</span>", "12-23 08:00", "Ⅱ", "<span data-toggle='tooltip' data-placement='right' title='原始值：14.15'>14.2</span>", "<span data-toggle='tooltip' data-placement='right' title='原始值：7.76424'>7.76</span>", "<span data-toggle='tooltip' data-placement='right' title='原始值：8.269258'>8.27</span>", "<span data-toggle='tooltip' data-placement='right' title='原始值：263.464'>263.5</span>", "<span data-toggle='tooltip' data-placement='right' title='原始值：3.492935'>3.5</span>", "<span data-toggle='tooltip' data-placement='right' title='原始值：2.04'>2.04</span>", "<span data-toggle='tooltip' data-placement='right' title='原始值：0.094'>0.094</span>", "<span data-toggle='tooltip' data-placement='right' title='原始值：0.015'>0.015</span>", "<span data-toggle='tooltip' data-placement='right' title='原始值：1.169'>1.17</span>", "<span data-toggle='tooltip' data-placement='right' title='原始值：0.007143'>0.007</span>", "<span data-toggle='tooltip' data-placement='right' title='原始值：7868000'>7868000</span>", "正常"], ["湖北省", "长江流域", "<span data-toggle='tooltip' data-placement='right' title='所在地市:宜昌市&#10;所属河流:长江'>南津关</span>", "12-23 08:00", "Ⅱ", "<span data-toggle='tooltip' data-placement='right' title='原始值：16.75'>16.8</span>", "<span data-toggle='tooltip' data-placement='right' title='原始值：7.992744'>7.99</span>", "<span data-toggle='tooltip' data-placement='right' title='原始值：8.550909'>8.55</span>", "<span data-toggle='tooltip' data-placement='right' title='原始值：398.711'>398.7</span>", "<span data-toggle='tooltip' data-placement='right' title='原始值：4.348331'>4.3</span>", "<span data-toggle='tooltip' data-placement='right' title='原始值：1.43'>1.43</span>", "<span data-toggle='tooltip' data-placement='right' title='原始值：0.116'>0.116</span>", "<span data-toggle='tooltip' data-placement='right' title='原始值：0.044'>0.044</span>", "<span data-toggle='tooltip' data-placement='right' title='原始值：1.433'>1.43</span>", "<span data-toggle='tooltip' data-placement='right' title='原始值：0.0037988'>0.004</span>", "*", "正常"], ["湖南省", "长江流域", "<span data-toggle='tooltip' data-placement='right' title='所在地市:长沙市&#10;所属河流:湘江'>新港</span>", "12-23 08:00", "Ⅱ", "<span data-toggle='tooltip' data-placement='right' title='原始值：11.25'>11.2</span>", "<span data-toggle='tooltip' data-placement='right' title='原始值：7.68'>7.68</span>", "<span data-toggle='tooltip' data-placement='right' title='原始值：9.54'>9.54</span>", "<span data-toggle='tooltip' data-placement='right' title='原始值：282.87'>282.9</span>", "<span data-toggle='tooltip' data-placement='right' title='原始值：30.32'>30.3</span>", "<span data-toggle='tooltip' data-placement='right' title='原始值：1.91'>1.91</span>", "<span data-toggle='tooltip' data-placement='right' title='原始值：0.17'>0.170</span>", "<span data-toggle='tooltip' data-placement='right' title='原始值：0.047'>0.047</span>", "<span data-toggle='tooltip' data-placement='right' title='原始值：1.97'>1.97</span>", "*", "*", "正常"], ["湖南省", "长江流域", "<span data-toggle='tooltip' data-placement='right' title='所在地市:岳阳市&#10;所属河流:洞庭湖'>岳阳楼</span>", "12-23 08:00", "Ⅳ", "<span data-toggle='tooltip' data-placement='right' title='原始值：9.25'>9.2</span>", "<span data-toggle='tooltip' data-placement='right' title='原始值：8.019689'>8.02</span>", "<span data-toggle='tooltip' data-placement='right' title='原始值：10.67722'>10.68</span>", "<span data-toggle='tooltip' data-placement='right' title='原始值：271.8586'>271.9</span>", "<span data-toggle='tooltip' data-placement='right' title='原始值：39.47899'>39.5</span>", "<span data-toggle='tooltip' data-placement='right' title='原始值：1.77'>1.77</span>", "<span data-toggle='tooltip' data-placement='right' title='原始值：0.01'>0.010</span>", "<span data-toggle='tooltip' data-placement='right' title='原始值：0.097'>0.097</span>", "<span data-toggle='tooltip' data-placement='right' title='原始值：2.652'>2.65</span>", "<span data-toggle='tooltip' data-placement='right' title='原始值：0.0031875'>0.003</span>", "<span data-toggle='tooltip' data-placement='right' title='原始值：315.962'>316</span>", "正常"], ["湖南省", "长江流域", "<span data-toggle='tooltip' data-placement='right' title='所在地市:岳阳市&#10;所属河流:长江'>城陵矶</span>", "12-23 08:00", "Ⅲ", "<span data-toggle='tooltip' data-placement='right' title='原始值：11.13'>11.1</span>", "<span data-toggle='tooltip' data-placement='right' title='原始值：7.782105'>7.78</span>", "<span data-toggle='tooltip' data-placement='right' title='原始值：10.83444'>10.83</span>", "<span data-toggle='tooltip' data-placement='right' title='原始值：318.09'>318.1</span>", "<span data-toggle='tooltip' data-placement='right' title='原始值：42.68075'>42.7</span>", "<span data-toggle='tooltip' data-placement='right' title='原始值：2.32'>2.32</span>", "<span data-toggle='tooltip' data-placement='right' title='原始值：0.015'>0.015</span>", "<span data-toggle='tooltip' data-placement='right' title='原始值：0.13'>0.130</span>", "<span data-toggle='tooltip' data-placement='right' title='原始值：1.8676'>1.87</span>", "*", "*", "正常"], ["广东省", "珠江流域", "<span data-toggle='tooltip' data-placement='right' title='所在地市:清远市&#10;所属河流:北江'>七星岗</span>", "12-23 08:00", "Ⅱ", "<span data-toggle='tooltip' data-placement='right' title='原始值：16.7666'>16.8</span>", "<span data-toggle='tooltip' data-placement='right' title='原始值：7.71725'>7.72</span>", "<span data-toggle='tooltip' data-placement='right' title='原始值：10.2047'>10.20</span>", "<span data-toggle='tooltip' data-placement='right' title='原始值：275.005'>275.0</span>", "<span data-toggle='tooltip' data-placement='right' title='原始值：10.31941'>10.3</span>", "<span data-toggle='tooltip' data-placement='right' title='原始值：3.37'>3.37</span>", "<span data-toggle='tooltip' data-placement='right' title='原始值：0.10231'>0.102</span>", "<span data-toggle='tooltip' data-placement='right' title='原始值：0.03396'>0.034</span>", "<span data-toggle='tooltip' data-placement='right' title='原始值：2.5557'>2.56</span>", "*", "*", "正常"], ["广东省", "珠江流域", "<span data-toggle='tooltip' data-placement='right' title='所在地市:中山市&#10;所属河流:西江'>横栏</span>", "12-23 08:00", "Ⅰ", "<span data-toggle='tooltip' data-placement='right' title='原始值：17.1'>17.1</span>", "<span data-toggle='tooltip' data-placement='right' title='原始值：7.66'>7.66</span>", "<span data-toggle='tooltip' data-placement='right' title='原始值：8.28'>8.28</span>", "<span data-toggle='tooltip' data-placement='right' title='原始值：316'>316.0</span>", "<span data-toggle='tooltip' data-placement='right' title='原始值：3.9'>3.9</span>", "<span data-toggle='tooltip' data-placement='right' title='原始值：1.38'>1.38</span>", "<span data-toggle='tooltip' data-placement='right' title='原始值：0.11985'>0.120</span>", "*", "*", "*", "*", "正常"], ["广西壮族自治区", "珠江流域", "<span data-toggle='tooltip' data-placement='right' title='所在地市:南宁市&#10;所属河流:邕江'>老口</span>", "12-23 08:00", "Ⅱ", "<span data-toggle='tooltip' data-placement='right' title='原始值：18.3128'>18.3</span>", "<span data-toggle='tooltip' data-placement='right' title='原始值：8.00583'>8.01</span>", "<span data-toggle='tooltip' data-placement='right' title='原始值：8.47034'>8.47</span>", "<span data-toggle='tooltip' data-placement='right' title='原始值：312.1935'>312.2</span>", "<span data-toggle='tooltip' data-placement='right' title='原始值：4.33581'>4.3</span>", "<span data-toggle='tooltip' data-placement='right' title='原始值：3.13544'>3.14</span>", "<span data-toggle='tooltip' data-placement='right' title='原始值：0.1165'>0.116</span>", "<span data-toggle='tooltip' data-placement='right' title='原始值：0.02795'>0.028</span>", "<span data-toggle='tooltip' data-placement='right' title='原始值：1.33065'>1.33</span>", "*", "*", "正常"], ["广西壮族自治区", "珠江流域", "<span data-toggle='tooltip' data-placement='right' title='所在地市:桂林市&#10;所属河流:漓江'>阳朔</span>", null, "", "--", "--", "--", "--", "--", "--", "--", "--", "--", "*", "*", "停站"], ["广西壮族自治区", "珠江流域", "<span data-toggle='tooltip' data-placement='right' title='所在地市:梧州市&#10;所属河流:浔江'>界首</span>", null, "", "--", "--", "--", "--", "--", "--", "--", "--", "--", "*", "*", "停站"], ["广西壮族自治区", "珠江流域", "<span data-toggle='tooltip' data-placement='right' title='所在地市:贵港市&#10;所属河流:浔江'>石嘴</span>", null, "", "--", "--", "--", "--", "--", "--", "--", "--", "--", "*", "*", "停站"], ["广西壮族自治区", "珠江流域", "<span data-toggle='tooltip' data-placement='right' title='所在地市:崇左市&#10;所属河流:平而河'>平而关</span>", "12-23 08:00", "Ⅰ", "<span data-toggle='tooltip' data-placement='right' title='原始值：17.40287'>17.4</span>", "<span data-toggle='tooltip' data-placement='right' title='原始值：8.04114'>8.04</span>", "<span data-toggle='tooltip' data-placement='right' title='原始值：9.87944'>9.88</span>", "<span data-toggle='tooltip' data-placement='right' title='原始值：265.6009'>265.6</span>", "<span data-toggle='tooltip' data-placement='right' title='原始值：19.34757'>19.3</span>", "<span data-toggle='tooltip' data-placement='right' title='原始值：1.375'>1.38</span>", "<span data-toggle='tooltip' data-placement='right' title='原始值：0.11'>0.110</span>", "*", "*", "*", "*", "正常"], ["重庆市", "长江流域", "<span data-toggle='tooltip' data-placement='right' title='所在地市:永川区&#10;所属河流:长江'>朱沱</span>", "12-23 08:00", "Ⅱ", "<span data-toggle='tooltip' data-placement='right' title='原始值：11.54'>11.5</span>", "<span data-toggle='tooltip' data-placement='right' title='原始值：7.62'>7.62</span>", "<span data-toggle='tooltip' data-placement='right' title='原始值：10.8'>10.80</span>", "<span data-toggle='tooltip' data-placement='right' title='原始值：381.42'>381.4</span>", "<span data-toggle='tooltip' data-placement='right' title='原始值：18.13'>18.1</span>", "<span data-toggle='tooltip' data-placement='right' title='原始值：1.245'>1.24</span>", "<span data-toggle='tooltip' data-placement='right' title='原始值：0.01'>0.010</span>", "<span data-toggle='tooltip' data-placement='right' title='原始值：0.071'>0.071</span>", "<span data-toggle='tooltip' data-placement='right' title='原始值：1.606'>1.61</span>", "*", "*", "正常"], ["四川省", "长江流域", "<span data-toggle='tooltip' data-placement='right' title='所在地市:攀枝花市&#10;所属河流:金沙江'>龙洞</span>", "12-23 08:00", "Ⅰ", "<span data-toggle='tooltip' data-placement='right' title='原始值：14.95'>15.0</span>", "<span data-toggle='tooltip' data-placement='right' title='原始值：8.305115'>8.31</span>", "<span data-toggle='tooltip' data-placement='right' title='原始值：8.730742'>8.73</span>", "<span data-toggle='tooltip' data-placement='right' title='原始值：849.1'>849.1</span>", "<span data-toggle='tooltip' data-placement='right' title='原始值：7.574718'>7.6</span>", "<span data-toggle='tooltip' data-placement='right' title='原始值：0.85'>0.85</span>", "<span data-toggle='tooltip' data-placement='right' title='原始值：0.002'>0.002</span>", "<span data-toggle='tooltip' data-placement='right' title='原始值：0.0109791'>0.011</span>", "<span data-toggle='tooltip' data-placement='right' title='原始值：1.672393'>1.67</span>", "*", "*", "正常"], ["四川省", "长江流域", "<span data-toggle='tooltip' data-placement='right' title='所在地市:泸州市&#10;所属河流:沱江'>沱江大桥(沱江二桥)</span>", "12-23 08:00", "Ⅱ", "<span data-toggle='tooltip' data-placement='right' title='原始值：11.55'>11.6</span>", "<span data-toggle='tooltip' data-placement='right' title='原始值：8.146609'>8.15</span>", "<span data-toggle='tooltip' data-placement='right' title='原始值：10.08297'>10.08</span>", "<span data-toggle='tooltip' data-placement='right' title='原始值：594.1834'>594.2</span>", "<span data-toggle='tooltip' data-placement='right' title='原始值：11.02818'>11.0</span>", "<span data-toggle='tooltip' data-placement='right' title='原始值：2.11'>2.11</span>", "<span data-toggle='tooltip' data-placement='right' title='原始值：0.085'>0.085</span>", "<span data-toggle='tooltip' data-placement='right' title='原始值：0.0994761'>0.099</span>", "<span data-toggle='tooltip' data-placement='right' title='原始值：3.372354'>3.37</span>", "*", "*", "正常"], ["四川省", "长江流域", "<span data-toggle='tooltip' data-placement='right' title='所在地市:广元市&#10;所属河流:嘉陵江'>清风峡</span>", "12-23 08:00", "Ⅰ", "<span data-toggle='tooltip' data-placement='right' title='原始值：6'>6.0</span>", "<span data-toggle='tooltip' data-placement='right' title='原始值：8.45584'>8.46</span>", "<span data-toggle='tooltip' data-placement='right' title='原始值：11.47713'>11.48</span>", "<span data-toggle='tooltip' data-placement='right' title='原始值：423.0648'>423.1</span>", "<span data-toggle='tooltip' data-placement='right' title='原始值：66.99073'>67.0</span>", "<span data-toggle='tooltip' data-placement='right' title='原始值：0.56'>0.56</span>", "<span data-toggle='tooltip' data-placement='right' title='原始值：0.09223'>0.092</span>", "*", "*", "*", "*", "正常"], ["四川省", "长江流域", "<span data-toggle='tooltip' data-placement='right' title='所在地市:乐山市&#10;所属河流:岷江'>岷江大桥</span>", null, "", "--", "--", "--", "--", "--", "--", "--", "--", "--", "*", "*", "停站"], ["四川省", "长江流域", "<span data-toggle='tooltip' data-placement='right' title='所在地市:宜宾市&#10;所属河流:岷江'>凉姜沟</span>", "12-23 08:00", "Ⅲ", "<span data-toggle='tooltip' data-placement='right' title='原始值：11.77'>11.8</span>", "<span data-toggle='tooltip' data-placement='right' title='原始值：8.075506'>8.08</span>", "<span data-toggle='tooltip' data-placement='right' title='原始值：9.258741'>9.26</span>", "<span data-toggle='tooltip' data-placement='right' title='原始值：306.7691'>306.8</span>", "<span data-toggle='tooltip' data-placement='right' title='原始值：42.87305'>42.9</span>", "<span data-toggle='tooltip' data-placement='right' title='原始值：1.52'>1.52</span>", "<span data-toggle='tooltip' data-placement='right' title='原始值：0.198'>0.198</span>", "<span data-toggle='tooltip' data-placement='right' title='原始值：0.136869'>0.137</span>", "<span data-toggle='tooltip' data-placement='right' title='原始值：2.001613'>2.00</span>", "*", "*", "正常"], ["云南省", "滇池流域", "<span data-toggle='tooltip' data-placement='right' title='所在地市:昆明市&#10;所属河流:滇池'>西苑隧道</span>", "12-23 08:00", "Ⅲ", "<span data-toggle='tooltip' data-placement='right' title='原始值：11.19'>11.2</span>", "<span data-toggle='tooltip' data-placement='right' title='原始值：7.88564'>7.89</span>", "<span data-toggle='tooltip' data-placement='right' title='原始值：7.066'>7.07</span>", "<span data-toggle='tooltip' data-placement='right' title='原始值：688.766'>688.8</span>", "<span data-toggle='tooltip' data-placement='right' title='原始值：18.399'>18.4</span>", "<span data-toggle='tooltip' data-placement='right' title='原始值：3.82461'>3.82</span>", "<span data-toggle='tooltip' data-placement='right' title='原始值：0.12439'>0.124</span>", "<span data-toggle='tooltip' data-placement='right' title='原始值：0.02522'>0.025</span>", "<span data-toggle='tooltip' data-placement='right' title='原始值：4.74624'>4.75</span>", "<span data-toggle='tooltip' data-placement='right' title='原始值：0.00238'>0.002</span>", "<span data-toggle='tooltip' data-placement='right' title='原始值：9679609'>9679609</span>", "正常"], ["云南省", "滇池流域", "<span data-toggle='tooltip' data-placement='right' title='所在地市:昆明市&#10;所属河流:滇池'>观音山</span>", "12-23 08:00", "劣Ⅴ", "<span data-toggle='tooltip' data-placement='right' title='原始值：11.10937'>11.1</span>", "<span data-toggle='tooltip' data-placement='right' title='原始值：9.19'>9.19</span>", "<span data-toggle='tooltip' data-placement='right' title='原始值：7.748'>7.75</span>", "<span data-toggle='tooltip' data-placement='right' title='原始值：416.652'>416.7</span>", "<span data-toggle='tooltip' data-placement='right' title='原始值：47.439'>47.4</span>", "<span data-toggle='tooltip' data-placement='right' title='原始值：8.58653'>8.59</span>", "<span data-toggle='tooltip' data-placement='right' title='原始值：0.16'>0.160</span>", "<span data-toggle='tooltip' data-placement='right' title='原始值：0.1226'>0.123</span>", "<span data-toggle='tooltip' data-placement='right' title='原始值：1.69'>1.69</span>", "<span data-toggle='tooltip' data-placement='right' title='原始值：0.00206'>0.002</span>", "<span data-toggle='tooltip' data-placement='right' title='原始值：8947012'>8947012</span>", "正常"], ["云南省", "西南诸河", "<span data-toggle='tooltip' data-placement='right' title='所在地市:红河哈尼族彝族自治州&#10;所属河流:红河'>河口县医院(河口)</span>", "12-23 08:00", "Ⅱ", "<span data-toggle='tooltip' data-placement='right' title='原始值：19.18956'>19.2</span>", "<span data-toggle='tooltip' data-placement='right' title='原始值：7.9783'>7.98</span>", "<span data-toggle='tooltip' data-placement='right' title='原始值：8.31455'>8.31</span>", "<span data-toggle='tooltip' data-placement='right' title='原始值：252.5865'>252.6</span>", "<span data-toggle='tooltip' data-placement='right' title='原始值：35.16586'>35.2</span>", "<span data-toggle='tooltip' data-placement='right' title='原始值：1.68342'>1.68</span>", "<span data-toggle='tooltip' data-placement='right' title='原始值：0.05085'>0.051</span>", "<span data-toggle='tooltip' data-placement='right' title='原始值：0.06862'>0.069</span>", "<span data-toggle='tooltip' data-placement='right' title='原始值：1.34676'>1.35</span>", "*", "*", "正常"], ["云南省", "西南诸河", "<span data-toggle='tooltip' data-placement='right' title='所在地市:西双版纳傣族自治州&#10;所属河流:澜沧江'>橄榄坝</span>", "12-23 08:00", "Ⅱ", "<span data-toggle='tooltip' data-placement='right' title='原始值：17.928'>17.9</span>", "<span data-toggle='tooltip' data-placement='right' title='原始值：7.625'>7.62</span>", "<span data-toggle='tooltip' data-placement='right' title='原始值：8.945'>8.94</span>", "<span data-toggle='tooltip' data-placement='right' title='原始值：542.997'>543.0</span>", "<span data-toggle='tooltip' data-placement='right' title='原始值：9.23'>9.2</span>", "<span data-toggle='tooltip' data-placement='right' title='原始值：0.44'>0.44</span>", "<span data-toggle='tooltip' data-placement='right' title='原始值：0.16'>0.160</span>", "*", "*", "*", "*", "正常"], ["陕西省", "黄河流域", "<span data-toggle='tooltip' data-placement='right' title='所在地市:渭南市&#10;所属河流:渭河'>潼关吊桥</span>", "12-23 08:00", "Ⅲ", "<span data-toggle='tooltip' data-placement='right' title='原始值：7.30318'>7.3</span>", "<span data-toggle='tooltip' data-placement='right' title='原始值：8.43'>8.43</span>", "<span data-toggle='tooltip' data-placement='right' title='原始值：8.34902'>8.35</span>", "<span data-toggle='tooltip' data-placement='right' title='原始值：1208.968'>1209.0</span>", "<span data-toggle='tooltip' data-placement='right' title='原始值：218.3043'>218.3</span>", "<span data-toggle='tooltip' data-placement='right' title='原始值：2.97'>2.97</span>", "<span data-toggle='tooltip' data-placement='right' title='原始值：0.61'>0.610</span>", "<span data-toggle='tooltip' data-placement='right' title='原始值：0.12401'>0.124</span>", "<span data-toggle='tooltip' data-placement='right' title='原始值：7.34485'>7.34</span>", "*", "*", "正常"], ["甘肃省", "黄河流域", "<span data-toggle='tooltip' data-placement='right' title='所在地市:兰州市&#10;所属河流:黄河'>新城桥</span>", null, "", "--", "--", "--", "--", "--", "--", "--", "--", "--", "*", "*", "停站"], ["宁夏回族自治区", "黄河流域", "<span data-toggle='tooltip' data-placement='right' title='所在地市:中卫市&#10;所属河流:黄河'>中卫下河沿(新墩)</span>", "12-23 08:00", "Ⅰ", "<span data-toggle='tooltip' data-placement='right' title='原始值：4.76244'>4.8</span>", "<span data-toggle='tooltip' data-placement='right' title='原始值：7.51493'>7.51</span>", "<span data-toggle='tooltip' data-placement='right' title='原始值：11.2602'>11.26</span>", "<span data-toggle='tooltip' data-placement='right' title='原始值：728.0134'>728.0</span>", "<span data-toggle='tooltip' data-placement='right' title='原始值：37.60466'>37.6</span>", "<span data-toggle='tooltip' data-placement='right' title='原始值：1.2'>1.20</span>", "<span data-toggle='tooltip' data-placement='right' title='原始值：0.05'>0.050</span>", "<span data-toggle='tooltip' data-placement='right' title='原始值：0.0138'>0.014</span>", "<span data-toggle='tooltip' data-placement='right' title='原始值：2.1446'>2.14</span>", "*", "*", "正常"]]}