{"result": 1, "total": 1, "records": 98, "thead": ["省份", "流域", "断面名称", "监测时间", "水质类别", "水温<br/><span class='unit'>(℃)</span>", "pH<br/><span class='unit'>(无量纲)</span>", "溶解氧<br/><span class='unit'>(mg/L)</span>", "电导率<br/><span class='unit'>(μS/cm)</span>", "浊度<br/><span class='unit'>(NTU)</span>", "高锰酸盐指数<br/><span class='unit'>(mg/L)</span>", "氨氮<br/><span class='unit'>(mg/L)</span>", "总磷<br/><span class='unit'>(mg/L)</span>", "总氮<br/><span class='unit'>(mg/L)</span>", "叶绿素α<br/><span class='unit'>(mg/L)</span>", "藻密度<br/><span class='unit'>(cells/L)</span>", "站点情况"], "tbody": [["北京市", "海河流域", "<span data-toggle='tooltip' data-placement='right' title='所在地市:门头沟区&#10;所属河流:永定河'>沿河城</span>", null, "", "--", "--", "--", "--", "--", "--", "--", "--", "--", "*", "*", "停站"], ["北京市", "海河流域", "<span data-toggle='tooltip' data-placement='right' title='所在地市:密云区&#10;所属河流:潮河'>古北口</span>", "12-04 08:00", "Ⅱ", "<span data-toggle='tooltip' data-placement='right' title='原始值：0.66256'>0.7</span>", "<span data-toggle='tooltip' data-placement='right' title='原始值：8.25532'>8.26</span>", "<span data-toggle='tooltip' data-placement='right' title='原始值：14.2092'>14.21</span>", "<span data-toggle='tooltip' data-placement='right' title='原始值：821.2122'>821.2</span>", "<span data-toggle='tooltip' data-placement='right' title='原始值：5.15552'>5.2</span>", "<span data-toggle='tooltip' data-placement='right' title='原始值：1.56719'>1.57</span>", "<span data-toggle='tooltip' data-placement='right' title='原始值：0.13'>0.130</span>", "<span data-toggle='tooltip' data-placement='right' title='原始值：0.0301'>0.030</span>", "<span data-toggle='tooltip' data-placement='right' title='原始值：12.1732'>12.17</span>", "*", "*", "正常"], ["天津市", "海河流域", "<span data-toggle='tooltip' data-placement='right' title='所在地市:河北区&#10;所属河流:海河'>三岔口</span>", "12-04 08:00", "Ⅱ", "<span data-toggle='tooltip' data-placement='right' title='原始值：6.7837'>6.8</span>", "<span data-toggle='tooltip' data-placement='right' title='原始值：7.6332'>7.63</span>", "<span data-toggle='tooltip' data-placement='right' title='原始值：11.34'>11.34</span>", "<span data-toggle='tooltip' data-placement='right' title='原始值：319.5967'>319.6</span>", "<span data-toggle='tooltip' data-placement='right' title='原始值：4.195'>4.2</span>", "<span data-toggle='tooltip' data-placement='right' title='原始值：1.03'>1.03</span>", "<span data-toggle='tooltip' data-placement='right' title='原始值：0.2'>0.200</span>", "<span data-toggle='tooltip' data-placement='right' title='原始值：0.006'>0.006</span>", "<span data-toggle='tooltip' data-placement='right' title='原始值：1.098'>1.10</span>", "*", "*", "正常"], ["天津市", "海河流域", "<span data-toggle='tooltip' data-placement='right' title='所在地市:蓟州区&#10;所属河流:果河'>果河桥</span>", "12-04 08:00", "Ⅱ", "<span data-toggle='tooltip' data-placement='right' title='原始值：5.1'>5.1</span>", "<span data-toggle='tooltip' data-placement='right' title='原始值：8.14'>8.14</span>", "<span data-toggle='tooltip' data-placement='right' title='原始值：12.464'>12.46</span>", "<span data-toggle='tooltip' data-placement='right' title='原始值：682.894'>682.9</span>", "<span data-toggle='tooltip' data-placement='right' title='原始值：3.2'>3.2</span>", "<span data-toggle='tooltip' data-placement='right' title='原始值：1.9645'>1.96</span>", "<span data-toggle='tooltip' data-placement='right' title='原始值：0.42'>0.420</span>", "<span data-toggle='tooltip' data-placement='right' title='原始值：0.0422'>0.042</span>", "<span data-toggle='tooltip' data-placement='right' title='原始值：5.8843'>5.88</span>", "*", "*", "正常"], ["河北省", "海河流域", "<span data-toggle='tooltip' data-placement='right' title='所在地市:石家庄市&#10;所属河流:滹沱河'>岗南水库</span>", "12-04 08:00", "Ⅱ", "<span data-toggle='tooltip' data-placement='right' title='原始值：12.84868'>12.8</span>", "<span data-toggle='tooltip' data-placement='right' title='原始值：8.7131'>8.71</span>", "<span data-toggle='tooltip' data-placement='right' title='原始值：9.80121'>9.80</span>", "<span data-toggle='tooltip' data-placement='right' title='原始值：577.2147'>577.2</span>", "<span data-toggle='tooltip' data-placement='right' title='原始值：3.00331'>3.0</span>", "<span data-toggle='tooltip' data-placement='right' title='原始值：2.35738'>2.36</span>", "<span data-toggle='tooltip' data-placement='right' title='原始值：0.04'>0.040</span>", "<span data-toggle='tooltip' data-placement='right' title='原始值：0.02428'>0.024</span>", "<span data-toggle='tooltip' data-placement='right' title='原始值：2.47701'>2.48</span>", "*", "*", "正常"], ["河北省", "海河流域", "<span data-toggle='tooltip' data-placement='right' title='所在地市:张家口市&#10;所属河流:永定河'>八号桥</span>", "12-04 08:00", "Ⅲ", "<span data-toggle='tooltip' data-placement='right' title='原始值：1.50558'>1.5</span>", "<span data-toggle='tooltip' data-placement='right' title='原始值：8.59648'>8.60</span>", "<span data-toggle='tooltip' data-placement='right' title='原始值：12.38147'>12.38</span>", "<span data-toggle='tooltip' data-placement='right' title='原始值：1422.641'>1422.6</span>", "<span data-toggle='tooltip' data-placement='right' title='原始值：34.12921'>34.1</span>", "<span data-toggle='tooltip' data-placement='right' title='原始值：4.14'>4.14</span>", "<span data-toggle='tooltip' data-placement='right' title='原始值：0.7'>0.700</span>", "<span data-toggle='tooltip' data-placement='right' title='原始值：0.109'>0.109</span>", "<span data-toggle='tooltip' data-placement='right' title='原始值：5.84'>5.84</span>", "*", "*", "正常"], ["山西省", "黄河流域", "<span data-toggle='tooltip' data-placement='right' title='所在地市:运城市&#10;所属河流:汾河'>河津大桥</span>", "12-04 08:00", "Ⅴ", "<span data-toggle='tooltip' data-placement='right' title='原始值：6.59123'>6.6</span>", "<span data-toggle='tooltip' data-placement='right' title='原始值：8.19091'>8.19</span>", "<span data-toggle='tooltip' data-placement='right' title='原始值：11.1693'>11.17</span>", "<span data-toggle='tooltip' data-placement='right' title='原始值：1947.789'>1947.8</span>", "<span data-toggle='tooltip' data-placement='right' title='原始值：67.18001'>67.2</span>", "<span data-toggle='tooltip' data-placement='right' title='原始值：6.275'>6.28</span>", "<span data-toggle='tooltip' data-placement='right' title='原始值：1.8'>1.800</span>", "*", "*", "*", "*", "正常"], ["山西省", "黄河流域", "<span data-toggle='tooltip' data-placement='right' title='所在地市:忻州市&#10;所属河流:黄河'>万家寨水库</span>", null, "", "--", "--", "--", "--", "--", "--", "--", "--", "--", "*", "*", "停站"], ["内蒙古自治区", "黄河流域", "<span data-toggle='tooltip' data-placement='right' title='所在地市:包头市&#10;所属河流:黄河'>画匠营子</span>", "12-04 08:00", "", "<span data-toggle='tooltip' data-placement='right' title='原始值：10.52475'>10.5</span>", "<span data-toggle='tooltip' data-placement='right' title='原始值：8.07363'>8.07</span>", "<span data-toggle='tooltip' data-placement='right' title='原始值：12.67836'>12.68</span>", "<span data-toggle='tooltip' data-placement='right' title='原始值：1160.444'>1160.4</span>", "<span data-toggle='tooltip' data-placement='right' title='原始值：133.9035'>133.9</span>", "<span data-toggle='tooltip' data-placement='right' title='原始值：1.96231'>1.96</span>", "<span data-toggle='tooltip' data-placement='right' title='极值过滤'>--</span>", "*", "*", "*", "*", "维护"], ["内蒙古自治区", "黄河流域", "<span data-toggle='tooltip' data-placement='right' title='所在地市:乌海市&#10;所属河流:黄河'>海勃湾</span>", "12-04 08:00", "Ⅰ", "<span data-toggle='tooltip' data-placement='right' title='原始值：5.19416'>5.2</span>", "<span data-toggle='tooltip' data-placement='right' title='原始值：8.51702'>8.52</span>", "<span data-toggle='tooltip' data-placement='right' title='原始值：9.60362'>9.60</span>", "<span data-toggle='tooltip' data-placement='right' title='原始值：918.5159'>918.5</span>", "<span data-toggle='tooltip' data-placement='right' title='原始值：32.70627'>32.7</span>", "<span data-toggle='tooltip' data-placement='right' title='原始值：1.52'>1.52</span>", "<span data-toggle='tooltip' data-placement='right' title='原始值：0.14'>0.140</span>", "*", "*", "*", "*", "正常"], ["内蒙古自治区", "松花江流域", "<span data-toggle='tooltip' data-placement='right' title='所在地市:呼伦贝尔市&#10;所属河流:额尔古纳河'>黑山头</span>", null, "", "--", "--", "--", "--", "--", "--", "--", "--", "--", "*", "*", "停站"], ["辽宁省", "辽河流域", "<span data-toggle='tooltip' data-placement='right' title='所在地市:抚顺市&#10;所属河流:浑河'>大伙房水库</span>", null, "", "--", "--", "--", "--", "--", "--", "--", "--", "--", "--", "*", "停站"], ["辽宁省", "辽河流域", "<span data-toggle='tooltip' data-placement='right' title='所在地市:丹东市&#10;所属河流:鸭绿江'>江桥</span>", "12-04 08:00", "Ⅱ", "<span data-toggle='tooltip' data-placement='right' title='原始值：8.9'>8.9</span>", "<span data-toggle='tooltip' data-placement='right' title='原始值：6.63'>6.63</span>", "<span data-toggle='tooltip' data-placement='right' title='原始值：9.02727'>9.03</span>", "<span data-toggle='tooltip' data-placement='right' title='原始值：136'>136.0</span>", "<span data-toggle='tooltip' data-placement='right' title='原始值：10.25'>10.2</span>", "<span data-toggle='tooltip' data-placement='right' title='原始值：1.66'>1.66</span>", "<span data-toggle='tooltip' data-placement='right' title='原始值：0.06742'>0.067</span>", "<span data-toggle='tooltip' data-placement='right' title='原始值：0.02401'>0.024</span>", "<span data-toggle='tooltip' data-placement='right' title='原始值：1.94724'>1.95</span>", "*", "*", "正常"], ["辽宁省", "辽河流域", "<span data-toggle='tooltip' data-placement='right' title='所在地市:营口市&#10;所属河流:大辽河'>辽河公园</span>", null, "", "--", "--", "--", "--", "--", "--", "--", "--", "--", "*", "*", "停站"], ["辽宁省", "辽河流域", "<span data-toggle='tooltip' data-placement='right' title='所在地市:辽阳市&#10;所属河流:太子河'>汤河水库</span>", null, "", "--", "--", "--", "--", "--", "--", "--", "--", "--", "*", "*", "停站"], ["辽宁省", "辽河流域", "<span data-toggle='tooltip' data-placement='right' title='所在地市:盘锦市&#10;所属河流:辽河'>盘锦兴安(兴安)</span>", null, "", "--", "--", "--", "--", "--", "--", "--", "--", "--", "*", "*", "停站"], ["辽宁省", "辽河流域", "<span data-toggle='tooltip' data-placement='right' title='所在地市:铁岭市&#10;所属河流:辽河'>珠尔山</span>", null, "", "--", "--", "--", "--", "--", "--", "--", "--", "--", "*", "*", "停站"], ["吉林省", "松花江流域", "<span data-toggle='tooltip' data-placement='right' title='所在地市:长春市&#10;所属河流:松花江'>松花江村</span>", null, "", "--", "--", "--", "--", "--", "--", "--", "--", "--", "*", "*", "停站"], ["吉林省", "松花江流域", "<span data-toggle='tooltip' data-placement='right' title='所在地市:白城市&#10;所属河流:嫩江'>白沙滩</span>", "12-04 08:00", "Ⅲ", "<span data-toggle='tooltip' data-placement='right' title='原始值：4.20994'>4.2</span>", "<span data-toggle='tooltip' data-placement='right' title='原始值：7.55432'>7.55</span>", "<span data-toggle='tooltip' data-placement='right' title='原始值：13.44894'>13.45</span>", "<span data-toggle='tooltip' data-placement='right' title='原始值：381.8127'>381.8</span>", "<span data-toggle='tooltip' data-placement='right' title='原始值：16.17204'>16.2</span>", "<span data-toggle='tooltip' data-placement='right' title='原始值：4.36699'>4.37</span>", "<span data-toggle='tooltip' data-placement='right' title='原始值：0.24525'>0.245</span>", "<span data-toggle='tooltip' data-placement='right' title='原始值：0.06098'>0.061</span>", "<span data-toggle='tooltip' data-placement='right' title='原始值：2.18769'>2.19</span>", "*", "*", "正常"], ["吉林省", "松花江流域", "<span data-toggle='tooltip' data-placement='right' title='所在地市:延边朝鲜族自治州&#10;所属河流:图们江'>圈河</span>", "12-04 08:00", "Ⅱ", "<span data-toggle='tooltip' data-placement='right' title='原始值：9.0998'>9.1</span>", "<span data-toggle='tooltip' data-placement='right' title='原始值：7.52'>7.52</span>", "<span data-toggle='tooltip' data-placement='right' title='原始值：10.71'>10.71</span>", "<span data-toggle='tooltip' data-placement='right' title='原始值：195'>195.0</span>", "<span data-toggle='tooltip' data-placement='right' title='原始值：118'>118.0</span>", "<span data-toggle='tooltip' data-placement='right' title='原始值：3.74'>3.74</span>", "<span data-toggle='tooltip' data-placement='right' title='原始值：0.12674'>0.127</span>", "<span data-toggle='tooltip' data-placement='right' title='原始值：0.04183'>0.042</span>", "<span data-toggle='tooltip' data-placement='right' title='原始值：2.78031'>2.78</span>", "*", "*", "正常"], ["黑龙江省", "松花江流域", "<span data-toggle='tooltip' data-placement='right' title='所在地市:大庆市&#10;所属河流:松花江'>肇源</span>", null, "", "--", "--", "--", "--", "--", "--", "--", "--", "--", "*", "*", "停站"], ["黑龙江省", "松花江流域", "<span data-toggle='tooltip' data-placement='right' title='所在地市:佳木斯市&#10;所属河流:乌苏里江'>乌苏镇</span>", null, "", "--", "--", "--", "--", "--", "--", "--", "--", "--", "*", "*", "停站"], ["黑龙江省", "松花江流域", "<span data-toggle='tooltip' data-placement='right' title='所在地市:佳木斯市&#10;所属河流:松花江'>同江</span>", "12-04 08:00", "Ⅲ", "<span data-toggle='tooltip' data-placement='right' title='原始值：5.59696'>5.6</span>", "<span data-toggle='tooltip' data-placement='right' title='原始值：6.84376'>6.84</span>", "<span data-toggle='tooltip' data-placement='right' title='原始值：11.56252'>11.56</span>", "<span data-toggle='tooltip' data-placement='right' title='原始值：250.0005'>250.0</span>", "<span data-toggle='tooltip' data-placement='right' title='原始值：27.75053'>27.8</span>", "<span data-toggle='tooltip' data-placement='right' title='原始值：5.96933'>5.97</span>", "<span data-toggle='tooltip' data-placement='right' title='原始值：0.1426'>0.143</span>", "<span data-toggle='tooltip' data-placement='right' title='原始值：0.05176'>0.052</span>", "<span data-toggle='tooltip' data-placement='right' title='原始值：1.56136'>1.56</span>", "*", "*", "正常"], ["黑龙江省", "松花江流域", "<span data-toggle='tooltip' data-placement='right' title='所在地市:黑河市&#10;所属河流:黑龙江'>黑河下(黑河)</span>", null, "", "--", "--", "--", "--", "--", "--", "--", "--", "--", "*", "*", "停站"], ["上海市", "长江流域", "<span data-toggle='tooltip' data-placement='right' title='所在地市:青浦区&#10;所属河流:淀山湖'>急水港桥</span>", null, "", "--", "--", "--", "--", "--", "--", "--", "--", "--", "--", "--", "停站"], ["江苏省", "长江流域", "<span data-toggle='tooltip' data-placement='right' title='所在地市:南京市&#10;所属河流:长江'>林山</span>", null, "", "--", "--", "--", "--", "--", "--", "--", "--", "--", "*", "*", "停站"], ["江苏省", "太湖流域", "<span data-toggle='tooltip' data-placement='right' title='所在地市:无锡市&#10;所属河流:太湖'>沙渚</span>", "12-04 08:00", "Ⅱ", "<span data-toggle='tooltip' data-placement='right' title='原始值：8.847005'>8.8</span>", "<span data-toggle='tooltip' data-placement='right' title='原始值：8.189603'>8.19</span>", "<span data-toggle='tooltip' data-placement='right' title='原始值：10.88209'>10.88</span>", "<span data-toggle='tooltip' data-placement='right' title='原始值：383.0335'>383.0</span>", "<span data-toggle='tooltip' data-placement='right' title='原始值：73.57839'>73.6</span>", "<span data-toggle='tooltip' data-placement='right' title='原始值：3.498077'>3.50</span>", "<span data-toggle='tooltip' data-placement='right' title='原始值：0.24'>0.240</span>", "<span data-toggle='tooltip' data-placement='right' title='原始值：0.061'>0.061</span>", "<span data-toggle='tooltip' data-placement='right' title='原始值：1.564'>1.56</span>", "<span data-toggle='tooltip' data-placement='right' title='原始值：0.015731'>0.016</span>", "*", "正常"], ["江苏省", "淮河流域", "<span data-toggle='tooltip' data-placement='right' title='所在地市:徐州市&#10;所属河流:武河'>小红圈</span>", "12-04 08:00", "Ⅱ", "<span data-toggle='tooltip' data-placement='right' title='原始值：5.74'>5.7</span>", "<span data-toggle='tooltip' data-placement='right' title='原始值：8.16'>8.16</span>", "<span data-toggle='tooltip' data-placement='right' title='原始值：16.52'>16.52</span>", "<span data-toggle='tooltip' data-placement='right' title='原始值：620.5'>620.5</span>", "<span data-toggle='tooltip' data-placement='right' title='原始值：3.35'>3.4</span>", "<span data-toggle='tooltip' data-placement='right' title='原始值：2.25'>2.25</span>", "<span data-toggle='tooltip' data-placement='right' title='原始值：0.033'>0.033</span>", "*", "*", "*", "*", "正常"], ["江苏省", "淮河流域", "<span data-toggle='tooltip' data-placement='right' title='所在地市:徐州市&#10;所属河流:沿河'>李集桥</span>", "12-04 08:00", "Ⅲ", "<span data-toggle='tooltip' data-placement='right' title='原始值：9.16'>9.2</span>", "<span data-toggle='tooltip' data-placement='right' title='原始值：8'>8.00</span>", "<span data-toggle='tooltip' data-placement='right' title='原始值：9.66'>9.66</span>", "<span data-toggle='tooltip' data-placement='right' title='原始值：1060.5'>1060.5</span>", "<span data-toggle='tooltip' data-placement='right' title='原始值：11.38'>11.4</span>", "<span data-toggle='tooltip' data-placement='right' title='原始值：5.01'>5.01</span>", "<span data-toggle='tooltip' data-placement='right' title='原始值：0.114'>0.114</span>", "<span data-toggle='tooltip' data-placement='right' title='原始值：0.06'>0.060</span>", "<span data-toggle='tooltip' data-placement='right' title='原始值：1.821'>1.82</span>", "*", "*", "正常"], ["江苏省", "淮河流域", "<span data-toggle='tooltip' data-placement='right' title='所在地市:徐州市&#10;所属河流:邳苍分洪道'>艾山西大桥</span>", "12-04 08:00", "Ⅳ", "<span data-toggle='tooltip' data-placement='right' title='原始值：6.18704'>6.2</span>", "<span data-toggle='tooltip' data-placement='right' title='原始值：8.50656'>8.51</span>", "<span data-toggle='tooltip' data-placement='right' title='原始值：13.5017'>13.50</span>", "<span data-toggle='tooltip' data-placement='right' title='原始值：904.665'>904.7</span>", "<span data-toggle='tooltip' data-placement='right' title='原始值：4.12057'>4.1</span>", "<span data-toggle='tooltip' data-placement='right' title='原始值：2.53'>2.53</span>", "<span data-toggle='tooltip' data-placement='right' title='原始值：0.86'>0.860</span>", "<span data-toggle='tooltip' data-placement='right' title='原始值：0.20066'>0.201</span>", "<span data-toggle='tooltip' data-placement='right' title='原始值：11.14653'>11.15</span>", "*", "*", "正常"], ["江苏省", "太湖流域", "<span data-toggle='tooltip' data-placement='right' title='所在地市:苏州市&#10;所属河流:太湖'>兰山嘴(老)</span>", "12-04 08:00", "Ⅲ", "<span data-toggle='tooltip' data-placement='right' title='原始值：9.76081'>9.8</span>", "<span data-toggle='tooltip' data-placement='right' title='原始值：7.89102'>7.89</span>", "<span data-toggle='tooltip' data-placement='right' title='原始值：10.89999'>10.90</span>", "<span data-toggle='tooltip' data-placement='right' title='原始值：410.9084'>410.9</span>", "<span data-toggle='tooltip' data-placement='right' title='原始值：93.11437'>93.1</span>", "<span data-toggle='tooltip' data-placement='right' title='原始值：2.59'>2.59</span>", "<span data-toggle='tooltip' data-placement='right' title='原始值：0.78'>0.780</span>", "<span data-toggle='tooltip' data-placement='right' title='原始值：0.17512'>0.175</span>", "<span data-toggle='tooltip' data-placement='right' title='原始值：6.07048'>6.07</span>", "<span data-toggle='tooltip' data-placement='right' title='原始值：0.01708'>0.017</span>", "*", "正常"], ["江苏省", "太湖流域", "<span data-toggle='tooltip' data-placement='right' title='所在地市:苏州市&#10;所属河流:太湖'>西山</span>", "12-04 08:00", "Ⅴ", "<span data-toggle='tooltip' data-placement='right' title='原始值：9.49608'>9.5</span>", "<span data-toggle='tooltip' data-placement='right' title='原始值：7.99824'>8.00</span>", "<span data-toggle='tooltip' data-placement='right' title='原始值：11.65507'>11.66</span>", "<span data-toggle='tooltip' data-placement='right' title='原始值：651.4644'>651.5</span>", "<span data-toggle='tooltip' data-placement='right' title='原始值：383.4732'>383.5</span>", "<span data-toggle='tooltip' data-placement='right' title='原始值：3.61'>3.61</span>", "<span data-toggle='tooltip' data-placement='right' title='原始值：0.05'>0.050</span>", "<span data-toggle='tooltip' data-placement='right' title='原始值：0.1517'>0.152</span>", "<span data-toggle='tooltip' data-placement='right' title='原始值：1.759'>1.76</span>", "<span data-toggle='tooltip' data-placement='right' title='原始值：0.00503'>0.005</span>", "*", "正常"], ["江苏省", "淮河流域", "<span data-toggle='tooltip' data-placement='right' title='所在地市:连云港市&#10;所属河流:新沭河'>大兴桥</span>", "12-04 08:00", "Ⅲ", "<span data-toggle='tooltip' data-placement='right' title='原始值：8.3'>8.3</span>", "<span data-toggle='tooltip' data-placement='right' title='原始值：7.57'>7.57</span>", "<span data-toggle='tooltip' data-placement='right' title='原始值：13.14'>13.14</span>", "<span data-toggle='tooltip' data-placement='right' title='原始值：763'>763.0</span>", "<span data-toggle='tooltip' data-placement='right' title='原始值：17.4'>17.4</span>", "<span data-toggle='tooltip' data-placement='right' title='原始值：5.39'>5.39</span>", "<span data-toggle='tooltip' data-placement='right' title='原始值：0.163'>0.163</span>", "*", "*", "*", "*", "正常"], ["江苏省", "淮河流域", "<span data-toggle='tooltip' data-placement='right' title='所在地市:淮安市&#10;所属河流:淮河'>淮河大桥</span>", "12-04 08:00", "Ⅱ", "<span data-toggle='tooltip' data-placement='right' title='原始值：10.11726'>10.1</span>", "<span data-toggle='tooltip' data-placement='right' title='原始值：8.31926'>8.32</span>", "<span data-toggle='tooltip' data-placement='right' title='原始值：10.44358'>10.44</span>", "<span data-toggle='tooltip' data-placement='right' title='原始值：523.8987'>523.9</span>", "<span data-toggle='tooltip' data-placement='right' title='原始值：30.18454'>30.2</span>", "<span data-toggle='tooltip' data-placement='right' title='原始值：3.98'>3.98</span>", "<span data-toggle='tooltip' data-placement='right' title='原始值：0.16'>0.160</span>", "<span data-toggle='tooltip' data-placement='right' title='原始值：0.0962'>0.096</span>", "<span data-toggle='tooltip' data-placement='right' title='原始值：2.39'>2.39</span>", "*", "*", "正常"], ["江苏省", "长江流域", "<span data-toggle='tooltip' data-placement='right' title='所在地市:扬州市&#10;所属河流:夹江'>三江营</span>", "12-04 08:00", "Ⅱ", "<span data-toggle='tooltip' data-placement='right' title='原始值：13.83'>13.8</span>", "<span data-toggle='tooltip' data-placement='right' title='原始值：7.85'>7.85</span>", "<span data-toggle='tooltip' data-placement='right' title='原始值：9.37'>9.37</span>", "<span data-toggle='tooltip' data-placement='right' title='原始值：337.63'>337.6</span>", "<span data-toggle='tooltip' data-placement='right' title='原始值：68.61'>68.6</span>", "<span data-toggle='tooltip' data-placement='right' title='原始值：2.497'>2.50</span>", "<span data-toggle='tooltip' data-placement='right' title='原始值：0.045'>0.045</span>", "<span data-toggle='tooltip' data-placement='right' title='原始值：0.093'>0.093</span>", "<span data-toggle='tooltip' data-placement='right' title='原始值：2.18'>2.18</span>", "*", "*", "正常"], ["江苏省", "淮河流域", "<span data-toggle='tooltip' data-placement='right' title='所在地市:宿迁市&#10;所属河流:新濉河'>大屈</span>", "12-04 08:00", "Ⅳ", "<span data-toggle='tooltip' data-placement='right' title='原始值：8.8'>8.8</span>", "<span data-toggle='tooltip' data-placement='right' title='原始值：7.64'>7.64</span>", "<span data-toggle='tooltip' data-placement='right' title='原始值：11.62'>11.62</span>", "<span data-toggle='tooltip' data-placement='right' title='原始值：995.8'>995.8</span>", "<span data-toggle='tooltip' data-placement='right' title='原始值：8.49'>8.5</span>", "<span data-toggle='tooltip' data-placement='right' title='原始值：9.14'>9.14</span>", "<span data-toggle='tooltip' data-placement='right' title='原始值：0.07'>0.070</span>", "<span data-toggle='tooltip' data-placement='right' title='原始值：0.047'>0.047</span>", "<span data-toggle='tooltip' data-placement='right' title='原始值：2.898'>2.90</span>", "*", "*", "正常"], ["浙江省", "浙闽片河流", "<span data-toggle='tooltip' data-placement='right' title='所在地市:杭州市&#10;所属河流:新安江'>街口(鸠坑口)</span>", "12-04 08:00", "", "<span data-toggle='tooltip' data-placement='right' title='原始值：18.02'>18.0</span>", "<span data-toggle='tooltip' data-placement='right' title='原始值：7.2'>7.20</span>", "<span data-toggle='tooltip' data-placement='right' title='原始值：5.84'>5.84</span>", "<span data-toggle='tooltip' data-placement='right' title='原始值：167.99'>168.0</span>", "<span data-toggle='tooltip' data-placement='right' title='原始值：30.95'>31.0</span>", "<span data-toggle='tooltip' data-placement='right' title='原始值：1.818'>1.82</span>", "<span data-toggle='tooltip' data-placement='right' title='极值过滤'>--</span>", "<span data-toggle='tooltip' data-placement='right' title='原始值：0.017'>0.017</span>", "<span data-toggle='tooltip' data-placement='right' title='原始值：1.055'>1.06</span>", "*", "*", "维护"], ["浙江省", "太湖流域", "<span data-toggle='tooltip' data-placement='right' title='所在地市:嘉兴市&#10;所属河流:斜路港河'>斜路港</span>", "12-04 08:00", "Ⅲ", "<span data-toggle='tooltip' data-placement='right' title='原始值：10.8'>10.8</span>", "<span data-toggle='tooltip' data-placement='right' title='原始值：7.53'>7.53</span>", "<span data-toggle='tooltip' data-placement='right' title='原始值：7.05'>7.05</span>", "<span data-toggle='tooltip' data-placement='right' title='原始值：565'>565.0</span>", "<span data-toggle='tooltip' data-placement='right' title='原始值：273.6'>273.6</span>", "<span data-toggle='tooltip' data-placement='right' title='原始值：4.06'>4.06</span>", "<span data-toggle='tooltip' data-placement='right' title='原始值：0.62729'>0.627</span>", "<span data-toggle='tooltip' data-placement='right' title='原始值：0.12192'>0.122</span>", "<span data-toggle='tooltip' data-placement='right' title='原始值：1.88602'>1.89</span>", "*", "*", "正常"], ["浙江省", "太湖流域", "<span data-toggle='tooltip' data-placement='right' title='所在地市:嘉兴市&#10;所属河流:京杭运河'>王江泾</span>", "12-04 08:00", "Ⅲ", "<span data-toggle='tooltip' data-placement='right' title='原始值：12.65'>12.6</span>", "<span data-toggle='tooltip' data-placement='right' title='原始值：7.1'>7.10</span>", "<span data-toggle='tooltip' data-placement='right' title='原始值：7.63'>7.63</span>", "<span data-toggle='tooltip' data-placement='right' title='原始值：607.32'>607.3</span>", "<span data-toggle='tooltip' data-placement='right' title='原始值：126.41'>126.4</span>", "<span data-toggle='tooltip' data-placement='right' title='原始值：4.408'>4.41</span>", "<span data-toggle='tooltip' data-placement='right' title='原始值：0.188'>0.188</span>", "<span data-toggle='tooltip' data-placement='right' title='原始值：0.067'>0.067</span>", "<span data-toggle='tooltip' data-placement='right' title='原始值：1.665'>1.66</span>", "*", "*", "正常"], ["浙江省", "太湖流域", "<span data-toggle='tooltip' data-placement='right' title='所在地市:湖州市&#10;所属河流:西苕溪'>新港口(新塘港)</span>", "12-04 08:00", "Ⅲ", "<span data-toggle='tooltip' data-placement='right' title='原始值：9.36481'>9.4</span>", "<span data-toggle='tooltip' data-placement='right' title='原始值：8.41827'>8.42</span>", "<span data-toggle='tooltip' data-placement='right' title='原始值：11.1124'>11.11</span>", "<span data-toggle='tooltip' data-placement='right' title='原始值：376.283'>376.3</span>", "<span data-toggle='tooltip' data-placement='right' title='原始值：177.52'>177.5</span>", "<span data-toggle='tooltip' data-placement='right' title='原始值：4.29332'>4.29</span>", "<span data-toggle='tooltip' data-placement='right' title='原始值：0.08171'>0.082</span>", "<span data-toggle='tooltip' data-placement='right' title='原始值：0.11413'>0.114</span>", "<span data-toggle='tooltip' data-placement='right' title='原始值：4.06043'>4.06</span>", "<span data-toggle='tooltip' data-placement='right' title='原始值：0.02011'>0.020</span>", "*", "正常"], ["安徽省", "巢湖流域", "<span data-toggle='tooltip' data-placement='right' title='所在地市:合肥市&#10;所属河流:巢湖'>湖滨(老)</span>", "12-04 08:00", "Ⅴ", "<span data-toggle='tooltip' data-placement='right' title='原始值：8.40145'>8.4</span>", "<span data-toggle='tooltip' data-placement='right' title='原始值：6.93452'>6.93</span>", "<span data-toggle='tooltip' data-placement='right' title='原始值：10.9908'>10.99</span>", "<span data-toggle='tooltip' data-placement='right' title='原始值：253.7531'>253.8</span>", "<span data-toggle='tooltip' data-placement='right' title='原始值：134.9772'>135.0</span>", "<span data-toggle='tooltip' data-placement='right' title='原始值：1.98'>1.98</span>", "<span data-toggle='tooltip' data-placement='right' title='原始值：0.18'>0.180</span>", "<span data-toggle='tooltip' data-placement='right' title='原始值：0.1181'>0.118</span>", "<span data-toggle='tooltip' data-placement='right' title='原始值：2.094'>2.09</span>", "<span data-toggle='tooltip' data-placement='right' title='原始值：0.05705'>0.057</span>", "*", "正常"], ["安徽省", "巢湖流域", "<span data-toggle='tooltip' data-placement='right' title='所在地市:芜湖市&#10;所属河流:巢湖'>裕溪口(老)</span>", "12-04 08:00", "Ⅴ", "<span data-toggle='tooltip' data-placement='right' title='原始值：12.0537'>12.1</span>", "<span data-toggle='tooltip' data-placement='right' title='原始值：7.40958'>7.41</span>", "<span data-toggle='tooltip' data-placement='right' title='原始值：7.97131'>7.97</span>", "<span data-toggle='tooltip' data-placement='right' title='原始值：267.5368'>267.5</span>", "<span data-toggle='tooltip' data-placement='right' title='原始值：133.2802'>133.3</span>", "<span data-toggle='tooltip' data-placement='right' title='原始值：3.39'>3.39</span>", "<span data-toggle='tooltip' data-placement='right' title='原始值：0.07'>0.070</span>", "<span data-toggle='tooltip' data-placement='right' title='原始值：0.1026'>0.103</span>", "<span data-toggle='tooltip' data-placement='right' title='原始值：4.129'>4.13</span>", "<span data-toggle='tooltip' data-placement='right' title='原始值：0.00763'>0.008</span>", "*", "正常"], ["安徽省", "淮河流域", "<span data-toggle='tooltip' data-placement='right' title='所在地市:蚌埠市&#10;所属河流:淮河'>蚌埠闸上(蚌埠闸)</span>", "12-04 08:00", "Ⅲ", "<span data-toggle='tooltip' data-placement='right' title='原始值：11.61'>11.6</span>", "<span data-toggle='tooltip' data-placement='right' title='原始值：7.97'>7.97</span>", "<span data-toggle='tooltip' data-placement='right' title='原始值：11.2'>11.20</span>", "<span data-toggle='tooltip' data-placement='right' title='原始值：549.55'>549.6</span>", "<span data-toggle='tooltip' data-placement='right' title='原始值：52.91'>52.9</span>", "<span data-toggle='tooltip' data-placement='right' title='原始值：4.23'>4.23</span>", "<span data-toggle='tooltip' data-placement='right' title='原始值：0.047'>0.047</span>", "<span data-toggle='tooltip' data-placement='right' title='原始值：0.117'>0.117</span>", "<span data-toggle='tooltip' data-placement='right' title='原始值：1.768'>1.77</span>", "*", "*", "正常"], ["安徽省", "淮河流域", "<span data-toggle='tooltip' data-placement='right' title='所在地市:淮南市&#10;所属河流:淮河'>石头埠(老)</span>", "12-04 08:00", "Ⅲ", "<span data-toggle='tooltip' data-placement='right' title='原始值：8.94496'>8.9</span>", "<span data-toggle='tooltip' data-placement='right' title='原始值：7.5079'>7.51</span>", "<span data-toggle='tooltip' data-placement='right' title='原始值：6.57873'>6.58</span>", "<span data-toggle='tooltip' data-placement='right' title='原始值：275.4557'>275.5</span>", "<span data-toggle='tooltip' data-placement='right' title='原始值：101.3676'>101.4</span>", "<span data-toggle='tooltip' data-placement='right' title='原始值：4.07'>4.07</span>", "<span data-toggle='tooltip' data-placement='right' title='原始值：0.33'>0.330</span>", "*", "*", "*", "*", "正常"], ["安徽省", "淮河流域", "<span data-toggle='tooltip' data-placement='right' title='所在地市:淮北市&#10;所属河流:沱河'>小王桥</span>", "12-04 08:00", "Ⅳ", "<span data-toggle='tooltip' data-placement='right' title='原始值：8.64'>8.6</span>", "<span data-toggle='tooltip' data-placement='right' title='原始值：8.22'>8.22</span>", "<span data-toggle='tooltip' data-placement='right' title='原始值：9.32'>9.32</span>", "<span data-toggle='tooltip' data-placement='right' title='原始值：1880.87'>1880.9</span>", "<span data-toggle='tooltip' data-placement='right' title='原始值：23.57'>23.6</span>", "<span data-toggle='tooltip' data-placement='right' title='原始值：7.248'>7.25</span>", "<span data-toggle='tooltip' data-placement='right' title='原始值：0.036'>0.036</span>", "<span data-toggle='tooltip' data-placement='right' title='原始值：0.14'>0.140</span>", "<span data-toggle='tooltip' data-placement='right' title='原始值：1.233'>1.23</span>", "*", "*", "正常"], ["安徽省", "长江流域", "<span data-toggle='tooltip' data-placement='right' title='所在地市:安庆市&#10;所属河流:长江'>皖河口</span>", "12-04 08:00", "Ⅱ", "<span data-toggle='tooltip' data-placement='right' title='原始值：12.34'>12.3</span>", "<span data-toggle='tooltip' data-placement='right' title='原始值：7.677'>7.68</span>", "<span data-toggle='tooltip' data-placement='right' title='原始值：8.91'>8.91</span>", "<span data-toggle='tooltip' data-placement='right' title='原始值：310.82'>310.8</span>", "<span data-toggle='tooltip' data-placement='right' title='原始值：38.16'>38.2</span>", "<span data-toggle='tooltip' data-placement='right' title='原始值：2.177'>2.18</span>", "<span data-toggle='tooltip' data-placement='right' title='原始值：0.05'>0.050</span>", "<span data-toggle='tooltip' data-placement='right' title='原始值：0.0754'>0.075</span>", "<span data-toggle='tooltip' data-placement='right' title='原始值：2.548'>2.55</span>", "*", "*", "正常"], ["安徽省", "淮河流域", "<span data-toggle='tooltip' data-placement='right' title='所在地市:滁州市&#10;所属河流:淮河'>小柳巷</span>", "12-04 08:00", "Ⅱ", "<span data-toggle='tooltip' data-placement='right' title='原始值：12.3'>12.3</span>", "<span data-toggle='tooltip' data-placement='right' title='原始值：7.56'>7.56</span>", "<span data-toggle='tooltip' data-placement='right' title='原始值：8.93'>8.93</span>", "<span data-toggle='tooltip' data-placement='right' title='原始值：488.1'>488.1</span>", "<span data-toggle='tooltip' data-placement='right' title='原始值：113.07'>113.1</span>", "<span data-toggle='tooltip' data-placement='right' title='原始值：2.92'>2.92</span>", "<span data-toggle='tooltip' data-placement='right' title='原始值：0.124'>0.124</span>", "<span data-toggle='tooltip' data-placement='right' title='原始值：0.077'>0.077</span>", "<span data-toggle='tooltip' data-placement='right' title='原始值：1.915'>1.92</span>", "*", "*", "正常"], ["安徽省", "淮河流域", "<span data-toggle='tooltip' data-placement='right' title='所在地市:阜阳市&#10;所属河流:黑茨河'>张大桥</span>", null, "", "--", "--", "--", "--", "--", "--", "--", "--", "--", "*", "*", "停站"], ["安徽省", "淮河流域", "<span data-toggle='tooltip' data-placement='right' title='所在地市:阜阳市&#10;所属河流:淮河'>王家坝</span>", "12-04 08:00", "Ⅱ", "<span data-toggle='tooltip' data-placement='right' title='原始值：8.36'>8.4</span>", "<span data-toggle='tooltip' data-placement='right' title='原始值：7.2602'>7.26</span>", "<span data-toggle='tooltip' data-placement='right' title='原始值：8.10489'>8.10</span>", "<span data-toggle='tooltip' data-placement='right' title='原始值：256.1638'>256.2</span>", "<span data-toggle='tooltip' data-placement='right' title='原始值：17.86553'>17.9</span>", "<span data-toggle='tooltip' data-placement='right' title='原始值：3.3'>3.30</span>", "<span data-toggle='tooltip' data-placement='right' title='原始值：0.408'>0.408</span>", "<span data-toggle='tooltip' data-placement='right' title='原始值：0.06887'>0.069</span>", "<span data-toggle='tooltip' data-placement='right' title='原始值：2.13802'>2.14</span>", "*", "*", "正常"], ["安徽省", "淮河流域", "<span data-toggle='tooltip' data-placement='right' title='所在地市:阜阳市&#10;所属河流:颍河'>界首七渡口(七渡口)</span>", "12-04 08:00", "Ⅲ", "<span data-toggle='tooltip' data-placement='right' title='原始值：10.72681'>10.7</span>", "<span data-toggle='tooltip' data-placement='right' title='原始值：6.46412'>6.46</span>", "<span data-toggle='tooltip' data-placement='right' title='原始值：6.3254'>6.33</span>", "<span data-toggle='tooltip' data-placement='right' title='原始值：765.3191'>765.3</span>", "<span data-toggle='tooltip' data-placement='right' title='原始值：14.52268'>14.5</span>", "<span data-toggle='tooltip' data-placement='right' title='原始值：3.3'>3.30</span>", "<span data-toggle='tooltip' data-placement='right' title='原始值：0.68'>0.680</span>", "<span data-toggle='tooltip' data-placement='right' title='原始值：0.08668'>0.087</span>", "<span data-toggle='tooltip' data-placement='right' title='原始值：5.05919'>5.06</span>", "*", "*", "正常"], ["安徽省", "淮河流域", "<span data-toggle='tooltip' data-placement='right' title='所在地市:阜阳市&#10;所属河流:泉河'>许庄(徐庄)</span>", "12-04 08:00", "Ⅱ", "<span data-toggle='tooltip' data-placement='right' title='原始值：4'>4.0</span>", "<span data-toggle='tooltip' data-placement='right' title='原始值：7.93'>7.93</span>", "<span data-toggle='tooltip' data-placement='right' title='原始值：7.79'>7.79</span>", "<span data-toggle='tooltip' data-placement='right' title='原始值：1015.6'>1015.6</span>", "<span data-toggle='tooltip' data-placement='right' title='原始值：238.11'>238.1</span>", "<span data-toggle='tooltip' data-placement='right' title='原始值：2.97'>2.97</span>", "<span data-toggle='tooltip' data-placement='right' title='原始值：0.31'>0.310</span>", "<span data-toggle='tooltip' data-placement='right' title='原始值：0.078'>0.078</span>", "<span data-toggle='tooltip' data-placement='right' title='原始值：2.332'>2.33</span>", "*", "*", "正常"], ["安徽省", "淮河流域", "<span data-toggle='tooltip' data-placement='right' title='所在地市:宿州市&#10;所属河流:奎河'>杨庄</span>", "12-04 08:00", "Ⅲ", "<span data-toggle='tooltip' data-placement='right' title='原始值：8.54'>8.5</span>", "<span data-toggle='tooltip' data-placement='right' title='原始值：8.03'>8.03</span>", "<span data-toggle='tooltip' data-placement='right' title='原始值：9.91'>9.91</span>", "<span data-toggle='tooltip' data-placement='right' title='原始值：925.8'>925.8</span>", "<span data-toggle='tooltip' data-placement='right' title='原始值：58.98'>59.0</span>", "<span data-toggle='tooltip' data-placement='right' title='原始值：3.76'>3.76</span>", "<span data-toggle='tooltip' data-placement='right' title='原始值：0.633'>0.633</span>", "*", "*", "*", "*", "正常"], ["安徽省", "淮河流域", "<span data-toggle='tooltip' data-placement='right' title='所在地市:宿州市&#10;所属河流:新汴河'>泗县公路桥</span>", "12-04 08:00", "Ⅲ", "<span data-toggle='tooltip' data-placement='right' title='原始值：8.83'>8.8</span>", "<span data-toggle='tooltip' data-placement='right' title='原始值：8.11'>8.11</span>", "<span data-toggle='tooltip' data-placement='right' title='原始值：11.35'>11.35</span>", "<span data-toggle='tooltip' data-placement='right' title='原始值：967.2'>967.2</span>", "<span data-toggle='tooltip' data-placement='right' title='原始值：15.8'>15.8</span>", "<span data-toggle='tooltip' data-placement='right' title='原始值：4.98'>4.98</span>", "<span data-toggle='tooltip' data-placement='right' title='原始值：0.068'>0.068</span>", "*", "*", "*", "*", "正常"], ["安徽省", "淮河流域", "<span data-toggle='tooltip' data-placement='right' title='所在地市:亳州市&#10;所属河流:包河'>颜集</span>", "12-04 08:00", "Ⅲ", "<span data-toggle='tooltip' data-placement='right' title='原始值：7.5'>7.5</span>", "<span data-toggle='tooltip' data-placement='right' title='原始值：7.87'>7.87</span>", "<span data-toggle='tooltip' data-placement='right' title='原始值：9.33'>9.33</span>", "<span data-toggle='tooltip' data-placement='right' title='原始值：1698.5'>1698.5</span>", "<span data-toggle='tooltip' data-placement='right' title='原始值：322.53'>322.5</span>", "<span data-toggle='tooltip' data-placement='right' title='原始值：2.49'>2.49</span>", "<span data-toggle='tooltip' data-placement='right' title='原始值：0.56'>0.560</span>", "<span data-toggle='tooltip' data-placement='right' title='原始值：0.139'>0.139</span>", "<span data-toggle='tooltip' data-placement='right' title='原始值：5.557'>5.56</span>", "*", "*", "正常"], ["福建省", "浙闽片河流", "<span data-toggle='tooltip' data-placement='right' title='所在地市:福州市&#10;所属河流:闽江'>白岩潭</span>", "12-04 08:00", "Ⅱ", "<span data-toggle='tooltip' data-placement='right' title='原始值：19.35'>19.4</span>", "<span data-toggle='tooltip' data-placement='right' title='原始值：7.31'>7.31</span>", "<span data-toggle='tooltip' data-placement='right' title='原始值：8.19'>8.19</span>", "<span data-toggle='tooltip' data-placement='right' title='原始值：2096.1'>2096.1</span>", "<span data-toggle='tooltip' data-placement='right' title='原始值：313.8'>313.8</span>", "<span data-toggle='tooltip' data-placement='right' title='原始值：2.67'>2.67</span>", "<span data-toggle='tooltip' data-placement='right' title='原始值：0.077'>0.077</span>", "*", "*", "*", "*", "正常"], ["江西省", "长江流域", "<span data-toggle='tooltip' data-placement='right' title='所在地市:南昌市&#10;所属河流:赣江南支'>滁槎</span>", "12-04 08:00", "Ⅲ", "<span data-toggle='tooltip' data-placement='right' title='原始值：9.96718'>10.0</span>", "<span data-toggle='tooltip' data-placement='right' title='原始值：8.4601'>8.46</span>", "<span data-toggle='tooltip' data-placement='right' title='原始值：9.27802'>9.28</span>", "<span data-toggle='tooltip' data-placement='right' title='原始值：191.7889'>191.8</span>", "<span data-toggle='tooltip' data-placement='right' title='原始值：67.14626'>67.1</span>", "<span data-toggle='tooltip' data-placement='right' title='原始值：2.83'>2.83</span>", "<span data-toggle='tooltip' data-placement='right' title='原始值：0.12'>0.120</span>", "<span data-toggle='tooltip' data-placement='right' title='原始值：0.197'>0.197</span>", "<span data-toggle='tooltip' data-placement='right' title='原始值：1.3675'>1.37</span>", "*", "*", "正常"], ["江西省", "长江流域", "<span data-toggle='tooltip' data-placement='right' title='所在地市:九江市&#10;所属河流:长江'>姚港(河西水厂)</span>", "12-04 08:00", "Ⅲ", "<span data-toggle='tooltip' data-placement='right' title='原始值：12.32'>12.3</span>", "<span data-toggle='tooltip' data-placement='right' title='原始值：7.59'>7.59</span>", "<span data-toggle='tooltip' data-placement='right' title='原始值：10.2'>10.20</span>", "<span data-toggle='tooltip' data-placement='right' title='原始值：344.63'>344.6</span>", "<span data-toggle='tooltip' data-placement='right' title='原始值：52.91'>52.9</span>", "<span data-toggle='tooltip' data-placement='right' title='原始值：1.062'>1.06</span>", "<span data-toggle='tooltip' data-placement='right' title='原始值：0.042'>0.042</span>", "<span data-toggle='tooltip' data-placement='right' title='原始值：0.109'>0.109</span>", "<span data-toggle='tooltip' data-placement='right' title='原始值：2.09'>2.09</span>", "*", "*", "正常"], ["江西省", "长江流域", "<span data-toggle='tooltip' data-placement='right' title='所在地市:九江市&#10;所属河流:鄱阳湖'>蛤蟆石</span>", "12-04 08:00", "Ⅳ", "<span data-toggle='tooltip' data-placement='right' title='原始值：10.36'>10.4</span>", "<span data-toggle='tooltip' data-placement='right' title='原始值：7.38'>7.38</span>", "<span data-toggle='tooltip' data-placement='right' title='原始值：10.7'>10.70</span>", "<span data-toggle='tooltip' data-placement='right' title='原始值：198.98'>199.0</span>", "<span data-toggle='tooltip' data-placement='right' title='原始值：69.58'>69.6</span>", "<span data-toggle='tooltip' data-placement='right' title='原始值：2.421'>2.42</span>", "<span data-toggle='tooltip' data-placement='right' title='原始值：0.249'>0.249</span>", "<span data-toggle='tooltip' data-placement='right' title='原始值：0.0597'>0.060</span>", "<span data-toggle='tooltip' data-placement='right' title='原始值：1.871'>1.87</span>", "<span data-toggle='tooltip' data-placement='right' title='原始值：0.00097'>0.001</span>", "<span data-toggle='tooltip' data-placement='right' title='原始值：1228800'>1228800</span>", "正常"], ["山东省", "黄河流域", "<span data-toggle='tooltip' data-placement='right' title='所在地市:济南市&#10;所属河流:黄河'>泺口</span>", "12-04 08:00", "Ⅱ", "<span data-toggle='tooltip' data-placement='right' title='原始值：5.84985'>5.8</span>", "<span data-toggle='tooltip' data-placement='right' title='原始值：8.48893'>8.49</span>", "<span data-toggle='tooltip' data-placement='right' title='原始值：12.4349'>12.43</span>", "<span data-toggle='tooltip' data-placement='right' title='原始值：811.968'>812.0</span>", "<span data-toggle='tooltip' data-placement='right' title='原始值：733.317'>733.3</span>", "<span data-toggle='tooltip' data-placement='right' title='原始值：1.93'>1.93</span>", "<span data-toggle='tooltip' data-placement='right' title='原始值：0.03044'>0.030</span>", "<span data-toggle='tooltip' data-placement='right' title='原始值：0.02738'>0.027</span>", "<span data-toggle='tooltip' data-placement='right' title='原始值：4.09'>4.09</span>", "*", "*", "正常"], ["山东省", "淮河流域", "<span data-toggle='tooltip' data-placement='right' title='所在地市:枣庄市&#10;所属河流:京杭大运河（韩庄运河）'>台儿庄大桥</span>", "12-04 08:00", "Ⅱ", "<span data-toggle='tooltip' data-placement='right' title='原始值：9.30065'>9.3</span>", "<span data-toggle='tooltip' data-placement='right' title='原始值：8.02506'>8.03</span>", "<span data-toggle='tooltip' data-placement='right' title='原始值：10.322'>10.32</span>", "<span data-toggle='tooltip' data-placement='right' title='原始值：908.1754'>908.2</span>", "<span data-toggle='tooltip' data-placement='right' title='原始值：25.48803'>25.5</span>", "<span data-toggle='tooltip' data-placement='right' title='原始值：2.69218'>2.69</span>", "<span data-toggle='tooltip' data-placement='right' title='原始值：0.08446'>0.084</span>", "<span data-toggle='tooltip' data-placement='right' title='原始值：0.04546'>0.045</span>", "<span data-toggle='tooltip' data-placement='right' title='原始值：3.06253'>3.06</span>", "*", "*", "正常"], ["山东省", "淮河流域", "<span data-toggle='tooltip' data-placement='right' title='所在地市:临沂市&#10;所属河流:沭河'>清泉寺</span>", "12-04 08:00", "Ⅲ", "<span data-toggle='tooltip' data-placement='right' title='原始值：10.3741'>10.4</span>", "<span data-toggle='tooltip' data-placement='right' title='原始值：8.75559'>8.76</span>", "<span data-toggle='tooltip' data-placement='right' title='原始值：11.39309'>11.39</span>", "<span data-toggle='tooltip' data-placement='right' title='原始值：880.6323'>880.6</span>", "<span data-toggle='tooltip' data-placement='right' title='原始值：7.17394'>7.2</span>", "<span data-toggle='tooltip' data-placement='right' title='原始值：4.57'>4.57</span>", "<span data-toggle='tooltip' data-placement='right' title='原始值：0.15'>0.150</span>", "*", "*", "*", "*", "正常"], ["山东省", "淮河流域", "<span data-toggle='tooltip' data-placement='right' title='所在地市:临沂市&#10;所属河流:沂河'>重坊桥</span>", "12-04 08:00", "Ⅳ", "<span data-toggle='tooltip' data-placement='right' title='原始值：8.51869'>8.5</span>", "<span data-toggle='tooltip' data-placement='right' title='原始值：7.93083'>7.93</span>", "<span data-toggle='tooltip' data-placement='right' title='原始值：11.16103'>11.16</span>", "<span data-toggle='tooltip' data-placement='right' title='原始值：716.5981'>716.6</span>", "<span data-toggle='tooltip' data-placement='right' title='原始值：9.49439'>9.5</span>", "<span data-toggle='tooltip' data-placement='right' title='原始值：2.68'>2.68</span>", "<span data-toggle='tooltip' data-placement='right' title='原始值：1.21358'>1.214</span>", "*", "*", "*", "*", "正常"], ["山东省", "淮河流域", "<span data-toggle='tooltip' data-placement='right' title='所在地市:临沂市&#10;所属河流:白马河'>捷庄(涝沟桥)</span>", "12-04 08:00", "Ⅲ", "<span data-toggle='tooltip' data-placement='right' title='原始值：7.3'>7.3</span>", "<span data-toggle='tooltip' data-placement='right' title='原始值：8.27'>8.27</span>", "<span data-toggle='tooltip' data-placement='right' title='原始值：14.73355'>14.73</span>", "<span data-toggle='tooltip' data-placement='right' title='原始值：809.998'>810.0</span>", "<span data-toggle='tooltip' data-placement='right' title='原始值：9.68769'>9.7</span>", "<span data-toggle='tooltip' data-placement='right' title='原始值：4.65'>4.65</span>", "<span data-toggle='tooltip' data-placement='right' title='原始值：0.04103'>0.041</span>", "<span data-toggle='tooltip' data-placement='right' title='原始值：0.08865'>0.089</span>", "<span data-toggle='tooltip' data-placement='right' title='原始值：6.53108'>6.53</span>", "*", "*", "正常"], ["山东省", "海河流域", "<span data-toggle='tooltip' data-placement='right' title='所在地市:聊城市&#10;所属河流:卫运河'>秤勾湾(秤钩湾)</span>", null, "", "--", "--", "--", "--", "--", "--", "--", "--", "--", "*", "*", "停站"], ["河南省", "长江流域", "<span data-toggle='tooltip' data-placement='right' title='所在地市:南阳市&#10;所属河流:丹江口水库'>陶岔</span>", "12-04 08:00", "Ⅰ", "<span data-toggle='tooltip' data-placement='right' title='原始值：15.67'>15.7</span>", "<span data-toggle='tooltip' data-placement='right' title='原始值：7.85522'>7.86</span>", "<span data-toggle='tooltip' data-placement='right' title='原始值：8.80334'>8.80</span>", "<span data-toggle='tooltip' data-placement='right' title='原始值：291.3597'>291.4</span>", "<span data-toggle='tooltip' data-placement='right' title='原始值：2.41424'>2.4</span>", "<span data-toggle='tooltip' data-placement='right' title='原始值：1.47'>1.47</span>", "<span data-toggle='tooltip' data-placement='right' title='原始值：0.10977'>0.110</span>", "<span data-toggle='tooltip' data-placement='right' title='原始值：0.0085'>0.008</span>", "<span data-toggle='tooltip' data-placement='right' title='原始值：0.86673'>0.87</span>", "<span data-toggle='tooltip' data-placement='right' title='原始值：0.00644'>0.006</span>", "<span data-toggle='tooltip' data-placement='right' title='原始值：376276.3'>376276</span>", "正常"], ["河南省", "淮河流域", "<span data-toggle='tooltip' data-placement='right' title='所在地市:商丘市&#10;所属河流:浍河'>黄口</span>", "12-04 08:00", "Ⅱ", "<span data-toggle='tooltip' data-placement='right' title='原始值：8.00625'>8.0</span>", "<span data-toggle='tooltip' data-placement='right' title='原始值：7.62063'>7.62</span>", "<span data-toggle='tooltip' data-placement='right' title='原始值：12.06803'>12.07</span>", "<span data-toggle='tooltip' data-placement='right' title='原始值：2279.125'>2279.1</span>", "<span data-toggle='tooltip' data-placement='right' title='原始值：21.11814'>21.1</span>", "<span data-toggle='tooltip' data-placement='right' title='原始值：2.3'>2.30</span>", "<span data-toggle='tooltip' data-placement='right' title='原始值：0.002'>0.002</span>", "<span data-toggle='tooltip' data-placement='right' title='原始值：0.0588'>0.059</span>", "<span data-toggle='tooltip' data-placement='right' title='原始值：9.60367'>9.60</span>", "*", "*", "正常"], ["河南省", "淮河流域", "<span data-toggle='tooltip' data-placement='right' title='所在地市:信阳市&#10;所属河流:史灌河'>蒋集</span>", "12-04 08:00", "Ⅱ", "<span data-toggle='tooltip' data-placement='right' title='原始值：6.63984'>6.6</span>", "<span data-toggle='tooltip' data-placement='right' title='原始值：7.10238'>7.10</span>", "<span data-toggle='tooltip' data-placement='right' title='原始值：7.94999'>7.95</span>", "<span data-toggle='tooltip' data-placement='right' title='原始值：249'>249.0</span>", "<span data-toggle='tooltip' data-placement='right' title='原始值：333.9872'>334.0</span>", "<span data-toggle='tooltip' data-placement='right' title='原始值：2.42'>2.42</span>", "<span data-toggle='tooltip' data-placement='right' title='原始值：0.48773'>0.488</span>", "*", "*", "*", "*", "正常"], ["河南省", "淮河流域", "<span data-toggle='tooltip' data-placement='right' title='所在地市:信阳市&#10;所属河流:淮河'>淮滨水文站(淮滨)</span>", "12-04 08:00", "Ⅲ", "<span data-toggle='tooltip' data-placement='right' title='原始值：9.4'>9.4</span>", "<span data-toggle='tooltip' data-placement='right' title='原始值：7.38'>7.38</span>", "<span data-toggle='tooltip' data-placement='right' title='原始值：10.34'>10.34</span>", "<span data-toggle='tooltip' data-placement='right' title='原始值：288'>288.0</span>", "<span data-toggle='tooltip' data-placement='right' title='原始值：59.11854'>59.1</span>", "<span data-toggle='tooltip' data-placement='right' title='原始值：2.66882'>2.67</span>", "<span data-toggle='tooltip' data-placement='right' title='原始值：0.48763'>0.488</span>", "<span data-toggle='tooltip' data-placement='right' title='原始值：0.12143'>0.121</span>", "<span data-toggle='tooltip' data-placement='right' title='原始值：1.80929'>1.81</span>", "*", "*", "正常"], ["河南省", "淮河流域", "<span data-toggle='tooltip' data-placement='right' title='所在地市:周口市&#10;所属河流:沙河'>沈丘闸</span>", "12-04 08:00", "Ⅳ", "<span data-toggle='tooltip' data-placement='right' title='原始值：12.23712'>12.2</span>", "<span data-toggle='tooltip' data-placement='right' title='原始值：7.47093'>7.47</span>", "<span data-toggle='tooltip' data-placement='right' title='原始值：5.71827'>5.72</span>", "<span data-toggle='tooltip' data-placement='right' title='原始值：1042.182'>1042.2</span>", "<span data-toggle='tooltip' data-placement='right' title='原始值：13.73096'>13.7</span>", "<span data-toggle='tooltip' data-placement='right' title='原始值：3.66703'>3.67</span>", "<span data-toggle='tooltip' data-placement='right' title='原始值：1.37'>1.370</span>", "*", "*", "*", "*", "正常"], ["河南省", "淮河流域", "<span data-toggle='tooltip' data-placement='right' title='所在地市:周口市&#10;所属河流:涡河'>鹿邑付桥(鹿邑付桥闸)</span>", "12-04 08:00", "Ⅲ", "<span data-toggle='tooltip' data-placement='right' title='原始值：11.05898'>11.1</span>", "<span data-toggle='tooltip' data-placement='right' title='原始值：8.49902'>8.50</span>", "<span data-toggle='tooltip' data-placement='right' title='原始值：9.24872'>9.25</span>", "<span data-toggle='tooltip' data-placement='right' title='原始值：1542.024'>1542.0</span>", "<span data-toggle='tooltip' data-placement='right' title='原始值：7.36822'>7.4</span>", "<span data-toggle='tooltip' data-placement='right' title='原始值：5.725'>5.72</span>", "<span data-toggle='tooltip' data-placement='right' title='原始值：0.07'>0.070</span>", "<span data-toggle='tooltip' data-placement='right' title='原始值：0.077'>0.077</span>", "<span data-toggle='tooltip' data-placement='right' title='原始值：1.05461'>1.05</span>", "*", "*", "正常"], ["河南省", "淮河流域", "<span data-toggle='tooltip' data-placement='right' title='所在地市:驻马店市&#10;所属河流:洪河'>新蔡班台(班台)</span>", "12-04 08:00", "Ⅳ", "<span data-toggle='tooltip' data-placement='right' title='原始值：11.7571'>11.8</span>", "<span data-toggle='tooltip' data-placement='right' title='原始值：7.57484'>7.57</span>", "<span data-toggle='tooltip' data-placement='right' title='原始值：10.98298'>10.98</span>", "<span data-toggle='tooltip' data-placement='right' title='原始值：672.236'>672.2</span>", "<span data-toggle='tooltip' data-placement='right' title='原始值：0.86684'>0.9</span>", "<span data-toggle='tooltip' data-placement='right' title='原始值：3.34925'>3.35</span>", "<span data-toggle='tooltip' data-placement='right' title='原始值：1.46'>1.460</span>", "<span data-toggle='tooltip' data-placement='right' title='原始值：0.1762'>0.176</span>", "<span data-toggle='tooltip' data-placement='right' title='原始值：4.58098'>4.58</span>", "*", "*", "正常"], ["河南省", "黄河流域", "<span data-toggle='tooltip' data-placement='right' title='所在地市:济源市&#10;所属河流:黄河'>小浪底水库(小浪底)</span>", "12-04 08:00", "Ⅱ", "<span data-toggle='tooltip' data-placement='right' title='原始值：9.96615'>10.0</span>", "<span data-toggle='tooltip' data-placement='right' title='原始值：8.54583'>8.55</span>", "<span data-toggle='tooltip' data-placement='right' title='原始值：9.92675'>9.93</span>", "<span data-toggle='tooltip' data-placement='right' title='原始值：724.9926'>725.0</span>", "<span data-toggle='tooltip' data-placement='right' title='原始值：7.73815'>7.7</span>", "<span data-toggle='tooltip' data-placement='right' title='原始值：1.4125'>1.41</span>", "<span data-toggle='tooltip' data-placement='right' title='原始值：0.18'>0.180</span>", "<span data-toggle='tooltip' data-placement='right' title='原始值：0.0085'>0.008</span>", "<span data-toggle='tooltip' data-placement='right' title='原始值：3.3675'>3.37</span>", "*", "*", "正常"], ["湖北省", "长江流域", "<span data-toggle='tooltip' data-placement='right' title='所在地市:武汉市&#10;所属河流:汉江'>宗关</span>", "12-04 08:00", "Ⅲ", "<span data-toggle='tooltip' data-placement='right' title='原始值：10.45'>10.4</span>", "<span data-toggle='tooltip' data-placement='right' title='原始值：7.976572'>7.98</span>", "<span data-toggle='tooltip' data-placement='right' title='原始值：10.47705'>10.48</span>", "<span data-toggle='tooltip' data-placement='right' title='原始值：430.2846'>430.3</span>", "<span data-toggle='tooltip' data-placement='right' title='原始值：33.06984'>33.1</span>", "<span data-toggle='tooltip' data-placement='right' title='原始值：5.2'>5.20</span>", "<span data-toggle='tooltip' data-placement='right' title='原始值：0.116'>0.116</span>", "<span data-toggle='tooltip' data-placement='right' title='原始值：0.125'>0.125</span>", "<span data-toggle='tooltip' data-placement='right' title='原始值：3.595407'>3.60</span>", "<span data-toggle='tooltip' data-placement='right' title='原始值：0.0027344'>0.003</span>", "*", "正常"], ["湖北省", "长江流域", "<span data-toggle='tooltip' data-placement='right' title='所在地市:十堰市&#10;所属河流:丹江口水库'>坝上中(胡家岭)</span>", "12-04 08:00", "Ⅱ", "<span data-toggle='tooltip' data-placement='right' title='原始值：16.57'>16.6</span>", "<span data-toggle='tooltip' data-placement='right' title='原始值：7.839283'>7.84</span>", "<span data-toggle='tooltip' data-placement='right' title='原始值：7.824185'>7.82</span>", "<span data-toggle='tooltip' data-placement='right' title='原始值：268.938'>268.9</span>", "<span data-toggle='tooltip' data-placement='right' title='原始值：3.189868'>3.2</span>", "<span data-toggle='tooltip' data-placement='right' title='原始值：1.69'>1.69</span>", "<span data-toggle='tooltip' data-placement='right' title='原始值：0.074'>0.074</span>", "<span data-toggle='tooltip' data-placement='right' title='原始值：0.017'>0.017</span>", "<span data-toggle='tooltip' data-placement='right' title='原始值：1.291'>1.29</span>", "<span data-toggle='tooltip' data-placement='right' title='原始值：0.0075565'>0.008</span>", "<span data-toggle='tooltip' data-placement='right' title='原始值：7638000'>7638000</span>", "正常"], ["湖北省", "长江流域", "<span data-toggle='tooltip' data-placement='right' title='所在地市:宜昌市&#10;所属河流:长江'>南津关</span>", "12-04 08:00", "Ⅱ", "<span data-toggle='tooltip' data-placement='right' title='原始值：17.87'>17.9</span>", "<span data-toggle='tooltip' data-placement='right' title='原始值：7.903044'>7.90</span>", "<span data-toggle='tooltip' data-placement='right' title='原始值：8.341114'>8.34</span>", "<span data-toggle='tooltip' data-placement='right' title='原始值：391.94'>391.9</span>", "<span data-toggle='tooltip' data-placement='right' title='原始值：4.366528'>4.4</span>", "<span data-toggle='tooltip' data-placement='right' title='原始值：1.45'>1.45</span>", "<span data-toggle='tooltip' data-placement='right' title='原始值：0.069'>0.069</span>", "<span data-toggle='tooltip' data-placement='right' title='原始值：0.043'>0.043</span>", "<span data-toggle='tooltip' data-placement='right' title='原始值：1.6299'>1.63</span>", "<span data-toggle='tooltip' data-placement='right' title='原始值：0.002951'>0.003</span>", "*", "正常"], ["湖南省", "长江流域", "<span data-toggle='tooltip' data-placement='right' title='所在地市:长沙市&#10;所属河流:湘江'>新港</span>", null, "", "--", "--", "--", "--", "--", "--", "--", "--", "--", "*", "*", "停站"], ["湖南省", "长江流域", "<span data-toggle='tooltip' data-placement='right' title='所在地市:岳阳市&#10;所属河流:洞庭湖'>岳阳楼</span>", "12-04 08:00", "Ⅴ", "<span data-toggle='tooltip' data-placement='right' title='原始值：9.87'>9.9</span>", "<span data-toggle='tooltip' data-placement='right' title='原始值：8.086226'>8.09</span>", "<span data-toggle='tooltip' data-placement='right' title='原始值：10.56272'>10.56</span>", "<span data-toggle='tooltip' data-placement='right' title='原始值：280.0297'>280.0</span>", "<span data-toggle='tooltip' data-placement='right' title='原始值：59.02842'>59.0</span>", "<span data-toggle='tooltip' data-placement='right' title='原始值：2.08'>2.08</span>", "<span data-toggle='tooltip' data-placement='right' title='原始值：0.125'>0.125</span>", "<span data-toggle='tooltip' data-placement='right' title='原始值：0.135'>0.135</span>", "<span data-toggle='tooltip' data-placement='right' title='原始值：2.98'>2.98</span>", "<span data-toggle='tooltip' data-placement='right' title='原始值：0.0028594'>0.003</span>", "<span data-toggle='tooltip' data-placement='right' title='原始值：281.423'>281</span>", "正常"], ["湖南省", "长江流域", "<span data-toggle='tooltip' data-placement='right' title='所在地市:岳阳市&#10;所属河流:长江'>城陵矶</span>", "12-04 08:00", "Ⅲ", "<span data-toggle='tooltip' data-placement='right' title='原始值：11.36'>11.4</span>", "<span data-toggle='tooltip' data-placement='right' title='原始值：8.354009'>8.35</span>", "<span data-toggle='tooltip' data-placement='right' title='原始值：10.90183'>10.90</span>", "<span data-toggle='tooltip' data-placement='right' title='原始值：309.838'>309.8</span>", "<span data-toggle='tooltip' data-placement='right' title='原始值：130.2839'>130.3</span>", "<span data-toggle='tooltip' data-placement='right' title='原始值：2.57'>2.57</span>", "<span data-toggle='tooltip' data-placement='right' title='原始值：0.015'>0.015</span>", "<span data-toggle='tooltip' data-placement='right' title='原始值：0.197'>0.197</span>", "<span data-toggle='tooltip' data-placement='right' title='原始值：1.3833'>1.38</span>", "*", "*", "正常"], ["广东省", "珠江流域", "<span data-toggle='tooltip' data-placement='right' title='所在地市:清远市&#10;所属河流:北江'>七星岗</span>", "12-04 08:00", "Ⅱ", "<span data-toggle='tooltip' data-placement='right' title='原始值：19.60691'>19.6</span>", "<span data-toggle='tooltip' data-placement='right' title='原始值：7.81941'>7.82</span>", "<span data-toggle='tooltip' data-placement='right' title='原始值：9.1123'>9.11</span>", "<span data-toggle='tooltip' data-placement='right' title='原始值：263.8872'>263.9</span>", "<span data-toggle='tooltip' data-placement='right' title='原始值：11.89961'>11.9</span>", "<span data-toggle='tooltip' data-placement='right' title='原始值：0.91'>0.91</span>", "<span data-toggle='tooltip' data-placement='right' title='原始值：0.36484'>0.365</span>", "<span data-toggle='tooltip' data-placement='right' title='原始值：0.03147'>0.031</span>", "<span data-toggle='tooltip' data-placement='right' title='原始值：2.6831'>2.68</span>", "*", "*", "正常"], ["广东省", "珠江流域", "<span data-toggle='tooltip' data-placement='right' title='所在地市:中山市&#10;所属河流:西江'>横栏</span>", "12-04 08:00", "Ⅱ", "<span data-toggle='tooltip' data-placement='right' title='原始值：20.4'>20.4</span>", "<span data-toggle='tooltip' data-placement='right' title='原始值：7.76'>7.76</span>", "<span data-toggle='tooltip' data-placement='right' title='原始值：6.95'>6.95</span>", "<span data-toggle='tooltip' data-placement='right' title='原始值：301'>301.0</span>", "<span data-toggle='tooltip' data-placement='right' title='原始值：17.7'>17.7</span>", "<span data-toggle='tooltip' data-placement='right' title='原始值：1.54'>1.54</span>", "<span data-toggle='tooltip' data-placement='right' title='原始值：0.12963'>0.130</span>", "*", "*", "*", "*", "正常"], ["广西壮族自治区", "珠江流域", "<span data-toggle='tooltip' data-placement='right' title='所在地市:南宁市&#10;所属河流:邕江'>老口</span>", "12-04 08:00", "Ⅱ", "<span data-toggle='tooltip' data-placement='right' title='原始值：21.23423'>21.2</span>", "<span data-toggle='tooltip' data-placement='right' title='原始值：7.93555'>7.94</span>", "<span data-toggle='tooltip' data-placement='right' title='原始值：7.85186'>7.85</span>", "<span data-toggle='tooltip' data-placement='right' title='原始值：339.0675'>339.1</span>", "<span data-toggle='tooltip' data-placement='right' title='原始值：7.06749'>7.1</span>", "<span data-toggle='tooltip' data-placement='right' title='原始值：0.73794'>0.74</span>", "<span data-toggle='tooltip' data-placement='right' title='原始值：0.05631'>0.056</span>", "<span data-toggle='tooltip' data-placement='right' title='原始值：0.02182'>0.022</span>", "<span data-toggle='tooltip' data-placement='right' title='原始值：2.15729'>2.16</span>", "*", "*", "正常"], ["广西壮族自治区", "珠江流域", "<span data-toggle='tooltip' data-placement='right' title='所在地市:桂林市&#10;所属河流:漓江'>阳朔</span>", null, "", "--", "--", "--", "--", "--", "--", "--", "--", "--", "*", "*", "停站"], ["广西壮族自治区", "珠江流域", "<span data-toggle='tooltip' data-placement='right' title='所在地市:梧州市&#10;所属河流:浔江'>界首</span>", null, "", "--", "--", "--", "--", "--", "--", "--", "--", "--", "*", "*", "停站"], ["广西壮族自治区", "珠江流域", "<span data-toggle='tooltip' data-placement='right' title='所在地市:贵港市&#10;所属河流:浔江'>石嘴</span>", "12-04 08:00", "Ⅱ", "<span data-toggle='tooltip' data-placement='right' title='原始值：25.02136'>25.0</span>", "<span data-toggle='tooltip' data-placement='right' title='原始值：8.1122'>8.11</span>", "<span data-toggle='tooltip' data-placement='right' title='原始值：8.86509'>8.87</span>", "<span data-toggle='tooltip' data-placement='right' title='原始值：311.4183'>311.4</span>", "<span data-toggle='tooltip' data-placement='right' title='原始值：12.86075'>12.9</span>", "<span data-toggle='tooltip' data-placement='right' title='原始值：2.18'>2.18</span>", "<span data-toggle='tooltip' data-placement='right' title='原始值：0.12'>0.120</span>", "<span data-toggle='tooltip' data-placement='right' title='原始值：0.04136'>0.041</span>", "<span data-toggle='tooltip' data-placement='right' title='原始值：2.0187'>2.02</span>", "*", "*", "正常"], ["广西壮族自治区", "珠江流域", "<span data-toggle='tooltip' data-placement='right' title='所在地市:崇左市&#10;所属河流:平而河'>平而关</span>", "12-04 08:00", "Ⅱ", "<span data-toggle='tooltip' data-placement='right' title='原始值：19.50784'>19.5</span>", "<span data-toggle='tooltip' data-placement='right' title='原始值：7.49961'>7.50</span>", "<span data-toggle='tooltip' data-placement='right' title='原始值：8.93317'>8.93</span>", "<span data-toggle='tooltip' data-placement='right' title='原始值：262.5087'>262.5</span>", "<span data-toggle='tooltip' data-placement='right' title='原始值：18.32153'>18.3</span>", "<span data-toggle='tooltip' data-placement='right' title='原始值：0.94'>0.94</span>", "<span data-toggle='tooltip' data-placement='right' title='原始值：0.16'>0.160</span>", "*", "*", "*", "*", "正常"], ["重庆市", "长江流域", "<span data-toggle='tooltip' data-placement='right' title='所在地市:永川区&#10;所属河流:长江'>朱沱</span>", "12-04 08:00", "Ⅱ", "<span data-toggle='tooltip' data-placement='right' title='原始值：14.21'>14.2</span>", "<span data-toggle='tooltip' data-placement='right' title='原始值：7.92'>7.92</span>", "<span data-toggle='tooltip' data-placement='right' title='原始值：10.36'>10.36</span>", "<span data-toggle='tooltip' data-placement='right' title='原始值：394.92'>394.9</span>", "<span data-toggle='tooltip' data-placement='right' title='原始值：12.55'>12.6</span>", "<span data-toggle='tooltip' data-placement='right' title='原始值：0.792'>0.79</span>", "<span data-toggle='tooltip' data-placement='right' title='原始值：0.005'>0.005</span>", "<span data-toggle='tooltip' data-placement='right' title='原始值：0.051'>0.051</span>", "<span data-toggle='tooltip' data-placement='right' title='原始值：1.523'>1.52</span>", "*", "*", "正常"], ["四川省", "长江流域", "<span data-toggle='tooltip' data-placement='right' title='所在地市:攀枝花市&#10;所属河流:金沙江'>龙洞</span>", "12-04 08:00", "Ⅰ", "<span data-toggle='tooltip' data-placement='right' title='原始值：16.31'>16.3</span>", "<span data-toggle='tooltip' data-placement='right' title='原始值：8.242653'>8.24</span>", "<span data-toggle='tooltip' data-placement='right' title='原始值：8.54118'>8.54</span>", "<span data-toggle='tooltip' data-placement='right' title='原始值：864.615'>864.6</span>", "<span data-toggle='tooltip' data-placement='right' title='原始值：11.89581'>11.9</span>", "<span data-toggle='tooltip' data-placement='right' title='原始值：1.38'>1.38</span>", "<span data-toggle='tooltip' data-placement='right' title='原始值：0.083'>0.083</span>", "<span data-toggle='tooltip' data-placement='right' title='原始值：0.0073428'>0.007</span>", "<span data-toggle='tooltip' data-placement='right' title='原始值：2.743091'>2.74</span>", "*", "*", "正常"], ["四川省", "长江流域", "<span data-toggle='tooltip' data-placement='right' title='所在地市:泸州市&#10;所属河流:沱江'>沱江大桥(沱江二桥)</span>", "12-04 08:00", "Ⅱ", "<span data-toggle='tooltip' data-placement='right' title='原始值：15.05'>15.0</span>", "<span data-toggle='tooltip' data-placement='right' title='原始值：8.133981'>8.13</span>", "<span data-toggle='tooltip' data-placement='right' title='原始值：9.068066'>9.07</span>", "<span data-toggle='tooltip' data-placement='right' title='原始值：545.4709'>545.5</span>", "<span data-toggle='tooltip' data-placement='right' title='原始值：11.70778'>11.7</span>", "<span data-toggle='tooltip' data-placement='right' title='原始值：1.74'>1.74</span>", "<span data-toggle='tooltip' data-placement='right' title='原始值：0.012'>0.012</span>", "<span data-toggle='tooltip' data-placement='right' title='原始值：0.0995905'>0.100</span>", "<span data-toggle='tooltip' data-placement='right' title='原始值：3.504487'>3.50</span>", "*", "*", "正常"], ["四川省", "长江流域", "<span data-toggle='tooltip' data-placement='right' title='所在地市:广元市&#10;所属河流:嘉陵江'>清风峡</span>", "12-04 08:00", "Ⅰ", "<span data-toggle='tooltip' data-placement='right' title='原始值：8.6537'>8.7</span>", "<span data-toggle='tooltip' data-placement='right' title='原始值：8.46334'>8.46</span>", "<span data-toggle='tooltip' data-placement='right' title='原始值：11.74315'>11.74</span>", "<span data-toggle='tooltip' data-placement='right' title='原始值：415'>415.0</span>", "<span data-toggle='tooltip' data-placement='right' title='原始值：49.81203'>49.8</span>", "<span data-toggle='tooltip' data-placement='right' title='原始值：0.37'>0.37</span>", "<span data-toggle='tooltip' data-placement='right' title='原始值：0.10074'>0.101</span>", "*", "*", "*", "*", "正常"], ["四川省", "长江流域", "<span data-toggle='tooltip' data-placement='right' title='所在地市:乐山市&#10;所属河流:岷江'>岷江大桥</span>", null, "", "--", "--", "--", "--", "--", "--", "--", "--", "--", "*", "*", "停站"], ["四川省", "长江流域", "<span data-toggle='tooltip' data-placement='right' title='所在地市:宜宾市&#10;所属河流:岷江'>凉姜沟</span>", "12-04 08:00", "Ⅲ", "<span data-toggle='tooltip' data-placement='right' title='原始值：13.46'>13.5</span>", "<span data-toggle='tooltip' data-placement='right' title='原始值：8.045946'>8.05</span>", "<span data-toggle='tooltip' data-placement='right' title='原始值：9.297105'>9.30</span>", "<span data-toggle='tooltip' data-placement='right' title='原始值：317.4502'>317.5</span>", "<span data-toggle='tooltip' data-placement='right' title='原始值：43.78388'>43.8</span>", "<span data-toggle='tooltip' data-placement='right' title='原始值：1.64'>1.64</span>", "<span data-toggle='tooltip' data-placement='right' title='原始值：0.094'>0.094</span>", "<span data-toggle='tooltip' data-placement='right' title='原始值：0.103472'>0.103</span>", "<span data-toggle='tooltip' data-placement='right' title='原始值：1.875353'>1.88</span>", "*", "*", "正常"], ["云南省", "滇池流域", "<span data-toggle='tooltip' data-placement='right' title='所在地市:昆明市&#10;所属河流:滇池'>西苑隧道</span>", "12-04 08:00", "Ⅳ", "<span data-toggle='tooltip' data-placement='right' title='原始值：14.65'>14.6</span>", "<span data-toggle='tooltip' data-placement='right' title='原始值：7.71418'>7.71</span>", "<span data-toggle='tooltip' data-placement='right' title='原始值：7.086'>7.09</span>", "<span data-toggle='tooltip' data-placement='right' title='原始值：683.572'>683.6</span>", "<span data-toggle='tooltip' data-placement='right' title='原始值：18.816'>18.8</span>", "<span data-toggle='tooltip' data-placement='right' title='原始值：7.36'>7.36</span>", "<span data-toggle='tooltip' data-placement='right' title='原始值：0.01158'>0.012</span>", "<span data-toggle='tooltip' data-placement='right' title='原始值：0.02538'>0.025</span>", "<span data-toggle='tooltip' data-placement='right' title='原始值：4.7641'>4.76</span>", "<span data-toggle='tooltip' data-placement='right' title='原始值：0.0023'>0.002</span>", "<span data-toggle='tooltip' data-placement='right' title='原始值：8948385'>8948385</span>", "正常"], ["云南省", "滇池流域", "<span data-toggle='tooltip' data-placement='right' title='所在地市:昆明市&#10;所属河流:滇池'>观音山</span>", "12-04 08:00", "劣Ⅴ", "<span data-toggle='tooltip' data-placement='right' title='原始值：15.905'>15.9</span>", "<span data-toggle='tooltip' data-placement='right' title='原始值：9.259'>9.26</span>", "<span data-toggle='tooltip' data-placement='right' title='原始值：8.249'>8.25</span>", "<span data-toggle='tooltip' data-placement='right' title='原始值：387.244'>387.2</span>", "<span data-toggle='tooltip' data-placement='right' title='原始值：75.144'>75.1</span>", "<span data-toggle='tooltip' data-placement='right' title='原始值：9.72973'>9.73</span>", "<span data-toggle='tooltip' data-placement='right' title='原始值：1.15'>1.150</span>", "<span data-toggle='tooltip' data-placement='right' title='原始值：0.1511'>0.151</span>", "<span data-toggle='tooltip' data-placement='right' title='原始值：1.584'>1.58</span>", "<span data-toggle='tooltip' data-placement='right' title='原始值：0.0027'>0.003</span>", "<span data-toggle='tooltip' data-placement='right' title='原始值：6241772'>6241772</span>", "正常"], ["云南省", "西南诸河", "<span data-toggle='tooltip' data-placement='right' title='所在地市:红河哈尼族彝族自治州&#10;所属河流:红河'>河口县医院(河口)</span>", "12-04 08:00", "Ⅱ", "<span data-toggle='tooltip' data-placement='right' title='极值过滤'>--</span>", "<span data-toggle='tooltip' data-placement='right' title='原始值：6.85231'>6.85</span>", "<span data-toggle='tooltip' data-placement='right' title='原始值：8.86166'>8.86</span>", "<span data-toggle='tooltip' data-placement='right' title='原始值：164.0316'>164.0</span>", "<span data-toggle='tooltip' data-placement='right' title='原始值：70.90294'>70.9</span>", "<span data-toggle='tooltip' data-placement='right' title='原始值：1.66618'>1.67</span>", "<span data-toggle='tooltip' data-placement='right' title='原始值：0.14373'>0.144</span>", "<span data-toggle='tooltip' data-placement='right' title='原始值：0.06056'>0.061</span>", "<span data-toggle='tooltip' data-placement='right' title='原始值：1.30266'>1.30</span>", "*", "*", "维护"], ["云南省", "西南诸河", "<span data-toggle='tooltip' data-placement='right' title='所在地市:西双版纳傣族自治州&#10;所属河流:澜沧江'>橄榄坝</span>", "12-04 08:00", "Ⅰ", "<span data-toggle='tooltip' data-placement='right' title='原始值：18.638'>18.6</span>", "<span data-toggle='tooltip' data-placement='right' title='原始值：7.655'>7.66</span>", "<span data-toggle='tooltip' data-placement='right' title='原始值：7.652'>7.65</span>", "<span data-toggle='tooltip' data-placement='right' title='原始值：518.328'>518.3</span>", "<span data-toggle='tooltip' data-placement='right' title='原始值：8.11'>8.1</span>", "<span data-toggle='tooltip' data-placement='right' title='原始值：0.74'>0.74</span>", "<span data-toggle='tooltip' data-placement='right' title='原始值：0.098'>0.098</span>", "*", "*", "*", "*", "正常"], ["陕西省", "黄河流域", "<span data-toggle='tooltip' data-placement='right' title='所在地市:渭南市&#10;所属河流:渭河'>潼关吊桥</span>", "12-04 08:00", "", "<span data-toggle='tooltip' data-placement='right' title='原始值：8.5127'>8.5</span>", "<span data-toggle='tooltip' data-placement='right' title='原始值：8.35875'>8.36</span>", "<span data-toggle='tooltip' data-placement='right' title='原始值：9.25746'>9.26</span>", "<span data-toggle='tooltip' data-placement='right' title='原始值：1119.748'>1119.7</span>", "<span data-toggle='tooltip' data-placement='right' title='原始值：211.3445'>211.3</span>", "<span data-toggle='tooltip' data-placement='right' title='原始值：2.24'>2.24</span>", "<span data-toggle='tooltip' data-placement='right' title='原始值：0.6'>0.600</span>", "<span data-toggle='tooltip' data-placement='right' title='极值过滤'>--</span>", "<span data-toggle='tooltip' data-placement='right' title='原始值：7.70696'>7.71</span>", "*", "*", "维护"], ["甘肃省", "黄河流域", "<span data-toggle='tooltip' data-placement='right' title='所在地市:兰州市&#10;所属河流:黄河'>新城桥</span>", null, "", "--", "--", "--", "--", "--", "--", "--", "--", "--", "*", "*", "停站"], ["宁夏回族自治区", "黄河流域", "<span data-toggle='tooltip' data-placement='right' title='所在地市:中卫市&#10;所属河流:黄河'>中卫下河沿(新墩)</span>", "12-04 08:00", "Ⅰ", "<span data-toggle='tooltip' data-placement='right' title='原始值：8.16212'>8.2</span>", "<span data-toggle='tooltip' data-placement='right' title='原始值：7.47665'>7.48</span>", "<span data-toggle='tooltip' data-placement='right' title='原始值：9.29508'>9.30</span>", "<span data-toggle='tooltip' data-placement='right' title='原始值：720.7889'>720.8</span>", "<span data-toggle='tooltip' data-placement='right' title='原始值：35.92135'>35.9</span>", "<span data-toggle='tooltip' data-placement='right' title='原始值：0.37'>0.37</span>", "<span data-toggle='tooltip' data-placement='right' title='原始值：0.06'>0.060</span>", "<span data-toggle='tooltip' data-placement='right' title='原始值：0.0053'>0.005</span>", "<span data-toggle='tooltip' data-placement='right' title='原始值：2.3903'>2.39</span>", "*", "*", "正常"]]}