{"result": 1, "total": 1, "records": 98, "thead": ["省份", "流域", "断面名称", "监测时间", "水质类别", "水温<br/><span class='unit'>(℃)</span>", "pH<br/><span class='unit'>(无量纲)</span>", "溶解氧<br/><span class='unit'>(mg/L)</span>", "电导率<br/><span class='unit'>(μS/cm)</span>", "浊度<br/><span class='unit'>(NTU)</span>", "高锰酸盐指数<br/><span class='unit'>(mg/L)</span>", "氨氮<br/><span class='unit'>(mg/L)</span>", "总磷<br/><span class='unit'>(mg/L)</span>", "总氮<br/><span class='unit'>(mg/L)</span>", "叶绿素α<br/><span class='unit'>(mg/L)</span>", "藻密度<br/><span class='unit'>(cells/L)</span>", "站点情况"], "tbody": [["北京市", "海河流域", "<span data-toggle='tooltip' data-placement='right' title='所在地市:门头沟区&#10;所属河流:永定河'>沿河城</span>", "12-01 08:00", "Ⅴ", "<span data-toggle='tooltip' data-placement='right' title='原始值：4.99777'>5.0</span>", "<span data-toggle='tooltip' data-placement='right' title='原始值：8.16058'>8.16</span>", "<span data-toggle='tooltip' data-placement='right' title='原始值：13.4933'>13.49</span>", "<span data-toggle='tooltip' data-placement='right' title='原始值：1255.679'>1255.7</span>", "<span data-toggle='tooltip' data-placement='right' title='原始值：1.54509'>1.5</span>", "<span data-toggle='tooltip' data-placement='right' title='原始值：1.74'>1.74</span>", "<span data-toggle='tooltip' data-placement='right' title='原始值：1.61'>1.610</span>", "<span data-toggle='tooltip' data-placement='right' title='原始值：0.01719'>0.017</span>", "<span data-toggle='tooltip' data-placement='right' title='原始值：1.63211'>1.63</span>", "*", "*", "正常"], ["北京市", "海河流域", "<span data-toggle='tooltip' data-placement='right' title='所在地市:密云区&#10;所属河流:潮河'>古北口</span>", "12-01 08:00", "Ⅰ", "<span data-toggle='tooltip' data-placement='right' title='原始值：0.83602'>0.8</span>", "<span data-toggle='tooltip' data-placement='right' title='原始值：8.27168'>8.27</span>", "<span data-toggle='tooltip' data-placement='right' title='原始值：14.10226'>14.10</span>", "<span data-toggle='tooltip' data-placement='right' title='原始值：778.9081'>778.9</span>", "<span data-toggle='tooltip' data-placement='right' title='原始值：4.1094'>4.1</span>", "<span data-toggle='tooltip' data-placement='right' title='原始值：0.685'>0.68</span>", "<span data-toggle='tooltip' data-placement='right' title='原始值：0.09'>0.090</span>", "<span data-toggle='tooltip' data-placement='right' title='原始值：0.0031'>0.003</span>", "<span data-toggle='tooltip' data-placement='right' title='原始值：11.831'>11.83</span>", "*", "*", "正常"], ["天津市", "海河流域", "<span data-toggle='tooltip' data-placement='right' title='所在地市:河北区&#10;所属河流:海河'>三岔口</span>", "12-01 08:00", "Ⅱ", "<span data-toggle='tooltip' data-placement='right' title='原始值：8.4618'>8.5</span>", "<span data-toggle='tooltip' data-placement='right' title='原始值：7.6818'>7.68</span>", "<span data-toggle='tooltip' data-placement='right' title='原始值：11.258'>11.26</span>", "<span data-toggle='tooltip' data-placement='right' title='原始值：317.6618'>317.7</span>", "<span data-toggle='tooltip' data-placement='right' title='原始值：3.996'>4.0</span>", "<span data-toggle='tooltip' data-placement='right' title='原始值：1.19'>1.19</span>", "<span data-toggle='tooltip' data-placement='right' title='原始值：0.17'>0.170</span>", "<span data-toggle='tooltip' data-placement='right' title='原始值：0.0059'>0.006</span>", "<span data-toggle='tooltip' data-placement='right' title='原始值：1.161'>1.16</span>", "*", "*", "正常"], ["天津市", "海河流域", "<span data-toggle='tooltip' data-placement='right' title='所在地市:蓟州区&#10;所属河流:果河'>果河桥</span>", "12-01 08:00", "Ⅱ", "<span data-toggle='tooltip' data-placement='right' title='原始值：6'>6.0</span>", "<span data-toggle='tooltip' data-placement='right' title='原始值：8.11'>8.11</span>", "<span data-toggle='tooltip' data-placement='right' title='原始值：12.019'>12.02</span>", "<span data-toggle='tooltip' data-placement='right' title='原始值：666.958'>667.0</span>", "<span data-toggle='tooltip' data-placement='right' title='原始值：3.1'>3.1</span>", "<span data-toggle='tooltip' data-placement='right' title='原始值：2.0311'>2.03</span>", "<span data-toggle='tooltip' data-placement='right' title='原始值：0.39'>0.390</span>", "<span data-toggle='tooltip' data-placement='right' title='原始值：0.0381'>0.038</span>", "<span data-toggle='tooltip' data-placement='right' title='原始值：5.389'>5.39</span>", "*", "*", "正常"], ["河北省", "海河流域", "<span data-toggle='tooltip' data-placement='right' title='所在地市:石家庄市&#10;所属河流:滹沱河'>岗南水库</span>", "12-01 08:00", "Ⅱ", "<span data-toggle='tooltip' data-placement='right' title='原始值：14.04655'>14.0</span>", "<span data-toggle='tooltip' data-placement='right' title='原始值：8.70294'>8.70</span>", "<span data-toggle='tooltip' data-placement='right' title='原始值：9.65191'>9.65</span>", "<span data-toggle='tooltip' data-placement='right' title='原始值：562.9707'>563.0</span>", "<span data-toggle='tooltip' data-placement='right' title='原始值：3.30116'>3.3</span>", "<span data-toggle='tooltip' data-placement='right' title='原始值：2.45293'>2.45</span>", "<span data-toggle='tooltip' data-placement='right' title='原始值：0.08'>0.080</span>", "<span data-toggle='tooltip' data-placement='right' title='原始值：0.01985'>0.020</span>", "<span data-toggle='tooltip' data-placement='right' title='原始值：2.42973'>2.43</span>", "*", "*", "正常"], ["河北省", "海河流域", "<span data-toggle='tooltip' data-placement='right' title='所在地市:张家口市&#10;所属河流:永定河'>八号桥</span>", "12-01 00:00", "", "<span data-toggle='tooltip' data-placement='right' title='原始值：1.95286'>2.0</span>", "<span data-toggle='tooltip' data-placement='right' title='原始值：8.62838'>8.63</span>", "<span data-toggle='tooltip' data-placement='right' title='原始值：15.31438'>15.31</span>", "<span data-toggle='tooltip' data-placement='right' title='原始值：1333.912'>1333.9</span>", "<span data-toggle='tooltip' data-placement='right' title='原始值：33.26987'>33.3</span>", "<span data-toggle='tooltip' data-placement='right' title='极值过滤'>--</span>", "<span data-toggle='tooltip' data-placement='right' title='原始值：0.45'>0.450</span>", "<span data-toggle='tooltip' data-placement='right' title='原始值：1.9545'>1.954</span>", "<span data-toggle='tooltip' data-placement='right' title='原始值：6.53'>6.53</span>", "*", "*", "维护"], ["山西省", "黄河流域", "<span data-toggle='tooltip' data-placement='right' title='所在地市:运城市&#10;所属河流:汾河'>河津大桥</span>", "12-01 08:00", "劣Ⅴ", "<span data-toggle='tooltip' data-placement='right' title='原始值：8.52896'>8.5</span>", "<span data-toggle='tooltip' data-placement='right' title='原始值：8.09116'>8.09</span>", "<span data-toggle='tooltip' data-placement='right' title='原始值：10.42978'>10.43</span>", "<span data-toggle='tooltip' data-placement='right' title='原始值：1777.353'>1777.4</span>", "<span data-toggle='tooltip' data-placement='right' title='原始值：106.9981'>107.0</span>", "<span data-toggle='tooltip' data-placement='right' title='原始值：6.225'>6.22</span>", "<span data-toggle='tooltip' data-placement='right' title='原始值：2.96'>2.960</span>", "*", "*", "*", "*", "正常"], ["山西省", "黄河流域", "<span data-toggle='tooltip' data-placement='right' title='所在地市:忻州市&#10;所属河流:黄河'>万家寨水库</span>", null, "", "--", "--", "--", "--", "--", "--", "--", "--", "--", "*", "*", "停站"], ["内蒙古自治区", "黄河流域", "<span data-toggle='tooltip' data-placement='right' title='所在地市:包头市&#10;所属河流:黄河'>画匠营子</span>", null, "", "--", "--", "--", "--", "--", "--", "--", "--", "--", "*", "*", "停站"], ["内蒙古自治区", "黄河流域", "<span data-toggle='tooltip' data-placement='right' title='所在地市:乌海市&#10;所属河流:黄河'>海勃湾</span>", "12-01 08:00", "Ⅱ", "<span data-toggle='tooltip' data-placement='right' title='原始值：6.24829'>6.2</span>", "<span data-toggle='tooltip' data-placement='right' title='原始值：8.22688'>8.23</span>", "<span data-toggle='tooltip' data-placement='right' title='原始值：9.20276'>9.20</span>", "<span data-toggle='tooltip' data-placement='right' title='原始值：759.2338'>759.2</span>", "<span data-toggle='tooltip' data-placement='right' title='原始值：41.0404'>41.0</span>", "<span data-toggle='tooltip' data-placement='right' title='原始值：2.96'>2.96</span>", "<span data-toggle='tooltip' data-placement='right' title='原始值：0.1'>0.100</span>", "*", "*", "*", "*", "正常"], ["内蒙古自治区", "松花江流域", "<span data-toggle='tooltip' data-placement='right' title='所在地市:呼伦贝尔市&#10;所属河流:额尔古纳河'>黑山头</span>", null, "", "--", "--", "--", "--", "--", "--", "--", "--", "--", "*", "*", "停站"], ["辽宁省", "辽河流域", "<span data-toggle='tooltip' data-placement='right' title='所在地市:抚顺市&#10;所属河流:浑河'>大伙房水库</span>", null, "", "--", "--", "--", "--", "--", "--", "--", "--", "--", "--", "*", "停站"], ["辽宁省", "辽河流域", "<span data-toggle='tooltip' data-placement='right' title='所在地市:丹东市&#10;所属河流:鸭绿江'>江桥</span>", "12-01 08:00", "Ⅳ", "<span data-toggle='tooltip' data-placement='right' title='原始值：9.5'>9.5</span>", "<span data-toggle='tooltip' data-placement='right' title='原始值：6.64'>6.64</span>", "<span data-toggle='tooltip' data-placement='right' title='原始值：9.17875'>9.18</span>", "<span data-toggle='tooltip' data-placement='right' title='原始值：136'>136.0</span>", "<span data-toggle='tooltip' data-placement='right' title='原始值：17.06058'>17.1</span>", "<span data-toggle='tooltip' data-placement='right' title='原始值：10'>10.00</span>", "<span data-toggle='tooltip' data-placement='right' title='原始值：0.0655'>0.066</span>", "<span data-toggle='tooltip' data-placement='right' title='原始值：0.02518'>0.025</span>", "<span data-toggle='tooltip' data-placement='right' title='原始值：2.13133'>2.13</span>", "*", "*", "正常"], ["辽宁省", "辽河流域", "<span data-toggle='tooltip' data-placement='right' title='所在地市:营口市&#10;所属河流:大辽河'>辽河公园</span>", null, "", "--", "--", "--", "--", "--", "--", "--", "--", "--", "*", "*", "停站"], ["辽宁省", "辽河流域", "<span data-toggle='tooltip' data-placement='right' title='所在地市:辽阳市&#10;所属河流:太子河'>汤河水库</span>", null, "", "--", "--", "--", "--", "--", "--", "--", "--", "--", "*", "*", "停站"], ["辽宁省", "辽河流域", "<span data-toggle='tooltip' data-placement='right' title='所在地市:盘锦市&#10;所属河流:辽河'>盘锦兴安(兴安)</span>", null, "", "--", "--", "--", "--", "--", "--", "--", "--", "--", "*", "*", "停站"], ["辽宁省", "辽河流域", "<span data-toggle='tooltip' data-placement='right' title='所在地市:铁岭市&#10;所属河流:辽河'>珠尔山</span>", null, "", "--", "--", "--", "--", "--", "--", "--", "--", "--", "*", "*", "停站"], ["吉林省", "松花江流域", "<span data-toggle='tooltip' data-placement='right' title='所在地市:长春市&#10;所属河流:松花江'>松花江村</span>", null, "", "--", "--", "--", "--", "--", "--", "--", "--", "--", "*", "*", "停站"], ["吉林省", "松花江流域", "<span data-toggle='tooltip' data-placement='right' title='所在地市:白城市&#10;所属河流:嫩江'>白沙滩</span>", "12-01 08:00", "Ⅲ", "<span data-toggle='tooltip' data-placement='right' title='原始值：4.32232'>4.3</span>", "<span data-toggle='tooltip' data-placement='right' title='原始值：7.57973'>7.58</span>", "<span data-toggle='tooltip' data-placement='right' title='原始值：13.46577'>13.47</span>", "<span data-toggle='tooltip' data-placement='right' title='原始值：380.0322'>380.0</span>", "<span data-toggle='tooltip' data-placement='right' title='原始值：20.06342'>20.1</span>", "<span data-toggle='tooltip' data-placement='right' title='原始值：4.22866'>4.23</span>", "<span data-toggle='tooltip' data-placement='right' title='原始值：0.25395'>0.254</span>", "<span data-toggle='tooltip' data-placement='right' title='原始值：0.06106'>0.061</span>", "<span data-toggle='tooltip' data-placement='right' title='原始值：2.23843'>2.24</span>", "*", "*", "正常"], ["吉林省", "松花江流域", "<span data-toggle='tooltip' data-placement='right' title='所在地市:延边朝鲜族自治州&#10;所属河流:图们江'>圈河</span>", "12-01 08:00", "Ⅱ", "<span data-toggle='tooltip' data-placement='right' title='原始值：10.39997'>10.4</span>", "<span data-toggle='tooltip' data-placement='right' title='原始值：7.53'>7.53</span>", "<span data-toggle='tooltip' data-placement='right' title='原始值：10.145'>10.14</span>", "<span data-toggle='tooltip' data-placement='right' title='原始值：189'>189.0</span>", "<span data-toggle='tooltip' data-placement='right' title='原始值：107'>107.0</span>", "<span data-toggle='tooltip' data-placement='right' title='原始值：3.91'>3.91</span>", "<span data-toggle='tooltip' data-placement='right' title='原始值：0.1599'>0.160</span>", "<span data-toggle='tooltip' data-placement='right' title='原始值：0.05266'>0.053</span>", "<span data-toggle='tooltip' data-placement='right' title='原始值：2.50334'>2.50</span>", "*", "*", "正常"], ["黑龙江省", "松花江流域", "<span data-toggle='tooltip' data-placement='right' title='所在地市:大庆市&#10;所属河流:松花江'>肇源</span>", null, "", "--", "--", "--", "--", "--", "--", "--", "--", "--", "*", "*", "停站"], ["黑龙江省", "松花江流域", "<span data-toggle='tooltip' data-placement='right' title='所在地市:佳木斯市&#10;所属河流:乌苏里江'>乌苏镇</span>", null, "", "--", "--", "--", "--", "--", "--", "--", "--", "--", "*", "*", "停站"], ["黑龙江省", "松花江流域", "<span data-toggle='tooltip' data-placement='right' title='所在地市:佳木斯市&#10;所属河流:松花江'>同江</span>", "12-01 08:00", "Ⅳ", "<span data-toggle='tooltip' data-placement='right' title='原始值：4.92812'>4.9</span>", "<span data-toggle='tooltip' data-placement='right' title='原始值：6.96876'>6.97</span>", "<span data-toggle='tooltip' data-placement='right' title='原始值：11.68752'>11.69</span>", "<span data-toggle='tooltip' data-placement='right' title='原始值：250.0005'>250.0</span>", "<span data-toggle='tooltip' data-placement='right' title='原始值：36.25105'>36.3</span>", "<span data-toggle='tooltip' data-placement='right' title='原始值：6.0975'>6.10</span>", "<span data-toggle='tooltip' data-placement='right' title='原始值：0.28977'>0.290</span>", "<span data-toggle='tooltip' data-placement='right' title='原始值：0.06079'>0.061</span>", "<span data-toggle='tooltip' data-placement='right' title='原始值：1.95369'>1.95</span>", "*", "*", "正常"], ["黑龙江省", "松花江流域", "<span data-toggle='tooltip' data-placement='right' title='所在地市:黑河市&#10;所属河流:黑龙江'>黑河下(黑河)</span>", null, "", "--", "--", "--", "--", "--", "--", "--", "--", "--", "*", "*", "停站"], ["上海市", "长江流域", "<span data-toggle='tooltip' data-placement='right' title='所在地市:青浦区&#10;所属河流:淀山湖'>急水港桥</span>", null, "", "--", "--", "--", "--", "--", "--", "--", "--", "--", "--", "--", "停站"], ["江苏省", "长江流域", "<span data-toggle='tooltip' data-placement='right' title='所在地市:南京市&#10;所属河流:长江'>林山</span>", null, "", "--", "--", "--", "--", "--", "--", "--", "--", "--", "*", "*", "停站"], ["江苏省", "太湖流域", "<span data-toggle='tooltip' data-placement='right' title='所在地市:无锡市&#10;所属河流:太湖'>沙渚</span>", "12-01 08:00", "Ⅱ", "<span data-toggle='tooltip' data-placement='right' title='原始值：11.11583'>11.1</span>", "<span data-toggle='tooltip' data-placement='right' title='原始值：7.916908'>7.92</span>", "<span data-toggle='tooltip' data-placement='right' title='原始值：10.75455'>10.75</span>", "<span data-toggle='tooltip' data-placement='right' title='原始值：385.1048'>385.1</span>", "<span data-toggle='tooltip' data-placement='right' title='原始值：50.66084'>50.7</span>", "<span data-toggle='tooltip' data-placement='right' title='原始值：3.582358'>3.58</span>", "<span data-toggle='tooltip' data-placement='right' title='原始值：0.26'>0.260</span>", "<span data-toggle='tooltip' data-placement='right' title='原始值：0.077'>0.077</span>", "<span data-toggle='tooltip' data-placement='right' title='原始值：1.363'>1.36</span>", "<span data-toggle='tooltip' data-placement='right' title='原始值：0.01505'>0.015</span>", "*", "正常"], ["江苏省", "淮河流域", "<span data-toggle='tooltip' data-placement='right' title='所在地市:徐州市&#10;所属河流:武河'>小红圈</span>", "12-01 08:00", "Ⅱ", "<span data-toggle='tooltip' data-placement='right' title='原始值：6.56'>6.6</span>", "<span data-toggle='tooltip' data-placement='right' title='原始值：8.7'>8.70</span>", "<span data-toggle='tooltip' data-placement='right' title='原始值：16.13'>16.13</span>", "<span data-toggle='tooltip' data-placement='right' title='原始值：614.8'>614.8</span>", "<span data-toggle='tooltip' data-placement='right' title='原始值：3.84'>3.8</span>", "<span data-toggle='tooltip' data-placement='right' title='原始值：2.42'>2.42</span>", "<span data-toggle='tooltip' data-placement='right' title='原始值：0.045'>0.045</span>", "*", "*", "*", "*", "正常"], ["江苏省", "淮河流域", "<span data-toggle='tooltip' data-placement='right' title='所在地市:徐州市&#10;所属河流:沿河'>李集桥</span>", "12-01 08:00", "Ⅲ", "<span data-toggle='tooltip' data-placement='right' title='原始值：9.61'>9.6</span>", "<span data-toggle='tooltip' data-placement='right' title='原始值：7.96'>7.96</span>", "<span data-toggle='tooltip' data-placement='right' title='原始值：9.08'>9.08</span>", "<span data-toggle='tooltip' data-placement='right' title='原始值：1057.4'>1057.4</span>", "<span data-toggle='tooltip' data-placement='right' title='原始值：32.57'>32.6</span>", "<span data-toggle='tooltip' data-placement='right' title='原始值：5.32'>5.32</span>", "<span data-toggle='tooltip' data-placement='right' title='原始值：0.002'>0.002</span>", "<span data-toggle='tooltip' data-placement='right' title='原始值：0.06'>0.060</span>", "<span data-toggle='tooltip' data-placement='right' title='原始值：1.545'>1.54</span>", "*", "*", "正常"], ["江苏省", "淮河流域", "<span data-toggle='tooltip' data-placement='right' title='所在地市:徐州市&#10;所属河流:邳苍分洪道'>艾山西大桥</span>", "12-01 08:00", "Ⅱ", "<span data-toggle='tooltip' data-placement='right' title='原始值：6.09641'>6.1</span>", "<span data-toggle='tooltip' data-placement='right' title='原始值：8.53232'>8.53</span>", "<span data-toggle='tooltip' data-placement='right' title='原始值：13.8994'>13.90</span>", "<span data-toggle='tooltip' data-placement='right' title='原始值：880.563'>880.6</span>", "<span data-toggle='tooltip' data-placement='right' title='原始值：3.78068'>3.8</span>", "<span data-toggle='tooltip' data-placement='right' title='原始值：3.18'>3.18</span>", "<span data-toggle='tooltip' data-placement='right' title='原始值：0.14'>0.140</span>", "<span data-toggle='tooltip' data-placement='right' title='原始值：0.06355'>0.064</span>", "<span data-toggle='tooltip' data-placement='right' title='原始值：11.55284'>11.55</span>", "*", "*", "正常"], ["江苏省", "太湖流域", "<span data-toggle='tooltip' data-placement='right' title='所在地市:苏州市&#10;所属河流:太湖'>兰山嘴(老)</span>", "12-01 08:00", "Ⅳ", "<span data-toggle='tooltip' data-placement='right' title='原始值：11.39018'>11.4</span>", "<span data-toggle='tooltip' data-placement='right' title='原始值：7.89933'>7.90</span>", "<span data-toggle='tooltip' data-placement='right' title='原始值：11.11617'>11.12</span>", "<span data-toggle='tooltip' data-placement='right' title='原始值：333.2498'>333.2</span>", "<span data-toggle='tooltip' data-placement='right' title='原始值：160.0824'>160.1</span>", "<span data-toggle='tooltip' data-placement='right' title='原始值：2.94'>2.94</span>", "<span data-toggle='tooltip' data-placement='right' title='原始值：0.35'>0.350</span>", "<span data-toggle='tooltip' data-placement='right' title='原始值：0.22308'>0.223</span>", "<span data-toggle='tooltip' data-placement='right' title='原始值：6.52192'>6.52</span>", "<span data-toggle='tooltip' data-placement='right' title='原始值：0.02309'>0.023</span>", "*", "正常"], ["江苏省", "太湖流域", "<span data-toggle='tooltip' data-placement='right' title='所在地市:苏州市&#10;所属河流:太湖'>西山</span>", "12-01 08:00", "Ⅴ", "<span data-toggle='tooltip' data-placement='right' title='原始值：10.88831'>10.9</span>", "<span data-toggle='tooltip' data-placement='right' title='原始值：7.87196'>7.87</span>", "<span data-toggle='tooltip' data-placement='right' title='原始值：11.1043'>11.10</span>", "<span data-toggle='tooltip' data-placement='right' title='原始值：358.2706'>358.3</span>", "<span data-toggle='tooltip' data-placement='right' title='原始值：250.2715'>250.3</span>", "<span data-toggle='tooltip' data-placement='right' title='原始值：2.18'>2.18</span>", "<span data-toggle='tooltip' data-placement='right' title='原始值：0.12'>0.120</span>", "<span data-toggle='tooltip' data-placement='right' title='原始值：0.1013'>0.101</span>", "<span data-toggle='tooltip' data-placement='right' title='原始值：1.62'>1.62</span>", "<span data-toggle='tooltip' data-placement='right' title='原始值：0.00402'>0.004</span>", "*", "正常"], ["江苏省", "淮河流域", "<span data-toggle='tooltip' data-placement='right' title='所在地市:连云港市&#10;所属河流:新沭河'>大兴桥</span>", "12-01 08:00", "Ⅲ", "<span data-toggle='tooltip' data-placement='right' title='原始值：9.2'>9.2</span>", "<span data-toggle='tooltip' data-placement='right' title='原始值：7.45'>7.45</span>", "<span data-toggle='tooltip' data-placement='right' title='原始值：11.71'>11.71</span>", "<span data-toggle='tooltip' data-placement='right' title='原始值：768.4'>768.4</span>", "<span data-toggle='tooltip' data-placement='right' title='原始值：15.06'>15.1</span>", "<span data-toggle='tooltip' data-placement='right' title='原始值：5.06'>5.06</span>", "<span data-toggle='tooltip' data-placement='right' title='原始值：0.127'>0.127</span>", "*", "*", "*", "*", "正常"], ["江苏省", "淮河流域", "<span data-toggle='tooltip' data-placement='right' title='所在地市:淮安市&#10;所属河流:淮河'>淮河大桥</span>", "12-01 08:00", "Ⅲ", "<span data-toggle='tooltip' data-placement='right' title='原始值：11.25876'>11.3</span>", "<span data-toggle='tooltip' data-placement='right' title='原始值：8.29982'>8.30</span>", "<span data-toggle='tooltip' data-placement='right' title='原始值：9.37263'>9.37</span>", "<span data-toggle='tooltip' data-placement='right' title='原始值：535.637'>535.6</span>", "<span data-toggle='tooltip' data-placement='right' title='原始值：34.37373'>34.4</span>", "<span data-toggle='tooltip' data-placement='right' title='原始值：3.92'>3.92</span>", "<span data-toggle='tooltip' data-placement='right' title='原始值：0.14'>0.140</span>", "<span data-toggle='tooltip' data-placement='right' title='原始值：0.1103'>0.110</span>", "<span data-toggle='tooltip' data-placement='right' title='原始值：2.223'>2.22</span>", "*", "*", "正常"], ["江苏省", "长江流域", "<span data-toggle='tooltip' data-placement='right' title='所在地市:扬州市&#10;所属河流:夹江'>三江营</span>", "12-01 08:00", "Ⅱ", "<span data-toggle='tooltip' data-placement='right' title='原始值：14.84'>14.8</span>", "<span data-toggle='tooltip' data-placement='right' title='原始值：7.86'>7.86</span>", "<span data-toggle='tooltip' data-placement='right' title='原始值：9.33'>9.33</span>", "<span data-toggle='tooltip' data-placement='right' title='原始值：336.02'>336.0</span>", "<span data-toggle='tooltip' data-placement='right' title='原始值：49.57'>49.6</span>", "<span data-toggle='tooltip' data-placement='right' title='原始值：2.249'>2.25</span>", "<span data-toggle='tooltip' data-placement='right' title='原始值：0.043'>0.043</span>", "<span data-toggle='tooltip' data-placement='right' title='原始值：0.08'>0.080</span>", "<span data-toggle='tooltip' data-placement='right' title='原始值：1.92'>1.92</span>", "*", "*", "正常"], ["江苏省", "淮河流域", "<span data-toggle='tooltip' data-placement='right' title='所在地市:宿迁市&#10;所属河流:新濉河'>大屈</span>", "12-01 08:00", "Ⅱ", "<span data-toggle='tooltip' data-placement='right' title='原始值：10.1'>10.1</span>", "<span data-toggle='tooltip' data-placement='right' title='原始值：7.72'>7.72</span>", "<span data-toggle='tooltip' data-placement='right' title='原始值：10.83'>10.83</span>", "<span data-toggle='tooltip' data-placement='right' title='原始值：941.8'>941.8</span>", "<span data-toggle='tooltip' data-placement='right' title='原始值：14.94'>14.9</span>", "<span data-toggle='tooltip' data-placement='right' title='原始值：3.12'>3.12</span>", "<span data-toggle='tooltip' data-placement='right' title='原始值：0.08'>0.080</span>", "<span data-toggle='tooltip' data-placement='right' title='原始值：0.049'>0.049</span>", "<span data-toggle='tooltip' data-placement='right' title='原始值：2.982'>2.98</span>", "*", "*", "正常"], ["浙江省", "浙闽片河流", "<span data-toggle='tooltip' data-placement='right' title='所在地市:杭州市&#10;所属河流:新安江'>街口(鸠坑口)</span>", "12-01 08:00", "", "<span data-toggle='tooltip' data-placement='right' title='原始值：18.69'>18.7</span>", "<span data-toggle='tooltip' data-placement='right' title='原始值：7.09'>7.09</span>", "<span data-toggle='tooltip' data-placement='right' title='原始值：5.65'>5.65</span>", "<span data-toggle='tooltip' data-placement='right' title='原始值：164.85'>164.8</span>", "<span data-toggle='tooltip' data-placement='right' title='原始值：19.86'>19.9</span>", "<span data-toggle='tooltip' data-placement='right' title='原始值：1'>1.00</span>", "<span data-toggle='tooltip' data-placement='right' title='极值过滤'>--</span>", "<span data-toggle='tooltip' data-placement='right' title='原始值：0.017'>0.017</span>", "<span data-toggle='tooltip' data-placement='right' title='原始值：1.183'>1.18</span>", "*", "*", "维护"], ["浙江省", "太湖流域", "<span data-toggle='tooltip' data-placement='right' title='所在地市:嘉兴市&#10;所属河流:斜路港河'>斜路港</span>", "12-01 08:00", "Ⅲ", "<span data-toggle='tooltip' data-placement='right' title='原始值：12.6'>12.6</span>", "<span data-toggle='tooltip' data-placement='right' title='原始值：7.44'>7.44</span>", "<span data-toggle='tooltip' data-placement='right' title='原始值：5.82'>5.82</span>", "<span data-toggle='tooltip' data-placement='right' title='原始值：562'>562.0</span>", "<span data-toggle='tooltip' data-placement='right' title='原始值：130.9'>130.9</span>", "<span data-toggle='tooltip' data-placement='right' title='原始值：4.8'>4.80</span>", "<span data-toggle='tooltip' data-placement='right' title='原始值：0.51325'>0.513</span>", "<span data-toggle='tooltip' data-placement='right' title='原始值：0.1014'>0.101</span>", "<span data-toggle='tooltip' data-placement='right' title='原始值：1.68765'>1.69</span>", "*", "*", "正常"], ["浙江省", "太湖流域", "<span data-toggle='tooltip' data-placement='right' title='所在地市:嘉兴市&#10;所属河流:京杭运河'>王江泾</span>", "12-01 08:00", "Ⅲ", "<span data-toggle='tooltip' data-placement='right' title='原始值：13.29'>13.3</span>", "<span data-toggle='tooltip' data-placement='right' title='原始值：7.03'>7.03</span>", "<span data-toggle='tooltip' data-placement='right' title='原始值：6.52'>6.52</span>", "<span data-toggle='tooltip' data-placement='right' title='原始值：649'>649.0</span>", "<span data-toggle='tooltip' data-placement='right' title='原始值：103.63'>103.6</span>", "<span data-toggle='tooltip' data-placement='right' title='原始值：5.089'>5.09</span>", "<span data-toggle='tooltip' data-placement='right' title='原始值：0.245'>0.245</span>", "<span data-toggle='tooltip' data-placement='right' title='原始值：0.057'>0.057</span>", "<span data-toggle='tooltip' data-placement='right' title='原始值：1.929'>1.93</span>", "*", "*", "正常"], ["浙江省", "太湖流域", "<span data-toggle='tooltip' data-placement='right' title='所在地市:湖州市&#10;所属河流:西苕溪'>新港口(新塘港)</span>", "12-01 08:00", "Ⅱ", "<span data-toggle='tooltip' data-placement='right' title='原始值：10.7456'>10.7</span>", "<span data-toggle='tooltip' data-placement='right' title='原始值：8.33904'>8.34</span>", "<span data-toggle='tooltip' data-placement='right' title='原始值：10.8397'>10.84</span>", "<span data-toggle='tooltip' data-placement='right' title='原始值：350.348'>350.3</span>", "<span data-toggle='tooltip' data-placement='right' title='原始值：112.741'>112.7</span>", "<span data-toggle='tooltip' data-placement='right' title='原始值：2.8343'>2.83</span>", "<span data-toggle='tooltip' data-placement='right' title='原始值：0.08034'>0.080</span>", "<span data-toggle='tooltip' data-placement='right' title='原始值：0.08466'>0.085</span>", "<span data-toggle='tooltip' data-placement='right' title='原始值：3.9353'>3.94</span>", "<span data-toggle='tooltip' data-placement='right' title='原始值：0.02097'>0.021</span>", "*", "正常"], ["安徽省", "巢湖流域", "<span data-toggle='tooltip' data-placement='right' title='所在地市:合肥市&#10;所属河流:巢湖'>湖滨(老)</span>", "12-01 08:00", "Ⅴ", "<span data-toggle='tooltip' data-placement='right' title='原始值：10.67052'>10.7</span>", "<span data-toggle='tooltip' data-placement='right' title='原始值：6.92204'>6.92</span>", "<span data-toggle='tooltip' data-placement='right' title='原始值：10.07815'>10.08</span>", "<span data-toggle='tooltip' data-placement='right' title='原始值：258.6744'>258.7</span>", "<span data-toggle='tooltip' data-placement='right' title='原始值：128.3507'>128.4</span>", "<span data-toggle='tooltip' data-placement='right' title='原始值：2.38'>2.38</span>", "<span data-toggle='tooltip' data-placement='right' title='原始值：0.13'>0.130</span>", "<span data-toggle='tooltip' data-placement='right' title='原始值：0.1242'>0.124</span>", "<span data-toggle='tooltip' data-placement='right' title='原始值：1.849'>1.85</span>", "<span data-toggle='tooltip' data-placement='right' title='原始值：0.06627'>0.066</span>", "*", "正常"], ["安徽省", "巢湖流域", "<span data-toggle='tooltip' data-placement='right' title='所在地市:芜湖市&#10;所属河流:巢湖'>裕溪口(老)</span>", "12-01 08:00", "Ⅴ", "<span data-toggle='tooltip' data-placement='right' title='原始值：13.1318'>13.1</span>", "<span data-toggle='tooltip' data-placement='right' title='原始值：7.30533'>7.31</span>", "<span data-toggle='tooltip' data-placement='right' title='原始值：5.55831'>5.56</span>", "<span data-toggle='tooltip' data-placement='right' title='原始值：275.8123'>275.8</span>", "<span data-toggle='tooltip' data-placement='right' title='原始值：127.4732'>127.5</span>", "<span data-toggle='tooltip' data-placement='right' title='原始值：3.48'>3.48</span>", "<span data-toggle='tooltip' data-placement='right' title='原始值：0.07'>0.070</span>", "<span data-toggle='tooltip' data-placement='right' title='原始值：0.1054'>0.105</span>", "<span data-toggle='tooltip' data-placement='right' title='原始值：3.928'>3.93</span>", "<span data-toggle='tooltip' data-placement='right' title='原始值：0.01091'>0.011</span>", "*", "正常"], ["安徽省", "淮河流域", "<span data-toggle='tooltip' data-placement='right' title='所在地市:蚌埠市&#10;所属河流:淮河'>蚌埠闸上(蚌埠闸)</span>", "12-01 08:00", "Ⅲ", "<span data-toggle='tooltip' data-placement='right' title='原始值：11.62'>11.6</span>", "<span data-toggle='tooltip' data-placement='right' title='原始值：7.86'>7.86</span>", "<span data-toggle='tooltip' data-placement='right' title='原始值：11.2'>11.20</span>", "<span data-toggle='tooltip' data-placement='right' title='原始值：470.83'>470.8</span>", "<span data-toggle='tooltip' data-placement='right' title='原始值：78.67'>78.7</span>", "<span data-toggle='tooltip' data-placement='right' title='原始值：4.491'>4.49</span>", "<span data-toggle='tooltip' data-placement='right' title='原始值：0.041'>0.041</span>", "<span data-toggle='tooltip' data-placement='right' title='原始值：0.123'>0.123</span>", "<span data-toggle='tooltip' data-placement='right' title='原始值：1.46'>1.46</span>", "*", "*", "正常"], ["安徽省", "淮河流域", "<span data-toggle='tooltip' data-placement='right' title='所在地市:淮南市&#10;所属河流:淮河'>石头埠(老)</span>", "12-01 08:00", "Ⅲ", "<span data-toggle='tooltip' data-placement='right' title='原始值：10.28383'>10.3</span>", "<span data-toggle='tooltip' data-placement='right' title='原始值：7.45537'>7.46</span>", "<span data-toggle='tooltip' data-placement='right' title='原始值：6.09544'>6.10</span>", "<span data-toggle='tooltip' data-placement='right' title='原始值：226.6589'>226.7</span>", "<span data-toggle='tooltip' data-placement='right' title='原始值：124.5572'>124.6</span>", "<span data-toggle='tooltip' data-placement='right' title='原始值：4.25'>4.25</span>", "<span data-toggle='tooltip' data-placement='right' title='原始值：0.23'>0.230</span>", "*", "*", "*", "*", "正常"], ["安徽省", "淮河流域", "<span data-toggle='tooltip' data-placement='right' title='所在地市:淮北市&#10;所属河流:沱河'>小王桥</span>", "12-01 08:00", "Ⅳ", "<span data-toggle='tooltip' data-placement='right' title='原始值：8.93'>8.9</span>", "<span data-toggle='tooltip' data-placement='right' title='原始值：8.23'>8.23</span>", "<span data-toggle='tooltip' data-placement='right' title='原始值：9.89'>9.89</span>", "<span data-toggle='tooltip' data-placement='right' title='原始值：1800.8'>1800.8</span>", "<span data-toggle='tooltip' data-placement='right' title='原始值：19.83'>19.8</span>", "<span data-toggle='tooltip' data-placement='right' title='原始值：6.741'>6.74</span>", "<span data-toggle='tooltip' data-placement='right' title='原始值：0.022'>0.022</span>", "<span data-toggle='tooltip' data-placement='right' title='原始值：0.131'>0.131</span>", "<span data-toggle='tooltip' data-placement='right' title='原始值：1.365'>1.36</span>", "*", "*", "正常"], ["安徽省", "长江流域", "<span data-toggle='tooltip' data-placement='right' title='所在地市:安庆市&#10;所属河流:长江'>皖河口</span>", "12-01 08:00", "Ⅱ", "<span data-toggle='tooltip' data-placement='right' title='原始值：13.52'>13.5</span>", "<span data-toggle='tooltip' data-placement='right' title='原始值：7.611'>7.61</span>", "<span data-toggle='tooltip' data-placement='right' title='原始值：8.3'>8.30</span>", "<span data-toggle='tooltip' data-placement='right' title='原始值：297.54'>297.5</span>", "<span data-toggle='tooltip' data-placement='right' title='原始值：35.95'>36.0</span>", "<span data-toggle='tooltip' data-placement='right' title='原始值：2.029'>2.03</span>", "<span data-toggle='tooltip' data-placement='right' title='原始值：0.029'>0.029</span>", "<span data-toggle='tooltip' data-placement='right' title='原始值：0.0744'>0.074</span>", "<span data-toggle='tooltip' data-placement='right' title='原始值：2.768'>2.77</span>", "*", "*", "正常"], ["安徽省", "淮河流域", "<span data-toggle='tooltip' data-placement='right' title='所在地市:滁州市&#10;所属河流:淮河'>小柳巷</span>", "12-01 08:00", "Ⅲ", "<span data-toggle='tooltip' data-placement='right' title='原始值：13.3'>13.3</span>", "<span data-toggle='tooltip' data-placement='right' title='原始值：7.55'>7.55</span>", "<span data-toggle='tooltip' data-placement='right' title='原始值：9.71'>9.71</span>", "<span data-toggle='tooltip' data-placement='right' title='原始值：491'>491.0</span>", "<span data-toggle='tooltip' data-placement='right' title='原始值：136.74'>136.7</span>", "<span data-toggle='tooltip' data-placement='right' title='原始值：2.83'>2.83</span>", "<span data-toggle='tooltip' data-placement='right' title='原始值：0.088'>0.088</span>", "<span data-toggle='tooltip' data-placement='right' title='原始值：0.137'>0.137</span>", "<span data-toggle='tooltip' data-placement='right' title='原始值：1.967'>1.97</span>", "*", "*", "正常"], ["安徽省", "淮河流域", "<span data-toggle='tooltip' data-placement='right' title='所在地市:阜阳市&#10;所属河流:黑茨河'>张大桥</span>", null, "", "--", "--", "--", "--", "--", "--", "--", "--", "--", "*", "*", "停站"], ["安徽省", "淮河流域", "<span data-toggle='tooltip' data-placement='right' title='所在地市:阜阳市&#10;所属河流:淮河'>王家坝</span>", "12-01 08:00", "Ⅱ", "<span data-toggle='tooltip' data-placement='right' title='原始值：9.64'>9.6</span>", "<span data-toggle='tooltip' data-placement='right' title='原始值：7.29174'>7.29</span>", "<span data-toggle='tooltip' data-placement='right' title='原始值：8.57693'>8.58</span>", "<span data-toggle='tooltip' data-placement='right' title='原始值：262.2816'>262.3</span>", "<span data-toggle='tooltip' data-placement='right' title='原始值：38.58878'>38.6</span>", "<span data-toggle='tooltip' data-placement='right' title='原始值：3.42'>3.42</span>", "<span data-toggle='tooltip' data-placement='right' title='原始值：0.385'>0.385</span>", "<span data-toggle='tooltip' data-placement='right' title='原始值：0.05869'>0.059</span>", "<span data-toggle='tooltip' data-placement='right' title='原始值：2.03464'>2.03</span>", "*", "*", "正常"], ["安徽省", "淮河流域", "<span data-toggle='tooltip' data-placement='right' title='所在地市:阜阳市&#10;所属河流:颍河'>界首七渡口(七渡口)</span>", "12-01 08:00", "Ⅳ", "<span data-toggle='tooltip' data-placement='right' title='原始值：11.74938'>11.7</span>", "<span data-toggle='tooltip' data-placement='right' title='原始值：6.31589'>6.32</span>", "<span data-toggle='tooltip' data-placement='right' title='原始值：6.46748'>6.47</span>", "<span data-toggle='tooltip' data-placement='right' title='原始值：815.5492'>815.5</span>", "<span data-toggle='tooltip' data-placement='right' title='原始值：14.84348'>14.8</span>", "<span data-toggle='tooltip' data-placement='right' title='原始值：3.36'>3.36</span>", "<span data-toggle='tooltip' data-placement='right' title='原始值：1.02'>1.020</span>", "<span data-toggle='tooltip' data-placement='right' title='原始值：0.10089'>0.101</span>", "<span data-toggle='tooltip' data-placement='right' title='原始值：5.3073'>5.31</span>", "*", "*", "正常"], ["安徽省", "淮河流域", "<span data-toggle='tooltip' data-placement='right' title='所在地市:阜阳市&#10;所属河流:泉河'>许庄(徐庄)</span>", "12-01 04:00", "Ⅱ", "<span data-toggle='tooltip' data-placement='right' title='原始值：6'>6.0</span>", "<span data-toggle='tooltip' data-placement='right' title='原始值：7.87'>7.87</span>", "<span data-toggle='tooltip' data-placement='right' title='原始值：7.08'>7.08</span>", "<span data-toggle='tooltip' data-placement='right' title='原始值：1014.2'>1014.2</span>", "<span data-toggle='tooltip' data-placement='right' title='原始值：19.16'>19.2</span>", "<span data-toggle='tooltip' data-placement='right' title='原始值：2.42'>2.42</span>", "<span data-toggle='tooltip' data-placement='right' title='原始值：0.03'>0.030</span>", "<span data-toggle='tooltip' data-placement='right' title='原始值：0.089'>0.089</span>", "<span data-toggle='tooltip' data-placement='right' title='原始值：2.157'>2.16</span>", "*", "*", "正常"], ["安徽省", "淮河流域", "<span data-toggle='tooltip' data-placement='right' title='所在地市:宿州市&#10;所属河流:奎河'>杨庄</span>", "12-01 08:00", "Ⅴ", "<span data-toggle='tooltip' data-placement='right' title='原始值：10.88'>10.9</span>", "<span data-toggle='tooltip' data-placement='right' title='原始值：7.84'>7.84</span>", "<span data-toggle='tooltip' data-placement='right' title='原始值：7.8'>7.80</span>", "<span data-toggle='tooltip' data-placement='right' title='原始值：1003'>1003.0</span>", "<span data-toggle='tooltip' data-placement='right' title='原始值：77.96'>78.0</span>", "<span data-toggle='tooltip' data-placement='right' title='原始值：4.03'>4.03</span>", "<span data-toggle='tooltip' data-placement='right' title='原始值：1.578'>1.578</span>", "*", "*", "*", "*", "正常"], ["安徽省", "淮河流域", "<span data-toggle='tooltip' data-placement='right' title='所在地市:宿州市&#10;所属河流:新汴河'>泗县公路桥</span>", "12-01 08:00", "Ⅲ", "<span data-toggle='tooltip' data-placement='right' title='原始值：9.49'>9.5</span>", "<span data-toggle='tooltip' data-placement='right' title='原始值：8.16'>8.16</span>", "<span data-toggle='tooltip' data-placement='right' title='原始值：11.06'>11.06</span>", "<span data-toggle='tooltip' data-placement='right' title='原始值：968.1'>968.1</span>", "<span data-toggle='tooltip' data-placement='right' title='原始值：19.07'>19.1</span>", "<span data-toggle='tooltip' data-placement='right' title='原始值：4.98'>4.98</span>", "<span data-toggle='tooltip' data-placement='right' title='原始值：0.077'>0.077</span>", "*", "*", "*", "*", "正常"], ["安徽省", "淮河流域", "<span data-toggle='tooltip' data-placement='right' title='所在地市:亳州市&#10;所属河流:包河'>颜集</span>", null, "", "--", "--", "--", "--", "--", "--", "--", "--", "--", "*", "*", "维护"], ["福建省", "浙闽片河流", "<span data-toggle='tooltip' data-placement='right' title='所在地市:福州市&#10;所属河流:闽江'>白岩潭</span>", "12-01 08:00", "Ⅱ", "<span data-toggle='tooltip' data-placement='right' title='原始值：20.33'>20.3</span>", "<span data-toggle='tooltip' data-placement='right' title='原始值：7.31'>7.31</span>", "<span data-toggle='tooltip' data-placement='right' title='原始值：7.7'>7.70</span>", "<span data-toggle='tooltip' data-placement='right' title='原始值：1435.3'>1435.3</span>", "<span data-toggle='tooltip' data-placement='right' title='原始值：142.62'>142.6</span>", "<span data-toggle='tooltip' data-placement='right' title='原始值：2.21'>2.21</span>", "<span data-toggle='tooltip' data-placement='right' title='原始值：0.076'>0.076</span>", "*", "*", "*", "*", "正常"], ["江西省", "长江流域", "<span data-toggle='tooltip' data-placement='right' title='所在地市:南昌市&#10;所属河流:赣江南支'>滁槎</span>", "12-01 08:00", "Ⅲ", "<span data-toggle='tooltip' data-placement='right' title='原始值：11.55066'>11.6</span>", "<span data-toggle='tooltip' data-placement='right' title='原始值：8.0624'>8.06</span>", "<span data-toggle='tooltip' data-placement='right' title='原始值：8.12746'>8.13</span>", "<span data-toggle='tooltip' data-placement='right' title='原始值：177.4779'>177.5</span>", "<span data-toggle='tooltip' data-placement='right' title='原始值：49.45722'>49.5</span>", "<span data-toggle='tooltip' data-placement='right' title='原始值：3.61'>3.61</span>", "<span data-toggle='tooltip' data-placement='right' title='原始值：0.47'>0.470</span>", "<span data-toggle='tooltip' data-placement='right' title='原始值：0.10075'>0.101</span>", "<span data-toggle='tooltip' data-placement='right' title='原始值：1.77'>1.77</span>", "*", "*", "正常"], ["江西省", "长江流域", "<span data-toggle='tooltip' data-placement='right' title='所在地市:九江市&#10;所属河流:长江'>姚港(河西水厂)</span>", "12-01 08:00", "Ⅱ", "<span data-toggle='tooltip' data-placement='right' title='原始值：13.09'>13.1</span>", "<span data-toggle='tooltip' data-placement='right' title='原始值：7.58'>7.58</span>", "<span data-toggle='tooltip' data-placement='right' title='原始值：9.85'>9.85</span>", "<span data-toggle='tooltip' data-placement='right' title='原始值：343.59'>343.6</span>", "<span data-toggle='tooltip' data-placement='right' title='原始值：42.59'>42.6</span>", "<span data-toggle='tooltip' data-placement='right' title='原始值：1.247'>1.25</span>", "<span data-toggle='tooltip' data-placement='right' title='原始值：0.025'>0.025</span>", "<span data-toggle='tooltip' data-placement='right' title='原始值：0.093'>0.093</span>", "<span data-toggle='tooltip' data-placement='right' title='原始值：1.99'>1.99</span>", "*", "*", "正常"], ["江西省", "长江流域", "<span data-toggle='tooltip' data-placement='right' title='所在地市:九江市&#10;所属河流:鄱阳湖'>蛤蟆石</span>", "12-01 08:00", "Ⅳ", "<span data-toggle='tooltip' data-placement='right' title='原始值：12.01'>12.0</span>", "<span data-toggle='tooltip' data-placement='right' title='原始值：7.34'>7.34</span>", "<span data-toggle='tooltip' data-placement='right' title='原始值：10.39'>10.39</span>", "<span data-toggle='tooltip' data-placement='right' title='原始值：190.43'>190.4</span>", "<span data-toggle='tooltip' data-placement='right' title='原始值：80.51'>80.5</span>", "<span data-toggle='tooltip' data-placement='right' title='原始值：2.118'>2.12</span>", "<span data-toggle='tooltip' data-placement='right' title='原始值：0.221'>0.221</span>", "<span data-toggle='tooltip' data-placement='right' title='原始值：0.0594'>0.059</span>", "<span data-toggle='tooltip' data-placement='right' title='原始值：1.769'>1.77</span>", "<span data-toggle='tooltip' data-placement='right' title='原始值：0.001'>0.001</span>", "<span data-toggle='tooltip' data-placement='right' title='原始值：1212800'>1212800</span>", "正常"], ["山东省", "黄河流域", "<span data-toggle='tooltip' data-placement='right' title='所在地市:济南市&#10;所属河流:黄河'>泺口</span>", "12-01 08:00", "Ⅰ", "<span data-toggle='tooltip' data-placement='right' title='原始值：6.70313'>6.7</span>", "<span data-toggle='tooltip' data-placement='right' title='原始值：8.41885'>8.42</span>", "<span data-toggle='tooltip' data-placement='right' title='原始值：12.109'>12.11</span>", "<span data-toggle='tooltip' data-placement='right' title='原始值：801.7209'>801.7</span>", "<span data-toggle='tooltip' data-placement='right' title='原始值：836.694'>836.7</span>", "<span data-toggle='tooltip' data-placement='right' title='原始值：1.78'>1.78</span>", "<span data-toggle='tooltip' data-placement='right' title='原始值：0.05425'>0.054</span>", "<span data-toggle='tooltip' data-placement='right' title='原始值：0.01528'>0.015</span>", "<span data-toggle='tooltip' data-placement='right' title='原始值：3.871'>3.87</span>", "*", "*", "正常"], ["山东省", "淮河流域", "<span data-toggle='tooltip' data-placement='right' title='所在地市:枣庄市&#10;所属河流:京杭大运河（韩庄运河）'>台儿庄大桥</span>", "12-01 08:00", "Ⅱ", "<span data-toggle='tooltip' data-placement='right' title='原始值：9.98016'>10.0</span>", "<span data-toggle='tooltip' data-placement='right' title='原始值：7.99047'>7.99</span>", "<span data-toggle='tooltip' data-placement='right' title='原始值：10.01136'>10.01</span>", "<span data-toggle='tooltip' data-placement='right' title='原始值：902.4011'>902.4</span>", "<span data-toggle='tooltip' data-placement='right' title='原始值：22.5476'>22.5</span>", "<span data-toggle='tooltip' data-placement='right' title='原始值：2.74356'>2.74</span>", "<span data-toggle='tooltip' data-placement='right' title='原始值：0.07958'>0.080</span>", "<span data-toggle='tooltip' data-placement='right' title='原始值：0.04899'>0.049</span>", "<span data-toggle='tooltip' data-placement='right' title='原始值：3.29015'>3.29</span>", "*", "*", "正常"], ["山东省", "淮河流域", "<span data-toggle='tooltip' data-placement='right' title='所在地市:临沂市&#10;所属河流:沭河'>清泉寺</span>", "12-01 08:00", "Ⅲ", "<span data-toggle='tooltip' data-placement='right' title='原始值：10.77348'>10.8</span>", "<span data-toggle='tooltip' data-placement='right' title='原始值：8.72623'>8.73</span>", "<span data-toggle='tooltip' data-placement='right' title='原始值：12.04085'>12.04</span>", "<span data-toggle='tooltip' data-placement='right' title='原始值：1000.853'>1000.9</span>", "<span data-toggle='tooltip' data-placement='right' title='原始值：9.34283'>9.3</span>", "<span data-toggle='tooltip' data-placement='right' title='原始值：5.34'>5.34</span>", "<span data-toggle='tooltip' data-placement='right' title='原始值：0.13'>0.130</span>", "*", "*", "*", "*", "正常"], ["山东省", "淮河流域", "<span data-toggle='tooltip' data-placement='right' title='所在地市:临沂市&#10;所属河流:沂河'>重坊桥</span>", "12-01 08:00", "Ⅲ", "<span data-toggle='tooltip' data-placement='right' title='原始值：9.20001'>9.2</span>", "<span data-toggle='tooltip' data-placement='right' title='原始值：7.73'>7.73</span>", "<span data-toggle='tooltip' data-placement='right' title='原始值：10.92336'>10.92</span>", "<span data-toggle='tooltip' data-placement='right' title='原始值：722.2991'>722.3</span>", "<span data-toggle='tooltip' data-placement='right' title='原始值：6.79533'>6.8</span>", "<span data-toggle='tooltip' data-placement='right' title='原始值：2.78'>2.78</span>", "<span data-toggle='tooltip' data-placement='right' title='原始值：0.85872'>0.859</span>", "*", "*", "*", "*", "正常"], ["山东省", "淮河流域", "<span data-toggle='tooltip' data-placement='right' title='所在地市:临沂市&#10;所属河流:白马河'>捷庄(涝沟桥)</span>", "12-01 08:00", "Ⅲ", "<span data-toggle='tooltip' data-placement='right' title='原始值：8.7'>8.7</span>", "<span data-toggle='tooltip' data-placement='right' title='原始值：8.01'>8.01</span>", "<span data-toggle='tooltip' data-placement='right' title='原始值：10.17492'>10.17</span>", "<span data-toggle='tooltip' data-placement='right' title='原始值：803'>803.0</span>", "<span data-toggle='tooltip' data-placement='right' title='原始值：19.97738'>20.0</span>", "<span data-toggle='tooltip' data-placement='right' title='原始值：4.13'>4.13</span>", "<span data-toggle='tooltip' data-placement='right' title='原始值：0.1156'>0.116</span>", "<span data-toggle='tooltip' data-placement='right' title='原始值：0.11817'>0.118</span>", "<span data-toggle='tooltip' data-placement='right' title='原始值：5.71737'>5.72</span>", "*", "*", "正常"], ["山东省", "海河流域", "<span data-toggle='tooltip' data-placement='right' title='所在地市:聊城市&#10;所属河流:卫运河'>秤勾湾(秤钩湾)</span>", null, "", "--", "--", "--", "--", "--", "--", "--", "--", "--", "*", "*", "维护"], ["河南省", "长江流域", "<span data-toggle='tooltip' data-placement='right' title='所在地市:南阳市&#10;所属河流:丹江口水库'>陶岔</span>", "12-01 08:00", "Ⅰ", "<span data-toggle='tooltip' data-placement='right' title='原始值：16.31'>16.3</span>", "<span data-toggle='tooltip' data-placement='right' title='原始值：7.83552'>7.84</span>", "<span data-toggle='tooltip' data-placement='right' title='原始值：8.9122'>8.91</span>", "<span data-toggle='tooltip' data-placement='right' title='原始值：277.4423'>277.4</span>", "<span data-toggle='tooltip' data-placement='right' title='原始值：2.83371'>2.8</span>", "<span data-toggle='tooltip' data-placement='right' title='原始值：1.74'>1.74</span>", "<span data-toggle='tooltip' data-placement='right' title='原始值：0.11845'>0.118</span>", "<span data-toggle='tooltip' data-placement='right' title='原始值：0.0092'>0.009</span>", "<span data-toggle='tooltip' data-placement='right' title='原始值：0.9072'>0.91</span>", "<span data-toggle='tooltip' data-placement='right' title='原始值：0.0059'>0.006</span>", "<span data-toggle='tooltip' data-placement='right' title='原始值：390588.8'>390589</span>", "正常"], ["河南省", "淮河流域", "<span data-toggle='tooltip' data-placement='right' title='所在地市:商丘市&#10;所属河流:浍河'>黄口</span>", "12-01 08:00", "Ⅳ", "<span data-toggle='tooltip' data-placement='right' title='原始值：11.60003'>11.6</span>", "<span data-toggle='tooltip' data-placement='right' title='原始值：7.81016'>7.81</span>", "<span data-toggle='tooltip' data-placement='right' title='原始值：11.62937'>11.63</span>", "<span data-toggle='tooltip' data-placement='right' title='原始值：3515.517'>3515.5</span>", "<span data-toggle='tooltip' data-placement='right' title='原始值：60.24635'>60.2</span>", "<span data-toggle='tooltip' data-placement='right' title='原始值：7.08'>7.08</span>", "<span data-toggle='tooltip' data-placement='right' title='原始值：0.16798'>0.168</span>", "<span data-toggle='tooltip' data-placement='right' title='原始值：0.1229'>0.123</span>", "<span data-toggle='tooltip' data-placement='right' title='原始值：4.33529'>4.34</span>", "*", "*", "正常"], ["河南省", "淮河流域", "<span data-toggle='tooltip' data-placement='right' title='所在地市:信阳市&#10;所属河流:史灌河'>蒋集</span>", "12-01 08:00", "Ⅱ", "<span data-toggle='tooltip' data-placement='right' title='原始值：6.97258'>7.0</span>", "<span data-toggle='tooltip' data-placement='right' title='原始值：7.0525'>7.05</span>", "<span data-toggle='tooltip' data-placement='right' title='原始值：7.605'>7.60</span>", "<span data-toggle='tooltip' data-placement='right' title='原始值：251.5'>251.5</span>", "<span data-toggle='tooltip' data-placement='right' title='原始值：243.0547'>243.1</span>", "<span data-toggle='tooltip' data-placement='right' title='原始值：2.89'>2.89</span>", "<span data-toggle='tooltip' data-placement='right' title='原始值：0.49331'>0.493</span>", "*", "*", "*", "*", "正常"], ["河南省", "淮河流域", "<span data-toggle='tooltip' data-placement='right' title='所在地市:信阳市&#10;所属河流:淮河'>淮滨水文站(淮滨)</span>", "12-01 08:00", "", "<span data-toggle='tooltip' data-placement='right' title='原始值：8.8'>8.8</span>", "<span data-toggle='tooltip' data-placement='right' title='原始值：7.32'>7.32</span>", "<span data-toggle='tooltip' data-placement='right' title='原始值：11.01625'>11.02</span>", "<span data-toggle='tooltip' data-placement='right' title='原始值：295'>295.0</span>", "<span data-toggle='tooltip' data-placement='right' title='原始值：56.44987'>56.4</span>", "<span data-toggle='tooltip' data-placement='right' title='原始值：2.50829'>2.51</span>", "<span data-toggle='tooltip' data-placement='right' title='原始值：0.49303'>0.493</span>", "<span data-toggle='tooltip' data-placement='right' title='极值过滤'>--</span>", "<span data-toggle='tooltip' data-placement='right' title='极值过滤'>--</span>", "*", "*", "维护"], ["河南省", "淮河流域", "<span data-toggle='tooltip' data-placement='right' title='所在地市:周口市&#10;所属河流:沙河'>沈丘闸</span>", "12-01 08:00", "Ⅳ", "<span data-toggle='tooltip' data-placement='right' title='原始值：11.05367'>11.1</span>", "<span data-toggle='tooltip' data-placement='right' title='原始值：7.50714'>7.51</span>", "<span data-toggle='tooltip' data-placement='right' title='原始值：6.56244'>6.56</span>", "<span data-toggle='tooltip' data-placement='right' title='原始值：1048'>1048.0</span>", "<span data-toggle='tooltip' data-placement='right' title='原始值：13.23381'>13.2</span>", "<span data-toggle='tooltip' data-placement='right' title='原始值：4.23'>4.23</span>", "<span data-toggle='tooltip' data-placement='right' title='原始值：1.25'>1.250</span>", "*", "*", "*", "*", "正常"], ["河南省", "淮河流域", "<span data-toggle='tooltip' data-placement='right' title='所在地市:周口市&#10;所属河流:涡河'>鹿邑付桥(鹿邑付桥闸)</span>", "12-01 08:00", "Ⅲ", "<span data-toggle='tooltip' data-placement='right' title='原始值：9.79152'>9.8</span>", "<span data-toggle='tooltip' data-placement='right' title='原始值：8.42293'>8.42</span>", "<span data-toggle='tooltip' data-placement='right' title='原始值：9.03222'>9.03</span>", "<span data-toggle='tooltip' data-placement='right' title='原始值：1575.127'>1575.1</span>", "<span data-toggle='tooltip' data-placement='right' title='原始值：8.36169'>8.4</span>", "<span data-toggle='tooltip' data-placement='right' title='原始值：5.53'>5.53</span>", "<span data-toggle='tooltip' data-placement='right' title='原始值：0.05'>0.050</span>", "<span data-toggle='tooltip' data-placement='right' title='原始值：0.0813'>0.081</span>", "<span data-toggle='tooltip' data-placement='right' title='原始值：1.02621'>1.03</span>", "*", "*", "正常"], ["河南省", "淮河流域", "<span data-toggle='tooltip' data-placement='right' title='所在地市:驻马店市&#10;所属河流:洪河'>新蔡班台(班台)</span>", "12-01 08:00", "Ⅲ", "<span data-toggle='tooltip' data-placement='right' title='原始值：12.67146'>12.7</span>", "<span data-toggle='tooltip' data-placement='right' title='原始值：7.4972'>7.50</span>", "<span data-toggle='tooltip' data-placement='right' title='原始值：10.2929'>10.29</span>", "<span data-toggle='tooltip' data-placement='right' title='原始值：712.5248'>712.5</span>", "<span data-toggle='tooltip' data-placement='right' title='原始值：5.75789'>5.8</span>", "<span data-toggle='tooltip' data-placement='right' title='原始值：3.2'>3.20</span>", "<span data-toggle='tooltip' data-placement='right' title='原始值：0.98'>0.980</span>", "<span data-toggle='tooltip' data-placement='right' title='原始值：0.19968'>0.200</span>", "<span data-toggle='tooltip' data-placement='right' title='原始值：4.10938'>4.11</span>", "*", "*", "正常"], ["河南省", "黄河流域", "<span data-toggle='tooltip' data-placement='right' title='所在地市:济源市&#10;所属河流:黄河'>小浪底水库(小浪底)</span>", "12-01 08:00", "Ⅱ", "<span data-toggle='tooltip' data-placement='right' title='原始值：11.1629'>11.2</span>", "<span data-toggle='tooltip' data-placement='right' title='原始值：8.30783'>8.31</span>", "<span data-toggle='tooltip' data-placement='right' title='原始值：9.12472'>9.12</span>", "<span data-toggle='tooltip' data-placement='right' title='原始值：730.2528'>730.3</span>", "<span data-toggle='tooltip' data-placement='right' title='原始值：7.39753'>7.4</span>", "<span data-toggle='tooltip' data-placement='right' title='原始值：1.7175'>1.72</span>", "<span data-toggle='tooltip' data-placement='right' title='原始值：0.29'>0.290</span>", "<span data-toggle='tooltip' data-placement='right' title='原始值：0.0135'>0.014</span>", "<span data-toggle='tooltip' data-placement='right' title='原始值：3.285'>3.28</span>", "*", "*", "正常"], ["湖北省", "长江流域", "<span data-toggle='tooltip' data-placement='right' title='所在地市:武汉市&#10;所属河流:汉江'>宗关</span>", "12-01 08:00", "Ⅲ", "<span data-toggle='tooltip' data-placement='right' title='原始值：11.34'>11.3</span>", "<span data-toggle='tooltip' data-placement='right' title='原始值：7.923955'>7.92</span>", "<span data-toggle='tooltip' data-placement='right' title='原始值：10.49701'>10.50</span>", "<span data-toggle='tooltip' data-placement='right' title='原始值：425.8896'>425.9</span>", "<span data-toggle='tooltip' data-placement='right' title='原始值：46.664'>46.7</span>", "<span data-toggle='tooltip' data-placement='right' title='原始值：0.93'>0.93</span>", "<span data-toggle='tooltip' data-placement='right' title='原始值：0.167'>0.167</span>", "<span data-toggle='tooltip' data-placement='right' title='原始值：0.126'>0.126</span>", "<span data-toggle='tooltip' data-placement='right' title='原始值：3.623255'>3.62</span>", "<span data-toggle='tooltip' data-placement='right' title='原始值：0.0024375'>0.002</span>", "*", "正常"], ["湖北省", "长江流域", "<span data-toggle='tooltip' data-placement='right' title='所在地市:十堰市&#10;所属河流:丹江口水库'>坝上中(胡家岭)</span>", "12-01 08:00", "Ⅱ", "<span data-toggle='tooltip' data-placement='right' title='原始值：17.18'>17.2</span>", "<span data-toggle='tooltip' data-placement='right' title='原始值：7.83752'>7.84</span>", "<span data-toggle='tooltip' data-placement='right' title='原始值：7.755532'>7.76</span>", "<span data-toggle='tooltip' data-placement='right' title='原始值：267.964'>268.0</span>", "<span data-toggle='tooltip' data-placement='right' title='原始值：3.32813'>3.3</span>", "<span data-toggle='tooltip' data-placement='right' title='原始值：1.79'>1.79</span>", "<span data-toggle='tooltip' data-placement='right' title='原始值：0.079'>0.079</span>", "<span data-toggle='tooltip' data-placement='right' title='原始值：0.015'>0.015</span>", "<span data-toggle='tooltip' data-placement='right' title='原始值：1.2689'>1.27</span>", "<span data-toggle='tooltip' data-placement='right' title='原始值：0.0061235'>0.006</span>", "<span data-toggle='tooltip' data-placement='right' title='原始值：8076000'>8076000</span>", "正常"], ["湖北省", "长江流域", "<span data-toggle='tooltip' data-placement='right' title='所在地市:宜昌市&#10;所属河流:长江'>南津关</span>", "12-01 08:00", "Ⅱ", "<span data-toggle='tooltip' data-placement='right' title='原始值：18.24'>18.2</span>", "<span data-toggle='tooltip' data-placement='right' title='原始值：8.01375'>8.01</span>", "<span data-toggle='tooltip' data-placement='right' title='原始值：8.554065'>8.55</span>", "<span data-toggle='tooltip' data-placement='right' title='原始值：392.456'>392.5</span>", "<span data-toggle='tooltip' data-placement='right' title='原始值：6.269262'>6.3</span>", "<span data-toggle='tooltip' data-placement='right' title='原始值：1.31'>1.31</span>", "<span data-toggle='tooltip' data-placement='right' title='原始值：0.082'>0.082</span>", "<span data-toggle='tooltip' data-placement='right' title='原始值：0.043'>0.043</span>", "<span data-toggle='tooltip' data-placement='right' title='原始值：1.581'>1.58</span>", "<span data-toggle='tooltip' data-placement='right' title='原始值：0.0028666'>0.003</span>", "*", "正常"], ["湖南省", "长江流域", "<span data-toggle='tooltip' data-placement='right' title='所在地市:长沙市&#10;所属河流:湘江'>新港</span>", null, "", "--", "--", "--", "--", "--", "--", "--", "--", "--", "*", "*", "停站"], ["湖南省", "长江流域", "<span data-toggle='tooltip' data-placement='right' title='所在地市:岳阳市&#10;所属河流:洞庭湖'>岳阳楼</span>", "12-01 08:00", "Ⅴ", "<span data-toggle='tooltip' data-placement='right' title='原始值：11.66'>11.7</span>", "<span data-toggle='tooltip' data-placement='right' title='原始值：8.011061'>8.01</span>", "<span data-toggle='tooltip' data-placement='right' title='原始值：10.07165'>10.07</span>", "<span data-toggle='tooltip' data-placement='right' title='原始值：274.2385'>274.2</span>", "<span data-toggle='tooltip' data-placement='right' title='原始值：63.38331'>63.4</span>", "<span data-toggle='tooltip' data-placement='right' title='原始值：2.08'>2.08</span>", "<span data-toggle='tooltip' data-placement='right' title='原始值：0.101'>0.101</span>", "<span data-toggle='tooltip' data-placement='right' title='原始值：0.13'>0.130</span>", "<span data-toggle='tooltip' data-placement='right' title='原始值：2.8929'>2.89</span>", "<span data-toggle='tooltip' data-placement='right' title='原始值：0.0030937'>0.003</span>", "<span data-toggle='tooltip' data-placement='right' title='原始值：309.504'>310</span>", "正常"], ["湖南省", "长江流域", "<span data-toggle='tooltip' data-placement='right' title='所在地市:岳阳市&#10;所属河流:长江'>城陵矶</span>", "12-01 08:00", "Ⅲ", "<span data-toggle='tooltip' data-placement='right' title='原始值：12.47'>12.5</span>", "<span data-toggle='tooltip' data-placement='right' title='原始值：8.333887'>8.33</span>", "<span data-toggle='tooltip' data-placement='right' title='原始值：10.6203'>10.62</span>", "<span data-toggle='tooltip' data-placement='right' title='原始值：298.518'>298.5</span>", "<span data-toggle='tooltip' data-placement='right' title='原始值：57.34887'>57.3</span>", "<span data-toggle='tooltip' data-placement='right' title='原始值：0.9'>0.90</span>", "<span data-toggle='tooltip' data-placement='right' title='原始值：0.013'>0.013</span>", "<span data-toggle='tooltip' data-placement='right' title='原始值：0.134'>0.134</span>", "<span data-toggle='tooltip' data-placement='right' title='原始值：1.6887'>1.69</span>", "*", "*", "正常"], ["广东省", "珠江流域", "<span data-toggle='tooltip' data-placement='right' title='所在地市:清远市&#10;所属河流:北江'>七星岗</span>", "12-01 08:00", "Ⅱ", "<span data-toggle='tooltip' data-placement='right' title='原始值：21.09821'>21.1</span>", "<span data-toggle='tooltip' data-placement='right' title='原始值：7.7207'>7.72</span>", "<span data-toggle='tooltip' data-placement='right' title='原始值：8.75658'>8.76</span>", "<span data-toggle='tooltip' data-placement='right' title='原始值：264.1943'>264.2</span>", "<span data-toggle='tooltip' data-placement='right' title='原始值：11.53882'>11.5</span>", "<span data-toggle='tooltip' data-placement='right' title='原始值：0.78'>0.78</span>", "<span data-toggle='tooltip' data-placement='right' title='原始值：0.11719'>0.117</span>", "<span data-toggle='tooltip' data-placement='right' title='原始值：0.03162'>0.032</span>", "<span data-toggle='tooltip' data-placement='right' title='原始值：2.2862'>2.29</span>", "*", "*", "正常"], ["广东省", "珠江流域", "<span data-toggle='tooltip' data-placement='right' title='所在地市:中山市&#10;所属河流:西江'>横栏</span>", "12-01 08:00", "Ⅰ", "<span data-toggle='tooltip' data-placement='right' title='原始值：21.2'>21.2</span>", "<span data-toggle='tooltip' data-placement='right' title='原始值：7.76'>7.76</span>", "<span data-toggle='tooltip' data-placement='right' title='原始值：7.52'>7.52</span>", "<span data-toggle='tooltip' data-placement='right' title='原始值：291'>291.0</span>", "<span data-toggle='tooltip' data-placement='right' title='原始值：10.7'>10.7</span>", "<span data-toggle='tooltip' data-placement='right' title='原始值：1.34'>1.34</span>", "<span data-toggle='tooltip' data-placement='right' title='原始值：0.11558'>0.116</span>", "*", "*", "*", "*", "正常"], ["广西壮族自治区", "珠江流域", "<span data-toggle='tooltip' data-placement='right' title='所在地市:南宁市&#10;所属河流:邕江'>老口</span>", "12-01 08:00", "Ⅱ", "<span data-toggle='tooltip' data-placement='right' title='原始值：21.69104'>21.7</span>", "<span data-toggle='tooltip' data-placement='right' title='原始值：7.92553'>7.93</span>", "<span data-toggle='tooltip' data-placement='right' title='原始值：7.78198'>7.78</span>", "<span data-toggle='tooltip' data-placement='right' title='原始值：339.23'>339.2</span>", "<span data-toggle='tooltip' data-placement='right' title='原始值：9.60531'>9.6</span>", "<span data-toggle='tooltip' data-placement='right' title='原始值：0.93169'>0.93</span>", "<span data-toggle='tooltip' data-placement='right' title='原始值：0.09361'>0.094</span>", "<span data-toggle='tooltip' data-placement='right' title='原始值：0.02277'>0.023</span>", "<span data-toggle='tooltip' data-placement='right' title='原始值：2.07589'>2.08</span>", "*", "*", "正常"], ["广西壮族自治区", "珠江流域", "<span data-toggle='tooltip' data-placement='right' title='所在地市:桂林市&#10;所属河流:漓江'>阳朔</span>", null, "", "--", "--", "--", "--", "--", "--", "--", "--", "--", "*", "*", "停站"], ["广西壮族自治区", "珠江流域", "<span data-toggle='tooltip' data-placement='right' title='所在地市:梧州市&#10;所属河流:浔江'>界首</span>", null, "", "--", "--", "--", "--", "--", "--", "--", "--", "--", "*", "*", "停站"], ["广西壮族自治区", "珠江流域", "<span data-toggle='tooltip' data-placement='right' title='所在地市:贵港市&#10;所属河流:浔江'>石嘴</span>", "12-01 08:00", "Ⅱ", "<span data-toggle='tooltip' data-placement='right' title='原始值：24.36168'>24.4</span>", "<span data-toggle='tooltip' data-placement='right' title='原始值：8.08755'>8.09</span>", "<span data-toggle='tooltip' data-placement='right' title='原始值：8.43301'>8.43</span>", "<span data-toggle='tooltip' data-placement='right' title='原始值：306.1407'>306.1</span>", "<span data-toggle='tooltip' data-placement='right' title='原始值：13.19065'>13.2</span>", "<span data-toggle='tooltip' data-placement='right' title='原始值：2.26'>2.26</span>", "<span data-toggle='tooltip' data-placement='right' title='原始值：0.11'>0.110</span>", "<span data-toggle='tooltip' data-placement='right' title='原始值：0.03024'>0.030</span>", "<span data-toggle='tooltip' data-placement='right' title='原始值：2.0218'>2.02</span>", "*", "*", "正常"], ["广西壮族自治区", "珠江流域", "<span data-toggle='tooltip' data-placement='right' title='所在地市:崇左市&#10;所属河流:平而河'>平而关</span>", "12-01 08:00", "Ⅱ", "<span data-toggle='tooltip' data-placement='right' title='原始值：20.25407'>20.3</span>", "<span data-toggle='tooltip' data-placement='right' title='原始值：7.57813'>7.58</span>", "<span data-toggle='tooltip' data-placement='right' title='原始值：9.03472'>9.03</span>", "<span data-toggle='tooltip' data-placement='right' title='原始值：248.1615'>248.2</span>", "<span data-toggle='tooltip' data-placement='right' title='原始值：17.98955'>18.0</span>", "<span data-toggle='tooltip' data-placement='right' title='原始值：0.94'>0.94</span>", "<span data-toggle='tooltip' data-placement='right' title='原始值：0.16'>0.160</span>", "*", "*", "*", "*", "正常"], ["重庆市", "长江流域", "<span data-toggle='tooltip' data-placement='right' title='所在地市:永川区&#10;所属河流:长江'>朱沱</span>", "12-01 08:00", "Ⅱ", "<span data-toggle='tooltip' data-placement='right' title='原始值：15.1'>15.1</span>", "<span data-toggle='tooltip' data-placement='right' title='原始值：8.15'>8.15</span>", "<span data-toggle='tooltip' data-placement='right' title='原始值：9.85'>9.85</span>", "<span data-toggle='tooltip' data-placement='right' title='原始值：387.09'>387.1</span>", "<span data-toggle='tooltip' data-placement='right' title='原始值：13.27'>13.3</span>", "<span data-toggle='tooltip' data-placement='right' title='原始值：1.066'>1.07</span>", "<span data-toggle='tooltip' data-placement='right' title='原始值：0.003'>0.003</span>", "<span data-toggle='tooltip' data-placement='right' title='原始值：0.055'>0.055</span>", "<span data-toggle='tooltip' data-placement='right' title='原始值：1.46'>1.46</span>", "*", "*", "正常"], ["四川省", "长江流域", "<span data-toggle='tooltip' data-placement='right' title='所在地市:攀枝花市&#10;所属河流:金沙江'>龙洞</span>", "12-01 08:00", "Ⅰ", "<span data-toggle='tooltip' data-placement='right' title='原始值：16.5'>16.5</span>", "<span data-toggle='tooltip' data-placement='right' title='原始值：8.230679'>8.23</span>", "<span data-toggle='tooltip' data-placement='right' title='原始值：8.514069'>8.51</span>", "<span data-toggle='tooltip' data-placement='right' title='原始值：862.338'>862.3</span>", "<span data-toggle='tooltip' data-placement='right' title='原始值：11.35262'>11.4</span>", "<span data-toggle='tooltip' data-placement='right' title='原始值：1.15'>1.15</span>", "<span data-toggle='tooltip' data-placement='right' title='原始值：0.018'>0.018</span>", "<span data-toggle='tooltip' data-placement='right' title='原始值：0.0060947'>0.006</span>", "<span data-toggle='tooltip' data-placement='right' title='原始值：0.963214'>0.96</span>", "*", "*", "正常"], ["四川省", "长江流域", "<span data-toggle='tooltip' data-placement='right' title='所在地市:泸州市&#10;所属河流:沱江'>沱江大桥(沱江二桥)</span>", "12-01 08:00", "Ⅲ", "<span data-toggle='tooltip' data-placement='right' title='原始值：15.89'>15.9</span>", "<span data-toggle='tooltip' data-placement='right' title='原始值：8.212377'>8.21</span>", "<span data-toggle='tooltip' data-placement='right' title='原始值：8.828197'>8.83</span>", "<span data-toggle='tooltip' data-placement='right' title='原始值：533.665'>533.7</span>", "<span data-toggle='tooltip' data-placement='right' title='原始值：13.51518'>13.5</span>", "<span data-toggle='tooltip' data-placement='right' title='原始值：1.97'>1.97</span>", "<span data-toggle='tooltip' data-placement='right' title='原始值：0.013'>0.013</span>", "<span data-toggle='tooltip' data-placement='right' title='原始值：0.105836'>0.106</span>", "<span data-toggle='tooltip' data-placement='right' title='原始值：3.260296'>3.26</span>", "*", "*", "正常"], ["四川省", "长江流域", "<span data-toggle='tooltip' data-placement='right' title='所在地市:广元市&#10;所属河流:嘉陵江'>清风峡</span>", "12-01 04:00", "Ⅰ", "<span data-toggle='tooltip' data-placement='right' title='原始值：9.09999'>9.1</span>", "<span data-toggle='tooltip' data-placement='right' title='原始值：8.51001'>8.51</span>", "<span data-toggle='tooltip' data-placement='right' title='原始值：10.63176'>10.63</span>", "<span data-toggle='tooltip' data-placement='right' title='原始值：413.5'>413.5</span>", "<span data-toggle='tooltip' data-placement='right' title='原始值：57.3972'>57.4</span>", "<span data-toggle='tooltip' data-placement='right' title='原始值：0.87'>0.87</span>", "<span data-toggle='tooltip' data-placement='right' title='原始值：0.11476'>0.115</span>", "*", "*", "*", "*", "正常"], ["四川省", "长江流域", "<span data-toggle='tooltip' data-placement='right' title='所在地市:乐山市&#10;所属河流:岷江'>岷江大桥</span>", null, "", "--", "--", "--", "--", "--", "--", "--", "--", "--", "*", "*", "停站"], ["四川省", "长江流域", "<span data-toggle='tooltip' data-placement='right' title='所在地市:宜宾市&#10;所属河流:岷江'>凉姜沟</span>", "12-01 08:00", "Ⅱ", "<span data-toggle='tooltip' data-placement='right' title='原始值：13.72'>13.7</span>", "<span data-toggle='tooltip' data-placement='right' title='原始值：8.030236'>8.03</span>", "<span data-toggle='tooltip' data-placement='right' title='原始值：9.112121'>9.11</span>", "<span data-toggle='tooltip' data-placement='right' title='原始值：333.508'>333.5</span>", "<span data-toggle='tooltip' data-placement='right' title='原始值：23.63885'>23.6</span>", "<span data-toggle='tooltip' data-placement='right' title='原始值：1.62'>1.62</span>", "<span data-toggle='tooltip' data-placement='right' title='原始值：0.11'>0.110</span>", "<span data-toggle='tooltip' data-placement='right' title='原始值：0.0859313'>0.086</span>", "--", "*", "*", "维护"], ["云南省", "滇池流域", "<span data-toggle='tooltip' data-placement='right' title='所在地市:昆明市&#10;所属河流:滇池'>西苑隧道</span>", "12-01 08:00", "Ⅳ", "<span data-toggle='tooltip' data-placement='right' title='原始值：15.31'>15.3</span>", "<span data-toggle='tooltip' data-placement='right' title='原始值：7.78721'>7.79</span>", "<span data-toggle='tooltip' data-placement='right' title='原始值：7.19'>7.19</span>", "<span data-toggle='tooltip' data-placement='right' title='原始值：701.384'>701.4</span>", "<span data-toggle='tooltip' data-placement='right' title='原始值：42.08'>42.1</span>", "<span data-toggle='tooltip' data-placement='right' title='原始值：8.85'>8.85</span>", "<span data-toggle='tooltip' data-placement='right' title='原始值：0.01589'>0.016</span>", "<span data-toggle='tooltip' data-placement='right' title='原始值：0.02308'>0.023</span>", "<span data-toggle='tooltip' data-placement='right' title='原始值：4.86916'>4.87</span>", "<span data-toggle='tooltip' data-placement='right' title='原始值：0.00225'>0.002</span>", "<span data-toggle='tooltip' data-placement='right' title='原始值：8537887'>8537887</span>", "正常"], ["云南省", "滇池流域", "<span data-toggle='tooltip' data-placement='right' title='所在地市:昆明市&#10;所属河流:滇池'>观音山</span>", "12-01 08:00", "劣Ⅴ", "<span data-toggle='tooltip' data-placement='right' title='原始值：15.686'>15.7</span>", "<span data-toggle='tooltip' data-placement='right' title='原始值：9.241'>9.24</span>", "<span data-toggle='tooltip' data-placement='right' title='原始值：8.097'>8.10</span>", "<span data-toggle='tooltip' data-placement='right' title='极值过滤'>--</span>", "<span data-toggle='tooltip' data-placement='right' title='原始值：1.045'>1.0</span>", "<span data-toggle='tooltip' data-placement='right' title='原始值：8.76091'>8.76</span>", "<span data-toggle='tooltip' data-placement='right' title='原始值：0.64'>0.640</span>", "<span data-toggle='tooltip' data-placement='right' title='原始值：0.101'>0.101</span>", "<span data-toggle='tooltip' data-placement='right' title='原始值：1.372'>1.37</span>", "<span data-toggle='tooltip' data-placement='right' title='原始值：0.00282'>0.003</span>", "<span data-toggle='tooltip' data-placement='right' title='原始值：8415766'>8415766</span>", "维护"], ["云南省", "西南诸河", "<span data-toggle='tooltip' data-placement='right' title='所在地市:红河哈尼族彝族自治州&#10;所属河流:红河'>河口县医院(河口)</span>", "12-01 08:00", "", "<span data-toggle='tooltip' data-placement='right' title='原始值：22.63787'>22.6</span>", "<span data-toggle='tooltip' data-placement='right' title='原始值：7.08688'>7.09</span>", "<span data-toggle='tooltip' data-placement='right' title='原始值：8.56166'>8.56</span>", "<span data-toggle='tooltip' data-placement='right' title='极值过滤'>--</span>", "<span data-toggle='tooltip' data-placement='right' title='原始值：85.17619'>85.2</span>", "<span data-toggle='tooltip' data-placement='right' title='原始值：0.48223'>0.48</span>", "<span data-toggle='tooltip' data-placement='right' title='原始值：0.10207'>0.102</span>", "<span data-toggle='tooltip' data-placement='right' title='原始值：0.0582'>0.058</span>", "<span data-toggle='tooltip' data-placement='right' title='原始值：1.31213'>1.31</span>", "*", "*", "维护"], ["云南省", "西南诸河", "<span data-toggle='tooltip' data-placement='right' title='所在地市:西双版纳傣族自治州&#10;所属河流:澜沧江'>橄榄坝</span>", "12-01 08:00", "Ⅱ", "<span data-toggle='tooltip' data-placement='right' title='原始值：18.558'>18.6</span>", "<span data-toggle='tooltip' data-placement='right' title='原始值：7.649'>7.65</span>", "<span data-toggle='tooltip' data-placement='right' title='原始值：7.289'>7.29</span>", "<span data-toggle='tooltip' data-placement='right' title='原始值：517.007'>517.0</span>", "<span data-toggle='tooltip' data-placement='right' title='原始值：7.52'>7.5</span>", "<span data-toggle='tooltip' data-placement='right' title='原始值：0.41'>0.41</span>", "<span data-toggle='tooltip' data-placement='right' title='原始值：0.084'>0.084</span>", "*", "*", "*", "*", "正常"], ["陕西省", "黄河流域", "<span data-toggle='tooltip' data-placement='right' title='所在地市:渭南市&#10;所属河流:渭河'>潼关吊桥</span>", "12-01 08:00", "Ⅲ", "<span data-toggle='tooltip' data-placement='right' title='原始值：9.00313'>9.0</span>", "<span data-toggle='tooltip' data-placement='right' title='原始值：8.38999'>8.39</span>", "<span data-toggle='tooltip' data-placement='right' title='原始值：9.26937'>9.27</span>", "<span data-toggle='tooltip' data-placement='right' title='原始值：1113.998'>1114.0</span>", "<span data-toggle='tooltip' data-placement='right' title='原始值：258.2371'>258.2</span>", "<span data-toggle='tooltip' data-placement='right' title='原始值：2.51'>2.51</span>", "<span data-toggle='tooltip' data-placement='right' title='原始值：0.43'>0.430</span>", "<span data-toggle='tooltip' data-placement='right' title='原始值：0.16017'>0.160</span>", "<span data-toggle='tooltip' data-placement='right' title='原始值：7.22684'>7.23</span>", "*", "*", "正常"], ["甘肃省", "黄河流域", "<span data-toggle='tooltip' data-placement='right' title='所在地市:兰州市&#10;所属河流:黄河'>新城桥</span>", null, "", "--", "--", "--", "--", "--", "--", "--", "--", "--", "*", "*", "停站"], ["宁夏回族自治区", "黄河流域", "<span data-toggle='tooltip' data-placement='right' title='所在地市:中卫市&#10;所属河流:黄河'>中卫下河沿(新墩)</span>", "12-01 08:00", "Ⅱ", "<span data-toggle='tooltip' data-placement='right' title='原始值：8.55166'>8.6</span>", "<span data-toggle='tooltip' data-placement='right' title='原始值：7.34433'>7.34</span>", "<span data-toggle='tooltip' data-placement='right' title='原始值：10.11363'>10.11</span>", "<span data-toggle='tooltip' data-placement='right' title='原始值：724.7207'>724.7</span>", "<span data-toggle='tooltip' data-placement='right' title='原始值：112.736'>112.7</span>", "<span data-toggle='tooltip' data-placement='right' title='原始值：3.67'>3.67</span>", "<span data-toggle='tooltip' data-placement='right' title='原始值：0.37'>0.370</span>", "<span data-toggle='tooltip' data-placement='right' title='原始值：0.0234'>0.023</span>", "<span data-toggle='tooltip' data-placement='right' title='原始值：2.4583'>2.46</span>", "*", "*", "正常"]]}