{"result": 1, "total": 1, "records": 98, "thead": ["省份", "流域", "断面名称", "监测时间", "水质类别", "水温<br/><span class='unit'>(℃)</span>", "pH<br/><span class='unit'>(无量纲)</span>", "溶解氧<br/><span class='unit'>(mg/L)</span>", "电导率<br/><span class='unit'>(μS/cm)</span>", "浊度<br/><span class='unit'>(NTU)</span>", "高锰酸盐指数<br/><span class='unit'>(mg/L)</span>", "氨氮<br/><span class='unit'>(mg/L)</span>", "总磷<br/><span class='unit'>(mg/L)</span>", "总氮<br/><span class='unit'>(mg/L)</span>", "叶绿素α<br/><span class='unit'>(mg/L)</span>", "藻密度<br/><span class='unit'>(cells/L)</span>", "站点情况"], "tbody": [["北京市", "海河流域", "<span data-toggle='tooltip' data-placement='right' title='所在地市:门头沟区&#10;所属河流:永定河'>沿河城</span>", null, "", "--", "--", "--", "--", "--", "--", "--", "--", "--", "*", "*", "停站"], ["北京市", "海河流域", "<span data-toggle='tooltip' data-placement='right' title='所在地市:密云区&#10;所属河流:潮河'>古北口</span>", null, "", "--", "--", "--", "--", "--", "--", "--", "--", "--", "*", "*", "停站"], ["天津市", "海河流域", "<span data-toggle='tooltip' data-placement='right' title='所在地市:河北区&#10;所属河流:海河'>三岔口</span>", "12-28 08:00", "Ⅱ", "<span data-toggle='tooltip' data-placement='right' title='原始值：4.0992'>4.1</span>", "<span data-toggle='tooltip' data-placement='right' title='原始值：8.2338'>8.23</span>", "<span data-toggle='tooltip' data-placement='right' title='原始值：13.457'>13.46</span>", "<span data-toggle='tooltip' data-placement='right' title='原始值：387.6005'>387.6</span>", "<span data-toggle='tooltip' data-placement='right' title='原始值：5.714'>5.7</span>", "<span data-toggle='tooltip' data-placement='right' title='原始值：1.12'>1.12</span>", "<span data-toggle='tooltip' data-placement='right' title='原始值：0.17'>0.170</span>", "<span data-toggle='tooltip' data-placement='right' title='原始值：0.0002'>0.0002</span>", "<span data-toggle='tooltip' data-placement='right' title='原始值：1.1764'>1.18</span>", "*", "*", "正常"], ["天津市", "海河流域", "<span data-toggle='tooltip' data-placement='right' title='所在地市:蓟州区&#10;所属河流:果河'>果河桥</span>", "12-28 08:00", "Ⅱ", "<span data-toggle='tooltip' data-placement='right' title='原始值：5'>5.0</span>", "<span data-toggle='tooltip' data-placement='right' title='原始值：8.97'>8.97</span>", "<span data-toggle='tooltip' data-placement='right' title='原始值：19.513'>19.51</span>", "<span data-toggle='tooltip' data-placement='right' title='原始值：648.085'>648.1</span>", "<span data-toggle='tooltip' data-placement='right' title='原始值：15.9'>15.9</span>", "<span data-toggle='tooltip' data-placement='right' title='原始值：3.0774'>3.08</span>", "<span data-toggle='tooltip' data-placement='right' title='原始值：0.22'>0.220</span>", "<span data-toggle='tooltip' data-placement='right' title='原始值：0.0339'>0.034</span>", "<span data-toggle='tooltip' data-placement='right' title='原始值：4.4259'>4.43</span>", "*", "*", "正常"], ["河北省", "海河流域", "<span data-toggle='tooltip' data-placement='right' title='所在地市:石家庄市&#10;所属河流:滹沱河'>岗南水库</span>", "12-28 08:00", "Ⅱ", "<span data-toggle='tooltip' data-placement='right' title='原始值：10.07812'>10.1</span>", "<span data-toggle='tooltip' data-placement='right' title='原始值：8.72432'>8.72</span>", "<span data-toggle='tooltip' data-placement='right' title='原始值：11.18181'>11.18</span>", "<span data-toggle='tooltip' data-placement='right' title='原始值：531.6721'>531.7</span>", "<span data-toggle='tooltip' data-placement='right' title='原始值：1.6212'>1.6</span>", "<span data-toggle='tooltip' data-placement='right' title='原始值：2.2904'>2.29</span>", "<span data-toggle='tooltip' data-placement='right' title='原始值：0.02'>0.020</span>", "<span data-toggle='tooltip' data-placement='right' title='原始值：0.01612'>0.016</span>", "<span data-toggle='tooltip' data-placement='right' title='原始值：2.48109'>2.48</span>", "*", "*", "正常"], ["河北省", "海河流域", "<span data-toggle='tooltip' data-placement='right' title='所在地市:张家口市&#10;所属河流:永定河'>八号桥</span>", "12-28 08:00", "劣Ⅴ", "<span data-toggle='tooltip' data-placement='right' title='原始值：1.28409'>1.3</span>", "<span data-toggle='tooltip' data-placement='right' title='原始值：9.30789'>9.31</span>", "<span data-toggle='tooltip' data-placement='right' title='原始值：14.42983'>14.43</span>", "<span data-toggle='tooltip' data-placement='right' title='原始值：1420.291'>1420.3</span>", "<span data-toggle='tooltip' data-placement='right' title='原始值：20.24933'>20.2</span>", "<span data-toggle='tooltip' data-placement='right' title='原始值：2.84'>2.84</span>", "<span data-toggle='tooltip' data-placement='right' title='原始值：0.53'>0.530</span>", "<span data-toggle='tooltip' data-placement='right' title='原始值：0.046'>0.046</span>", "<span data-toggle='tooltip' data-placement='right' title='原始值：6.18'>6.18</span>", "*", "*", "正常"], ["山西省", "黄河流域", "<span data-toggle='tooltip' data-placement='right' title='所在地市:运城市&#10;所属河流:汾河'>河津大桥</span>", "12-28 08:00", "Ⅳ", "<span data-toggle='tooltip' data-placement='right' title='原始值：6.78391'>6.8</span>", "<span data-toggle='tooltip' data-placement='right' title='原始值：8.32679'>8.33</span>", "<span data-toggle='tooltip' data-placement='right' title='原始值：11.59871'>11.60</span>", "<span data-toggle='tooltip' data-placement='right' title='原始值：1930.513'>1930.5</span>", "<span data-toggle='tooltip' data-placement='right' title='原始值：283.7837'>283.8</span>", "<span data-toggle='tooltip' data-placement='right' title='原始值：8.90294'>8.90</span>", "<span data-toggle='tooltip' data-placement='right' title='原始值：0.96'>0.960</span>", "*", "*", "*", "*", "正常"], ["山西省", "黄河流域", "<span data-toggle='tooltip' data-placement='right' title='所在地市:忻州市&#10;所属河流:黄河'>万家寨水库</span>", null, "", "--", "--", "--", "--", "--", "--", "--", "--", "--", "*", "*", "停站"], ["内蒙古自治区", "黄河流域", "<span data-toggle='tooltip' data-placement='right' title='所在地市:包头市&#10;所属河流:黄河'>画匠营子</span>", null, "", "--", "--", "--", "--", "--", "--", "--", "--", "--", "*", "*", "停站"], ["内蒙古自治区", "黄河流域", "<span data-toggle='tooltip' data-placement='right' title='所在地市:乌海市&#10;所属河流:黄河'>海勃湾</span>", "12-28 08:00", "Ⅱ", "<span data-toggle='tooltip' data-placement='right' title='原始值：4.58354'>4.6</span>", "<span data-toggle='tooltip' data-placement='right' title='原始值：8.14951'>8.15</span>", "<span data-toggle='tooltip' data-placement='right' title='原始值：9.77856'>9.78</span>", "<span data-toggle='tooltip' data-placement='right' title='原始值：821.0859'>821.1</span>", "<span data-toggle='tooltip' data-placement='right' title='原始值：27.66038'>27.7</span>", "<span data-toggle='tooltip' data-placement='right' title='原始值：1.32'>1.32</span>", "<span data-toggle='tooltip' data-placement='right' title='原始值：0.19'>0.190</span>", "*", "*", "*", "*", "正常"], ["内蒙古自治区", "松花江流域", "<span data-toggle='tooltip' data-placement='right' title='所在地市:呼伦贝尔市&#10;所属河流:额尔古纳河'>黑山头</span>", null, "", "--", "--", "--", "--", "--", "--", "--", "--", "--", "*", "*", "停站"], ["辽宁省", "辽河流域", "<span data-toggle='tooltip' data-placement='right' title='所在地市:抚顺市&#10;所属河流:浑河'>大伙房水库</span>", "12-28 04:00", "", "<span data-toggle='tooltip' data-placement='right' title='原始值：5.10242'>5.1</span>", "<span data-toggle='tooltip' data-placement='right' title='原始值：7.76398'>7.76</span>", "<span data-toggle='tooltip' data-placement='right' title='原始值：10.74749'>10.75</span>", "<span data-toggle='tooltip' data-placement='right' title='原始值：298.8278'>298.8</span>", "<span data-toggle='tooltip' data-placement='right' title='原始值：9.45701'>9.5</span>", "<span data-toggle='tooltip' data-placement='right' title='原始值：3.00195'>3.00</span>", "<span data-toggle='tooltip' data-placement='right' title='原始值：3.4'>3.400</span>", "<span data-toggle='tooltip' data-placement='right' title='原始值：0.02276'>0.023</span>", "<span data-toggle='tooltip' data-placement='right' title='原始值：2.90264'>2.90</span>", "<span data-toggle='tooltip' data-placement='right' title='原始值：0.00126'>0.001</span>", "*", "维护"], ["辽宁省", "辽河流域", "<span data-toggle='tooltip' data-placement='right' title='所在地市:丹东市&#10;所属河流:鸭绿江'>江桥</span>", null, "", "--", "--", "--", "--", "--", "--", "--", "--", "--", "*", "*", "停站"], ["辽宁省", "辽河流域", "<span data-toggle='tooltip' data-placement='right' title='所在地市:营口市&#10;所属河流:大辽河'>辽河公园</span>", null, "", "--", "--", "--", "--", "--", "--", "--", "--", "--", "*", "*", "停站"], ["辽宁省", "辽河流域", "<span data-toggle='tooltip' data-placement='right' title='所在地市:辽阳市&#10;所属河流:太子河'>汤河水库</span>", null, "", "--", "--", "--", "--", "--", "--", "--", "--", "--", "*", "*", "停站"], ["辽宁省", "辽河流域", "<span data-toggle='tooltip' data-placement='right' title='所在地市:盘锦市&#10;所属河流:辽河'>盘锦兴安(兴安)</span>", null, "", "--", "--", "--", "--", "--", "--", "--", "--", "--", "*", "*", "停站"], ["辽宁省", "辽河流域", "<span data-toggle='tooltip' data-placement='right' title='所在地市:铁岭市&#10;所属河流:辽河'>珠尔山</span>", null, "", "--", "--", "--", "--", "--", "--", "--", "--", "--", "*", "*", "停站"], ["吉林省", "松花江流域", "<span data-toggle='tooltip' data-placement='right' title='所在地市:长春市&#10;所属河流:松花江'>松花江村</span>", null, "", "--", "--", "--", "--", "--", "--", "--", "--", "--", "*", "*", "停站"], ["吉林省", "松花江流域", "<span data-toggle='tooltip' data-placement='right' title='所在地市:白城市&#10;所属河流:嫩江'>白沙滩</span>", "12-28 08:00", "劣Ⅴ", "<span data-toggle='tooltip' data-placement='right' title='原始值：3.3975'>3.4</span>", "<span data-toggle='tooltip' data-placement='right' title='原始值：5.98263'>5.98</span>", "<span data-toggle='tooltip' data-placement='right' title='原始值：12.88268'>12.88</span>", "<span data-toggle='tooltip' data-placement='right' title='原始值：394.7737'>394.8</span>", "<span data-toggle='tooltip' data-placement='right' title='原始值：30.03952'>30.0</span>", "<span data-toggle='tooltip' data-placement='right' title='原始值：6.6438'>6.64</span>", "<span data-toggle='tooltip' data-placement='right' title='原始值：0.29735'>0.297</span>", "<span data-toggle='tooltip' data-placement='right' title='原始值：0.06678'>0.067</span>", "<span data-toggle='tooltip' data-placement='right' title='原始值：1.73187'>1.73</span>", "*", "*", "正常"], ["吉林省", "松花江流域", "<span data-toggle='tooltip' data-placement='right' title='所在地市:延边朝鲜族自治州&#10;所属河流:图们江'>圈河</span>", null, "", "--", "--", "--", "--", "--", "--", "--", "--", "--", "*", "*", "停站"], ["黑龙江省", "松花江流域", "<span data-toggle='tooltip' data-placement='right' title='所在地市:大庆市&#10;所属河流:松花江'>肇源</span>", null, "", "--", "--", "--", "--", "--", "--", "--", "--", "--", "*", "*", "停站"], ["黑龙江省", "松花江流域", "<span data-toggle='tooltip' data-placement='right' title='所在地市:佳木斯市&#10;所属河流:乌苏里江'>乌苏镇</span>", null, "", "--", "--", "--", "--", "--", "--", "--", "--", "--", "*", "*", "停站"], ["黑龙江省", "松花江流域", "<span data-toggle='tooltip' data-placement='right' title='所在地市:佳木斯市&#10;所属河流:松花江'>同江</span>", "12-28 08:00", "Ⅲ", "<span data-toggle='tooltip' data-placement='right' title='原始值：3.17337'>3.2</span>", "<span data-toggle='tooltip' data-placement='right' title='原始值：7.25001'>7.25</span>", "<span data-toggle='tooltip' data-placement='right' title='原始值：12.31252'>12.31</span>", "<span data-toggle='tooltip' data-placement='right' title='原始值：371.0943'>371.1</span>", "<span data-toggle='tooltip' data-placement='right' title='原始值：19.25053'>19.3</span>", "<span data-toggle='tooltip' data-placement='right' title='原始值：5.53445'>5.53</span>", "<span data-toggle='tooltip' data-placement='right' title='原始值：0.32204'>0.322</span>", "<span data-toggle='tooltip' data-placement='right' title='原始值：0.05347'>0.053</span>", "<span data-toggle='tooltip' data-placement='right' title='原始值：3.59441'>3.59</span>", "*", "*", "正常"], ["黑龙江省", "松花江流域", "<span data-toggle='tooltip' data-placement='right' title='所在地市:黑河市&#10;所属河流:黑龙江'>黑河下(黑河)</span>", null, "", "--", "--", "--", "--", "--", "--", "--", "--", "--", "*", "*", "停站"], ["上海市", "长江流域", "<span data-toggle='tooltip' data-placement='right' title='所在地市:青浦区&#10;所属河流:淀山湖'>急水港桥</span>", null, "", "--", "--", "--", "--", "--", "--", "--", "--", "--", "--", "--", "停站"], ["江苏省", "长江流域", "<span data-toggle='tooltip' data-placement='right' title='所在地市:南京市&#10;所属河流:长江'>林山</span>", null, "", "--", "--", "--", "--", "--", "--", "--", "--", "--", "*", "*", "停站"], ["江苏省", "太湖流域", "<span data-toggle='tooltip' data-placement='right' title='所在地市:无锡市&#10;所属河流:太湖'>沙渚</span>", "12-28 08:00", "Ⅱ", "<span data-toggle='tooltip' data-placement='right' title='原始值：16.11116'>16.1</span>", "<span data-toggle='tooltip' data-placement='right' title='原始值：8.107692'>8.11</span>", "<span data-toggle='tooltip' data-placement='right' title='原始值：10.55156'>10.55</span>", "<span data-toggle='tooltip' data-placement='right' title='原始值：428.5774'>428.6</span>", "<span data-toggle='tooltip' data-placement='right' title='原始值：20.94477'>20.9</span>", "<span data-toggle='tooltip' data-placement='right' title='原始值：2.793821'>2.79</span>", "<span data-toggle='tooltip' data-placement='right' title='原始值：0.16'>0.160</span>", "<span data-toggle='tooltip' data-placement='right' title='原始值：0.0276'>0.028</span>", "<span data-toggle='tooltip' data-placement='right' title='原始值：1.738'>1.74</span>", "<span data-toggle='tooltip' data-placement='right' title='原始值：0.010098'>0.010</span>", "*", "正常"], ["江苏省", "淮河流域", "<span data-toggle='tooltip' data-placement='right' title='所在地市:徐州市&#10;所属河流:武河'>小红圈</span>", "12-28 08:00", "Ⅱ", "<span data-toggle='tooltip' data-placement='right' title='原始值：5.53'>5.5</span>", "<span data-toggle='tooltip' data-placement='right' title='原始值：8.27'>8.27</span>", "<span data-toggle='tooltip' data-placement='right' title='原始值：20.05'>20.05</span>", "<span data-toggle='tooltip' data-placement='right' title='原始值：603.8'>603.8</span>", "<span data-toggle='tooltip' data-placement='right' title='原始值：4.7'>4.7</span>", "<span data-toggle='tooltip' data-placement='right' title='原始值：2.08'>2.08</span>", "<span data-toggle='tooltip' data-placement='right' title='原始值：0.086'>0.086</span>", "*", "*", "*", "*", "正常"], ["江苏省", "淮河流域", "<span data-toggle='tooltip' data-placement='right' title='所在地市:徐州市&#10;所属河流:沿河'>李集桥</span>", "12-28 08:00", "Ⅳ", "<span data-toggle='tooltip' data-placement='right' title='原始值：6.04'>6.0</span>", "<span data-toggle='tooltip' data-placement='right' title='原始值：7.84'>7.84</span>", "<span data-toggle='tooltip' data-placement='right' title='原始值：9.23'>9.23</span>", "<span data-toggle='tooltip' data-placement='right' title='原始值：1328.8'>1328.8</span>", "<span data-toggle='tooltip' data-placement='right' title='原始值：32.34'>32.3</span>", "<span data-toggle='tooltip' data-placement='right' title='原始值：6.39'>6.39</span>", "<span data-toggle='tooltip' data-placement='right' title='原始值：1.198'>1.198</span>", "<span data-toggle='tooltip' data-placement='right' title='原始值：0.055'>0.055</span>", "<span data-toggle='tooltip' data-placement='right' title='原始值：4.47'>4.47</span>", "*", "*", "正常"], ["江苏省", "淮河流域", "<span data-toggle='tooltip' data-placement='right' title='所在地市:徐州市&#10;所属河流:邳苍分洪道'>艾山西大桥</span>", "12-28 08:00", "Ⅱ", "<span data-toggle='tooltip' data-placement='right' title='原始值：5.17929'>5.2</span>", "<span data-toggle='tooltip' data-placement='right' title='原始值：8.69909'>8.70</span>", "<span data-toggle='tooltip' data-placement='right' title='原始值：15.7871'>15.79</span>", "<span data-toggle='tooltip' data-placement='right' title='原始值：912.006'>912.0</span>", "<span data-toggle='tooltip' data-placement='right' title='原始值：5.19096'>5.2</span>", "<span data-toggle='tooltip' data-placement='right' title='原始值：2.9'>2.90</span>", "<span data-toggle='tooltip' data-placement='right' title='原始值：0.1'>0.100</span>", "<span data-toggle='tooltip' data-placement='right' title='原始值：0.033'>0.033</span>", "<span data-toggle='tooltip' data-placement='right' title='原始值：14.13039'>14.13</span>", "*", "*", "正常"], ["江苏省", "太湖流域", "<span data-toggle='tooltip' data-placement='right' title='所在地市:苏州市&#10;所属河流:太湖'>兰山嘴(老)</span>", "12-28 08:00", "Ⅲ", "<span data-toggle='tooltip' data-placement='right' title='原始值：10.17094'>10.2</span>", "<span data-toggle='tooltip' data-placement='right' title='原始值：7.91876'>7.92</span>", "<span data-toggle='tooltip' data-placement='right' title='原始值：11.24158'>11.24</span>", "<span data-toggle='tooltip' data-placement='right' title='原始值：401.5371'>401.5</span>", "<span data-toggle='tooltip' data-placement='right' title='原始值：17.64908'>17.6</span>", "<span data-toggle='tooltip' data-placement='right' title='原始值：4.03'>4.03</span>", "<span data-toggle='tooltip' data-placement='right' title='原始值：0.55'>0.550</span>", "<span data-toggle='tooltip' data-placement='right' title='原始值：0.08076'>0.081</span>", "<span data-toggle='tooltip' data-placement='right' title='原始值：3.49614'>3.50</span>", "<span data-toggle='tooltip' data-placement='right' title='原始值：0.02988'>0.030</span>", "*", "正常"], ["江苏省", "太湖流域", "<span data-toggle='tooltip' data-placement='right' title='所在地市:苏州市&#10;所属河流:太湖'>西山</span>", "12-28 08:00", "Ⅳ", "<span data-toggle='tooltip' data-placement='right' title='原始值：8.92189'>8.9</span>", "<span data-toggle='tooltip' data-placement='right' title='原始值：7.69136'>7.69</span>", "<span data-toggle='tooltip' data-placement='right' title='原始值：12.36114'>12.36</span>", "<span data-toggle='tooltip' data-placement='right' title='原始值：554.2017'>554.2</span>", "<span data-toggle='tooltip' data-placement='right' title='原始值：43.53573'>43.5</span>", "<span data-toggle='tooltip' data-placement='right' title='原始值：2.15'>2.15</span>", "<span data-toggle='tooltip' data-placement='right' title='原始值：0.2'>0.200</span>", "<span data-toggle='tooltip' data-placement='right' title='原始值：0.0623'>0.062</span>", "<span data-toggle='tooltip' data-placement='right' title='原始值：0.6297'>0.63</span>", "<span data-toggle='tooltip' data-placement='right' title='原始值：0.00801'>0.008</span>", "*", "正常"], ["江苏省", "淮河流域", "<span data-toggle='tooltip' data-placement='right' title='所在地市:连云港市&#10;所属河流:新沭河'>大兴桥</span>", "12-28 08:00", "Ⅲ", "<span data-toggle='tooltip' data-placement='right' title='原始值：5.4'>5.4</span>", "<span data-toggle='tooltip' data-placement='right' title='原始值：7.28'>7.28</span>", "<span data-toggle='tooltip' data-placement='right' title='原始值：12.41'>12.41</span>", "<span data-toggle='tooltip' data-placement='right' title='原始值：870.9'>870.9</span>", "<span data-toggle='tooltip' data-placement='right' title='原始值：21.96'>22.0</span>", "<span data-toggle='tooltip' data-placement='right' title='原始值：4.63'>4.63</span>", "<span data-toggle='tooltip' data-placement='right' title='原始值：0.31'>0.310</span>", "*", "*", "*", "*", "正常"], ["江苏省", "淮河流域", "<span data-toggle='tooltip' data-placement='right' title='所在地市:淮安市&#10;所属河流:淮河'>淮河大桥</span>", "12-28 08:00", "Ⅱ", "<span data-toggle='tooltip' data-placement='right' title='原始值：8.43878'>8.4</span>", "<span data-toggle='tooltip' data-placement='right' title='原始值：7.93761'>7.94</span>", "<span data-toggle='tooltip' data-placement='right' title='原始值：12.6246'>12.62</span>", "<span data-toggle='tooltip' data-placement='right' title='原始值：556.694'>556.7</span>", "<span data-toggle='tooltip' data-placement='right' title='原始值：19.82934'>19.8</span>", "<span data-toggle='tooltip' data-placement='right' title='原始值：3.82'>3.82</span>", "<span data-toggle='tooltip' data-placement='right' title='原始值：0.14'>0.140</span>", "<span data-toggle='tooltip' data-placement='right' title='原始值：0.0623'>0.062</span>", "<span data-toggle='tooltip' data-placement='right' title='原始值：2.132'>2.13</span>", "*", "*", "正常"], ["江苏省", "长江流域", "<span data-toggle='tooltip' data-placement='right' title='所在地市:扬州市&#10;所属河流:夹江'>三江营</span>", "12-28 08:00", "Ⅱ", "<span data-toggle='tooltip' data-placement='right' title='原始值：10.23'>10.2</span>", "<span data-toggle='tooltip' data-placement='right' title='原始值：7.94'>7.94</span>", "<span data-toggle='tooltip' data-placement='right' title='原始值：10.51'>10.51</span>", "<span data-toggle='tooltip' data-placement='right' title='原始值：357.62'>357.6</span>", "<span data-toggle='tooltip' data-placement='right' title='原始值：44.84'>44.8</span>", "<span data-toggle='tooltip' data-placement='right' title='原始值：1.783'>1.78</span>", "<span data-toggle='tooltip' data-placement='right' title='原始值：0.033'>0.033</span>", "<span data-toggle='tooltip' data-placement='right' title='原始值：0.088'>0.088</span>", "<span data-toggle='tooltip' data-placement='right' title='原始值：2.1'>2.10</span>", "*", "*", "正常"], ["江苏省", "淮河流域", "<span data-toggle='tooltip' data-placement='right' title='所在地市:宿迁市&#10;所属河流:新濉河'>大屈</span>", "12-28 08:00", "Ⅳ", "<span data-toggle='tooltip' data-placement='right' title='原始值：8.6'>8.6</span>", "<span data-toggle='tooltip' data-placement='right' title='原始值：7.66'>7.66</span>", "<span data-toggle='tooltip' data-placement='right' title='原始值：10.56'>10.56</span>", "<span data-toggle='tooltip' data-placement='right' title='原始值：1040.3'>1040.3</span>", "<span data-toggle='tooltip' data-placement='right' title='原始值：21.74'>21.7</span>", "<span data-toggle='tooltip' data-placement='right' title='原始值：6.2'>6.20</span>", "<span data-toggle='tooltip' data-placement='right' title='原始值：0.09'>0.090</span>", "<span data-toggle='tooltip' data-placement='right' title='原始值：0.084'>0.084</span>", "<span data-toggle='tooltip' data-placement='right' title='原始值：4.383'>4.38</span>", "*", "*", "正常"], ["浙江省", "浙闽片河流", "<span data-toggle='tooltip' data-placement='right' title='所在地市:杭州市&#10;所属河流:新安江'>街口(鸠坑口)</span>", "12-28 08:00", "", "<span data-toggle='tooltip' data-placement='right' title='原始值：14.9'>14.9</span>", "<span data-toggle='tooltip' data-placement='right' title='原始值：7.11'>7.11</span>", "<span data-toggle='tooltip' data-placement='right' title='原始值：7.53'>7.53</span>", "<span data-toggle='tooltip' data-placement='right' title='原始值：166.31'>166.3</span>", "<span data-toggle='tooltip' data-placement='right' title='原始值：14.04'>14.0</span>", "<span data-toggle='tooltip' data-placement='right' title='原始值：0.968'>0.97</span>", "<span data-toggle='tooltip' data-placement='right' title='原始值：0.004'>0.004</span>", "<span data-toggle='tooltip' data-placement='right' title='原始值：0.015'>0.015</span>", "<span data-toggle='tooltip' data-placement='right' title='原始值：1.092'>1.09</span>", "*", "*", "维护"], ["浙江省", "太湖流域", "<span data-toggle='tooltip' data-placement='right' title='所在地市:嘉兴市&#10;所属河流:斜路港河'>斜路港</span>", "12-28 04:00", "劣Ⅴ", "<span data-toggle='tooltip' data-placement='right' title='原始值：10.1'>10.1</span>", "<span data-toggle='tooltip' data-placement='right' title='原始值：7.64'>7.64</span>", "<span data-toggle='tooltip' data-placement='right' title='原始值：6.59'>6.59</span>", "<span data-toggle='tooltip' data-placement='right' title='原始值：626'>626.0</span>", "<span data-toggle='tooltip' data-placement='right' title='原始值：41.5'>41.5</span>", "<span data-toggle='tooltip' data-placement='right' title='原始值：7.14'>7.14</span>", "<span data-toggle='tooltip' data-placement='right' title='原始值：1.95722'>1.957</span>", "<span data-toggle='tooltip' data-placement='right' title='原始值：0.92279'>0.923</span>", "<span data-toggle='tooltip' data-placement='right' title='原始值：6.02579'>6.03</span>", "*", "*", "正常"], ["浙江省", "太湖流域", "<span data-toggle='tooltip' data-placement='right' title='所在地市:嘉兴市&#10;所属河流:京杭运河'>王江泾</span>", "12-28 08:00", "Ⅲ", "<span data-toggle='tooltip' data-placement='right' title='原始值：9.89'>9.9</span>", "<span data-toggle='tooltip' data-placement='right' title='原始值：7.12'>7.12</span>", "<span data-toggle='tooltip' data-placement='right' title='原始值：7.87'>7.87</span>", "<span data-toggle='tooltip' data-placement='right' title='原始值：674.1'>674.1</span>", "<span data-toggle='tooltip' data-placement='right' title='原始值：73.46'>73.5</span>", "<span data-toggle='tooltip' data-placement='right' title='原始值：5.062'>5.06</span>", "<span data-toggle='tooltip' data-placement='right' title='原始值：0.703'>0.703</span>", "<span data-toggle='tooltip' data-placement='right' title='原始值：0.065'>0.065</span>", "<span data-toggle='tooltip' data-placement='right' title='原始值：1.877'>1.88</span>", "*", "*", "正常"], ["浙江省", "太湖流域", "<span data-toggle='tooltip' data-placement='right' title='所在地市:湖州市&#10;所属河流:西苕溪'>新港口(新塘港)</span>", "12-28 08:00", "Ⅱ", "<span data-toggle='tooltip' data-placement='right' title='原始值：9.0488'>9.0</span>", "<span data-toggle='tooltip' data-placement='right' title='原始值：8.23801'>8.24</span>", "<span data-toggle='tooltip' data-placement='right' title='原始值：12.1281'>12.13</span>", "<span data-toggle='tooltip' data-placement='right' title='原始值：390.134'>390.1</span>", "<span data-toggle='tooltip' data-placement='right' title='原始值：155.674'>155.7</span>", "<span data-toggle='tooltip' data-placement='right' title='原始值：2.7749'>2.77</span>", "<span data-toggle='tooltip' data-placement='right' title='原始值：0.09338'>0.093</span>", "<span data-toggle='tooltip' data-placement='right' title='原始值：0.0752'>0.075</span>", "<span data-toggle='tooltip' data-placement='right' title='原始值：3.67285'>3.67</span>", "<span data-toggle='tooltip' data-placement='right' title='原始值：0.03933'>0.039</span>", "*", "正常"], ["安徽省", "巢湖流域", "<span data-toggle='tooltip' data-placement='right' title='所在地市:合肥市&#10;所属河流:巢湖'>湖滨(老)</span>", "12-28 08:00", "Ⅳ", "<span data-toggle='tooltip' data-placement='right' title='原始值：8.73254'>8.7</span>", "<span data-toggle='tooltip' data-placement='right' title='原始值：6.70915'>6.71</span>", "<span data-toggle='tooltip' data-placement='right' title='原始值：10.4872'>10.49</span>", "<span data-toggle='tooltip' data-placement='right' title='原始值：269.4185'>269.4</span>", "<span data-toggle='tooltip' data-placement='right' title='原始值：101.8717'>101.9</span>", "<span data-toggle='tooltip' data-placement='right' title='原始值：4.59'>4.59</span>", "<span data-toggle='tooltip' data-placement='right' title='原始值：0.41'>0.410</span>", "<span data-toggle='tooltip' data-placement='right' title='原始值：0.0875'>0.088</span>", "<span data-toggle='tooltip' data-placement='right' title='原始值：2.32'>2.32</span>", "<span data-toggle='tooltip' data-placement='right' title='原始值：0.02756'>0.028</span>", "*", "正常"], ["安徽省", "巢湖流域", "<span data-toggle='tooltip' data-placement='right' title='所在地市:芜湖市&#10;所属河流:巢湖'>裕溪口(老)</span>", "12-28 08:00", "Ⅳ", "<span data-toggle='tooltip' data-placement='right' title='原始值：10.23567'>10.2</span>", "<span data-toggle='tooltip' data-placement='right' title='原始值：7.53288'>7.53</span>", "<span data-toggle='tooltip' data-placement='right' title='原始值：8.17463'>8.17</span>", "<span data-toggle='tooltip' data-placement='right' title='原始值：315.2679'>315.3</span>", "<span data-toggle='tooltip' data-placement='right' title='原始值：113.6672'>113.7</span>", "<span data-toggle='tooltip' data-placement='right' title='原始值：1.78'>1.78</span>", "<span data-toggle='tooltip' data-placement='right' title='原始值：0.05'>0.050</span>", "<span data-toggle='tooltip' data-placement='right' title='原始值：0.078'>0.078</span>", "<span data-toggle='tooltip' data-placement='right' title='原始值：3.537'>3.54</span>", "<span data-toggle='tooltip' data-placement='right' title='原始值：0.01102'>0.011</span>", "*", "正常"], ["安徽省", "淮河流域", "<span data-toggle='tooltip' data-placement='right' title='所在地市:蚌埠市&#10;所属河流:淮河'>蚌埠闸上(蚌埠闸)</span>", "12-28 08:00", "Ⅲ", "<span data-toggle='tooltip' data-placement='right' title='原始值：11.1'>11.1</span>", "<span data-toggle='tooltip' data-placement='right' title='原始值：8.03'>8.03</span>", "<span data-toggle='tooltip' data-placement='right' title='原始值：11.42'>11.42</span>", "<span data-toggle='tooltip' data-placement='right' title='原始值：519.76'>519.8</span>", "<span data-toggle='tooltip' data-placement='right' title='原始值：40.04'>40.0</span>", "<span data-toggle='tooltip' data-placement='right' title='原始值：4.76'>4.76</span>", "<span data-toggle='tooltip' data-placement='right' title='原始值：0.273'>0.273</span>", "<span data-toggle='tooltip' data-placement='right' title='原始值：0.064'>0.064</span>", "<span data-toggle='tooltip' data-placement='right' title='原始值：2.091'>2.09</span>", "*", "*", "正常"], ["安徽省", "淮河流域", "<span data-toggle='tooltip' data-placement='right' title='所在地市:淮南市&#10;所属河流:淮河'>石头埠(老)</span>", "12-28 08:00", "Ⅲ", "<span data-toggle='tooltip' data-placement='right' title='原始值：9.84351'>9.8</span>", "<span data-toggle='tooltip' data-placement='right' title='原始值：7.49418'>7.49</span>", "<span data-toggle='tooltip' data-placement='right' title='原始值：5.92047'>5.92</span>", "<span data-toggle='tooltip' data-placement='right' title='原始值：262.1883'>262.2</span>", "<span data-toggle='tooltip' data-placement='right' title='原始值：26.74924'>26.7</span>", "<span data-toggle='tooltip' data-placement='right' title='原始值：3.53'>3.53</span>", "<span data-toggle='tooltip' data-placement='right' title='原始值：0.28'>0.280</span>", "*", "*", "*", "*", "正常"], ["安徽省", "淮河流域", "<span data-toggle='tooltip' data-placement='right' title='所在地市:淮北市&#10;所属河流:沱河'>小王桥</span>", "12-28 08:00", "Ⅳ", "<span data-toggle='tooltip' data-placement='right' title='原始值：6.53'>6.5</span>", "<span data-toggle='tooltip' data-placement='right' title='原始值：8.4'>8.40</span>", "<span data-toggle='tooltip' data-placement='right' title='原始值：12.02'>12.02</span>", "<span data-toggle='tooltip' data-placement='right' title='原始值：1772.46'>1772.5</span>", "<span data-toggle='tooltip' data-placement='right' title='原始值：16.11'>16.1</span>", "<span data-toggle='tooltip' data-placement='right' title='原始值：6.372'>6.37</span>", "<span data-toggle='tooltip' data-placement='right' title='原始值：0.027'>0.027</span>", "<span data-toggle='tooltip' data-placement='right' title='原始值：0.094'>0.094</span>", "<span data-toggle='tooltip' data-placement='right' title='原始值：1.24'>1.24</span>", "*", "*", "正常"], ["安徽省", "长江流域", "<span data-toggle='tooltip' data-placement='right' title='所在地市:安庆市&#10;所属河流:长江'>皖河口</span>", "12-28 08:00", "Ⅱ", "<span data-toggle='tooltip' data-placement='right' title='原始值：12.33'>12.3</span>", "<span data-toggle='tooltip' data-placement='right' title='原始值：7.492'>7.49</span>", "<span data-toggle='tooltip' data-placement='right' title='原始值：8.61'>8.61</span>", "<span data-toggle='tooltip' data-placement='right' title='原始值：306.3'>306.3</span>", "<span data-toggle='tooltip' data-placement='right' title='原始值：25.52'>25.5</span>", "<span data-toggle='tooltip' data-placement='right' title='原始值：1.73'>1.73</span>", "<span data-toggle='tooltip' data-placement='right' title='原始值：0.082'>0.082</span>", "<span data-toggle='tooltip' data-placement='right' title='原始值：0.0627'>0.063</span>", "<span data-toggle='tooltip' data-placement='right' title='原始值：2.36'>2.36</span>", "*", "*", "正常"], ["安徽省", "淮河流域", "<span data-toggle='tooltip' data-placement='right' title='所在地市:滁州市&#10;所属河流:淮河'>小柳巷</span>", "12-28 08:00", "Ⅲ", "<span data-toggle='tooltip' data-placement='right' title='原始值：9.2'>9.2</span>", "<span data-toggle='tooltip' data-placement='right' title='原始值：7.08'>7.08</span>", "<span data-toggle='tooltip' data-placement='right' title='原始值：10.1'>10.10</span>", "<span data-toggle='tooltip' data-placement='right' title='原始值：469'>469.0</span>", "<span data-toggle='tooltip' data-placement='right' title='原始值：71.28'>71.3</span>", "<span data-toggle='tooltip' data-placement='right' title='原始值：1.87'>1.87</span>", "<span data-toggle='tooltip' data-placement='right' title='原始值：0.099'>0.099</span>", "<span data-toggle='tooltip' data-placement='right' title='原始值：0.128'>0.128</span>", "<span data-toggle='tooltip' data-placement='right' title='原始值：2.182'>2.18</span>", "*", "*", "正常"], ["安徽省", "淮河流域", "<span data-toggle='tooltip' data-placement='right' title='所在地市:阜阳市&#10;所属河流:黑茨河'>张大桥</span>", null, "", "--", "--", "--", "--", "--", "--", "--", "--", "--", "*", "*", "停站"], ["安徽省", "淮河流域", "<span data-toggle='tooltip' data-placement='right' title='所在地市:阜阳市&#10;所属河流:淮河'>王家坝</span>", "12-28 08:00", "Ⅱ", "<span data-toggle='tooltip' data-placement='right' title='原始值：6.23'>6.2</span>", "<span data-toggle='tooltip' data-placement='right' title='原始值：7.56439'>7.56</span>", "<span data-toggle='tooltip' data-placement='right' title='原始值：12.05714'>12.06</span>", "<span data-toggle='tooltip' data-placement='right' title='原始值：406.8931'>406.9</span>", "<span data-toggle='tooltip' data-placement='right' title='原始值：13.13324'>13.1</span>", "<span data-toggle='tooltip' data-placement='right' title='原始值：3.97'>3.97</span>", "<span data-toggle='tooltip' data-placement='right' title='原始值：0.442'>0.442</span>", "<span data-toggle='tooltip' data-placement='right' title='原始值：0.06529'>0.065</span>", "<span data-toggle='tooltip' data-placement='right' title='原始值：2.14865'>2.15</span>", "*", "*", "正常"], ["安徽省", "淮河流域", "<span data-toggle='tooltip' data-placement='right' title='所在地市:阜阳市&#10;所属河流:颍河'>界首七渡口(七渡口)</span>", "12-28 08:00", "Ⅲ", "<span data-toggle='tooltip' data-placement='right' title='原始值：8.11245'>8.1</span>", "<span data-toggle='tooltip' data-placement='right' title='原始值：7.87729'>7.88</span>", "<span data-toggle='tooltip' data-placement='right' title='原始值：12.64752'>12.65</span>", "<span data-toggle='tooltip' data-placement='right' title='原始值：965.3348'>965.3</span>", "<span data-toggle='tooltip' data-placement='right' title='原始值：5.72771'>5.7</span>", "<span data-toggle='tooltip' data-placement='right' title='原始值：4.1'>4.10</span>", "<span data-toggle='tooltip' data-placement='right' title='原始值：0.6'>0.600</span>", "<span data-toggle='tooltip' data-placement='right' title='原始值：0.07749'>0.077</span>", "<span data-toggle='tooltip' data-placement='right' title='原始值：5.60468'>5.60</span>", "*", "*", "正常"], ["安徽省", "淮河流域", "<span data-toggle='tooltip' data-placement='right' title='所在地市:阜阳市&#10;所属河流:泉河'>许庄(徐庄)</span>", "12-28 08:00", "", "<span data-toggle='tooltip' data-placement='right' title='原始值：4.2'>4.2</span>", "<span data-toggle='tooltip' data-placement='right' title='原始值：7.8'>7.80</span>", "<span data-toggle='tooltip' data-placement='right' title='原始值：11.28'>11.28</span>", "<span data-toggle='tooltip' data-placement='right' title='原始值：924.4'>924.4</span>", "<span data-toggle='tooltip' data-placement='right' title='原始值：1115.17'>1115.2</span>", "<span data-toggle='tooltip' data-placement='right' title='原始值：3.01'>3.01</span>", "<span data-toggle='tooltip' data-placement='right' title='极值过滤'>--</span>", "<span data-toggle='tooltip' data-placement='right' title='原始值：0.026'>0.026</span>", "<span data-toggle='tooltip' data-placement='right' title='原始值：2.593'>2.59</span>", "*", "*", "维护"], ["安徽省", "淮河流域", "<span data-toggle='tooltip' data-placement='right' title='所在地市:宿州市&#10;所属河流:奎河'>杨庄</span>", "12-28 08:00", "Ⅲ", "<span data-toggle='tooltip' data-placement='right' title='原始值：8.65'>8.6</span>", "<span data-toggle='tooltip' data-placement='right' title='原始值：7.88'>7.88</span>", "<span data-toggle='tooltip' data-placement='right' title='原始值：9.99'>9.99</span>", "<span data-toggle='tooltip' data-placement='right' title='原始值：991.3'>991.3</span>", "<span data-toggle='tooltip' data-placement='right' title='原始值：74.3'>74.3</span>", "<span data-toggle='tooltip' data-placement='right' title='原始值：4.25'>4.25</span>", "<span data-toggle='tooltip' data-placement='right' title='原始值：0.919'>0.919</span>", "*", "*", "*", "*", "正常"], ["安徽省", "淮河流域", "<span data-toggle='tooltip' data-placement='right' title='所在地市:宿州市&#10;所属河流:新汴河'>泗县公路桥</span>", "12-28 08:00", "Ⅲ", "<span data-toggle='tooltip' data-placement='right' title='原始值：7.11'>7.1</span>", "<span data-toggle='tooltip' data-placement='right' title='原始值：8.17'>8.17</span>", "<span data-toggle='tooltip' data-placement='right' title='原始值：11.71'>11.71</span>", "<span data-toggle='tooltip' data-placement='right' title='原始值：966'>966.0</span>", "<span data-toggle='tooltip' data-placement='right' title='原始值：14.84'>14.8</span>", "<span data-toggle='tooltip' data-placement='right' title='原始值：4.68'>4.68</span>", "<span data-toggle='tooltip' data-placement='right' title='原始值：0.056'>0.056</span>", "*", "*", "*", "*", "正常"], ["安徽省", "淮河流域", "<span data-toggle='tooltip' data-placement='right' title='所在地市:亳州市&#10;所属河流:包河'>颜集</span>", "12-28 08:00", "Ⅲ", "<span data-toggle='tooltip' data-placement='right' title='原始值：6.3'>6.3</span>", "<span data-toggle='tooltip' data-placement='right' title='原始值：7.81'>7.81</span>", "<span data-toggle='tooltip' data-placement='right' title='原始值：10.8'>10.80</span>", "<span data-toggle='tooltip' data-placement='right' title='原始值：1546.5'>1546.5</span>", "<span data-toggle='tooltip' data-placement='right' title='原始值：93.88'>93.9</span>", "<span data-toggle='tooltip' data-placement='right' title='原始值：2.13'>2.13</span>", "<span data-toggle='tooltip' data-placement='right' title='原始值：0.74'>0.740</span>", "<span data-toggle='tooltip' data-placement='right' title='原始值：0.05'>0.050</span>", "<span data-toggle='tooltip' data-placement='right' title='原始值：4.374'>4.37</span>", "*", "*", "正常"], ["福建省", "浙闽片河流", "<span data-toggle='tooltip' data-placement='right' title='所在地市:福州市&#10;所属河流:闽江'>白岩潭</span>", "12-28 08:00", "Ⅱ", "<span data-toggle='tooltip' data-placement='right' title='原始值：17.19'>17.2</span>", "<span data-toggle='tooltip' data-placement='right' title='原始值：7.16'>7.16</span>", "<span data-toggle='tooltip' data-placement='right' title='原始值：7'>7.00</span>", "<span data-toggle='tooltip' data-placement='right' title='原始值：2162'>2162.0</span>", "<span data-toggle='tooltip' data-placement='right' title='原始值：242.84'>242.8</span>", "<span data-toggle='tooltip' data-placement='right' title='原始值：2.88'>2.88</span>", "<span data-toggle='tooltip' data-placement='right' title='原始值：0.216'>0.216</span>", "*", "*", "*", "*", "正常"], ["江西省", "长江流域", "<span data-toggle='tooltip' data-placement='right' title='所在地市:南昌市&#10;所属河流:赣江南支'>滁槎</span>", null, "", "--", "--", "--", "--", "--", "--", "--", "--", "--", "*", "*", "维护"], ["江西省", "长江流域", "<span data-toggle='tooltip' data-placement='right' title='所在地市:九江市&#10;所属河流:长江'>姚港(河西水厂)</span>", "12-28 08:00", "Ⅱ", "<span data-toggle='tooltip' data-placement='right' title='原始值：11.98'>12.0</span>", "<span data-toggle='tooltip' data-placement='right' title='原始值：7.53'>7.53</span>", "<span data-toggle='tooltip' data-placement='right' title='原始值：10.74'>10.74</span>", "<span data-toggle='tooltip' data-placement='right' title='原始值：358.24'>358.2</span>", "<span data-toggle='tooltip' data-placement='right' title='原始值：36.43'>36.4</span>", "<span data-toggle='tooltip' data-placement='right' title='原始值：1.389'>1.39</span>", "<span data-toggle='tooltip' data-placement='right' title='原始值：0.08'>0.080</span>", "<span data-toggle='tooltip' data-placement='right' title='原始值：0.08'>0.080</span>", "<span data-toggle='tooltip' data-placement='right' title='原始值：2.08'>2.08</span>", "*", "*", "正常"], ["江西省", "长江流域", "<span data-toggle='tooltip' data-placement='right' title='所在地市:九江市&#10;所属河流:鄱阳湖'>蛤蟆石</span>", "12-28 08:00", "Ⅲ", "<span data-toggle='tooltip' data-placement='right' title='原始值：9.68'>9.7</span>", "<span data-toggle='tooltip' data-placement='right' title='原始值：7.31'>7.31</span>", "<span data-toggle='tooltip' data-placement='right' title='原始值：10.7'>10.70</span>", "<span data-toggle='tooltip' data-placement='right' title='原始值：215.67'>215.7</span>", "<span data-toggle='tooltip' data-placement='right' title='原始值：18.66'>18.7</span>", "<span data-toggle='tooltip' data-placement='right' title='原始值：1.276'>1.28</span>", "<span data-toggle='tooltip' data-placement='right' title='原始值：0.2'>0.200</span>", "<span data-toggle='tooltip' data-placement='right' title='原始值：0.0478'>0.048</span>", "<span data-toggle='tooltip' data-placement='right' title='原始值：1.861'>1.86</span>", "<span data-toggle='tooltip' data-placement='right' title='原始值：0.00278'>0.003</span>", "<span data-toggle='tooltip' data-placement='right' title='原始值：1085152'>1085152</span>", "正常"], ["山东省", "黄河流域", "<span data-toggle='tooltip' data-placement='right' title='所在地市:济南市&#10;所属河流:黄河'>泺口</span>", "12-28 08:00", "Ⅱ", "<span data-toggle='tooltip' data-placement='right' title='原始值：5.38721'>5.4</span>", "<span data-toggle='tooltip' data-placement='right' title='原始值：8.3931'>8.39</span>", "<span data-toggle='tooltip' data-placement='right' title='原始值：13.0742'>13.07</span>", "<span data-toggle='tooltip' data-placement='right' title='原始值：849.082'>849.1</span>", "<span data-toggle='tooltip' data-placement='right' title='原始值：391.158'>391.2</span>", "<span data-toggle='tooltip' data-placement='right' title='原始值：3.26'>3.26</span>", "<span data-toggle='tooltip' data-placement='right' title='原始值：0.1078'>0.108</span>", "<span data-toggle='tooltip' data-placement='right' title='原始值：0.02189'>0.022</span>", "<span data-toggle='tooltip' data-placement='right' title='原始值：3.795'>3.80</span>", "*", "*", "正常"], ["山东省", "淮河流域", "<span data-toggle='tooltip' data-placement='right' title='所在地市:枣庄市&#10;所属河流:京杭大运河（韩庄运河）'>台儿庄大桥</span>", "12-28 08:00", "Ⅲ", "<span data-toggle='tooltip' data-placement='right' title='原始值：6.10253'>6.1</span>", "<span data-toggle='tooltip' data-placement='right' title='原始值：8.31071'>8.31</span>", "<span data-toggle='tooltip' data-placement='right' title='原始值：13.75891'>13.76</span>", "<span data-toggle='tooltip' data-placement='right' title='原始值：1021.107'>1021.1</span>", "<span data-toggle='tooltip' data-placement='right' title='原始值：8.83978'>8.8</span>", "<span data-toggle='tooltip' data-placement='right' title='原始值：3.76027'>3.76</span>", "<span data-toggle='tooltip' data-placement='right' title='原始值：0.09093'>0.091</span>", "<span data-toggle='tooltip' data-placement='right' title='原始值：0.13245'>0.132</span>", "<span data-toggle='tooltip' data-placement='right' title='原始值：7.60363'>7.60</span>", "*", "*", "正常"], ["山东省", "淮河流域", "<span data-toggle='tooltip' data-placement='right' title='所在地市:临沂市&#10;所属河流:沭河'>清泉寺</span>", "12-28 08:00", "Ⅲ", "<span data-toggle='tooltip' data-placement='right' title='原始值：7.55749'>7.6</span>", "<span data-toggle='tooltip' data-placement='right' title='原始值：8.93324'>8.93</span>", "<span data-toggle='tooltip' data-placement='right' title='原始值：13.4413'>13.44</span>", "<span data-toggle='tooltip' data-placement='right' title='原始值：1042.673'>1042.7</span>", "<span data-toggle='tooltip' data-placement='right' title='原始值：4.47563'>4.5</span>", "<span data-toggle='tooltip' data-placement='right' title='原始值：4.79'>4.79</span>", "<span data-toggle='tooltip' data-placement='right' title='原始值：0.13'>0.130</span>", "*", "*", "*", "*", "正常"], ["山东省", "淮河流域", "<span data-toggle='tooltip' data-placement='right' title='所在地市:临沂市&#10;所属河流:沂河'>重坊桥</span>", "12-28 08:00", "Ⅱ", "<span data-toggle='tooltip' data-placement='right' title='原始值：5.89813'>5.9</span>", "<span data-toggle='tooltip' data-placement='right' title='原始值：7.9199'>7.92</span>", "<span data-toggle='tooltip' data-placement='right' title='原始值：11.98196'>11.98</span>", "<span data-toggle='tooltip' data-placement='right' title='原始值：760.1121'>760.1</span>", "<span data-toggle='tooltip' data-placement='right' title='原始值：9.70748'>9.7</span>", "<span data-toggle='tooltip' data-placement='right' title='原始值：2.71'>2.71</span>", "<span data-toggle='tooltip' data-placement='right' title='原始值：0.34442'>0.344</span>", "*", "*", "*", "*", "正常"], ["山东省", "淮河流域", "<span data-toggle='tooltip' data-placement='right' title='所在地市:临沂市&#10;所属河流:白马河'>捷庄(涝沟桥)</span>", "12-28 08:00", "Ⅲ", "<span data-toggle='tooltip' data-placement='right' title='原始值：6.4'>6.4</span>", "<span data-toggle='tooltip' data-placement='right' title='原始值：8.25'>8.25</span>", "<span data-toggle='tooltip' data-placement='right' title='原始值：19.20835'>19.21</span>", "<span data-toggle='tooltip' data-placement='right' title='原始值：834.0021'>834.0</span>", "<span data-toggle='tooltip' data-placement='right' title='原始值：12.099'>12.1</span>", "<span data-toggle='tooltip' data-placement='right' title='原始值：5.59'>5.59</span>", "<span data-toggle='tooltip' data-placement='right' title='原始值：0.04193'>0.042</span>", "<span data-toggle='tooltip' data-placement='right' title='原始值：0.06551'>0.066</span>", "<span data-toggle='tooltip' data-placement='right' title='原始值：5.34629'>5.35</span>", "*", "*", "正常"], ["山东省", "海河流域", "<span data-toggle='tooltip' data-placement='right' title='所在地市:聊城市&#10;所属河流:卫运河'>秤勾湾(秤钩湾)</span>", null, "", "--", "--", "--", "--", "--", "--", "--", "--", "--", "*", "*", "停站"], ["河南省", "长江流域", "<span data-toggle='tooltip' data-placement='right' title='所在地市:南阳市&#10;所属河流:丹江口水库'>陶岔</span>", "12-28 08:00", "Ⅰ", "<span data-toggle='tooltip' data-placement='right' title='原始值：17.36'>17.4</span>", "<span data-toggle='tooltip' data-placement='right' title='原始值：7.83688'>7.84</span>", "<span data-toggle='tooltip' data-placement='right' title='原始值：8.57802'>8.58</span>", "<span data-toggle='tooltip' data-placement='right' title='原始值：269.0046'>269.0</span>", "<span data-toggle='tooltip' data-placement='right' title='原始值：2.35633'>2.4</span>", "<span data-toggle='tooltip' data-placement='right' title='原始值：1.89'>1.89</span>", "<span data-toggle='tooltip' data-placement='right' title='原始值：0.03741'>0.037</span>", "<span data-toggle='tooltip' data-placement='right' title='原始值：0.00692'>0.007</span>", "<span data-toggle='tooltip' data-placement='right' title='原始值：1.12536'>1.13</span>", "<span data-toggle='tooltip' data-placement='right' title='原始值：0.00462'>0.005</span>", "<span data-toggle='tooltip' data-placement='right' title='原始值：215579.7'>215580</span>", "正常"], ["河南省", "淮河流域", "<span data-toggle='tooltip' data-placement='right' title='所在地市:商丘市&#10;所属河流:浍河'>黄口</span>", "12-28 08:00", "Ⅲ", "<span data-toggle='tooltip' data-placement='right' title='原始值：6.25'>6.2</span>", "<span data-toggle='tooltip' data-placement='right' title='原始值：8.045'>8.04</span>", "<span data-toggle='tooltip' data-placement='right' title='原始值：10.29'>10.29</span>", "<span data-toggle='tooltip' data-placement='right' title='原始值：1610.984'>1611.0</span>", "<span data-toggle='tooltip' data-placement='right' title='原始值：16.45152'>16.5</span>", "<span data-toggle='tooltip' data-placement='right' title='原始值：4.61'>4.61</span>", "<span data-toggle='tooltip' data-placement='right' title='原始值：0.11871'>0.119</span>", "<span data-toggle='tooltip' data-placement='right' title='原始值：0.0959'>0.096</span>", "<span data-toggle='tooltip' data-placement='right' title='原始值：1.71404'>1.71</span>", "*", "*", "正常"], ["河南省", "淮河流域", "<span data-toggle='tooltip' data-placement='right' title='所在地市:信阳市&#10;所属河流:史灌河'>蒋集</span>", "12-28 08:00", "Ⅱ", "<span data-toggle='tooltip' data-placement='right' title='原始值：5.93155'>5.9</span>", "<span data-toggle='tooltip' data-placement='right' title='原始值：7.126'>7.13</span>", "<span data-toggle='tooltip' data-placement='right' title='原始值：8.94'>8.94</span>", "<span data-toggle='tooltip' data-placement='right' title='原始值：278.5'>278.5</span>", "<span data-toggle='tooltip' data-placement='right' title='原始值：266.2515'>266.3</span>", "<span data-toggle='tooltip' data-placement='right' title='原始值：2.58'>2.58</span>", "<span data-toggle='tooltip' data-placement='right' title='原始值：0.42578'>0.426</span>", "*", "*", "*", "*", "正常"], ["河南省", "淮河流域", "<span data-toggle='tooltip' data-placement='right' title='所在地市:信阳市&#10;所属河流:淮河'>淮滨水文站(淮滨)</span>", "12-28 08:00", "Ⅱ", "<span data-toggle='tooltip' data-placement='right' title='原始值：8.2'>8.2</span>", "<span data-toggle='tooltip' data-placement='right' title='原始值：7.28'>7.28</span>", "<span data-toggle='tooltip' data-placement='right' title='原始值：11.07968'>11.08</span>", "<span data-toggle='tooltip' data-placement='right' title='原始值：304'>304.0</span>", "<span data-toggle='tooltip' data-placement='right' title='原始值：55.34098'>55.3</span>", "<span data-toggle='tooltip' data-placement='right' title='原始值：2.98301'>2.98</span>", "<span data-toggle='tooltip' data-placement='right' title='原始值：0.31222'>0.312</span>", "<span data-toggle='tooltip' data-placement='right' title='原始值：0.09697'>0.097</span>", "<span data-toggle='tooltip' data-placement='right' title='原始值：1.90333'>1.90</span>", "*", "*", "正常"], ["河南省", "淮河流域", "<span data-toggle='tooltip' data-placement='right' title='所在地市:周口市&#10;所属河流:沙河'>沈丘闸</span>", "12-28 08:00", "Ⅲ", "<span data-toggle='tooltip' data-placement='right' title='原始值：9.23694'>9.2</span>", "<span data-toggle='tooltip' data-placement='right' title='原始值：7.50793'>7.51</span>", "<span data-toggle='tooltip' data-placement='right' title='原始值：8.0247'>8.02</span>", "<span data-toggle='tooltip' data-placement='right' title='原始值：1004.509'>1004.5</span>", "<span data-toggle='tooltip' data-placement='right' title='原始值：6.25739'>6.3</span>", "<span data-toggle='tooltip' data-placement='right' title='原始值：3.005'>3.00</span>", "<span data-toggle='tooltip' data-placement='right' title='原始值：0.72'>0.720</span>", "*", "*", "*", "*", "正常"], ["河南省", "淮河流域", "<span data-toggle='tooltip' data-placement='right' title='所在地市:周口市&#10;所属河流:涡河'>鹿邑付桥(鹿邑付桥闸)</span>", "12-28 08:00", "Ⅲ", "<span data-toggle='tooltip' data-placement='right' title='原始值：9.37251'>9.4</span>", "<span data-toggle='tooltip' data-placement='right' title='原始值：8.69421'>8.69</span>", "<span data-toggle='tooltip' data-placement='right' title='原始值：7.82726'>7.83</span>", "<span data-toggle='tooltip' data-placement='right' title='原始值：1530.795'>1530.8</span>", "<span data-toggle='tooltip' data-placement='right' title='原始值：5.13377'>5.1</span>", "<span data-toggle='tooltip' data-placement='right' title='原始值：4.33'>4.33</span>", "<span data-toggle='tooltip' data-placement='right' title='原始值：0.5'>0.500</span>", "<span data-toggle='tooltip' data-placement='right' title='原始值：0.0504'>0.050</span>", "<span data-toggle='tooltip' data-placement='right' title='原始值：1.47559'>1.48</span>", "*", "*", "正常"], ["河南省", "淮河流域", "<span data-toggle='tooltip' data-placement='right' title='所在地市:驻马店市&#10;所属河流:洪河'>新蔡班台(班台)</span>", "12-28 08:00", "Ⅲ", "<span data-toggle='tooltip' data-placement='right' title='原始值：10.54146'>10.5</span>", "<span data-toggle='tooltip' data-placement='right' title='原始值：7.49295'>7.49</span>", "<span data-toggle='tooltip' data-placement='right' title='原始值：12.4721'>12.47</span>", "<span data-toggle='tooltip' data-placement='right' title='原始值：619.8145'>619.8</span>", "<span data-toggle='tooltip' data-placement='right' title='原始值：22.70755'>22.7</span>", "<span data-toggle='tooltip' data-placement='right' title='原始值：4.94'>4.94</span>", "<span data-toggle='tooltip' data-placement='right' title='原始值：0.29'>0.290</span>", "<span data-toggle='tooltip' data-placement='right' title='原始值：0.10167'>0.102</span>", "<span data-toggle='tooltip' data-placement='right' title='原始值：4.71284'>4.71</span>", "*", "*", "正常"], ["河南省", "黄河流域", "<span data-toggle='tooltip' data-placement='right' title='所在地市:济源市&#10;所属河流:黄河'>小浪底水库(小浪底)</span>", "12-28 08:00", "Ⅱ", "<span data-toggle='tooltip' data-placement='right' title='原始值：8.32236'>8.3</span>", "<span data-toggle='tooltip' data-placement='right' title='原始值：8.35099'>8.35</span>", "<span data-toggle='tooltip' data-placement='right' title='原始值：11.8029'>11.80</span>", "<span data-toggle='tooltip' data-placement='right' title='原始值：746.6926'>746.7</span>", "<span data-toggle='tooltip' data-placement='right' title='原始值：5.49314'>5.5</span>", "<span data-toggle='tooltip' data-placement='right' title='原始值：2.6325'>2.63</span>", "<span data-toggle='tooltip' data-placement='right' title='原始值：0.24'>0.240</span>", "<span data-toggle='tooltip' data-placement='right' title='原始值：0.0275'>0.028</span>", "<span data-toggle='tooltip' data-placement='right' title='原始值：3.2575'>3.26</span>", "*", "*", "正常"], ["湖北省", "长江流域", "<span data-toggle='tooltip' data-placement='right' title='所在地市:武汉市&#10;所属河流:汉江'>宗关</span>", "12-28 08:00", "Ⅱ", "<span data-toggle='tooltip' data-placement='right' title='原始值：10.32'>10.3</span>", "<span data-toggle='tooltip' data-placement='right' title='原始值：7.917572'>7.92</span>", "<span data-toggle='tooltip' data-placement='right' title='原始值：11.04513'>11.05</span>", "<span data-toggle='tooltip' data-placement='right' title='原始值：378.1642'>378.2</span>", "<span data-toggle='tooltip' data-placement='right' title='原始值：14.05588'>14.1</span>", "<span data-toggle='tooltip' data-placement='right' title='原始值：2.18'>2.18</span>", "<span data-toggle='tooltip' data-placement='right' title='原始值：0.103'>0.103</span>", "<span data-toggle='tooltip' data-placement='right' title='原始值：0.076'>0.076</span>", "<span data-toggle='tooltip' data-placement='right' title='原始值：2.952621'>2.95</span>", "<span data-toggle='tooltip' data-placement='right' title='原始值：0.0040937'>0.004</span>", "*", "正常"], ["湖北省", "长江流域", "<span data-toggle='tooltip' data-placement='right' title='所在地市:十堰市&#10;所属河流:丹江口水库'>坝上中(胡家岭)</span>", "12-28 08:00", "Ⅱ", "<span data-toggle='tooltip' data-placement='right' title='原始值：13.74'>13.7</span>", "<span data-toggle='tooltip' data-placement='right' title='原始值：7.768814'>7.77</span>", "<span data-toggle='tooltip' data-placement='right' title='原始值：8.31391'>8.31</span>", "<span data-toggle='tooltip' data-placement='right' title='原始值：265.291'>265.3</span>", "<span data-toggle='tooltip' data-placement='right' title='原始值：2.883307'>2.9</span>", "<span data-toggle='tooltip' data-placement='right' title='原始值：1.95'>1.95</span>", "<span data-toggle='tooltip' data-placement='right' title='原始值：0.088'>0.088</span>", "<span data-toggle='tooltip' data-placement='right' title='原始值：0.018'>0.018</span>", "<span data-toggle='tooltip' data-placement='right' title='原始值：1.237'>1.24</span>", "<span data-toggle='tooltip' data-placement='right' title='原始值：0.0065908'>0.007</span>", "<span data-toggle='tooltip' data-placement='right' title='原始值：7369000'>7369000</span>", "正常"], ["湖北省", "长江流域", "<span data-toggle='tooltip' data-placement='right' title='所在地市:宜昌市&#10;所属河流:长江'>南津关</span>", "12-28 08:00", "Ⅱ", "<span data-toggle='tooltip' data-placement='right' title='原始值：16.63'>16.6</span>", "<span data-toggle='tooltip' data-placement='right' title='原始值：8.016189'>8.02</span>", "<span data-toggle='tooltip' data-placement='right' title='原始值：8.579151'>8.58</span>", "<span data-toggle='tooltip' data-placement='right' title='原始值：398.436'>398.4</span>", "<span data-toggle='tooltip' data-placement='right' title='原始值：4.178624'>4.2</span>", "<span data-toggle='tooltip' data-placement='right' title='原始值：1.33'>1.33</span>", "<span data-toggle='tooltip' data-placement='right' title='原始值：0.117'>0.117</span>", "<span data-toggle='tooltip' data-placement='right' title='原始值：0.044'>0.044</span>", "<span data-toggle='tooltip' data-placement='right' title='原始值：1.442'>1.44</span>", "<span data-toggle='tooltip' data-placement='right' title='原始值：0.0037922'>0.004</span>", "*", "正常"], ["湖南省", "长江流域", "<span data-toggle='tooltip' data-placement='right' title='所在地市:长沙市&#10;所属河流:湘江'>新港</span>", "12-28 08:00", "Ⅱ", "<span data-toggle='tooltip' data-placement='right' title='原始值：11.78'>11.8</span>", "<span data-toggle='tooltip' data-placement='right' title='原始值：7.6'>7.60</span>", "<span data-toggle='tooltip' data-placement='right' title='原始值：9.56'>9.56</span>", "<span data-toggle='tooltip' data-placement='right' title='原始值：285.1'>285.1</span>", "<span data-toggle='tooltip' data-placement='right' title='原始值：22.67'>22.7</span>", "<span data-toggle='tooltip' data-placement='right' title='原始值：1.95'>1.95</span>", "<span data-toggle='tooltip' data-placement='right' title='原始值：0.22'>0.220</span>", "<span data-toggle='tooltip' data-placement='right' title='原始值：0.047'>0.047</span>", "<span data-toggle='tooltip' data-placement='right' title='原始值：2.27'>2.27</span>", "*", "*", "正常"], ["湖南省", "长江流域", "<span data-toggle='tooltip' data-placement='right' title='所在地市:岳阳市&#10;所属河流:洞庭湖'>岳阳楼</span>", "12-28 08:00", "Ⅴ", "<span data-toggle='tooltip' data-placement='right' title='原始值：10.21'>10.2</span>", "<span data-toggle='tooltip' data-placement='right' title='原始值：7.971'>7.97</span>", "<span data-toggle='tooltip' data-placement='right' title='原始值：10.22988'>10.23</span>", "<span data-toggle='tooltip' data-placement='right' title='原始值：282.6662'>282.7</span>", "<span data-toggle='tooltip' data-placement='right' title='原始值：37.39599'>37.4</span>", "<span data-toggle='tooltip' data-placement='right' title='原始值：1.91'>1.91</span>", "<span data-toggle='tooltip' data-placement='right' title='原始值：0.093'>0.093</span>", "<span data-toggle='tooltip' data-placement='right' title='原始值：0.104'>0.104</span>", "<span data-toggle='tooltip' data-placement='right' title='原始值：2.668'>2.67</span>", "<span data-toggle='tooltip' data-placement='right' title='原始值：0.0035625'>0.004</span>", "<span data-toggle='tooltip' data-placement='right' title='原始值：337.986'>338</span>", "正常"], ["湖南省", "长江流域", "<span data-toggle='tooltip' data-placement='right' title='所在地市:岳阳市&#10;所属河流:长江'>城陵矶</span>", "12-28 08:00", "Ⅲ", "<span data-toggle='tooltip' data-placement='right' title='原始值：12.02'>12.0</span>", "<span data-toggle='tooltip' data-placement='right' title='原始值：7.761558'>7.76</span>", "<span data-toggle='tooltip' data-placement='right' title='原始值：10.58366'>10.58</span>", "<span data-toggle='tooltip' data-placement='right' title='原始值：332.993'>333.0</span>", "<span data-toggle='tooltip' data-placement='right' title='原始值：33.93184'>33.9</span>", "<span data-toggle='tooltip' data-placement='right' title='原始值：2.25'>2.25</span>", "<span data-toggle='tooltip' data-placement='right' title='原始值：0.017'>0.017</span>", "<span data-toggle='tooltip' data-placement='right' title='原始值：0.116'>0.116</span>", "<span data-toggle='tooltip' data-placement='right' title='原始值：1.8828'>1.88</span>", "*", "*", "正常"], ["广东省", "珠江流域", "<span data-toggle='tooltip' data-placement='right' title='所在地市:清远市&#10;所属河流:北江'>七星岗</span>", "12-28 08:00", "Ⅱ", "<span data-toggle='tooltip' data-placement='right' title='原始值：18.46714'>18.5</span>", "<span data-toggle='tooltip' data-placement='right' title='原始值：7.51456'>7.51</span>", "<span data-toggle='tooltip' data-placement='right' title='原始值：9.69614'>9.70</span>", "<span data-toggle='tooltip' data-placement='right' title='原始值：281.973'>282.0</span>", "<span data-toggle='tooltip' data-placement='right' title='原始值：6.76496'>6.8</span>", "<span data-toggle='tooltip' data-placement='right' title='原始值：3.09'>3.09</span>", "<span data-toggle='tooltip' data-placement='right' title='原始值：0.11673'>0.117</span>", "<span data-toggle='tooltip' data-placement='right' title='原始值：0.02875'>0.029</span>", "<span data-toggle='tooltip' data-placement='right' title='原始值：2.2796'>2.28</span>", "*", "*", "正常"], ["广东省", "珠江流域", "<span data-toggle='tooltip' data-placement='right' title='所在地市:中山市&#10;所属河流:西江'>横栏</span>", "12-28 08:00", "Ⅰ", "<span data-toggle='tooltip' data-placement='right' title='原始值：18.6'>18.6</span>", "<span data-toggle='tooltip' data-placement='right' title='原始值：7.65'>7.65</span>", "<span data-toggle='tooltip' data-placement='right' title='原始值：7.82'>7.82</span>", "<span data-toggle='tooltip' data-placement='right' title='原始值：332'>332.0</span>", "<span data-toggle='tooltip' data-placement='right' title='原始值：2.4'>2.4</span>", "<span data-toggle='tooltip' data-placement='right' title='原始值：1.51'>1.51</span>", "<span data-toggle='tooltip' data-placement='right' title='原始值：0.1331'>0.133</span>", "*", "*", "*", "*", "正常"], ["广西壮族自治区", "珠江流域", "<span data-toggle='tooltip' data-placement='right' title='所在地市:南宁市&#10;所属河流:邕江'>老口</span>", "12-28 08:00", "Ⅱ", "<span data-toggle='tooltip' data-placement='right' title='原始值：18.53635'>18.5</span>", "<span data-toggle='tooltip' data-placement='right' title='原始值：7.97973'>7.98</span>", "<span data-toggle='tooltip' data-placement='right' title='原始值：9.23478'>9.23</span>", "<span data-toggle='tooltip' data-placement='right' title='原始值：309.0594'>309.1</span>", "<span data-toggle='tooltip' data-placement='right' title='原始值：5.75083'>5.8</span>", "<span data-toggle='tooltip' data-placement='right' title='原始值：1.53672'>1.54</span>", "<span data-toggle='tooltip' data-placement='right' title='原始值：0.08858'>0.089</span>", "<span data-toggle='tooltip' data-placement='right' title='原始值：0.02362'>0.024</span>", "<span data-toggle='tooltip' data-placement='right' title='原始值：1.28305'>1.28</span>", "*", "*", "正常"], ["广西壮族自治区", "珠江流域", "<span data-toggle='tooltip' data-placement='right' title='所在地市:桂林市&#10;所属河流:漓江'>阳朔</span>", null, "", "--", "--", "--", "--", "--", "--", "--", "--", "--", "*", "*", "停站"], ["广西壮族自治区", "珠江流域", "<span data-toggle='tooltip' data-placement='right' title='所在地市:梧州市&#10;所属河流:浔江'>界首</span>", null, "", "--", "--", "--", "--", "--", "--", "--", "--", "--", "*", "*", "停站"], ["广西壮族自治区", "珠江流域", "<span data-toggle='tooltip' data-placement='right' title='所在地市:贵港市&#10;所属河流:浔江'>石嘴</span>", null, "", "--", "--", "--", "--", "--", "--", "--", "--", "--", "*", "*", "停站"], ["广西壮族自治区", "珠江流域", "<span data-toggle='tooltip' data-placement='right' title='所在地市:崇左市&#10;所属河流:平而河'>平而关</span>", "12-28 08:00", "Ⅰ", "<span data-toggle='tooltip' data-placement='right' title='原始值：19.62278'>19.6</span>", "<span data-toggle='tooltip' data-placement='right' title='原始值：7.89969'>7.90</span>", "<span data-toggle='tooltip' data-placement='right' title='原始值：8.86189'>8.86</span>", "<span data-toggle='tooltip' data-placement='right' title='原始值：256.5851'>256.6</span>", "<span data-toggle='tooltip' data-placement='right' title='原始值：25.60779'>25.6</span>", "<span data-toggle='tooltip' data-placement='right' title='原始值：1.15'>1.15</span>", "<span data-toggle='tooltip' data-placement='right' title='原始值：0.14'>0.140</span>", "*", "*", "*", "*", "正常"], ["重庆市", "长江流域", "<span data-toggle='tooltip' data-placement='right' title='所在地市:永川区&#10;所属河流:长江'>朱沱</span>", "12-28 08:00", "", "<span data-toggle='tooltip' data-placement='right' title='原始值：12'>12.0</span>", "<span data-toggle='tooltip' data-placement='right' title='原始值：7.58'>7.58</span>", "<span data-toggle='tooltip' data-placement='right' title='原始值：10.6'>10.60</span>", "<span data-toggle='tooltip' data-placement='right' title='原始值：400.73'>400.7</span>", "<span data-toggle='tooltip' data-placement='right' title='原始值：16.42'>16.4</span>", "<span data-toggle='tooltip' data-placement='right' title='原始值：1.346'>1.35</span>", "<span data-toggle='tooltip' data-placement='right' title='极值过滤'>--</span>", "<span data-toggle='tooltip' data-placement='right' title='原始值：0.065'>0.065</span>", "<span data-toggle='tooltip' data-placement='right' title='原始值：1.599'>1.60</span>", "*", "*", "维护"], ["四川省", "长江流域", "<span data-toggle='tooltip' data-placement='right' title='所在地市:攀枝花市&#10;所属河流:金沙江'>龙洞</span>", null, "", "--", "--", "--", "--", "--", "--", "--", "--", "--", "*", "*", "维护"], ["四川省", "长江流域", "<span data-toggle='tooltip' data-placement='right' title='所在地市:泸州市&#10;所属河流:沱江'>沱江大桥(沱江二桥)</span>", "12-28 08:00", "Ⅱ", "<span data-toggle='tooltip' data-placement='right' title='原始值：11.29'>11.3</span>", "<span data-toggle='tooltip' data-placement='right' title='原始值：8.171432'>8.17</span>", "<span data-toggle='tooltip' data-placement='right' title='原始值：10.38943'>10.39</span>", "<span data-toggle='tooltip' data-placement='right' title='原始值：605.2789'>605.3</span>", "<span data-toggle='tooltip' data-placement='right' title='原始值：7.362352'>7.4</span>", "<span data-toggle='tooltip' data-placement='right' title='原始值：1.93'>1.93</span>", "<span data-toggle='tooltip' data-placement='right' title='原始值：0.001'>0.001</span>", "<span data-toggle='tooltip' data-placement='right' title='原始值：0.099237'>0.099</span>", "<span data-toggle='tooltip' data-placement='right' title='原始值：3.683229'>3.68</span>", "*", "*", "正常"], ["四川省", "长江流域", "<span data-toggle='tooltip' data-placement='right' title='所在地市:广元市&#10;所属河流:嘉陵江'>清风峡</span>", "12-28 08:00", "Ⅰ", "<span data-toggle='tooltip' data-placement='right' title='原始值：6.20001'>6.2</span>", "<span data-toggle='tooltip' data-placement='right' title='原始值：8.29999'>8.30</span>", "<span data-toggle='tooltip' data-placement='right' title='原始值：11.54435'>11.54</span>", "<span data-toggle='tooltip' data-placement='right' title='原始值：419.6018'>419.6</span>", "<span data-toggle='tooltip' data-placement='right' title='原始值：158.1028'>158.1</span>", "<span data-toggle='tooltip' data-placement='right' title='原始值：0.66'>0.66</span>", "<span data-toggle='tooltip' data-placement='right' title='原始值：0.1095'>0.110</span>", "*", "*", "*", "*", "正常"], ["四川省", "长江流域", "<span data-toggle='tooltip' data-placement='right' title='所在地市:乐山市&#10;所属河流:岷江'>岷江大桥</span>", null, "", "--", "--", "--", "--", "--", "--", "--", "--", "--", "*", "*", "停站"], ["四川省", "长江流域", "<span data-toggle='tooltip' data-placement='right' title='所在地市:宜宾市&#10;所属河流:岷江'>凉姜沟</span>", "12-28 08:00", "Ⅱ", "<span data-toggle='tooltip' data-placement='right' title='原始值：11.78'>11.8</span>", "<span data-toggle='tooltip' data-placement='right' title='原始值：8.075506'>8.08</span>", "<span data-toggle='tooltip' data-placement='right' title='原始值：9.419598'>9.42</span>", "<span data-toggle='tooltip' data-placement='right' title='原始值：307.2408'>307.2</span>", "<span data-toggle='tooltip' data-placement='right' title='原始值：27.41936'>27.4</span>", "<span data-toggle='tooltip' data-placement='right' title='原始值：1.45'>1.45</span>", "<span data-toggle='tooltip' data-placement='right' title='原始值：0.24'>0.240</span>", "<span data-toggle='tooltip' data-placement='right' title='原始值：0.0889847'>0.089</span>", "<span data-toggle='tooltip' data-placement='right' title='原始值：1.966056'>1.97</span>", "*", "*", "正常"], ["云南省", "滇池流域", "<span data-toggle='tooltip' data-placement='right' title='所在地市:昆明市&#10;所属河流:滇池'>西苑隧道</span>", "12-28 08:00", "Ⅱ", "<span data-toggle='tooltip' data-placement='right' title='原始值：12.75'>12.8</span>", "<span data-toggle='tooltip' data-placement='right' title='原始值：7.70502'>7.71</span>", "<span data-toggle='tooltip' data-placement='right' title='原始值：7.3'>7.30</span>", "<span data-toggle='tooltip' data-placement='right' title='原始值：781.555'>781.6</span>", "<span data-toggle='tooltip' data-placement='right' title='原始值：22.886'>22.9</span>", "<span data-toggle='tooltip' data-placement='right' title='原始值：3.90948'>3.91</span>", "<span data-toggle='tooltip' data-placement='right' title='原始值：0.0605'>0.060</span>", "<span data-toggle='tooltip' data-placement='right' title='原始值：0.02146'>0.021</span>", "<span data-toggle='tooltip' data-placement='right' title='原始值：5.67692'>5.68</span>", "<span data-toggle='tooltip' data-placement='right' title='原始值：0.01483'>0.015</span>", "<span data-toggle='tooltip' data-placement='right' title='原始值：1.901389E+07'>19013890</span>", "正常"], ["云南省", "滇池流域", "<span data-toggle='tooltip' data-placement='right' title='所在地市:昆明市&#10;所属河流:滇池'>观音山</span>", "12-28 08:00", "劣Ⅴ", "<span data-toggle='tooltip' data-placement='right' title='原始值：11.64151'>11.6</span>", "<span data-toggle='tooltip' data-placement='right' title='原始值：9.01709'>9.02</span>", "<span data-toggle='tooltip' data-placement='right' title='原始值：7.467'>7.47</span>", "<span data-toggle='tooltip' data-placement='right' title='原始值：409.22'>409.2</span>", "<span data-toggle='tooltip' data-placement='right' title='原始值：45.388'>45.4</span>", "<span data-toggle='tooltip' data-placement='right' title='原始值：7.19189'>7.19</span>", "<span data-toggle='tooltip' data-placement='right' title='原始值：0.05'>0.050</span>", "<span data-toggle='tooltip' data-placement='right' title='原始值：0.0936'>0.094</span>", "<span data-toggle='tooltip' data-placement='right' title='原始值：1.329'>1.33</span>", "<span data-toggle='tooltip' data-placement='right' title='原始值：0.00216'>0.002</span>", "<span data-toggle='tooltip' data-placement='right' title='原始值：6922556'>6922556</span>", "正常"], ["云南省", "西南诸河", "<span data-toggle='tooltip' data-placement='right' title='所在地市:红河哈尼族彝族自治州&#10;所属河流:红河'>河口县医院(河口)</span>", "12-28 08:00", "Ⅱ", "<span data-toggle='tooltip' data-placement='right' title='原始值：21.39741'>21.4</span>", "<span data-toggle='tooltip' data-placement='right' title='原始值：7.78932'>7.79</span>", "<span data-toggle='tooltip' data-placement='right' title='原始值：7.45255'>7.45</span>", "<span data-toggle='tooltip' data-placement='right' title='原始值：249.3509'>249.4</span>", "<span data-toggle='tooltip' data-placement='right' title='原始值：38.80515'>38.8</span>", "<span data-toggle='tooltip' data-placement='right' title='原始值：1.1407'>1.14</span>", "<span data-toggle='tooltip' data-placement='right' title='原始值：0.06051'>0.061</span>", "<span data-toggle='tooltip' data-placement='right' title='原始值：0.06098'>0.061</span>", "<span data-toggle='tooltip' data-placement='right' title='原始值：1.43254'>1.43</span>", "*", "*", "正常"], ["云南省", "西南诸河", "<span data-toggle='tooltip' data-placement='right' title='所在地市:西双版纳傣族自治州&#10;所属河流:澜沧江'>橄榄坝</span>", "12-28 08:00", "Ⅱ", "<span data-toggle='tooltip' data-placement='right' title='原始值：17.825'>17.8</span>", "<span data-toggle='tooltip' data-placement='right' title='原始值：7.612'>7.61</span>", "<span data-toggle='tooltip' data-placement='right' title='原始值：9.522'>9.52</span>", "<span data-toggle='tooltip' data-placement='right' title='原始值：534.04'>534.0</span>", "<span data-toggle='tooltip' data-placement='right' title='原始值：10.71'>10.7</span>", "<span data-toggle='tooltip' data-placement='right' title='原始值：0.34'>0.34</span>", "<span data-toggle='tooltip' data-placement='right' title='原始值：0.162'>0.162</span>", "*", "*", "*", "*", "正常"], ["陕西省", "黄河流域", "<span data-toggle='tooltip' data-placement='right' title='所在地市:渭南市&#10;所属河流:渭河'>潼关吊桥</span>", "12-28 04:00", "Ⅲ", "<span data-toggle='tooltip' data-placement='right' title='原始值：7.30645'>7.3</span>", "<span data-toggle='tooltip' data-placement='right' title='原始值：8.42936'>8.43</span>", "<span data-toggle='tooltip' data-placement='right' title='原始值：9.32678'>9.33</span>", "<span data-toggle='tooltip' data-placement='right' title='原始值：1201.932'>1201.9</span>", "<span data-toggle='tooltip' data-placement='right' title='原始值：172.8586'>172.9</span>", "<span data-toggle='tooltip' data-placement='right' title='原始值：2.7'>2.70</span>", "<span data-toggle='tooltip' data-placement='right' title='原始值：0.59'>0.590</span>", "<span data-toggle='tooltip' data-placement='right' title='原始值：0.10407'>0.104</span>", "<span data-toggle='tooltip' data-placement='right' title='原始值：7.46438'>7.46</span>", "*", "*", "正常"], ["甘肃省", "黄河流域", "<span data-toggle='tooltip' data-placement='right' title='所在地市:兰州市&#10;所属河流:黄河'>新城桥</span>", null, "", "--", "--", "--", "--", "--", "--", "--", "--", "--", "*", "*", "停站"], ["宁夏回族自治区", "黄河流域", "<span data-toggle='tooltip' data-placement='right' title='所在地市:中卫市&#10;所属河流:黄河'>中卫下河沿(新墩)</span>", "12-28 08:00", "Ⅰ", "<span data-toggle='tooltip' data-placement='right' title='原始值：5.1241'>5.1</span>", "<span data-toggle='tooltip' data-placement='right' title='原始值：7.394'>7.39</span>", "<span data-toggle='tooltip' data-placement='right' title='原始值：10.98353'>10.98</span>", "<span data-toggle='tooltip' data-placement='right' title='原始值：726.4171'>726.4</span>", "<span data-toggle='tooltip' data-placement='right' title='原始值：20.90435'>20.9</span>", "<span data-toggle='tooltip' data-placement='right' title='原始值：0.99'>0.99</span>", "<span data-toggle='tooltip' data-placement='right' title='原始值：0.05'>0.050</span>", "<span data-toggle='tooltip' data-placement='right' title='原始值：0.0053'>0.005</span>", "<span data-toggle='tooltip' data-placement='right' title='原始值：2.5621'>2.56</span>", "*", "*", "正常"]]}