{"result": 1, "total": 1, "records": 98, "thead": ["省份", "流域", "断面名称", "监测时间", "水质类别", "水温<br/><span class='unit'>(℃)</span>", "pH<br/><span class='unit'>(无量纲)</span>", "溶解氧<br/><span class='unit'>(mg/L)</span>", "电导率<br/><span class='unit'>(μS/cm)</span>", "浊度<br/><span class='unit'>(NTU)</span>", "高锰酸盐指数<br/><span class='unit'>(mg/L)</span>", "氨氮<br/><span class='unit'>(mg/L)</span>", "总磷<br/><span class='unit'>(mg/L)</span>", "总氮<br/><span class='unit'>(mg/L)</span>", "叶绿素α<br/><span class='unit'>(mg/L)</span>", "藻密度<br/><span class='unit'>(cells/L)</span>", "站点情况"], "tbody": [["北京市", "海河流域", "<span data-toggle='tooltip' data-placement='right' title='所在地市:门头沟区&#10;所属河流:永定河'>沿河城</span>", null, "", "--", "--", "--", "--", "--", "--", "--", "--", "--", "*", "*", "停站"], ["北京市", "海河流域", "<span data-toggle='tooltip' data-placement='right' title='所在地市:密云区&#10;所属河流:潮河'>古北口</span>", "12-07 08:00", "Ⅰ", "<span data-toggle='tooltip' data-placement='right' title='原始值：0.66544'>0.7</span>", "<span data-toggle='tooltip' data-placement='right' title='原始值：8.26021'>8.26</span>", "<span data-toggle='tooltip' data-placement='right' title='原始值：14.06103'>14.06</span>", "<span data-toggle='tooltip' data-placement='right' title='原始值：831.8171'>831.8</span>", "<span data-toggle='tooltip' data-placement='right' title='原始值：3.89339'>3.9</span>", "<span data-toggle='tooltip' data-placement='right' title='原始值：1.7175'>1.72</span>", "<span data-toggle='tooltip' data-placement='right' title='原始值：0.1'>0.100</span>", "<span data-toggle='tooltip' data-placement='right' title='原始值：0.0001'>0.0001</span>", "<span data-toggle='tooltip' data-placement='right' title='原始值：11.8734'>11.87</span>", "*", "*", "正常"], ["天津市", "海河流域", "<span data-toggle='tooltip' data-placement='right' title='所在地市:河北区&#10;所属河流:海河'>三岔口</span>", "12-07 08:00", "Ⅰ", "<span data-toggle='tooltip' data-placement='right' title='原始值：5.2137'>5.2</span>", "<span data-toggle='tooltip' data-placement='right' title='原始值：7.6649'>7.66</span>", "<span data-toggle='tooltip' data-placement='right' title='原始值：11.679'>11.68</span>", "<span data-toggle='tooltip' data-placement='right' title='原始值：309.4694'>309.5</span>", "<span data-toggle='tooltip' data-placement='right' title='原始值：4.244'>4.2</span>", "<span data-toggle='tooltip' data-placement='right' title='原始值：1.19'>1.19</span>", "<span data-toggle='tooltip' data-placement='right' title='原始值：0.14'>0.140</span>", "<span data-toggle='tooltip' data-placement='right' title='原始值：0.0013'>0.001</span>", "<span data-toggle='tooltip' data-placement='right' title='原始值：1.08'>1.08</span>", "*", "*", "正常"], ["天津市", "海河流域", "<span data-toggle='tooltip' data-placement='right' title='所在地市:蓟州区&#10;所属河流:果河'>果河桥</span>", "12-07 08:00", "Ⅱ", "<span data-toggle='tooltip' data-placement='right' title='原始值：4'>4.0</span>", "<span data-toggle='tooltip' data-placement='right' title='原始值：8.13'>8.13</span>", "<span data-toggle='tooltip' data-placement='right' title='原始值：12.41'>12.41</span>", "<span data-toggle='tooltip' data-placement='right' title='原始值：683.424'>683.4</span>", "<span data-toggle='tooltip' data-placement='right' title='原始值：5.8'>5.8</span>", "<span data-toggle='tooltip' data-placement='right' title='原始值：2.2114'>2.21</span>", "<span data-toggle='tooltip' data-placement='right' title='原始值：0.36'>0.360</span>", "<span data-toggle='tooltip' data-placement='right' title='原始值：0.0345'>0.034</span>", "<span data-toggle='tooltip' data-placement='right' title='原始值：5.7415'>5.74</span>", "*", "*", "正常"], ["河北省", "海河流域", "<span data-toggle='tooltip' data-placement='right' title='所在地市:石家庄市&#10;所属河流:滹沱河'>岗南水库</span>", "12-07 08:00", "Ⅱ", "<span data-toggle='tooltip' data-placement='right' title='原始值：12.97461'>13.0</span>", "<span data-toggle='tooltip' data-placement='right' title='原始值：8.74446'>8.74</span>", "<span data-toggle='tooltip' data-placement='right' title='原始值：9.90968'>9.91</span>", "<span data-toggle='tooltip' data-placement='right' title='原始值：569.2137'>569.2</span>", "<span data-toggle='tooltip' data-placement='right' title='原始值：3.18704'>3.2</span>", "<span data-toggle='tooltip' data-placement='right' title='原始值：2.47588'>2.48</span>", "<span data-toggle='tooltip' data-placement='right' title='原始值：0.02'>0.020</span>", "<span data-toggle='tooltip' data-placement='right' title='原始值：0.01793'>0.018</span>", "<span data-toggle='tooltip' data-placement='right' title='原始值：2.64349'>2.64</span>", "*", "*", "正常"], ["河北省", "海河流域", "<span data-toggle='tooltip' data-placement='right' title='所在地市:张家口市&#10;所属河流:永定河'>八号桥</span>", "12-07 08:00", "Ⅱ", "<span data-toggle='tooltip' data-placement='right' title='原始值：7.53639'>7.5</span>", "<span data-toggle='tooltip' data-placement='right' title='原始值：8.28068'>8.28</span>", "<span data-toggle='tooltip' data-placement='right' title='原始值：11.01564'>11.02</span>", "<span data-toggle='tooltip' data-placement='right' title='原始值：1161.186'>1161.2</span>", "<span data-toggle='tooltip' data-placement='right' title='原始值：20.46634'>20.5</span>", "<span data-toggle='tooltip' data-placement='right' title='原始值：1.97'>1.97</span>", "<span data-toggle='tooltip' data-placement='right' title='原始值：0.19'>0.190</span>", "<span data-toggle='tooltip' data-placement='right' title='原始值：0.0505'>0.050</span>", "<span data-toggle='tooltip' data-placement='right' title='原始值：7.555'>7.56</span>", "*", "*", "正常"], ["山西省", "黄河流域", "<span data-toggle='tooltip' data-placement='right' title='所在地市:运城市&#10;所属河流:汾河'>河津大桥</span>", "12-07 08:00", "Ⅳ", "<span data-toggle='tooltip' data-placement='right' title='原始值：6.66729'>6.7</span>", "<span data-toggle='tooltip' data-placement='right' title='原始值：8.24773'>8.25</span>", "<span data-toggle='tooltip' data-placement='right' title='原始值：11.77695'>11.78</span>", "<span data-toggle='tooltip' data-placement='right' title='原始值：2001.019'>2001.0</span>", "<span data-toggle='tooltip' data-placement='right' title='原始值：69.00348'>69.0</span>", "<span data-toggle='tooltip' data-placement='right' title='原始值：7.675'>7.68</span>", "<span data-toggle='tooltip' data-placement='right' title='原始值：0.99'>0.990</span>", "*", "*", "*", "*", "正常"], ["山西省", "黄河流域", "<span data-toggle='tooltip' data-placement='right' title='所在地市:忻州市&#10;所属河流:黄河'>万家寨水库</span>", null, "", "--", "--", "--", "--", "--", "--", "--", "--", "--", "*", "*", "停站"], ["内蒙古自治区", "黄河流域", "<span data-toggle='tooltip' data-placement='right' title='所在地市:包头市&#10;所属河流:黄河'>画匠营子</span>", "12-07 08:00", "Ⅱ", "<span data-toggle='tooltip' data-placement='right' title='原始值：7.87356'>7.9</span>", "<span data-toggle='tooltip' data-placement='right' title='原始值：7.97016'>7.97</span>", "<span data-toggle='tooltip' data-placement='right' title='原始值：10.61785'>10.62</span>", "<span data-toggle='tooltip' data-placement='right' title='原始值：1145.516'>1145.5</span>", "<span data-toggle='tooltip' data-placement='right' title='原始值：570.5919'>570.6</span>", "<span data-toggle='tooltip' data-placement='right' title='原始值：3.32647'>3.33</span>", "<span data-toggle='tooltip' data-placement='right' title='原始值：0.07664'>0.077</span>", "*", "*", "*", "*", "正常"], ["内蒙古自治区", "黄河流域", "<span data-toggle='tooltip' data-placement='right' title='所在地市:乌海市&#10;所属河流:黄河'>海勃湾</span>", "12-07 08:00", "Ⅰ", "<span data-toggle='tooltip' data-placement='right' title='原始值：4.87033'>4.9</span>", "<span data-toggle='tooltip' data-placement='right' title='原始值：8.54225'>8.54</span>", "<span data-toggle='tooltip' data-placement='right' title='原始值：9.72773'>9.73</span>", "<span data-toggle='tooltip' data-placement='right' title='原始值：897.1104'>897.1</span>", "<span data-toggle='tooltip' data-placement='right' title='原始值：31.11538'>31.1</span>", "<span data-toggle='tooltip' data-placement='right' title='原始值：1.53'>1.53</span>", "<span data-toggle='tooltip' data-placement='right' title='原始值：0.11'>0.110</span>", "*", "*", "*", "*", "正常"], ["内蒙古自治区", "松花江流域", "<span data-toggle='tooltip' data-placement='right' title='所在地市:呼伦贝尔市&#10;所属河流:额尔古纳河'>黑山头</span>", null, "", "--", "--", "--", "--", "--", "--", "--", "--", "--", "*", "*", "停站"], ["辽宁省", "辽河流域", "<span data-toggle='tooltip' data-placement='right' title='所在地市:抚顺市&#10;所属河流:浑河'>大伙房水库</span>", null, "", "--", "--", "--", "--", "--", "--", "--", "--", "--", "--", "*", "停站"], ["辽宁省", "辽河流域", "<span data-toggle='tooltip' data-placement='right' title='所在地市:丹东市&#10;所属河流:鸭绿江'>江桥</span>", "12-07 08:00", "Ⅱ", "<span data-toggle='tooltip' data-placement='right' title='原始值：9.2'>9.2</span>", "<span data-toggle='tooltip' data-placement='right' title='原始值：6.66'>6.66</span>", "<span data-toggle='tooltip' data-placement='right' title='原始值：9.2175'>9.22</span>", "<span data-toggle='tooltip' data-placement='right' title='原始值：132'>132.0</span>", "<span data-toggle='tooltip' data-placement='right' title='原始值：13.00012'>13.0</span>", "<span data-toggle='tooltip' data-placement='right' title='原始值：1.84'>1.84</span>", "<span data-toggle='tooltip' data-placement='right' title='原始值：0.06902'>0.069</span>", "<span data-toggle='tooltip' data-placement='right' title='原始值：0.02437'>0.024</span>", "<span data-toggle='tooltip' data-placement='right' title='原始值：2.08668'>2.09</span>", "*", "*", "正常"], ["辽宁省", "辽河流域", "<span data-toggle='tooltip' data-placement='right' title='所在地市:营口市&#10;所属河流:大辽河'>辽河公园</span>", null, "", "--", "--", "--", "--", "--", "--", "--", "--", "--", "*", "*", "停站"], ["辽宁省", "辽河流域", "<span data-toggle='tooltip' data-placement='right' title='所在地市:辽阳市&#10;所属河流:太子河'>汤河水库</span>", null, "", "--", "--", "--", "--", "--", "--", "--", "--", "--", "*", "*", "停站"], ["辽宁省", "辽河流域", "<span data-toggle='tooltip' data-placement='right' title='所在地市:盘锦市&#10;所属河流:辽河'>盘锦兴安(兴安)</span>", null, "", "--", "--", "--", "--", "--", "--", "--", "--", "--", "*", "*", "停站"], ["辽宁省", "辽河流域", "<span data-toggle='tooltip' data-placement='right' title='所在地市:铁岭市&#10;所属河流:辽河'>珠尔山</span>", null, "", "--", "--", "--", "--", "--", "--", "--", "--", "--", "*", "*", "停站"], ["吉林省", "松花江流域", "<span data-toggle='tooltip' data-placement='right' title='所在地市:长春市&#10;所属河流:松花江'>松花江村</span>", null, "", "--", "--", "--", "--", "--", "--", "--", "--", "--", "*", "*", "停站"], ["吉林省", "松花江流域", "<span data-toggle='tooltip' data-placement='right' title='所在地市:白城市&#10;所属河流:嫩江'>白沙滩</span>", "12-07 08:00", "Ⅳ", "<span data-toggle='tooltip' data-placement='right' title='原始值：4.0336'>4.0</span>", "<span data-toggle='tooltip' data-placement='right' title='原始值：7.48803'>7.49</span>", "<span data-toggle='tooltip' data-placement='right' title='原始值：13.27484'>13.27</span>", "<span data-toggle='tooltip' data-placement='right' title='原始值：382.5677'>382.6</span>", "<span data-toggle='tooltip' data-placement='right' title='原始值：14.08323'>14.1</span>", "<span data-toggle='tooltip' data-placement='right' title='原始值：7.483'>7.48</span>", "<span data-toggle='tooltip' data-placement='right' title='原始值：0.21757'>0.218</span>", "<span data-toggle='tooltip' data-placement='right' title='原始值：0.06273'>0.063</span>", "<span data-toggle='tooltip' data-placement='right' title='原始值：2.17672'>2.18</span>", "*", "*", "正常"], ["吉林省", "松花江流域", "<span data-toggle='tooltip' data-placement='right' title='所在地市:延边朝鲜族自治州&#10;所属河流:图们江'>圈河</span>", "12-07 08:00", "Ⅱ", "<span data-toggle='tooltip' data-placement='right' title='原始值：9.2999'>9.3</span>", "<span data-toggle='tooltip' data-placement='right' title='原始值：7.52'>7.52</span>", "<span data-toggle='tooltip' data-placement='right' title='原始值：10.25063'>10.25</span>", "<span data-toggle='tooltip' data-placement='right' title='原始值：236'>236.0</span>", "<span data-toggle='tooltip' data-placement='right' title='原始值：111'>111.0</span>", "<span data-toggle='tooltip' data-placement='right' title='原始值：3.51'>3.51</span>", "<span data-toggle='tooltip' data-placement='right' title='原始值：0.0582'>0.058</span>", "<span data-toggle='tooltip' data-placement='right' title='原始值：0.04563'>0.046</span>", "<span data-toggle='tooltip' data-placement='right' title='原始值：3.27925'>3.28</span>", "*", "*", "正常"], ["黑龙江省", "松花江流域", "<span data-toggle='tooltip' data-placement='right' title='所在地市:大庆市&#10;所属河流:松花江'>肇源</span>", null, "", "--", "--", "--", "--", "--", "--", "--", "--", "--", "*", "*", "停站"], ["黑龙江省", "松花江流域", "<span data-toggle='tooltip' data-placement='right' title='所在地市:佳木斯市&#10;所属河流:乌苏里江'>乌苏镇</span>", null, "", "--", "--", "--", "--", "--", "--", "--", "--", "--", "*", "*", "停站"], ["黑龙江省", "松花江流域", "<span data-toggle='tooltip' data-placement='right' title='所在地市:佳木斯市&#10;所属河流:松花江'>同江</span>", "12-07 08:00", "Ⅲ", "<span data-toggle='tooltip' data-placement='right' title='原始值：6.64619'>6.6</span>", "<span data-toggle='tooltip' data-placement='right' title='原始值：6.81251'>6.81</span>", "<span data-toggle='tooltip' data-placement='right' title='原始值：11.43752'>11.44</span>", "<span data-toggle='tooltip' data-placement='right' title='原始值：250.0005'>250.0</span>", "<span data-toggle='tooltip' data-placement='right' title='原始值：20.37553'>20.4</span>", "<span data-toggle='tooltip' data-placement='right' title='原始值：5.63668'>5.64</span>", "<span data-toggle='tooltip' data-placement='right' title='原始值：0.2227'>0.223</span>", "<span data-toggle='tooltip' data-placement='right' title='原始值：0.04761'>0.048</span>", "<span data-toggle='tooltip' data-placement='right' title='原始值：1.3906'>1.39</span>", "*", "*", "正常"], ["黑龙江省", "松花江流域", "<span data-toggle='tooltip' data-placement='right' title='所在地市:黑河市&#10;所属河流:黑龙江'>黑河下(黑河)</span>", null, "", "--", "--", "--", "--", "--", "--", "--", "--", "--", "*", "*", "停站"], ["上海市", "长江流域", "<span data-toggle='tooltip' data-placement='right' title='所在地市:青浦区&#10;所属河流:淀山湖'>急水港桥</span>", null, "", "--", "--", "--", "--", "--", "--", "--", "--", "--", "--", "--", "停站"], ["江苏省", "长江流域", "<span data-toggle='tooltip' data-placement='right' title='所在地市:南京市&#10;所属河流:长江'>林山</span>", null, "", "--", "--", "--", "--", "--", "--", "--", "--", "--", "*", "*", "停站"], ["江苏省", "太湖流域", "<span data-toggle='tooltip' data-placement='right' title='所在地市:无锡市&#10;所属河流:太湖'>沙渚</span>", "12-07 08:00", "Ⅱ", "<span data-toggle='tooltip' data-placement='right' title='原始值：12.42156'>12.4</span>", "<span data-toggle='tooltip' data-placement='right' title='原始值：8.167012'>8.17</span>", "<span data-toggle='tooltip' data-placement='right' title='原始值：10.27705'>10.28</span>", "<span data-toggle='tooltip' data-placement='right' title='原始值：394.4819'>394.5</span>", "<span data-toggle='tooltip' data-placement='right' title='原始值：7.788357'>7.8</span>", "<span data-toggle='tooltip' data-placement='right' title='原始值：2.846739'>2.85</span>", "<span data-toggle='tooltip' data-placement='right' title='原始值：0.28'>0.280</span>", "<span data-toggle='tooltip' data-placement='right' title='原始值：0.0275'>0.028</span>", "<span data-toggle='tooltip' data-placement='right' title='原始值：0.567'>0.57</span>", "<span data-toggle='tooltip' data-placement='right' title='原始值：0.022994'>0.023</span>", "*", "正常"], ["江苏省", "淮河流域", "<span data-toggle='tooltip' data-placement='right' title='所在地市:徐州市&#10;所属河流:武河'>小红圈</span>", "12-07 08:00", "Ⅱ", "<span data-toggle='tooltip' data-placement='right' title='原始值：6.42'>6.4</span>", "<span data-toggle='tooltip' data-placement='right' title='原始值：8.67'>8.67</span>", "<span data-toggle='tooltip' data-placement='right' title='原始值：18.42'>18.42</span>", "<span data-toggle='tooltip' data-placement='right' title='原始值：627.7'>627.7</span>", "<span data-toggle='tooltip' data-placement='right' title='原始值：4.46'>4.5</span>", "<span data-toggle='tooltip' data-placement='right' title='原始值：2.19'>2.19</span>", "<span data-toggle='tooltip' data-placement='right' title='原始值：0.021'>0.021</span>", "*", "*", "*", "*", "正常"], ["江苏省", "淮河流域", "<span data-toggle='tooltip' data-placement='right' title='所在地市:徐州市&#10;所属河流:沿河'>李集桥</span>", "12-07 08:00", "Ⅲ", "<span data-toggle='tooltip' data-placement='right' title='原始值：9'>9.0</span>", "<span data-toggle='tooltip' data-placement='right' title='原始值：8.07'>8.07</span>", "<span data-toggle='tooltip' data-placement='right' title='原始值：10.07'>10.07</span>", "<span data-toggle='tooltip' data-placement='right' title='原始值：1060.6'>1060.6</span>", "<span data-toggle='tooltip' data-placement='right' title='原始值：17.41'>17.4</span>", "<span data-toggle='tooltip' data-placement='right' title='原始值：5.11'>5.11</span>", "<span data-toggle='tooltip' data-placement='right' title='原始值：0.06'>0.060</span>", "<span data-toggle='tooltip' data-placement='right' title='原始值：0.051'>0.051</span>", "<span data-toggle='tooltip' data-placement='right' title='原始值：1.617'>1.62</span>", "*", "*", "正常"], ["江苏省", "淮河流域", "<span data-toggle='tooltip' data-placement='right' title='所在地市:徐州市&#10;所属河流:邳苍分洪道'>艾山西大桥</span>", "12-07 08:00", "Ⅱ", "<span data-toggle='tooltip' data-placement='right' title='原始值：6.17169'>6.2</span>", "<span data-toggle='tooltip' data-placement='right' title='原始值：8.61849'>8.62</span>", "<span data-toggle='tooltip' data-placement='right' title='原始值：13.6495'>13.65</span>", "<span data-toggle='tooltip' data-placement='right' title='原始值：875.387'>875.4</span>", "<span data-toggle='tooltip' data-placement='right' title='原始值：4.42837'>4.4</span>", "<span data-toggle='tooltip' data-placement='right' title='原始值：1.97'>1.97</span>", "<span data-toggle='tooltip' data-placement='right' title='原始值：0.06'>0.060</span>", "<span data-toggle='tooltip' data-placement='right' title='原始值：0.09434'>0.094</span>", "<span data-toggle='tooltip' data-placement='right' title='原始值：11.5822'>11.58</span>", "*", "*", "正常"], ["江苏省", "太湖流域", "<span data-toggle='tooltip' data-placement='right' title='所在地市:苏州市&#10;所属河流:太湖'>兰山嘴(老)</span>", "12-07 08:00", "Ⅱ", "<span data-toggle='tooltip' data-placement='right' title='原始值：21.12262'>21.1</span>", "<span data-toggle='tooltip' data-placement='right' title='原始值：8.24657'>8.25</span>", "<span data-toggle='tooltip' data-placement='right' title='原始值：9.65458'>9.65</span>", "<span data-toggle='tooltip' data-placement='right' title='原始值：283.2968'>283.3</span>", "<span data-toggle='tooltip' data-placement='right' title='原始值：31.20598'>31.2</span>", "<span data-toggle='tooltip' data-placement='right' title='原始值：1.4'>1.40</span>", "<span data-toggle='tooltip' data-placement='right' title='原始值：0.2'>0.200</span>", "<span data-toggle='tooltip' data-placement='right' title='原始值：0.07106'>0.071</span>", "<span data-toggle='tooltip' data-placement='right' title='原始值：2.10215'>2.10</span>", "<span data-toggle='tooltip' data-placement='right' title='原始值：0.01744'>0.017</span>", "*", "正常"], ["江苏省", "太湖流域", "<span data-toggle='tooltip' data-placement='right' title='所在地市:苏州市&#10;所属河流:太湖'>西山</span>", null, "", "--", "--", "--", "--", "--", "--", "--", "--", "--", "--", "*", "维护"], ["江苏省", "淮河流域", "<span data-toggle='tooltip' data-placement='right' title='所在地市:连云港市&#10;所属河流:新沭河'>大兴桥</span>", "12-07 08:00", "Ⅳ", "<span data-toggle='tooltip' data-placement='right' title='原始值：8'>8.0</span>", "<span data-toggle='tooltip' data-placement='right' title='原始值：7.65'>7.65</span>", "<span data-toggle='tooltip' data-placement='right' title='原始值：15.55'>15.55</span>", "<span data-toggle='tooltip' data-placement='right' title='原始值：775.4'>775.4</span>", "<span data-toggle='tooltip' data-placement='right' title='原始值：41.14'>41.1</span>", "<span data-toggle='tooltip' data-placement='right' title='原始值：6.86'>6.86</span>", "<span data-toggle='tooltip' data-placement='right' title='原始值：0.127'>0.127</span>", "*", "*", "*", "*", "正常"], ["江苏省", "淮河流域", "<span data-toggle='tooltip' data-placement='right' title='所在地市:淮安市&#10;所属河流:淮河'>淮河大桥</span>", "12-07 08:00", "Ⅱ", "<span data-toggle='tooltip' data-placement='right' title='原始值：10.36633'>10.4</span>", "<span data-toggle='tooltip' data-placement='right' title='原始值：8.27843'>8.28</span>", "<span data-toggle='tooltip' data-placement='right' title='原始值：9.63483'>9.63</span>", "<span data-toggle='tooltip' data-placement='right' title='原始值：528.4025'>528.4</span>", "<span data-toggle='tooltip' data-placement='right' title='原始值：32.40489'>32.4</span>", "<span data-toggle='tooltip' data-placement='right' title='原始值：3.88'>3.88</span>", "<span data-toggle='tooltip' data-placement='right' title='原始值：0.15'>0.150</span>", "<span data-toggle='tooltip' data-placement='right' title='原始值：0.094'>0.094</span>", "<span data-toggle='tooltip' data-placement='right' title='原始值：2.236'>2.24</span>", "*", "*", "正常"], ["江苏省", "长江流域", "<span data-toggle='tooltip' data-placement='right' title='所在地市:扬州市&#10;所属河流:夹江'>三江营</span>", "12-07 08:00", "Ⅱ", "<span data-toggle='tooltip' data-placement='right' title='原始值：13.03'>13.0</span>", "<span data-toggle='tooltip' data-placement='right' title='原始值：7.85'>7.85</span>", "<span data-toggle='tooltip' data-placement='right' title='原始值：9.47'>9.47</span>", "<span data-toggle='tooltip' data-placement='right' title='原始值：338.81'>338.8</span>", "<span data-toggle='tooltip' data-placement='right' title='原始值：50.19'>50.2</span>", "<span data-toggle='tooltip' data-placement='right' title='原始值：2.459'>2.46</span>", "<span data-toggle='tooltip' data-placement='right' title='原始值：0.036'>0.036</span>", "<span data-toggle='tooltip' data-placement='right' title='原始值：0.081'>0.081</span>", "<span data-toggle='tooltip' data-placement='right' title='原始值：2.06'>2.06</span>", "*", "*", "正常"], ["江苏省", "淮河流域", "<span data-toggle='tooltip' data-placement='right' title='所在地市:宿迁市&#10;所属河流:新濉河'>大屈</span>", "12-07 08:00", "Ⅳ", "<span data-toggle='tooltip' data-placement='right' title='原始值：10'>10.0</span>", "<span data-toggle='tooltip' data-placement='right' title='原始值：7.69'>7.69</span>", "<span data-toggle='tooltip' data-placement='right' title='原始值：10.53'>10.53</span>", "<span data-toggle='tooltip' data-placement='right' title='原始值：1024.8'>1024.8</span>", "<span data-toggle='tooltip' data-placement='right' title='原始值：15.92'>15.9</span>", "<span data-toggle='tooltip' data-placement='right' title='原始值：6.8'>6.80</span>", "<span data-toggle='tooltip' data-placement='right' title='原始值：0.06'>0.060</span>", "<span data-toggle='tooltip' data-placement='right' title='原始值：0.066'>0.066</span>", "<span data-toggle='tooltip' data-placement='right' title='原始值：2.751'>2.75</span>", "*", "*", "正常"], ["浙江省", "浙闽片河流", "<span data-toggle='tooltip' data-placement='right' title='所在地市:杭州市&#10;所属河流:新安江'>街口(鸠坑口)</span>", "12-07 08:00", "", "<span data-toggle='tooltip' data-placement='right' title='原始值：17.61'>17.6</span>", "<span data-toggle='tooltip' data-placement='right' title='原始值：7.33'>7.33</span>", "<span data-toggle='tooltip' data-placement='right' title='原始值：6.13'>6.13</span>", "<span data-toggle='tooltip' data-placement='right' title='原始值：169.2'>169.2</span>", "<span data-toggle='tooltip' data-placement='right' title='原始值：35.25'>35.2</span>", "<span data-toggle='tooltip' data-placement='right' title='原始值：1.539'>1.54</span>", "<span data-toggle='tooltip' data-placement='right' title='极值过滤'>--</span>", "<span data-toggle='tooltip' data-placement='right' title='原始值：0.017'>0.017</span>", "<span data-toggle='tooltip' data-placement='right' title='原始值：0.94'>0.94</span>", "*", "*", "维护"], ["浙江省", "太湖流域", "<span data-toggle='tooltip' data-placement='right' title='所在地市:嘉兴市&#10;所属河流:斜路港河'>斜路港</span>", "12-07 08:00", "Ⅲ", "<span data-toggle='tooltip' data-placement='right' title='原始值：11.4'>11.4</span>", "<span data-toggle='tooltip' data-placement='right' title='原始值：7.41'>7.41</span>", "<span data-toggle='tooltip' data-placement='right' title='原始值：5.68'>5.68</span>", "<span data-toggle='tooltip' data-placement='right' title='原始值：574'>574.0</span>", "<span data-toggle='tooltip' data-placement='right' title='原始值：89.2'>89.2</span>", "<span data-toggle='tooltip' data-placement='right' title='原始值：3.2'>3.20</span>", "<span data-toggle='tooltip' data-placement='right' title='原始值：0.57342'>0.573</span>", "<span data-toggle='tooltip' data-placement='right' title='原始值：0.1014'>0.101</span>", "<span data-toggle='tooltip' data-placement='right' title='原始值：2.69932'>2.70</span>", "*", "*", "正常"], ["浙江省", "太湖流域", "<span data-toggle='tooltip' data-placement='right' title='所在地市:嘉兴市&#10;所属河流:京杭运河'>王江泾</span>", "12-07 08:00", "Ⅲ", "<span data-toggle='tooltip' data-placement='right' title='原始值：12.59'>12.6</span>", "<span data-toggle='tooltip' data-placement='right' title='原始值：7.01'>7.01</span>", "<span data-toggle='tooltip' data-placement='right' title='原始值：6.55'>6.55</span>", "<span data-toggle='tooltip' data-placement='right' title='原始值：591.06'>591.1</span>", "<span data-toggle='tooltip' data-placement='right' title='原始值：114.49'>114.5</span>", "<span data-toggle='tooltip' data-placement='right' title='原始值：4.308'>4.31</span>", "<span data-toggle='tooltip' data-placement='right' title='原始值：0.256'>0.256</span>", "<span data-toggle='tooltip' data-placement='right' title='原始值：0.063'>0.063</span>", "<span data-toggle='tooltip' data-placement='right' title='原始值：1.93'>1.93</span>", "*", "*", "正常"], ["浙江省", "太湖流域", "<span data-toggle='tooltip' data-placement='right' title='所在地市:湖州市&#10;所属河流:西苕溪'>新港口(新塘港)</span>", "12-07 08:00", "Ⅲ", "<span data-toggle='tooltip' data-placement='right' title='原始值：9.28958'>9.3</span>", "<span data-toggle='tooltip' data-placement='right' title='原始值：8.5387'>8.54</span>", "<span data-toggle='tooltip' data-placement='right' title='原始值：10.9908'>10.99</span>", "<span data-toggle='tooltip' data-placement='right' title='原始值：389.905'>389.9</span>", "<span data-toggle='tooltip' data-placement='right' title='原始值：375.025'>375.0</span>", "<span data-toggle='tooltip' data-placement='right' title='原始值：4.44802'>4.45</span>", "<span data-toggle='tooltip' data-placement='right' title='原始值：0.28656'>0.287</span>", "<span data-toggle='tooltip' data-placement='right' title='原始值：0.18693'>0.187</span>", "<span data-toggle='tooltip' data-placement='right' title='原始值：4.19776'>4.20</span>", "<span data-toggle='tooltip' data-placement='right' title='原始值：0.01831'>0.018</span>", "*", "正常"], ["安徽省", "巢湖流域", "<span data-toggle='tooltip' data-placement='right' title='所在地市:合肥市&#10;所属河流:巢湖'>湖滨(老)</span>", "12-07 08:00", "", "<span data-toggle='tooltip' data-placement='right' title='原始值：8.80319'>8.8</span>", "<span data-toggle='tooltip' data-placement='right' title='原始值：6.86889'>6.87</span>", "<span data-toggle='tooltip' data-placement='right' title='原始值：11.03349'>11.03</span>", "<span data-toggle='tooltip' data-placement='right' title='原始值：261.8263'>261.8</span>", "<span data-toggle='tooltip' data-placement='right' title='原始值：124.7619'>124.8</span>", "<span data-toggle='tooltip' data-placement='right' title='极值过滤'>--</span>", "<span data-toggle='tooltip' data-placement='right' title='原始值：0.26'>0.260</span>", "<span data-toggle='tooltip' data-placement='right' title='原始值：0.108'>0.108</span>", "<span data-toggle='tooltip' data-placement='right' title='原始值：1.965'>1.96</span>", "<span data-toggle='tooltip' data-placement='right' title='原始值：0.07502'>0.075</span>", "*", "维护"], ["安徽省", "巢湖流域", "<span data-toggle='tooltip' data-placement='right' title='所在地市:芜湖市&#10;所属河流:巢湖'>裕溪口(老)</span>", "12-07 08:00", "Ⅴ", "<span data-toggle='tooltip' data-placement='right' title='原始值：12.46957'>12.5</span>", "<span data-toggle='tooltip' data-placement='right' title='原始值：7.41685'>7.42</span>", "<span data-toggle='tooltip' data-placement='right' title='原始值：7.05865'>7.06</span>", "<span data-toggle='tooltip' data-placement='right' title='原始值：256.8201'>256.8</span>", "<span data-toggle='tooltip' data-placement='right' title='原始值：75.16766'>75.2</span>", "<span data-toggle='tooltip' data-placement='right' title='原始值：3.21'>3.21</span>", "<span data-toggle='tooltip' data-placement='right' title='原始值：0.06'>0.060</span>", "<span data-toggle='tooltip' data-placement='right' title='原始值：0.1003'>0.100</span>", "<span data-toggle='tooltip' data-placement='right' title='原始值：3.558'>3.56</span>", "<span data-toggle='tooltip' data-placement='right' title='原始值：0.00653'>0.007</span>", "*", "正常"], ["安徽省", "淮河流域", "<span data-toggle='tooltip' data-placement='right' title='所在地市:蚌埠市&#10;所属河流:淮河'>蚌埠闸上(蚌埠闸)</span>", "12-07 08:00", "Ⅲ", "<span data-toggle='tooltip' data-placement='right' title='原始值：12.04'>12.0</span>", "<span data-toggle='tooltip' data-placement='right' title='原始值：8'>8.00</span>", "<span data-toggle='tooltip' data-placement='right' title='原始值：11.14'>11.14</span>", "<span data-toggle='tooltip' data-placement='right' title='原始值：525.52'>525.5</span>", "<span data-toggle='tooltip' data-placement='right' title='原始值：57.45'>57.4</span>", "<span data-toggle='tooltip' data-placement='right' title='原始值：3.517'>3.52</span>", "<span data-toggle='tooltip' data-placement='right' title='原始值：0.058'>0.058</span>", "<span data-toggle='tooltip' data-placement='right' title='原始值：0.108'>0.108</span>", "<span data-toggle='tooltip' data-placement='right' title='原始值：1.758'>1.76</span>", "*", "*", "正常"], ["安徽省", "淮河流域", "<span data-toggle='tooltip' data-placement='right' title='所在地市:淮南市&#10;所属河流:淮河'>石头埠(老)</span>", "12-07 08:00", "Ⅲ", "<span data-toggle='tooltip' data-placement='right' title='原始值：9.87288'>9.9</span>", "<span data-toggle='tooltip' data-placement='right' title='原始值：7.43066'>7.43</span>", "<span data-toggle='tooltip' data-placement='right' title='原始值：5.93996'>5.94</span>", "<span data-toggle='tooltip' data-placement='right' title='原始值：208.6742'>208.7</span>", "<span data-toggle='tooltip' data-placement='right' title='原始值：68.627'>68.6</span>", "<span data-toggle='tooltip' data-placement='right' title='原始值：5.54'>5.54</span>", "<span data-toggle='tooltip' data-placement='right' title='原始值：0.26'>0.260</span>", "*", "*", "*", "*", "正常"], ["安徽省", "淮河流域", "<span data-toggle='tooltip' data-placement='right' title='所在地市:淮北市&#10;所属河流:沱河'>小王桥</span>", "12-07 08:00", "", "<span data-toggle='tooltip' data-placement='right' title='原始值：8.27'>8.3</span>", "<span data-toggle='tooltip' data-placement='right' title='原始值：8.29'>8.29</span>", "<span data-toggle='tooltip' data-placement='right' title='原始值：9.91'>9.91</span>", "<span data-toggle='tooltip' data-placement='right' title='原始值：1906.99'>1907.0</span>", "<span data-toggle='tooltip' data-placement='right' title='原始值：19.67'>19.7</span>", "<span data-toggle='tooltip' data-placement='right' title='原始值：6.533'>6.53</span>", "<span data-toggle='tooltip' data-placement='right' title='原始值：0.034'>0.034</span>", "<span data-toggle='tooltip' data-placement='right' title='原始值：0.12'>0.120</span>", "<span data-toggle='tooltip' data-placement='right' title='原始值：1.011'>1.01</span>", "*", "*", "维护"], ["安徽省", "长江流域", "<span data-toggle='tooltip' data-placement='right' title='所在地市:安庆市&#10;所属河流:长江'>皖河口</span>", "12-07 08:00", "Ⅱ", "<span data-toggle='tooltip' data-placement='right' title='原始值：12.5'>12.5</span>", "<span data-toggle='tooltip' data-placement='right' title='原始值：7.571'>7.57</span>", "<span data-toggle='tooltip' data-placement='right' title='原始值：8.6'>8.60</span>", "<span data-toggle='tooltip' data-placement='right' title='原始值：306.92'>306.9</span>", "<span data-toggle='tooltip' data-placement='right' title='原始值：32.05'>32.0</span>", "<span data-toggle='tooltip' data-placement='right' title='原始值：1.819'>1.82</span>", "<span data-toggle='tooltip' data-placement='right' title='原始值：0.051'>0.051</span>", "<span data-toggle='tooltip' data-placement='right' title='原始值：0.0769'>0.077</span>", "<span data-toggle='tooltip' data-placement='right' title='原始值：2.615'>2.62</span>", "*", "*", "正常"], ["安徽省", "淮河流域", "<span data-toggle='tooltip' data-placement='right' title='所在地市:滁州市&#10;所属河流:淮河'>小柳巷</span>", "12-07 08:00", "Ⅱ", "<span data-toggle='tooltip' data-placement='right' title='原始值：11.9'>11.9</span>", "<span data-toggle='tooltip' data-placement='right' title='原始值：7.44'>7.44</span>", "<span data-toggle='tooltip' data-placement='right' title='原始值：8.93'>8.93</span>", "<span data-toggle='tooltip' data-placement='right' title='原始值：504.1'>504.1</span>", "<span data-toggle='tooltip' data-placement='right' title='原始值：110.25'>110.2</span>", "<span data-toggle='tooltip' data-placement='right' title='原始值：0.34'>0.34</span>", "<span data-toggle='tooltip' data-placement='right' title='原始值：0.055'>0.055</span>", "<span data-toggle='tooltip' data-placement='right' title='原始值：0.08'>0.080</span>", "<span data-toggle='tooltip' data-placement='right' title='原始值：1.888'>1.89</span>", "*", "*", "正常"], ["安徽省", "淮河流域", "<span data-toggle='tooltip' data-placement='right' title='所在地市:阜阳市&#10;所属河流:黑茨河'>张大桥</span>", null, "", "--", "--", "--", "--", "--", "--", "--", "--", "--", "*", "*", "停站"], ["安徽省", "淮河流域", "<span data-toggle='tooltip' data-placement='right' title='所在地市:阜阳市&#10;所属河流:淮河'>王家坝</span>", "12-07 08:00", "Ⅱ", "<span data-toggle='tooltip' data-placement='right' title='原始值：8.12'>8.1</span>", "<span data-toggle='tooltip' data-placement='right' title='原始值：7.4153'>7.42</span>", "<span data-toggle='tooltip' data-placement='right' title='原始值：11.85833'>11.86</span>", "<span data-toggle='tooltip' data-placement='right' title='原始值：391.6293'>391.6</span>", "<span data-toggle='tooltip' data-placement='right' title='原始值：10.28255'>10.3</span>", "<span data-toggle='tooltip' data-placement='right' title='原始值：3.71'>3.71</span>", "<span data-toggle='tooltip' data-placement='right' title='原始值：0.439'>0.439</span>", "<span data-toggle='tooltip' data-placement='right' title='原始值：0.0518'>0.052</span>", "<span data-toggle='tooltip' data-placement='right' title='原始值：2.28808'>2.29</span>", "*", "*", "正常"], ["安徽省", "淮河流域", "<span data-toggle='tooltip' data-placement='right' title='所在地市:阜阳市&#10;所属河流:颍河'>界首七渡口(七渡口)</span>", "12-07 08:00", "Ⅳ", "<span data-toggle='tooltip' data-placement='right' title='原始值：10.46025'>10.5</span>", "<span data-toggle='tooltip' data-placement='right' title='原始值：6.63315'>6.63</span>", "<span data-toggle='tooltip' data-placement='right' title='原始值：8.00928'>8.01</span>", "<span data-toggle='tooltip' data-placement='right' title='原始值：886.3027'>886.3</span>", "<span data-toggle='tooltip' data-placement='right' title='原始值：12.37775'>12.4</span>", "<span data-toggle='tooltip' data-placement='right' title='原始值：3.42'>3.42</span>", "<span data-toggle='tooltip' data-placement='right' title='原始值：1.15'>1.150</span>", "<span data-toggle='tooltip' data-placement='right' title='原始值：0.08926'>0.089</span>", "<span data-toggle='tooltip' data-placement='right' title='原始值：5.53733'>5.54</span>", "*", "*", "正常"], ["安徽省", "淮河流域", "<span data-toggle='tooltip' data-placement='right' title='所在地市:阜阳市&#10;所属河流:泉河'>许庄(徐庄)</span>", "12-07 08:00", "Ⅱ", "<span data-toggle='tooltip' data-placement='right' title='原始值：7.3'>7.3</span>", "<span data-toggle='tooltip' data-placement='right' title='原始值：7.89'>7.89</span>", "<span data-toggle='tooltip' data-placement='right' title='原始值：8.04'>8.04</span>", "<span data-toggle='tooltip' data-placement='right' title='原始值：1026.1'>1026.1</span>", "<span data-toggle='tooltip' data-placement='right' title='原始值：7.25'>7.2</span>", "<span data-toggle='tooltip' data-placement='right' title='原始值：2.39'>2.39</span>", "<span data-toggle='tooltip' data-placement='right' title='原始值：0.03'>0.030</span>", "<span data-toggle='tooltip' data-placement='right' title='原始值：0.06'>0.060</span>", "<span data-toggle='tooltip' data-placement='right' title='原始值：2.401'>2.40</span>", "*", "*", "正常"], ["安徽省", "淮河流域", "<span data-toggle='tooltip' data-placement='right' title='所在地市:宿州市&#10;所属河流:奎河'>杨庄</span>", "12-07 08:00", "Ⅲ", "<span data-toggle='tooltip' data-placement='right' title='原始值：10.17'>10.2</span>", "<span data-toggle='tooltip' data-placement='right' title='原始值：7.91'>7.91</span>", "<span data-toggle='tooltip' data-placement='right' title='原始值：9.43'>9.43</span>", "<span data-toggle='tooltip' data-placement='right' title='原始值：974.4'>974.4</span>", "<span data-toggle='tooltip' data-placement='right' title='原始值：21.7'>21.7</span>", "<span data-toggle='tooltip' data-placement='right' title='原始值：3.57'>3.57</span>", "<span data-toggle='tooltip' data-placement='right' title='原始值：0.858'>0.858</span>", "*", "*", "*", "*", "正常"], ["安徽省", "淮河流域", "<span data-toggle='tooltip' data-placement='right' title='所在地市:宿州市&#10;所属河流:新汴河'>泗县公路桥</span>", "12-07 08:00", "Ⅲ", "<span data-toggle='tooltip' data-placement='right' title='原始值：8.93'>8.9</span>", "<span data-toggle='tooltip' data-placement='right' title='原始值：8.21'>8.21</span>", "<span data-toggle='tooltip' data-placement='right' title='原始值：10.73'>10.73</span>", "<span data-toggle='tooltip' data-placement='right' title='原始值：951.6'>951.6</span>", "<span data-toggle='tooltip' data-placement='right' title='原始值：16.16'>16.2</span>", "<span data-toggle='tooltip' data-placement='right' title='原始值：5.04'>5.04</span>", "<span data-toggle='tooltip' data-placement='right' title='原始值：0.067'>0.067</span>", "*", "*", "*", "*", "正常"], ["安徽省", "淮河流域", "<span data-toggle='tooltip' data-placement='right' title='所在地市:亳州市&#10;所属河流:包河'>颜集</span>", "12-07 08:00", "Ⅲ", "<span data-toggle='tooltip' data-placement='right' title='原始值：8.8'>8.8</span>", "<span data-toggle='tooltip' data-placement='right' title='原始值：7.85'>7.85</span>", "<span data-toggle='tooltip' data-placement='right' title='原始值：9.25'>9.25</span>", "<span data-toggle='tooltip' data-placement='right' title='原始值：1805.6'>1805.6</span>", "<span data-toggle='tooltip' data-placement='right' title='原始值：115.13'>115.1</span>", "<span data-toggle='tooltip' data-placement='right' title='原始值：2.32'>2.32</span>", "<span data-toggle='tooltip' data-placement='right' title='原始值：0.87'>0.870</span>", "<span data-toggle='tooltip' data-placement='right' title='原始值：0.139'>0.139</span>", "<span data-toggle='tooltip' data-placement='right' title='原始值：5.438'>5.44</span>", "*", "*", "正常"], ["福建省", "浙闽片河流", "<span data-toggle='tooltip' data-placement='right' title='所在地市:福州市&#10;所属河流:闽江'>白岩潭</span>", "12-07 08:00", "Ⅱ", "<span data-toggle='tooltip' data-placement='right' title='原始值：19.69'>19.7</span>", "<span data-toggle='tooltip' data-placement='right' title='原始值：7.26'>7.26</span>", "<span data-toggle='tooltip' data-placement='right' title='原始值：7.22'>7.22</span>", "<span data-toggle='tooltip' data-placement='right' title='原始值：2554.6'>2554.6</span>", "<span data-toggle='tooltip' data-placement='right' title='原始值：347.47'>347.5</span>", "<span data-toggle='tooltip' data-placement='right' title='原始值：3.22'>3.22</span>", "<span data-toggle='tooltip' data-placement='right' title='原始值：0.321'>0.321</span>", "*", "*", "*", "*", "正常"], ["江西省", "长江流域", "<span data-toggle='tooltip' data-placement='right' title='所在地市:南昌市&#10;所属河流:赣江南支'>滁槎</span>", "12-07 08:00", "Ⅲ", "<span data-toggle='tooltip' data-placement='right' title='原始值：11.43122'>11.4</span>", "<span data-toggle='tooltip' data-placement='right' title='原始值：8.18096'>8.18</span>", "<span data-toggle='tooltip' data-placement='right' title='原始值：8.48492'>8.48</span>", "<span data-toggle='tooltip' data-placement='right' title='原始值：187.1084'>187.1</span>", "<span data-toggle='tooltip' data-placement='right' title='原始值：37.81938'>37.8</span>", "<span data-toggle='tooltip' data-placement='right' title='原始值：2.9'>2.90</span>", "<span data-toggle='tooltip' data-placement='right' title='原始值：0.35'>0.350</span>", "<span data-toggle='tooltip' data-placement='right' title='原始值：0.13725'>0.137</span>", "<span data-toggle='tooltip' data-placement='right' title='原始值：1.925'>1.92</span>", "*", "*", "正常"], ["江西省", "长江流域", "<span data-toggle='tooltip' data-placement='right' title='所在地市:九江市&#10;所属河流:长江'>姚港(河西水厂)</span>", "12-07 08:00", "Ⅱ", "<span data-toggle='tooltip' data-placement='right' title='原始值：12.33'>12.3</span>", "<span data-toggle='tooltip' data-placement='right' title='原始值：7.6'>7.60</span>", "<span data-toggle='tooltip' data-placement='right' title='原始值：10.29'>10.29</span>", "<span data-toggle='tooltip' data-placement='right' title='原始值：342.52'>342.5</span>", "<span data-toggle='tooltip' data-placement='right' title='原始值：43.55'>43.6</span>", "<span data-toggle='tooltip' data-placement='right' title='原始值：0.954'>0.95</span>", "<span data-toggle='tooltip' data-placement='right' title='原始值：0.065'>0.065</span>", "<span data-toggle='tooltip' data-placement='right' title='原始值：0.091'>0.091</span>", "<span data-toggle='tooltip' data-placement='right' title='原始值：2.11'>2.11</span>", "*", "*", "正常"], ["江西省", "长江流域", "<span data-toggle='tooltip' data-placement='right' title='所在地市:九江市&#10;所属河流:鄱阳湖'>蛤蟆石</span>", "12-07 08:00", "Ⅳ", "<span data-toggle='tooltip' data-placement='right' title='原始值：10.08'>10.1</span>", "<span data-toggle='tooltip' data-placement='right' title='原始值：7.33'>7.33</span>", "<span data-toggle='tooltip' data-placement='right' title='原始值：10.64'>10.64</span>", "<span data-toggle='tooltip' data-placement='right' title='原始值：215.58'>215.6</span>", "<span data-toggle='tooltip' data-placement='right' title='原始值：67.53'>67.5</span>", "<span data-toggle='tooltip' data-placement='right' title='原始值：1.731'>1.73</span>", "<span data-toggle='tooltip' data-placement='right' title='原始值：0.215'>0.215</span>", "<span data-toggle='tooltip' data-placement='right' title='原始值：0.0543'>0.054</span>", "<span data-toggle='tooltip' data-placement='right' title='原始值：1.956'>1.96</span>", "<span data-toggle='tooltip' data-placement='right' title='原始值：0.00088'>0.001</span>", "<span data-toggle='tooltip' data-placement='right' title='原始值：1239200'>1239200</span>", "正常"], ["山东省", "黄河流域", "<span data-toggle='tooltip' data-placement='right' title='所在地市:济南市&#10;所属河流:黄河'>泺口</span>", "12-07 08:00", "Ⅱ", "<span data-toggle='tooltip' data-placement='right' title='原始值：5.83585'>5.8</span>", "<span data-toggle='tooltip' data-placement='right' title='原始值：8.50459'>8.50</span>", "<span data-toggle='tooltip' data-placement='right' title='原始值：12.6346'>12.63</span>", "<span data-toggle='tooltip' data-placement='right' title='原始值：810.6349'>810.6</span>", "<span data-toggle='tooltip' data-placement='right' title='原始值：445.954'>446.0</span>", "<span data-toggle='tooltip' data-placement='right' title='原始值：1.64'>1.64</span>", "<span data-toggle='tooltip' data-placement='right' title='原始值：0.05974'>0.060</span>", "<span data-toggle='tooltip' data-placement='right' title='原始值：0.03328'>0.033</span>", "<span data-toggle='tooltip' data-placement='right' title='原始值：4.129'>4.13</span>", "*", "*", "正常"], ["山东省", "淮河流域", "<span data-toggle='tooltip' data-placement='right' title='所在地市:枣庄市&#10;所属河流:京杭大运河（韩庄运河）'>台儿庄大桥</span>", "12-07 08:00", "Ⅱ", "<span data-toggle='tooltip' data-placement='right' title='原始值：9.24002'>9.2</span>", "<span data-toggle='tooltip' data-placement='right' title='原始值：8.03113'>8.03</span>", "<span data-toggle='tooltip' data-placement='right' title='原始值：10.51511'>10.52</span>", "<span data-toggle='tooltip' data-placement='right' title='原始值：919.8944'>919.9</span>", "<span data-toggle='tooltip' data-placement='right' title='原始值：26.52874'>26.5</span>", "<span data-toggle='tooltip' data-placement='right' title='原始值：2.82806'>2.83</span>", "<span data-toggle='tooltip' data-placement='right' title='原始值：0.0848'>0.085</span>", "<span data-toggle='tooltip' data-placement='right' title='原始值：0.05041'>0.050</span>", "<span data-toggle='tooltip' data-placement='right' title='原始值：3.10406'>3.10</span>", "*", "*", "正常"], ["山东省", "淮河流域", "<span data-toggle='tooltip' data-placement='right' title='所在地市:临沂市&#10;所属河流:沭河'>清泉寺</span>", "12-07 08:00", "Ⅲ", "<span data-toggle='tooltip' data-placement='right' title='原始值：9.56341'>9.6</span>", "<span data-toggle='tooltip' data-placement='right' title='原始值：8.47539'>8.48</span>", "<span data-toggle='tooltip' data-placement='right' title='原始值：11.41063'>11.41</span>", "<span data-toggle='tooltip' data-placement='right' title='原始值：969.8973'>969.9</span>", "<span data-toggle='tooltip' data-placement='right' title='原始值：4.94973'>4.9</span>", "<span data-toggle='tooltip' data-placement='right' title='原始值：4.48'>4.48</span>", "<span data-toggle='tooltip' data-placement='right' title='原始值：0.28'>0.280</span>", "*", "*", "*", "*", "正常"], ["山东省", "淮河流域", "<span data-toggle='tooltip' data-placement='right' title='所在地市:临沂市&#10;所属河流:沂河'>重坊桥</span>", "12-07 08:00", "Ⅲ", "<span data-toggle='tooltip' data-placement='right' title='原始值：8.70001'>8.7</span>", "<span data-toggle='tooltip' data-placement='right' title='原始值：7.73731'>7.74</span>", "<span data-toggle='tooltip' data-placement='right' title='原始值：11.00889'>11.01</span>", "<span data-toggle='tooltip' data-placement='right' title='原始值：728.463'>728.5</span>", "<span data-toggle='tooltip' data-placement='right' title='原始值：9.23703'>9.2</span>", "<span data-toggle='tooltip' data-placement='right' title='原始值：2.65'>2.65</span>", "<span data-toggle='tooltip' data-placement='right' title='原始值：0.69612'>0.696</span>", "*", "*", "*", "*", "正常"], ["山东省", "淮河流域", "<span data-toggle='tooltip' data-placement='right' title='所在地市:临沂市&#10;所属河流:白马河'>捷庄(涝沟桥)</span>", "12-07 08:00", "Ⅳ", "<span data-toggle='tooltip' data-placement='right' title='原始值：7.6'>7.6</span>", "<span data-toggle='tooltip' data-placement='right' title='原始值：8.15063'>8.15</span>", "<span data-toggle='tooltip' data-placement='right' title='原始值：12.31936'>12.32</span>", "<span data-toggle='tooltip' data-placement='right' title='原始值：787.0663'>787.1</span>", "<span data-toggle='tooltip' data-placement='right' title='原始值：14.33791'>14.3</span>", "<span data-toggle='tooltip' data-placement='right' title='原始值：5.23'>5.23</span>", "<span data-toggle='tooltip' data-placement='right' title='原始值：0.19617'>0.196</span>", "<span data-toggle='tooltip' data-placement='right' title='原始值：0.21164'>0.212</span>", "<span data-toggle='tooltip' data-placement='right' title='原始值：5.38201'>5.38</span>", "*", "*", "正常"], ["山东省", "海河流域", "<span data-toggle='tooltip' data-placement='right' title='所在地市:聊城市&#10;所属河流:卫运河'>秤勾湾(秤钩湾)</span>", null, "", "--", "--", "--", "--", "--", "--", "--", "--", "--", "*", "*", "停站"], ["河南省", "长江流域", "<span data-toggle='tooltip' data-placement='right' title='所在地市:南阳市&#10;所属河流:丹江口水库'>陶岔</span>", "12-07 08:00", "Ⅰ", "<span data-toggle='tooltip' data-placement='right' title='原始值：19.03'>19.0</span>", "<span data-toggle='tooltip' data-placement='right' title='原始值：7.90322'>7.90</span>", "<span data-toggle='tooltip' data-placement='right' title='原始值：7.80082'>7.80</span>", "<span data-toggle='tooltip' data-placement='right' title='原始值：269.1675'>269.2</span>", "<span data-toggle='tooltip' data-placement='right' title='原始值：1.49522'>1.5</span>", "<span data-toggle='tooltip' data-placement='right' title='原始值：1.63'>1.63</span>", "<span data-toggle='tooltip' data-placement='right' title='原始值：0.10422'>0.104</span>", "<span data-toggle='tooltip' data-placement='right' title='原始值：0.00729'>0.007</span>", "<span data-toggle='tooltip' data-placement='right' title='原始值：0.94671'>0.95</span>", "<span data-toggle='tooltip' data-placement='right' title='原始值：0.00541'>0.005</span>", "<span data-toggle='tooltip' data-placement='right' title='原始值：386089.1'>386089</span>", "正常"], ["河南省", "淮河流域", "<span data-toggle='tooltip' data-placement='right' title='所在地市:商丘市&#10;所属河流:浍河'>黄口</span>", "12-07 08:00", "Ⅲ", "<span data-toggle='tooltip' data-placement='right' title='原始值：9.10078'>9.1</span>", "<span data-toggle='tooltip' data-placement='right' title='原始值：7.82258'>7.82</span>", "<span data-toggle='tooltip' data-placement='right' title='原始值：12.3296'>12.33</span>", "<span data-toggle='tooltip' data-placement='right' title='原始值：2167.766'>2167.8</span>", "<span data-toggle='tooltip' data-placement='right' title='原始值：34.15232'>34.2</span>", "<span data-toggle='tooltip' data-placement='right' title='原始值：4.8'>4.80</span>", "<span data-toggle='tooltip' data-placement='right' title='原始值：0.002'>0.002</span>", "<span data-toggle='tooltip' data-placement='right' title='原始值：0.0927'>0.093</span>", "<span data-toggle='tooltip' data-placement='right' title='原始值：5.90297'>5.90</span>", "*", "*", "正常"], ["河南省", "淮河流域", "<span data-toggle='tooltip' data-placement='right' title='所在地市:信阳市&#10;所属河流:史灌河'>蒋集</span>", "12-07 08:00", "Ⅲ", "<span data-toggle='tooltip' data-placement='right' title='原始值：6.65059'>6.7</span>", "<span data-toggle='tooltip' data-placement='right' title='原始值：7.04203'>7.04</span>", "<span data-toggle='tooltip' data-placement='right' title='原始值：7.93311'>7.93</span>", "<span data-toggle='tooltip' data-placement='right' title='原始值：252.1097'>252.1</span>", "<span data-toggle='tooltip' data-placement='right' title='原始值：790.6155'>790.6</span>", "<span data-toggle='tooltip' data-placement='right' title='原始值：4.27'>4.27</span>", "<span data-toggle='tooltip' data-placement='right' title='原始值：0.43379'>0.434</span>", "*", "*", "*", "*", "正常"], ["河南省", "淮河流域", "<span data-toggle='tooltip' data-placement='right' title='所在地市:信阳市&#10;所属河流:淮河'>淮滨水文站(淮滨)</span>", "12-07 08:00", "Ⅲ", "<span data-toggle='tooltip' data-placement='right' title='原始值：9.1'>9.1</span>", "<span data-toggle='tooltip' data-placement='right' title='原始值：7.39'>7.39</span>", "<span data-toggle='tooltip' data-placement='right' title='原始值：10.64'>10.64</span>", "<span data-toggle='tooltip' data-placement='right' title='原始值：308'>308.0</span>", "<span data-toggle='tooltip' data-placement='right' title='原始值：37.67757'>37.7</span>", "<span data-toggle='tooltip' data-placement='right' title='原始值：2.93271'>2.93</span>", "<span data-toggle='tooltip' data-placement='right' title='原始值：0.49338'>0.493</span>", "<span data-toggle='tooltip' data-placement='right' title='原始值：0.1046'>0.105</span>", "<span data-toggle='tooltip' data-placement='right' title='原始值：2.12916'>2.13</span>", "*", "*", "正常"], ["河南省", "淮河流域", "<span data-toggle='tooltip' data-placement='right' title='所在地市:周口市&#10;所属河流:沙河'>沈丘闸</span>", "12-07 08:00", "Ⅳ", "<span data-toggle='tooltip' data-placement='right' title='原始值：12.29495'>12.3</span>", "<span data-toggle='tooltip' data-placement='right' title='原始值：7.48089'>7.48</span>", "<span data-toggle='tooltip' data-placement='right' title='原始值：6.33509'>6.34</span>", "<span data-toggle='tooltip' data-placement='right' title='原始值：874.6182'>874.6</span>", "<span data-toggle='tooltip' data-placement='right' title='原始值：14.61196'>14.6</span>", "<span data-toggle='tooltip' data-placement='right' title='原始值：4.095'>4.10</span>", "<span data-toggle='tooltip' data-placement='right' title='原始值：1.22'>1.220</span>", "*", "*", "*", "*", "正常"], ["河南省", "淮河流域", "<span data-toggle='tooltip' data-placement='right' title='所在地市:周口市&#10;所属河流:涡河'>鹿邑付桥(鹿邑付桥闸)</span>", "12-07 08:00", "Ⅴ", "<span data-toggle='tooltip' data-placement='right' title='原始值：10.0195'>10.0</span>", "<span data-toggle='tooltip' data-placement='right' title='原始值：8.47999'>8.48</span>", "<span data-toggle='tooltip' data-placement='right' title='原始值：10.14937'>10.15</span>", "<span data-toggle='tooltip' data-placement='right' title='原始值：1537.588'>1537.6</span>", "<span data-toggle='tooltip' data-placement='right' title='原始值：5.75749'>5.8</span>", "<span data-toggle='tooltip' data-placement='right' title='原始值：4.96'>4.96</span>", "<span data-toggle='tooltip' data-placement='right' title='原始值：0.07'>0.070</span>", "<span data-toggle='tooltip' data-placement='right' title='原始值：0.3921'>0.392</span>", "<span data-toggle='tooltip' data-placement='right' title='原始值：1.50992'>1.51</span>", "*", "*", "正常"], ["河南省", "淮河流域", "<span data-toggle='tooltip' data-placement='right' title='所在地市:驻马店市&#10;所属河流:洪河'>新蔡班台(班台)</span>", "12-07 08:00", "Ⅲ", "<span data-toggle='tooltip' data-placement='right' title='原始值：10.55995'>10.6</span>", "<span data-toggle='tooltip' data-placement='right' title='原始值：7.67244'>7.67</span>", "<span data-toggle='tooltip' data-placement='right' title='原始值：11.00699'>11.01</span>", "<span data-toggle='tooltip' data-placement='right' title='原始值：692.3944'>692.4</span>", "<span data-toggle='tooltip' data-placement='right' title='原始值：3.75623'>3.8</span>", "<span data-toggle='tooltip' data-placement='right' title='原始值：3.405'>3.40</span>", "<span data-toggle='tooltip' data-placement='right' title='原始值：0.87'>0.870</span>", "<span data-toggle='tooltip' data-placement='right' title='原始值：0.15956'>0.160</span>", "<span data-toggle='tooltip' data-placement='right' title='原始值：5.03762'>5.04</span>", "*", "*", "正常"], ["河南省", "黄河流域", "<span data-toggle='tooltip' data-placement='right' title='所在地市:济源市&#10;所属河流:黄河'>小浪底水库(小浪底)</span>", "12-07 08:00", "Ⅱ", "<span data-toggle='tooltip' data-placement='right' title='原始值：9.87145'>9.9</span>", "<span data-toggle='tooltip' data-placement='right' title='原始值：8.52415'>8.52</span>", "<span data-toggle='tooltip' data-placement='right' title='原始值：9.51347'>9.51</span>", "<span data-toggle='tooltip' data-placement='right' title='原始值：730.35'>730.4</span>", "<span data-toggle='tooltip' data-placement='right' title='原始值：7.96175'>8.0</span>", "<span data-toggle='tooltip' data-placement='right' title='原始值：1.5725'>1.57</span>", "<span data-toggle='tooltip' data-placement='right' title='原始值：0.18'>0.180</span>", "<span data-toggle='tooltip' data-placement='right' title='原始值：0.011'>0.011</span>", "<span data-toggle='tooltip' data-placement='right' title='原始值：3.3375'>3.34</span>", "*", "*", "正常"], ["湖北省", "长江流域", "<span data-toggle='tooltip' data-placement='right' title='所在地市:武汉市&#10;所属河流:汉江'>宗关</span>", "12-07 08:00", "Ⅴ", "<span data-toggle='tooltip' data-placement='right' title='原始值：10.65'>10.6</span>", "<span data-toggle='tooltip' data-placement='right' title='原始值：7.846931'>7.85</span>", "<span data-toggle='tooltip' data-placement='right' title='原始值：10.69829'>10.70</span>", "<span data-toggle='tooltip' data-placement='right' title='原始值：402.1766'>402.2</span>", "<span data-toggle='tooltip' data-placement='right' title='原始值：35.94028'>35.9</span>", "<span data-toggle='tooltip' data-placement='right' title='原始值：5.23'>5.23</span>", "<span data-toggle='tooltip' data-placement='right' title='原始值：0.123'>0.123</span>", "<span data-toggle='tooltip' data-placement='right' title='原始值：0.332'>0.332</span>", "<span data-toggle='tooltip' data-placement='right' title='原始值：2.477302'>2.48</span>", "<span data-toggle='tooltip' data-placement='right' title='原始值：0.0020312'>0.002</span>", "*", "正常"], ["湖北省", "长江流域", "<span data-toggle='tooltip' data-placement='right' title='所在地市:十堰市&#10;所属河流:丹江口水库'>坝上中(胡家岭)</span>", "12-07 08:00", "Ⅱ", "<span data-toggle='tooltip' data-placement='right' title='原始值：16.24'>16.2</span>", "<span data-toggle='tooltip' data-placement='right' title='原始值：7.843691'>7.84</span>", "<span data-toggle='tooltip' data-placement='right' title='原始值：7.889832'>7.89</span>", "<span data-toggle='tooltip' data-placement='right' title='原始值：269.632'>269.6</span>", "<span data-toggle='tooltip' data-placement='right' title='原始值：3.521021'>3.5</span>", "<span data-toggle='tooltip' data-placement='right' title='原始值：1.77'>1.77</span>", "<span data-toggle='tooltip' data-placement='right' title='原始值：0.069'>0.069</span>", "<span data-toggle='tooltip' data-placement='right' title='原始值：0.021'>0.021</span>", "<span data-toggle='tooltip' data-placement='right' title='原始值：1.2709'>1.27</span>", "<span data-toggle='tooltip' data-placement='right' title='原始值：0.0057613'>0.006</span>", "<span data-toggle='tooltip' data-placement='right' title='原始值：7095000'>7095000</span>", "正常"], ["湖北省", "长江流域", "<span data-toggle='tooltip' data-placement='right' title='所在地市:宜昌市&#10;所属河流:长江'>南津关</span>", "12-07 08:00", "Ⅱ", "<span data-toggle='tooltip' data-placement='right' title='原始值：17.75'>17.8</span>", "<span data-toggle='tooltip' data-placement='right' title='原始值：7.927648'>7.93</span>", "<span data-toggle='tooltip' data-placement='right' title='原始值：8.822363'>8.82</span>", "<span data-toggle='tooltip' data-placement='right' title='原始值：394.759'>394.8</span>", "<span data-toggle='tooltip' data-placement='right' title='原始值：4.400563'>4.4</span>", "<span data-toggle='tooltip' data-placement='right' title='原始值：1.22'>1.22</span>", "<span data-toggle='tooltip' data-placement='right' title='原始值：0.091'>0.091</span>", "<span data-toggle='tooltip' data-placement='right' title='原始值：0.046'>0.046</span>", "<span data-toggle='tooltip' data-placement='right' title='原始值：1.615'>1.62</span>", "<span data-toggle='tooltip' data-placement='right' title='原始值：0.0031283'>0.003</span>", "*", "正常"], ["湖南省", "长江流域", "<span data-toggle='tooltip' data-placement='right' title='所在地市:长沙市&#10;所属河流:湘江'>新港</span>", null, "", "--", "--", "--", "--", "--", "--", "--", "--", "--", "*", "*", "停站"], ["湖南省", "长江流域", "<span data-toggle='tooltip' data-placement='right' title='所在地市:岳阳市&#10;所属河流:洞庭湖'>岳阳楼</span>", "12-07 08:00", "Ⅴ", "<span data-toggle='tooltip' data-placement='right' title='原始值：10.21'>10.2</span>", "<span data-toggle='tooltip' data-placement='right' title='原始值：8.038013'>8.04</span>", "<span data-toggle='tooltip' data-placement='right' title='原始值：10.49543'>10.50</span>", "<span data-toggle='tooltip' data-placement='right' title='原始值：278.6055'>278.6</span>", "<span data-toggle='tooltip' data-placement='right' title='原始值：73.67126'>73.7</span>", "<span data-toggle='tooltip' data-placement='right' title='原始值：2.28'>2.28</span>", "<span data-toggle='tooltip' data-placement='right' title='原始值：0.117'>0.117</span>", "<span data-toggle='tooltip' data-placement='right' title='原始值：0.126'>0.126</span>", "<span data-toggle='tooltip' data-placement='right' title='原始值：2.733'>2.73</span>", "<span data-toggle='tooltip' data-placement='right' title='原始值：0.0030156'>0.003</span>", "<span data-toggle='tooltip' data-placement='right' title='原始值：319.071'>319</span>", "正常"], ["湖南省", "长江流域", "<span data-toggle='tooltip' data-placement='right' title='所在地市:岳阳市&#10;所属河流:长江'>城陵矶</span>", "12-07 08:00", "Ⅳ", "<span data-toggle='tooltip' data-placement='right' title='原始值：11.74'>11.7</span>", "<span data-toggle='tooltip' data-placement='right' title='原始值：7.76432'>7.76</span>", "<span data-toggle='tooltip' data-placement='right' title='原始值：10.87347'>10.87</span>", "<span data-toggle='tooltip' data-placement='right' title='原始值：310.793'>310.8</span>", "<span data-toggle='tooltip' data-placement='right' title='原始值：93.75423'>93.8</span>", "<span data-toggle='tooltip' data-placement='right' title='原始值：3.26'>3.26</span>", "<span data-toggle='tooltip' data-placement='right' title='原始值：0.008'>0.008</span>", "<span data-toggle='tooltip' data-placement='right' title='原始值：0.219'>0.219</span>", "<span data-toggle='tooltip' data-placement='right' title='原始值：1.5291'>1.53</span>", "*", "*", "正常"], ["广东省", "珠江流域", "<span data-toggle='tooltip' data-placement='right' title='所在地市:清远市&#10;所属河流:北江'>七星岗</span>", "12-07 08:00", "Ⅱ", "<span data-toggle='tooltip' data-placement='right' title='原始值：19.49297'>19.5</span>", "<span data-toggle='tooltip' data-placement='right' title='原始值：7.79384'>7.79</span>", "<span data-toggle='tooltip' data-placement='right' title='原始值：9.3257'>9.33</span>", "<span data-toggle='tooltip' data-placement='right' title='原始值：259.5378'>259.5</span>", "<span data-toggle='tooltip' data-placement='right' title='原始值：7.69036'>7.7</span>", "<span data-toggle='tooltip' data-placement='right' title='原始值：0.91'>0.91</span>", "<span data-toggle='tooltip' data-placement='right' title='原始值：0.09865'>0.099</span>", "<span data-toggle='tooltip' data-placement='right' title='原始值：0.02984'>0.030</span>", "<span data-toggle='tooltip' data-placement='right' title='原始值：2.4292'>2.43</span>", "*", "*", "正常"], ["广东省", "珠江流域", "<span data-toggle='tooltip' data-placement='right' title='所在地市:中山市&#10;所属河流:西江'>横栏</span>", "12-07 08:00", "Ⅱ", "<span data-toggle='tooltip' data-placement='right' title='原始值：20'>20.0</span>", "<span data-toggle='tooltip' data-placement='right' title='原始值：7.74'>7.74</span>", "<span data-toggle='tooltip' data-placement='right' title='原始值：7.23'>7.23</span>", "<span data-toggle='tooltip' data-placement='right' title='原始值：292'>292.0</span>", "<span data-toggle='tooltip' data-placement='right' title='原始值：10.9'>10.9</span>", "<span data-toggle='tooltip' data-placement='right' title='原始值：1.6'>1.60</span>", "<span data-toggle='tooltip' data-placement='right' title='原始值：0.12668'>0.127</span>", "*", "*", "*", "*", "正常"], ["广西壮族自治区", "珠江流域", "<span data-toggle='tooltip' data-placement='right' title='所在地市:南宁市&#10;所属河流:邕江'>老口</span>", "12-07 08:00", "Ⅰ", "<span data-toggle='tooltip' data-placement='right' title='原始值：20.6458'>20.6</span>", "<span data-toggle='tooltip' data-placement='right' title='原始值：7.9276'>7.93</span>", "<span data-toggle='tooltip' data-placement='right' title='原始值：7.74032'>7.74</span>", "<span data-toggle='tooltip' data-placement='right' title='原始值：346.694'>346.7</span>", "<span data-toggle='tooltip' data-placement='right' title='原始值：6.25291'>6.3</span>", "<span data-toggle='tooltip' data-placement='right' title='原始值：0.69661'>0.70</span>", "<span data-toggle='tooltip' data-placement='right' title='原始值：0.0483'>0.048</span>", "<span data-toggle='tooltip' data-placement='right' title='原始值：0.01908'>0.019</span>", "<span data-toggle='tooltip' data-placement='right' title='原始值：2.55445'>2.55</span>", "*", "*", "正常"], ["广西壮族自治区", "珠江流域", "<span data-toggle='tooltip' data-placement='right' title='所在地市:桂林市&#10;所属河流:漓江'>阳朔</span>", null, "", "--", "--", "--", "--", "--", "--", "--", "--", "--", "*", "*", "停站"], ["广西壮族自治区", "珠江流域", "<span data-toggle='tooltip' data-placement='right' title='所在地市:梧州市&#10;所属河流:浔江'>界首</span>", null, "", "--", "--", "--", "--", "--", "--", "--", "--", "--", "*", "*", "停站"], ["广西壮族自治区", "珠江流域", "<span data-toggle='tooltip' data-placement='right' title='所在地市:贵港市&#10;所属河流:浔江'>石嘴</span>", null, "", "--", "--", "--", "--", "--", "--", "--", "--", "--", "*", "*", "停站"], ["广西壮族自治区", "珠江流域", "<span data-toggle='tooltip' data-placement='right' title='所在地市:崇左市&#10;所属河流:平而河'>平而关</span>", "12-07 08:00", "Ⅰ", "<span data-toggle='tooltip' data-placement='right' title='原始值：17.96204'>18.0</span>", "<span data-toggle='tooltip' data-placement='right' title='原始值：8.06338'>8.06</span>", "<span data-toggle='tooltip' data-placement='right' title='原始值：9.5467'>9.55</span>", "<span data-toggle='tooltip' data-placement='right' title='原始值：248.6756'>248.7</span>", "<span data-toggle='tooltip' data-placement='right' title='原始值：15.6152'>15.6</span>", "<span data-toggle='tooltip' data-placement='right' title='原始值：0.70135'>0.70</span>", "<span data-toggle='tooltip' data-placement='right' title='原始值：0.14'>0.140</span>", "*", "*", "*", "*", "正常"], ["重庆市", "长江流域", "<span data-toggle='tooltip' data-placement='right' title='所在地市:永川区&#10;所属河流:长江'>朱沱</span>", "12-07 08:00", "Ⅱ", "<span data-toggle='tooltip' data-placement='right' title='原始值：14.19'>14.2</span>", "<span data-toggle='tooltip' data-placement='right' title='原始值：7.89'>7.89</span>", "<span data-toggle='tooltip' data-placement='right' title='原始值：10.37'>10.37</span>", "<span data-toggle='tooltip' data-placement='right' title='原始值：389.6'>389.6</span>", "<span data-toggle='tooltip' data-placement='right' title='原始值：12.26'>12.3</span>", "<span data-toggle='tooltip' data-placement='right' title='原始值：0.792'>0.79</span>", "<span data-toggle='tooltip' data-placement='right' title='原始值：0.022'>0.022</span>", "<span data-toggle='tooltip' data-placement='right' title='原始值：0.064'>0.064</span>", "<span data-toggle='tooltip' data-placement='right' title='原始值：1.638'>1.64</span>", "*", "*", "正常"], ["四川省", "长江流域", "<span data-toggle='tooltip' data-placement='right' title='所在地市:攀枝花市&#10;所属河流:金沙江'>龙洞</span>", "12-07 08:00", "Ⅱ", "<span data-toggle='tooltip' data-placement='right' title='原始值：15.97'>16.0</span>", "<span data-toggle='tooltip' data-placement='right' title='原始值：8.250877'>8.25</span>", "<span data-toggle='tooltip' data-placement='right' title='原始值：8.632838'>8.63</span>", "<span data-toggle='tooltip' data-placement='right' title='原始值：869.766'>869.8</span>", "<span data-toggle='tooltip' data-placement='right' title='原始值：11.87385'>11.9</span>", "<span data-toggle='tooltip' data-placement='right' title='原始值：1.59'>1.59</span>", "<span data-toggle='tooltip' data-placement='right' title='原始值：0.433'>0.433</span>", "<span data-toggle='tooltip' data-placement='right' title='原始值：0.0099387'>0.010</span>", "<span data-toggle='tooltip' data-placement='right' title='原始值：9.756371'>9.76</span>", "*", "*", "正常"], ["四川省", "长江流域", "<span data-toggle='tooltip' data-placement='right' title='所在地市:泸州市&#10;所属河流:沱江'>沱江大桥(沱江二桥)</span>", "12-07 08:00", "Ⅲ", "<span data-toggle='tooltip' data-placement='right' title='原始值：14.64'>14.6</span>", "<span data-toggle='tooltip' data-placement='right' title='原始值：8.128749'>8.13</span>", "<span data-toggle='tooltip' data-placement='right' title='原始值：9.150247'>9.15</span>", "<span data-toggle='tooltip' data-placement='right' title='原始值：548.5593'>548.6</span>", "<span data-toggle='tooltip' data-placement='right' title='原始值：10.76146'>10.8</span>", "<span data-toggle='tooltip' data-placement='right' title='原始值：1.75'>1.75</span>", "<span data-toggle='tooltip' data-placement='right' title='原始值：0.006'>0.006</span>", "<span data-toggle='tooltip' data-placement='right' title='原始值：0.102014'>0.102</span>", "<span data-toggle='tooltip' data-placement='right' title='原始值：3.542354'>3.54</span>", "*", "*", "正常"], ["四川省", "长江流域", "<span data-toggle='tooltip' data-placement='right' title='所在地市:广元市&#10;所属河流:嘉陵江'>清风峡</span>", "12-07 04:00", "Ⅰ", "<span data-toggle='tooltip' data-placement='right' title='原始值：8.44816'>8.4</span>", "<span data-toggle='tooltip' data-placement='right' title='原始值：8.42999'>8.43</span>", "<span data-toggle='tooltip' data-placement='right' title='原始值：11.59685'>11.60</span>", "<span data-toggle='tooltip' data-placement='right' title='原始值：417.6111'>417.6</span>", "<span data-toggle='tooltip' data-placement='right' title='原始值：101.3649'>101.4</span>", "<span data-toggle='tooltip' data-placement='right' title='原始值：0.45'>0.45</span>", "<span data-toggle='tooltip' data-placement='right' title='原始值：0.11363'>0.114</span>", "*", "*", "*", "*", "正常"], ["四川省", "长江流域", "<span data-toggle='tooltip' data-placement='right' title='所在地市:乐山市&#10;所属河流:岷江'>岷江大桥</span>", null, "", "--", "--", "--", "--", "--", "--", "--", "--", "--", "*", "*", "停站"], ["四川省", "长江流域", "<span data-toggle='tooltip' data-placement='right' title='所在地市:宜宾市&#10;所属河流:岷江'>凉姜沟</span>", "12-07 08:00", "Ⅱ", "<span data-toggle='tooltip' data-placement='right' title='原始值：13.1'>13.1</span>", "<span data-toggle='tooltip' data-placement='right' title='原始值：8.021412'>8.02</span>", "<span data-toggle='tooltip' data-placement='right' title='原始值：9.335229'>9.34</span>", "<span data-toggle='tooltip' data-placement='right' title='原始值：323.1874'>323.2</span>", "<span data-toggle='tooltip' data-placement='right' title='原始值：41.4423'>41.4</span>", "<span data-toggle='tooltip' data-placement='right' title='原始值：1.65'>1.65</span>", "<span data-toggle='tooltip' data-placement='right' title='原始值：0.151'>0.151</span>", "<span data-toggle='tooltip' data-placement='right' title='原始值：0.0842903'>0.084</span>", "<span data-toggle='tooltip' data-placement='right' title='原始值：2.170388'>2.17</span>", "*", "*", "正常"], ["云南省", "滇池流域", "<span data-toggle='tooltip' data-placement='right' title='所在地市:昆明市&#10;所属河流:滇池'>西苑隧道</span>", "12-07 08:00", "Ⅳ", "<span data-toggle='tooltip' data-placement='right' title='原始值：14.26'>14.3</span>", "<span data-toggle='tooltip' data-placement='right' title='原始值：7.70667'>7.71</span>", "<span data-toggle='tooltip' data-placement='right' title='原始值：6.795'>6.80</span>", "<span data-toggle='tooltip' data-placement='right' title='原始值：701.857'>701.9</span>", "<span data-toggle='tooltip' data-placement='right' title='原始值：7.579'>7.6</span>", "<span data-toggle='tooltip' data-placement='right' title='原始值：8.09'>8.09</span>", "<span data-toggle='tooltip' data-placement='right' title='原始值：0.0567'>0.057</span>", "<span data-toggle='tooltip' data-placement='right' title='原始值：0.02518'>0.025</span>", "<span data-toggle='tooltip' data-placement='right' title='原始值：5.15222'>5.15</span>", "<span data-toggle='tooltip' data-placement='right' title='原始值：0.00221'>0.002</span>", "<span data-toggle='tooltip' data-placement='right' title='原始值：8558531'>8558531</span>", "正常"], ["云南省", "滇池流域", "<span data-toggle='tooltip' data-placement='right' title='所在地市:昆明市&#10;所属河流:滇池'>观音山</span>", "12-07 08:00", "劣Ⅴ", "<span data-toggle='tooltip' data-placement='right' title='原始值：14.843'>14.8</span>", "<span data-toggle='tooltip' data-placement='right' title='原始值：9.404'>9.40</span>", "<span data-toggle='tooltip' data-placement='right' title='原始值：7.93'>7.93</span>", "<span data-toggle='tooltip' data-placement='right' title='原始值：389.552'>389.6</span>", "<span data-toggle='tooltip' data-placement='right' title='原始值：55.863'>55.9</span>", "<span data-toggle='tooltip' data-placement='right' title='原始值：8.81913'>8.82</span>", "<span data-toggle='tooltip' data-placement='right' title='原始值：0.53'>0.530</span>", "<span data-toggle='tooltip' data-placement='right' title='原始值：0.1072'>0.107</span>", "<span data-toggle='tooltip' data-placement='right' title='原始值：1.061'>1.06</span>", "<span data-toggle='tooltip' data-placement='right' title='原始值：0.00262'>0.003</span>", "<span data-toggle='tooltip' data-placement='right' title='原始值：5565056'>5565056</span>", "正常"], ["云南省", "西南诸河", "<span data-toggle='tooltip' data-placement='right' title='所在地市:红河哈尼族彝族自治州&#10;所属河流:红河'>河口县医院(河口)</span>", "12-07 08:00", "Ⅱ", "<span data-toggle='tooltip' data-placement='right' title='原始值：21.75408'>21.8</span>", "<span data-toggle='tooltip' data-placement='right' title='原始值：6.82672'>6.83</span>", "<span data-toggle='tooltip' data-placement='right' title='原始值：8.17626'>8.18</span>", "<span data-toggle='tooltip' data-placement='right' title='原始值：182.6103'>182.6</span>", "<span data-toggle='tooltip' data-placement='right' title='原始值：71.44894'>71.4</span>", "<span data-toggle='tooltip' data-placement='right' title='原始值：0.89283'>0.89</span>", "<span data-toggle='tooltip' data-placement='right' title='原始值：0.111'>0.111</span>", "<span data-toggle='tooltip' data-placement='right' title='原始值：0.05584'>0.056</span>", "<span data-toggle='tooltip' data-placement='right' title='原始值：1.27355'>1.27</span>", "*", "*", "正常"], ["云南省", "西南诸河", "<span data-toggle='tooltip' data-placement='right' title='所在地市:西双版纳傣族自治州&#10;所属河流:澜沧江'>橄榄坝</span>", "12-07 08:00", "Ⅰ", "<span data-toggle='tooltip' data-placement='right' title='原始值：18.497'>18.5</span>", "<span data-toggle='tooltip' data-placement='right' title='原始值：7.646'>7.65</span>", "<span data-toggle='tooltip' data-placement='right' title='原始值：7.937'>7.94</span>", "<span data-toggle='tooltip' data-placement='right' title='原始值：513.222'>513.2</span>", "<span data-toggle='tooltip' data-placement='right' title='原始值：7.64'>7.6</span>", "<span data-toggle='tooltip' data-placement='right' title='原始值：1.13'>1.13</span>", "<span data-toggle='tooltip' data-placement='right' title='原始值：0.099'>0.099</span>", "*", "*", "*", "*", "正常"], ["陕西省", "黄河流域", "<span data-toggle='tooltip' data-placement='right' title='所在地市:渭南市&#10;所属河流:渭河'>潼关吊桥</span>", "12-07 08:00", "Ⅲ", "<span data-toggle='tooltip' data-placement='right' title='原始值：7.95081'>8.0</span>", "<span data-toggle='tooltip' data-placement='right' title='原始值：8.37992'>8.38</span>", "<span data-toggle='tooltip' data-placement='right' title='原始值：9.97476'>9.97</span>", "<span data-toggle='tooltip' data-placement='right' title='原始值：1127'>1127.0</span>", "<span data-toggle='tooltip' data-placement='right' title='原始值：264.5919'>264.6</span>", "<span data-toggle='tooltip' data-placement='right' title='原始值：2.64'>2.64</span>", "<span data-toggle='tooltip' data-placement='right' title='原始值：0.74'>0.740</span>", "<span data-toggle='tooltip' data-placement='right' title='原始值：0.16712'>0.167</span>", "<span data-toggle='tooltip' data-placement='right' title='原始值：7.47393'>7.47</span>", "*", "*", "正常"], ["甘肃省", "黄河流域", "<span data-toggle='tooltip' data-placement='right' title='所在地市:兰州市&#10;所属河流:黄河'>新城桥</span>", null, "", "--", "--", "--", "--", "--", "--", "--", "--", "--", "*", "*", "停站"], ["宁夏回族自治区", "黄河流域", "<span data-toggle='tooltip' data-placement='right' title='所在地市:中卫市&#10;所属河流:黄河'>中卫下河沿(新墩)</span>", "12-07 08:00", "Ⅰ", "<span data-toggle='tooltip' data-placement='right' title='原始值：6.50138'>6.5</span>", "<span data-toggle='tooltip' data-placement='right' title='原始值：7.51953'>7.52</span>", "<span data-toggle='tooltip' data-placement='right' title='原始值：10.43889'>10.44</span>", "<span data-toggle='tooltip' data-placement='right' title='原始值：769.5594'>769.6</span>", "<span data-toggle='tooltip' data-placement='right' title='原始值：80.60538'>80.6</span>", "<span data-toggle='tooltip' data-placement='right' title='原始值：0.19'>0.19</span>", "<span data-toggle='tooltip' data-placement='right' title='原始值：0.04'>0.040</span>", "<span data-toggle='tooltip' data-placement='right' title='原始值：0.0095'>0.010</span>", "<span data-toggle='tooltip' data-placement='right' title='原始值：2.4829'>2.48</span>", "*", "*", "正常"]]}