{"result": 1, "total": 1, "records": 98, "thead": ["省份", "流域", "断面名称", "监测时间", "水质类别", "水温<br/><span class='unit'>(℃)</span>", "pH<br/><span class='unit'>(无量纲)</span>", "溶解氧<br/><span class='unit'>(mg/L)</span>", "电导率<br/><span class='unit'>(μS/cm)</span>", "浊度<br/><span class='unit'>(NTU)</span>", "高锰酸盐指数<br/><span class='unit'>(mg/L)</span>", "氨氮<br/><span class='unit'>(mg/L)</span>", "总磷<br/><span class='unit'>(mg/L)</span>", "总氮<br/><span class='unit'>(mg/L)</span>", "叶绿素α<br/><span class='unit'>(mg/L)</span>", "藻密度<br/><span class='unit'>(cells/L)</span>", "站点情况"], "tbody": [["北京市", "海河流域", "<span data-toggle='tooltip' data-placement='right' title='所在地市:门头沟区&#10;所属河流:永定河'>沿河城</span>", null, "", "--", "--", "--", "--", "--", "--", "--", "--", "--", "*", "*", "停站"], ["北京市", "海河流域", "<span data-toggle='tooltip' data-placement='right' title='所在地市:密云区&#10;所属河流:潮河'>古北口</span>", null, "", "--", "--", "--", "--", "--", "--", "--", "--", "--", "*", "*", "停站"], ["天津市", "海河流域", "<span data-toggle='tooltip' data-placement='right' title='所在地市:河北区&#10;所属河流:海河'>三岔口</span>", "12-22 08:00", "Ⅱ", "<span data-toggle='tooltip' data-placement='right' title='原始值：3.3819'>3.4</span>", "<span data-toggle='tooltip' data-placement='right' title='原始值：7.8574'>7.86</span>", "<span data-toggle='tooltip' data-placement='right' title='原始值：12.466'>12.47</span>", "<span data-toggle='tooltip' data-placement='right' title='原始值：347.7709'>347.8</span>", "<span data-toggle='tooltip' data-placement='right' title='原始值：3.892'>3.9</span>", "<span data-toggle='tooltip' data-placement='right' title='原始值：0.91'>0.91</span>", "<span data-toggle='tooltip' data-placement='right' title='原始值：0.17'>0.170</span>", "<span data-toggle='tooltip' data-placement='right' title='原始值：0.0056'>0.006</span>", "<span data-toggle='tooltip' data-placement='right' title='原始值：1.1545'>1.15</span>", "*", "*", "正常"], ["天津市", "海河流域", "<span data-toggle='tooltip' data-placement='right' title='所在地市:蓟州区&#10;所属河流:果河'>果河桥</span>", "12-22 08:00", "Ⅱ", "<span data-toggle='tooltip' data-placement='right' title='原始值：5.1'>5.1</span>", "<span data-toggle='tooltip' data-placement='right' title='原始值：8.6'>8.60</span>", "<span data-toggle='tooltip' data-placement='right' title='原始值：15.5'>15.50</span>", "<span data-toggle='tooltip' data-placement='right' title='原始值：719.212'>719.2</span>", "<span data-toggle='tooltip' data-placement='right' title='原始值：5.8'>5.8</span>", "<span data-toggle='tooltip' data-placement='right' title='原始值：2.524'>2.52</span>", "<span data-toggle='tooltip' data-placement='right' title='原始值：0.24'>0.240</span>", "<span data-toggle='tooltip' data-placement='right' title='原始值：0.0308'>0.031</span>", "<span data-toggle='tooltip' data-placement='right' title='原始值：5.9755'>5.98</span>", "*", "*", "正常"], ["河北省", "海河流域", "<span data-toggle='tooltip' data-placement='right' title='所在地市:石家庄市&#10;所属河流:滹沱河'>岗南水库</span>", "12-22 08:00", "Ⅱ", "<span data-toggle='tooltip' data-placement='right' title='原始值：10.74158'>10.7</span>", "<span data-toggle='tooltip' data-placement='right' title='原始值：8.76526'>8.77</span>", "<span data-toggle='tooltip' data-placement='right' title='原始值：10.75681'>10.76</span>", "<span data-toggle='tooltip' data-placement='right' title='原始值：531.2274'>531.2</span>", "<span data-toggle='tooltip' data-placement='right' title='原始值：2.18195'>2.2</span>", "<span data-toggle='tooltip' data-placement='right' title='原始值：2.26276'>2.26</span>", "<span data-toggle='tooltip' data-placement='right' title='原始值：0.06'>0.060</span>", "<span data-toggle='tooltip' data-placement='right' title='原始值：0.01595'>0.016</span>", "<span data-toggle='tooltip' data-placement='right' title='原始值：2.54392'>2.54</span>", "*", "*", "正常"], ["河北省", "海河流域", "<span data-toggle='tooltip' data-placement='right' title='所在地市:张家口市&#10;所属河流:永定河'>八号桥</span>", "12-22 08:00", "Ⅲ", "<span data-toggle='tooltip' data-placement='right' title='原始值：1.37021'>1.4</span>", "<span data-toggle='tooltip' data-placement='right' title='原始值：8.48551'>8.49</span>", "<span data-toggle='tooltip' data-placement='right' title='原始值：12.0616'>12.06</span>", "<span data-toggle='tooltip' data-placement='right' title='原始值：1730.742'>1730.7</span>", "<span data-toggle='tooltip' data-placement='right' title='原始值：26.55531'>26.6</span>", "<span data-toggle='tooltip' data-placement='right' title='原始值：3.09'>3.09</span>", "<span data-toggle='tooltip' data-placement='right' title='原始值：0.64'>0.640</span>", "<span data-toggle='tooltip' data-placement='right' title='原始值：0.0975'>0.098</span>", "<span data-toggle='tooltip' data-placement='right' title='原始值：5.94'>5.94</span>", "*", "*", "正常"], ["山西省", "黄河流域", "<span data-toggle='tooltip' data-placement='right' title='所在地市:运城市&#10;所属河流:汾河'>河津大桥</span>", "12-22 08:00", "Ⅴ", "<span data-toggle='tooltip' data-placement='right' title='原始值：5.25378'>5.3</span>", "<span data-toggle='tooltip' data-placement='right' title='原始值：8.21043'>8.21</span>", "<span data-toggle='tooltip' data-placement='right' title='原始值：20.99987'>21.00</span>", "<span data-toggle='tooltip' data-placement='right' title='原始值：1941.647'>1941.6</span>", "<span data-toggle='tooltip' data-placement='right' title='原始值：506.8522'>506.9</span>", "<span data-toggle='tooltip' data-placement='right' title='原始值：11.7'>11.70</span>", "<span data-toggle='tooltip' data-placement='right' title='原始值：0.58'>0.580</span>", "*", "*", "*", "*", "正常"], ["山西省", "黄河流域", "<span data-toggle='tooltip' data-placement='right' title='所在地市:忻州市&#10;所属河流:黄河'>万家寨水库</span>", null, "", "--", "--", "--", "--", "--", "--", "--", "--", "--", "*", "*", "停站"], ["内蒙古自治区", "黄河流域", "<span data-toggle='tooltip' data-placement='right' title='所在地市:包头市&#10;所属河流:黄河'>画匠营子</span>", null, "", "--", "--", "--", "--", "--", "--", "--", "--", "--", "*", "*", "停站"], ["内蒙古自治区", "黄河流域", "<span data-toggle='tooltip' data-placement='right' title='所在地市:乌海市&#10;所属河流:黄河'>海勃湾</span>", "12-22 08:00", "Ⅰ", "<span data-toggle='tooltip' data-placement='right' title='原始值：4.32932'>4.3</span>", "<span data-toggle='tooltip' data-placement='right' title='原始值：8.4101'>8.41</span>", "<span data-toggle='tooltip' data-placement='right' title='原始值：9.83562'>9.84</span>", "<span data-toggle='tooltip' data-placement='right' title='原始值：849.1821'>849.2</span>", "<span data-toggle='tooltip' data-placement='right' title='原始值：25.11545'>25.1</span>", "<span data-toggle='tooltip' data-placement='right' title='原始值：1.31'>1.31</span>", "<span data-toggle='tooltip' data-placement='right' title='原始值：0.13'>0.130</span>", "*", "*", "*", "*", "正常"], ["内蒙古自治区", "松花江流域", "<span data-toggle='tooltip' data-placement='right' title='所在地市:呼伦贝尔市&#10;所属河流:额尔古纳河'>黑山头</span>", null, "", "--", "--", "--", "--", "--", "--", "--", "--", "--", "*", "*", "停站"], ["辽宁省", "辽河流域", "<span data-toggle='tooltip' data-placement='right' title='所在地市:抚顺市&#10;所属河流:浑河'>大伙房水库</span>", "12-22 08:00", "Ⅱ", "<span data-toggle='tooltip' data-placement='right' title='原始值：6.24367'>6.2</span>", "<span data-toggle='tooltip' data-placement='right' title='原始值：7.74146'>7.74</span>", "<span data-toggle='tooltip' data-placement='right' title='原始值：10.42549'>10.43</span>", "<span data-toggle='tooltip' data-placement='right' title='原始值：305.9222'>305.9</span>", "<span data-toggle='tooltip' data-placement='right' title='原始值：5.95605'>6.0</span>", "<span data-toggle='tooltip' data-placement='right' title='原始值：3.18782'>3.19</span>", "<span data-toggle='tooltip' data-placement='right' title='原始值：0.13'>0.130</span>", "<span data-toggle='tooltip' data-placement='right' title='原始值：0.02057'>0.021</span>", "<span data-toggle='tooltip' data-placement='right' title='原始值：3.1574'>3.16</span>", "<span data-toggle='tooltip' data-placement='right' title='原始值：0.00074'>0.001</span>", "*", "正常"], ["辽宁省", "辽河流域", "<span data-toggle='tooltip' data-placement='right' title='所在地市:丹东市&#10;所属河流:鸭绿江'>江桥</span>", null, "", "--", "--", "--", "--", "--", "--", "--", "--", "--", "*", "*", "停站"], ["辽宁省", "辽河流域", "<span data-toggle='tooltip' data-placement='right' title='所在地市:营口市&#10;所属河流:大辽河'>辽河公园</span>", null, "", "--", "--", "--", "--", "--", "--", "--", "--", "--", "*", "*", "停站"], ["辽宁省", "辽河流域", "<span data-toggle='tooltip' data-placement='right' title='所在地市:辽阳市&#10;所属河流:太子河'>汤河水库</span>", null, "", "--", "--", "--", "--", "--", "--", "--", "--", "--", "*", "*", "停站"], ["辽宁省", "辽河流域", "<span data-toggle='tooltip' data-placement='right' title='所在地市:盘锦市&#10;所属河流:辽河'>盘锦兴安(兴安)</span>", null, "", "--", "--", "--", "--", "--", "--", "--", "--", "--", "*", "*", "停站"], ["辽宁省", "辽河流域", "<span data-toggle='tooltip' data-placement='right' title='所在地市:铁岭市&#10;所属河流:辽河'>珠尔山</span>", null, "", "--", "--", "--", "--", "--", "--", "--", "--", "--", "*", "*", "停站"], ["吉林省", "松花江流域", "<span data-toggle='tooltip' data-placement='right' title='所在地市:长春市&#10;所属河流:松花江'>松花江村</span>", null, "", "--", "--", "--", "--", "--", "--", "--", "--", "--", "*", "*", "停站"], ["吉林省", "松花江流域", "<span data-toggle='tooltip' data-placement='right' title='所在地市:白城市&#10;所属河流:嫩江'>白沙滩</span>", "12-22 08:00", "Ⅲ", "<span data-toggle='tooltip' data-placement='right' title='原始值：3.68689'>3.7</span>", "<span data-toggle='tooltip' data-placement='right' title='原始值：7.13858'>7.14</span>", "<span data-toggle='tooltip' data-placement='right' title='原始值：12.71232'>12.71</span>", "<span data-toggle='tooltip' data-placement='right' title='原始值：407.0275'>407.0</span>", "<span data-toggle='tooltip' data-placement='right' title='原始值：31.34901'>31.3</span>", "<span data-toggle='tooltip' data-placement='right' title='原始值：5.90402'>5.90</span>", "<span data-toggle='tooltip' data-placement='right' title='原始值：0.12822'>0.128</span>", "<span data-toggle='tooltip' data-placement='right' title='原始值：0.07555'>0.076</span>", "<span data-toggle='tooltip' data-placement='right' title='原始值：1.9198'>1.92</span>", "*", "*", "正常"], ["吉林省", "松花江流域", "<span data-toggle='tooltip' data-placement='right' title='所在地市:延边朝鲜族自治州&#10;所属河流:图们江'>圈河</span>", null, "", "--", "--", "--", "--", "--", "--", "--", "--", "--", "*", "*", "停站"], ["黑龙江省", "松花江流域", "<span data-toggle='tooltip' data-placement='right' title='所在地市:大庆市&#10;所属河流:松花江'>肇源</span>", null, "", "--", "--", "--", "--", "--", "--", "--", "--", "--", "*", "*", "停站"], ["黑龙江省", "松花江流域", "<span data-toggle='tooltip' data-placement='right' title='所在地市:佳木斯市&#10;所属河流:乌苏里江'>乌苏镇</span>", null, "", "--", "--", "--", "--", "--", "--", "--", "--", "--", "*", "*", "停站"], ["黑龙江省", "松花江流域", "<span data-toggle='tooltip' data-placement='right' title='所在地市:佳木斯市&#10;所属河流:松花江'>同江</span>", "12-22 08:00", "Ⅲ", "<span data-toggle='tooltip' data-placement='right' title='原始值：2.98607'>3.0</span>", "<span data-toggle='tooltip' data-placement='right' title='原始值：7.43751'>7.44</span>", "<span data-toggle='tooltip' data-placement='right' title='原始值：12.25002'>12.25</span>", "<span data-toggle='tooltip' data-placement='right' title='原始值：337.8911'>337.9</span>", "<span data-toggle='tooltip' data-placement='right' title='原始值：23.37553'>23.4</span>", "<span data-toggle='tooltip' data-placement='right' title='原始值：5.28115'>5.28</span>", "<span data-toggle='tooltip' data-placement='right' title='原始值：0.24811'>0.248</span>", "<span data-toggle='tooltip' data-placement='right' title='原始值：0.06226'>0.062</span>", "<span data-toggle='tooltip' data-placement='right' title='原始值：3.23362'>3.23</span>", "*", "*", "正常"], ["黑龙江省", "松花江流域", "<span data-toggle='tooltip' data-placement='right' title='所在地市:黑河市&#10;所属河流:黑龙江'>黑河下(黑河)</span>", null, "", "--", "--", "--", "--", "--", "--", "--", "--", "--", "*", "*", "停站"], ["上海市", "长江流域", "<span data-toggle='tooltip' data-placement='right' title='所在地市:青浦区&#10;所属河流:淀山湖'>急水港桥</span>", null, "", "--", "--", "--", "--", "--", "--", "--", "--", "--", "--", "--", "停站"], ["江苏省", "长江流域", "<span data-toggle='tooltip' data-placement='right' title='所在地市:南京市&#10;所属河流:长江'>林山</span>", null, "", "--", "--", "--", "--", "--", "--", "--", "--", "--", "*", "*", "停站"], ["江苏省", "太湖流域", "<span data-toggle='tooltip' data-placement='right' title='所在地市:无锡市&#10;所属河流:太湖'>沙渚</span>", "12-22 08:00", "Ⅱ", "<span data-toggle='tooltip' data-placement='right' title='原始值：13.06987'>13.1</span>", "<span data-toggle='tooltip' data-placement='right' title='原始值：8.067711'>8.07</span>", "<span data-toggle='tooltip' data-placement='right' title='原始值：10.93632'>10.94</span>", "<span data-toggle='tooltip' data-placement='right' title='原始值：396.4974'>396.5</span>", "<span data-toggle='tooltip' data-placement='right' title='原始值：4.046294'>4.0</span>", "<span data-toggle='tooltip' data-placement='right' title='原始值：2.937374'>2.94</span>", "<span data-toggle='tooltip' data-placement='right' title='原始值：0.18'>0.180</span>", "<span data-toggle='tooltip' data-placement='right' title='原始值：0.0381'>0.038</span>", "<span data-toggle='tooltip' data-placement='right' title='原始值：1.35'>1.35</span>", "<span data-toggle='tooltip' data-placement='right' title='原始值：0.005255'>0.005</span>", "*", "正常"], ["江苏省", "淮河流域", "<span data-toggle='tooltip' data-placement='right' title='所在地市:徐州市&#10;所属河流:武河'>小红圈</span>", "12-22 08:00", "Ⅱ", "<span data-toggle='tooltip' data-placement='right' title='原始值：4.47'>4.5</span>", "<span data-toggle='tooltip' data-placement='right' title='原始值：8.36'>8.36</span>", "<span data-toggle='tooltip' data-placement='right' title='原始值：22.54'>22.54</span>", "<span data-toggle='tooltip' data-placement='right' title='原始值：590.3'>590.3</span>", "<span data-toggle='tooltip' data-placement='right' title='原始值：3.16'>3.2</span>", "<span data-toggle='tooltip' data-placement='right' title='原始值：2.36'>2.36</span>", "<span data-toggle='tooltip' data-placement='right' title='原始值：0.067'>0.067</span>", "*", "*", "*", "*", "正常"], ["江苏省", "淮河流域", "<span data-toggle='tooltip' data-placement='right' title='所在地市:徐州市&#10;所属河流:沿河'>李集桥</span>", "12-22 08:00", "Ⅲ", "<span data-toggle='tooltip' data-placement='right' title='原始值：4.77'>4.8</span>", "<span data-toggle='tooltip' data-placement='right' title='原始值：8.07'>8.07</span>", "<span data-toggle='tooltip' data-placement='right' title='原始值：11.12'>11.12</span>", "<span data-toggle='tooltip' data-placement='right' title='原始值：1138.8'>1138.8</span>", "<span data-toggle='tooltip' data-placement='right' title='原始值：15.87'>15.9</span>", "<span data-toggle='tooltip' data-placement='right' title='原始值：4.41'>4.41</span>", "<span data-toggle='tooltip' data-placement='right' title='原始值：0.107'>0.107</span>", "<span data-toggle='tooltip' data-placement='right' title='原始值：0.038'>0.038</span>", "<span data-toggle='tooltip' data-placement='right' title='原始值：1.604'>1.60</span>", "*", "*", "正常"], ["江苏省", "淮河流域", "<span data-toggle='tooltip' data-placement='right' title='所在地市:徐州市&#10;所属河流:邳苍分洪道'>艾山西大桥</span>", "12-22 08:00", "Ⅱ", "<span data-toggle='tooltip' data-placement='right' title='原始值：2.64334'>2.6</span>", "<span data-toggle='tooltip' data-placement='right' title='原始值：8.96683'>8.97</span>", "<span data-toggle='tooltip' data-placement='right' title='原始值：17.6036'>17.60</span>", "<span data-toggle='tooltip' data-placement='right' title='原始值：713.946'>713.9</span>", "<span data-toggle='tooltip' data-placement='right' title='原始值：4.55174'>4.6</span>", "<span data-toggle='tooltip' data-placement='right' title='原始值：3.93'>3.93</span>", "<span data-toggle='tooltip' data-placement='right' title='原始值：0.09'>0.090</span>", "<span data-toggle='tooltip' data-placement='right' title='原始值：0.03144'>0.031</span>", "<span data-toggle='tooltip' data-placement='right' title='原始值：9.65515'>9.66</span>", "*", "*", "正常"], ["江苏省", "太湖流域", "<span data-toggle='tooltip' data-placement='right' title='所在地市:苏州市&#10;所属河流:太湖'>兰山嘴(老)</span>", "12-22 08:00", "Ⅱ", "<span data-toggle='tooltip' data-placement='right' title='原始值：6.91657'>6.9</span>", "<span data-toggle='tooltip' data-placement='right' title='原始值：8.21464'>8.21</span>", "<span data-toggle='tooltip' data-placement='right' title='原始值：12.62813'>12.63</span>", "<span data-toggle='tooltip' data-placement='right' title='原始值：348.6629'>348.7</span>", "<span data-toggle='tooltip' data-placement='right' title='原始值：30.02459'>30.0</span>", "<span data-toggle='tooltip' data-placement='right' title='原始值：3.09'>3.09</span>", "<span data-toggle='tooltip' data-placement='right' title='原始值：0.44'>0.440</span>", "<span data-toggle='tooltip' data-placement='right' title='原始值：0.08014'>0.080</span>", "<span data-toggle='tooltip' data-placement='right' title='原始值：2.72159'>2.72</span>", "<span data-toggle='tooltip' data-placement='right' title='原始值：0.01873'>0.019</span>", "*", "正常"], ["江苏省", "太湖流域", "<span data-toggle='tooltip' data-placement='right' title='所在地市:苏州市&#10;所属河流:太湖'>西山</span>", "12-22 08:00", "Ⅲ", "<span data-toggle='tooltip' data-placement='right' title='原始值：7.04388'>7.0</span>", "<span data-toggle='tooltip' data-placement='right' title='原始值：8.16922'>8.17</span>", "<span data-toggle='tooltip' data-placement='right' title='原始值：12.81765'>12.82</span>", "<span data-toggle='tooltip' data-placement='right' title='原始值：143.9882'>144.0</span>", "<span data-toggle='tooltip' data-placement='right' title='原始值：56.69861'>56.7</span>", "<span data-toggle='tooltip' data-placement='right' title='原始值：1.78'>1.78</span>", "<span data-toggle='tooltip' data-placement='right' title='原始值：0.12'>0.120</span>", "<span data-toggle='tooltip' data-placement='right' title='原始值：0.0394'>0.039</span>", "<span data-toggle='tooltip' data-placement='right' title='原始值：0.4356'>0.44</span>", "<span data-toggle='tooltip' data-placement='right' title='原始值：0.01015'>0.010</span>", "*", "正常"], ["江苏省", "淮河流域", "<span data-toggle='tooltip' data-placement='right' title='所在地市:连云港市&#10;所属河流:新沭河'>大兴桥</span>", "12-22 08:00", "Ⅲ", "<span data-toggle='tooltip' data-placement='right' title='原始值：4.4'>4.4</span>", "<span data-toggle='tooltip' data-placement='right' title='原始值：7.25'>7.25</span>", "<span data-toggle='tooltip' data-placement='right' title='原始值：12.63'>12.63</span>", "<span data-toggle='tooltip' data-placement='right' title='原始值：849.8'>849.8</span>", "<span data-toggle='tooltip' data-placement='right' title='原始值：66.06'>66.1</span>", "<span data-toggle='tooltip' data-placement='right' title='原始值：5.14'>5.14</span>", "<span data-toggle='tooltip' data-placement='right' title='原始值：0.242'>0.242</span>", "*", "*", "*", "*", "正常"], ["江苏省", "淮河流域", "<span data-toggle='tooltip' data-placement='right' title='所在地市:淮安市&#10;所属河流:淮河'>淮河大桥</span>", "12-22 08:00", "Ⅱ", "<span data-toggle='tooltip' data-placement='right' title='原始值：7.22388'>7.2</span>", "<span data-toggle='tooltip' data-placement='right' title='原始值：7.97347'>7.97</span>", "<span data-toggle='tooltip' data-placement='right' title='原始值：10.22938'>10.23</span>", "<span data-toggle='tooltip' data-placement='right' title='原始值：526.2307'>526.2</span>", "<span data-toggle='tooltip' data-placement='right' title='原始值：22.01657'>22.0</span>", "<span data-toggle='tooltip' data-placement='right' title='原始值：3.98'>3.98</span>", "<span data-toggle='tooltip' data-placement='right' title='原始值：0.18'>0.180</span>", "<span data-toggle='tooltip' data-placement='right' title='原始值：0.0655'>0.066</span>", "<span data-toggle='tooltip' data-placement='right' title='原始值：2.099'>2.10</span>", "*", "*", "正常"], ["江苏省", "长江流域", "<span data-toggle='tooltip' data-placement='right' title='所在地市:扬州市&#10;所属河流:夹江'>三江营</span>", "12-22 08:00", "Ⅱ", "<span data-toggle='tooltip' data-placement='right' title='原始值：10.15'>10.2</span>", "<span data-toggle='tooltip' data-placement='right' title='原始值：7.9'>7.90</span>", "<span data-toggle='tooltip' data-placement='right' title='原始值：9.03'>9.03</span>", "<span data-toggle='tooltip' data-placement='right' title='原始值：348.44'>348.4</span>", "<span data-toggle='tooltip' data-placement='right' title='原始值：46.02'>46.0</span>", "<span data-toggle='tooltip' data-placement='right' title='原始值：1.763'>1.76</span>", "<span data-toggle='tooltip' data-placement='right' title='原始值：0.032'>0.032</span>", "<span data-toggle='tooltip' data-placement='right' title='原始值：0.088'>0.088</span>", "<span data-toggle='tooltip' data-placement='right' title='原始值：1.98'>1.98</span>", "*", "*", "正常"], ["江苏省", "淮河流域", "<span data-toggle='tooltip' data-placement='right' title='所在地市:宿迁市&#10;所属河流:新濉河'>大屈</span>", "12-22 08:00", "Ⅲ", "<span data-toggle='tooltip' data-placement='right' title='原始值：7.6'>7.6</span>", "<span data-toggle='tooltip' data-placement='right' title='原始值：7.64'>7.64</span>", "<span data-toggle='tooltip' data-placement='right' title='原始值：13.53'>13.53</span>", "<span data-toggle='tooltip' data-placement='right' title='原始值：1028.8'>1028.8</span>", "<span data-toggle='tooltip' data-placement='right' title='原始值：24.46'>24.5</span>", "<span data-toggle='tooltip' data-placement='right' title='原始值：5.26'>5.26</span>", "<span data-toggle='tooltip' data-placement='right' title='原始值：0.06'>0.060</span>", "<span data-toggle='tooltip' data-placement='right' title='原始值：0.052'>0.052</span>", "<span data-toggle='tooltip' data-placement='right' title='原始值：3.277'>3.28</span>", "*", "*", "正常"], ["浙江省", "浙闽片河流", "<span data-toggle='tooltip' data-placement='right' title='所在地市:杭州市&#10;所属河流:新安江'>街口(鸠坑口)</span>", "12-22 08:00", "", "<span data-toggle='tooltip' data-placement='right' title='原始值：14.57'>14.6</span>", "<span data-toggle='tooltip' data-placement='right' title='原始值：7.14'>7.14</span>", "<span data-toggle='tooltip' data-placement='right' title='原始值：7.65'>7.65</span>", "<span data-toggle='tooltip' data-placement='right' title='原始值：169.49'>169.5</span>", "<span data-toggle='tooltip' data-placement='right' title='原始值：10.73'>10.7</span>", "<span data-toggle='tooltip' data-placement='right' title='原始值：1.609'>1.61</span>", "<span data-toggle='tooltip' data-placement='right' title='极值过滤'>--</span>", "<span data-toggle='tooltip' data-placement='right' title='原始值：0.018'>0.018</span>", "<span data-toggle='tooltip' data-placement='right' title='原始值：1.302'>1.30</span>", "*", "*", "维护"], ["浙江省", "太湖流域", "<span data-toggle='tooltip' data-placement='right' title='所在地市:嘉兴市&#10;所属河流:斜路港河'>斜路港</span>", "12-22 04:00", "劣Ⅴ", "<span data-toggle='tooltip' data-placement='right' title='原始值：7.7'>7.7</span>", "<span data-toggle='tooltip' data-placement='right' title='原始值：7.91'>7.91</span>", "<span data-toggle='tooltip' data-placement='right' title='原始值：7.4'>7.40</span>", "<span data-toggle='tooltip' data-placement='right' title='原始值：644'>644.0</span>", "<span data-toggle='tooltip' data-placement='right' title='原始值：38'>38.0</span>", "<span data-toggle='tooltip' data-placement='right' title='原始值：8.54'>8.54</span>", "<span data-toggle='tooltip' data-placement='right' title='原始值：0.63906'>0.639</span>", "<span data-toggle='tooltip' data-placement='right' title='原始值：0.99992'>1.000</span>", "<span data-toggle='tooltip' data-placement='right' title='原始值：4.18555'>4.19</span>", "*", "*", "正常"], ["浙江省", "太湖流域", "<span data-toggle='tooltip' data-placement='right' title='所在地市:嘉兴市&#10;所属河流:京杭运河'>王江泾</span>", "12-22 08:00", "", "<span data-toggle='tooltip' data-placement='right' title='原始值：8.65'>8.6</span>", "<span data-toggle='tooltip' data-placement='right' title='原始值：7.05'>7.05</span>", "<span data-toggle='tooltip' data-placement='right' title='原始值：9.48'>9.48</span>", "<span data-toggle='tooltip' data-placement='right' title='原始值：616.08'>616.1</span>", "<span data-toggle='tooltip' data-placement='right' title='原始值：76.19'>76.2</span>", "<span data-toggle='tooltip' data-placement='right' title='原始值：6'>6.00</span>", "<span data-toggle='tooltip' data-placement='right' title='原始值：0.768'>0.768</span>", "<span data-toggle='tooltip' data-placement='right' title='原始值：0.097'>0.097</span>", "<span data-toggle='tooltip' data-placement='right' title='原始值：2.282'>2.28</span>", "*", "*", "维护"], ["浙江省", "太湖流域", "<span data-toggle='tooltip' data-placement='right' title='所在地市:湖州市&#10;所属河流:西苕溪'>新港口(新塘港)</span>", "12-22 04:00", "Ⅲ", "<span data-toggle='tooltip' data-placement='right' title='原始值：6.36511'>6.4</span>", "<span data-toggle='tooltip' data-placement='right' title='原始值：8.96216'>8.96</span>", "<span data-toggle='tooltip' data-placement='right' title='原始值：11.6703'>11.67</span>", "<span data-toggle='tooltip' data-placement='right' title='原始值：437.69'>437.7</span>", "<span data-toggle='tooltip' data-placement='right' title='原始值：245.283'>245.3</span>", "<span data-toggle='tooltip' data-placement='right' title='原始值：4.72928'>4.73</span>", "<span data-toggle='tooltip' data-placement='right' title='原始值：0.08469'>0.085</span>", "<span data-toggle='tooltip' data-placement='right' title='原始值：0.14544'>0.145</span>", "<span data-toggle='tooltip' data-placement='right' title='原始值：2.65812'>2.66</span>", "<span data-toggle='tooltip' data-placement='right' title='原始值：0.08007'>0.080</span>", "*", "正常"], ["安徽省", "巢湖流域", "<span data-toggle='tooltip' data-placement='right' title='所在地市:合肥市&#10;所属河流:巢湖'>湖滨(老)</span>", "12-22 08:00", "Ⅳ", "<span data-toggle='tooltip' data-placement='right' title='原始值：7.72437'>7.7</span>", "<span data-toggle='tooltip' data-placement='right' title='原始值：6.83507'>6.84</span>", "<span data-toggle='tooltip' data-placement='right' title='原始值：11.58833'>11.59</span>", "<span data-toggle='tooltip' data-placement='right' title='原始值：281.274'>281.3</span>", "<span data-toggle='tooltip' data-placement='right' title='原始值：94.54982'>94.5</span>", "<span data-toggle='tooltip' data-placement='right' title='原始值：4.37'>4.37</span>", "<span data-toggle='tooltip' data-placement='right' title='原始值：0.45'>0.450</span>", "<span data-toggle='tooltip' data-placement='right' title='原始值：0.0883'>0.088</span>", "<span data-toggle='tooltip' data-placement='right' title='原始值：2.521'>2.52</span>", "<span data-toggle='tooltip' data-placement='right' title='原始值：0.03449'>0.034</span>", "*", "正常"], ["安徽省", "巢湖流域", "<span data-toggle='tooltip' data-placement='right' title='所在地市:芜湖市&#10;所属河流:巢湖'>裕溪口(老)</span>", "12-22 08:00", "Ⅳ", "<span data-toggle='tooltip' data-placement='right' title='原始值：8.92624'>8.9</span>", "<span data-toggle='tooltip' data-placement='right' title='原始值：7.58709'>7.59</span>", "<span data-toggle='tooltip' data-placement='right' title='原始值：10.04854'>10.05</span>", "<span data-toggle='tooltip' data-placement='right' title='原始值：243.7388'>243.7</span>", "<span data-toggle='tooltip' data-placement='right' title='原始值：81.62538'>81.6</span>", "<span data-toggle='tooltip' data-placement='right' title='原始值：2.11'>2.11</span>", "<span data-toggle='tooltip' data-placement='right' title='原始值：0.1'>0.100</span>", "<span data-toggle='tooltip' data-placement='right' title='原始值：0.0835'>0.084</span>", "<span data-toggle='tooltip' data-placement='right' title='原始值：2.958'>2.96</span>", "<span data-toggle='tooltip' data-placement='right' title='原始值：0.00881'>0.009</span>", "*", "正常"], ["安徽省", "淮河流域", "<span data-toggle='tooltip' data-placement='right' title='所在地市:蚌埠市&#10;所属河流:淮河'>蚌埠闸上(蚌埠闸)</span>", "12-22 08:00", "Ⅱ", "<span data-toggle='tooltip' data-placement='right' title='原始值：9.06'>9.1</span>", "<span data-toggle='tooltip' data-placement='right' title='原始值：8.07'>8.07</span>", "<span data-toggle='tooltip' data-placement='right' title='原始值：12.05'>12.05</span>", "<span data-toggle='tooltip' data-placement='right' title='原始值：550.58'>550.6</span>", "<span data-toggle='tooltip' data-placement='right' title='原始值：44.67'>44.7</span>", "<span data-toggle='tooltip' data-placement='right' title='原始值：3.914'>3.91</span>", "<span data-toggle='tooltip' data-placement='right' title='原始值：0.155'>0.155</span>", "<span data-toggle='tooltip' data-placement='right' title='原始值：0.071'>0.071</span>", "<span data-toggle='tooltip' data-placement='right' title='原始值：1.768'>1.77</span>", "*", "*", "正常"], ["安徽省", "淮河流域", "<span data-toggle='tooltip' data-placement='right' title='所在地市:淮南市&#10;所属河流:淮河'>石头埠(老)</span>", "12-22 08:00", "Ⅱ", "<span data-toggle='tooltip' data-placement='right' title='原始值：6.93727'>6.9</span>", "<span data-toggle='tooltip' data-placement='right' title='原始值：7.46002'>7.46</span>", "<span data-toggle='tooltip' data-placement='right' title='原始值：6.25963'>6.26</span>", "<span data-toggle='tooltip' data-placement='right' title='原始值：242.9114'>242.9</span>", "<span data-toggle='tooltip' data-placement='right' title='原始值：28.51605'>28.5</span>", "<span data-toggle='tooltip' data-placement='right' title='原始值：3.3'>3.30</span>", "<span data-toggle='tooltip' data-placement='right' title='原始值：0.4'>0.400</span>", "*", "*", "*", "*", "正常"], ["安徽省", "淮河流域", "<span data-toggle='tooltip' data-placement='right' title='所在地市:淮北市&#10;所属河流:沱河'>小王桥</span>", "12-22 08:00", "Ⅳ", "<span data-toggle='tooltip' data-placement='right' title='原始值：4.94'>4.9</span>", "<span data-toggle='tooltip' data-placement='right' title='原始值：8.3'>8.30</span>", "<span data-toggle='tooltip' data-placement='right' title='原始值：11.18'>11.18</span>", "<span data-toggle='tooltip' data-placement='right' title='原始值：1870.87'>1870.9</span>", "<span data-toggle='tooltip' data-placement='right' title='原始值：27.43'>27.4</span>", "<span data-toggle='tooltip' data-placement='right' title='原始值：6.258'>6.26</span>", "<span data-toggle='tooltip' data-placement='right' title='原始值：0.053'>0.053</span>", "<span data-toggle='tooltip' data-placement='right' title='原始值：0.088'>0.088</span>", "<span data-toggle='tooltip' data-placement='right' title='极值过滤'>--</span>", "*", "*", "维护"], ["安徽省", "长江流域", "<span data-toggle='tooltip' data-placement='right' title='所在地市:安庆市&#10;所属河流:长江'>皖河口</span>", "12-22 08:00", "Ⅴ", "<span data-toggle='tooltip' data-placement='right' title='原始值：10.99'>11.0</span>", "<span data-toggle='tooltip' data-placement='right' title='原始值：7.544'>7.54</span>", "<span data-toggle='tooltip' data-placement='right' title='原始值：8.94'>8.94</span>", "<span data-toggle='tooltip' data-placement='right' title='原始值：316.67'>316.7</span>", "<span data-toggle='tooltip' data-placement='right' title='原始值：25.57'>25.6</span>", "<span data-toggle='tooltip' data-placement='right' title='原始值：13.921'>13.92</span>", "<span data-toggle='tooltip' data-placement='right' title='原始值：0.089'>0.089</span>", "<span data-toggle='tooltip' data-placement='right' title='原始值：0.0679'>0.068</span>", "<span data-toggle='tooltip' data-placement='right' title='原始值：2.461'>2.46</span>", "*", "*", "正常"], ["安徽省", "淮河流域", "<span data-toggle='tooltip' data-placement='right' title='所在地市:滁州市&#10;所属河流:淮河'>小柳巷</span>", "12-22 08:00", "Ⅲ", "<span data-toggle='tooltip' data-placement='right' title='原始值：8.6'>8.6</span>", "<span data-toggle='tooltip' data-placement='right' title='原始值：7.35'>7.35</span>", "<span data-toggle='tooltip' data-placement='right' title='原始值：9.98'>9.98</span>", "<span data-toggle='tooltip' data-placement='right' title='原始值：508.2'>508.2</span>", "<span data-toggle='tooltip' data-placement='right' title='原始值：91.63'>91.6</span>", "<span data-toggle='tooltip' data-placement='right' title='原始值：1.35'>1.35</span>", "<span data-toggle='tooltip' data-placement='right' title='原始值：0.064'>0.064</span>", "<span data-toggle='tooltip' data-placement='right' title='原始值：0.131'>0.131</span>", "<span data-toggle='tooltip' data-placement='right' title='原始值：1.85'>1.85</span>", "*", "*", "正常"], ["安徽省", "淮河流域", "<span data-toggle='tooltip' data-placement='right' title='所在地市:阜阳市&#10;所属河流:黑茨河'>张大桥</span>", null, "", "--", "--", "--", "--", "--", "--", "--", "--", "--", "*", "*", "停站"], ["安徽省", "淮河流域", "<span data-toggle='tooltip' data-placement='right' title='所在地市:阜阳市&#10;所属河流:淮河'>王家坝</span>", "12-22 08:00", "Ⅲ", "<span data-toggle='tooltip' data-placement='right' title='原始值：5.49'>5.5</span>", "<span data-toggle='tooltip' data-placement='right' title='原始值：7.58207'>7.58</span>", "<span data-toggle='tooltip' data-placement='right' title='原始值：9.63852'>9.64</span>", "<span data-toggle='tooltip' data-placement='right' title='原始值：412.8366'>412.8</span>", "<span data-toggle='tooltip' data-placement='right' title='原始值：13.03878'>13.0</span>", "<span data-toggle='tooltip' data-placement='right' title='原始值：4.23'>4.23</span>", "<span data-toggle='tooltip' data-placement='right' title='原始值：0.647'>0.647</span>", "<span data-toggle='tooltip' data-placement='right' title='原始值：0.09335'>0.093</span>", "<span data-toggle='tooltip' data-placement='right' title='原始值：2.48674'>2.49</span>", "*", "*", "正常"], ["安徽省", "淮河流域", "<span data-toggle='tooltip' data-placement='right' title='所在地市:阜阳市&#10;所属河流:颍河'>界首七渡口(七渡口)</span>", "12-22 08:00", "Ⅲ", "<span data-toggle='tooltip' data-placement='right' title='原始值：7.63939'>7.6</span>", "<span data-toggle='tooltip' data-placement='right' title='原始值：6.99331'>6.99</span>", "<span data-toggle='tooltip' data-placement='right' title='原始值：9.25494'>9.25</span>", "<span data-toggle='tooltip' data-placement='right' title='原始值：897.2577'>897.3</span>", "<span data-toggle='tooltip' data-placement='right' title='原始值：6.87857'>6.9</span>", "<span data-toggle='tooltip' data-placement='right' title='原始值：3.66'>3.66</span>", "<span data-toggle='tooltip' data-placement='right' title='原始值：0.59'>0.590</span>", "<span data-toggle='tooltip' data-placement='right' title='原始值：0.09572'>0.096</span>", "<span data-toggle='tooltip' data-placement='right' title='原始值：6.27352'>6.27</span>", "*", "*", "正常"], ["安徽省", "淮河流域", "<span data-toggle='tooltip' data-placement='right' title='所在地市:阜阳市&#10;所属河流:泉河'>许庄(徐庄)</span>", null, "", "--", "--", "--", "--", "--", "--", "--", "--", "--", "*", "*", "维护"], ["安徽省", "淮河流域", "<span data-toggle='tooltip' data-placement='right' title='所在地市:宿州市&#10;所属河流:奎河'>杨庄</span>", "12-22 08:00", "Ⅲ", "<span data-toggle='tooltip' data-placement='right' title='原始值：7.13'>7.1</span>", "<span data-toggle='tooltip' data-placement='right' title='原始值：7.92'>7.92</span>", "<span data-toggle='tooltip' data-placement='right' title='原始值：10.69'>10.69</span>", "<span data-toggle='tooltip' data-placement='right' title='原始值：995.6'>995.6</span>", "<span data-toggle='tooltip' data-placement='right' title='原始值：91.1'>91.1</span>", "<span data-toggle='tooltip' data-placement='right' title='原始值：3.99'>3.99</span>", "<span data-toggle='tooltip' data-placement='right' title='原始值：0.864'>0.864</span>", "*", "*", "*", "*", "正常"], ["安徽省", "淮河流域", "<span data-toggle='tooltip' data-placement='right' title='所在地市:宿州市&#10;所属河流:新汴河'>泗县公路桥</span>", "12-22 08:00", "Ⅲ", "<span data-toggle='tooltip' data-placement='right' title='原始值：5.48'>5.5</span>", "<span data-toggle='tooltip' data-placement='right' title='原始值：8.24'>8.24</span>", "<span data-toggle='tooltip' data-placement='right' title='原始值：11.74'>11.74</span>", "<span data-toggle='tooltip' data-placement='right' title='原始值：967.5'>967.5</span>", "<span data-toggle='tooltip' data-placement='right' title='原始值：24.16'>24.2</span>", "<span data-toggle='tooltip' data-placement='right' title='原始值：5.04'>5.04</span>", "<span data-toggle='tooltip' data-placement='right' title='原始值：0.069'>0.069</span>", "*", "*", "*", "*", "正常"], ["安徽省", "淮河流域", "<span data-toggle='tooltip' data-placement='right' title='所在地市:亳州市&#10;所属河流:包河'>颜集</span>", null, "", "--", "--", "--", "--", "--", "--", "--", "--", "--", "*", "*", "维护"], ["福建省", "浙闽片河流", "<span data-toggle='tooltip' data-placement='right' title='所在地市:福州市&#10;所属河流:闽江'>白岩潭</span>", "12-22 08:00", "Ⅱ", "<span data-toggle='tooltip' data-placement='right' title='原始值：16.86'>16.9</span>", "<span data-toggle='tooltip' data-placement='right' title='原始值：7'>7.00</span>", "<span data-toggle='tooltip' data-placement='right' title='原始值：7.16'>7.16</span>", "<span data-toggle='tooltip' data-placement='right' title='原始值：2761.1'>2761.1</span>", "<span data-toggle='tooltip' data-placement='right' title='原始值：255.11'>255.1</span>", "<span data-toggle='tooltip' data-placement='right' title='原始值：2.88'>2.88</span>", "<span data-toggle='tooltip' data-placement='right' title='原始值：0.204'>0.204</span>", "*", "*", "*", "*", "正常"], ["江西省", "长江流域", "<span data-toggle='tooltip' data-placement='right' title='所在地市:南昌市&#10;所属河流:赣江南支'>滁槎</span>", "12-22 08:00", "Ⅲ", "<span data-toggle='tooltip' data-placement='right' title='原始值：8.2012'>8.2</span>", "<span data-toggle='tooltip' data-placement='right' title='原始值：7.81834'>7.82</span>", "<span data-toggle='tooltip' data-placement='right' title='原始值：9.89989'>9.90</span>", "<span data-toggle='tooltip' data-placement='right' title='原始值：185.5327'>185.5</span>", "<span data-toggle='tooltip' data-placement='right' title='原始值：127.9572'>128.0</span>", "<span data-toggle='tooltip' data-placement='right' title='原始值：1.68'>1.68</span>", "<span data-toggle='tooltip' data-placement='right' title='原始值：0.31'>0.310</span>", "<span data-toggle='tooltip' data-placement='right' title='原始值：0.109'>0.109</span>", "<span data-toggle='tooltip' data-placement='right' title='原始值：1.005'>1.00</span>", "*", "*", "正常"], ["江西省", "长江流域", "<span data-toggle='tooltip' data-placement='right' title='所在地市:九江市&#10;所属河流:长江'>姚港(河西水厂)</span>", "12-22 08:00", "Ⅱ", "<span data-toggle='tooltip' data-placement='right' title='原始值：10.93'>10.9</span>", "<span data-toggle='tooltip' data-placement='right' title='原始值：7.56'>7.56</span>", "<span data-toggle='tooltip' data-placement='right' title='原始值：11.13'>11.13</span>", "<span data-toggle='tooltip' data-placement='right' title='原始值：363.71'>363.7</span>", "<span data-toggle='tooltip' data-placement='right' title='原始值：36.97'>37.0</span>", "<span data-toggle='tooltip' data-placement='right' title='原始值：1.531'>1.53</span>", "<span data-toggle='tooltip' data-placement='right' title='原始值：0.087'>0.087</span>", "<span data-toggle='tooltip' data-placement='right' title='原始值：0.098'>0.098</span>", "<span data-toggle='tooltip' data-placement='right' title='原始值：2.16'>2.16</span>", "*", "*", "正常"], ["江西省", "长江流域", "<span data-toggle='tooltip' data-placement='right' title='所在地市:九江市&#10;所属河流:鄱阳湖'>蛤蟆石</span>", "12-22 08:00", "Ⅲ", "<span data-toggle='tooltip' data-placement='right' title='原始值：7.58'>7.6</span>", "<span data-toggle='tooltip' data-placement='right' title='原始值：7.46'>7.46</span>", "<span data-toggle='tooltip' data-placement='right' title='原始值：11.55'>11.55</span>", "<span data-toggle='tooltip' data-placement='right' title='原始值：215.37'>215.4</span>", "<span data-toggle='tooltip' data-placement='right' title='原始值：40.39'>40.4</span>", "<span data-toggle='tooltip' data-placement='right' title='原始值：3.123'>3.12</span>", "<span data-toggle='tooltip' data-placement='right' title='原始值：0.226'>0.226</span>", "<span data-toggle='tooltip' data-placement='right' title='原始值：0.0426'>0.043</span>", "<span data-toggle='tooltip' data-placement='right' title='原始值：1.945'>1.94</span>", "<span data-toggle='tooltip' data-placement='right' title='原始值：0.00156'>0.002</span>", "<span data-toggle='tooltip' data-placement='right' title='原始值：1078919'>1078919</span>", "正常"], ["山东省", "黄河流域", "<span data-toggle='tooltip' data-placement='right' title='所在地市:济南市&#10;所属河流:黄河'>泺口</span>", "12-22 08:00", "", "<span data-toggle='tooltip' data-placement='right' title='原始值：3.59189'>3.6</span>", "<span data-toggle='tooltip' data-placement='right' title='原始值：8.3931'>8.39</span>", "<span data-toggle='tooltip' data-placement='right' title='原始值：13.7668'>13.77</span>", "<span data-toggle='tooltip' data-placement='right' title='原始值：846.537'>846.5</span>", "<span data-toggle='tooltip' data-placement='right' title='原始值：372.736'>372.7</span>", "<span data-toggle='tooltip' data-placement='right' title='原始值：3.14'>3.14</span>", "<span data-toggle='tooltip' data-placement='right' title='原始值：0.04097'>0.041</span>", "<span data-toggle='tooltip' data-placement='right' title='极值过滤'>--</span>", "<span data-toggle='tooltip' data-placement='right' title='原始值：3.751'>3.75</span>", "*", "*", "维护"], ["山东省", "淮河流域", "<span data-toggle='tooltip' data-placement='right' title='所在地市:枣庄市&#10;所属河流:京杭大运河（韩庄运河）'>台儿庄大桥</span>", "12-22 08:00", "Ⅱ", "<span data-toggle='tooltip' data-placement='right' title='原始值：6.35065'>6.4</span>", "<span data-toggle='tooltip' data-placement='right' title='原始值：8.17415'>8.17</span>", "<span data-toggle='tooltip' data-placement='right' title='原始值：11.14015'>11.14</span>", "<span data-toggle='tooltip' data-placement='right' title='原始值：974.2945'>974.3</span>", "<span data-toggle='tooltip' data-placement='right' title='原始值：20.24945'>20.2</span>", "<span data-toggle='tooltip' data-placement='right' title='原始值：2.79629'>2.80</span>", "<span data-toggle='tooltip' data-placement='right' title='原始值：0.08798'>0.088</span>", "<span data-toggle='tooltip' data-placement='right' title='原始值：0.04868'>0.049</span>", "<span data-toggle='tooltip' data-placement='right' title='原始值：3.48819'>3.49</span>", "*", "*", "正常"], ["山东省", "淮河流域", "<span data-toggle='tooltip' data-placement='right' title='所在地市:临沂市&#10;所属河流:沭河'>清泉寺</span>", "12-22 08:00", "Ⅲ", "<span data-toggle='tooltip' data-placement='right' title='原始值：6.72804'>6.7</span>", "<span data-toggle='tooltip' data-placement='right' title='原始值：8.6997'>8.70</span>", "<span data-toggle='tooltip' data-placement='right' title='原始值：13.01628'>13.02</span>", "<span data-toggle='tooltip' data-placement='right' title='原始值：1053.618'>1053.6</span>", "<span data-toggle='tooltip' data-placement='right' title='原始值：5.86367'>5.9</span>", "<span data-toggle='tooltip' data-placement='right' title='原始值：5.24'>5.24</span>", "<span data-toggle='tooltip' data-placement='right' title='原始值：0.12'>0.120</span>", "*", "*", "*", "*", "正常"], ["山东省", "淮河流域", "<span data-toggle='tooltip' data-placement='right' title='所在地市:临沂市&#10;所属河流:沂河'>重坊桥</span>", "12-22 08:00", "Ⅱ", "<span data-toggle='tooltip' data-placement='right' title='原始值：3.77408'>3.8</span>", "<span data-toggle='tooltip' data-placement='right' title='原始值：8.2961'>8.30</span>", "<span data-toggle='tooltip' data-placement='right' title='原始值：17.11906'>17.12</span>", "<span data-toggle='tooltip' data-placement='right' title='原始值：666.1019'>666.1</span>", "<span data-toggle='tooltip' data-placement='right' title='原始值：5.54167'>5.5</span>", "<span data-toggle='tooltip' data-placement='right' title='原始值：3.31'>3.31</span>", "<span data-toggle='tooltip' data-placement='right' title='原始值：0.18168'>0.182</span>", "*", "*", "*", "*", "正常"], ["山东省", "淮河流域", "<span data-toggle='tooltip' data-placement='right' title='所在地市:临沂市&#10;所属河流:白马河'>捷庄(涝沟桥)</span>", "12-22 08:00", "Ⅲ", "<span data-toggle='tooltip' data-placement='right' title='原始值：4.4'>4.4</span>", "<span data-toggle='tooltip' data-placement='right' title='原始值：8.15125'>8.15</span>", "<span data-toggle='tooltip' data-placement='right' title='原始值：15.05984'>15.06</span>", "<span data-toggle='tooltip' data-placement='right' title='原始值：832.8672'>832.9</span>", "<span data-toggle='tooltip' data-placement='right' title='原始值：6.39922'>6.4</span>", "<span data-toggle='tooltip' data-placement='right' title='原始值：4.78'>4.78</span>", "<span data-toggle='tooltip' data-placement='right' title='原始值：0.03867'>0.039</span>", "<span data-toggle='tooltip' data-placement='right' title='原始值：0.08511'>0.085</span>", "<span data-toggle='tooltip' data-placement='right' title='原始值：5.92699'>5.93</span>", "*", "*", "正常"], ["山东省", "海河流域", "<span data-toggle='tooltip' data-placement='right' title='所在地市:聊城市&#10;所属河流:卫运河'>秤勾湾(秤钩湾)</span>", null, "", "--", "--", "--", "--", "--", "--", "--", "--", "--", "*", "*", "停站"], ["河南省", "长江流域", "<span data-toggle='tooltip' data-placement='right' title='所在地市:南阳市&#10;所属河流:丹江口水库'>陶岔</span>", "12-22 08:00", "Ⅰ", "<span data-toggle='tooltip' data-placement='right' title='原始值：16.58'>16.6</span>", "<span data-toggle='tooltip' data-placement='right' title='原始值：7.85102'>7.85</span>", "<span data-toggle='tooltip' data-placement='right' title='原始值：8.63269'>8.63</span>", "<span data-toggle='tooltip' data-placement='right' title='原始值：278.4813'>278.5</span>", "<span data-toggle='tooltip' data-placement='right' title='原始值：1.38948'>1.4</span>", "<span data-toggle='tooltip' data-placement='right' title='原始值：1.36'>1.36</span>", "<span data-toggle='tooltip' data-placement='right' title='原始值：0.00874'>0.009</span>", "<span data-toggle='tooltip' data-placement='right' title='原始值：0.00732'>0.007</span>", "<span data-toggle='tooltip' data-placement='right' title='原始值：1.11573'>1.12</span>", "<span data-toggle='tooltip' data-placement='right' title='原始值：0.00442'>0.004</span>", "<span data-toggle='tooltip' data-placement='right' title='原始值：260549.1'>260549</span>", "正常"], ["河南省", "淮河流域", "<span data-toggle='tooltip' data-placement='right' title='所在地市:商丘市&#10;所属河流:浍河'>黄口</span>", "12-22 08:00", "Ⅱ", "<span data-toggle='tooltip' data-placement='right' title='原始值：5.30156'>5.3</span>", "<span data-toggle='tooltip' data-placement='right' title='原始值：7.30016'>7.30</span>", "<span data-toggle='tooltip' data-placement='right' title='原始值：13.33373'>13.33</span>", "<span data-toggle='tooltip' data-placement='right' title='原始值：1514.984'>1515.0</span>", "<span data-toggle='tooltip' data-placement='right' title='原始值：25.41573'>25.4</span>", "<span data-toggle='tooltip' data-placement='right' title='原始值：3.28'>3.28</span>", "<span data-toggle='tooltip' data-placement='right' title='原始值：0.0742'>0.074</span>", "<span data-toggle='tooltip' data-placement='right' title='原始值：0.0523'>0.052</span>", "<span data-toggle='tooltip' data-placement='right' title='原始值：7.21731'>7.22</span>", "*", "*", "正常"], ["河南省", "淮河流域", "<span data-toggle='tooltip' data-placement='right' title='所在地市:信阳市&#10;所属河流:史灌河'>蒋集</span>", "12-22 08:00", "Ⅱ", "<span data-toggle='tooltip' data-placement='right' title='原始值：4.80082'>4.8</span>", "<span data-toggle='tooltip' data-placement='right' title='原始值：7.20653'>7.21</span>", "<span data-toggle='tooltip' data-placement='right' title='原始值：8.45903'>8.46</span>", "<span data-toggle='tooltip' data-placement='right' title='原始值：274.3714'>274.4</span>", "<span data-toggle='tooltip' data-placement='right' title='原始值：195.7615'>195.8</span>", "<span data-toggle='tooltip' data-placement='right' title='原始值：3.15'>3.15</span>", "<span data-toggle='tooltip' data-placement='right' title='原始值：0.48346'>0.483</span>", "*", "*", "*", "*", "正常"], ["河南省", "淮河流域", "<span data-toggle='tooltip' data-placement='right' title='所在地市:信阳市&#10;所属河流:淮河'>淮滨水文站(淮滨)</span>", "12-22 08:00", "Ⅱ", "<span data-toggle='tooltip' data-placement='right' title='原始值：7.1'>7.1</span>", "<span data-toggle='tooltip' data-placement='right' title='原始值：7.33'>7.33</span>", "<span data-toggle='tooltip' data-placement='right' title='原始值：11.14'>11.14</span>", "<span data-toggle='tooltip' data-placement='right' title='原始值：309.0308'>309.0</span>", "<span data-toggle='tooltip' data-placement='right' title='原始值：47.67767'>47.7</span>", "<span data-toggle='tooltip' data-placement='right' title='原始值：2.90308'>2.90</span>", "<span data-toggle='tooltip' data-placement='right' title='原始值：0.27438'>0.274</span>", "<span data-toggle='tooltip' data-placement='right' title='原始值：0.08218'>0.082</span>", "<span data-toggle='tooltip' data-placement='right' title='原始值：1.82913'>1.83</span>", "*", "*", "正常"], ["河南省", "淮河流域", "<span data-toggle='tooltip' data-placement='right' title='所在地市:周口市&#10;所属河流:沙河'>沈丘闸</span>", "12-22 08:00", "Ⅲ", "<span data-toggle='tooltip' data-placement='right' title='原始值：8.17677'>8.2</span>", "<span data-toggle='tooltip' data-placement='right' title='原始值：7.71673'>7.72</span>", "<span data-toggle='tooltip' data-placement='right' title='原始值：8.23021'>8.23</span>", "<span data-toggle='tooltip' data-placement='right' title='原始值：1057.514'>1057.5</span>", "<span data-toggle='tooltip' data-placement='right' title='原始值：7.93137'>7.9</span>", "<span data-toggle='tooltip' data-placement='right' title='原始值：5.04'>5.04</span>", "<span data-toggle='tooltip' data-placement='right' title='原始值：0.79'>0.790</span>", "*", "*", "*", "*", "正常"], ["河南省", "淮河流域", "<span data-toggle='tooltip' data-placement='right' title='所在地市:周口市&#10;所属河流:涡河'>鹿邑付桥(鹿邑付桥闸)</span>", "12-22 08:00", "Ⅲ", "<span data-toggle='tooltip' data-placement='right' title='原始值：8.0971'>8.1</span>", "<span data-toggle='tooltip' data-placement='right' title='原始值：8.41383'>8.41</span>", "<span data-toggle='tooltip' data-placement='right' title='原始值：8.99614'>9.00</span>", "<span data-toggle='tooltip' data-placement='right' title='原始值：1536.162'>1536.2</span>", "<span data-toggle='tooltip' data-placement='right' title='原始值：5.60424'>5.6</span>", "<span data-toggle='tooltip' data-placement='right' title='原始值：4.685'>4.68</span>", "<span data-toggle='tooltip' data-placement='right' title='原始值：0.4'>0.400</span>", "<span data-toggle='tooltip' data-placement='right' title='原始值：0.051'>0.051</span>", "<span data-toggle='tooltip' data-placement='right' title='原始值：0.76407'>0.76</span>", "*", "*", "正常"], ["河南省", "淮河流域", "<span data-toggle='tooltip' data-placement='right' title='所在地市:驻马店市&#10;所属河流:洪河'>新蔡班台(班台)</span>", "12-22 08:00", "Ⅲ", "<span data-toggle='tooltip' data-placement='right' title='原始值：7.78496'>7.8</span>", "<span data-toggle='tooltip' data-placement='right' title='原始值：7.8556'>7.86</span>", "<span data-toggle='tooltip' data-placement='right' title='原始值：12.43924'>12.44</span>", "<span data-toggle='tooltip' data-placement='right' title='原始值：541.8747'>541.9</span>", "<span data-toggle='tooltip' data-placement='right' title='原始值：17.27769'>17.3</span>", "<span data-toggle='tooltip' data-placement='right' title='原始值：4.30246'>4.30</span>", "<span data-toggle='tooltip' data-placement='right' title='原始值：0.41'>0.410</span>", "<span data-toggle='tooltip' data-placement='right' title='原始值：0.11032'>0.110</span>", "<span data-toggle='tooltip' data-placement='right' title='原始值：4.80262'>4.80</span>", "*", "*", "正常"], ["河南省", "黄河流域", "<span data-toggle='tooltip' data-placement='right' title='所在地市:济源市&#10;所属河流:黄河'>小浪底水库(小浪底)</span>", "12-22 08:00", "", "<span data-toggle='tooltip' data-placement='right' title='原始值：7.66188'>7.7</span>", "<span data-toggle='tooltip' data-placement='right' title='原始值：8.30156'>8.30</span>", "<span data-toggle='tooltip' data-placement='right' title='原始值：10.99045'>10.99</span>", "<span data-toggle='tooltip' data-placement='right' title='原始值：735.902'>735.9</span>", "<span data-toggle='tooltip' data-placement='right' title='原始值：6.75159'>6.8</span>", "<span data-toggle='tooltip' data-placement='right' title='原始值：0.465'>0.46</span>", "<span data-toggle='tooltip' data-placement='right' title='原始值：0.67'>0.670</span>", "<span data-toggle='tooltip' data-placement='right' title='极值过滤'>--</span>", "<span data-toggle='tooltip' data-placement='right' title='极值过滤'>--</span>", "*", "*", "维护"], ["湖北省", "长江流域", "<span data-toggle='tooltip' data-placement='right' title='所在地市:武汉市&#10;所属河流:汉江'>宗关</span>", "12-22 08:00", "Ⅱ", "<span data-toggle='tooltip' data-placement='right' title='原始值：9.11'>9.1</span>", "<span data-toggle='tooltip' data-placement='right' title='原始值：7.907156'>7.91</span>", "<span data-toggle='tooltip' data-placement='right' title='原始值：11.12607'>11.13</span>", "<span data-toggle='tooltip' data-placement='right' title='原始值：383.5482'>383.5</span>", "<span data-toggle='tooltip' data-placement='right' title='原始值：15.17419'>15.2</span>", "<span data-toggle='tooltip' data-placement='right' title='原始值：2.23'>2.23</span>", "<span data-toggle='tooltip' data-placement='right' title='原始值：0.076'>0.076</span>", "<span data-toggle='tooltip' data-placement='right' title='原始值：0.087'>0.087</span>", "<span data-toggle='tooltip' data-placement='right' title='原始值：3.229954'>3.23</span>", "<span data-toggle='tooltip' data-placement='right' title='原始值：0.0029063'>0.003</span>", "*", "正常"], ["湖北省", "长江流域", "<span data-toggle='tooltip' data-placement='right' title='所在地市:十堰市&#10;所属河流:丹江口水库'>坝上中(胡家岭)</span>", "12-22 08:00", "Ⅱ", "<span data-toggle='tooltip' data-placement='right' title='原始值：14.25'>14.2</span>", "<span data-toggle='tooltip' data-placement='right' title='原始值：7.763975'>7.76</span>", "<span data-toggle='tooltip' data-placement='right' title='原始值：8.248812'>8.25</span>", "<span data-toggle='tooltip' data-placement='right' title='原始值：263.14'>263.1</span>", "<span data-toggle='tooltip' data-placement='right' title='原始值：3.237262'>3.2</span>", "<span data-toggle='tooltip' data-placement='right' title='原始值：2.07'>2.07</span>", "<span data-toggle='tooltip' data-placement='right' title='原始值：0.108'>0.108</span>", "<span data-toggle='tooltip' data-placement='right' title='原始值：0.018'>0.018</span>", "<span data-toggle='tooltip' data-placement='right' title='原始值：1.2509'>1.25</span>", "<span data-toggle='tooltip' data-placement='right' title='原始值：0.0069272'>0.007</span>", "<span data-toggle='tooltip' data-placement='right' title='原始值：7354000'>7354000</span>", "正常"], ["湖北省", "长江流域", "<span data-toggle='tooltip' data-placement='right' title='所在地市:宜昌市&#10;所属河流:长江'>南津关</span>", "12-22 08:00", "Ⅱ", "<span data-toggle='tooltip' data-placement='right' title='原始值：16.75'>16.8</span>", "<span data-toggle='tooltip' data-placement='right' title='原始值：8.000337'>8.00</span>", "<span data-toggle='tooltip' data-placement='right' title='原始值：8.570784'>8.57</span>", "<span data-toggle='tooltip' data-placement='right' title='原始值：399.664'>399.7</span>", "<span data-toggle='tooltip' data-placement='right' title='原始值：3.048497'>3.0</span>", "<span data-toggle='tooltip' data-placement='right' title='原始值：1.44'>1.44</span>", "<span data-toggle='tooltip' data-placement='right' title='原始值：0.117'>0.117</span>", "<span data-toggle='tooltip' data-placement='right' title='原始值：0.043'>0.043</span>", "<span data-toggle='tooltip' data-placement='right' title='原始值：1.46'>1.46</span>", "<span data-toggle='tooltip' data-placement='right' title='原始值：0.0038314'>0.004</span>", "*", "正常"], ["湖南省", "长江流域", "<span data-toggle='tooltip' data-placement='right' title='所在地市:长沙市&#10;所属河流:湘江'>新港</span>", "12-22 08:00", "Ⅱ", "<span data-toggle='tooltip' data-placement='right' title='原始值：11.11'>11.1</span>", "<span data-toggle='tooltip' data-placement='right' title='原始值：7.7'>7.70</span>", "<span data-toggle='tooltip' data-placement='right' title='原始值：9.59'>9.59</span>", "<span data-toggle='tooltip' data-placement='right' title='原始值：282.72'>282.7</span>", "<span data-toggle='tooltip' data-placement='right' title='原始值：29.87'>29.9</span>", "<span data-toggle='tooltip' data-placement='right' title='原始值：1.95'>1.95</span>", "<span data-toggle='tooltip' data-placement='right' title='原始值：0.16'>0.160</span>", "<span data-toggle='tooltip' data-placement='right' title='原始值：0.046'>0.046</span>", "<span data-toggle='tooltip' data-placement='right' title='原始值：2.01'>2.01</span>", "*", "*", "正常"], ["湖南省", "长江流域", "<span data-toggle='tooltip' data-placement='right' title='所在地市:岳阳市&#10;所属河流:洞庭湖'>岳阳楼</span>", "12-22 08:00", "Ⅳ", "<span data-toggle='tooltip' data-placement='right' title='原始值：8.36'>8.4</span>", "<span data-toggle='tooltip' data-placement='right' title='原始值：8.036404'>8.04</span>", "<span data-toggle='tooltip' data-placement='right' title='原始值：10.68336'>10.68</span>", "<span data-toggle='tooltip' data-placement='right' title='原始值：272.3697'>272.4</span>", "<span data-toggle='tooltip' data-placement='right' title='原始值：40.56699'>40.6</span>", "<span data-toggle='tooltip' data-placement='right' title='原始值：2.02'>2.02</span>", "<span data-toggle='tooltip' data-placement='right' title='原始值：0.016'>0.016</span>", "<span data-toggle='tooltip' data-placement='right' title='原始值：0.098'>0.098</span>", "<span data-toggle='tooltip' data-placement='right' title='原始值：2.672'>2.67</span>", "<span data-toggle='tooltip' data-placement='right' title='原始值：0.0031875'>0.003</span>", "<span data-toggle='tooltip' data-placement='right' title='原始值：317.741'>318</span>", "正常"], ["湖南省", "长江流域", "<span data-toggle='tooltip' data-placement='right' title='所在地市:岳阳市&#10;所属河流:长江'>城陵矶</span>", "12-22 08:00", "Ⅲ", "<span data-toggle='tooltip' data-placement='right' title='原始值：9.78'>9.8</span>", "<span data-toggle='tooltip' data-placement='right' title='原始值：7.787865'>7.79</span>", "<span data-toggle='tooltip' data-placement='right' title='原始值：10.86558'>10.87</span>", "<span data-toggle='tooltip' data-placement='right' title='原始值：314.572'>314.6</span>", "<span data-toggle='tooltip' data-placement='right' title='原始值：44.04448'>44.0</span>", "<span data-toggle='tooltip' data-placement='right' title='原始值：2.41'>2.41</span>", "<span data-toggle='tooltip' data-placement='right' title='原始值：0.005'>0.005</span>", "<span data-toggle='tooltip' data-placement='right' title='原始值：0.135'>0.135</span>", "<span data-toggle='tooltip' data-placement='right' title='原始值：1.8231'>1.82</span>", "*", "*", "正常"], ["广东省", "珠江流域", "<span data-toggle='tooltip' data-placement='right' title='所在地市:清远市&#10;所属河流:北江'>七星岗</span>", "12-22 08:00", "Ⅱ", "<span data-toggle='tooltip' data-placement='right' title='原始值：15.78521'>15.8</span>", "<span data-toggle='tooltip' data-placement='right' title='原始值：7.85271'>7.85</span>", "<span data-toggle='tooltip' data-placement='right' title='原始值：10.5614'>10.56</span>", "<span data-toggle='tooltip' data-placement='right' title='原始值：275.7014'>275.7</span>", "<span data-toggle='tooltip' data-placement='right' title='原始值：14.5322'>14.5</span>", "<span data-toggle='tooltip' data-placement='right' title='原始值：3.49'>3.49</span>", "<span data-toggle='tooltip' data-placement='right' title='原始值：0.11742'>0.117</span>", "<span data-toggle='tooltip' data-placement='right' title='原始值：0.03987'>0.040</span>", "<span data-toggle='tooltip' data-placement='right' title='原始值：2.5828'>2.58</span>", "*", "*", "正常"], ["广东省", "珠江流域", "<span data-toggle='tooltip' data-placement='right' title='所在地市:中山市&#10;所属河流:西江'>横栏</span>", "12-22 08:00", "Ⅰ", "<span data-toggle='tooltip' data-placement='right' title='原始值：16.6'>16.6</span>", "<span data-toggle='tooltip' data-placement='right' title='原始值：7.65'>7.65</span>", "<span data-toggle='tooltip' data-placement='right' title='原始值：8.7'>8.70</span>", "<span data-toggle='tooltip' data-placement='right' title='原始值：315'>315.0</span>", "<span data-toggle='tooltip' data-placement='right' title='原始值：11.6'>11.6</span>", "<span data-toggle='tooltip' data-placement='right' title='原始值：1.63'>1.63</span>", "<span data-toggle='tooltip' data-placement='right' title='原始值：0.10525'>0.105</span>", "*", "*", "*", "*", "正常"], ["广西壮族自治区", "珠江流域", "<span data-toggle='tooltip' data-placement='right' title='所在地市:南宁市&#10;所属河流:邕江'>老口</span>", null, "", "--", "--", "--", "--", "--", "--", "--", "--", "--", "*", "*", "维护"], ["广西壮族自治区", "珠江流域", "<span data-toggle='tooltip' data-placement='right' title='所在地市:桂林市&#10;所属河流:漓江'>阳朔</span>", null, "", "--", "--", "--", "--", "--", "--", "--", "--", "--", "*", "*", "停站"], ["广西壮族自治区", "珠江流域", "<span data-toggle='tooltip' data-placement='right' title='所在地市:梧州市&#10;所属河流:浔江'>界首</span>", null, "", "--", "--", "--", "--", "--", "--", "--", "--", "--", "*", "*", "停站"], ["广西壮族自治区", "珠江流域", "<span data-toggle='tooltip' data-placement='right' title='所在地市:贵港市&#10;所属河流:浔江'>石嘴</span>", null, "", "--", "--", "--", "--", "--", "--", "--", "--", "--", "*", "*", "停站"], ["广西壮族自治区", "珠江流域", "<span data-toggle='tooltip' data-placement='right' title='所在地市:崇左市&#10;所属河流:平而河'>平而关</span>", "12-22 08:00", "Ⅰ", "<span data-toggle='tooltip' data-placement='right' title='原始值：16.56137'>16.6</span>", "<span data-toggle='tooltip' data-placement='right' title='原始值：8.05689'>8.06</span>", "<span data-toggle='tooltip' data-placement='right' title='原始值：10.03422'>10.03</span>", "<span data-toggle='tooltip' data-placement='right' title='原始值：260.3315'>260.3</span>", "<span data-toggle='tooltip' data-placement='right' title='原始值：18.00501'>18.0</span>", "<span data-toggle='tooltip' data-placement='right' title='原始值：0.72541'>0.73</span>", "<span data-toggle='tooltip' data-placement='right' title='原始值：0.08'>0.080</span>", "*", "*", "*", "*", "正常"], ["重庆市", "长江流域", "<span data-toggle='tooltip' data-placement='right' title='所在地市:永川区&#10;所属河流:长江'>朱沱</span>", "12-22 08:00", "Ⅱ", "<span data-toggle='tooltip' data-placement='right' title='原始值：11.81'>11.8</span>", "<span data-toggle='tooltip' data-placement='right' title='原始值：7.66'>7.66</span>", "<span data-toggle='tooltip' data-placement='right' title='原始值：10.4'>10.40</span>", "<span data-toggle='tooltip' data-placement='right' title='原始值：385.68'>385.7</span>", "<span data-toggle='tooltip' data-placement='right' title='原始值：10.55'>10.6</span>", "<span data-toggle='tooltip' data-placement='right' title='原始值：1.019'>1.02</span>", "<span data-toggle='tooltip' data-placement='right' title='原始值：0.006'>0.006</span>", "<span data-toggle='tooltip' data-placement='right' title='原始值：0.071'>0.071</span>", "<span data-toggle='tooltip' data-placement='right' title='原始值：1.556'>1.56</span>", "*", "*", "正常"], ["四川省", "长江流域", "<span data-toggle='tooltip' data-placement='right' title='所在地市:攀枝花市&#10;所属河流:金沙江'>龙洞</span>", "12-22 08:00", "Ⅰ", "<span data-toggle='tooltip' data-placement='right' title='原始值：15.07'>15.1</span>", "<span data-toggle='tooltip' data-placement='right' title='原始值：8.306444'>8.31</span>", "<span data-toggle='tooltip' data-placement='right' title='原始值：8.759037'>8.76</span>", "<span data-toggle='tooltip' data-placement='right' title='原始值：849.547'>849.5</span>", "<span data-toggle='tooltip' data-placement='right' title='原始值：6.814263'>6.8</span>", "<span data-toggle='tooltip' data-placement='right' title='原始值：0.91'>0.91</span>", "<span data-toggle='tooltip' data-placement='right' title='原始值：0.002'>0.002</span>", "<span data-toggle='tooltip' data-placement='right' title='原始值：0.009524'>0.010</span>", "<span data-toggle='tooltip' data-placement='right' title='原始值：1.696432'>1.70</span>", "*", "*", "正常"], ["四川省", "长江流域", "<span data-toggle='tooltip' data-placement='right' title='所在地市:泸州市&#10;所属河流:沱江'>沱江大桥(沱江二桥)</span>", "12-22 08:00", "Ⅱ", "<span data-toggle='tooltip' data-placement='right' title='原始值：11.68'>11.7</span>", "<span data-toggle='tooltip' data-placement='right' title='原始值：8.153077'>8.15</span>", "<span data-toggle='tooltip' data-placement='right' title='原始值：10.1865'>10.19</span>", "<span data-toggle='tooltip' data-placement='right' title='原始值：588.3747'>588.4</span>", "<span data-toggle='tooltip' data-placement='right' title='原始值：10.79449'>10.8</span>", "<span data-toggle='tooltip' data-placement='right' title='原始值：1.55'>1.55</span>", "<span data-toggle='tooltip' data-placement='right' title='原始值：0.007'>0.007</span>", "<span data-toggle='tooltip' data-placement='right' title='原始值：0.0976383'>0.098</span>", "<span data-toggle='tooltip' data-placement='right' title='原始值：3.354815'>3.35</span>", "*", "*", "正常"], ["四川省", "长江流域", "<span data-toggle='tooltip' data-placement='right' title='所在地市:广元市&#10;所属河流:嘉陵江'>清风峡</span>", "12-22 08:00", "Ⅰ", "<span data-toggle='tooltip' data-placement='right' title='原始值：5.79999'>5.8</span>", "<span data-toggle='tooltip' data-placement='right' title='原始值：8.33'>8.33</span>", "<span data-toggle='tooltip' data-placement='right' title='原始值：12.18712'>12.19</span>", "<span data-toggle='tooltip' data-placement='right' title='原始值：387.4167'>387.4</span>", "<span data-toggle='tooltip' data-placement='right' title='原始值：102.0795'>102.1</span>", "<span data-toggle='tooltip' data-placement='right' title='原始值：0.58'>0.58</span>", "<span data-toggle='tooltip' data-placement='right' title='原始值：0.10673'>0.107</span>", "*", "*", "*", "*", "正常"], ["四川省", "长江流域", "<span data-toggle='tooltip' data-placement='right' title='所在地市:乐山市&#10;所属河流:岷江'>岷江大桥</span>", null, "", "--", "--", "--", "--", "--", "--", "--", "--", "--", "*", "*", "停站"], ["四川省", "长江流域", "<span data-toggle='tooltip' data-placement='right' title='所在地市:宜宾市&#10;所属河流:岷江'>凉姜沟</span>", "12-22 08:00", "Ⅱ", "<span data-toggle='tooltip' data-placement='right' title='原始值：11.78'>11.8</span>", "<span data-toggle='tooltip' data-placement='right' title='原始值：8.088378'>8.09</span>", "<span data-toggle='tooltip' data-placement='right' title='原始值：9.329026'>9.33</span>", "<span data-toggle='tooltip' data-placement='right' title='原始值：302.4111'>302.4</span>", "<span data-toggle='tooltip' data-placement='right' title='原始值：40.56985'>40.6</span>", "<span data-toggle='tooltip' data-placement='right' title='原始值：1.57'>1.57</span>", "<span data-toggle='tooltip' data-placement='right' title='原始值：0.22'>0.220</span>", "<span data-toggle='tooltip' data-placement='right' title='原始值：0.0909052'>0.091</span>", "<span data-toggle='tooltip' data-placement='right' title='原始值：2.002095'>2.00</span>", "*", "*", "正常"], ["云南省", "滇池流域", "<span data-toggle='tooltip' data-placement='right' title='所在地市:昆明市&#10;所属河流:滇池'>西苑隧道</span>", "12-22 08:00", "Ⅲ", "<span data-toggle='tooltip' data-placement='right' title='原始值：11.26'>11.3</span>", "<span data-toggle='tooltip' data-placement='right' title='原始值：7.90074'>7.90</span>", "<span data-toggle='tooltip' data-placement='right' title='原始值：6.737'>6.74</span>", "<span data-toggle='tooltip' data-placement='right' title='原始值：687.904'>687.9</span>", "<span data-toggle='tooltip' data-placement='right' title='原始值：29.7'>29.7</span>", "<span data-toggle='tooltip' data-placement='right' title='原始值：3.93494'>3.93</span>", "<span data-toggle='tooltip' data-placement='right' title='原始值：0.12683'>0.127</span>", "<span data-toggle='tooltip' data-placement='right' title='原始值：0.02885'>0.029</span>", "<span data-toggle='tooltip' data-placement='right' title='原始值：4.73253'>4.73</span>", "<span data-toggle='tooltip' data-placement='right' title='原始值：0.00251'>0.003</span>", "<span data-toggle='tooltip' data-placement='right' title='原始值：9543927'>9543927</span>", "正常"], ["云南省", "滇池流域", "<span data-toggle='tooltip' data-placement='right' title='所在地市:昆明市&#10;所属河流:滇池'>观音山</span>", "12-22 08:00", "劣Ⅴ", "<span data-toggle='tooltip' data-placement='right' title='原始值：11.33044'>11.3</span>", "<span data-toggle='tooltip' data-placement='right' title='原始值：9.24888'>9.25</span>", "<span data-toggle='tooltip' data-placement='right' title='原始值：8.179'>8.18</span>", "<span data-toggle='tooltip' data-placement='right' title='原始值：414.213'>414.2</span>", "<span data-toggle='tooltip' data-placement='right' title='原始值：58.3'>58.3</span>", "<span data-toggle='tooltip' data-placement='right' title='原始值：8.99928'>9.00</span>", "<span data-toggle='tooltip' data-placement='right' title='原始值：1.91'>1.910</span>", "<span data-toggle='tooltip' data-placement='right' title='原始值：0.1226'>0.123</span>", "<span data-toggle='tooltip' data-placement='right' title='原始值：1.49'>1.49</span>", "<span data-toggle='tooltip' data-placement='right' title='原始值：0.00219'>0.002</span>", "<span data-toggle='tooltip' data-placement='right' title='原始值：4984802'>4984802</span>", "正常"], ["云南省", "西南诸河", "<span data-toggle='tooltip' data-placement='right' title='所在地市:红河哈尼族彝族自治州&#10;所属河流:红河'>河口县医院(河口)</span>", "12-22 08:00", "Ⅱ", "<span data-toggle='tooltip' data-placement='right' title='原始值：19.45923'>19.5</span>", "<span data-toggle='tooltip' data-placement='right' title='原始值：7.85558'>7.86</span>", "<span data-toggle='tooltip' data-placement='right' title='原始值：8.09679'>8.10</span>", "<span data-toggle='tooltip' data-placement='right' title='原始值：266.6411'>266.6</span>", "<span data-toggle='tooltip' data-placement='right' title='原始值：37.29028'>37.3</span>", "<span data-toggle='tooltip' data-placement='right' title='原始值：1.68844'>1.69</span>", "<span data-toggle='tooltip' data-placement='right' title='原始值：0.0532'>0.053</span>", "<span data-toggle='tooltip' data-placement='right' title='原始值：0.08101'>0.081</span>", "<span data-toggle='tooltip' data-placement='right' title='原始值：1.32549'>1.33</span>", "*", "*", "正常"], ["云南省", "西南诸河", "<span data-toggle='tooltip' data-placement='right' title='所在地市:西双版纳傣族自治州&#10;所属河流:澜沧江'>橄榄坝</span>", "12-22 08:00", "Ⅱ", "<span data-toggle='tooltip' data-placement='right' title='原始值：18.193'>18.2</span>", "<span data-toggle='tooltip' data-placement='right' title='原始值：7.636'>7.64</span>", "<span data-toggle='tooltip' data-placement='right' title='原始值：8.819'>8.82</span>", "<span data-toggle='tooltip' data-placement='right' title='原始值：545.277'>545.3</span>", "<span data-toggle='tooltip' data-placement='right' title='原始值：8.15'>8.2</span>", "<span data-toggle='tooltip' data-placement='right' title='原始值：0.48'>0.48</span>", "<span data-toggle='tooltip' data-placement='right' title='原始值：0.156'>0.156</span>", "*", "*", "*", "*", "正常"], ["陕西省", "黄河流域", "<span data-toggle='tooltip' data-placement='right' title='所在地市:渭南市&#10;所属河流:渭河'>潼关吊桥</span>", "12-22 08:00", "Ⅲ", "<span data-toggle='tooltip' data-placement='right' title='原始值：7.1254'>7.1</span>", "<span data-toggle='tooltip' data-placement='right' title='原始值：8.36873'>8.37</span>", "<span data-toggle='tooltip' data-placement='right' title='原始值：8.5048'>8.50</span>", "<span data-toggle='tooltip' data-placement='right' title='原始值：1117'>1117.0</span>", "<span data-toggle='tooltip' data-placement='right' title='原始值：205.013'>205.0</span>", "<span data-toggle='tooltip' data-placement='right' title='原始值：3.27'>3.27</span>", "<span data-toggle='tooltip' data-placement='right' title='原始值：0.51'>0.510</span>", "<span data-toggle='tooltip' data-placement='right' title='原始值：0.15345'>0.153</span>", "<span data-toggle='tooltip' data-placement='right' title='原始值：7.77414'>7.77</span>", "*", "*", "正常"], ["甘肃省", "黄河流域", "<span data-toggle='tooltip' data-placement='right' title='所在地市:兰州市&#10;所属河流:黄河'>新城桥</span>", null, "", "--", "--", "--", "--", "--", "--", "--", "--", "--", "*", "*", "停站"], ["宁夏回族自治区", "黄河流域", "<span data-toggle='tooltip' data-placement='right' title='所在地市:中卫市&#10;所属河流:黄河'>中卫下河沿(新墩)</span>", "12-22 08:00", "Ⅰ", "<span data-toggle='tooltip' data-placement='right' title='原始值：5.2254'>5.2</span>", "<span data-toggle='tooltip' data-placement='right' title='原始值：7.54092'>7.54</span>", "<span data-toggle='tooltip' data-placement='right' title='原始值：11.12499'>11.12</span>", "<span data-toggle='tooltip' data-placement='right' title='原始值：746.4694'>746.5</span>", "<span data-toggle='tooltip' data-placement='right' title='原始值：35.17176'>35.2</span>", "<span data-toggle='tooltip' data-placement='right' title='原始值：1.36'>1.36</span>", "<span data-toggle='tooltip' data-placement='right' title='原始值：0.03'>0.030</span>", "<span data-toggle='tooltip' data-placement='right' title='原始值：0.0151'>0.015</span>", "<span data-toggle='tooltip' data-placement='right' title='原始值：2.186'>2.19</span>", "*", "*", "正常"]]}