{"result": 1, "total": 1, "records": 98, "thead": ["省份", "流域", "断面名称", "监测时间", "水质类别", "水温<br/><span class='unit'>(℃)</span>", "pH<br/><span class='unit'>(无量纲)</span>", "溶解氧<br/><span class='unit'>(mg/L)</span>", "电导率<br/><span class='unit'>(μS/cm)</span>", "浊度<br/><span class='unit'>(NTU)</span>", "高锰酸盐指数<br/><span class='unit'>(mg/L)</span>", "氨氮<br/><span class='unit'>(mg/L)</span>", "总磷<br/><span class='unit'>(mg/L)</span>", "总氮<br/><span class='unit'>(mg/L)</span>", "叶绿素α<br/><span class='unit'>(mg/L)</span>", "藻密度<br/><span class='unit'>(cells/L)</span>", "站点情况"], "tbody": [["北京市", "海河流域", "<span data-toggle='tooltip' data-placement='right' title='所在地市:门头沟区&#10;所属河流:永定河'>沿河城</span>", "11-20 08:00", "Ⅳ", "<span data-toggle='tooltip' data-placement='right' title='原始值：7.59335'>7.6</span>", "<span data-toggle='tooltip' data-placement='right' title='原始值：8.16199'>8.16</span>", "<span data-toggle='tooltip' data-placement='right' title='原始值：11.25026'>11.25</span>", "<span data-toggle='tooltip' data-placement='right' title='原始值：1206.721'>1206.7</span>", "<span data-toggle='tooltip' data-placement='right' title='原始值：3.42074'>3.4</span>", "<span data-toggle='tooltip' data-placement='right' title='原始值：6.595'>6.60</span>", "<span data-toggle='tooltip' data-placement='right' title='原始值：0.56'>0.560</span>", "<span data-toggle='tooltip' data-placement='right' title='原始值：0.01786'>0.018</span>", "<span data-toggle='tooltip' data-placement='right' title='原始值：1.56521'>1.57</span>", "*", "*", "正常"], ["北京市", "海河流域", "<span data-toggle='tooltip' data-placement='right' title='所在地市:密云区&#10;所属河流:潮河'>古北口</span>", "11-20 08:00", "Ⅲ", "<span data-toggle='tooltip' data-placement='right' title='原始值：11.95138'>12.0</span>", "<span data-toggle='tooltip' data-placement='right' title='原始值：8.10771'>8.11</span>", "<span data-toggle='tooltip' data-placement='right' title='原始值：5.71446'>5.71</span>", "<span data-toggle='tooltip' data-placement='right' title='原始值：748.0688'>748.1</span>", "<span data-toggle='tooltip' data-placement='right' title='原始值：3.21052'>3.2</span>", "<span data-toggle='tooltip' data-placement='right' title='原始值：1.645'>1.64</span>", "<span data-toggle='tooltip' data-placement='right' title='原始值：0.1'>0.100</span>", "<span data-toggle='tooltip' data-placement='right' title='原始值：0.0021'>0.002</span>", "<span data-toggle='tooltip' data-placement='right' title='原始值：10.2851'>10.29</span>", "*", "*", "正常"], ["天津市", "海河流域", "<span data-toggle='tooltip' data-placement='right' title='所在地市:河北区&#10;所属河流:海河'>三岔口</span>", "11-20 08:00", "Ⅱ", "<span data-toggle='tooltip' data-placement='right' title='原始值：12.6255'>12.6</span>", "<span data-toggle='tooltip' data-placement='right' title='原始值：7.778'>7.78</span>", "<span data-toggle='tooltip' data-placement='right' title='原始值：9.45'>9.45</span>", "<span data-toggle='tooltip' data-placement='right' title='原始值：401.1725'>401.2</span>", "<span data-toggle='tooltip' data-placement='right' title='原始值：9.535'>9.5</span>", "<span data-toggle='tooltip' data-placement='right' title='原始值：1.55'>1.55</span>", "<span data-toggle='tooltip' data-placement='right' title='原始值：0.22'>0.220</span>", "<span data-toggle='tooltip' data-placement='right' title='原始值：0.0063'>0.006</span>", "<span data-toggle='tooltip' data-placement='right' title='原始值：1.3033'>1.30</span>", "*", "*", "正常"], ["天津市", "海河流域", "<span data-toggle='tooltip' data-placement='right' title='所在地市:蓟州区&#10;所属河流:果河'>果河桥</span>", "11-20 08:00", "Ⅱ", "<span data-toggle='tooltip' data-placement='right' title='原始值：9.9'>9.9</span>", "<span data-toggle='tooltip' data-placement='right' title='原始值：8.21'>8.21</span>", "<span data-toggle='tooltip' data-placement='right' title='原始值：10.801'>10.80</span>", "<span data-toggle='tooltip' data-placement='right' title='原始值：604.076'>604.1</span>", "<span data-toggle='tooltip' data-placement='right' title='原始值：6.3'>6.3</span>", "<span data-toggle='tooltip' data-placement='right' title='原始值：2.1415'>2.14</span>", "<span data-toggle='tooltip' data-placement='right' title='原始值：0.28'>0.280</span>", "<span data-toggle='tooltip' data-placement='right' title='原始值：0.0565'>0.056</span>", "<span data-toggle='tooltip' data-placement='right' title='原始值：3.6862'>3.69</span>", "*", "*", "正常"], ["河北省", "海河流域", "<span data-toggle='tooltip' data-placement='right' title='所在地市:石家庄市&#10;所属河流:滹沱河'>岗南水库</span>", "11-20 08:00", "Ⅱ", "<span data-toggle='tooltip' data-placement='right' title='原始值：15.43496'>15.4</span>", "<span data-toggle='tooltip' data-placement='right' title='原始值：8.60384'>8.60</span>", "<span data-toggle='tooltip' data-placement='right' title='原始值：9.34476'>9.34</span>", "<span data-toggle='tooltip' data-placement='right' title='原始值：577.1239'>577.1</span>", "<span data-toggle='tooltip' data-placement='right' title='原始值：2.59147'>2.6</span>", "<span data-toggle='tooltip' data-placement='right' title='原始值：2.40234'>2.40</span>", "<span data-toggle='tooltip' data-placement='right' title='原始值：0.07'>0.070</span>", "<span data-toggle='tooltip' data-placement='right' title='原始值：0.02098'>0.021</span>", "<span data-toggle='tooltip' data-placement='right' title='原始值：2.59198'>2.59</span>", "*", "*", "正常"], ["河北省", "海河流域", "<span data-toggle='tooltip' data-placement='right' title='所在地市:张家口市&#10;所属河流:永定河'>八号桥</span>", null, "", "--", "--", "--", "--", "--", "--", "--", "--", "--", "*", "*", "停站"], ["山西省", "黄河流域", "<span data-toggle='tooltip' data-placement='right' title='所在地市:运城市&#10;所属河流:汾河'>河津大桥</span>", "11-20 08:00", "Ⅳ", "<span data-toggle='tooltip' data-placement='right' title='原始值：13.95222'>14.0</span>", "<span data-toggle='tooltip' data-placement='right' title='原始值：8.08877'>8.09</span>", "<span data-toggle='tooltip' data-placement='right' title='原始值：8.45221'>8.45</span>", "<span data-toggle='tooltip' data-placement='right' title='原始值：1707.754'>1707.8</span>", "<span data-toggle='tooltip' data-placement='right' title='原始值：143.0418'>143.0</span>", "<span data-toggle='tooltip' data-placement='right' title='原始值：7.25'>7.25</span>", "<span data-toggle='tooltip' data-placement='right' title='原始值：0.24'>0.240</span>", "*", "*", "*", "*", "正常"], ["山西省", "黄河流域", "<span data-toggle='tooltip' data-placement='right' title='所在地市:忻州市&#10;所属河流:黄河'>万家寨水库</span>", "11-20 08:00", "Ⅱ", "<span data-toggle='tooltip' data-placement='right' title='原始值：9.42039'>9.4</span>", "<span data-toggle='tooltip' data-placement='right' title='原始值：7.99611'>8.00</span>", "<span data-toggle='tooltip' data-placement='right' title='原始值：10.69168'>10.69</span>", "<span data-toggle='tooltip' data-placement='right' title='原始值：533.9668'>534.0</span>", "<span data-toggle='tooltip' data-placement='right' title='原始值：28.62328'>28.6</span>", "<span data-toggle='tooltip' data-placement='right' title='原始值：3.23'>3.23</span>", "<span data-toggle='tooltip' data-placement='right' title='原始值：0.29'>0.290</span>", "<span data-toggle='tooltip' data-placement='right' title='原始值：0.0395'>0.040</span>", "<span data-toggle='tooltip' data-placement='right' title='原始值：2.1'>2.10</span>", "*", "*", "正常"], ["内蒙古自治区", "黄河流域", "<span data-toggle='tooltip' data-placement='right' title='所在地市:包头市&#10;所属河流:黄河'>画匠营子</span>", "11-20 08:00", "Ⅱ", "<span data-toggle='tooltip' data-placement='right' title='原始值：8.90027'>8.9</span>", "<span data-toggle='tooltip' data-placement='right' title='原始值：8.23839'>8.24</span>", "<span data-toggle='tooltip' data-placement='right' title='原始值：9.77755'>9.78</span>", "<span data-toggle='tooltip' data-placement='right' title='原始值：821.5771'>821.6</span>", "<span data-toggle='tooltip' data-placement='right' title='原始值：836.8208'>836.8</span>", "<span data-toggle='tooltip' data-placement='right' title='原始值：3.88952'>3.89</span>", "<span data-toggle='tooltip' data-placement='right' title='原始值：0.09489'>0.095</span>", "*", "*", "*", "*", "正常"], ["内蒙古自治区", "黄河流域", "<span data-toggle='tooltip' data-placement='right' title='所在地市:乌海市&#10;所属河流:黄河'>海勃湾</span>", "11-20 08:00", "Ⅱ", "<span data-toggle='tooltip' data-placement='right' title='原始值：9.51276'>9.5</span>", "<span data-toggle='tooltip' data-placement='right' title='原始值：8.37068'>8.37</span>", "<span data-toggle='tooltip' data-placement='right' title='原始值：8.54043'>8.54</span>", "<span data-toggle='tooltip' data-placement='right' title='原始值：756.2836'>756.3</span>", "<span data-toggle='tooltip' data-placement='right' title='原始值：95.21456'>95.2</span>", "<span data-toggle='tooltip' data-placement='right' title='原始值：3.03'>3.03</span>", "<span data-toggle='tooltip' data-placement='right' title='原始值：0.13'>0.130</span>", "*", "*", "*", "*", "正常"], ["内蒙古自治区", "松花江流域", "<span data-toggle='tooltip' data-placement='right' title='所在地市:呼伦贝尔市&#10;所属河流:额尔古纳河'>黑山头</span>", null, "", "--", "--", "--", "--", "--", "--", "--", "--", "--", "*", "*", "停站"], ["辽宁省", "辽河流域", "<span data-toggle='tooltip' data-placement='right' title='所在地市:抚顺市&#10;所属河流:浑河'>大伙房水库</span>", null, "", "--", "--", "--", "--", "--", "--", "--", "--", "--", "--", "*", "停站"], ["辽宁省", "辽河流域", "<span data-toggle='tooltip' data-placement='right' title='所在地市:丹东市&#10;所属河流:鸭绿江'>江桥</span>", "11-20 08:00", "Ⅱ", "<span data-toggle='tooltip' data-placement='right' title='原始值：18.2'>18.2</span>", "<span data-toggle='tooltip' data-placement='right' title='原始值：6.78'>6.78</span>", "<span data-toggle='tooltip' data-placement='right' title='原始值：6.09'>6.09</span>", "<span data-toggle='tooltip' data-placement='right' title='原始值：146.25'>146.2</span>", "<span data-toggle='tooltip' data-placement='right' title='原始值：12'>12.0</span>", "<span data-toggle='tooltip' data-placement='right' title='原始值：1.15'>1.15</span>", "<span data-toggle='tooltip' data-placement='right' title='原始值：0.002'>0.002</span>", "<span data-toggle='tooltip' data-placement='right' title='原始值：0.06648'>0.066</span>", "<span data-toggle='tooltip' data-placement='right' title='原始值：2.94388'>2.94</span>", "*", "*", "正常"], ["辽宁省", "辽河流域", "<span data-toggle='tooltip' data-placement='right' title='所在地市:营口市&#10;所属河流:大辽河'>辽河公园</span>", null, "", "--", "--", "--", "--", "--", "--", "--", "--", "--", "*", "*", "停站"], ["辽宁省", "辽河流域", "<span data-toggle='tooltip' data-placement='right' title='所在地市:辽阳市&#10;所属河流:太子河'>汤河水库</span>", null, "", "--", "--", "--", "--", "--", "--", "--", "--", "--", "*", "*", "停站"], ["辽宁省", "辽河流域", "<span data-toggle='tooltip' data-placement='right' title='所在地市:盘锦市&#10;所属河流:辽河'>盘锦兴安(兴安)</span>", null, "", "--", "--", "--", "--", "--", "--", "--", "--", "--", "*", "*", "停站"], ["辽宁省", "辽河流域", "<span data-toggle='tooltip' data-placement='right' title='所在地市:铁岭市&#10;所属河流:辽河'>珠尔山</span>", "11-20 08:00", "Ⅲ", "<span data-toggle='tooltip' data-placement='right' title='原始值：5.73259'>5.7</span>", "<span data-toggle='tooltip' data-placement='right' title='原始值：7.76138'>7.76</span>", "<span data-toggle='tooltip' data-placement='right' title='原始值：12.84246'>12.84</span>", "<span data-toggle='tooltip' data-placement='right' title='原始值：631.8964'>631.9</span>", "<span data-toggle='tooltip' data-placement='right' title='原始值：10.15807'>10.2</span>", "<span data-toggle='tooltip' data-placement='right' title='原始值：3.68705'>3.69</span>", "<span data-toggle='tooltip' data-placement='right' title='原始值：0.19'>0.190</span>", "<span data-toggle='tooltip' data-placement='right' title='原始值：0.1088'>0.109</span>", "<span data-toggle='tooltip' data-placement='right' title='原始值：5.16937'>5.17</span>", "*", "*", "正常"], ["吉林省", "松花江流域", "<span data-toggle='tooltip' data-placement='right' title='所在地市:长春市&#10;所属河流:松花江'>松花江村</span>", null, "", "--", "--", "--", "--", "--", "--", "--", "--", "--", "*", "*", "停站"], ["吉林省", "松花江流域", "<span data-toggle='tooltip' data-placement='right' title='所在地市:白城市&#10;所属河流:嫩江'>白沙滩</span>", "11-20 08:00", "Ⅱ", "<span data-toggle='tooltip' data-placement='right' title='原始值：3.15699'>3.2</span>", "<span data-toggle='tooltip' data-placement='right' title='原始值：7.85511'>7.86</span>", "<span data-toggle='tooltip' data-placement='right' title='原始值：13.54519'>13.55</span>", "<span data-toggle='tooltip' data-placement='right' title='原始值：363.3235'>363.3</span>", "<span data-toggle='tooltip' data-placement='right' title='原始值：72.5573'>72.6</span>", "<span data-toggle='tooltip' data-placement='right' title='原始值：3.92083'>3.92</span>", "<span data-toggle='tooltip' data-placement='right' title='原始值：0.22537'>0.225</span>", "<span data-toggle='tooltip' data-placement='right' title='原始值：0.09108'>0.091</span>", "<span data-toggle='tooltip' data-placement='right' title='原始值：2.40591'>2.41</span>", "*", "*", "正常"], ["吉林省", "松花江流域", "<span data-toggle='tooltip' data-placement='right' title='所在地市:延边朝鲜族自治州&#10;所属河流:图们江'>圈河</span>", "11-20 08:00", "Ⅱ", "<span data-toggle='tooltip' data-placement='right' title='原始值：13.89999'>13.9</span>", "<span data-toggle='tooltip' data-placement='right' title='原始值：7.66'>7.66</span>", "<span data-toggle='tooltip' data-placement='right' title='原始值：9.29'>9.29</span>", "<span data-toggle='tooltip' data-placement='right' title='原始值：217'>217.0</span>", "<span data-toggle='tooltip' data-placement='right' title='原始值：164.7577'>164.8</span>", "<span data-toggle='tooltip' data-placement='right' title='原始值：3.77'>3.77</span>", "<span data-toggle='tooltip' data-placement='right' title='原始值：0.16996'>0.170</span>", "<span data-toggle='tooltip' data-placement='right' title='原始值：0.06796'>0.068</span>", "<span data-toggle='tooltip' data-placement='right' title='原始值：2.41287'>2.41</span>", "*", "*", "正常"], ["黑龙江省", "松花江流域", "<span data-toggle='tooltip' data-placement='right' title='所在地市:大庆市&#10;所属河流:松花江'>肇源</span>", null, "", "--", "--", "--", "--", "--", "--", "--", "--", "--", "*", "*", "停站"], ["黑龙江省", "松花江流域", "<span data-toggle='tooltip' data-placement='right' title='所在地市:佳木斯市&#10;所属河流:乌苏里江'>乌苏镇</span>", null, "", "--", "--", "--", "--", "--", "--", "--", "--", "--", "*", "*", "停站"], ["黑龙江省", "松花江流域", "<span data-toggle='tooltip' data-placement='right' title='所在地市:佳木斯市&#10;所属河流:松花江'>同江</span>", "11-20 08:00", "Ⅳ", "<span data-toggle='tooltip' data-placement='right' title='原始值：4.4248'>4.4</span>", "<span data-toggle='tooltip' data-placement='right' title='原始值：7.09376'>7.09</span>", "<span data-toggle='tooltip' data-placement='right' title='原始值：12.31252'>12.31</span>", "<span data-toggle='tooltip' data-placement='right' title='原始值：247.0706'>247.1</span>", "<span data-toggle='tooltip' data-placement='right' title='原始值：53.75105'>53.8</span>", "<span data-toggle='tooltip' data-placement='right' title='原始值：6.49271'>6.49</span>", "<span data-toggle='tooltip' data-placement='right' title='原始值：0.2575'>0.258</span>", "<span data-toggle='tooltip' data-placement='right' title='原始值：0.08203'>0.082</span>", "<span data-toggle='tooltip' data-placement='right' title='原始值：1.81351'>1.81</span>", "*", "*", "正常"], ["黑龙江省", "松花江流域", "<span data-toggle='tooltip' data-placement='right' title='所在地市:黑河市&#10;所属河流:黑龙江'>黑河下(黑河)</span>", null, "", "--", "--", "--", "--", "--", "--", "--", "--", "--", "*", "*", "停站"], ["上海市", "长江流域", "<span data-toggle='tooltip' data-placement='right' title='所在地市:青浦区&#10;所属河流:淀山湖'>急水港桥</span>", null, "", "--", "--", "--", "--", "--", "--", "--", "--", "--", "--", "--", "停站"], ["江苏省", "长江流域", "<span data-toggle='tooltip' data-placement='right' title='所在地市:南京市&#10;所属河流:长江'>林山</span>", null, "", "--", "--", "--", "--", "--", "--", "--", "--", "--", "*", "*", "停站"], ["江苏省", "太湖流域", "<span data-toggle='tooltip' data-placement='right' title='所在地市:无锡市&#10;所属河流:太湖'>沙渚</span>", "11-20 08:00", "Ⅲ", "<span data-toggle='tooltip' data-placement='right' title='原始值：19.05591'>19.1</span>", "<span data-toggle='tooltip' data-placement='right' title='原始值：8.090394'>8.09</span>", "<span data-toggle='tooltip' data-placement='right' title='原始值：7.899637'>7.90</span>", "<span data-toggle='tooltip' data-placement='right' title='原始值：417.39'>417.4</span>", "<span data-toggle='tooltip' data-placement='right' title='原始值：62.87282'>62.9</span>", "<span data-toggle='tooltip' data-placement='right' title='原始值：4.041404'>4.04</span>", "<span data-toggle='tooltip' data-placement='right' title='原始值：0.29'>0.290</span>", "<span data-toggle='tooltip' data-placement='right' title='原始值：0.0628'>0.063</span>", "<span data-toggle='tooltip' data-placement='right' title='原始值：1.357'>1.36</span>", "<span data-toggle='tooltip' data-placement='right' title='原始值：0.021378'>0.021</span>", "*", "正常"], ["江苏省", "淮河流域", "<span data-toggle='tooltip' data-placement='right' title='所在地市:徐州市&#10;所属河流:武河'>小红圈</span>", "11-20 08:00", "Ⅱ", "<span data-toggle='tooltip' data-placement='right' title='原始值：13.52'>13.5</span>", "<span data-toggle='tooltip' data-placement='right' title='原始值：7.99'>7.99</span>", "<span data-toggle='tooltip' data-placement='right' title='原始值：8.39'>8.39</span>", "<span data-toggle='tooltip' data-placement='right' title='原始值：884.2'>884.2</span>", "<span data-toggle='tooltip' data-placement='right' title='原始值：11.03'>11.0</span>", "<span data-toggle='tooltip' data-placement='right' title='原始值：3.74'>3.74</span>", "<span data-toggle='tooltip' data-placement='right' title='原始值：0.084'>0.084</span>", "*", "*", "*", "*", "正常"], ["江苏省", "淮河流域", "<span data-toggle='tooltip' data-placement='right' title='所在地市:徐州市&#10;所属河流:沿河'>李集桥</span>", "11-20 08:00", "Ⅲ", "<span data-toggle='tooltip' data-placement='right' title='原始值：15.21'>15.2</span>", "<span data-toggle='tooltip' data-placement='right' title='原始值：7.98'>7.98</span>", "<span data-toggle='tooltip' data-placement='right' title='原始值：7.77'>7.77</span>", "<span data-toggle='tooltip' data-placement='right' title='原始值：1037.5'>1037.5</span>", "<span data-toggle='tooltip' data-placement='right' title='原始值：42.55'>42.6</span>", "<span data-toggle='tooltip' data-placement='right' title='原始值：5.52'>5.52</span>", "<span data-toggle='tooltip' data-placement='right' title='原始值：0.004'>0.004</span>", "<span data-toggle='tooltip' data-placement='right' title='原始值：0.069'>0.069</span>", "<span data-toggle='tooltip' data-placement='right' title='原始值：1.402'>1.40</span>", "*", "*", "正常"], ["江苏省", "淮河流域", "<span data-toggle='tooltip' data-placement='right' title='所在地市:徐州市&#10;所属河流:邳苍分洪道'>艾山西大桥</span>", "11-20 08:00", "Ⅱ", "<span data-toggle='tooltip' data-placement='right' title='原始值：14.67'>14.7</span>", "<span data-toggle='tooltip' data-placement='right' title='原始值：8.31745'>8.32</span>", "<span data-toggle='tooltip' data-placement='right' title='原始值：8.06427'>8.06</span>", "<span data-toggle='tooltip' data-placement='right' title='原始值：752.508'>752.5</span>", "<span data-toggle='tooltip' data-placement='right' title='原始值：7.68522'>7.7</span>", "<span data-toggle='tooltip' data-placement='right' title='原始值：2.99'>2.99</span>", "<span data-toggle='tooltip' data-placement='right' title='原始值：0.15'>0.150</span>", "<span data-toggle='tooltip' data-placement='right' title='原始值：0.03664'>0.037</span>", "<span data-toggle='tooltip' data-placement='right' title='原始值：10.18717'>10.19</span>", "*", "*", "正常"], ["江苏省", "太湖流域", "<span data-toggle='tooltip' data-placement='right' title='所在地市:苏州市&#10;所属河流:太湖'>兰山嘴(老)</span>", "11-20 08:00", "Ⅱ", "<span data-toggle='tooltip' data-placement='right' title='原始值：19.65269'>19.7</span>", "<span data-toggle='tooltip' data-placement='right' title='原始值：7.76602'>7.77</span>", "<span data-toggle='tooltip' data-placement='right' title='原始值：8.49044'>8.49</span>", "<span data-toggle='tooltip' data-placement='right' title='原始值：343.3074'>343.3</span>", "<span data-toggle='tooltip' data-placement='right' title='原始值：61.48513'>61.5</span>", "<span data-toggle='tooltip' data-placement='right' title='原始值：3.46'>3.46</span>", "<span data-toggle='tooltip' data-placement='right' title='原始值：0.29'>0.290</span>", "<span data-toggle='tooltip' data-placement='right' title='原始值：0.08474'>0.085</span>", "<span data-toggle='tooltip' data-placement='right' title='原始值：2.52056'>2.52</span>", "<span data-toggle='tooltip' data-placement='right' title='原始值：0.029'>0.029</span>", "*", "正常"], ["江苏省", "太湖流域", "<span data-toggle='tooltip' data-placement='right' title='所在地市:苏州市&#10;所属河流:太湖'>西山</span>", "11-20 08:00", "Ⅴ", "<span data-toggle='tooltip' data-placement='right' title='原始值：18.22579'>18.2</span>", "<span data-toggle='tooltip' data-placement='right' title='原始值：7.39773'>7.40</span>", "<span data-toggle='tooltip' data-placement='right' title='原始值：8.29148'>8.29</span>", "<span data-toggle='tooltip' data-placement='right' title='原始值：396.3123'>396.3</span>", "<span data-toggle='tooltip' data-placement='right' title='原始值：259.8698'>259.9</span>", "<span data-toggle='tooltip' data-placement='right' title='原始值：3.62'>3.62</span>", "<span data-toggle='tooltip' data-placement='right' title='原始值：0.06'>0.060</span>", "<span data-toggle='tooltip' data-placement='right' title='原始值：0.1301'>0.130</span>", "<span data-toggle='tooltip' data-placement='right' title='原始值：0.2978'>0.30</span>", "<span data-toggle='tooltip' data-placement='right' title='原始值：0.0053'>0.005</span>", "*", "正常"], ["江苏省", "淮河流域", "<span data-toggle='tooltip' data-placement='right' title='所在地市:连云港市&#10;所属河流:新沭河'>大兴桥</span>", "11-20 08:00", "Ⅲ", "<span data-toggle='tooltip' data-placement='right' title='原始值：15.3'>15.3</span>", "<span data-toggle='tooltip' data-placement='right' title='原始值：8.19'>8.19</span>", "<span data-toggle='tooltip' data-placement='right' title='原始值：9.61'>9.61</span>", "<span data-toggle='tooltip' data-placement='right' title='原始值：832.7'>832.7</span>", "<span data-toggle='tooltip' data-placement='right' title='原始值：65.38'>65.4</span>", "<span data-toggle='tooltip' data-placement='right' title='原始值：5.87'>5.87</span>", "<span data-toggle='tooltip' data-placement='right' title='原始值：0.104'>0.104</span>", "*", "*", "*", "*", "正常"], ["江苏省", "淮河流域", "<span data-toggle='tooltip' data-placement='right' title='所在地市:淮安市&#10;所属河流:淮河'>淮河大桥</span>", "11-20 08:00", "Ⅲ", "<span data-toggle='tooltip' data-placement='right' title='原始值：16.72751'>16.7</span>", "<span data-toggle='tooltip' data-placement='right' title='原始值：8.31522'>8.32</span>", "<span data-toggle='tooltip' data-placement='right' title='原始值：8.80258'>8.80</span>", "<span data-toggle='tooltip' data-placement='right' title='原始值：481.3348'>481.3</span>", "<span data-toggle='tooltip' data-placement='right' title='原始值：44.52271'>44.5</span>", "<span data-toggle='tooltip' data-placement='right' title='原始值：3.72'>3.72</span>", "<span data-toggle='tooltip' data-placement='right' title='原始值：0.14'>0.140</span>", "<span data-toggle='tooltip' data-placement='right' title='原始值：0.1112'>0.111</span>", "<span data-toggle='tooltip' data-placement='right' title='原始值：2.003'>2.00</span>", "*", "*", "正常"], ["江苏省", "长江流域", "<span data-toggle='tooltip' data-placement='right' title='所在地市:扬州市&#10;所属河流:夹江'>三江营</span>", "11-20 08:00", "Ⅱ", "<span data-toggle='tooltip' data-placement='right' title='原始值：18.45'>18.4</span>", "<span data-toggle='tooltip' data-placement='right' title='原始值：7.87'>7.87</span>", "<span data-toggle='tooltip' data-placement='right' title='原始值：7.29'>7.29</span>", "<span data-toggle='tooltip' data-placement='right' title='原始值：309.55'>309.6</span>", "<span data-toggle='tooltip' data-placement='right' title='原始值：58.56'>58.6</span>", "<span data-toggle='tooltip' data-placement='right' title='原始值：2.006'>2.01</span>", "<span data-toggle='tooltip' data-placement='right' title='原始值：0.045'>0.045</span>", "<span data-toggle='tooltip' data-placement='right' title='原始值：0.098'>0.098</span>", "<span data-toggle='tooltip' data-placement='right' title='原始值：1.75'>1.75</span>", "*", "*", "正常"], ["江苏省", "淮河流域", "<span data-toggle='tooltip' data-placement='right' title='所在地市:宿迁市&#10;所属河流:新濉河'>大屈</span>", "11-20 08:00", "Ⅳ", "<span data-toggle='tooltip' data-placement='right' title='原始值：15.3'>15.3</span>", "<span data-toggle='tooltip' data-placement='right' title='原始值：8.39'>8.39</span>", "<span data-toggle='tooltip' data-placement='right' title='原始值：9.25'>9.25</span>", "<span data-toggle='tooltip' data-placement='right' title='原始值：822.4'>822.4</span>", "<span data-toggle='tooltip' data-placement='right' title='原始值：18.84'>18.8</span>", "<span data-toggle='tooltip' data-placement='right' title='原始值：7.62'>7.62</span>", "<span data-toggle='tooltip' data-placement='right' title='原始值：0.09'>0.090</span>", "<span data-toggle='tooltip' data-placement='right' title='原始值：0.046'>0.046</span>", "<span data-toggle='tooltip' data-placement='right' title='原始值：1.256'>1.26</span>", "*", "*", "正常"], ["浙江省", "浙闽片河流", "<span data-toggle='tooltip' data-placement='right' title='所在地市:杭州市&#10;所属河流:新安江'>街口(鸠坑口)</span>", "11-20 08:00", "", "<span data-toggle='tooltip' data-placement='right' title='原始值：21.07'>21.1</span>", "<span data-toggle='tooltip' data-placement='right' title='原始值：6.63'>6.63</span>", "<span data-toggle='tooltip' data-placement='right' title='原始值：6.24'>6.24</span>", "<span data-toggle='tooltip' data-placement='right' title='原始值：155.1'>155.1</span>", "<span data-toggle='tooltip' data-placement='right' title='原始值：29.53'>29.5</span>", "<span data-toggle='tooltip' data-placement='right' title='原始值：0.94'>0.94</span>", "<span data-toggle='tooltip' data-placement='right' title='极值过滤'>--</span>", "<span data-toggle='tooltip' data-placement='right' title='原始值：0.017'>0.017</span>", "<span data-toggle='tooltip' data-placement='right' title='原始值：0.629'>0.63</span>", "*", "*", "维护"], ["浙江省", "太湖流域", "<span data-toggle='tooltip' data-placement='right' title='所在地市:嘉兴市&#10;所属河流:斜路港河'>斜路港</span>", "11-20 08:00", "Ⅳ", "<span data-toggle='tooltip' data-placement='right' title='原始值：18.9'>18.9</span>", "<span data-toggle='tooltip' data-placement='right' title='原始值：7.52'>7.52</span>", "<span data-toggle='tooltip' data-placement='right' title='原始值：4.67'>4.67</span>", "<span data-toggle='tooltip' data-placement='right' title='原始值：549'>549.0</span>", "<span data-toggle='tooltip' data-placement='right' title='原始值：840.7'>840.7</span>", "<span data-toggle='tooltip' data-placement='right' title='原始值：7.38'>7.38</span>", "<span data-toggle='tooltip' data-placement='right' title='原始值：0.43264'>0.433</span>", "<span data-toggle='tooltip' data-placement='right' title='原始值：0.19791'>0.198</span>", "<span data-toggle='tooltip' data-placement='right' title='原始值：2.48112'>2.48</span>", "*", "*", "正常"], ["浙江省", "太湖流域", "<span data-toggle='tooltip' data-placement='right' title='所在地市:嘉兴市&#10;所属河流:京杭运河'>王江泾</span>", "11-20 08:00", "", "<span data-toggle='tooltip' data-placement='right' title='原始值：20.27'>20.3</span>", "<span data-toggle='tooltip' data-placement='right' title='原始值：7.01'>7.01</span>", "<span data-toggle='tooltip' data-placement='right' title='原始值：6.15'>6.15</span>", "<span data-toggle='tooltip' data-placement='right' title='原始值：660.82'>660.8</span>", "<span data-toggle='tooltip' data-placement='right' title='原始值：135.94'>135.9</span>", "<span data-toggle='tooltip' data-placement='right' title='原始值：7.456'>7.46</span>", "<span data-toggle='tooltip' data-placement='right' title='原始值：0.109'>0.109</span>", "<span data-toggle='tooltip' data-placement='right' title='原始值：0.069'>0.069</span>", "<span data-toggle='tooltip' data-placement='right' title='原始值：1.703'>1.70</span>", "*", "*", "维护"], ["浙江省", "太湖流域", "<span data-toggle='tooltip' data-placement='right' title='所在地市:湖州市&#10;所属河流:西苕溪'>新港口(新塘港)</span>", "11-20 08:00", "Ⅱ", "<span data-toggle='tooltip' data-placement='right' title='原始值：18.6892'>18.7</span>", "<span data-toggle='tooltip' data-placement='right' title='原始值：8.25569'>8.26</span>", "<span data-toggle='tooltip' data-placement='right' title='原始值：8.74897'>8.75</span>", "<span data-toggle='tooltip' data-placement='right' title='原始值：354.61'>354.6</span>", "<span data-toggle='tooltip' data-placement='right' title='原始值：117.082'>117.1</span>", "<span data-toggle='tooltip' data-placement='right' title='原始值：2.38727'>2.39</span>", "<span data-toggle='tooltip' data-placement='right' title='原始值：0.17075'>0.171</span>", "<span data-toggle='tooltip' data-placement='right' title='原始值：0.07528'>0.075</span>", "<span data-toggle='tooltip' data-placement='right' title='原始值：4.11078'>4.11</span>", "<span data-toggle='tooltip' data-placement='right' title='原始值：0.00695'>0.007</span>", "*", "正常"], ["安徽省", "巢湖流域", "<span data-toggle='tooltip' data-placement='right' title='所在地市:合肥市&#10;所属河流:巢湖'>湖滨(老)</span>", "11-20 08:00", "Ⅴ", "<span data-toggle='tooltip' data-placement='right' title='原始值：17.09168'>17.1</span>", "<span data-toggle='tooltip' data-placement='right' title='原始值：6.82724'>6.83</span>", "<span data-toggle='tooltip' data-placement='right' title='原始值：7.9705'>7.97</span>", "<span data-toggle='tooltip' data-placement='right' title='原始值：367.9288'>367.9</span>", "<span data-toggle='tooltip' data-placement='right' title='原始值：136.1259'>136.1</span>", "<span data-toggle='tooltip' data-placement='right' title='原始值：6.93'>6.93</span>", "<span data-toggle='tooltip' data-placement='right' title='原始值：0.38'>0.380</span>", "<span data-toggle='tooltip' data-placement='right' title='原始值：0.1774'>0.177</span>", "<span data-toggle='tooltip' data-placement='right' title='原始值：3.609'>3.61</span>", "<span data-toggle='tooltip' data-placement='right' title='原始值：0.0995'>0.100</span>", "*", "正常"], ["安徽省", "巢湖流域", "<span data-toggle='tooltip' data-placement='right' title='所在地市:芜湖市&#10;所属河流:巢湖'>裕溪口(老)</span>", null, "", "--", "--", "--", "--", "--", "--", "--", "--", "--", "--", "*", "维护"], ["安徽省", "淮河流域", "<span data-toggle='tooltip' data-placement='right' title='所在地市:蚌埠市&#10;所属河流:淮河'>蚌埠闸上(蚌埠闸)</span>", "11-20 08:00", "Ⅲ", "<span data-toggle='tooltip' data-placement='right' title='原始值：18.67'>18.7</span>", "<span data-toggle='tooltip' data-placement='right' title='原始值：7.82'>7.82</span>", "<span data-toggle='tooltip' data-placement='right' title='原始值：9.32'>9.32</span>", "<span data-toggle='tooltip' data-placement='right' title='原始值：451.22'>451.2</span>", "<span data-toggle='tooltip' data-placement='right' title='原始值：67.03'>67.0</span>", "<span data-toggle='tooltip' data-placement='right' title='原始值：4.404'>4.40</span>", "<span data-toggle='tooltip' data-placement='right' title='原始值：0.037'>0.037</span>", "<span data-toggle='tooltip' data-placement='right' title='原始值：0.117'>0.117</span>", "<span data-toggle='tooltip' data-placement='right' title='原始值：1.532'>1.53</span>", "*", "*", "正常"], ["安徽省", "淮河流域", "<span data-toggle='tooltip' data-placement='right' title='所在地市:淮南市&#10;所属河流:淮河'>石头埠(老)</span>", "11-20 08:00", "Ⅳ", "<span data-toggle='tooltip' data-placement='right' title='原始值：17.17332'>17.2</span>", "<span data-toggle='tooltip' data-placement='right' title='原始值：7.30001'>7.30</span>", "<span data-toggle='tooltip' data-placement='right' title='原始值：3.79093'>3.79</span>", "<span data-toggle='tooltip' data-placement='right' title='原始值：266.5466'>266.5</span>", "<span data-toggle='tooltip' data-placement='right' title='原始值：66.09805'>66.1</span>", "<span data-toggle='tooltip' data-placement='right' title='原始值：4.31'>4.31</span>", "<span data-toggle='tooltip' data-placement='right' title='原始值：0.15'>0.150</span>", "*", "*", "*", "*", "正常"], ["安徽省", "淮河流域", "<span data-toggle='tooltip' data-placement='right' title='所在地市:淮北市&#10;所属河流:沱河'>小王桥</span>", "11-20 08:00", "Ⅳ", "<span data-toggle='tooltip' data-placement='right' title='原始值：15.54'>15.5</span>", "<span data-toggle='tooltip' data-placement='right' title='原始值：8.17'>8.17</span>", "<span data-toggle='tooltip' data-placement='right' title='原始值：6.64'>6.64</span>", "<span data-toggle='tooltip' data-placement='right' title='原始值：1774.9'>1774.9</span>", "<span data-toggle='tooltip' data-placement='right' title='原始值：13.49'>13.5</span>", "<span data-toggle='tooltip' data-placement='right' title='原始值：7.173'>7.17</span>", "<span data-toggle='tooltip' data-placement='right' title='原始值：0.084'>0.084</span>", "<span data-toggle='tooltip' data-placement='right' title='原始值：0.144'>0.144</span>", "<span data-toggle='tooltip' data-placement='right' title='原始值：1.275'>1.28</span>", "*", "*", "正常"], ["安徽省", "长江流域", "<span data-toggle='tooltip' data-placement='right' title='所在地市:安庆市&#10;所属河流:长江'>皖河口</span>", "11-20 08:00", "Ⅱ", "<span data-toggle='tooltip' data-placement='right' title='原始值：20.23'>20.2</span>", "<span data-toggle='tooltip' data-placement='right' title='原始值：7.515'>7.52</span>", "<span data-toggle='tooltip' data-placement='right' title='原始值：7.04'>7.04</span>", "<span data-toggle='tooltip' data-placement='right' title='原始值：288.71'>288.7</span>", "<span data-toggle='tooltip' data-placement='right' title='原始值：27.77'>27.8</span>", "<span data-toggle='tooltip' data-placement='right' title='原始值：1.918'>1.92</span>", "<span data-toggle='tooltip' data-placement='right' title='原始值：0.027'>0.027</span>", "<span data-toggle='tooltip' data-placement='right' title='原始值：0.0647'>0.065</span>", "<span data-toggle='tooltip' data-placement='right' title='原始值：2.208'>2.21</span>", "*", "*", "正常"], ["安徽省", "淮河流域", "<span data-toggle='tooltip' data-placement='right' title='所在地市:滁州市&#10;所属河流:淮河'>小柳巷</span>", "11-20 08:00", "Ⅲ", "<span data-toggle='tooltip' data-placement='right' title='原始值：17.2'>17.2</span>", "<span data-toggle='tooltip' data-placement='right' title='原始值：7.51'>7.51</span>", "<span data-toggle='tooltip' data-placement='right' title='原始值：8.9'>8.90</span>", "<span data-toggle='tooltip' data-placement='right' title='原始值：535.6'>535.6</span>", "<span data-toggle='tooltip' data-placement='right' title='原始值：103.65'>103.6</span>", "<span data-toggle='tooltip' data-placement='right' title='原始值：1.98'>1.98</span>", "<span data-toggle='tooltip' data-placement='right' title='原始值：0.07'>0.070</span>", "<span data-toggle='tooltip' data-placement='right' title='原始值：0.108'>0.108</span>", "<span data-toggle='tooltip' data-placement='right' title='原始值：1.935'>1.94</span>", "*", "*", "正常"], ["安徽省", "淮河流域", "<span data-toggle='tooltip' data-placement='right' title='所在地市:阜阳市&#10;所属河流:黑茨河'>张大桥</span>", null, "", "--", "--", "--", "--", "--", "--", "--", "--", "--", "*", "*", "停站"], ["安徽省", "淮河流域", "<span data-toggle='tooltip' data-placement='right' title='所在地市:阜阳市&#10;所属河流:淮河'>王家坝</span>", "11-20 08:00", "Ⅲ", "<span data-toggle='tooltip' data-placement='right' title='原始值：14.87875'>14.9</span>", "<span data-toggle='tooltip' data-placement='right' title='原始值：7.30373'>7.30</span>", "<span data-toggle='tooltip' data-placement='right' title='原始值：7.9091'>7.91</span>", "<span data-toggle='tooltip' data-placement='right' title='原始值：443.3759'>443.4</span>", "<span data-toggle='tooltip' data-placement='right' title='原始值：17.34151'>17.3</span>", "<span data-toggle='tooltip' data-placement='right' title='原始值：2.77'>2.77</span>", "<span data-toggle='tooltip' data-placement='right' title='原始值：0.286'>0.286</span>", "<span data-toggle='tooltip' data-placement='right' title='原始值：0.10179'>0.102</span>", "<span data-toggle='tooltip' data-placement='right' title='原始值：2.18885'>2.19</span>", "*", "*", "正常"], ["安徽省", "淮河流域", "<span data-toggle='tooltip' data-placement='right' title='所在地市:阜阳市&#10;所属河流:颍河'>界首七渡口(七渡口)</span>", "11-20 08:00", "Ⅲ", "<span data-toggle='tooltip' data-placement='right' title='原始值：15.52112'>15.5</span>", "<span data-toggle='tooltip' data-placement='right' title='原始值：6.40721'>6.41</span>", "<span data-toggle='tooltip' data-placement='right' title='原始值：5.87579'>5.88</span>", "<span data-toggle='tooltip' data-placement='right' title='原始值：847.7667'>847.8</span>", "<span data-toggle='tooltip' data-placement='right' title='原始值：19.89298'>19.9</span>", "<span data-toggle='tooltip' data-placement='right' title='原始值：3.48'>3.48</span>", "<span data-toggle='tooltip' data-placement='right' title='原始值：0.3'>0.300</span>", "<span data-toggle='tooltip' data-placement='right' title='原始值：0.06808'>0.068</span>", "<span data-toggle='tooltip' data-placement='right' title='原始值：7.55322'>7.55</span>", "*", "*", "正常"], ["安徽省", "淮河流域", "<span data-toggle='tooltip' data-placement='right' title='所在地市:阜阳市&#10;所属河流:泉河'>许庄(徐庄)</span>", "11-20 08:00", "Ⅱ", "<span data-toggle='tooltip' data-placement='right' title='原始值：11.6'>11.6</span>", "<span data-toggle='tooltip' data-placement='right' title='原始值：7.73'>7.73</span>", "<span data-toggle='tooltip' data-placement='right' title='原始值：7.65'>7.65</span>", "<span data-toggle='tooltip' data-placement='right' title='原始值：1013.4'>1013.4</span>", "<span data-toggle='tooltip' data-placement='right' title='原始值：12.45'>12.4</span>", "<span data-toggle='tooltip' data-placement='right' title='原始值：2.56'>2.56</span>", "<span data-toggle='tooltip' data-placement='right' title='原始值：0.01'>0.010</span>", "<span data-toggle='tooltip' data-placement='right' title='原始值：0.068'>0.068</span>", "<span data-toggle='tooltip' data-placement='right' title='原始值：1.647'>1.65</span>", "*", "*", "正常"], ["安徽省", "淮河流域", "<span data-toggle='tooltip' data-placement='right' title='所在地市:宿州市&#10;所属河流:奎河'>杨庄</span>", "11-20 08:00", "Ⅲ", "<span data-toggle='tooltip' data-placement='right' title='原始值：15.9'>15.9</span>", "<span data-toggle='tooltip' data-placement='right' title='原始值：7.85'>7.85</span>", "<span data-toggle='tooltip' data-placement='right' title='原始值：6.58'>6.58</span>", "<span data-toggle='tooltip' data-placement='right' title='原始值：963'>963.0</span>", "<span data-toggle='tooltip' data-placement='right' title='原始值：80.53'>80.5</span>", "<span data-toggle='tooltip' data-placement='right' title='原始值：4.32'>4.32</span>", "<span data-toggle='tooltip' data-placement='right' title='原始值：0.754'>0.754</span>", "*", "*", "*", "*", "正常"], ["安徽省", "淮河流域", "<span data-toggle='tooltip' data-placement='right' title='所在地市:宿州市&#10;所属河流:新汴河'>泗县公路桥</span>", "11-20 08:00", "Ⅳ", "<span data-toggle='tooltip' data-placement='right' title='原始值：15.94'>15.9</span>", "<span data-toggle='tooltip' data-placement='right' title='原始值：8.46'>8.46</span>", "<span data-toggle='tooltip' data-placement='right' title='原始值：9.93'>9.93</span>", "<span data-toggle='tooltip' data-placement='right' title='原始值：974.6'>974.6</span>", "<span data-toggle='tooltip' data-placement='right' title='原始值：33.46'>33.5</span>", "<span data-toggle='tooltip' data-placement='right' title='原始值：6.74'>6.74</span>", "<span data-toggle='tooltip' data-placement='right' title='原始值：0.055'>0.055</span>", "*", "*", "*", "*", "正常"], ["安徽省", "淮河流域", "<span data-toggle='tooltip' data-placement='right' title='所在地市:亳州市&#10;所属河流:包河'>颜集</span>", "11-20 08:00", "劣Ⅴ", "<span data-toggle='tooltip' data-placement='right' title='原始值：13'>13.0</span>", "<span data-toggle='tooltip' data-placement='right' title='原始值：7.83'>7.83</span>", "<span data-toggle='tooltip' data-placement='right' title='原始值：6.93'>6.93</span>", "<span data-toggle='tooltip' data-placement='right' title='原始值：1285.5'>1285.5</span>", "<span data-toggle='tooltip' data-placement='right' title='原始值：147.85'>147.8</span>", "<span data-toggle='tooltip' data-placement='right' title='原始值：5.1'>5.10</span>", "<span data-toggle='tooltip' data-placement='right' title='原始值：2.04'>2.040</span>", "<span data-toggle='tooltip' data-placement='right' title='原始值：0.306'>0.306</span>", "<span data-toggle='tooltip' data-placement='right' title='原始值：4.803'>4.80</span>", "*", "*", "正常"], ["福建省", "浙闽片河流", "<span data-toggle='tooltip' data-placement='right' title='所在地市:福州市&#10;所属河流:闽江'>白岩潭</span>", "11-20 08:00", "Ⅱ", "<span data-toggle='tooltip' data-placement='right' title='原始值：22.03'>22.0</span>", "<span data-toggle='tooltip' data-placement='right' title='原始值：7.19'>7.19</span>", "<span data-toggle='tooltip' data-placement='right' title='原始值：6.84'>6.84</span>", "<span data-toggle='tooltip' data-placement='right' title='原始值：2389.9'>2389.9</span>", "<span data-toggle='tooltip' data-placement='right' title='原始值：200.48'>200.5</span>", "<span data-toggle='tooltip' data-placement='right' title='原始值：3.9'>3.90</span>", "<span data-toggle='tooltip' data-placement='right' title='原始值：0.131'>0.131</span>", "*", "*", "*", "*", "正常"], ["江西省", "长江流域", "<span data-toggle='tooltip' data-placement='right' title='所在地市:南昌市&#10;所属河流:赣江南支'>滁槎</span>", "11-20 08:00", "Ⅲ", "<span data-toggle='tooltip' data-placement='right' title='原始值：19.41149'>19.4</span>", "<span data-toggle='tooltip' data-placement='right' title='原始值：7.18042'>7.18</span>", "<span data-toggle='tooltip' data-placement='right' title='原始值：7.78572'>7.79</span>", "<span data-toggle='tooltip' data-placement='right' title='原始值：74.94589'>74.9</span>", "<span data-toggle='tooltip' data-placement='right' title='原始值：55.6946'>55.7</span>", "<span data-toggle='tooltip' data-placement='right' title='原始值：3.03'>3.03</span>", "<span data-toggle='tooltip' data-placement='right' title='原始值：0.33'>0.330</span>", "<span data-toggle='tooltip' data-placement='right' title='原始值：0.10325'>0.103</span>", "<span data-toggle='tooltip' data-placement='right' title='原始值：1.6625'>1.66</span>", "*", "*", "正常"], ["江西省", "长江流域", "<span data-toggle='tooltip' data-placement='right' title='所在地市:九江市&#10;所属河流:长江'>姚港(河西水厂)</span>", "11-20 08:00", "Ⅱ", "<span data-toggle='tooltip' data-placement='right' title='原始值：18.9'>18.9</span>", "<span data-toggle='tooltip' data-placement='right' title='原始值：7.62'>7.62</span>", "<span data-toggle='tooltip' data-placement='right' title='原始值：8.67'>8.67</span>", "<span data-toggle='tooltip' data-placement='right' title='原始值：331.33'>331.3</span>", "<span data-toggle='tooltip' data-placement='right' title='原始值：56.05'>56.0</span>", "<span data-toggle='tooltip' data-placement='right' title='原始值：2.168'>2.17</span>", "<span data-toggle='tooltip' data-placement='right' title='原始值：0.005'>0.005</span>", "<span data-toggle='tooltip' data-placement='right' title='原始值：0.088'>0.088</span>", "<span data-toggle='tooltip' data-placement='right' title='原始值：1.9'>1.90</span>", "*", "*", "正常"], ["江西省", "长江流域", "<span data-toggle='tooltip' data-placement='right' title='所在地市:九江市&#10;所属河流:鄱阳湖'>蛤蟆石</span>", "11-20 08:00", "Ⅲ", "<span data-toggle='tooltip' data-placement='right' title='原始值：19.28'>19.3</span>", "<span data-toggle='tooltip' data-placement='right' title='原始值：6.95'>6.95</span>", "<span data-toggle='tooltip' data-placement='right' title='原始值：8.02'>8.02</span>", "<span data-toggle='tooltip' data-placement='right' title='原始值：181.38'>181.4</span>", "<span data-toggle='tooltip' data-placement='right' title='原始值：33.71'>33.7</span>", "<span data-toggle='tooltip' data-placement='right' title='原始值：1.783'>1.78</span>", "<span data-toggle='tooltip' data-placement='right' title='原始值：0.103'>0.103</span>", "<span data-toggle='tooltip' data-placement='right' title='原始值：0.0381'>0.038</span>", "<span data-toggle='tooltip' data-placement='right' title='原始值：1.45'>1.45</span>", "<span data-toggle='tooltip' data-placement='right' title='原始值：0.00286'>0.003</span>", "<span data-toggle='tooltip' data-placement='right' title='原始值：1345600'>1345600</span>", "正常"], ["山东省", "黄河流域", "<span data-toggle='tooltip' data-placement='right' title='所在地市:济南市&#10;所属河流:黄河'>泺口</span>", "11-20 08:00", "Ⅱ", "<span data-toggle='tooltip' data-placement='right' title='原始值：14.4397'>14.4</span>", "<span data-toggle='tooltip' data-placement='right' title='原始值：8.43065'>8.43</span>", "<span data-toggle='tooltip' data-placement='right' title='原始值：9.99625'>10.00</span>", "<span data-toggle='tooltip' data-placement='right' title='原始值：768.16'>768.2</span>", "<span data-toggle='tooltip' data-placement='right' title='原始值：475.366'>475.4</span>", "<span data-toggle='tooltip' data-placement='right' title='原始值：2.24'>2.24</span>", "<span data-toggle='tooltip' data-placement='right' title='原始值：0.17006'>0.170</span>", "<span data-toggle='tooltip' data-placement='right' title='原始值：0.01945'>0.019</span>", "<span data-toggle='tooltip' data-placement='right' title='原始值：4.166'>4.17</span>", "*", "*", "正常"], ["山东省", "淮河流域", "<span data-toggle='tooltip' data-placement='right' title='所在地市:枣庄市&#10;所属河流:京杭大运河（韩庄运河）'>台儿庄大桥</span>", "11-20 08:00", "Ⅱ", "<span data-toggle='tooltip' data-placement='right' title='原始值：14.44'>14.4</span>", "<span data-toggle='tooltip' data-placement='right' title='原始值：7.92835'>7.93</span>", "<span data-toggle='tooltip' data-placement='right' title='原始值：8.82398'>8.82</span>", "<span data-toggle='tooltip' data-placement='right' title='原始值：915.9761'>916.0</span>", "<span data-toggle='tooltip' data-placement='right' title='原始值：29.01123'>29.0</span>", "<span data-toggle='tooltip' data-placement='right' title='原始值：2.66988'>2.67</span>", "<span data-toggle='tooltip' data-placement='right' title='原始值：0.11412'>0.114</span>", "<span data-toggle='tooltip' data-placement='right' title='原始值：0.05901'>0.059</span>", "<span data-toggle='tooltip' data-placement='right' title='原始值：3.32752'>3.33</span>", "*", "*", "正常"], ["山东省", "淮河流域", "<span data-toggle='tooltip' data-placement='right' title='所在地市:临沂市&#10;所属河流:沭河'>清泉寺</span>", "11-20 08:00", "Ⅲ", "<span data-toggle='tooltip' data-placement='right' title='原始值：14.53723'>14.5</span>", "<span data-toggle='tooltip' data-placement='right' title='原始值：7.68177'>7.68</span>", "<span data-toggle='tooltip' data-placement='right' title='原始值：7.41969'>7.42</span>", "<span data-toggle='tooltip' data-placement='right' title='原始值：970.3057'>970.3</span>", "<span data-toggle='tooltip' data-placement='right' title='原始值：28.82629'>28.8</span>", "<span data-toggle='tooltip' data-placement='right' title='原始值：5.02'>5.02</span>", "<span data-toggle='tooltip' data-placement='right' title='原始值：0.52'>0.520</span>", "*", "*", "*", "*", "正常"], ["山东省", "淮河流域", "<span data-toggle='tooltip' data-placement='right' title='所在地市:临沂市&#10;所属河流:沂河'>重坊桥</span>", "11-20 08:00", "Ⅱ", "<span data-toggle='tooltip' data-placement='right' title='原始值：14.47501'>14.5</span>", "<span data-toggle='tooltip' data-placement='right' title='原始值：7.78001'>7.78</span>", "<span data-toggle='tooltip' data-placement='right' title='原始值：9.00981'>9.01</span>", "<span data-toggle='tooltip' data-placement='right' title='原始值：853.4167'>853.4</span>", "<span data-toggle='tooltip' data-placement='right' title='原始值：4.92778'>4.9</span>", "<span data-toggle='tooltip' data-placement='right' title='原始值：3.01'>3.01</span>", "<span data-toggle='tooltip' data-placement='right' title='原始值：0.30167'>0.302</span>", "*", "*", "*", "*", "正常"], ["山东省", "淮河流域", "<span data-toggle='tooltip' data-placement='right' title='所在地市:临沂市&#10;所属河流:白马河'>捷庄(涝沟桥)</span>", "11-20 08:00", "Ⅲ", "<span data-toggle='tooltip' data-placement='right' title='原始值：14.4'>14.4</span>", "<span data-toggle='tooltip' data-placement='right' title='原始值：7.94'>7.94</span>", "<span data-toggle='tooltip' data-placement='right' title='原始值：8.73935'>8.74</span>", "<span data-toggle='tooltip' data-placement='right' title='原始值：796'>796.0</span>", "<span data-toggle='tooltip' data-placement='right' title='原始值：10.50469'>10.5</span>", "<span data-toggle='tooltip' data-placement='right' title='原始值：4.45'>4.45</span>", "<span data-toggle='tooltip' data-placement='right' title='原始值：0.04474'>0.045</span>", "<span data-toggle='tooltip' data-placement='right' title='原始值：0.06109'>0.061</span>", "<span data-toggle='tooltip' data-placement='right' title='原始值：5.52072'>5.52</span>", "*", "*", "正常"], ["山东省", "海河流域", "<span data-toggle='tooltip' data-placement='right' title='所在地市:聊城市&#10;所属河流:卫运河'>秤勾湾(秤钩湾)</span>", null, "", "--", "--", "--", "--", "--", "--", "--", "--", "--", "*", "*", "停站"], ["河南省", "长江流域", "<span data-toggle='tooltip' data-placement='right' title='所在地市:南阳市&#10;所属河流:丹江口水库'>陶岔</span>", "11-20 08:00", "Ⅱ", "<span data-toggle='tooltip' data-placement='right' title='原始值：19.33'>19.3</span>", "<span data-toggle='tooltip' data-placement='right' title='原始值：7.82441'>7.82</span>", "<span data-toggle='tooltip' data-placement='right' title='原始值：8.44053'>8.44</span>", "<span data-toggle='tooltip' data-placement='right' title='原始值：280.0994'>280.1</span>", "<span data-toggle='tooltip' data-placement='right' title='原始值：4.0572'>4.1</span>", "<span data-toggle='tooltip' data-placement='right' title='原始值：1.95'>1.95</span>", "<span data-toggle='tooltip' data-placement='right' title='原始值：0.03237'>0.032</span>", "<span data-toggle='tooltip' data-placement='right' title='原始值：0.011'>0.011</span>", "<span data-toggle='tooltip' data-placement='right' title='原始值：0.89375'>0.89</span>", "<span data-toggle='tooltip' data-placement='right' title='原始值：0.00533'>0.005</span>", "<span data-toggle='tooltip' data-placement='right' title='原始值：1807751'>1807751</span>", "正常"], ["河南省", "淮河流域", "<span data-toggle='tooltip' data-placement='right' title='所在地市:商丘市&#10;所属河流:浍河'>黄口</span>", "11-20 08:00", "Ⅳ", "<span data-toggle='tooltip' data-placement='right' title='原始值：15.60625'>15.6</span>", "<span data-toggle='tooltip' data-placement='right' title='原始值：7.85002'>7.85</span>", "<span data-toggle='tooltip' data-placement='right' title='原始值：7.57004'>7.57</span>", "<span data-toggle='tooltip' data-placement='right' title='原始值：3882.131'>3882.1</span>", "<span data-toggle='tooltip' data-placement='right' title='原始值：77.93878'>77.9</span>", "<span data-toggle='tooltip' data-placement='right' title='原始值：6.72'>6.72</span>", "<span data-toggle='tooltip' data-placement='right' title='原始值：0.13313'>0.133</span>", "<span data-toggle='tooltip' data-placement='right' title='原始值：0.1576'>0.158</span>", "<span data-toggle='tooltip' data-placement='right' title='原始值：2.85568'>2.86</span>", "*", "*", "正常"], ["河南省", "淮河流域", "<span data-toggle='tooltip' data-placement='right' title='所在地市:信阳市&#10;所属河流:史灌河'>蒋集</span>", "11-20 08:00", "Ⅱ", "<span data-toggle='tooltip' data-placement='right' title='原始值：17.08731'>17.1</span>", "<span data-toggle='tooltip' data-placement='right' title='原始值：6.96315'>6.96</span>", "<span data-toggle='tooltip' data-placement='right' title='原始值：6.65906'>6.66</span>", "<span data-toggle='tooltip' data-placement='right' title='原始值：189.3672'>189.4</span>", "<span data-toggle='tooltip' data-placement='right' title='原始值：512.3145'>512.3</span>", "<span data-toggle='tooltip' data-placement='right' title='原始值：2.97'>2.97</span>", "<span data-toggle='tooltip' data-placement='right' title='原始值：0.09205'>0.092</span>", "*", "*", "*", "*", "正常"], ["河南省", "淮河流域", "<span data-toggle='tooltip' data-placement='right' title='所在地市:信阳市&#10;所属河流:淮河'>淮滨水文站(淮滨)</span>", "11-20 08:00", "Ⅱ", "<span data-toggle='tooltip' data-placement='right' title='原始值：14.4'>14.4</span>", "<span data-toggle='tooltip' data-placement='right' title='原始值：7.26'>7.26</span>", "<span data-toggle='tooltip' data-placement='right' title='原始值：8.64937'>8.65</span>", "<span data-toggle='tooltip' data-placement='right' title='原始值：287.998'>288.0</span>", "<span data-toggle='tooltip' data-placement='right' title='原始值：50.19862'>50.2</span>", "<span data-toggle='tooltip' data-placement='right' title='原始值：2.29952'>2.30</span>", "<span data-toggle='tooltip' data-placement='right' title='原始值：0.2148'>0.215</span>", "<span data-toggle='tooltip' data-placement='right' title='原始值：0.1'>0.100</span>", "<span data-toggle='tooltip' data-placement='right' title='原始值：3.79844'>3.80</span>", "*", "*", "正常"], ["河南省", "淮河流域", "<span data-toggle='tooltip' data-placement='right' title='所在地市:周口市&#10;所属河流:沙河'>沈丘闸</span>", "11-20 08:00", "Ⅳ", "<span data-toggle='tooltip' data-placement='right' title='原始值：15.1623'>15.2</span>", "<span data-toggle='tooltip' data-placement='right' title='原始值：7.45704'>7.46</span>", "<span data-toggle='tooltip' data-placement='right' title='原始值：5.70118'>5.70</span>", "<span data-toggle='tooltip' data-placement='right' title='原始值：991.2'>991.2</span>", "<span data-toggle='tooltip' data-placement='right' title='原始值：25.25588'>25.3</span>", "<span data-toggle='tooltip' data-placement='right' title='原始值：3.895'>3.90</span>", "<span data-toggle='tooltip' data-placement='right' title='原始值：1.29'>1.290</span>", "*", "*", "*", "*", "正常"], ["河南省", "淮河流域", "<span data-toggle='tooltip' data-placement='right' title='所在地市:周口市&#10;所属河流:涡河'>鹿邑付桥(鹿邑付桥闸)</span>", "11-20 08:00", "Ⅳ", "<span data-toggle='tooltip' data-placement='right' title='原始值：15.61902'>15.6</span>", "<span data-toggle='tooltip' data-placement='right' title='原始值：8.41463'>8.41</span>", "<span data-toggle='tooltip' data-placement='right' title='原始值：8.30453'>8.30</span>", "<span data-toggle='tooltip' data-placement='right' title='原始值：1397.137'>1397.1</span>", "<span data-toggle='tooltip' data-placement='right' title='原始值：9.86168'>9.9</span>", "<span data-toggle='tooltip' data-placement='right' title='原始值：6.02'>6.02</span>", "<span data-toggle='tooltip' data-placement='right' title='原始值：0.03'>0.030</span>", "<span data-toggle='tooltip' data-placement='right' title='原始值：0.0825'>0.082</span>", "<span data-toggle='tooltip' data-placement='right' title='原始值：0.46706'>0.47</span>", "*", "*", "正常"], ["河南省", "淮河流域", "<span data-toggle='tooltip' data-placement='right' title='所在地市:驻马店市&#10;所属河流:洪河'>新蔡班台(班台)</span>", "11-20 08:00", "Ⅲ", "<span data-toggle='tooltip' data-placement='right' title='原始值：19.32306'>19.3</span>", "<span data-toggle='tooltip' data-placement='right' title='原始值：7.39678'>7.40</span>", "<span data-toggle='tooltip' data-placement='right' title='原始值：5.96981'>5.97</span>", "<span data-toggle='tooltip' data-placement='right' title='原始值：838.9021'>838.9</span>", "<span data-toggle='tooltip' data-placement='right' title='原始值：5.88269'>5.9</span>", "<span data-toggle='tooltip' data-placement='right' title='原始值：3.86'>3.86</span>", "<span data-toggle='tooltip' data-placement='right' title='原始值：0.65'>0.650</span>", "<span data-toggle='tooltip' data-placement='right' title='原始值：0.18987'>0.190</span>", "<span data-toggle='tooltip' data-placement='right' title='原始值：3.7612'>3.76</span>", "*", "*", "正常"], ["河南省", "黄河流域", "<span data-toggle='tooltip' data-placement='right' title='所在地市:济源市&#10;所属河流:黄河'>小浪底水库(小浪底)</span>", "11-20 08:00", "Ⅰ", "<span data-toggle='tooltip' data-placement='right' title='原始值：14.35396'>14.4</span>", "<span data-toggle='tooltip' data-placement='right' title='原始值：8.22812'>8.23</span>", "<span data-toggle='tooltip' data-placement='right' title='原始值：8.93732'>8.94</span>", "<span data-toggle='tooltip' data-placement='right' title='原始值：725.9786'>726.0</span>", "<span data-toggle='tooltip' data-placement='right' title='原始值：7.69105'>7.7</span>", "<span data-toggle='tooltip' data-placement='right' title='原始值：0.8775'>0.88</span>", "<span data-toggle='tooltip' data-placement='right' title='原始值：0.14'>0.140</span>", "<span data-toggle='tooltip' data-placement='right' title='原始值：0.0155'>0.016</span>", "<span data-toggle='tooltip' data-placement='right' title='原始值：3.2075'>3.21</span>", "*", "*", "正常"], ["湖北省", "长江流域", "<span data-toggle='tooltip' data-placement='right' title='所在地市:武汉市&#10;所属河流:汉江'>宗关</span>", "11-20 08:00", "Ⅲ", "<span data-toggle='tooltip' data-placement='right' title='原始值：18.43'>18.4</span>", "<span data-toggle='tooltip' data-placement='right' title='原始值：7.884218'>7.88</span>", "<span data-toggle='tooltip' data-placement='right' title='原始值：8.41621'>8.42</span>", "<span data-toggle='tooltip' data-placement='right' title='原始值：386.5143'>386.5</span>", "<span data-toggle='tooltip' data-placement='right' title='原始值：50.07563'>50.1</span>", "<span data-toggle='tooltip' data-placement='right' title='原始值：5.34'>5.34</span>", "<span data-toggle='tooltip' data-placement='right' title='原始值：0.086'>0.086</span>", "<span data-toggle='tooltip' data-placement='right' title='原始值：0.155'>0.155</span>", "<span data-toggle='tooltip' data-placement='right' title='原始值：3.870451'>3.87</span>", "<span data-toggle='tooltip' data-placement='right' title='原始值：0.0027344'>0.003</span>", "*", "正常"], ["湖北省", "长江流域", "<span data-toggle='tooltip' data-placement='right' title='所在地市:十堰市&#10;所属河流:丹江口水库'>坝上中(胡家岭)</span>", "11-20 08:00", "Ⅱ", "<span data-toggle='tooltip' data-placement='right' title='原始值：19.39'>19.4</span>", "<span data-toggle='tooltip' data-placement='right' title='原始值：7.834607'>7.83</span>", "<span data-toggle='tooltip' data-placement='right' title='原始值：7.720366'>7.72</span>", "<span data-toggle='tooltip' data-placement='right' title='原始值：262.56'>262.6</span>", "<span data-toggle='tooltip' data-placement='right' title='原始值：2.361708'>2.4</span>", "<span data-toggle='tooltip' data-placement='right' title='原始值：1.85'>1.85</span>", "<span data-toggle='tooltip' data-placement='right' title='原始值：0.067'>0.067</span>", "<span data-toggle='tooltip' data-placement='right' title='原始值：0.012'>0.012</span>", "<span data-toggle='tooltip' data-placement='right' title='原始值：1.282'>1.28</span>", "<span data-toggle='tooltip' data-placement='right' title='原始值：0.0071002'>0.007</span>", "<span data-toggle='tooltip' data-placement='right' title='原始值：9037000'>9037000</span>", "正常"], ["湖北省", "长江流域", "<span data-toggle='tooltip' data-placement='right' title='所在地市:宜昌市&#10;所属河流:长江'>南津关</span>", "11-20 08:00", "Ⅱ", "<span data-toggle='tooltip' data-placement='right' title='原始值：19.35'>19.4</span>", "<span data-toggle='tooltip' data-placement='right' title='原始值：7.936048'>7.94</span>", "<span data-toggle='tooltip' data-placement='right' title='原始值：8.240894'>8.24</span>", "<span data-toggle='tooltip' data-placement='right' title='原始值：373.029'>373.0</span>", "<span data-toggle='tooltip' data-placement='right' title='原始值：4.486228'>4.5</span>", "<span data-toggle='tooltip' data-placement='right' title='原始值：1.38'>1.38</span>", "<span data-toggle='tooltip' data-placement='right' title='原始值：0.071'>0.071</span>", "<span data-toggle='tooltip' data-placement='right' title='原始值：0.045'>0.045</span>", "<span data-toggle='tooltip' data-placement='right' title='原始值：1.5'>1.50</span>", "<span data-toggle='tooltip' data-placement='right' title='原始值：0.0028988'>0.003</span>", "*", "正常"], ["湖南省", "长江流域", "<span data-toggle='tooltip' data-placement='right' title='所在地市:长沙市&#10;所属河流:湘江'>新港</span>", null, "", "--", "--", "--", "--", "--", "--", "--", "--", "--", "*", "*", "停站"], ["湖南省", "长江流域", "<span data-toggle='tooltip' data-placement='right' title='所在地市:岳阳市&#10;所属河流:洞庭湖'>岳阳楼</span>", "11-20 08:00", "Ⅴ", "<span data-toggle='tooltip' data-placement='right' title='原始值：17.73'>17.7</span>", "<span data-toggle='tooltip' data-placement='right' title='原始值：7.919785'>7.92</span>", "<span data-toggle='tooltip' data-placement='right' title='原始值：7.761888'>7.76</span>", "<span data-toggle='tooltip' data-placement='right' title='原始值：275.1943'>275.2</span>", "<span data-toggle='tooltip' data-placement='right' title='原始值：54.82061'>54.8</span>", "<span data-toggle='tooltip' data-placement='right' title='原始值：2.08'>2.08</span>", "<span data-toggle='tooltip' data-placement='right' title='原始值：0.004'>0.004</span>", "<span data-toggle='tooltip' data-placement='right' title='原始值：0.126'>0.126</span>", "<span data-toggle='tooltip' data-placement='right' title='原始值：2.717'>2.72</span>", "<span data-toggle='tooltip' data-placement='right' title='原始值：0.0033906'>0.003</span>", "<span data-toggle='tooltip' data-placement='right' title='原始值：294.396'>294</span>", "正常"], ["湖南省", "长江流域", "<span data-toggle='tooltip' data-placement='right' title='所在地市:岳阳市&#10;所属河流:长江'>城陵矶</span>", "11-20 08:00", "Ⅲ", "<span data-toggle='tooltip' data-placement='right' title='原始值：18.63'>18.6</span>", "<span data-toggle='tooltip' data-placement='right' title='原始值：8.135331'>8.14</span>", "<span data-toggle='tooltip' data-placement='right' title='原始值：8.926467'>8.93</span>", "<span data-toggle='tooltip' data-placement='right' title='原始值：292.826'>292.8</span>", "<span data-toggle='tooltip' data-placement='right' title='原始值：69.0295'>69.0</span>", "<span data-toggle='tooltip' data-placement='right' title='原始值：2.25'>2.25</span>", "<span data-toggle='tooltip' data-placement='right' title='原始值：0.001'>0.001</span>", "<span data-toggle='tooltip' data-placement='right' title='原始值：0.132'>0.132</span>", "<span data-toggle='tooltip' data-placement='right' title='原始值：1.5472'>1.55</span>", "*", "*", "正常"], ["广东省", "珠江流域", "<span data-toggle='tooltip' data-placement='right' title='所在地市:清远市&#10;所属河流:北江'>七星岗</span>", "11-20 08:00", "Ⅱ", "<span data-toggle='tooltip' data-placement='right' title='原始值：25.59038'>25.6</span>", "<span data-toggle='tooltip' data-placement='right' title='原始值：7.37641'>7.38</span>", "<span data-toggle='tooltip' data-placement='right' title='原始值：7.10872'>7.11</span>", "<span data-toggle='tooltip' data-placement='right' title='原始值：258.173'>258.2</span>", "<span data-toggle='tooltip' data-placement='right' title='原始值：7.6787'>7.7</span>", "<span data-toggle='tooltip' data-placement='right' title='原始值：0.91'>0.91</span>", "<span data-toggle='tooltip' data-placement='right' title='原始值：0.15908'>0.159</span>", "<span data-toggle='tooltip' data-placement='right' title='原始值：0.03345'>0.033</span>", "<span data-toggle='tooltip' data-placement='right' title='原始值：1.6292'>1.63</span>", "*", "*", "正常"], ["广东省", "珠江流域", "<span data-toggle='tooltip' data-placement='right' title='所在地市:中山市&#10;所属河流:西江'>横栏</span>", "11-20 08:00", "Ⅱ", "<span data-toggle='tooltip' data-placement='right' title='原始值：24'>24.0</span>", "<span data-toggle='tooltip' data-placement='right' title='原始值：7.76'>7.76</span>", "<span data-toggle='tooltip' data-placement='right' title='原始值：6.98'>6.98</span>", "<span data-toggle='tooltip' data-placement='right' title='原始值：299'>299.0</span>", "<span data-toggle='tooltip' data-placement='right' title='原始值：10.9'>10.9</span>", "<span data-toggle='tooltip' data-placement='right' title='原始值：1.52'>1.52</span>", "<span data-toggle='tooltip' data-placement='right' title='原始值：0.12378'>0.124</span>", "*", "*", "*", "*", "正常"], ["广西壮族自治区", "珠江流域", "<span data-toggle='tooltip' data-placement='right' title='所在地市:南宁市&#10;所属河流:邕江'>老口</span>", "11-20 08:00", "Ⅱ", "<span data-toggle='tooltip' data-placement='right' title='原始值：23.28804'>23.3</span>", "<span data-toggle='tooltip' data-placement='right' title='原始值：7.8223'>7.82</span>", "<span data-toggle='tooltip' data-placement='right' title='原始值：7.5693'>7.57</span>", "<span data-toggle='tooltip' data-placement='right' title='原始值：340.2211'>340.2</span>", "<span data-toggle='tooltip' data-placement='right' title='原始值：10.06597'>10.1</span>", "<span data-toggle='tooltip' data-placement='right' title='原始值：0.66795'>0.67</span>", "<span data-toggle='tooltip' data-placement='right' title='原始值：0.07004'>0.070</span>", "<span data-toggle='tooltip' data-placement='right' title='原始值：0.02177'>0.022</span>", "<span data-toggle='tooltip' data-placement='right' title='原始值：2.01444'>2.01</span>", "*", "*", "正常"], ["广西壮族自治区", "珠江流域", "<span data-toggle='tooltip' data-placement='right' title='所在地市:桂林市&#10;所属河流:漓江'>阳朔</span>", null, "", "--", "--", "--", "--", "--", "--", "--", "--", "--", "*", "*", "停站"], ["广西壮族自治区", "珠江流域", "<span data-toggle='tooltip' data-placement='right' title='所在地市:梧州市&#10;所属河流:浔江'>界首</span>", null, "", "--", "--", "--", "--", "--", "--", "--", "--", "--", "*", "*", "停站"], ["广西壮族自治区", "珠江流域", "<span data-toggle='tooltip' data-placement='right' title='所在地市:贵港市&#10;所属河流:浔江'>石嘴</span>", "11-20 08:00", "Ⅱ", "<span data-toggle='tooltip' data-placement='right' title='原始值：26.66177'>26.7</span>", "<span data-toggle='tooltip' data-placement='right' title='原始值：8.07389'>8.07</span>", "<span data-toggle='tooltip' data-placement='right' title='原始值：8.61738'>8.62</span>", "<span data-toggle='tooltip' data-placement='right' title='原始值：295.5'>295.5</span>", "<span data-toggle='tooltip' data-placement='right' title='原始值：8.34065'>8.3</span>", "<span data-toggle='tooltip' data-placement='right' title='原始值：1.05'>1.05</span>", "<span data-toggle='tooltip' data-placement='right' title='原始值：0.16'>0.160</span>", "<span data-toggle='tooltip' data-placement='right' title='原始值：0.03736'>0.037</span>", "<span data-toggle='tooltip' data-placement='right' title='原始值：1.1304'>1.13</span>", "*", "*", "正常"], ["广西壮族自治区", "珠江流域", "<span data-toggle='tooltip' data-placement='right' title='所在地市:崇左市&#10;所属河流:平而河'>平而关</span>", "11-20 08:00", "Ⅰ", "<span data-toggle='tooltip' data-placement='right' title='原始值：23.43239'>23.4</span>", "<span data-toggle='tooltip' data-placement='right' title='原始值：8.03495'>8.03</span>", "<span data-toggle='tooltip' data-placement='right' title='原始值：8.3887'>8.39</span>", "<span data-toggle='tooltip' data-placement='right' title='原始值：233.4997'>233.5</span>", "<span data-toggle='tooltip' data-placement='right' title='原始值：18.78823'>18.8</span>", "<span data-toggle='tooltip' data-placement='right' title='原始值：0.66513'>0.67</span>", "<span data-toggle='tooltip' data-placement='right' title='原始值：0.15'>0.150</span>", "*", "*", "*", "*", "正常"], ["重庆市", "长江流域", "<span data-toggle='tooltip' data-placement='right' title='所在地市:永川区&#10;所属河流:长江'>朱沱</span>", null, "", "--", "--", "--", "--", "--", "--", "--", "--", "--", "*", "*", "维护"], ["四川省", "长江流域", "<span data-toggle='tooltip' data-placement='right' title='所在地市:攀枝花市&#10;所属河流:金沙江'>龙洞</span>", "11-20 08:00", "Ⅰ", "<span data-toggle='tooltip' data-placement='right' title='原始值：17.44'>17.4</span>", "<span data-toggle='tooltip' data-placement='right' title='原始值：8.381131'>8.38</span>", "<span data-toggle='tooltip' data-placement='right' title='原始值：8.446599'>8.45</span>", "<span data-toggle='tooltip' data-placement='right' title='原始值：865.281'>865.3</span>", "<span data-toggle='tooltip' data-placement='right' title='原始值：10.28392'>10.3</span>", "<span data-toggle='tooltip' data-placement='right' title='原始值：0.21'>0.21</span>", "<span data-toggle='tooltip' data-placement='right' title='原始值：0.009'>0.009</span>", "<span data-toggle='tooltip' data-placement='right' title='原始值：0.005533'>0.006</span>", "<span data-toggle='tooltip' data-placement='right' title='原始值：0.690396'>0.69</span>", "*", "*", "正常"], ["四川省", "长江流域", "<span data-toggle='tooltip' data-placement='right' title='所在地市:泸州市&#10;所属河流:沱江'>沱江大桥(沱江二桥)</span>", "11-20 08:00", "Ⅱ", "<span data-toggle='tooltip' data-placement='right' title='原始值：19.36'>19.4</span>", "<span data-toggle='tooltip' data-placement='right' title='原始值：8.23116'>8.23</span>", "<span data-toggle='tooltip' data-placement='right' title='原始值：9.010624'>9.01</span>", "<span data-toggle='tooltip' data-placement='right' title='原始值：523.7751'>523.8</span>", "<span data-toggle='tooltip' data-placement='right' title='原始值：12.9815'>13.0</span>", "<span data-toggle='tooltip' data-placement='right' title='原始值：2.32'>2.32</span>", "<span data-toggle='tooltip' data-placement='right' title='原始值：0.003'>0.003</span>", "<span data-toggle='tooltip' data-placement='right' title='原始值：0.079522'>0.080</span>", "<span data-toggle='tooltip' data-placement='right' title='原始值：3.049525'>3.05</span>", "*", "*", "正常"], ["四川省", "长江流域", "<span data-toggle='tooltip' data-placement='right' title='所在地市:广元市&#10;所属河流:嘉陵江'>清风峡</span>", "11-20 08:00", "Ⅰ", "<span data-toggle='tooltip' data-placement='right' title='原始值：13.7287'>13.7</span>", "<span data-toggle='tooltip' data-placement='right' title='原始值：8.33'>8.33</span>", "<span data-toggle='tooltip' data-placement='right' title='原始值：9.97897'>9.98</span>", "<span data-toggle='tooltip' data-placement='right' title='原始值：395.4259'>395.4</span>", "<span data-toggle='tooltip' data-placement='right' title='原始值：88.09628'>88.1</span>", "<span data-toggle='tooltip' data-placement='right' title='原始值：0.65'>0.65</span>", "<span data-toggle='tooltip' data-placement='right' title='原始值：0.10664'>0.107</span>", "*", "*", "*", "*", "正常"], ["四川省", "长江流域", "<span data-toggle='tooltip' data-placement='right' title='所在地市:乐山市&#10;所属河流:岷江'>岷江大桥</span>", null, "", "--", "--", "--", "--", "--", "--", "--", "--", "--", "*", "*", "停站"], ["四川省", "长江流域", "<span data-toggle='tooltip' data-placement='right' title='所在地市:宜宾市&#10;所属河流:岷江'>凉姜沟</span>", "11-20 04:00", "Ⅱ", "<span data-toggle='tooltip' data-placement='right' title='原始值：19.23'>19.2</span>", "<span data-toggle='tooltip' data-placement='right' title='原始值：8.054118'>8.05</span>", "<span data-toggle='tooltip' data-placement='right' title='原始值：10.85057'>10.85</span>", "<span data-toggle='tooltip' data-placement='right' title='原始值：308.8139'>308.8</span>", "<span data-toggle='tooltip' data-placement='right' title='极值过滤'>--</span>", "<span data-toggle='tooltip' data-placement='right' title='原始值：1.17'>1.17</span>", "<span data-toggle='tooltip' data-placement='right' title='原始值：0.014'>0.014</span>", "<span data-toggle='tooltip' data-placement='right' title='原始值：0.0731414'>0.073</span>", "<span data-toggle='tooltip' data-placement='right' title='原始值：1.728108'>1.73</span>", "*", "*", "维护"], ["云南省", "滇池流域", "<span data-toggle='tooltip' data-placement='right' title='所在地市:昆明市&#10;所属河流:滇池'>西苑隧道</span>", "11-20 08:00", "Ⅴ", "<span data-toggle='tooltip' data-placement='right' title='原始值：16.22'>16.2</span>", "<span data-toggle='tooltip' data-placement='right' title='原始值：7.91277'>7.91</span>", "<span data-toggle='tooltip' data-placement='right' title='原始值：9.003'>9.00</span>", "<span data-toggle='tooltip' data-placement='right' title='原始值：705.264'>705.3</span>", "<span data-toggle='tooltip' data-placement='right' title='原始值：19.777'>19.8</span>", "<span data-toggle='tooltip' data-placement='right' title='原始值：10.01'>10.01</span>", "<span data-toggle='tooltip' data-placement='right' title='原始值：0.01673'>0.017</span>", "<span data-toggle='tooltip' data-placement='right' title='原始值：0.04112'>0.041</span>", "<span data-toggle='tooltip' data-placement='right' title='极值过滤'>--</span>", "<span data-toggle='tooltip' data-placement='right' title='原始值：0.00283'>0.003</span>", "<span data-toggle='tooltip' data-placement='right' title='原始值：1.051389E+07'>10513890</span>", "维护"], ["云南省", "滇池流域", "<span data-toggle='tooltip' data-placement='right' title='所在地市:昆明市&#10;所属河流:滇池'>观音山</span>", "11-20 08:00", "劣Ⅴ", "<span data-toggle='tooltip' data-placement='right' title='原始值：16.608'>16.6</span>", "<span data-toggle='tooltip' data-placement='right' title='原始值：9.346'>9.35</span>", "<span data-toggle='tooltip' data-placement='right' title='原始值：7.75'>7.75</span>", "<span data-toggle='tooltip' data-placement='right' title='极值过滤'>--</span>", "<span data-toggle='tooltip' data-placement='right' title='原始值：4.09'>4.1</span>", "<span data-toggle='tooltip' data-placement='right' title='原始值：6.7526'>6.75</span>", "<span data-toggle='tooltip' data-placement='right' title='原始值：0.76'>0.760</span>", "<span data-toggle='tooltip' data-placement='right' title='原始值：0.086'>0.086</span>", "<span data-toggle='tooltip' data-placement='right' title='原始值：1.008'>1.01</span>", "<span data-toggle='tooltip' data-placement='right' title='原始值：0.00312'>0.003</span>", "<span data-toggle='tooltip' data-placement='right' title='原始值：1.032871E+07'>10328710</span>", "维护"], ["云南省", "西南诸河", "<span data-toggle='tooltip' data-placement='right' title='所在地市:红河哈尼族彝族自治州&#10;所属河流:红河'>河口县医院(河口)</span>", "11-20 08:00", "Ⅱ", "<span data-toggle='tooltip' data-placement='right' title='原始值：23.00169'>23.0</span>", "<span data-toggle='tooltip' data-placement='right' title='原始值：7.13791'>7.14</span>", "<span data-toggle='tooltip' data-placement='right' title='原始值：8.022'>8.02</span>", "<span data-toggle='tooltip' data-placement='right' title='原始值：245.2599'>245.3</span>", "<span data-toggle='tooltip' data-placement='right' title='原始值：82.69595'>82.7</span>", "<span data-toggle='tooltip' data-placement='right' title='原始值：2.33556'>2.34</span>", "<span data-toggle='tooltip' data-placement='right' title='原始值：0.13663'>0.137</span>", "<span data-toggle='tooltip' data-placement='right' title='原始值：0.06262'>0.063</span>", "<span data-toggle='tooltip' data-placement='right' title='原始值：1.19942'>1.20</span>", "*", "*", "正常"], ["云南省", "西南诸河", "<span data-toggle='tooltip' data-placement='right' title='所在地市:西双版纳傣族自治州&#10;所属河流:澜沧江'>橄榄坝</span>", "11-20 08:00", "劣Ⅴ", "<span data-toggle='tooltip' data-placement='right' title='原始值：19.295'>19.3</span>", "<span data-toggle='tooltip' data-placement='right' title='原始值：7.632'>7.63</span>", "<span data-toggle='tooltip' data-placement='right' title='原始值：1.652'>1.65</span>", "<span data-toggle='tooltip' data-placement='right' title='原始值：518.926'>518.9</span>", "<span data-toggle='tooltip' data-placement='right' title='原始值：4.82'>4.8</span>", "<span data-toggle='tooltip' data-placement='right' title='原始值：1.12'>1.12</span>", "<span data-toggle='tooltip' data-placement='right' title='原始值：0.106'>0.106</span>", "*", "*", "*", "*", "正常"], ["陕西省", "黄河流域", "<span data-toggle='tooltip' data-placement='right' title='所在地市:渭南市&#10;所属河流:渭河'>潼关吊桥</span>", "11-20 08:00", "Ⅲ", "<span data-toggle='tooltip' data-placement='right' title='原始值：13.4'>13.4</span>", "<span data-toggle='tooltip' data-placement='right' title='原始值：8.3'>8.30</span>", "<span data-toggle='tooltip' data-placement='right' title='原始值：8.00002'>8.00</span>", "<span data-toggle='tooltip' data-placement='right' title='原始值：1101.002'>1101.0</span>", "<span data-toggle='tooltip' data-placement='right' title='原始值：323.1509'>323.2</span>", "<span data-toggle='tooltip' data-placement='right' title='原始值：4.21'>4.21</span>", "<span data-toggle='tooltip' data-placement='right' title='原始值：0.35'>0.350</span>", "<span data-toggle='tooltip' data-placement='right' title='原始值：0.16311'>0.163</span>", "<span data-toggle='tooltip' data-placement='right' title='原始值：7.65186'>7.65</span>", "*", "*", "正常"], ["甘肃省", "黄河流域", "<span data-toggle='tooltip' data-placement='right' title='所在地市:兰州市&#10;所属河流:黄河'>新城桥</span>", null, "", "--", "--", "--", "--", "--", "--", "--", "--", "--", "*", "*", "停站"], ["宁夏回族自治区", "黄河流域", "<span data-toggle='tooltip' data-placement='right' title='所在地市:中卫市&#10;所属河流:黄河'>中卫下河沿(新墩)</span>", "11-20 08:00", "Ⅱ", "<span data-toggle='tooltip' data-placement='right' title='原始值：12.57868'>12.6</span>", "<span data-toggle='tooltip' data-placement='right' title='原始值：7.81147'>7.81</span>", "<span data-toggle='tooltip' data-placement='right' title='原始值：8.79301'>8.79</span>", "<span data-toggle='tooltip' data-placement='right' title='原始值：674.5581'>674.6</span>", "<span data-toggle='tooltip' data-placement='right' title='原始值：53.36557'>53.4</span>", "<span data-toggle='tooltip' data-placement='right' title='原始值：1.52'>1.52</span>", "<span data-toggle='tooltip' data-placement='right' title='原始值：0.09'>0.090</span>", "<span data-toggle='tooltip' data-placement='right' title='原始值：0.04'>0.040</span>", "<span data-toggle='tooltip' data-placement='right' title='原始值：2.2765'>2.28</span>", "*", "*", "正常"]]}