{"result": 1, "total": 1, "records": 98, "thead": ["省份", "流域", "断面名称", "监测时间", "水质类别", "水温<br/><span class='unit'>(℃)</span>", "pH<br/><span class='unit'>(无量纲)</span>", "溶解氧<br/><span class='unit'>(mg/L)</span>", "电导率<br/><span class='unit'>(μS/cm)</span>", "浊度<br/><span class='unit'>(NTU)</span>", "高锰酸盐指数<br/><span class='unit'>(mg/L)</span>", "氨氮<br/><span class='unit'>(mg/L)</span>", "总磷<br/><span class='unit'>(mg/L)</span>", "总氮<br/><span class='unit'>(mg/L)</span>", "叶绿素α<br/><span class='unit'>(mg/L)</span>", "藻密度<br/><span class='unit'>(cells/L)</span>", "站点情况"], "tbody": [["北京市", "海河流域", "<span data-toggle='tooltip' data-placement='right' title='所在地市:门头沟区&#10;所属河流:永定河'>沿河城</span>", "11-29 08:00", "Ⅱ", "<span data-toggle='tooltip' data-placement='right' title='原始值：2.97433'>3.0</span>", "<span data-toggle='tooltip' data-placement='right' title='原始值：8.18294'>8.18</span>", "<span data-toggle='tooltip' data-placement='right' title='原始值：13.68305'>13.68</span>", "<span data-toggle='tooltip' data-placement='right' title='原始值：1271.739'>1271.7</span>", "<span data-toggle='tooltip' data-placement='right' title='原始值：3.04657'>3.0</span>", "<span data-toggle='tooltip' data-placement='right' title='原始值：1.945'>1.94</span>", "<span data-toggle='tooltip' data-placement='right' title='原始值：0.29'>0.290</span>", "<span data-toggle='tooltip' data-placement='right' title='原始值：0.01259'>0.013</span>", "<span data-toggle='tooltip' data-placement='right' title='原始值：1.61621'>1.62</span>", "*", "*", "正常"], ["北京市", "海河流域", "<span data-toggle='tooltip' data-placement='right' title='所在地市:密云区&#10;所属河流:潮河'>古北口</span>", "11-29 08:00", "", "<span data-toggle='tooltip' data-placement='right' title='原始值：1.02048'>1.0</span>", "<span data-toggle='tooltip' data-placement='right' title='原始值：8.2733'>8.27</span>", "<span data-toggle='tooltip' data-placement='right' title='原始值：13.98649'>13.99</span>", "<span data-toggle='tooltip' data-placement='right' title='原始值：770.5743'>770.6</span>", "<span data-toggle='tooltip' data-placement='right' title='原始值：3.04669'>3.0</span>", "<span data-toggle='tooltip' data-placement='right' title='原始值：0.815'>0.82</span>", "<span data-toggle='tooltip' data-placement='right' title='原始值：0.09'>0.090</span>", "<span data-toggle='tooltip' data-placement='right' title='极值过滤'>--</span>", "<span data-toggle='tooltip' data-placement='right' title='原始值：11.4874'>11.49</span>", "*", "*", "维护"], ["天津市", "海河流域", "<span data-toggle='tooltip' data-placement='right' title='所在地市:河北区&#10;所属河流:海河'>三岔口</span>", "11-29 08:00", "Ⅱ", "<span data-toggle='tooltip' data-placement='right' title='原始值：9.2945'>9.3</span>", "<span data-toggle='tooltip' data-placement='right' title='原始值：7.9209'>7.92</span>", "<span data-toggle='tooltip' data-placement='right' title='原始值：10.679'>10.68</span>", "<span data-toggle='tooltip' data-placement='right' title='原始值：321.3733'>321.4</span>", "<span data-toggle='tooltip' data-placement='right' title='原始值：6.821'>6.8</span>", "<span data-toggle='tooltip' data-placement='right' title='原始值：1.14'>1.14</span>", "<span data-toggle='tooltip' data-placement='right' title='原始值：0.19'>0.190</span>", "<span data-toggle='tooltip' data-placement='right' title='原始值：0.0068'>0.007</span>", "<span data-toggle='tooltip' data-placement='right' title='原始值：1.1706'>1.17</span>", "*", "*", "正常"], ["天津市", "海河流域", "<span data-toggle='tooltip' data-placement='right' title='所在地市:蓟州区&#10;所属河流:果河'>果河桥</span>", "11-29 08:00", "Ⅱ", "<span data-toggle='tooltip' data-placement='right' title='原始值：6.7'>6.7</span>", "<span data-toggle='tooltip' data-placement='right' title='原始值：8.13'>8.13</span>", "<span data-toggle='tooltip' data-placement='right' title='原始值：11.55'>11.55</span>", "<span data-toggle='tooltip' data-placement='right' title='原始值：657.21'>657.2</span>", "<span data-toggle='tooltip' data-placement='right' title='原始值：3.8'>3.8</span>", "<span data-toggle='tooltip' data-placement='right' title='原始值：2.1274'>2.13</span>", "<span data-toggle='tooltip' data-placement='right' title='原始值：0.36'>0.360</span>", "<span data-toggle='tooltip' data-placement='right' title='原始值：0.0427'>0.043</span>", "<span data-toggle='tooltip' data-placement='right' title='原始值：4.9901'>4.99</span>", "*", "*", "正常"], ["河北省", "海河流域", "<span data-toggle='tooltip' data-placement='right' title='所在地市:石家庄市&#10;所属河流:滹沱河'>岗南水库</span>", "11-29 08:00", "Ⅱ", "<span data-toggle='tooltip' data-placement='right' title='原始值：14.3333'>14.3</span>", "<span data-toggle='tooltip' data-placement='right' title='原始值：8.68685'>8.69</span>", "<span data-toggle='tooltip' data-placement='right' title='原始值：9.58156'>9.58</span>", "<span data-toggle='tooltip' data-placement='right' title='原始值：567.6515'>567.7</span>", "<span data-toggle='tooltip' data-placement='right' title='原始值：3.17804'>3.2</span>", "<span data-toggle='tooltip' data-placement='right' title='原始值：2.41874'>2.42</span>", "<span data-toggle='tooltip' data-placement='right' title='原始值：0.02'>0.020</span>", "<span data-toggle='tooltip' data-placement='right' title='原始值：0.019'>0.019</span>", "<span data-toggle='tooltip' data-placement='right' title='原始值：2.38254'>2.38</span>", "*", "*", "正常"], ["河北省", "海河流域", "<span data-toggle='tooltip' data-placement='right' title='所在地市:张家口市&#10;所属河流:永定河'>八号桥</span>", "11-29 04:00", "Ⅲ", "<span data-toggle='tooltip' data-placement='right' title='原始值：1.96663'>2.0</span>", "<span data-toggle='tooltip' data-placement='right' title='原始值：8.56887'>8.57</span>", "<span data-toggle='tooltip' data-placement='right' title='原始值：14.87454'>14.87</span>", "<span data-toggle='tooltip' data-placement='right' title='原始值：1304.129'>1304.1</span>", "<span data-toggle='tooltip' data-placement='right' title='原始值：30.40257'>30.4</span>", "<span data-toggle='tooltip' data-placement='right' title='原始值：5'>5.00</span>", "<span data-toggle='tooltip' data-placement='right' title='原始值：0.51'>0.510</span>", "<span data-toggle='tooltip' data-placement='right' title='原始值：0.105'>0.105</span>", "<span data-toggle='tooltip' data-placement='right' title='原始值：6.44'>6.44</span>", "*", "*", "正常"], ["山西省", "黄河流域", "<span data-toggle='tooltip' data-placement='right' title='所在地市:运城市&#10;所属河流:汾河'>河津大桥</span>", "11-29 08:00", "Ⅳ", "<span data-toggle='tooltip' data-placement='right' title='原始值：9.05885'>9.1</span>", "<span data-toggle='tooltip' data-placement='right' title='原始值：8.0651'>8.07</span>", "<span data-toggle='tooltip' data-placement='right' title='原始值：9.1451'>9.15</span>", "<span data-toggle='tooltip' data-placement='right' title='原始值：1810'>1810.0</span>", "<span data-toggle='tooltip' data-placement='right' title='原始值：116.5763'>116.6</span>", "<span data-toggle='tooltip' data-placement='right' title='原始值：6.1'>6.10</span>", "<span data-toggle='tooltip' data-placement='right' title='原始值：1.48'>1.480</span>", "*", "*", "*", "*", "正常"], ["山西省", "黄河流域", "<span data-toggle='tooltip' data-placement='right' title='所在地市:忻州市&#10;所属河流:黄河'>万家寨水库</span>", null, "", "--", "--", "--", "--", "--", "--", "--", "--", "--", "*", "*", "停站"], ["内蒙古自治区", "黄河流域", "<span data-toggle='tooltip' data-placement='right' title='所在地市:包头市&#10;所属河流:黄河'>画匠营子</span>", null, "", "--", "--", "--", "--", "--", "--", "--", "*", "*", "*", "*", "维护"], ["内蒙古自治区", "黄河流域", "<span data-toggle='tooltip' data-placement='right' title='所在地市:乌海市&#10;所属河流:黄河'>海勃湾</span>", "11-29 08:00", "Ⅱ", "<span data-toggle='tooltip' data-placement='right' title='原始值：6.11904'>6.1</span>", "<span data-toggle='tooltip' data-placement='right' title='原始值：8.35064'>8.35</span>", "<span data-toggle='tooltip' data-placement='right' title='原始值：9.43606'>9.44</span>", "<span data-toggle='tooltip' data-placement='right' title='原始值：802.1831'>802.2</span>", "<span data-toggle='tooltip' data-placement='right' title='原始值：65.67136'>65.7</span>", "<span data-toggle='tooltip' data-placement='right' title='原始值：2.77'>2.77</span>", "<span data-toggle='tooltip' data-placement='right' title='原始值：0.12'>0.120</span>", "*", "*", "*", "*", "正常"], ["内蒙古自治区", "松花江流域", "<span data-toggle='tooltip' data-placement='right' title='所在地市:呼伦贝尔市&#10;所属河流:额尔古纳河'>黑山头</span>", null, "", "--", "--", "--", "--", "--", "--", "--", "--", "--", "*", "*", "停站"], ["辽宁省", "辽河流域", "<span data-toggle='tooltip' data-placement='right' title='所在地市:抚顺市&#10;所属河流:浑河'>大伙房水库</span>", null, "", "--", "--", "--", "--", "--", "--", "--", "--", "--", "--", "*", "停站"], ["辽宁省", "辽河流域", "<span data-toggle='tooltip' data-placement='right' title='所在地市:丹东市&#10;所属河流:鸭绿江'>江桥</span>", "11-29 08:00", "Ⅱ", "<span data-toggle='tooltip' data-placement='right' title='原始值：9.5'>9.5</span>", "<span data-toggle='tooltip' data-placement='right' title='原始值：6.65'>6.65</span>", "<span data-toggle='tooltip' data-placement='right' title='原始值：9.4'>9.40</span>", "<span data-toggle='tooltip' data-placement='right' title='原始值：136'>136.0</span>", "<span data-toggle='tooltip' data-placement='right' title='原始值：15.06155'>15.1</span>", "<span data-toggle='tooltip' data-placement='right' title='原始值：0.73'>0.73</span>", "<span data-toggle='tooltip' data-placement='right' title='原始值：0.08124'>0.081</span>", "<span data-toggle='tooltip' data-placement='right' title='原始值：0.02663'>0.027</span>", "<span data-toggle='tooltip' data-placement='right' title='原始值：2.16209'>2.16</span>", "*", "*", "正常"], ["辽宁省", "辽河流域", "<span data-toggle='tooltip' data-placement='right' title='所在地市:营口市&#10;所属河流:大辽河'>辽河公园</span>", null, "", "--", "--", "--", "--", "--", "--", "--", "--", "--", "*", "*", "停站"], ["辽宁省", "辽河流域", "<span data-toggle='tooltip' data-placement='right' title='所在地市:辽阳市&#10;所属河流:太子河'>汤河水库</span>", null, "", "--", "--", "--", "--", "--", "--", "--", "--", "--", "*", "*", "停站"], ["辽宁省", "辽河流域", "<span data-toggle='tooltip' data-placement='right' title='所在地市:盘锦市&#10;所属河流:辽河'>盘锦兴安(兴安)</span>", null, "", "--", "--", "--", "--", "--", "--", "--", "--", "--", "*", "*", "停站"], ["辽宁省", "辽河流域", "<span data-toggle='tooltip' data-placement='right' title='所在地市:铁岭市&#10;所属河流:辽河'>珠尔山</span>", null, "", "--", "--", "--", "--", "--", "--", "--", "--", "--", "*", "*", "停站"], ["吉林省", "松花江流域", "<span data-toggle='tooltip' data-placement='right' title='所在地市:长春市&#10;所属河流:松花江'>松花江村</span>", null, "", "--", "--", "--", "--", "--", "--", "--", "--", "--", "*", "*", "停站"], ["吉林省", "松花江流域", "<span data-toggle='tooltip' data-placement='right' title='所在地市:白城市&#10;所属河流:嫩江'>白沙滩</span>", "11-29 08:00", "Ⅱ", "<span data-toggle='tooltip' data-placement='right' title='原始值：4.32066'>4.3</span>", "<span data-toggle='tooltip' data-placement='right' title='原始值：7.57763'>7.58</span>", "<span data-toggle='tooltip' data-placement='right' title='原始值：13.40459'>13.40</span>", "<span data-toggle='tooltip' data-placement='right' title='原始值：372.3838'>372.4</span>", "<span data-toggle='tooltip' data-placement='right' title='原始值：34.88643'>34.9</span>", "<span data-toggle='tooltip' data-placement='right' title='原始值：2.62083'>2.62</span>", "<span data-toggle='tooltip' data-placement='right' title='原始值：0.1938'>0.194</span>", "<span data-toggle='tooltip' data-placement='right' title='原始值：0.05824'>0.058</span>", "<span data-toggle='tooltip' data-placement='right' title='原始值：2.00832'>2.01</span>", "*", "*", "正常"], ["吉林省", "松花江流域", "<span data-toggle='tooltip' data-placement='right' title='所在地市:延边朝鲜族自治州&#10;所属河流:图们江'>圈河</span>", "11-29 04:00", "Ⅱ", "<span data-toggle='tooltip' data-placement='right' title='原始值：11.3'>11.3</span>", "<span data-toggle='tooltip' data-placement='right' title='原始值：7.54'>7.54</span>", "<span data-toggle='tooltip' data-placement='right' title='原始值：9.97'>9.97</span>", "<span data-toggle='tooltip' data-placement='right' title='原始值：187'>187.0</span>", "<span data-toggle='tooltip' data-placement='right' title='原始值：112'>112.0</span>", "<span data-toggle='tooltip' data-placement='right' title='原始值：3.58'>3.58</span>", "<span data-toggle='tooltip' data-placement='right' title='原始值：0.152'>0.152</span>", "<span data-toggle='tooltip' data-placement='right' title='原始值：0.06569'>0.066</span>", "<span data-toggle='tooltip' data-placement='right' title='原始值：2.74075'>2.74</span>", "*", "*", "正常"], ["黑龙江省", "松花江流域", "<span data-toggle='tooltip' data-placement='right' title='所在地市:大庆市&#10;所属河流:松花江'>肇源</span>", null, "", "--", "--", "--", "--", "--", "--", "--", "--", "--", "*", "*", "停站"], ["黑龙江省", "松花江流域", "<span data-toggle='tooltip' data-placement='right' title='所在地市:佳木斯市&#10;所属河流:乌苏里江'>乌苏镇</span>", null, "", "--", "--", "--", "--", "--", "--", "--", "--", "--", "*", "*", "停站"], ["黑龙江省", "松花江流域", "<span data-toggle='tooltip' data-placement='right' title='所在地市:佳木斯市&#10;所属河流:松花江'>同江</span>", "11-29 08:00", "Ⅳ", "<span data-toggle='tooltip' data-placement='right' title='原始值：4.78986'>4.8</span>", "<span data-toggle='tooltip' data-placement='right' title='原始值：6.87501'>6.88</span>", "<span data-toggle='tooltip' data-placement='right' title='原始值：11.62502'>11.63</span>", "<span data-toggle='tooltip' data-placement='right' title='原始值：253.9068'>253.9</span>", "<span data-toggle='tooltip' data-placement='right' title='原始值：42.50105'>42.5</span>", "<span data-toggle='tooltip' data-placement='right' title='原始值：6.4683'>6.47</span>", "<span data-toggle='tooltip' data-placement='right' title='原始值：0.18311'>0.183</span>", "<span data-toggle='tooltip' data-placement='right' title='原始值：0.06299'>0.063</span>", "<span data-toggle='tooltip' data-placement='right' title='原始值：1.95855'>1.96</span>", "*", "*", "正常"], ["黑龙江省", "松花江流域", "<span data-toggle='tooltip' data-placement='right' title='所在地市:黑河市&#10;所属河流:黑龙江'>黑河下(黑河)</span>", null, "", "--", "--", "--", "--", "--", "--", "--", "--", "--", "*", "*", "停站"], ["上海市", "长江流域", "<span data-toggle='tooltip' data-placement='right' title='所在地市:青浦区&#10;所属河流:淀山湖'>急水港桥</span>", null, "", "--", "--", "--", "--", "--", "--", "--", "--", "--", "--", "--", "停站"], ["江苏省", "长江流域", "<span data-toggle='tooltip' data-placement='right' title='所在地市:南京市&#10;所属河流:长江'>林山</span>", null, "", "--", "--", "--", "--", "--", "--", "--", "--", "--", "*", "*", "停站"], ["江苏省", "太湖流域", "<span data-toggle='tooltip' data-placement='right' title='所在地市:无锡市&#10;所属河流:太湖'>沙渚</span>", "11-29 08:00", "Ⅲ", "<span data-toggle='tooltip' data-placement='right' title='原始值：11.00435'>11.0</span>", "<span data-toggle='tooltip' data-placement='right' title='原始值：7.86306'>7.86</span>", "<span data-toggle='tooltip' data-placement='right' title='原始值：10.35629'>10.36</span>", "<span data-toggle='tooltip' data-placement='right' title='原始值：369.4363'>369.4</span>", "<span data-toggle='tooltip' data-placement='right' title='原始值：79.59081'>79.6</span>", "<span data-toggle='tooltip' data-placement='right' title='原始值：4.48163'>4.48</span>", "<span data-toggle='tooltip' data-placement='right' title='原始值：0.25'>0.250</span>", "<span data-toggle='tooltip' data-placement='right' title='原始值：0.0752'>0.075</span>", "<span data-toggle='tooltip' data-placement='right' title='原始值：2.153'>2.15</span>", "<span data-toggle='tooltip' data-placement='right' title='原始值：0.019142'>0.019</span>", "*", "正常"], ["江苏省", "淮河流域", "<span data-toggle='tooltip' data-placement='right' title='所在地市:徐州市&#10;所属河流:武河'>小红圈</span>", "11-29 08:00", "Ⅱ", "<span data-toggle='tooltip' data-placement='right' title='原始值：6.98'>7.0</span>", "<span data-toggle='tooltip' data-placement='right' title='原始值：8.06'>8.06</span>", "<span data-toggle='tooltip' data-placement='right' title='原始值：14.35'>14.35</span>", "<span data-toggle='tooltip' data-placement='right' title='原始值：602.7'>602.7</span>", "<span data-toggle='tooltip' data-placement='right' title='原始值：5.37'>5.4</span>", "<span data-toggle='tooltip' data-placement='right' title='原始值：2.86'>2.86</span>", "<span data-toggle='tooltip' data-placement='right' title='原始值：0.031'>0.031</span>", "*", "*", "*", "*", "正常"], ["江苏省", "淮河流域", "<span data-toggle='tooltip' data-placement='right' title='所在地市:徐州市&#10;所属河流:沿河'>李集桥</span>", "11-29 08:00", "Ⅲ", "<span data-toggle='tooltip' data-placement='right' title='原始值：10.79'>10.8</span>", "<span data-toggle='tooltip' data-placement='right' title='原始值：7.81'>7.81</span>", "<span data-toggle='tooltip' data-placement='right' title='原始值：8.12'>8.12</span>", "<span data-toggle='tooltip' data-placement='right' title='原始值：1156'>1156.0</span>", "<span data-toggle='tooltip' data-placement='right' title='原始值：15.5'>15.5</span>", "<span data-toggle='tooltip' data-placement='right' title='原始值：5.53'>5.53</span>", "<span data-toggle='tooltip' data-placement='right' title='原始值：0.196'>0.196</span>", "<span data-toggle='tooltip' data-placement='right' title='原始值：0.072'>0.072</span>", "<span data-toggle='tooltip' data-placement='right' title='原始值：1.711'>1.71</span>", "*", "*", "正常"], ["江苏省", "淮河流域", "<span data-toggle='tooltip' data-placement='right' title='所在地市:徐州市&#10;所属河流:邳苍分洪道'>艾山西大桥</span>", "11-29 08:00", "Ⅱ", "<span data-toggle='tooltip' data-placement='right' title='原始值：7.71423'>7.7</span>", "<span data-toggle='tooltip' data-placement='right' title='原始值：8.45891'>8.46</span>", "<span data-toggle='tooltip' data-placement='right' title='原始值：12.1075'>12.11</span>", "<span data-toggle='tooltip' data-placement='right' title='原始值：903.248'>903.2</span>", "<span data-toggle='tooltip' data-placement='right' title='原始值：4.10256'>4.1</span>", "<span data-toggle='tooltip' data-placement='right' title='原始值：3.38'>3.38</span>", "<span data-toggle='tooltip' data-placement='right' title='原始值：0.35'>0.350</span>", "<span data-toggle='tooltip' data-placement='right' title='原始值：0.08192'>0.082</span>", "<span data-toggle='tooltip' data-placement='right' title='原始值：9.85685'>9.86</span>", "*", "*", "正常"], ["江苏省", "太湖流域", "<span data-toggle='tooltip' data-placement='right' title='所在地市:苏州市&#10;所属河流:太湖'>兰山嘴(老)</span>", "11-29 08:00", "Ⅱ", "<span data-toggle='tooltip' data-placement='right' title='原始值：11.0528'>11.1</span>", "<span data-toggle='tooltip' data-placement='right' title='原始值：7.84648'>7.85</span>", "<span data-toggle='tooltip' data-placement='right' title='原始值：10.76372'>10.76</span>", "<span data-toggle='tooltip' data-placement='right' title='原始值：339.0583'>339.1</span>", "<span data-toggle='tooltip' data-placement='right' title='原始值：51.3518'>51.4</span>", "<span data-toggle='tooltip' data-placement='right' title='原始值：1.65'>1.65</span>", "<span data-toggle='tooltip' data-placement='right' title='原始值：0.43'>0.430</span>", "<span data-toggle='tooltip' data-placement='right' title='原始值：0.08876'>0.089</span>", "<span data-toggle='tooltip' data-placement='right' title='原始值：3.32346'>3.32</span>", "<span data-toggle='tooltip' data-placement='right' title='原始值：0.01743'>0.017</span>", "*", "正常"], ["江苏省", "太湖流域", "<span data-toggle='tooltip' data-placement='right' title='所在地市:苏州市&#10;所属河流:太湖'>西山</span>", "11-29 08:00", "Ⅴ", "<span data-toggle='tooltip' data-placement='right' title='原始值：11.03593'>11.0</span>", "<span data-toggle='tooltip' data-placement='right' title='原始值：7.9586'>7.96</span>", "<span data-toggle='tooltip' data-placement='right' title='原始值：10.92822'>10.93</span>", "<span data-toggle='tooltip' data-placement='right' title='原始值：402.4572'>402.5</span>", "<span data-toggle='tooltip' data-placement='right' title='原始值：362.9898'>363.0</span>", "<span data-toggle='tooltip' data-placement='right' title='原始值：3.15'>3.15</span>", "<span data-toggle='tooltip' data-placement='right' title='原始值：0.2'>0.200</span>", "<span data-toggle='tooltip' data-placement='right' title='原始值：0.1346'>0.135</span>", "<span data-toggle='tooltip' data-placement='right' title='原始值：1.669'>1.67</span>", "<span data-toggle='tooltip' data-placement='right' title='原始值：0.03998'>0.040</span>", "*", "正常"], ["江苏省", "淮河流域", "<span data-toggle='tooltip' data-placement='right' title='所在地市:连云港市&#10;所属河流:新沭河'>大兴桥</span>", "11-29 08:00", "Ⅲ", "<span data-toggle='tooltip' data-placement='right' title='原始值：9.9'>9.9</span>", "<span data-toggle='tooltip' data-placement='right' title='原始值：7.31'>7.31</span>", "<span data-toggle='tooltip' data-placement='right' title='原始值：10.36'>10.36</span>", "<span data-toggle='tooltip' data-placement='right' title='原始值：798.8'>798.8</span>", "<span data-toggle='tooltip' data-placement='right' title='原始值：39.54'>39.5</span>", "<span data-toggle='tooltip' data-placement='right' title='原始值：4.65'>4.65</span>", "<span data-toggle='tooltip' data-placement='right' title='原始值：0.194'>0.194</span>", "*", "*", "*", "*", "正常"], ["江苏省", "淮河流域", "<span data-toggle='tooltip' data-placement='right' title='所在地市:淮安市&#10;所属河流:淮河'>淮河大桥</span>", "11-29 08:00", "Ⅲ", "<span data-toggle='tooltip' data-placement='right' title='原始值：12.12927'>12.1</span>", "<span data-toggle='tooltip' data-placement='right' title='原始值：8.30927'>8.31</span>", "<span data-toggle='tooltip' data-placement='right' title='原始值：9.1115'>9.11</span>", "<span data-toggle='tooltip' data-placement='right' title='原始值：523.9633'>524.0</span>", "<span data-toggle='tooltip' data-placement='right' title='原始值：31.31742'>31.3</span>", "<span data-toggle='tooltip' data-placement='right' title='原始值：4.08'>4.08</span>", "<span data-toggle='tooltip' data-placement='right' title='原始值：0.13'>0.130</span>", "<span data-toggle='tooltip' data-placement='right' title='原始值：0.0972'>0.097</span>", "<span data-toggle='tooltip' data-placement='right' title='原始值：2.19'>2.19</span>", "*", "*", "正常"], ["江苏省", "长江流域", "<span data-toggle='tooltip' data-placement='right' title='所在地市:扬州市&#10;所属河流:夹江'>三江营</span>", null, "", "--", "--", "--", "--", "--", "--", "--", "--", "--", "*", "*", "停站"], ["江苏省", "淮河流域", "<span data-toggle='tooltip' data-placement='right' title='所在地市:宿迁市&#10;所属河流:新濉河'>大屈</span>", "11-29 08:00", "Ⅱ", "<span data-toggle='tooltip' data-placement='right' title='原始值：10.7'>10.7</span>", "<span data-toggle='tooltip' data-placement='right' title='原始值：7.69'>7.69</span>", "<span data-toggle='tooltip' data-placement='right' title='原始值：10.21'>10.21</span>", "<span data-toggle='tooltip' data-placement='right' title='原始值：937.2'>937.2</span>", "<span data-toggle='tooltip' data-placement='right' title='原始值：15.86'>15.9</span>", "<span data-toggle='tooltip' data-placement='right' title='原始值：3.24'>3.24</span>", "<span data-toggle='tooltip' data-placement='right' title='原始值：0.12'>0.120</span>", "<span data-toggle='tooltip' data-placement='right' title='原始值：0.042'>0.042</span>", "<span data-toggle='tooltip' data-placement='right' title='原始值：3.102'>3.10</span>", "*", "*", "正常"], ["浙江省", "浙闽片河流", "<span data-toggle='tooltip' data-placement='right' title='所在地市:杭州市&#10;所属河流:新安江'>街口(鸠坑口)</span>", "11-29 08:00", "", "<span data-toggle='tooltip' data-placement='right' title='原始值：18.87'>18.9</span>", "<span data-toggle='tooltip' data-placement='right' title='原始值：7.02'>7.02</span>", "<span data-toggle='tooltip' data-placement='right' title='原始值：5.45'>5.45</span>", "<span data-toggle='tooltip' data-placement='right' title='原始值：164.43'>164.4</span>", "<span data-toggle='tooltip' data-placement='right' title='原始值：19.45'>19.4</span>", "<span data-toggle='tooltip' data-placement='right' title='原始值：1.014'>1.01</span>", "<span data-toggle='tooltip' data-placement='right' title='极值过滤'>--</span>", "<span data-toggle='tooltip' data-placement='right' title='原始值：0.017'>0.017</span>", "<span data-toggle='tooltip' data-placement='right' title='原始值：1.093'>1.09</span>", "*", "*", "维护"], ["浙江省", "太湖流域", "<span data-toggle='tooltip' data-placement='right' title='所在地市:嘉兴市&#10;所属河流:斜路港河'>斜路港</span>", "11-29 04:00", "Ⅴ", "<span data-toggle='tooltip' data-placement='right' title='原始值：12.4'>12.4</span>", "<span data-toggle='tooltip' data-placement='right' title='原始值：7.47'>7.47</span>", "<span data-toggle='tooltip' data-placement='right' title='原始值：5.01'>5.01</span>", "<span data-toggle='tooltip' data-placement='right' title='原始值：575'>575.0</span>", "<span data-toggle='tooltip' data-placement='right' title='原始值：110.7'>110.7</span>", "<span data-toggle='tooltip' data-placement='right' title='原始值：6.3'>6.30</span>", "<span data-toggle='tooltip' data-placement='right' title='原始值：1.70919'>1.709</span>", "<span data-toggle='tooltip' data-placement='right' title='原始值：0.18303'>0.183</span>", "<span data-toggle='tooltip' data-placement='right' title='原始值：2.81682'>2.82</span>", "*", "*", "正常"], ["浙江省", "太湖流域", "<span data-toggle='tooltip' data-placement='right' title='所在地市:嘉兴市&#10;所属河流:京杭运河'>王江泾</span>", "11-29 08:00", "Ⅲ", "<span data-toggle='tooltip' data-placement='right' title='原始值：13.56'>13.6</span>", "<span data-toggle='tooltip' data-placement='right' title='原始值：7.05'>7.05</span>", "<span data-toggle='tooltip' data-placement='right' title='原始值：6.39'>6.39</span>", "<span data-toggle='tooltip' data-placement='right' title='原始值：628.07'>628.1</span>", "<span data-toggle='tooltip' data-placement='right' title='原始值：118.95'>119.0</span>", "<span data-toggle='tooltip' data-placement='right' title='原始值：5.805'>5.80</span>", "<span data-toggle='tooltip' data-placement='right' title='原始值：0.258'>0.258</span>", "<span data-toggle='tooltip' data-placement='right' title='原始值：0.081'>0.081</span>", "<span data-toggle='tooltip' data-placement='right' title='原始值：1.971'>1.97</span>", "*", "*", "正常"], ["浙江省", "太湖流域", "<span data-toggle='tooltip' data-placement='right' title='所在地市:湖州市&#10;所属河流:西苕溪'>新港口(新塘港)</span>", "11-29 08:00", "Ⅲ", "<span data-toggle='tooltip' data-placement='right' title='原始值：10.8163'>10.8</span>", "<span data-toggle='tooltip' data-placement='right' title='原始值：8.32118'>8.32</span>", "<span data-toggle='tooltip' data-placement='right' title='原始值：10.5391'>10.54</span>", "<span data-toggle='tooltip' data-placement='right' title='原始值：354.311'>354.3</span>", "<span data-toggle='tooltip' data-placement='right' title='原始值：179.456'>179.5</span>", "<span data-toggle='tooltip' data-placement='right' title='原始值：3.73619'>3.74</span>", "<span data-toggle='tooltip' data-placement='right' title='原始值：0.07599'>0.076</span>", "<span data-toggle='tooltip' data-placement='right' title='原始值：0.11821'>0.118</span>", "<span data-toggle='tooltip' data-placement='right' title='原始值：4.3595'>4.36</span>", "<span data-toggle='tooltip' data-placement='right' title='原始值：0.01546'>0.015</span>", "*", "正常"], ["安徽省", "巢湖流域", "<span data-toggle='tooltip' data-placement='right' title='所在地市:合肥市&#10;所属河流:巢湖'>湖滨(老)</span>", "11-29 08:00", "Ⅴ", "<span data-toggle='tooltip' data-placement='right' title='原始值：10.40407'>10.4</span>", "<span data-toggle='tooltip' data-placement='right' title='原始值：6.92511'>6.93</span>", "<span data-toggle='tooltip' data-placement='right' title='原始值：9.84211'>9.84</span>", "<span data-toggle='tooltip' data-placement='right' title='原始值：297.0084'>297.0</span>", "<span data-toggle='tooltip' data-placement='right' title='原始值：103.4697'>103.5</span>", "<span data-toggle='tooltip' data-placement='right' title='原始值：2.72'>2.72</span>", "<span data-toggle='tooltip' data-placement='right' title='原始值：0.16'>0.160</span>", "<span data-toggle='tooltip' data-placement='right' title='原始值：0.1051'>0.105</span>", "<span data-toggle='tooltip' data-placement='right' title='原始值：2.058'>2.06</span>", "<span data-toggle='tooltip' data-placement='right' title='原始值：0.0471'>0.047</span>", "*", "正常"], ["安徽省", "巢湖流域", "<span data-toggle='tooltip' data-placement='right' title='所在地市:芜湖市&#10;所属河流:巢湖'>裕溪口(老)</span>", "11-29 08:00", "Ⅳ", "<span data-toggle='tooltip' data-placement='right' title='原始值：13.19024'>13.2</span>", "<span data-toggle='tooltip' data-placement='right' title='原始值：7.31969'>7.32</span>", "<span data-toggle='tooltip' data-placement='right' title='原始值：6.06298'>6.06</span>", "<span data-toggle='tooltip' data-placement='right' title='原始值：283.4312'>283.4</span>", "<span data-toggle='tooltip' data-placement='right' title='原始值：14.78265'>14.8</span>", "<span data-toggle='tooltip' data-placement='right' title='原始值：3.36'>3.36</span>", "<span data-toggle='tooltip' data-placement='right' title='原始值：0.06'>0.060</span>", "<span data-toggle='tooltip' data-placement='right' title='原始值：0.0887'>0.089</span>", "<span data-toggle='tooltip' data-placement='right' title='原始值：3.244'>3.24</span>", "<span data-toggle='tooltip' data-placement='right' title='原始值：0.00973'>0.010</span>", "*", "正常"], ["安徽省", "淮河流域", "<span data-toggle='tooltip' data-placement='right' title='所在地市:蚌埠市&#10;所属河流:淮河'>蚌埠闸上(蚌埠闸)</span>", "11-29 08:00", "Ⅲ", "<span data-toggle='tooltip' data-placement='right' title='原始值：11.82'>11.8</span>", "<span data-toggle='tooltip' data-placement='right' title='原始值：7.88'>7.88</span>", "<span data-toggle='tooltip' data-placement='right' title='原始值：11.19'>11.19</span>", "<span data-toggle='tooltip' data-placement='right' title='原始值：455.02'>455.0</span>", "<span data-toggle='tooltip' data-placement='right' title='原始值：74.15'>74.2</span>", "<span data-toggle='tooltip' data-placement='right' title='原始值：5.407'>5.41</span>", "<span data-toggle='tooltip' data-placement='right' title='原始值：0.21'>0.210</span>", "<span data-toggle='tooltip' data-placement='right' title='原始值：0.106'>0.106</span>", "<span data-toggle='tooltip' data-placement='right' title='原始值：1.258'>1.26</span>", "*", "*", "正常"], ["安徽省", "淮河流域", "<span data-toggle='tooltip' data-placement='right' title='所在地市:淮南市&#10;所属河流:淮河'>石头埠(老)</span>", "11-29 08:00", "Ⅲ", "<span data-toggle='tooltip' data-placement='right' title='原始值：10.419'>10.4</span>", "<span data-toggle='tooltip' data-placement='right' title='原始值：7.53162'>7.53</span>", "<span data-toggle='tooltip' data-placement='right' title='原始值：5.98289'>5.98</span>", "<span data-toggle='tooltip' data-placement='right' title='原始值：384.5417'>384.5</span>", "<span data-toggle='tooltip' data-placement='right' title='原始值：74.15578'>74.2</span>", "<span data-toggle='tooltip' data-placement='right' title='原始值：3.76'>3.76</span>", "<span data-toggle='tooltip' data-placement='right' title='原始值：0.22'>0.220</span>", "*", "*", "*", "*", "正常"], ["安徽省", "淮河流域", "<span data-toggle='tooltip' data-placement='right' title='所在地市:淮北市&#10;所属河流:沱河'>小王桥</span>", "11-29 08:00", "Ⅳ", "<span data-toggle='tooltip' data-placement='right' title='原始值：9.47'>9.5</span>", "<span data-toggle='tooltip' data-placement='right' title='原始值：8.14'>8.14</span>", "<span data-toggle='tooltip' data-placement='right' title='原始值：7.73'>7.73</span>", "<span data-toggle='tooltip' data-placement='right' title='原始值：1798.35'>1798.4</span>", "<span data-toggle='tooltip' data-placement='right' title='原始值：20.33'>20.3</span>", "<span data-toggle='tooltip' data-placement='right' title='原始值：7.072'>7.07</span>", "<span data-toggle='tooltip' data-placement='right' title='原始值：0.04'>0.040</span>", "<span data-toggle='tooltip' data-placement='right' title='原始值：0.14'>0.140</span>", "<span data-toggle='tooltip' data-placement='right' title='原始值：1.319'>1.32</span>", "*", "*", "正常"], ["安徽省", "长江流域", "<span data-toggle='tooltip' data-placement='right' title='所在地市:安庆市&#10;所属河流:长江'>皖河口</span>", "11-29 08:00", "Ⅱ", "<span data-toggle='tooltip' data-placement='right' title='原始值：13.93'>13.9</span>", "<span data-toggle='tooltip' data-placement='right' title='原始值：7.678'>7.68</span>", "<span data-toggle='tooltip' data-placement='right' title='原始值：8.39'>8.39</span>", "<span data-toggle='tooltip' data-placement='right' title='原始值：297.95'>298.0</span>", "<span data-toggle='tooltip' data-placement='right' title='原始值：34.47'>34.5</span>", "<span data-toggle='tooltip' data-placement='right' title='原始值：1.819'>1.82</span>", "<span data-toggle='tooltip' data-placement='right' title='原始值：0.038'>0.038</span>", "<span data-toggle='tooltip' data-placement='right' title='原始值：0.075'>0.075</span>", "<span data-toggle='tooltip' data-placement='right' title='原始值：2.595'>2.60</span>", "*", "*", "正常"], ["安徽省", "淮河流域", "<span data-toggle='tooltip' data-placement='right' title='所在地市:滁州市&#10;所属河流:淮河'>小柳巷</span>", "11-29 08:00", "Ⅲ", "<span data-toggle='tooltip' data-placement='right' title='原始值：13.5'>13.5</span>", "<span data-toggle='tooltip' data-placement='right' title='原始值：7.59'>7.59</span>", "<span data-toggle='tooltip' data-placement='right' title='原始值：9.8'>9.80</span>", "<span data-toggle='tooltip' data-placement='right' title='原始值：475.6'>475.6</span>", "<span data-toggle='tooltip' data-placement='right' title='原始值：151.7'>151.7</span>", "<span data-toggle='tooltip' data-placement='right' title='原始值：2.45'>2.45</span>", "<span data-toggle='tooltip' data-placement='right' title='原始值：0.07'>0.070</span>", "<span data-toggle='tooltip' data-placement='right' title='原始值：0.129'>0.129</span>", "<span data-toggle='tooltip' data-placement='right' title='原始值：2.069'>2.07</span>", "*", "*", "正常"], ["安徽省", "淮河流域", "<span data-toggle='tooltip' data-placement='right' title='所在地市:阜阳市&#10;所属河流:黑茨河'>张大桥</span>", null, "", "--", "--", "--", "--", "--", "--", "--", "--", "--", "*", "*", "停站"], ["安徽省", "淮河流域", "<span data-toggle='tooltip' data-placement='right' title='所在地市:阜阳市&#10;所属河流:淮河'>王家坝</span>", "11-29 08:00", "Ⅱ", "<span data-toggle='tooltip' data-placement='right' title='原始值：10.29'>10.3</span>", "<span data-toggle='tooltip' data-placement='right' title='原始值：7.23617'>7.24</span>", "<span data-toggle='tooltip' data-placement='right' title='原始值：8.01563'>8.02</span>", "<span data-toggle='tooltip' data-placement='right' title='原始值：258.6086'>258.6</span>", "<span data-toggle='tooltip' data-placement='right' title='原始值：22.71486'>22.7</span>", "<span data-toggle='tooltip' data-placement='right' title='原始值：3.18'>3.18</span>", "<span data-toggle='tooltip' data-placement='right' title='原始值：0.269'>0.269</span>", "<span data-toggle='tooltip' data-placement='right' title='原始值：0.07448'>0.074</span>", "<span data-toggle='tooltip' data-placement='right' title='原始值：2.06583'>2.07</span>", "*", "*", "正常"], ["安徽省", "淮河流域", "<span data-toggle='tooltip' data-placement='right' title='所在地市:阜阳市&#10;所属河流:颍河'>界首七渡口(七渡口)</span>", "11-29 08:00", "Ⅲ", "<span data-toggle='tooltip' data-placement='right' title='原始值：12.01801'>12.0</span>", "<span data-toggle='tooltip' data-placement='right' title='原始值：6.80082'>6.80</span>", "<span data-toggle='tooltip' data-placement='right' title='原始值：5.97999'>5.98</span>", "<span data-toggle='tooltip' data-placement='right' title='原始值：822.1866'>822.2</span>", "<span data-toggle='tooltip' data-placement='right' title='原始值：14.17529'>14.2</span>", "<span data-toggle='tooltip' data-placement='right' title='原始值：3.42'>3.42</span>", "<span data-toggle='tooltip' data-placement='right' title='原始值：0.66'>0.660</span>", "<span data-toggle='tooltip' data-placement='right' title='原始值：0.10791'>0.108</span>", "<span data-toggle='tooltip' data-placement='right' title='原始值：5.52231'>5.52</span>", "*", "*", "正常"], ["安徽省", "淮河流域", "<span data-toggle='tooltip' data-placement='right' title='所在地市:阜阳市&#10;所属河流:泉河'>许庄(徐庄)</span>", "11-29 08:00", "", "<span data-toggle='tooltip' data-placement='right' title='原始值：5.9'>5.9</span>", "<span data-toggle='tooltip' data-placement='right' title='原始值：7.81'>7.81</span>", "<span data-toggle='tooltip' data-placement='right' title='原始值：6.83'>6.83</span>", "<span data-toggle='tooltip' data-placement='right' title='原始值：995.7'>995.7</span>", "<span data-toggle='tooltip' data-placement='right' title='原始值：20.03'>20.0</span>", "<span data-toggle='tooltip' data-placement='right' title='原始值：2.64'>2.64</span>", "<span data-toggle='tooltip' data-placement='right' title='极值过滤'>--</span>", "<span data-toggle='tooltip' data-placement='right' title='原始值：0.085'>0.085</span>", "<span data-toggle='tooltip' data-placement='right' title='原始值：2.39'>2.39</span>", "*", "*", "维护"], ["安徽省", "淮河流域", "<span data-toggle='tooltip' data-placement='right' title='所在地市:宿州市&#10;所属河流:奎河'>杨庄</span>", "11-29 08:00", "Ⅳ", "<span data-toggle='tooltip' data-placement='right' title='原始值：11.35'>11.4</span>", "<span data-toggle='tooltip' data-placement='right' title='原始值：7.78'>7.78</span>", "<span data-toggle='tooltip' data-placement='right' title='原始值：9.58'>9.58</span>", "<span data-toggle='tooltip' data-placement='right' title='原始值：995.8'>995.8</span>", "<span data-toggle='tooltip' data-placement='right' title='原始值：83.33'>83.3</span>", "<span data-toggle='tooltip' data-placement='right' title='原始值：4.07'>4.07</span>", "<span data-toggle='tooltip' data-placement='right' title='原始值：1.321'>1.321</span>", "*", "*", "*", "*", "正常"], ["安徽省", "淮河流域", "<span data-toggle='tooltip' data-placement='right' title='所在地市:宿州市&#10;所属河流:新汴河'>泗县公路桥</span>", "11-29 08:00", "Ⅲ", "<span data-toggle='tooltip' data-placement='right' title='原始值：9.95'>10.0</span>", "<span data-toggle='tooltip' data-placement='right' title='原始值：8.22'>8.22</span>", "<span data-toggle='tooltip' data-placement='right' title='原始值：11.11'>11.11</span>", "<span data-toggle='tooltip' data-placement='right' title='原始值：963.4'>963.4</span>", "<span data-toggle='tooltip' data-placement='right' title='原始值：18.72'>18.7</span>", "<span data-toggle='tooltip' data-placement='right' title='原始值：5.04'>5.04</span>", "<span data-toggle='tooltip' data-placement='right' title='原始值：0.068'>0.068</span>", "*", "*", "*", "*", "正常"], ["安徽省", "淮河流域", "<span data-toggle='tooltip' data-placement='right' title='所在地市:亳州市&#10;所属河流:包河'>颜集</span>", "11-29 08:00", "Ⅳ", "<span data-toggle='tooltip' data-placement='right' title='原始值：8.1'>8.1</span>", "<span data-toggle='tooltip' data-placement='right' title='原始值：7.89'>7.89</span>", "<span data-toggle='tooltip' data-placement='right' title='原始值：8.6'>8.60</span>", "<span data-toggle='tooltip' data-placement='right' title='原始值：1421.3'>1421.3</span>", "<span data-toggle='tooltip' data-placement='right' title='原始值：352.66'>352.7</span>", "<span data-toggle='tooltip' data-placement='right' title='原始值：3.34'>3.34</span>", "<span data-toggle='tooltip' data-placement='right' title='原始值：1.23'>1.230</span>", "<span data-toggle='tooltip' data-placement='right' title='原始值：0.185'>0.185</span>", "<span data-toggle='tooltip' data-placement='right' title='原始值：4.194'>4.19</span>", "*", "*", "正常"], ["福建省", "浙闽片河流", "<span data-toggle='tooltip' data-placement='right' title='所在地市:福州市&#10;所属河流:闽江'>白岩潭</span>", "11-29 08:00", "Ⅱ", "<span data-toggle='tooltip' data-placement='right' title='原始值：21.18'>21.2</span>", "<span data-toggle='tooltip' data-placement='right' title='原始值：7.28'>7.28</span>", "<span data-toggle='tooltip' data-placement='right' title='原始值：7.61'>7.61</span>", "<span data-toggle='tooltip' data-placement='right' title='原始值：1889.9'>1889.9</span>", "<span data-toggle='tooltip' data-placement='right' title='原始值：549.64'>549.6</span>", "<span data-toggle='tooltip' data-placement='right' title='原始值：2.82'>2.82</span>", "<span data-toggle='tooltip' data-placement='right' title='原始值：0.077'>0.077</span>", "*", "*", "*", "*", "正常"], ["江西省", "长江流域", "<span data-toggle='tooltip' data-placement='right' title='所在地市:南昌市&#10;所属河流:赣江南支'>滁槎</span>", "11-29 08:00", "Ⅱ", "<span data-toggle='tooltip' data-placement='right' title='原始值：12.34221'>12.3</span>", "<span data-toggle='tooltip' data-placement='right' title='原始值：8.11356'>8.11</span>", "<span data-toggle='tooltip' data-placement='right' title='原始值：9.3798'>9.38</span>", "<span data-toggle='tooltip' data-placement='right' title='原始值：126.0936'>126.1</span>", "<span data-toggle='tooltip' data-placement='right' title='原始值：64.79526'>64.8</span>", "<span data-toggle='tooltip' data-placement='right' title='原始值：3.92'>3.92</span>", "<span data-toggle='tooltip' data-placement='right' title='原始值：0.23'>0.230</span>", "<span data-toggle='tooltip' data-placement='right' title='原始值：0.06825'>0.068</span>", "<span data-toggle='tooltip' data-placement='right' title='原始值：1.6525'>1.65</span>", "*", "*", "正常"], ["江西省", "长江流域", "<span data-toggle='tooltip' data-placement='right' title='所在地市:九江市&#10;所属河流:长江'>姚港(河西水厂)</span>", "11-29 08:00", "Ⅱ", "<span data-toggle='tooltip' data-placement='right' title='原始值：13.23'>13.2</span>", "<span data-toggle='tooltip' data-placement='right' title='原始值：7.59'>7.59</span>", "<span data-toggle='tooltip' data-placement='right' title='原始值：9.94'>9.94</span>", "<span data-toggle='tooltip' data-placement='right' title='原始值：343.76'>343.8</span>", "<span data-toggle='tooltip' data-placement='right' title='原始值：45.19'>45.2</span>", "<span data-toggle='tooltip' data-placement='right' title='原始值：1.366'>1.37</span>", "<span data-toggle='tooltip' data-placement='right' title='原始值：0.032'>0.032</span>", "<span data-toggle='tooltip' data-placement='right' title='原始值：0.097'>0.097</span>", "<span data-toggle='tooltip' data-placement='right' title='原始值：2.04'>2.04</span>", "*", "*", "正常"], ["江西省", "长江流域", "<span data-toggle='tooltip' data-placement='right' title='所在地市:九江市&#10;所属河流:鄱阳湖'>蛤蟆石</span>", "11-29 08:00", "Ⅳ", "<span data-toggle='tooltip' data-placement='right' title='原始值：12.62'>12.6</span>", "<span data-toggle='tooltip' data-placement='right' title='原始值：7.34'>7.34</span>", "<span data-toggle='tooltip' data-placement='right' title='原始值：10.27'>10.27</span>", "<span data-toggle='tooltip' data-placement='right' title='原始值：189.16'>189.2</span>", "<span data-toggle='tooltip' data-placement='right' title='原始值：54.14'>54.1</span>", "<span data-toggle='tooltip' data-placement='right' title='原始值：2.13'>2.13</span>", "<span data-toggle='tooltip' data-placement='right' title='原始值：0.193'>0.193</span>", "<span data-toggle='tooltip' data-placement='right' title='原始值：0.0508'>0.051</span>", "<span data-toggle='tooltip' data-placement='right' title='原始值：2.178'>2.18</span>", "<span data-toggle='tooltip' data-placement='right' title='原始值：0.00116'>0.001</span>", "<span data-toggle='tooltip' data-placement='right' title='原始值：1269600'>1269600</span>", "正常"], ["山东省", "黄河流域", "<span data-toggle='tooltip' data-placement='right' title='所在地市:济南市&#10;所属河流:黄河'>泺口</span>", "11-29 08:00", "Ⅱ", "<span data-toggle='tooltip' data-placement='right' title='原始值：7.10968'>7.1</span>", "<span data-toggle='tooltip' data-placement='right' title='原始值：8.445'>8.44</span>", "<span data-toggle='tooltip' data-placement='right' title='原始值：12.0459'>12.05</span>", "<span data-toggle='tooltip' data-placement='right' title='原始值：798.024'>798.0</span>", "<span data-toggle='tooltip' data-placement='right' title='原始值：394.693'>394.7</span>", "<span data-toggle='tooltip' data-placement='right' title='原始值：1.81'>1.81</span>", "<span data-toggle='tooltip' data-placement='right' title='原始值：0.03777'>0.038</span>", "<span data-toggle='tooltip' data-placement='right' title='原始值：0.02482'>0.025</span>", "<span data-toggle='tooltip' data-placement='right' title='原始值：3.906'>3.91</span>", "*", "*", "正常"], ["山东省", "淮河流域", "<span data-toggle='tooltip' data-placement='right' title='所在地市:枣庄市&#10;所属河流:京杭大运河（韩庄运河）'>台儿庄大桥</span>", "11-29 08:00", "Ⅱ", "<span data-toggle='tooltip' data-placement='right' title='原始值：10.62127'>10.6</span>", "<span data-toggle='tooltip' data-placement='right' title='原始值：7.99474'>7.99</span>", "<span data-toggle='tooltip' data-placement='right' title='原始值：10.06802'>10.07</span>", "<span data-toggle='tooltip' data-placement='right' title='原始值：899.3832'>899.4</span>", "<span data-toggle='tooltip' data-placement='right' title='原始值：21.37798'>21.4</span>", "<span data-toggle='tooltip' data-placement='right' title='原始值：2.62323'>2.62</span>", "<span data-toggle='tooltip' data-placement='right' title='原始值：0.08797'>0.088</span>", "<span data-toggle='tooltip' data-placement='right' title='原始值：0.05063'>0.051</span>", "<span data-toggle='tooltip' data-placement='right' title='原始值：3.28235'>3.28</span>", "*", "*", "正常"], ["山东省", "淮河流域", "<span data-toggle='tooltip' data-placement='right' title='所在地市:临沂市&#10;所属河流:沭河'>清泉寺</span>", "11-29 04:00", "Ⅲ", "<span data-toggle='tooltip' data-placement='right' title='原始值：9.11971'>9.1</span>", "<span data-toggle='tooltip' data-placement='right' title='原始值：8.62198'>8.62</span>", "<span data-toggle='tooltip' data-placement='right' title='原始值：10.95465'>10.95</span>", "<span data-toggle='tooltip' data-placement='right' title='原始值：1030.364'>1030.4</span>", "<span data-toggle='tooltip' data-placement='right' title='原始值：8.44363'>8.4</span>", "<span data-toggle='tooltip' data-placement='right' title='原始值：5.1'>5.10</span>", "<span data-toggle='tooltip' data-placement='right' title='原始值：0.17'>0.170</span>", "*", "*", "*", "*", "正常"], ["山东省", "淮河流域", "<span data-toggle='tooltip' data-placement='right' title='所在地市:临沂市&#10;所属河流:沂河'>重坊桥</span>", "11-29 08:00", "Ⅲ", "<span data-toggle='tooltip' data-placement='right' title='原始值：9.46945'>9.5</span>", "<span data-toggle='tooltip' data-placement='right' title='原始值：7.81'>7.81</span>", "<span data-toggle='tooltip' data-placement='right' title='原始值：10.88815'>10.89</span>", "<span data-toggle='tooltip' data-placement='right' title='原始值：760.4259'>760.4</span>", "<span data-toggle='tooltip' data-placement='right' title='原始值：5.99167'>6.0</span>", "<span data-toggle='tooltip' data-placement='right' title='原始值：2.64'>2.64</span>", "<span data-toggle='tooltip' data-placement='right' title='原始值：0.73027'>0.730</span>", "*", "*", "*", "*", "正常"], ["山东省", "淮河流域", "<span data-toggle='tooltip' data-placement='right' title='所在地市:临沂市&#10;所属河流:白马河'>捷庄(涝沟桥)</span>", "11-29 08:00", "Ⅲ", "<span data-toggle='tooltip' data-placement='right' title='原始值：8.4'>8.4</span>", "<span data-toggle='tooltip' data-placement='right' title='原始值：7.85'>7.85</span>", "<span data-toggle='tooltip' data-placement='right' title='原始值：9.58609'>9.59</span>", "<span data-toggle='tooltip' data-placement='right' title='原始值：978.875'>978.9</span>", "<span data-toggle='tooltip' data-placement='right' title='原始值：7.22462'>7.2</span>", "<span data-toggle='tooltip' data-placement='right' title='原始值：4.58'>4.58</span>", "<span data-toggle='tooltip' data-placement='right' title='原始值：0.3908'>0.391</span>", "<span data-toggle='tooltip' data-placement='right' title='原始值：0.12619'>0.126</span>", "<span data-toggle='tooltip' data-placement='right' title='原始值：7.49271'>7.49</span>", "*", "*", "正常"], ["山东省", "海河流域", "<span data-toggle='tooltip' data-placement='right' title='所在地市:聊城市&#10;所属河流:卫运河'>秤勾湾(秤钩湾)</span>", null, "", "--", "--", "--", "--", "--", "--", "--", "--", "--", "*", "*", "停站"], ["河南省", "长江流域", "<span data-toggle='tooltip' data-placement='right' title='所在地市:南阳市&#10;所属河流:丹江口水库'>陶岔</span>", "11-29 08:00", "Ⅰ", "<span data-toggle='tooltip' data-placement='right' title='原始值：17.97'>18.0</span>", "<span data-toggle='tooltip' data-placement='right' title='原始值：7.81365'>7.81</span>", "<span data-toggle='tooltip' data-placement='right' title='原始值：8.34917'>8.35</span>", "<span data-toggle='tooltip' data-placement='right' title='原始值：273.2919'>273.3</span>", "<span data-toggle='tooltip' data-placement='right' title='原始值：2.16382'>2.2</span>", "<span data-toggle='tooltip' data-placement='right' title='原始值：1.79'>1.79</span>", "<span data-toggle='tooltip' data-placement='right' title='原始值：0.13079'>0.131</span>", "<span data-toggle='tooltip' data-placement='right' title='原始值：0.00757'>0.008</span>", "<span data-toggle='tooltip' data-placement='right' title='原始值：0.91958'>0.92</span>", "<span data-toggle='tooltip' data-placement='right' title='原始值：0.00564'>0.006</span>", "<span data-toggle='tooltip' data-placement='right' title='原始值：377881.5'>377882</span>", "正常"], ["河南省", "淮河流域", "<span data-toggle='tooltip' data-placement='right' title='所在地市:商丘市&#10;所属河流:浍河'>黄口</span>", "11-29 08:00", "Ⅱ", "<span data-toggle='tooltip' data-placement='right' title='原始值：9.25002'>9.3</span>", "<span data-toggle='tooltip' data-placement='right' title='原始值：7.59'>7.59</span>", "<span data-toggle='tooltip' data-placement='right' title='原始值：10.13484'>10.13</span>", "<span data-toggle='tooltip' data-placement='right' title='原始值：2378.031'>2378.0</span>", "<span data-toggle='tooltip' data-placement='right' title='原始值：26.05319'>26.1</span>", "<span data-toggle='tooltip' data-placement='right' title='原始值：3.44'>3.44</span>", "<span data-toggle='tooltip' data-placement='right' title='原始值：0.002'>0.002</span>", "<span data-toggle='tooltip' data-placement='right' title='原始值：0.0828'>0.083</span>", "<span data-toggle='tooltip' data-placement='right' title='原始值：6.59772'>6.60</span>", "*", "*", "正常"], ["河南省", "淮河流域", "<span data-toggle='tooltip' data-placement='right' title='所在地市:信阳市&#10;所属河流:史灌河'>蒋集</span>", "11-29 08:00", "Ⅲ", "<span data-toggle='tooltip' data-placement='right' title='原始值：7.02627'>7.0</span>", "<span data-toggle='tooltip' data-placement='right' title='原始值：7.08045'>7.08</span>", "<span data-toggle='tooltip' data-placement='right' title='原始值：7.815'>7.82</span>", "<span data-toggle='tooltip' data-placement='right' title='原始值：255.375'>255.4</span>", "<span data-toggle='tooltip' data-placement='right' title='原始值：368.0172'>368.0</span>", "<span data-toggle='tooltip' data-placement='right' title='原始值：2.34'>2.34</span>", "<span data-toggle='tooltip' data-placement='right' title='原始值：0.55201'>0.552</span>", "*", "*", "*", "*", "正常"], ["河南省", "淮河流域", "<span data-toggle='tooltip' data-placement='right' title='所在地市:信阳市&#10;所属河流:淮河'>淮滨水文站(淮滨)</span>", "11-29 08:00", "Ⅲ", "<span data-toggle='tooltip' data-placement='right' title='原始值：9.7'>9.7</span>", "<span data-toggle='tooltip' data-placement='right' title='原始值：7.27'>7.27</span>", "<span data-toggle='tooltip' data-placement='right' title='原始值：11.22762'>11.23</span>", "<span data-toggle='tooltip' data-placement='right' title='原始值：287'>287.0</span>", "<span data-toggle='tooltip' data-placement='right' title='原始值：70.87648'>70.9</span>", "<span data-toggle='tooltip' data-placement='right' title='原始值：2.61508'>2.62</span>", "<span data-toggle='tooltip' data-placement='right' title='原始值：0.30543'>0.305</span>", "<span data-toggle='tooltip' data-placement='right' title='原始值：0.14131'>0.141</span>", "<span data-toggle='tooltip' data-placement='right' title='原始值：5.88689'>5.89</span>", "*", "*", "正常"], ["河南省", "淮河流域", "<span data-toggle='tooltip' data-placement='right' title='所在地市:周口市&#10;所属河流:沙河'>沈丘闸</span>", "11-29 08:00", "Ⅳ", "<span data-toggle='tooltip' data-placement='right' title='原始值：11.51825'>11.5</span>", "<span data-toggle='tooltip' data-placement='right' title='原始值：7.49105'>7.49</span>", "<span data-toggle='tooltip' data-placement='right' title='原始值：5.59746'>5.60</span>", "<span data-toggle='tooltip' data-placement='right' title='原始值：1056'>1056.0</span>", "<span data-toggle='tooltip' data-placement='right' title='原始值：13.333'>13.3</span>", "<span data-toggle='tooltip' data-placement='right' title='原始值：4.03'>4.03</span>", "<span data-toggle='tooltip' data-placement='right' title='原始值：1.49'>1.490</span>", "*", "*", "*", "*", "正常"], ["河南省", "淮河流域", "<span data-toggle='tooltip' data-placement='right' title='所在地市:周口市&#10;所属河流:涡河'>鹿邑付桥(鹿邑付桥闸)</span>", "11-29 08:00", "Ⅲ", "<span data-toggle='tooltip' data-placement='right' title='原始值：10.49181'>10.5</span>", "<span data-toggle='tooltip' data-placement='right' title='原始值：8.39021'>8.39</span>", "<span data-toggle='tooltip' data-placement='right' title='原始值：8.6941'>8.69</span>", "<span data-toggle='tooltip' data-placement='right' title='原始值：1571.659'>1571.7</span>", "<span data-toggle='tooltip' data-placement='right' title='原始值：9.03629'>9.0</span>", "<span data-toggle='tooltip' data-placement='right' title='原始值：5.65002'>5.65</span>", "<span data-toggle='tooltip' data-placement='right' title='原始值：0.07'>0.070</span>", "<span data-toggle='tooltip' data-placement='right' title='原始值：0.0855'>0.086</span>", "<span data-toggle='tooltip' data-placement='right' title='原始值：1.08666'>1.09</span>", "*", "*", "正常"], ["河南省", "淮河流域", "<span data-toggle='tooltip' data-placement='right' title='所在地市:驻马店市&#10;所属河流:洪河'>新蔡班台(班台)</span>", "11-29 08:00", "Ⅲ", "<span data-toggle='tooltip' data-placement='right' title='原始值：13.05065'>13.1</span>", "<span data-toggle='tooltip' data-placement='right' title='原始值：7.47144'>7.47</span>", "<span data-toggle='tooltip' data-placement='right' title='原始值：10.02457'>10.02</span>", "<span data-toggle='tooltip' data-placement='right' title='原始值：733.3947'>733.4</span>", "<span data-toggle='tooltip' data-placement='right' title='原始值：5.62066'>5.6</span>", "<span data-toggle='tooltip' data-placement='right' title='原始值：3.71'>3.71</span>", "<span data-toggle='tooltip' data-placement='right' title='原始值：0.85'>0.850</span>", "<span data-toggle='tooltip' data-placement='right' title='原始值：0.19768'>0.198</span>", "<span data-toggle='tooltip' data-placement='right' title='原始值：3.94445'>3.94</span>", "*", "*", "正常"], ["河南省", "黄河流域", "<span data-toggle='tooltip' data-placement='right' title='所在地市:济源市&#10;所属河流:黄河'>小浪底水库(小浪底)</span>", "11-29 08:00", "Ⅱ", "<span data-toggle='tooltip' data-placement='right' title='原始值：11.60822'>11.6</span>", "<span data-toggle='tooltip' data-placement='right' title='原始值：8.33002'>8.33</span>", "<span data-toggle='tooltip' data-placement='right' title='原始值：9.09464'>9.09</span>", "<span data-toggle='tooltip' data-placement='right' title='原始值：725.2371'>725.2</span>", "<span data-toggle='tooltip' data-placement='right' title='原始值：7.13208'>7.1</span>", "<span data-toggle='tooltip' data-placement='right' title='原始值：1.225'>1.22</span>", "<span data-toggle='tooltip' data-placement='right' title='原始值：0.27'>0.270</span>", "<span data-toggle='tooltip' data-placement='right' title='原始值：0.018'>0.018</span>", "<span data-toggle='tooltip' data-placement='right' title='原始值：3.2825'>3.28</span>", "*", "*", "正常"], ["湖北省", "长江流域", "<span data-toggle='tooltip' data-placement='right' title='所在地市:武汉市&#10;所属河流:汉江'>宗关</span>", "11-29 08:00", "Ⅲ", "<span data-toggle='tooltip' data-placement='right' title='原始值：11.57'>11.6</span>", "<span data-toggle='tooltip' data-placement='right' title='原始值：7.903753'>7.90</span>", "<span data-toggle='tooltip' data-placement='right' title='原始值：10.29558'>10.30</span>", "<span data-toggle='tooltip' data-placement='right' title='原始值：418.5299'>418.5</span>", "<span data-toggle='tooltip' data-placement='right' title='原始值：39.01362'>39.0</span>", "<span data-toggle='tooltip' data-placement='right' title='原始值：0.8'>0.80</span>", "<span data-toggle='tooltip' data-placement='right' title='原始值：0.157'>0.157</span>", "<span data-toggle='tooltip' data-placement='right' title='原始值：0.134'>0.134</span>", "<span data-toggle='tooltip' data-placement='right' title='原始值：3.554971'>3.55</span>", "<span data-toggle='tooltip' data-placement='right' title='原始值：0.0032188'>0.003</span>", "*", "正常"], ["湖北省", "长江流域", "<span data-toggle='tooltip' data-placement='right' title='所在地市:十堰市&#10;所属河流:丹江口水库'>坝上中(胡家岭)</span>", "11-29 08:00", "Ⅱ", "<span data-toggle='tooltip' data-placement='right' title='原始值：17.47'>17.5</span>", "<span data-toggle='tooltip' data-placement='right' title='原始值：7.82981'>7.83</span>", "<span data-toggle='tooltip' data-placement='right' title='原始值：7.682324'>7.68</span>", "<span data-toggle='tooltip' data-placement='right' title='原始值：266.303'>266.3</span>", "<span data-toggle='tooltip' data-placement='right' title='原始值：3.713377'>3.7</span>", "<span data-toggle='tooltip' data-placement='right' title='原始值：1.79'>1.79</span>", "<span data-toggle='tooltip' data-placement='right' title='原始值：0.075'>0.075</span>", "<span data-toggle='tooltip' data-placement='right' title='原始值：0.025'>0.025</span>", "<span data-toggle='tooltip' data-placement='right' title='原始值：1.211'>1.21</span>", "<span data-toggle='tooltip' data-placement='right' title='原始值：0.0064459'>0.006</span>", "<span data-toggle='tooltip' data-placement='right' title='原始值：8312000'>8312000</span>", "正常"], ["湖北省", "长江流域", "<span data-toggle='tooltip' data-placement='right' title='所在地市:宜昌市&#10;所属河流:长江'>南津关</span>", "11-29 08:00", "Ⅱ", "<span data-toggle='tooltip' data-placement='right' title='原始值：18.35'>18.4</span>", "<span data-toggle='tooltip' data-placement='right' title='原始值：8.005926'>8.01</span>", "<span data-toggle='tooltip' data-placement='right' title='原始值：8.252639'>8.25</span>", "<span data-toggle='tooltip' data-placement='right' title='原始值：391.475'>391.5</span>", "<span data-toggle='tooltip' data-placement='right' title='原始值：7.263455'>7.3</span>", "<span data-toggle='tooltip' data-placement='right' title='原始值：1.29'>1.29</span>", "<span data-toggle='tooltip' data-placement='right' title='原始值：0.056'>0.056</span>", "<span data-toggle='tooltip' data-placement='right' title='原始值：0.044'>0.044</span>", "<span data-toggle='tooltip' data-placement='right' title='原始值：1.677'>1.68</span>", "<span data-toggle='tooltip' data-placement='right' title='原始值：0.0023255'>0.002</span>", "*", "正常"], ["湖南省", "长江流域", "<span data-toggle='tooltip' data-placement='right' title='所在地市:长沙市&#10;所属河流:湘江'>新港</span>", null, "", "--", "--", "--", "--", "--", "--", "--", "--", "--", "*", "*", "停站"], ["湖南省", "长江流域", "<span data-toggle='tooltip' data-placement='right' title='所在地市:岳阳市&#10;所属河流:洞庭湖'>岳阳楼</span>", "11-29 08:00", "", "<span data-toggle='tooltip' data-placement='right' title='原始值：11.95'>12.0</span>", "<span data-toggle='tooltip' data-placement='right' title='原始值：8.026683'>8.03</span>", "<span data-toggle='tooltip' data-placement='right' title='原始值：9.98065'>9.98</span>", "<span data-toggle='tooltip' data-placement='right' title='原始值：273.839'>273.8</span>", "<span data-toggle='tooltip' data-placement='right' title='原始值：61.58627'>61.6</span>", "<span data-toggle='tooltip' data-placement='right' title='原始值：2.04'>2.04</span>", "<span data-toggle='tooltip' data-placement='right' title='极值过滤'>--</span>", "<span data-toggle='tooltip' data-placement='right' title='原始值：0.131'>0.131</span>", "<span data-toggle='tooltip' data-placement='right' title='原始值：2.7559'>2.76</span>", "<span data-toggle='tooltip' data-placement='right' title='原始值：0.0030625'>0.003</span>", "<span data-toggle='tooltip' data-placement='right' title='原始值：318.433'>318</span>", "维护"], ["湖南省", "长江流域", "<span data-toggle='tooltip' data-placement='right' title='所在地市:岳阳市&#10;所属河流:长江'>城陵矶</span>", "11-29 08:00", "Ⅲ", "<span data-toggle='tooltip' data-placement='right' title='原始值：12.61'>12.6</span>", "<span data-toggle='tooltip' data-placement='right' title='原始值：8.31838'>8.32</span>", "<span data-toggle='tooltip' data-placement='right' title='原始值：10.56166'>10.56</span>", "<span data-toggle='tooltip' data-placement='right' title='原始值：286.468'>286.5</span>", "<span data-toggle='tooltip' data-placement='right' title='原始值：65.2286'>65.2</span>", "<span data-toggle='tooltip' data-placement='right' title='原始值：2.36'>2.36</span>", "<span data-toggle='tooltip' data-placement='right' title='原始值：0.017'>0.017</span>", "<span data-toggle='tooltip' data-placement='right' title='原始值：0.147'>0.147</span>", "<span data-toggle='tooltip' data-placement='right' title='原始值：1.6173'>1.62</span>", "*", "*", "正常"], ["广东省", "珠江流域", "<span data-toggle='tooltip' data-placement='right' title='所在地市:清远市&#10;所属河流:北江'>七星岗</span>", "11-29 08:00", "Ⅱ", "<span data-toggle='tooltip' data-placement='right' title='原始值：22.14521'>22.1</span>", "<span data-toggle='tooltip' data-placement='right' title='原始值：7.67432'>7.67</span>", "<span data-toggle='tooltip' data-placement='right' title='原始值：8.52312'>8.52</span>", "<span data-toggle='tooltip' data-placement='right' title='原始值：264.171'>264.2</span>", "<span data-toggle='tooltip' data-placement='right' title='原始值：9.7663'>9.8</span>", "<span data-toggle='tooltip' data-placement='right' title='原始值：0.96'>0.96</span>", "<span data-toggle='tooltip' data-placement='right' title='原始值：0.11078'>0.111</span>", "<span data-toggle='tooltip' data-placement='right' title='原始值：0.03423'>0.034</span>", "<span data-toggle='tooltip' data-placement='right' title='原始值：1.5923'>1.59</span>", "*", "*", "正常"], ["广东省", "珠江流域", "<span data-toggle='tooltip' data-placement='right' title='所在地市:中山市&#10;所属河流:西江'>横栏</span>", "11-29 08:00", "Ⅰ", "<span data-toggle='tooltip' data-placement='right' title='原始值：21.7'>21.7</span>", "<span data-toggle='tooltip' data-placement='right' title='原始值：7.74'>7.74</span>", "<span data-toggle='tooltip' data-placement='right' title='原始值：7.79'>7.79</span>", "<span data-toggle='tooltip' data-placement='right' title='原始值：296'>296.0</span>", "<span data-toggle='tooltip' data-placement='right' title='原始值：7.3'>7.3</span>", "<span data-toggle='tooltip' data-placement='right' title='原始值：1.41'>1.41</span>", "<span data-toggle='tooltip' data-placement='right' title='原始值：0.11324'>0.113</span>", "*", "*", "*", "*", "正常"], ["广西壮族自治区", "珠江流域", "<span data-toggle='tooltip' data-placement='right' title='所在地市:南宁市&#10;所属河流:邕江'>老口</span>", "11-29 08:00", "Ⅱ", "<span data-toggle='tooltip' data-placement='right' title='原始值：21.92026'>21.9</span>", "<span data-toggle='tooltip' data-placement='right' title='原始值：7.86171'>7.86</span>", "<span data-toggle='tooltip' data-placement='right' title='原始值：7.64903'>7.65</span>", "<span data-toggle='tooltip' data-placement='right' title='原始值：347.0181'>347.0</span>", "<span data-toggle='tooltip' data-placement='right' title='原始值：9.11054'>9.1</span>", "<span data-toggle='tooltip' data-placement='right' title='原始值：0.972'>0.97</span>", "<span data-toggle='tooltip' data-placement='right' title='原始值：0.05631'>0.056</span>", "<span data-toggle='tooltip' data-placement='right' title='原始值：0.02261'>0.023</span>", "<span data-toggle='tooltip' data-placement='right' title='原始值：2.06604'>2.07</span>", "*", "*", "正常"], ["广西壮族自治区", "珠江流域", "<span data-toggle='tooltip' data-placement='right' title='所在地市:桂林市&#10;所属河流:漓江'>阳朔</span>", null, "", "--", "--", "--", "--", "--", "--", "--", "--", "--", "*", "*", "停站"], ["广西壮族自治区", "珠江流域", "<span data-toggle='tooltip' data-placement='right' title='所在地市:梧州市&#10;所属河流:浔江'>界首</span>", null, "", "--", "--", "--", "--", "--", "--", "--", "--", "--", "*", "*", "停站"], ["广西壮族自治区", "珠江流域", "<span data-toggle='tooltip' data-placement='right' title='所在地市:贵港市&#10;所属河流:浔江'>石嘴</span>", "11-29 08:00", "Ⅱ", "<span data-toggle='tooltip' data-placement='right' title='原始值：23.64621'>23.6</span>", "<span data-toggle='tooltip' data-placement='right' title='原始值：8.05515'>8.06</span>", "<span data-toggle='tooltip' data-placement='right' title='原始值：8.24212'>8.24</span>", "<span data-toggle='tooltip' data-placement='right' title='原始值：301.1842'>301.2</span>", "<span data-toggle='tooltip' data-placement='right' title='原始值：10.97918'>11.0</span>", "<span data-toggle='tooltip' data-placement='right' title='原始值：1.98'>1.98</span>", "<span data-toggle='tooltip' data-placement='right' title='原始值：0.11'>0.110</span>", "<span data-toggle='tooltip' data-placement='right' title='原始值：0.03319'>0.033</span>", "<span data-toggle='tooltip' data-placement='right' title='原始值：1.9818'>1.98</span>", "*", "*", "正常"], ["广西壮族自治区", "珠江流域", "<span data-toggle='tooltip' data-placement='right' title='所在地市:崇左市&#10;所属河流:平而河'>平而关</span>", "11-29 08:00", "Ⅰ", "<span data-toggle='tooltip' data-placement='right' title='原始值：20.81389'>20.8</span>", "<span data-toggle='tooltip' data-placement='right' title='原始值：7.51038'>7.51</span>", "<span data-toggle='tooltip' data-placement='right' title='原始值：8.68833'>8.69</span>", "<span data-toggle='tooltip' data-placement='right' title='原始值：253.3633'>253.4</span>", "<span data-toggle='tooltip' data-placement='right' title='原始值：18.00329'>18.0</span>", "<span data-toggle='tooltip' data-placement='right' title='原始值：0.86'>0.86</span>", "<span data-toggle='tooltip' data-placement='right' title='原始值：0.15'>0.150</span>", "*", "*", "*", "*", "正常"], ["重庆市", "长江流域", "<span data-toggle='tooltip' data-placement='right' title='所在地市:永川区&#10;所属河流:长江'>朱沱</span>", "11-29 08:00", "Ⅱ", "<span data-toggle='tooltip' data-placement='right' title='原始值：15.34'>15.3</span>", "<span data-toggle='tooltip' data-placement='right' title='原始值：8.12'>8.12</span>", "<span data-toggle='tooltip' data-placement='right' title='原始值：9.69'>9.69</span>", "<span data-toggle='tooltip' data-placement='right' title='原始值：391.36'>391.4</span>", "<span data-toggle='tooltip' data-placement='right' title='原始值：10.65'>10.6</span>", "<span data-toggle='tooltip' data-placement='right' title='原始值：1.027'>1.03</span>", "<span data-toggle='tooltip' data-placement='right' title='原始值：0.003'>0.003</span>", "<span data-toggle='tooltip' data-placement='right' title='原始值：0.059'>0.059</span>", "<span data-toggle='tooltip' data-placement='right' title='原始值：1.486'>1.49</span>", "*", "*", "正常"], ["四川省", "长江流域", "<span data-toggle='tooltip' data-placement='right' title='所在地市:攀枝花市&#10;所属河流:金沙江'>龙洞</span>", "11-29 08:00", "Ⅰ", "<span data-toggle='tooltip' data-placement='right' title='原始值：16.7'>16.7</span>", "<span data-toggle='tooltip' data-placement='right' title='原始值：8.231647'>8.23</span>", "<span data-toggle='tooltip' data-placement='right' title='原始值：8.495157'>8.50</span>", "<span data-toggle='tooltip' data-placement='right' title='原始值：863.416'>863.4</span>", "<span data-toggle='tooltip' data-placement='right' title='原始值：8.186342'>8.2</span>", "<span data-toggle='tooltip' data-placement='right' title='原始值：1.09'>1.09</span>", "<span data-toggle='tooltip' data-placement='right' title='原始值：0.019'>0.019</span>", "<span data-toggle='tooltip' data-placement='right' title='原始值：0.0066104'>0.007</span>", "<span data-toggle='tooltip' data-placement='right' title='原始值：0.936657'>0.94</span>", "*", "*", "正常"], ["四川省", "长江流域", "<span data-toggle='tooltip' data-placement='right' title='所在地市:泸州市&#10;所属河流:沱江'>沱江大桥(沱江二桥)</span>", "11-29 08:00", "Ⅱ", "<span data-toggle='tooltip' data-placement='right' title='原始值：16.27'>16.3</span>", "<span data-toggle='tooltip' data-placement='right' title='原始值：8.243899'>8.24</span>", "<span data-toggle='tooltip' data-placement='right' title='原始值：8.973962'>8.97</span>", "<span data-toggle='tooltip' data-placement='right' title='原始值：552.3953'>552.4</span>", "<span data-toggle='tooltip' data-placement='right' title='原始值：12.62067'>12.6</span>", "<span data-toggle='tooltip' data-placement='right' title='原始值：2.11'>2.11</span>", "<span data-toggle='tooltip' data-placement='right' title='原始值：0.001'>0.001</span>", "<span data-toggle='tooltip' data-placement='right' title='原始值：0.0996863'>0.100</span>", "<span data-toggle='tooltip' data-placement='right' title='原始值：3.376939'>3.38</span>", "*", "*", "正常"], ["四川省", "长江流域", "<span data-toggle='tooltip' data-placement='right' title='所在地市:广元市&#10;所属河流:嘉陵江'>清风峡</span>", "11-29 04:00", "Ⅰ", "<span data-toggle='tooltip' data-placement='right' title='原始值：9.15555'>9.2</span>", "<span data-toggle='tooltip' data-placement='right' title='原始值：8.49935'>8.50</span>", "<span data-toggle='tooltip' data-placement='right' title='原始值：10.50464'>10.50</span>", "<span data-toggle='tooltip' data-placement='right' title='原始值：412.713'>412.7</span>", "<span data-toggle='tooltip' data-placement='right' title='原始值：51.94351'>51.9</span>", "<span data-toggle='tooltip' data-placement='right' title='原始值：0.71'>0.71</span>", "<span data-toggle='tooltip' data-placement='right' title='原始值：0.09675'>0.097</span>", "*", "*", "*", "*", "正常"], ["四川省", "长江流域", "<span data-toggle='tooltip' data-placement='right' title='所在地市:乐山市&#10;所属河流:岷江'>岷江大桥</span>", null, "", "--", "--", "--", "--", "--", "--", "--", "--", "--", "*", "*", "停站"], ["四川省", "长江流域", "<span data-toggle='tooltip' data-placement='right' title='所在地市:宜宾市&#10;所属河流:岷江'>凉姜沟</span>", "11-29 08:00", "Ⅱ", "<span data-toggle='tooltip' data-placement='right' title='原始值：13.98'>14.0</span>", "<span data-toggle='tooltip' data-placement='right' title='原始值：8.066032'>8.07</span>", "<span data-toggle='tooltip' data-placement='right' title='原始值：9.34034'>9.34</span>", "<span data-toggle='tooltip' data-placement='right' title='原始值：320.8785'>320.9</span>", "<span data-toggle='tooltip' data-placement='right' title='原始值：28.91949'>28.9</span>", "<span data-toggle='tooltip' data-placement='right' title='原始值：1.4'>1.40</span>", "<span data-toggle='tooltip' data-placement='right' title='原始值：0.102'>0.102</span>", "<span data-toggle='tooltip' data-placement='right' title='原始值：0.0747906'>0.075</span>", "<span data-toggle='tooltip' data-placement='right' title='原始值：1.833987'>1.83</span>", "*", "*", "正常"], ["云南省", "滇池流域", "<span data-toggle='tooltip' data-placement='right' title='所在地市:昆明市&#10;所属河流:滇池'>西苑隧道</span>", "11-29 08:00", "", "<span data-toggle='tooltip' data-placement='right' title='原始值：15.63'>15.6</span>", "<span data-toggle='tooltip' data-placement='right' title='原始值：7.71087'>7.71</span>", "<span data-toggle='tooltip' data-placement='right' title='原始值：6.586'>6.59</span>", "<span data-toggle='tooltip' data-placement='right' title='原始值：676.987'>677.0</span>", "<span data-toggle='tooltip' data-placement='right' title='原始值：35.049'>35.0</span>", "<span data-toggle='tooltip' data-placement='right' title='原始值：9.68'>9.68</span>", "<span data-toggle='tooltip' data-placement='right' title='极值过滤'>--</span>", "<span data-toggle='tooltip' data-placement='right' title='原始值：0.02499'>0.025</span>", "<span data-toggle='tooltip' data-placement='right' title='原始值：4.51233'>4.51</span>", "<span data-toggle='tooltip' data-placement='right' title='原始值：0.00216'>0.002</span>", "<span data-toggle='tooltip' data-placement='right' title='原始值：8524714'>8524714</span>", "维护"], ["云南省", "滇池流域", "<span data-toggle='tooltip' data-placement='right' title='所在地市:昆明市&#10;所属河流:滇池'>观音山</span>", "11-29 08:00", "Ⅴ", "<span data-toggle='tooltip' data-placement='right' title='原始值：17.049'>17.0</span>", "<span data-toggle='tooltip' data-placement='right' title='原始值：8.901'>8.90</span>", "<span data-toggle='tooltip' data-placement='right' title='原始值：8.068'>8.07</span>", "<span data-toggle='tooltip' data-placement='right' title='原始值：387.566'>387.6</span>", "<span data-toggle='tooltip' data-placement='right' title='原始值：62.761'>62.8</span>", "<span data-toggle='tooltip' data-placement='right' title='原始值：8.54054'>8.54</span>", "<span data-toggle='tooltip' data-placement='right' title='原始值：1.01'>1.010</span>", "<span data-toggle='tooltip' data-placement='right' title='原始值：0.1081'>0.108</span>", "<span data-toggle='tooltip' data-placement='right' title='原始值：1.465'>1.46</span>", "<span data-toggle='tooltip' data-placement='right' title='原始值：0.00299'>0.003</span>", "<span data-toggle='tooltip' data-placement='right' title='原始值：7634937'>7634937</span>", "正常"], ["云南省", "西南诸河", "<span data-toggle='tooltip' data-placement='right' title='所在地市:红河哈尼族彝族自治州&#10;所属河流:红河'>河口县医院(河口)</span>", "11-29 08:00", "Ⅱ", "<span data-toggle='tooltip' data-placement='right' title='原始值：22.5423'>22.5</span>", "<span data-toggle='tooltip' data-placement='right' title='原始值：6.89708'>6.90</span>", "<span data-toggle='tooltip' data-placement='right' title='原始值：8.26263'>8.26</span>", "<span data-toggle='tooltip' data-placement='right' title='原始值：190.5309'>190.5</span>", "<span data-toggle='tooltip' data-placement='right' title='原始值：87.7495'>87.7</span>", "<span data-toggle='tooltip' data-placement='right' title='原始值：0.5993'>0.60</span>", "<span data-toggle='tooltip' data-placement='right' title='原始值：0.08112'>0.081</span>", "<span data-toggle='tooltip' data-placement='right' title='原始值：0.06653'>0.067</span>", "<span data-toggle='tooltip' data-placement='right' title='原始值：1.21138'>1.21</span>", "*", "*", "正常"], ["云南省", "西南诸河", "<span data-toggle='tooltip' data-placement='right' title='所在地市:西双版纳傣族自治州&#10;所属河流:澜沧江'>橄榄坝</span>", "11-29 08:00", "Ⅱ", "<span data-toggle='tooltip' data-placement='right' title='原始值：18.658'>18.7</span>", "<span data-toggle='tooltip' data-placement='right' title='原始值：7.639'>7.64</span>", "<span data-toggle='tooltip' data-placement='right' title='原始值：7.015'>7.02</span>", "<span data-toggle='tooltip' data-placement='right' title='原始值：493.703'>493.7</span>", "<span data-toggle='tooltip' data-placement='right' title='原始值：7.64'>7.6</span>", "<span data-toggle='tooltip' data-placement='right' title='原始值：0.46'>0.46</span>", "<span data-toggle='tooltip' data-placement='right' title='原始值：0.069'>0.069</span>", "*", "*", "*", "*", "正常"], ["陕西省", "黄河流域", "<span data-toggle='tooltip' data-placement='right' title='所在地市:渭南市&#10;所属河流:渭河'>潼关吊桥</span>", "11-29 08:00", "Ⅲ", "<span data-toggle='tooltip' data-placement='right' title='原始值：9.50078'>9.5</span>", "<span data-toggle='tooltip' data-placement='right' title='原始值：8.37992'>8.38</span>", "<span data-toggle='tooltip' data-placement='right' title='原始值：9.02492'>9.02</span>", "<span data-toggle='tooltip' data-placement='right' title='原始值：1196.492'>1196.5</span>", "<span data-toggle='tooltip' data-placement='right' title='原始值：179.4173'>179.4</span>", "<span data-toggle='tooltip' data-placement='right' title='原始值：2.04'>2.04</span>", "<span data-toggle='tooltip' data-placement='right' title='原始值：0.48'>0.480</span>", "<span data-toggle='tooltip' data-placement='right' title='原始值：0.14321'>0.143</span>", "<span data-toggle='tooltip' data-placement='right' title='原始值：7.70361'>7.70</span>", "*", "*", "正常"], ["甘肃省", "黄河流域", "<span data-toggle='tooltip' data-placement='right' title='所在地市:兰州市&#10;所属河流:黄河'>新城桥</span>", null, "", "--", "--", "--", "--", "--", "--", "--", "--", "--", "*", "*", "停站"], ["宁夏回族自治区", "黄河流域", "<span data-toggle='tooltip' data-placement='right' title='所在地市:中卫市&#10;所属河流:黄河'>中卫下河沿(新墩)</span>", "11-29 08:00", "Ⅱ", "<span data-toggle='tooltip' data-placement='right' title='原始值：8.69106'>8.7</span>", "<span data-toggle='tooltip' data-placement='right' title='原始值：7.30199'>7.30</span>", "<span data-toggle='tooltip' data-placement='right' title='原始值：9.86292'>9.86</span>", "<span data-toggle='tooltip' data-placement='right' title='原始值：716.9469'>716.9</span>", "<span data-toggle='tooltip' data-placement='right' title='原始值：54.15537'>54.2</span>", "<span data-toggle='tooltip' data-placement='right' title='原始值：1.35'>1.35</span>", "<span data-toggle='tooltip' data-placement='right' title='原始值：0.42'>0.420</span>", "<span data-toggle='tooltip' data-placement='right' title='原始值：0.0082'>0.008</span>", "<span data-toggle='tooltip' data-placement='right' title='原始值：2.4854'>2.49</span>", "*", "*", "正常"]]}