{"result": 1, "total": 1, "records": 98, "thead": ["省份", "流域", "断面名称", "监测时间", "水质类别", "水温<br/><span class='unit'>(℃)</span>", "pH<br/><span class='unit'>(无量纲)</span>", "溶解氧<br/><span class='unit'>(mg/L)</span>", "电导率<br/><span class='unit'>(μS/cm)</span>", "浊度<br/><span class='unit'>(NTU)</span>", "高锰酸盐指数<br/><span class='unit'>(mg/L)</span>", "氨氮<br/><span class='unit'>(mg/L)</span>", "总磷<br/><span class='unit'>(mg/L)</span>", "总氮<br/><span class='unit'>(mg/L)</span>", "叶绿素α<br/><span class='unit'>(mg/L)</span>", "藻密度<br/><span class='unit'>(cells/L)</span>", "站点情况"], "tbody": [["北京市", "海河流域", "<span data-toggle='tooltip' data-placement='right' title='所在地市:门头沟区&#10;所属河流:永定河'>沿河城</span>", "11-22 08:00", "Ⅳ", "<span data-toggle='tooltip' data-placement='right' title='原始值：5.53317'>5.5</span>", "<span data-toggle='tooltip' data-placement='right' title='原始值：8.10224'>8.10</span>", "<span data-toggle='tooltip' data-placement='right' title='原始值：12.07735'>12.08</span>", "<span data-toggle='tooltip' data-placement='right' title='原始值：1223.502'>1223.5</span>", "<span data-toggle='tooltip' data-placement='right' title='原始值：2.69718'>2.7</span>", "<span data-toggle='tooltip' data-placement='right' title='原始值：7.40688'>7.41</span>", "<span data-toggle='tooltip' data-placement='right' title='原始值：0.27'>0.270</span>", "<span data-toggle='tooltip' data-placement='right' title='原始值：0.01565'>0.016</span>", "<span data-toggle='tooltip' data-placement='right' title='原始值：1.64667'>1.65</span>", "*", "*", "正常"], ["北京市", "海河流域", "<span data-toggle='tooltip' data-placement='right' title='所在地市:密云区&#10;所属河流:潮河'>古北口</span>", "11-22 08:00", "", "<span data-toggle='tooltip' data-placement='right' title='原始值：12.77248'>12.8</span>", "<span data-toggle='tooltip' data-placement='right' title='原始值：8.21297'>8.21</span>", "<span data-toggle='tooltip' data-placement='right' title='原始值：3.89557'>3.90</span>", "<span data-toggle='tooltip' data-placement='right' title='原始值：755.2513'>755.3</span>", "<span data-toggle='tooltip' data-placement='right' title='原始值：3.64237'>3.6</span>", "<span data-toggle='tooltip' data-placement='right' title='原始值：4.4525'>4.45</span>", "<span data-toggle='tooltip' data-placement='right' title='原始值：0.11'>0.110</span>", "<span data-toggle='tooltip' data-placement='right' title='极值过滤'>--</span>", "<span data-toggle='tooltip' data-placement='right' title='原始值：10.4262'>10.43</span>", "*", "*", "维护"], ["天津市", "海河流域", "<span data-toggle='tooltip' data-placement='right' title='所在地市:河北区&#10;所属河流:海河'>三岔口</span>", "11-22 08:00", "Ⅱ", "<span data-toggle='tooltip' data-placement='right' title='原始值：11.7609'>11.8</span>", "<span data-toggle='tooltip' data-placement='right' title='原始值：7.8025'>7.80</span>", "<span data-toggle='tooltip' data-placement='right' title='原始值：9.733'>9.73</span>", "<span data-toggle='tooltip' data-placement='right' title='原始值：394.0379'>394.0</span>", "<span data-toggle='tooltip' data-placement='right' title='原始值：8.094'>8.1</span>", "<span data-toggle='tooltip' data-placement='right' title='原始值：2.28'>2.28</span>", "<span data-toggle='tooltip' data-placement='right' title='原始值：0.17'>0.170</span>", "<span data-toggle='tooltip' data-placement='right' title='原始值：0.0026'>0.003</span>", "<span data-toggle='tooltip' data-placement='right' title='原始值：1.1492'>1.15</span>", "*", "*", "正常"], ["天津市", "海河流域", "<span data-toggle='tooltip' data-placement='right' title='所在地市:蓟州区&#10;所属河流:果河'>果河桥</span>", "11-22 08:00", "Ⅱ", "<span data-toggle='tooltip' data-placement='right' title='原始值：9'>9.0</span>", "<span data-toggle='tooltip' data-placement='right' title='原始值：8.17'>8.17</span>", "<span data-toggle='tooltip' data-placement='right' title='原始值：11.219'>11.22</span>", "<span data-toggle='tooltip' data-placement='right' title='原始值：609.203'>609.2</span>", "<span data-toggle='tooltip' data-placement='right' title='原始值：5.8'>5.8</span>", "<span data-toggle='tooltip' data-placement='right' title='原始值：2.3051'>2.31</span>", "<span data-toggle='tooltip' data-placement='right' title='原始值：0.33'>0.330</span>", "<span data-toggle='tooltip' data-placement='right' title='原始值：0.052'>0.052</span>", "<span data-toggle='tooltip' data-placement='right' title='原始值：3.454'>3.45</span>", "*", "*", "正常"], ["河北省", "海河流域", "<span data-toggle='tooltip' data-placement='right' title='所在地市:石家庄市&#10;所属河流:滹沱河'>岗南水库</span>", "11-22 08:00", "Ⅱ", "<span data-toggle='tooltip' data-placement='right' title='原始值：16.36464'>16.4</span>", "<span data-toggle='tooltip' data-placement='right' title='原始值：8.61104'>8.61</span>", "<span data-toggle='tooltip' data-placement='right' title='原始值：9.21495'>9.21</span>", "<span data-toggle='tooltip' data-placement='right' title='原始值：562.6836'>562.7</span>", "<span data-toggle='tooltip' data-placement='right' title='原始值：3.18124'>3.2</span>", "<span data-toggle='tooltip' data-placement='right' title='原始值：2.43326'>2.43</span>", "<span data-toggle='tooltip' data-placement='right' title='原始值：0.09'>0.090</span>", "<span data-toggle='tooltip' data-placement='right' title='原始值：0.01028'>0.010</span>", "<span data-toggle='tooltip' data-placement='right' title='原始值：2.60313'>2.60</span>", "*", "*", "正常"], ["河北省", "海河流域", "<span data-toggle='tooltip' data-placement='right' title='所在地市:张家口市&#10;所属河流:永定河'>八号桥</span>", "11-22 08:00", "Ⅲ", "<span data-toggle='tooltip' data-placement='right' title='原始值：3.0717'>3.1</span>", "<span data-toggle='tooltip' data-placement='right' title='原始值：8.51906'>8.52</span>", "<span data-toggle='tooltip' data-placement='right' title='原始值：12.78879'>12.79</span>", "<span data-toggle='tooltip' data-placement='right' title='原始值：1361.326'>1361.3</span>", "<span data-toggle='tooltip' data-placement='right' title='原始值：44.51005'>44.5</span>", "<span data-toggle='tooltip' data-placement='right' title='原始值：5.34'>5.34</span>", "<span data-toggle='tooltip' data-placement='right' title='原始值：0.36'>0.360</span>", "<span data-toggle='tooltip' data-placement='right' title='原始值：0.097'>0.097</span>", "<span data-toggle='tooltip' data-placement='right' title='原始值：4.085'>4.08</span>", "*", "*", "正常"], ["山西省", "黄河流域", "<span data-toggle='tooltip' data-placement='right' title='所在地市:运城市&#10;所属河流:汾河'>河津大桥</span>", "11-22 08:00", "Ⅳ", "<span data-toggle='tooltip' data-placement='right' title='原始值：11.34759'>11.3</span>", "<span data-toggle='tooltip' data-placement='right' title='原始值：8.16216'>8.16</span>", "<span data-toggle='tooltip' data-placement='right' title='原始值：9.80547'>9.81</span>", "<span data-toggle='tooltip' data-placement='right' title='原始值：1689.587'>1689.6</span>", "<span data-toggle='tooltip' data-placement='right' title='原始值：160.0094'>160.0</span>", "<span data-toggle='tooltip' data-placement='right' title='原始值：7.875'>7.88</span>", "<span data-toggle='tooltip' data-placement='right' title='原始值：0.95'>0.950</span>", "*", "*", "*", "*", "正常"], ["山西省", "黄河流域", "<span data-toggle='tooltip' data-placement='right' title='所在地市:忻州市&#10;所属河流:黄河'>万家寨水库</span>", null, "", "--", "--", "--", "--", "--", "--", "--", "--", "--", "*", "*", "停站"], ["内蒙古自治区", "黄河流域", "<span data-toggle='tooltip' data-placement='right' title='所在地市:包头市&#10;所属河流:黄河'>画匠营子</span>", "11-22 08:00", "Ⅱ", "<span data-toggle='tooltip' data-placement='right' title='原始值：6.54142'>6.5</span>", "<span data-toggle='tooltip' data-placement='right' title='原始值：8.55841'>8.56</span>", "<span data-toggle='tooltip' data-placement='right' title='原始值：10.46057'>10.46</span>", "<span data-toggle='tooltip' data-placement='right' title='原始值：920.9072'>920.9</span>", "<span data-toggle='tooltip' data-placement='right' title='原始值：698.283'>698.3</span>", "<span data-toggle='tooltip' data-placement='right' title='原始值：3.86664'>3.87</span>", "<span data-toggle='tooltip' data-placement='right' title='原始值：0.08342'>0.083</span>", "*", "*", "*", "*", "正常"], ["内蒙古自治区", "黄河流域", "<span data-toggle='tooltip' data-placement='right' title='所在地市:乌海市&#10;所属河流:黄河'>海勃湾</span>", "11-22 08:00", "Ⅱ", "<span data-toggle='tooltip' data-placement='right' title='原始值：7.66624'>7.7</span>", "<span data-toggle='tooltip' data-placement='right' title='原始值：8.64221'>8.64</span>", "<span data-toggle='tooltip' data-placement='right' title='原始值：8.88318'>8.88</span>", "<span data-toggle='tooltip' data-placement='right' title='原始值：765.1307'>765.1</span>", "<span data-toggle='tooltip' data-placement='right' title='原始值：70.19608'>70.2</span>", "<span data-toggle='tooltip' data-placement='right' title='原始值：2.77'>2.77</span>", "<span data-toggle='tooltip' data-placement='right' title='原始值：0.16'>0.160</span>", "*", "*", "*", "*", "正常"], ["内蒙古自治区", "松花江流域", "<span data-toggle='tooltip' data-placement='right' title='所在地市:呼伦贝尔市&#10;所属河流:额尔古纳河'>黑山头</span>", null, "", "--", "--", "--", "--", "--", "--", "--", "--", "--", "*", "*", "停站"], ["辽宁省", "辽河流域", "<span data-toggle='tooltip' data-placement='right' title='所在地市:抚顺市&#10;所属河流:浑河'>大伙房水库</span>", null, "", "--", "--", "--", "--", "--", "--", "--", "--", "--", "--", "*", "停站"], ["辽宁省", "辽河流域", "<span data-toggle='tooltip' data-placement='right' title='所在地市:丹东市&#10;所属河流:鸭绿江'>江桥</span>", null, "", "--", "--", "--", "--", "--", "--", "--", "--", "--", "*", "*", "维护"], ["辽宁省", "辽河流域", "<span data-toggle='tooltip' data-placement='right' title='所在地市:营口市&#10;所属河流:大辽河'>辽河公园</span>", null, "", "--", "--", "--", "--", "--", "--", "--", "--", "--", "*", "*", "停站"], ["辽宁省", "辽河流域", "<span data-toggle='tooltip' data-placement='right' title='所在地市:辽阳市&#10;所属河流:太子河'>汤河水库</span>", null, "", "--", "--", "--", "--", "--", "--", "--", "--", "--", "*", "*", "停站"], ["辽宁省", "辽河流域", "<span data-toggle='tooltip' data-placement='right' title='所在地市:盘锦市&#10;所属河流:辽河'>盘锦兴安(兴安)</span>", null, "", "--", "--", "--", "--", "--", "--", "--", "--", "--", "*", "*", "停站"], ["辽宁省", "辽河流域", "<span data-toggle='tooltip' data-placement='right' title='所在地市:铁岭市&#10;所属河流:辽河'>珠尔山</span>", null, "", "--", "--", "--", "--", "--", "--", "--", "--", "--", "*", "*", "维护"], ["吉林省", "松花江流域", "<span data-toggle='tooltip' data-placement='right' title='所在地市:长春市&#10;所属河流:松花江'>松花江村</span>", null, "", "--", "--", "--", "--", "--", "--", "--", "--", "--", "*", "*", "停站"], ["吉林省", "松花江流域", "<span data-toggle='tooltip' data-placement='right' title='所在地市:白城市&#10;所属河流:嫩江'>白沙滩</span>", "11-22 08:00", "Ⅱ", "<span data-toggle='tooltip' data-placement='right' title='原始值：10.59776'>10.6</span>", "<span data-toggle='tooltip' data-placement='right' title='原始值：7.74708'>7.75</span>", "<span data-toggle='tooltip' data-placement='right' title='原始值：13.40786'>13.41</span>", "<span data-toggle='tooltip' data-placement='right' title='原始值：370.7012'>370.7</span>", "<span data-toggle='tooltip' data-placement='right' title='原始值：12.88685'>12.9</span>", "<span data-toggle='tooltip' data-placement='right' title='原始值：3.44167'>3.44</span>", "<span data-toggle='tooltip' data-placement='right' title='原始值：0.20833'>0.208</span>", "<span data-toggle='tooltip' data-placement='right' title='原始值：0.06334'>0.063</span>", "<span data-toggle='tooltip' data-placement='right' title='原始值：2.17415'>2.17</span>", "*", "*", "正常"], ["吉林省", "松花江流域", "<span data-toggle='tooltip' data-placement='right' title='所在地市:延边朝鲜族自治州&#10;所属河流:图们江'>圈河</span>", "11-22 08:00", "Ⅲ", "<span data-toggle='tooltip' data-placement='right' title='原始值：11.2'>11.2</span>", "<span data-toggle='tooltip' data-placement='right' title='原始值：7.42'>7.42</span>", "<span data-toggle='tooltip' data-placement='right' title='原始值：9.56001'>9.56</span>", "<span data-toggle='tooltip' data-placement='right' title='原始值：198'>198.0</span>", "<span data-toggle='tooltip' data-placement='right' title='原始值：235.9687'>236.0</span>", "<span data-toggle='tooltip' data-placement='right' title='原始值：4.72'>4.72</span>", "<span data-toggle='tooltip' data-placement='right' title='原始值：0.16181'>0.162</span>", "<span data-toggle='tooltip' data-placement='right' title='原始值：0.09676'>0.097</span>", "<span data-toggle='tooltip' data-placement='right' title='原始值：3.11751'>3.12</span>", "*", "*", "正常"], ["黑龙江省", "松花江流域", "<span data-toggle='tooltip' data-placement='right' title='所在地市:大庆市&#10;所属河流:松花江'>肇源</span>", null, "", "--", "--", "--", "--", "--", "--", "--", "--", "--", "*", "*", "停站"], ["黑龙江省", "松花江流域", "<span data-toggle='tooltip' data-placement='right' title='所在地市:佳木斯市&#10;所属河流:乌苏里江'>乌苏镇</span>", null, "", "--", "--", "--", "--", "--", "--", "--", "--", "--", "*", "*", "停站"], ["黑龙江省", "松花江流域", "<span data-toggle='tooltip' data-placement='right' title='所在地市:佳木斯市&#10;所属河流:松花江'>同江</span>", "11-22 08:00", "Ⅳ", "<span data-toggle='tooltip' data-placement='right' title='原始值：4.56759'>4.6</span>", "<span data-toggle='tooltip' data-placement='right' title='原始值：6.96876'>6.97</span>", "<span data-toggle='tooltip' data-placement='right' title='原始值：11.93752'>11.94</span>", "<span data-toggle='tooltip' data-placement='right' title='原始值：249.0237'>249.0</span>", "<span data-toggle='tooltip' data-placement='right' title='原始值：72.50211'>72.5</span>", "<span data-toggle='tooltip' data-placement='right' title='原始值：7.11833'>7.12</span>", "<span data-toggle='tooltip' data-placement='right' title='原始值：0.15953'>0.160</span>", "<span data-toggle='tooltip' data-placement='right' title='原始值：0.08301'>0.083</span>", "<span data-toggle='tooltip' data-placement='right' title='原始值：1.89238'>1.89</span>", "*", "*", "正常"], ["黑龙江省", "松花江流域", "<span data-toggle='tooltip' data-placement='right' title='所在地市:黑河市&#10;所属河流:黑龙江'>黑河下(黑河)</span>", null, "", "--", "--", "--", "--", "--", "--", "--", "--", "--", "*", "*", "停站"], ["上海市", "长江流域", "<span data-toggle='tooltip' data-placement='right' title='所在地市:青浦区&#10;所属河流:淀山湖'>急水港桥</span>", null, "", "--", "--", "--", "--", "--", "--", "--", "--", "--", "--", "--", "停站"], ["江苏省", "长江流域", "<span data-toggle='tooltip' data-placement='right' title='所在地市:南京市&#10;所属河流:长江'>林山</span>", null, "", "--", "--", "--", "--", "--", "--", "--", "--", "--", "*", "*", "停站"], ["江苏省", "太湖流域", "<span data-toggle='tooltip' data-placement='right' title='所在地市:无锡市&#10;所属河流:太湖'>沙渚</span>", "11-22 08:00", "Ⅲ", "<span data-toggle='tooltip' data-placement='right' title='原始值：16.3163'>16.3</span>", "<span data-toggle='tooltip' data-placement='right' title='原始值：8.126747'>8.13</span>", "<span data-toggle='tooltip' data-placement='right' title='原始值：8.634316'>8.63</span>", "<span data-toggle='tooltip' data-placement='right' title='原始值：413.7974'>413.8</span>", "<span data-toggle='tooltip' data-placement='right' title='原始值：66.57734'>66.6</span>", "<span data-toggle='tooltip' data-placement='right' title='原始值：4.077408'>4.08</span>", "<span data-toggle='tooltip' data-placement='right' title='原始值：0.27'>0.270</span>", "<span data-toggle='tooltip' data-placement='right' title='原始值：0.061'>0.061</span>", "<span data-toggle='tooltip' data-placement='right' title='原始值：1.535'>1.54</span>", "<span data-toggle='tooltip' data-placement='right' title='原始值：0.029136'>0.029</span>", "*", "正常"], ["江苏省", "淮河流域", "<span data-toggle='tooltip' data-placement='right' title='所在地市:徐州市&#10;所属河流:武河'>小红圈</span>", "11-22 08:00", "Ⅱ", "<span data-toggle='tooltip' data-placement='right' title='原始值：10.91'>10.9</span>", "<span data-toggle='tooltip' data-placement='right' title='原始值：8.23'>8.23</span>", "<span data-toggle='tooltip' data-placement='right' title='原始值：10.24'>10.24</span>", "<span data-toggle='tooltip' data-placement='right' title='原始值：687.3'>687.3</span>", "<span data-toggle='tooltip' data-placement='right' title='原始值：12.11'>12.1</span>", "<span data-toggle='tooltip' data-placement='right' title='原始值：2.75'>2.75</span>", "<span data-toggle='tooltip' data-placement='right' title='原始值：0.059'>0.059</span>", "*", "*", "*", "*", "正常"], ["江苏省", "淮河流域", "<span data-toggle='tooltip' data-placement='right' title='所在地市:徐州市&#10;所属河流:沿河'>李集桥</span>", "11-22 08:00", "", "<span data-toggle='tooltip' data-placement='right' title='原始值：13.66'>13.7</span>", "<span data-toggle='tooltip' data-placement='right' title='原始值：7.9'>7.90</span>", "<span data-toggle='tooltip' data-placement='right' title='原始值：7.42'>7.42</span>", "<span data-toggle='tooltip' data-placement='right' title='原始值：1040.5'>1040.5</span>", "<span data-toggle='tooltip' data-placement='right' title='原始值：41.5'>41.5</span>", "<span data-toggle='tooltip' data-placement='right' title='原始值：5.62'>5.62</span>", "<span data-toggle='tooltip' data-placement='right' title='极值过滤'>--</span>", "<span data-toggle='tooltip' data-placement='right' title='原始值：0.074'>0.074</span>", "<span data-toggle='tooltip' data-placement='right' title='原始值：1.359'>1.36</span>", "*", "*", "维护"], ["江苏省", "淮河流域", "<span data-toggle='tooltip' data-placement='right' title='所在地市:徐州市&#10;所属河流:邳苍分洪道'>艾山西大桥</span>", "11-22 08:00", "Ⅱ", "<span data-toggle='tooltip' data-placement='right' title='原始值：11.4171'>11.4</span>", "<span data-toggle='tooltip' data-placement='right' title='原始值：8.37972'>8.38</span>", "<span data-toggle='tooltip' data-placement='right' title='原始值：9.03483'>9.03</span>", "<span data-toggle='tooltip' data-placement='right' title='原始值：769.663'>769.7</span>", "<span data-toggle='tooltip' data-placement='right' title='原始值：45.5712'>45.6</span>", "<span data-toggle='tooltip' data-placement='right' title='原始值：2.28'>2.28</span>", "<span data-toggle='tooltip' data-placement='right' title='原始值：0.2'>0.200</span>", "<span data-toggle='tooltip' data-placement='right' title='原始值：0.04629'>0.046</span>", "<span data-toggle='tooltip' data-placement='right' title='原始值：9.72581'>9.73</span>", "*", "*", "正常"], ["江苏省", "太湖流域", "<span data-toggle='tooltip' data-placement='right' title='所在地市:苏州市&#10;所属河流:太湖'>兰山嘴(老)</span>", "11-22 08:00", "Ⅳ", "<span data-toggle='tooltip' data-placement='right' title='原始值：16.60953'>16.6</span>", "<span data-toggle='tooltip' data-placement='right' title='原始值：7.69107'>7.69</span>", "<span data-toggle='tooltip' data-placement='right' title='原始值：9.40797'>9.41</span>", "<span data-toggle='tooltip' data-placement='right' title='原始值：353.212'>353.2</span>", "<span data-toggle='tooltip' data-placement='right' title='原始值：218.8594'>218.9</span>", "<span data-toggle='tooltip' data-placement='right' title='原始值：5.57'>5.57</span>", "<span data-toggle='tooltip' data-placement='right' title='原始值：0.39'>0.390</span>", "<span data-toggle='tooltip' data-placement='right' title='原始值：0.23404'>0.234</span>", "<span data-toggle='tooltip' data-placement='right' title='原始值：6.97159'>6.97</span>", "<span data-toggle='tooltip' data-placement='right' title='原始值：0.02187'>0.022</span>", "*", "正常"], ["江苏省", "太湖流域", "<span data-toggle='tooltip' data-placement='right' title='所在地市:苏州市&#10;所属河流:太湖'>西山</span>", "11-22 08:00", "Ⅴ", "<span data-toggle='tooltip' data-placement='right' title='原始值：16.62056'>16.6</span>", "<span data-toggle='tooltip' data-placement='right' title='原始值：7.50938'>7.51</span>", "<span data-toggle='tooltip' data-placement='right' title='原始值：8.98144'>8.98</span>", "<span data-toggle='tooltip' data-placement='right' title='原始值：471.9515'>472.0</span>", "<span data-toggle='tooltip' data-placement='right' title='原始值：513.6005'>513.6</span>", "<span data-toggle='tooltip' data-placement='right' title='原始值：4.18'>4.18</span>", "<span data-toggle='tooltip' data-placement='right' title='原始值：0.11'>0.110</span>", "<span data-toggle='tooltip' data-placement='right' title='原始值：0.152'>0.152</span>", "<span data-toggle='tooltip' data-placement='right' title='原始值：0.3074'>0.31</span>", "<span data-toggle='tooltip' data-placement='right' title='原始值：0.00243'>0.002</span>", "*", "正常"], ["江苏省", "淮河流域", "<span data-toggle='tooltip' data-placement='right' title='所在地市:连云港市&#10;所属河流:新沭河'>大兴桥</span>", null, "", "--", "--", "--", "--", "--", "--", "--", "*", "*", "*", "*", "维护"], ["江苏省", "淮河流域", "<span data-toggle='tooltip' data-placement='right' title='所在地市:淮安市&#10;所属河流:淮河'>淮河大桥</span>", "11-22 08:00", "Ⅲ", "<span data-toggle='tooltip' data-placement='right' title='原始值：14.45355'>14.5</span>", "<span data-toggle='tooltip' data-placement='right' title='原始值：8.39612'>8.40</span>", "<span data-toggle='tooltip' data-placement='right' title='原始值：9.08863'>9.09</span>", "<span data-toggle='tooltip' data-placement='right' title='原始值：484.6304'>484.6</span>", "<span data-toggle='tooltip' data-placement='right' title='原始值：39.0454'>39.0</span>", "<span data-toggle='tooltip' data-placement='right' title='原始值：3.92'>3.92</span>", "<span data-toggle='tooltip' data-placement='right' title='原始值：0.18'>0.180</span>", "<span data-toggle='tooltip' data-placement='right' title='原始值：0.1062'>0.106</span>", "<span data-toggle='tooltip' data-placement='right' title='原始值：2.009'>2.01</span>", "*", "*", "正常"], ["江苏省", "长江流域", "<span data-toggle='tooltip' data-placement='right' title='所在地市:扬州市&#10;所属河流:夹江'>三江营</span>", "11-22 08:00", "Ⅱ", "<span data-toggle='tooltip' data-placement='right' title='原始值：17.62'>17.6</span>", "<span data-toggle='tooltip' data-placement='right' title='原始值：7.91'>7.91</span>", "<span data-toggle='tooltip' data-placement='right' title='原始值：7.41'>7.41</span>", "<span data-toggle='tooltip' data-placement='right' title='原始值：315.1'>315.1</span>", "<span data-toggle='tooltip' data-placement='right' title='原始值：32.3'>32.3</span>", "<span data-toggle='tooltip' data-placement='right' title='原始值：2.003'>2.00</span>", "<span data-toggle='tooltip' data-placement='right' title='原始值：0.046'>0.046</span>", "<span data-toggle='tooltip' data-placement='right' title='原始值：0.067'>0.067</span>", "<span data-toggle='tooltip' data-placement='right' title='原始值：1.61'>1.61</span>", "*", "*", "正常"], ["江苏省", "淮河流域", "<span data-toggle='tooltip' data-placement='right' title='所在地市:宿迁市&#10;所属河流:新濉河'>大屈</span>", "11-22 08:00", "Ⅱ", "<span data-toggle='tooltip' data-placement='right' title='原始值：12.9'>12.9</span>", "<span data-toggle='tooltip' data-placement='right' title='原始值：8'>8.00</span>", "<span data-toggle='tooltip' data-placement='right' title='原始值：9.13'>9.13</span>", "<span data-toggle='tooltip' data-placement='right' title='原始值：872.7'>872.7</span>", "<span data-toggle='tooltip' data-placement='right' title='原始值：23.97'>24.0</span>", "<span data-toggle='tooltip' data-placement='right' title='原始值：3.56'>3.56</span>", "<span data-toggle='tooltip' data-placement='right' title='原始值：0.09'>0.090</span>", "<span data-toggle='tooltip' data-placement='right' title='原始值：0.042'>0.042</span>", "<span data-toggle='tooltip' data-placement='right' title='原始值：1.241'>1.24</span>", "*", "*", "正常"], ["浙江省", "浙闽片河流", "<span data-toggle='tooltip' data-placement='right' title='所在地市:杭州市&#10;所属河流:新安江'>街口(鸠坑口)</span>", "11-22 08:00", "", "<span data-toggle='tooltip' data-placement='right' title='原始值：20.76'>20.8</span>", "<span data-toggle='tooltip' data-placement='right' title='原始值：6.51'>6.51</span>", "<span data-toggle='tooltip' data-placement='right' title='原始值：5.83'>5.83</span>", "<span data-toggle='tooltip' data-placement='right' title='原始值：157.49'>157.5</span>", "<span data-toggle='tooltip' data-placement='right' title='原始值：31.21'>31.2</span>", "<span data-toggle='tooltip' data-placement='right' title='原始值：1.036'>1.04</span>", "<span data-toggle='tooltip' data-placement='right' title='极值过滤'>--</span>", "<span data-toggle='tooltip' data-placement='right' title='原始值：0.013'>0.013</span>", "<span data-toggle='tooltip' data-placement='right' title='原始值：1.362'>1.36</span>", "*", "*", "维护"], ["浙江省", "太湖流域", "<span data-toggle='tooltip' data-placement='right' title='所在地市:嘉兴市&#10;所属河流:斜路港河'>斜路港</span>", "11-22 08:00", "Ⅳ", "<span data-toggle='tooltip' data-placement='right' title='原始值：17.1'>17.1</span>", "<span data-toggle='tooltip' data-placement='right' title='原始值：7.42'>7.42</span>", "<span data-toggle='tooltip' data-placement='right' title='原始值：3.64'>3.64</span>", "<span data-toggle='tooltip' data-placement='right' title='原始值：564'>564.0</span>", "<span data-toggle='tooltip' data-placement='right' title='原始值：88.4'>88.4</span>", "<span data-toggle='tooltip' data-placement='right' title='原始值：5.92'>5.92</span>", "<span data-toggle='tooltip' data-placement='right' title='原始值：0.55501'>0.555</span>", "<span data-toggle='tooltip' data-placement='right' title='原始值：0.14923'>0.149</span>", "<span data-toggle='tooltip' data-placement='right' title='原始值：2.34684'>2.35</span>", "*", "*", "正常"], ["浙江省", "太湖流域", "<span data-toggle='tooltip' data-placement='right' title='所在地市:嘉兴市&#10;所属河流:京杭运河'>王江泾</span>", "11-22 08:00", "", "<span data-toggle='tooltip' data-placement='right' title='原始值：18.58'>18.6</span>", "<span data-toggle='tooltip' data-placement='right' title='原始值：7.08'>7.08</span>", "<span data-toggle='tooltip' data-placement='right' title='原始值：5.67'>5.67</span>", "<span data-toggle='tooltip' data-placement='right' title='原始值：654.42'>654.4</span>", "<span data-toggle='tooltip' data-placement='right' title='原始值：92.09'>92.1</span>", "<span data-toggle='tooltip' data-placement='right' title='原始值：4.93'>4.93</span>", "<span data-toggle='tooltip' data-placement='right' title='原始值：0.212'>0.212</span>", "<span data-toggle='tooltip' data-placement='right' title='原始值：0.083'>0.083</span>", "<span data-toggle='tooltip' data-placement='right' title='原始值：1.924'>1.92</span>", "*", "*", "维护"], ["浙江省", "太湖流域", "<span data-toggle='tooltip' data-placement='right' title='所在地市:湖州市&#10;所属河流:西苕溪'>新港口(新塘港)</span>", "11-22 08:00", "Ⅱ", "<span data-toggle='tooltip' data-placement='right' title='原始值：16.0456'>16.0</span>", "<span data-toggle='tooltip' data-placement='right' title='原始值：8.27793'>8.28</span>", "<span data-toggle='tooltip' data-placement='right' title='原始值：9.41111'>9.41</span>", "<span data-toggle='tooltip' data-placement='right' title='原始值：352.913'>352.9</span>", "<span data-toggle='tooltip' data-placement='right' title='原始值：169.424'>169.4</span>", "<span data-toggle='tooltip' data-placement='right' title='原始值：2.9588'>2.96</span>", "<span data-toggle='tooltip' data-placement='right' title='原始值：0.26665'>0.267</span>", "<span data-toggle='tooltip' data-placement='right' title='原始值：0.08662'>0.087</span>", "<span data-toggle='tooltip' data-placement='right' title='原始值：0.28534'>0.29</span>", "<span data-toggle='tooltip' data-placement='right' title='原始值：0.01748'>0.017</span>", "*", "正常"], ["安徽省", "巢湖流域", "<span data-toggle='tooltip' data-placement='right' title='所在地市:合肥市&#10;所属河流:巢湖'>湖滨(老)</span>", "11-22 08:00", "Ⅴ", "<span data-toggle='tooltip' data-placement='right' title='原始值：15.30221'>15.3</span>", "<span data-toggle='tooltip' data-placement='right' title='原始值：6.91978'>6.92</span>", "<span data-toggle='tooltip' data-placement='right' title='原始值：8.92043'>8.92</span>", "<span data-toggle='tooltip' data-placement='right' title='原始值：318.4822'>318.5</span>", "<span data-toggle='tooltip' data-placement='right' title='原始值：161.2946'>161.3</span>", "<span data-toggle='tooltip' data-placement='right' title='原始值：5.17'>5.17</span>", "<span data-toggle='tooltip' data-placement='right' title='原始值：0.23'>0.230</span>", "<span data-toggle='tooltip' data-placement='right' title='原始值：0.1668'>0.167</span>", "<span data-toggle='tooltip' data-placement='right' title='原始值：2.552'>2.55</span>", "<span data-toggle='tooltip' data-placement='right' title='原始值：0.07011'>0.070</span>", "*", "正常"], ["安徽省", "巢湖流域", "<span data-toggle='tooltip' data-placement='right' title='所在地市:芜湖市&#10;所属河流:巢湖'>裕溪口(老)</span>", null, "", "--", "--", "--", "--", "--", "--", "--", "--", "--", "--", "*", "维护"], ["安徽省", "淮河流域", "<span data-toggle='tooltip' data-placement='right' title='所在地市:蚌埠市&#10;所属河流:淮河'>蚌埠闸上(蚌埠闸)</span>", "11-22 08:00", "Ⅲ", "<span data-toggle='tooltip' data-placement='right' title='原始值：15.53'>15.5</span>", "<span data-toggle='tooltip' data-placement='right' title='原始值：7.95'>7.95</span>", "<span data-toggle='tooltip' data-placement='right' title='原始值：10.06'>10.06</span>", "<span data-toggle='tooltip' data-placement='right' title='原始值：488.23'>488.2</span>", "<span data-toggle='tooltip' data-placement='right' title='原始值：64.19'>64.2</span>", "<span data-toggle='tooltip' data-placement='right' title='原始值：3.808'>3.81</span>", "<span data-toggle='tooltip' data-placement='right' title='原始值：0.036'>0.036</span>", "<span data-toggle='tooltip' data-placement='right' title='原始值：0.115'>0.115</span>", "<span data-toggle='tooltip' data-placement='right' title='原始值：1.512'>1.51</span>", "*", "*", "正常"], ["安徽省", "淮河流域", "<span data-toggle='tooltip' data-placement='right' title='所在地市:淮南市&#10;所属河流:淮河'>石头埠(老)</span>", "11-22 08:00", "Ⅳ", "<span data-toggle='tooltip' data-placement='right' title='原始值：13.61146'>13.6</span>", "<span data-toggle='tooltip' data-placement='right' title='原始值：7.36456'>7.36</span>", "<span data-toggle='tooltip' data-placement='right' title='原始值：4.89066'>4.89</span>", "<span data-toggle='tooltip' data-placement='right' title='原始值：213.7093'>213.7</span>", "<span data-toggle='tooltip' data-placement='right' title='原始值：92.07173'>92.1</span>", "<span data-toggle='tooltip' data-placement='right' title='原始值：4.37'>4.37</span>", "<span data-toggle='tooltip' data-placement='right' title='原始值：0.16'>0.160</span>", "*", "*", "*", "*", "正常"], ["安徽省", "淮河流域", "<span data-toggle='tooltip' data-placement='right' title='所在地市:淮北市&#10;所属河流:沱河'>小王桥</span>", "11-22 08:00", "Ⅳ", "<span data-toggle='tooltip' data-placement='right' title='原始值：13.63'>13.6</span>", "<span data-toggle='tooltip' data-placement='right' title='原始值：8.11'>8.11</span>", "<span data-toggle='tooltip' data-placement='right' title='原始值：6.21'>6.21</span>", "<span data-toggle='tooltip' data-placement='right' title='原始值：1805.77'>1805.8</span>", "<span data-toggle='tooltip' data-placement='right' title='原始值：20.89'>20.9</span>", "<span data-toggle='tooltip' data-placement='right' title='原始值：6.804'>6.80</span>", "<span data-toggle='tooltip' data-placement='right' title='原始值：0.114'>0.114</span>", "<span data-toggle='tooltip' data-placement='right' title='原始值：0.15'>0.150</span>", "<span data-toggle='tooltip' data-placement='right' title='原始值：0.916'>0.92</span>", "*", "*", "正常"], ["安徽省", "长江流域", "<span data-toggle='tooltip' data-placement='right' title='所在地市:安庆市&#10;所属河流:长江'>皖河口</span>", "11-22 08:00", "Ⅱ", "<span data-toggle='tooltip' data-placement='right' title='原始值：19.1'>19.1</span>", "<span data-toggle='tooltip' data-placement='right' title='原始值：7.567'>7.57</span>", "<span data-toggle='tooltip' data-placement='right' title='原始值：6.95'>6.95</span>", "<span data-toggle='tooltip' data-placement='right' title='原始值：296.11'>296.1</span>", "<span data-toggle='tooltip' data-placement='right' title='原始值：28.39'>28.4</span>", "<span data-toggle='tooltip' data-placement='right' title='原始值：1.67'>1.67</span>", "<span data-toggle='tooltip' data-placement='right' title='原始值：0.029'>0.029</span>", "<span data-toggle='tooltip' data-placement='right' title='原始值：0.0658'>0.066</span>", "<span data-toggle='tooltip' data-placement='right' title='原始值：2.301'>2.30</span>", "*", "*", "正常"], ["安徽省", "淮河流域", "<span data-toggle='tooltip' data-placement='right' title='所在地市:滁州市&#10;所属河流:淮河'>小柳巷</span>", "11-22 08:00", "Ⅲ", "<span data-toggle='tooltip' data-placement='right' title='原始值：16.5'>16.5</span>", "<span data-toggle='tooltip' data-placement='right' title='原始值：7.33'>7.33</span>", "<span data-toggle='tooltip' data-placement='right' title='原始值：8.9'>8.90</span>", "<span data-toggle='tooltip' data-placement='right' title='原始值：535.7'>535.7</span>", "<span data-toggle='tooltip' data-placement='right' title='原始值：111.41'>111.4</span>", "<span data-toggle='tooltip' data-placement='right' title='原始值：2.27'>2.27</span>", "<span data-toggle='tooltip' data-placement='right' title='原始值：0.036'>0.036</span>", "<span data-toggle='tooltip' data-placement='right' title='原始值：0.127'>0.127</span>", "<span data-toggle='tooltip' data-placement='right' title='原始值：1.923'>1.92</span>", "*", "*", "正常"], ["安徽省", "淮河流域", "<span data-toggle='tooltip' data-placement='right' title='所在地市:阜阳市&#10;所属河流:黑茨河'>张大桥</span>", null, "", "--", "--", "--", "--", "--", "--", "--", "--", "--", "*", "*", "停站"], ["安徽省", "淮河流域", "<span data-toggle='tooltip' data-placement='right' title='所在地市:阜阳市&#10;所属河流:淮河'>王家坝</span>", "11-22 08:00", "Ⅲ", "<span data-toggle='tooltip' data-placement='right' title='原始值：13.43'>13.4</span>", "<span data-toggle='tooltip' data-placement='right' title='原始值：7.24549'>7.25</span>", "<span data-toggle='tooltip' data-placement='right' title='原始值：7.53848'>7.54</span>", "<span data-toggle='tooltip' data-placement='right' title='原始值：355.0561'>355.1</span>", "<span data-toggle='tooltip' data-placement='right' title='原始值：14.657'>14.7</span>", "<span data-toggle='tooltip' data-placement='right' title='原始值：2.93'>2.93</span>", "<span data-toggle='tooltip' data-placement='right' title='原始值：0.294'>0.294</span>", "<span data-toggle='tooltip' data-placement='right' title='原始值：0.10313'>0.103</span>", "<span data-toggle='tooltip' data-placement='right' title='原始值：1.93834'>1.94</span>", "*", "*", "正常"], ["安徽省", "淮河流域", "<span data-toggle='tooltip' data-placement='right' title='所在地市:阜阳市&#10;所属河流:颍河'>界首七渡口(七渡口)</span>", "11-22 04:00", "Ⅴ", "<span data-toggle='tooltip' data-placement='right' title='原始值：14.56541'>14.6</span>", "<span data-toggle='tooltip' data-placement='right' title='原始值：6.53164'>6.53</span>", "<span data-toggle='tooltip' data-placement='right' title='原始值：5.69263'>5.69</span>", "<span data-toggle='tooltip' data-placement='right' title='原始值：895.1628'>895.2</span>", "<span data-toggle='tooltip' data-placement='right' title='原始值：18.62656'>18.6</span>", "<span data-toggle='tooltip' data-placement='right' title='原始值：4.15'>4.15</span>", "<span data-toggle='tooltip' data-placement='right' title='原始值：1.58'>1.580</span>", "<span data-toggle='tooltip' data-placement='right' title='原始值：0.0994'>0.099</span>", "<span data-toggle='tooltip' data-placement='right' title='原始值：7.35138'>7.35</span>", "*", "*", "正常"], ["安徽省", "淮河流域", "<span data-toggle='tooltip' data-placement='right' title='所在地市:阜阳市&#10;所属河流:泉河'>许庄(徐庄)</span>", "11-22 04:00", "Ⅱ", "<span data-toggle='tooltip' data-placement='right' title='原始值：9.2'>9.2</span>", "<span data-toggle='tooltip' data-placement='right' title='原始值：7.8'>7.80</span>", "<span data-toggle='tooltip' data-placement='right' title='原始值：6.82'>6.82</span>", "<span data-toggle='tooltip' data-placement='right' title='原始值：1034.7'>1034.7</span>", "<span data-toggle='tooltip' data-placement='right' title='原始值：25.31'>25.3</span>", "<span data-toggle='tooltip' data-placement='right' title='原始值：2.36'>2.36</span>", "<span data-toggle='tooltip' data-placement='right' title='原始值：0.28'>0.280</span>", "<span data-toggle='tooltip' data-placement='right' title='原始值：0.076'>0.076</span>", "<span data-toggle='tooltip' data-placement='right' title='原始值：1.62'>1.62</span>", "*", "*", "正常"], ["安徽省", "淮河流域", "<span data-toggle='tooltip' data-placement='right' title='所在地市:宿州市&#10;所属河流:奎河'>杨庄</span>", "11-22 08:00", "Ⅳ", "<span data-toggle='tooltip' data-placement='right' title='原始值：13.82'>13.8</span>", "<span data-toggle='tooltip' data-placement='right' title='原始值：7.92'>7.92</span>", "<span data-toggle='tooltip' data-placement='right' title='原始值：7.89'>7.89</span>", "<span data-toggle='tooltip' data-placement='right' title='原始值：931.8'>931.8</span>", "<span data-toggle='tooltip' data-placement='right' title='原始值：80.53'>80.5</span>", "<span data-toggle='tooltip' data-placement='right' title='原始值：4.25'>4.25</span>", "<span data-toggle='tooltip' data-placement='right' title='原始值：1.471'>1.471</span>", "*", "*", "*", "*", "正常"], ["安徽省", "淮河流域", "<span data-toggle='tooltip' data-placement='right' title='所在地市:宿州市&#10;所属河流:新汴河'>泗县公路桥</span>", "11-22 08:00", "Ⅳ", "<span data-toggle='tooltip' data-placement='right' title='原始值：13.28'>13.3</span>", "<span data-toggle='tooltip' data-placement='right' title='原始值：8.41'>8.41</span>", "<span data-toggle='tooltip' data-placement='right' title='原始值：10.15'>10.15</span>", "<span data-toggle='tooltip' data-placement='right' title='原始值：969.1'>969.1</span>", "<span data-toggle='tooltip' data-placement='right' title='原始值：30.36'>30.4</span>", "<span data-toggle='tooltip' data-placement='right' title='原始值：6.74'>6.74</span>", "<span data-toggle='tooltip' data-placement='right' title='原始值：0.058'>0.058</span>", "*", "*", "*", "*", "正常"], ["安徽省", "淮河流域", "<span data-toggle='tooltip' data-placement='right' title='所在地市:亳州市&#10;所属河流:包河'>颜集</span>", "11-22 08:00", "劣Ⅴ", "<span data-toggle='tooltip' data-placement='right' title='原始值：10.1'>10.1</span>", "<span data-toggle='tooltip' data-placement='right' title='原始值：7.9'>7.90</span>", "<span data-toggle='tooltip' data-placement='right' title='原始值：8.14'>8.14</span>", "<span data-toggle='tooltip' data-placement='right' title='原始值：1278.1'>1278.1</span>", "<span data-toggle='tooltip' data-placement='right' title='原始值：159.28'>159.3</span>", "<span data-toggle='tooltip' data-placement='right' title='原始值：5.37'>5.37</span>", "<span data-toggle='tooltip' data-placement='right' title='原始值：2.51'>2.510</span>", "<span data-toggle='tooltip' data-placement='right' title='原始值：0.271'>0.271</span>", "<span data-toggle='tooltip' data-placement='right' title='原始值：4.858'>4.86</span>", "*", "*", "正常"], ["福建省", "浙闽片河流", "<span data-toggle='tooltip' data-placement='right' title='所在地市:福州市&#10;所属河流:闽江'>白岩潭</span>", "11-22 08:00", "Ⅱ", "<span data-toggle='tooltip' data-placement='right' title='原始值：21.99'>22.0</span>", "<span data-toggle='tooltip' data-placement='right' title='原始值：7.22'>7.22</span>", "<span data-toggle='tooltip' data-placement='right' title='原始值：7.01'>7.01</span>", "<span data-toggle='tooltip' data-placement='right' title='原始值：2443.5'>2443.5</span>", "<span data-toggle='tooltip' data-placement='right' title='原始值：93.1'>93.1</span>", "<span data-toggle='tooltip' data-placement='right' title='原始值：2.67'>2.67</span>", "<span data-toggle='tooltip' data-placement='right' title='原始值：0.105'>0.105</span>", "*", "*", "*", "*", "正常"], ["江西省", "长江流域", "<span data-toggle='tooltip' data-placement='right' title='所在地市:南昌市&#10;所属河流:赣江南支'>滁槎</span>", "11-22 08:00", "Ⅱ", "<span data-toggle='tooltip' data-placement='right' title='原始值：18.22768'>18.2</span>", "<span data-toggle='tooltip' data-placement='right' title='原始值：7.52588'>7.53</span>", "<span data-toggle='tooltip' data-placement='right' title='原始值：7.48417'>7.48</span>", "<span data-toggle='tooltip' data-placement='right' title='原始值：78.08974'>78.1</span>", "<span data-toggle='tooltip' data-placement='right' title='原始值：51.57293'>51.6</span>", "<span data-toggle='tooltip' data-placement='right' title='原始值：2.21'>2.21</span>", "<span data-toggle='tooltip' data-placement='right' title='原始值：0.39'>0.390</span>", "<span data-toggle='tooltip' data-placement='right' title='原始值：0.07'>0.070</span>", "<span data-toggle='tooltip' data-placement='right' title='原始值：2.0175'>2.02</span>", "*", "*", "正常"], ["江西省", "长江流域", "<span data-toggle='tooltip' data-placement='right' title='所在地市:九江市&#10;所属河流:长江'>姚港(河西水厂)</span>", "11-22 08:00", "Ⅱ", "<span data-toggle='tooltip' data-placement='right' title='原始值：17.8'>17.8</span>", "<span data-toggle='tooltip' data-placement='right' title='原始值：7.57'>7.57</span>", "<span data-toggle='tooltip' data-placement='right' title='原始值：8.64'>8.64</span>", "<span data-toggle='tooltip' data-placement='right' title='原始值：334.65'>334.6</span>", "<span data-toggle='tooltip' data-placement='right' title='原始值：37.88'>37.9</span>", "<span data-toggle='tooltip' data-placement='right' title='原始值：1.275'>1.28</span>", "<span data-toggle='tooltip' data-placement='right' title='原始值：0.005'>0.005</span>", "<span data-toggle='tooltip' data-placement='right' title='原始值：0.08'>0.080</span>", "<span data-toggle='tooltip' data-placement='right' title='原始值：1.87'>1.87</span>", "*", "*", "正常"], ["江西省", "长江流域", "<span data-toggle='tooltip' data-placement='right' title='所在地市:九江市&#10;所属河流:鄱阳湖'>蛤蟆石</span>", "11-22 08:00", "Ⅳ", "<span data-toggle='tooltip' data-placement='right' title='原始值：17.66'>17.7</span>", "<span data-toggle='tooltip' data-placement='right' title='原始值：7.04'>7.04</span>", "<span data-toggle='tooltip' data-placement='right' title='原始值：8.5'>8.50</span>", "<span data-toggle='tooltip' data-placement='right' title='原始值：176.51'>176.5</span>", "<span data-toggle='tooltip' data-placement='right' title='原始值：85.78'>85.8</span>", "<span data-toggle='tooltip' data-placement='right' title='原始值：2.258'>2.26</span>", "<span data-toggle='tooltip' data-placement='right' title='原始值：0.133'>0.133</span>", "<span data-toggle='tooltip' data-placement='right' title='原始值：0.0558'>0.056</span>", "<span data-toggle='tooltip' data-placement='right' title='原始值：1.602'>1.60</span>", "<span data-toggle='tooltip' data-placement='right' title='原始值：0.00189'>0.002</span>", "<span data-toggle='tooltip' data-placement='right' title='原始值：1183200'>1183200</span>", "正常"], ["山东省", "黄河流域", "<span data-toggle='tooltip' data-placement='right' title='所在地市:济南市&#10;所属河流:黄河'>泺口</span>", "11-22 08:00", "Ⅱ", "<span data-toggle='tooltip' data-placement='right' title='原始值：12.472'>12.5</span>", "<span data-toggle='tooltip' data-placement='right' title='原始值：8.43908'>8.44</span>", "<span data-toggle='tooltip' data-placement='right' title='原始值：10.7995'>10.80</span>", "<span data-toggle='tooltip' data-placement='right' title='原始值：769.734'>769.7</span>", "<span data-toggle='tooltip' data-placement='right' title='原始值：448.982'>449.0</span>", "<span data-toggle='tooltip' data-placement='right' title='原始值：2.67'>2.67</span>", "<span data-toggle='tooltip' data-placement='right' title='原始值：0.04463'>0.045</span>", "<span data-toggle='tooltip' data-placement='right' title='原始值：0.017'>0.017</span>", "<span data-toggle='tooltip' data-placement='right' title='原始值：4.124'>4.12</span>", "*", "*", "正常"], ["山东省", "淮河流域", "<span data-toggle='tooltip' data-placement='right' title='所在地市:枣庄市&#10;所属河流:京杭大运河（韩庄运河）'>台儿庄大桥</span>", "11-22 08:00", "Ⅱ", "<span data-toggle='tooltip' data-placement='right' title='原始值：12.93001'>12.9</span>", "<span data-toggle='tooltip' data-placement='right' title='原始值：7.9633'>7.96</span>", "<span data-toggle='tooltip' data-placement='right' title='原始值：9.19578'>9.20</span>", "<span data-toggle='tooltip' data-placement='right' title='原始值：906.6528'>906.7</span>", "<span data-toggle='tooltip' data-placement='right' title='原始值：37.08523'>37.1</span>", "<span data-toggle='tooltip' data-placement='right' title='原始值：2.8889'>2.89</span>", "<span data-toggle='tooltip' data-placement='right' title='原始值：0.06312'>0.063</span>", "<span data-toggle='tooltip' data-placement='right' title='原始值：0.06972'>0.070</span>", "<span data-toggle='tooltip' data-placement='right' title='原始值：3.72121'>3.72</span>", "*", "*", "正常"], ["山东省", "淮河流域", "<span data-toggle='tooltip' data-placement='right' title='所在地市:临沂市&#10;所属河流:沭河'>清泉寺</span>", "11-22 08:00", "Ⅲ", "<span data-toggle='tooltip' data-placement='right' title='原始值：12.3286'>12.3</span>", "<span data-toggle='tooltip' data-placement='right' title='原始值：8.28745'>8.29</span>", "<span data-toggle='tooltip' data-placement='right' title='原始值：9.9337'>9.93</span>", "<span data-toggle='tooltip' data-placement='right' title='原始值：1164.183'>1164.2</span>", "<span data-toggle='tooltip' data-placement='right' title='原始值：14.23931'>14.2</span>", "<span data-toggle='tooltip' data-placement='right' title='原始值：5.81'>5.81</span>", "<span data-toggle='tooltip' data-placement='right' title='原始值：0.19'>0.190</span>", "*", "*", "*", "*", "正常"], ["山东省", "淮河流域", "<span data-toggle='tooltip' data-placement='right' title='所在地市:临沂市&#10;所属河流:沂河'>重坊桥</span>", "11-22 08:00", "Ⅱ", "<span data-toggle='tooltip' data-placement='right' title='原始值：12.92712'>12.9</span>", "<span data-toggle='tooltip' data-placement='right' title='原始值：7.79999'>7.80</span>", "<span data-toggle='tooltip' data-placement='right' title='原始值：9.43963'>9.44</span>", "<span data-toggle='tooltip' data-placement='right' title='原始值：850.4299'>850.4</span>", "<span data-toggle='tooltip' data-placement='right' title='原始值：5.97757'>6.0</span>", "<span data-toggle='tooltip' data-placement='right' title='原始值：2.83'>2.83</span>", "<span data-toggle='tooltip' data-placement='right' title='原始值：0.4165'>0.416</span>", "*", "*", "*", "*", "正常"], ["山东省", "淮河流域", "<span data-toggle='tooltip' data-placement='right' title='所在地市:临沂市&#10;所属河流:白马河'>捷庄(涝沟桥)</span>", "11-22 08:00", "Ⅲ", "<span data-toggle='tooltip' data-placement='right' title='原始值：11.8'>11.8</span>", "<span data-toggle='tooltip' data-placement='right' title='原始值：8.05'>8.05</span>", "<span data-toggle='tooltip' data-placement='right' title='原始值：9.12236'>9.12</span>", "<span data-toggle='tooltip' data-placement='right' title='原始值：798'>798.0</span>", "<span data-toggle='tooltip' data-placement='right' title='原始值：12.30042'>12.3</span>", "<span data-toggle='tooltip' data-placement='right' title='原始值：4.55'>4.55</span>", "<span data-toggle='tooltip' data-placement='right' title='原始值：0.0417'>0.042</span>", "<span data-toggle='tooltip' data-placement='right' title='原始值：0.05311'>0.053</span>", "<span data-toggle='tooltip' data-placement='right' title='原始值：5.6202'>5.62</span>", "*", "*", "正常"], ["山东省", "海河流域", "<span data-toggle='tooltip' data-placement='right' title='所在地市:聊城市&#10;所属河流:卫运河'>秤勾湾(秤钩湾)</span>", null, "", "--", "--", "--", "--", "--", "--", "--", "--", "--", "*", "*", "停站"], ["河南省", "长江流域", "<span data-toggle='tooltip' data-placement='right' title='所在地市:南阳市&#10;所属河流:丹江口水库'>陶岔</span>", null, "", "--", "--", "--", "--", "--", "--", "--", "--", "--", "--", "--", "维护"], ["河南省", "淮河流域", "<span data-toggle='tooltip' data-placement='right' title='所在地市:商丘市&#10;所属河流:浍河'>黄口</span>", "11-22 08:00", "Ⅳ", "<span data-toggle='tooltip' data-placement='right' title='原始值：13.6'>13.6</span>", "<span data-toggle='tooltip' data-placement='right' title='原始值：7.92'>7.92</span>", "<span data-toggle='tooltip' data-placement='right' title='原始值：6.18129'>6.18</span>", "<span data-toggle='tooltip' data-placement='right' title='原始值：4191.742'>4191.7</span>", "<span data-toggle='tooltip' data-placement='right' title='原始值：69.68232'>69.7</span>", "<span data-toggle='tooltip' data-placement='right' title='原始值：6.32'>6.32</span>", "<span data-toggle='tooltip' data-placement='right' title='原始值：0.39092'>0.391</span>", "<span data-toggle='tooltip' data-placement='right' title='原始值：0.1667'>0.167</span>", "<span data-toggle='tooltip' data-placement='right' title='原始值：4.22846'>4.23</span>", "*", "*", "正常"], ["河南省", "淮河流域", "<span data-toggle='tooltip' data-placement='right' title='所在地市:信阳市&#10;所属河流:史灌河'>蒋集</span>", "11-22 08:00", "Ⅱ", "<span data-toggle='tooltip' data-placement='right' title='原始值：11.62148'>11.6</span>", "<span data-toggle='tooltip' data-placement='right' title='原始值：6.96325'>6.96</span>", "<span data-toggle='tooltip' data-placement='right' title='原始值：7.42594'>7.43</span>", "<span data-toggle='tooltip' data-placement='right' title='原始值：188.0226'>188.0</span>", "<span data-toggle='tooltip' data-placement='right' title='原始值：423.1146'>423.1</span>", "<span data-toggle='tooltip' data-placement='right' title='原始值：2.84'>2.84</span>", "<span data-toggle='tooltip' data-placement='right' title='原始值：0.13412'>0.134</span>", "*", "*", "*", "*", "正常"], ["河南省", "淮河流域", "<span data-toggle='tooltip' data-placement='right' title='所在地市:信阳市&#10;所属河流:淮河'>淮滨水文站(淮滨)</span>", "11-22 08:00", "Ⅲ", "<span data-toggle='tooltip' data-placement='right' title='原始值：13'>13.0</span>", "<span data-toggle='tooltip' data-placement='right' title='原始值：7.36'>7.36</span>", "<span data-toggle='tooltip' data-placement='right' title='原始值：8.85996'>8.86</span>", "<span data-toggle='tooltip' data-placement='right' title='原始值：295'>295.0</span>", "<span data-toggle='tooltip' data-placement='right' title='原始值：49.10242'>49.1</span>", "<span data-toggle='tooltip' data-placement='right' title='原始值：2.27471'>2.27</span>", "<span data-toggle='tooltip' data-placement='right' title='原始值：0.002'>0.002</span>", "<span data-toggle='tooltip' data-placement='right' title='原始值：0.10177'>0.102</span>", "<span data-toggle='tooltip' data-placement='right' title='原始值：5.04624'>5.05</span>", "*", "*", "正常"], ["河南省", "淮河流域", "<span data-toggle='tooltip' data-placement='right' title='所在地市:周口市&#10;所属河流:沙河'>沈丘闸</span>", "11-22 08:00", "Ⅲ", "<span data-toggle='tooltip' data-placement='right' title='原始值：16.17911'>16.2</span>", "<span data-toggle='tooltip' data-placement='right' title='原始值：7.43821'>7.44</span>", "<span data-toggle='tooltip' data-placement='right' title='原始值：5.81504'>5.82</span>", "<span data-toggle='tooltip' data-placement='right' title='原始值：841.5637'>841.6</span>", "<span data-toggle='tooltip' data-placement='right' title='原始值：32.61683'>32.6</span>", "<span data-toggle='tooltip' data-placement='right' title='原始值：3.31'>3.31</span>", "<span data-toggle='tooltip' data-placement='right' title='原始值：0.7'>0.700</span>", "*", "*", "*", "*", "正常"], ["河南省", "淮河流域", "<span data-toggle='tooltip' data-placement='right' title='所在地市:周口市&#10;所属河流:涡河'>鹿邑付桥(鹿邑付桥闸)</span>", "11-22 08:00", "Ⅲ", "<span data-toggle='tooltip' data-placement='right' title='原始值：13.66056'>13.7</span>", "<span data-toggle='tooltip' data-placement='right' title='原始值：8.35421'>8.35</span>", "<span data-toggle='tooltip' data-placement='right' title='原始值：7.80446'>7.80</span>", "<span data-toggle='tooltip' data-placement='right' title='原始值：1554.802'>1554.8</span>", "<span data-toggle='tooltip' data-placement='right' title='原始值：11.25895'>11.3</span>", "<span data-toggle='tooltip' data-placement='right' title='原始值：5.655'>5.66</span>", "<span data-toggle='tooltip' data-placement='right' title='原始值：0.15'>0.150</span>", "<span data-toggle='tooltip' data-placement='right' title='原始值：0.0981'>0.098</span>", "<span data-toggle='tooltip' data-placement='right' title='原始值：0.98016'>0.98</span>", "*", "*", "正常"], ["河南省", "淮河流域", "<span data-toggle='tooltip' data-placement='right' title='所在地市:驻马店市&#10;所属河流:洪河'>新蔡班台(班台)</span>", "11-22 04:00", "Ⅳ", "<span data-toggle='tooltip' data-placement='right' title='原始值：16.82334'>16.8</span>", "<span data-toggle='tooltip' data-placement='right' title='原始值：7.35156'>7.35</span>", "<span data-toggle='tooltip' data-placement='right' title='原始值：7.18802'>7.19</span>", "<span data-toggle='tooltip' data-placement='right' title='原始值：793.8635'>793.9</span>", "<span data-toggle='tooltip' data-placement='right' title='原始值：3.83423'>3.8</span>", "<span data-toggle='tooltip' data-placement='right' title='原始值：3.68'>3.68</span>", "<span data-toggle='tooltip' data-placement='right' title='原始值：0.95'>0.950</span>", "<span data-toggle='tooltip' data-placement='right' title='原始值：0.26316'>0.263</span>", "<span data-toggle='tooltip' data-placement='right' title='原始值：4.06983'>4.07</span>", "*", "*", "正常"], ["河南省", "黄河流域", "<span data-toggle='tooltip' data-placement='right' title='所在地市:济源市&#10;所属河流:黄河'>小浪底水库(小浪底)</span>", "11-22 08:00", "Ⅱ", "<span data-toggle='tooltip' data-placement='right' title='原始值：13.33739'>13.3</span>", "<span data-toggle='tooltip' data-placement='right' title='原始值：8.23318'>8.23</span>", "<span data-toggle='tooltip' data-placement='right' title='原始值：8.37057'>8.37</span>", "<span data-toggle='tooltip' data-placement='right' title='原始值：726.5743'>726.6</span>", "<span data-toggle='tooltip' data-placement='right' title='原始值：7.57273'>7.6</span>", "<span data-toggle='tooltip' data-placement='right' title='原始值：2.255'>2.26</span>", "<span data-toggle='tooltip' data-placement='right' title='原始值：0.22'>0.220</span>", "<span data-toggle='tooltip' data-placement='right' title='原始值：0.0325'>0.032</span>", "<span data-toggle='tooltip' data-placement='right' title='原始值：3.265'>3.26</span>", "*", "*", "正常"], ["湖北省", "长江流域", "<span data-toggle='tooltip' data-placement='right' title='所在地市:武汉市&#10;所属河流:汉江'>宗关</span>", "11-22 08:00", "Ⅲ", "<span data-toggle='tooltip' data-placement='right' title='原始值：16.39'>16.4</span>", "<span data-toggle='tooltip' data-placement='right' title='原始值：7.916536'>7.92</span>", "<span data-toggle='tooltip' data-placement='right' title='原始值：9.070656'>9.07</span>", "<span data-toggle='tooltip' data-placement='right' title='原始值：381.0919'>381.1</span>", "<span data-toggle='tooltip' data-placement='right' title='原始值：51.75587'>51.8</span>", "<span data-toggle='tooltip' data-placement='right' title='原始值：4.98'>4.98</span>", "<span data-toggle='tooltip' data-placement='right' title='原始值：0.114'>0.114</span>", "<span data-toggle='tooltip' data-placement='right' title='原始值：0.138'>0.138</span>", "<span data-toggle='tooltip' data-placement='right' title='原始值：3.863584'>3.86</span>", "<span data-toggle='tooltip' data-placement='right' title='原始值：0.002625'>0.003</span>", "*", "正常"], ["湖北省", "长江流域", "<span data-toggle='tooltip' data-placement='right' title='所在地市:十堰市&#10;所属河流:丹江口水库'>坝上中(胡家岭)</span>", "11-22 08:00", "Ⅰ", "<span data-toggle='tooltip' data-placement='right' title='原始值：18.87'>18.9</span>", "<span data-toggle='tooltip' data-placement='right' title='原始值：7.834383'>7.83</span>", "<span data-toggle='tooltip' data-placement='right' title='原始值：7.690714'>7.69</span>", "<span data-toggle='tooltip' data-placement='right' title='原始值：264.633'>264.6</span>", "<span data-toggle='tooltip' data-placement='right' title='原始值：2.921457'>2.9</span>", "<span data-toggle='tooltip' data-placement='right' title='原始值：1.78'>1.78</span>", "<span data-toggle='tooltip' data-placement='right' title='原始值：0.09'>0.090</span>", "<span data-toggle='tooltip' data-placement='right' title='原始值：0.001'>0.001</span>", "<span data-toggle='tooltip' data-placement='right' title='原始值：1.296'>1.30</span>", "<span data-toggle='tooltip' data-placement='right' title='原始值：0.0066117'>0.007</span>", "<span data-toggle='tooltip' data-placement='right' title='原始值：8996000'>8996000</span>", "正常"], ["湖北省", "长江流域", "<span data-toggle='tooltip' data-placement='right' title='所在地市:宜昌市&#10;所属河流:长江'>南津关</span>", "11-22 08:00", "Ⅱ", "<span data-toggle='tooltip' data-placement='right' title='原始值：19.1'>19.1</span>", "<span data-toggle='tooltip' data-placement='right' title='原始值：7.955338'>7.96</span>", "<span data-toggle='tooltip' data-placement='right' title='原始值：8.213712'>8.21</span>", "<span data-toggle='tooltip' data-placement='right' title='原始值：374.642'>374.6</span>", "<span data-toggle='tooltip' data-placement='right' title='原始值：3.909164'>3.9</span>", "<span data-toggle='tooltip' data-placement='right' title='原始值：1.37'>1.37</span>", "<span data-toggle='tooltip' data-placement='right' title='原始值：0.113'>0.113</span>", "<span data-toggle='tooltip' data-placement='right' title='原始值：0.045'>0.045</span>", "<span data-toggle='tooltip' data-placement='right' title='原始值：1.59'>1.59</span>", "<span data-toggle='tooltip' data-placement='right' title='原始值：0.0027569'>0.003</span>", "*", "正常"], ["湖南省", "长江流域", "<span data-toggle='tooltip' data-placement='right' title='所在地市:长沙市&#10;所属河流:湘江'>新港</span>", null, "", "--", "--", "--", "--", "--", "--", "--", "--", "--", "*", "*", "停站"], ["湖南省", "长江流域", "<span data-toggle='tooltip' data-placement='right' title='所在地市:岳阳市&#10;所属河流:洞庭湖'>岳阳楼</span>", "11-22 08:00", "Ⅴ", "<span data-toggle='tooltip' data-placement='right' title='原始值：15.12'>15.1</span>", "<span data-toggle='tooltip' data-placement='right' title='原始值：7.992338'>7.99</span>", "<span data-toggle='tooltip' data-placement='right' title='原始值：8.519294'>8.52</span>", "<span data-toggle='tooltip' data-placement='right' title='原始值：276.7523'>276.8</span>", "<span data-toggle='tooltip' data-placement='right' title='原始值：51.48128'>51.5</span>", "<span data-toggle='tooltip' data-placement='right' title='原始值：2.01'>2.01</span>", "<span data-toggle='tooltip' data-placement='right' title='原始值：0.001'>0.001</span>", "<span data-toggle='tooltip' data-placement='right' title='原始值：0.122'>0.122</span>", "<span data-toggle='tooltip' data-placement='right' title='原始值：2.749'>2.75</span>", "<span data-toggle='tooltip' data-placement='right' title='原始值：0.0029687'>0.003</span>", "<span data-toggle='tooltip' data-placement='right' title='原始值：339.973'>340</span>", "正常"], ["湖南省", "长江流域", "<span data-toggle='tooltip' data-placement='right' title='所在地市:岳阳市&#10;所属河流:长江'>城陵矶</span>", "11-22 08:00", "Ⅲ", "<span data-toggle='tooltip' data-placement='right' title='原始值：15.91'>15.9</span>", "<span data-toggle='tooltip' data-placement='right' title='原始值：8.244598'>8.24</span>", "<span data-toggle='tooltip' data-placement='right' title='原始值：9.443969'>9.44</span>", "<span data-toggle='tooltip' data-placement='right' title='原始值：294.667'>294.7</span>", "<span data-toggle='tooltip' data-placement='right' title='原始值：71.52205'>71.5</span>", "<span data-toggle='tooltip' data-placement='right' title='原始值：2.41'>2.41</span>", "<span data-toggle='tooltip' data-placement='right' title='原始值：0.017'>0.017</span>", "<span data-toggle='tooltip' data-placement='right' title='原始值：0.155'>0.155</span>", "<span data-toggle='tooltip' data-placement='right' title='原始值：1.5831'>1.58</span>", "*", "*", "正常"], ["广东省", "珠江流域", "<span data-toggle='tooltip' data-placement='right' title='所在地市:清远市&#10;所属河流:北江'>七星岗</span>", "11-22 08:00", "Ⅱ", "<span data-toggle='tooltip' data-placement='right' title='原始值：25.39136'>25.4</span>", "<span data-toggle='tooltip' data-placement='right' title='原始值：7.29576'>7.30</span>", "<span data-toggle='tooltip' data-placement='right' title='原始值：6.74736'>6.75</span>", "<span data-toggle='tooltip' data-placement='right' title='原始值：263.1689'>263.2</span>", "<span data-toggle='tooltip' data-placement='right' title='原始值：11.24157'>11.2</span>", "<span data-toggle='tooltip' data-placement='right' title='原始值：1.39'>1.39</span>", "<span data-toggle='tooltip' data-placement='right' title='原始值：0.13825'>0.138</span>", "<span data-toggle='tooltip' data-placement='right' title='原始值：0.03926'>0.039</span>", "<span data-toggle='tooltip' data-placement='right' title='原始值：1.9496'>1.95</span>", "*", "*", "正常"], ["广东省", "珠江流域", "<span data-toggle='tooltip' data-placement='right' title='所在地市:中山市&#10;所属河流:西江'>横栏</span>", "11-22 08:00", "Ⅱ", "<span data-toggle='tooltip' data-placement='right' title='原始值：23.9'>23.9</span>", "<span data-toggle='tooltip' data-placement='right' title='原始值：7.77'>7.77</span>", "<span data-toggle='tooltip' data-placement='right' title='原始值：7.08'>7.08</span>", "<span data-toggle='tooltip' data-placement='right' title='原始值：293'>293.0</span>", "<span data-toggle='tooltip' data-placement='right' title='原始值：11.6'>11.6</span>", "<span data-toggle='tooltip' data-placement='right' title='原始值：1.43'>1.43</span>", "<span data-toggle='tooltip' data-placement='right' title='原始值：0.10819'>0.108</span>", "*", "*", "*", "*", "正常"], ["广西壮族自治区", "珠江流域", "<span data-toggle='tooltip' data-placement='right' title='所在地市:南宁市&#10;所属河流:邕江'>老口</span>", "11-22 08:00", "Ⅱ", "<span data-toggle='tooltip' data-placement='right' title='原始值：23.49969'>23.5</span>", "<span data-toggle='tooltip' data-placement='right' title='原始值：7.83168'>7.83</span>", "<span data-toggle='tooltip' data-placement='right' title='原始值：7.75885'>7.76</span>", "<span data-toggle='tooltip' data-placement='right' title='原始值：334.7457'>334.7</span>", "<span data-toggle='tooltip' data-placement='right' title='原始值：8.14688'>8.1</span>", "<span data-toggle='tooltip' data-placement='right' title='原始值：0.80629'>0.81</span>", "<span data-toggle='tooltip' data-placement='right' title='原始值：0.08286'>0.083</span>", "<span data-toggle='tooltip' data-placement='right' title='原始值：0.02083'>0.021</span>", "<span data-toggle='tooltip' data-placement='right' title='原始值：1.99042'>1.99</span>", "*", "*", "正常"], ["广西壮族自治区", "珠江流域", "<span data-toggle='tooltip' data-placement='right' title='所在地市:桂林市&#10;所属河流:漓江'>阳朔</span>", null, "", "--", "--", "--", "--", "--", "--", "--", "--", "--", "*", "*", "停站"], ["广西壮族自治区", "珠江流域", "<span data-toggle='tooltip' data-placement='right' title='所在地市:梧州市&#10;所属河流:浔江'>界首</span>", null, "", "--", "--", "--", "--", "--", "--", "--", "--", "--", "*", "*", "停站"], ["广西壮族自治区", "珠江流域", "<span data-toggle='tooltip' data-placement='right' title='所在地市:贵港市&#10;所属河流:浔江'>石嘴</span>", "11-22 08:00", "Ⅱ", "<span data-toggle='tooltip' data-placement='right' title='原始值：26.70012'>26.7</span>", "<span data-toggle='tooltip' data-placement='right' title='原始值：8.08795'>8.09</span>", "<span data-toggle='tooltip' data-placement='right' title='原始值：8.90633'>8.91</span>", "<span data-toggle='tooltip' data-placement='right' title='原始值：299.0604'>299.1</span>", "<span data-toggle='tooltip' data-placement='right' title='原始值：10.84063'>10.8</span>", "<span data-toggle='tooltip' data-placement='right' title='原始值：2.06'>2.06</span>", "<span data-toggle='tooltip' data-placement='right' title='原始值：0.15'>0.150</span>", "<span data-toggle='tooltip' data-placement='right' title='原始值：0.03181'>0.032</span>", "<span data-toggle='tooltip' data-placement='right' title='原始值：1.1583'>1.16</span>", "*", "*", "正常"], ["广西壮族自治区", "珠江流域", "<span data-toggle='tooltip' data-placement='right' title='所在地市:崇左市&#10;所属河流:平而河'>平而关</span>", "11-22 08:00", "Ⅰ", "<span data-toggle='tooltip' data-placement='right' title='原始值：24.32064'>24.3</span>", "<span data-toggle='tooltip' data-placement='right' title='原始值：7.97585'>7.98</span>", "<span data-toggle='tooltip' data-placement='right' title='原始值：8.10414'>8.10</span>", "<span data-toggle='tooltip' data-placement='right' title='原始值：239.8177'>239.8</span>", "<span data-toggle='tooltip' data-placement='right' title='原始值：21.96646'>22.0</span>", "<span data-toggle='tooltip' data-placement='right' title='原始值：0.745'>0.74</span>", "<span data-toggle='tooltip' data-placement='right' title='原始值：0.15'>0.150</span>", "*", "*", "*", "*", "正常"], ["重庆市", "长江流域", "<span data-toggle='tooltip' data-placement='right' title='所在地市:永川区&#10;所属河流:长江'>朱沱</span>", "11-22 08:00", "", "<span data-toggle='tooltip' data-placement='right' title='原始值：18.64'>18.6</span>", "<span data-toggle='tooltip' data-placement='right' title='原始值：8.09'>8.09</span>", "<span data-toggle='tooltip' data-placement='right' title='原始值：10.16'>10.16</span>", "<span data-toggle='tooltip' data-placement='right' title='原始值：404.64'>404.6</span>", "<span data-toggle='tooltip' data-placement='right' title='原始值：16.37'>16.4</span>", "<span data-toggle='tooltip' data-placement='right' title='原始值：1.002'>1.00</span>", "<span data-toggle='tooltip' data-placement='right' title='极值过滤'>--</span>", "<span data-toggle='tooltip' data-placement='right' title='原始值：0.047'>0.047</span>", "<span data-toggle='tooltip' data-placement='right' title='原始值：1.371'>1.37</span>", "*", "*", "维护"], ["四川省", "长江流域", "<span data-toggle='tooltip' data-placement='right' title='所在地市:攀枝花市&#10;所属河流:金沙江'>龙洞</span>", "11-22 08:00", "Ⅰ", "<span data-toggle='tooltip' data-placement='right' title='原始值：17.31'>17.3</span>", "<span data-toggle='tooltip' data-placement='right' title='原始值：8.381606'>8.38</span>", "<span data-toggle='tooltip' data-placement='right' title='原始值：8.482186'>8.48</span>", "<span data-toggle='tooltip' data-placement='right' title='原始值：875.629'>875.6</span>", "<span data-toggle='tooltip' data-placement='right' title='原始值：5.797367'>5.8</span>", "<span data-toggle='tooltip' data-placement='right' title='原始值：0.38'>0.38</span>", "<span data-toggle='tooltip' data-placement='right' title='原始值：0.004'>0.004</span>", "<span data-toggle='tooltip' data-placement='right' title='原始值：0.0038431'>0.004</span>", "<span data-toggle='tooltip' data-placement='right' title='原始值：0.647994'>0.65</span>", "*", "*", "正常"], ["四川省", "长江流域", "<span data-toggle='tooltip' data-placement='right' title='所在地市:泸州市&#10;所属河流:沱江'>沱江大桥(沱江二桥)</span>", "11-22 08:00", "Ⅱ", "<span data-toggle='tooltip' data-placement='right' title='原始值：18.62'>18.6</span>", "<span data-toggle='tooltip' data-placement='right' title='原始值：8.228823'>8.23</span>", "<span data-toggle='tooltip' data-placement='right' title='原始值：8.985805'>8.99</span>", "<span data-toggle='tooltip' data-placement='right' title='原始值：519.4947'>519.5</span>", "<span data-toggle='tooltip' data-placement='right' title='原始值：14.37566'>14.4</span>", "<span data-toggle='tooltip' data-placement='right' title='原始值：2.17'>2.17</span>", "<span data-toggle='tooltip' data-placement='right' title='原始值：0.012'>0.012</span>", "<span data-toggle='tooltip' data-placement='right' title='原始值：0.0814178'>0.081</span>", "<span data-toggle='tooltip' data-placement='right' title='原始值：3.092412'>3.09</span>", "*", "*", "正常"], ["四川省", "长江流域", "<span data-toggle='tooltip' data-placement='right' title='所在地市:广元市&#10;所属河流:嘉陵江'>清风峡</span>", "11-22 08:00", "Ⅴ", "<span data-toggle='tooltip' data-placement='right' title='原始值：11.81019'>11.8</span>", "<span data-toggle='tooltip' data-placement='right' title='原始值：8.3951'>8.40</span>", "<span data-toggle='tooltip' data-placement='right' title='原始值：10.53186'>10.53</span>", "<span data-toggle='tooltip' data-placement='right' title='原始值：407.8982'>407.9</span>", "<span data-toggle='tooltip' data-placement='right' title='原始值：61.6852'>61.7</span>", "<span data-toggle='tooltip' data-placement='right' title='原始值：1.11'>1.11</span>", "<span data-toggle='tooltip' data-placement='right' title='原始值：1.56189'>1.562</span>", "*", "*", "*", "*", "正常"], ["四川省", "长江流域", "<span data-toggle='tooltip' data-placement='right' title='所在地市:乐山市&#10;所属河流:岷江'>岷江大桥</span>", null, "", "--", "--", "--", "--", "--", "--", "--", "--", "--", "*", "*", "停站"], ["四川省", "长江流域", "<span data-toggle='tooltip' data-placement='right' title='所在地市:宜宾市&#10;所属河流:岷江'>凉姜沟</span>", "11-22 08:00", "Ⅲ", "<span data-toggle='tooltip' data-placement='right' title='原始值：16.75'>16.8</span>", "<span data-toggle='tooltip' data-placement='right' title='原始值：8.081117'>8.08</span>", "<span data-toggle='tooltip' data-placement='right' title='原始值：8.843549'>8.84</span>", "<span data-toggle='tooltip' data-placement='right' title='原始值：314.7868'>314.8</span>", "<span data-toggle='tooltip' data-placement='right' title='原始值：7.52965'>7.5</span>", "<span data-toggle='tooltip' data-placement='right' title='原始值：1.35'>1.35</span>", "<span data-toggle='tooltip' data-placement='right' title='原始值：0.018'>0.018</span>", "<span data-toggle='tooltip' data-placement='right' title='原始值：0.108423'>0.108</span>", "<span data-toggle='tooltip' data-placement='right' title='原始值：1.709939'>1.71</span>", "*", "*", "正常"], ["云南省", "滇池流域", "<span data-toggle='tooltip' data-placement='right' title='所在地市:昆明市&#10;所属河流:滇池'>西苑隧道</span>", "11-22 08:00", "Ⅳ", "<span data-toggle='tooltip' data-placement='right' title='原始值：16'>16.0</span>", "<span data-toggle='tooltip' data-placement='right' title='原始值：8.12407'>8.12</span>", "<span data-toggle='tooltip' data-placement='right' title='原始值：8.746'>8.75</span>", "<span data-toggle='tooltip' data-placement='right' title='原始值：695.746'>695.7</span>", "<span data-toggle='tooltip' data-placement='right' title='原始值：21.491'>21.5</span>", "<span data-toggle='tooltip' data-placement='right' title='原始值：9.7'>9.70</span>", "<span data-toggle='tooltip' data-placement='right' title='原始值：0.01703'>0.017</span>", "<span data-toggle='tooltip' data-placement='right' title='原始值：0.0318'>0.032</span>", "<span data-toggle='tooltip' data-placement='right' title='原始值：5.32243'>5.32</span>", "<span data-toggle='tooltip' data-placement='right' title='原始值：0.00237'>0.002</span>", "<span data-toggle='tooltip' data-placement='right' title='原始值：9005843'>9005843</span>", "正常"], ["云南省", "滇池流域", "<span data-toggle='tooltip' data-placement='right' title='所在地市:昆明市&#10;所属河流:滇池'>观音山</span>", "11-22 08:00", "劣Ⅴ", "<span data-toggle='tooltip' data-placement='right' title='原始值：17.546'>17.5</span>", "<span data-toggle='tooltip' data-placement='right' title='原始值：9.031'>9.03</span>", "<span data-toggle='tooltip' data-placement='right' title='原始值：7.559'>7.56</span>", "<span data-toggle='tooltip' data-placement='right' title='原始值：385.04'>385.0</span>", "<span data-toggle='tooltip' data-placement='right' title='原始值：45.582'>45.6</span>", "<span data-toggle='tooltip' data-placement='right' title='原始值：7.43451'>7.43</span>", "<span data-toggle='tooltip' data-placement='right' title='原始值：0.73'>0.730</span>", "<span data-toggle='tooltip' data-placement='right' title='原始值：0.0841'>0.084</span>", "<span data-toggle='tooltip' data-placement='right' title='原始值：1.143'>1.14</span>", "<span data-toggle='tooltip' data-placement='right' title='原始值：0.00306'>0.003</span>", "<span data-toggle='tooltip' data-placement='right' title='原始值：9688083'>9688083</span>", "正常"], ["云南省", "西南诸河", "<span data-toggle='tooltip' data-placement='right' title='所在地市:红河哈尼族彝族自治州&#10;所属河流:红河'>河口县医院(河口)</span>", "11-22 08:00", "Ⅱ", "<span data-toggle='tooltip' data-placement='right' title='原始值：23.09843'>23.1</span>", "<span data-toggle='tooltip' data-placement='right' title='原始值：6.9905'>6.99</span>", "<span data-toggle='tooltip' data-placement='right' title='原始值：7.86628'>7.87</span>", "<span data-toggle='tooltip' data-placement='right' title='原始值：241.2081'>241.2</span>", "<span data-toggle='tooltip' data-placement='right' title='原始值：85.50547'>85.5</span>", "<span data-toggle='tooltip' data-placement='right' title='原始值：2.72621'>2.73</span>", "<span data-toggle='tooltip' data-placement='right' title='原始值：0.14981'>0.150</span>", "<span data-toggle='tooltip' data-placement='right' title='原始值：0.06656'>0.067</span>", "<span data-toggle='tooltip' data-placement='right' title='原始值：1.26226'>1.26</span>", "*", "*", "正常"], ["云南省", "西南诸河", "<span data-toggle='tooltip' data-placement='right' title='所在地市:西双版纳傣族自治州&#10;所属河流:澜沧江'>橄榄坝</span>", "11-22 08:00", "Ⅲ", "<span data-toggle='tooltip' data-placement='right' title='原始值：19.077'>19.1</span>", "<span data-toggle='tooltip' data-placement='right' title='原始值：7.62'>7.62</span>", "<span data-toggle='tooltip' data-placement='right' title='原始值：5.481'>5.48</span>", "<span data-toggle='tooltip' data-placement='right' title='原始值：510.866'>510.9</span>", "<span data-toggle='tooltip' data-placement='right' title='原始值：9.49'>9.5</span>", "<span data-toggle='tooltip' data-placement='right' title='原始值：1.49'>1.49</span>", "<span data-toggle='tooltip' data-placement='right' title='原始值：0.072'>0.072</span>", "*", "*", "*", "*", "正常"], ["陕西省", "黄河流域", "<span data-toggle='tooltip' data-placement='right' title='所在地市:渭南市&#10;所属河流:渭河'>潼关吊桥</span>", "11-22 08:00", "Ⅲ", "<span data-toggle='tooltip' data-placement='right' title='原始值：11.8'>11.8</span>", "<span data-toggle='tooltip' data-placement='right' title='原始值：8.31'>8.31</span>", "<span data-toggle='tooltip' data-placement='right' title='原始值：8.35032'>8.35</span>", "<span data-toggle='tooltip' data-placement='right' title='原始值：1115.031'>1115.0</span>", "<span data-toggle='tooltip' data-placement='right' title='原始值：308.3003'>308.3</span>", "<span data-toggle='tooltip' data-placement='right' title='原始值：4.03'>4.03</span>", "<span data-toggle='tooltip' data-placement='right' title='原始值：0.71'>0.710</span>", "<span data-toggle='tooltip' data-placement='right' title='原始值：0.15768'>0.158</span>", "<span data-toggle='tooltip' data-placement='right' title='原始值：6.65596'>6.66</span>", "*", "*", "正常"], ["甘肃省", "黄河流域", "<span data-toggle='tooltip' data-placement='right' title='所在地市:兰州市&#10;所属河流:黄河'>新城桥</span>", null, "", "--", "--", "--", "--", "--", "--", "--", "--", "--", "*", "*", "停站"], ["宁夏回族自治区", "黄河流域", "<span data-toggle='tooltip' data-placement='right' title='所在地市:中卫市&#10;所属河流:黄河'>中卫下河沿(新墩)</span>", "11-22 08:00", "Ⅱ", "<span data-toggle='tooltip' data-placement='right' title='原始值：10.20926'>10.2</span>", "<span data-toggle='tooltip' data-placement='right' title='原始值：7.54062'>7.54</span>", "<span data-toggle='tooltip' data-placement='right' title='原始值：9.60685'>9.61</span>", "<span data-toggle='tooltip' data-placement='right' title='原始值：735.8876'>735.9</span>", "<span data-toggle='tooltip' data-placement='right' title='原始值：254.3802'>254.4</span>", "<span data-toggle='tooltip' data-placement='right' title='原始值：2.35'>2.35</span>", "<span data-toggle='tooltip' data-placement='right' title='原始值：0.1'>0.100</span>", "<span data-toggle='tooltip' data-placement='right' title='原始值：0.0878'>0.088</span>", "<span data-toggle='tooltip' data-placement='right' title='原始值：2.7683'>2.77</span>", "*", "*", "正常"]]}