{"result": 1, "total": 1, "records": 98, "thead": ["省份", "流域", "断面名称", "监测时间", "水质类别", "水温<br/><span class='unit'>(℃)</span>", "pH<br/><span class='unit'>(无量纲)</span>", "溶解氧<br/><span class='unit'>(mg/L)</span>", "电导率<br/><span class='unit'>(μS/cm)</span>", "浊度<br/><span class='unit'>(NTU)</span>", "高锰酸盐指数<br/><span class='unit'>(mg/L)</span>", "氨氮<br/><span class='unit'>(mg/L)</span>", "总磷<br/><span class='unit'>(mg/L)</span>", "总氮<br/><span class='unit'>(mg/L)</span>", "叶绿素α<br/><span class='unit'>(mg/L)</span>", "藻密度<br/><span class='unit'>(cells/L)</span>", "站点情况"], "tbody": [["北京市", "海河流域", "<span data-toggle='tooltip' data-placement='right' title='所在地市:门头沟区&#10;所属河流:永定河'>沿河城</span>", "07-20 08:00", "Ⅳ", "<span data-toggle='tooltip' data-placement='right' title='原始值：23.81362'>23.8</span>", "<span data-toggle='tooltip' data-placement='right' title='原始值：8.43254'>8.43</span>", "<span data-toggle='tooltip' data-placement='right' title='原始值：7.49709'>7.50</span>", "<span data-toggle='tooltip' data-placement='right' title='原始值：1428.465'>1428.5</span>", "<span data-toggle='tooltip' data-placement='right' title='原始值：15.5601'>15.6</span>", "<span data-toggle='tooltip' data-placement='right' title='原始值：7.23499'>7.23</span>", "<span data-toggle='tooltip' data-placement='right' title='原始值：0.02'>0.020</span>", "<span data-toggle='tooltip' data-placement='right' title='原始值：0.03748'>0.037</span>", "<span data-toggle='tooltip' data-placement='right' title='原始值：0.87951'>0.88</span>", "*", "*", "正常"], ["北京市", "海河流域", "<span data-toggle='tooltip' data-placement='right' title='所在地市:密云区&#10;所属河流:潮河'>古北口</span>", "07-20 08:00", "", "<span data-toggle='tooltip' data-placement='right' title='原始值：24.35038'>24.4</span>", "<span data-toggle='tooltip' data-placement='right' title='原始值：7.10607'>7.11</span>", "<span data-toggle='tooltip' data-placement='right' title='原始值：7.39422'>7.39</span>", "<span data-toggle='tooltip' data-placement='right' title='原始值：618.9097'>618.9</span>", "<span data-toggle='tooltip' data-placement='right' title='原始值：4.49126'>4.5</span>", "<span data-toggle='tooltip' data-placement='right' title='原始值：0.68241'>0.68</span>", "<span data-toggle='tooltip' data-placement='right' title='原始值：0.12'>0.120</span>", "<span data-toggle='tooltip' data-placement='right' title='极值过滤'>--</span>", "<span data-toggle='tooltip' data-placement='right' title='原始值：3.1098'>3.11</span>", "*", "*", "维护"], ["天津市", "海河流域", "<span data-toggle='tooltip' data-placement='right' title='所在地市:河北区&#10;所属河流:海河'>三岔口</span>", "07-20 08:00", "Ⅱ", "<span data-toggle='tooltip' data-placement='right' title='原始值：27.4135'>27.4</span>", "<span data-toggle='tooltip' data-placement='right' title='原始值：7.4293'>7.43</span>", "<span data-toggle='tooltip' data-placement='right' title='原始值：6.027'>6.03</span>", "<span data-toggle='tooltip' data-placement='right' title='原始值：269.2654'>269.3</span>", "<span data-toggle='tooltip' data-placement='right' title='原始值：15.909'>15.9</span>", "<span data-toggle='tooltip' data-placement='right' title='原始值：1.08'>1.08</span>", "<span data-toggle='tooltip' data-placement='right' title='原始值：0.34'>0.340</span>", "<span data-toggle='tooltip' data-placement='right' title='原始值：0.044'>0.044</span>", "<span data-toggle='tooltip' data-placement='right' title='原始值：0.7087'>0.71</span>", "*", "*", "正常"], ["天津市", "海河流域", "<span data-toggle='tooltip' data-placement='right' title='所在地市:蓟州区&#10;所属河流:果河'>果河桥</span>", "07-20 08:00", "Ⅲ", "<span data-toggle='tooltip' data-placement='right' title='原始值：25.9'>25.9</span>", "<span data-toggle='tooltip' data-placement='right' title='原始值：8.026'>8.03</span>", "<span data-toggle='tooltip' data-placement='right' title='原始值：7.635'>7.64</span>", "<span data-toggle='tooltip' data-placement='right' title='原始值：560.037'>560.0</span>", "<span data-toggle='tooltip' data-placement='right' title='原始值：4.801'>4.8</span>", "<span data-toggle='tooltip' data-placement='right' title='原始值：2.7936'>2.79</span>", "<span data-toggle='tooltip' data-placement='right' title='原始值：0.54'>0.540</span>", "<span data-toggle='tooltip' data-placement='right' title='原始值：0.1157'>0.116</span>", "<span data-toggle='tooltip' data-placement='right' title='原始值：3.2'>3.20</span>", "*", "*", "正常"], ["河北省", "海河流域", "<span data-toggle='tooltip' data-placement='right' title='所在地市:石家庄市&#10;所属河流:滹沱河'>岗南水库</span>", "07-20 08:00", "Ⅱ", "<span data-toggle='tooltip' data-placement='right' title='原始值：26.2163'>26.2</span>", "<span data-toggle='tooltip' data-placement='right' title='原始值：8.42558'>8.43</span>", "<span data-toggle='tooltip' data-placement='right' title='原始值：8.90343'>8.90</span>", "<span data-toggle='tooltip' data-placement='right' title='原始值：565.8643'>565.9</span>", "<span data-toggle='tooltip' data-placement='right' title='原始值：3.56836'>3.6</span>", "<span data-toggle='tooltip' data-placement='right' title='原始值：2.0637'>2.06</span>", "<span data-toggle='tooltip' data-placement='right' title='原始值：0.03'>0.030</span>", "<span data-toggle='tooltip' data-placement='right' title='原始值：0.00148'>0.001</span>", "<span data-toggle='tooltip' data-placement='right' title='原始值：2.05643'>2.06</span>", "*", "*", "正常"], ["河北省", "海河流域", "<span data-toggle='tooltip' data-placement='right' title='所在地市:张家口市&#10;所属河流:永定河'>八号桥</span>", "07-20 08:00", "Ⅲ", "<span data-toggle='tooltip' data-placement='right' title='原始值：24.04021'>24.0</span>", "<span data-toggle='tooltip' data-placement='right' title='原始值：7.71299'>7.71</span>", "<span data-toggle='tooltip' data-placement='right' title='原始值：6.75831'>6.76</span>", "<span data-toggle='tooltip' data-placement='right' title='原始值：1198.948'>1198.9</span>", "<span data-toggle='tooltip' data-placement='right' title='原始值：50.12519'>50.1</span>", "<span data-toggle='tooltip' data-placement='right' title='原始值：4.51'>4.51</span>", "<span data-toggle='tooltip' data-placement='right' title='原始值：0.3'>0.300</span>", "<span data-toggle='tooltip' data-placement='right' title='原始值：0.19551'>0.196</span>", "<span data-toggle='tooltip' data-placement='right' title='原始值：4.55'>4.55</span>", "*", "*", "正常"], ["山西省", "黄河流域", "<span data-toggle='tooltip' data-placement='right' title='所在地市:运城市&#10;所属河流:汾河'>河津大桥</span>", "07-20 08:00", "Ⅲ", "<span data-toggle='tooltip' data-placement='right' title='原始值：27.23614'>27.2</span>", "<span data-toggle='tooltip' data-placement='right' title='原始值：8.09747'>8.10</span>", "<span data-toggle='tooltip' data-placement='right' title='原始值：7.03599'>7.04</span>", "<span data-toggle='tooltip' data-placement='right' title='原始值：1495.111'>1495.1</span>", "<span data-toggle='tooltip' data-placement='right' title='原始值：245.2661'>245.3</span>", "<span data-toggle='tooltip' data-placement='right' title='原始值：5.71066'>5.71</span>", "<span data-toggle='tooltip' data-placement='right' title='原始值：0.07'>0.070</span>", "*", "*", "*", "*", "正常"], ["山西省", "黄河流域", "<span data-toggle='tooltip' data-placement='right' title='所在地市:忻州市&#10;所属河流:黄河'>万家寨水库</span>", "07-20 08:00", "Ⅲ", "<span data-toggle='tooltip' data-placement='right' title='原始值：24.29075'>24.3</span>", "<span data-toggle='tooltip' data-placement='right' title='原始值：7.97738'>7.98</span>", "<span data-toggle='tooltip' data-placement='right' title='原始值：7.5089'>7.51</span>", "<span data-toggle='tooltip' data-placement='right' title='原始值：972.3007'>972.3</span>", "<span data-toggle='tooltip' data-placement='right' title='原始值：108.0682'>108.1</span>", "<span data-toggle='tooltip' data-placement='right' title='原始值：1.73'>1.73</span>", "<span data-toggle='tooltip' data-placement='right' title='原始值：0.31'>0.310</span>", "<span data-toggle='tooltip' data-placement='right' title='原始值：0.195'>0.195</span>", "<span data-toggle='tooltip' data-placement='right' title='原始值：1.175'>1.18</span>", "*", "*", "正常"], ["内蒙古自治区", "黄河流域", "<span data-toggle='tooltip' data-placement='right' title='所在地市:包头市&#10;所属河流:黄河'>画匠营子</span>", "07-20 08:00", "Ⅱ", "<span data-toggle='tooltip' data-placement='right' title='原始值：24.70389'>24.7</span>", "<span data-toggle='tooltip' data-placement='right' title='原始值：7.62894'>7.63</span>", "<span data-toggle='tooltip' data-placement='right' title='原始值：6.86236'>6.86</span>", "<span data-toggle='tooltip' data-placement='right' title='原始值：794.7841'>794.8</span>", "<span data-toggle='tooltip' data-placement='right' title='原始值：2303.818'>2303.8</span>", "<span data-toggle='tooltip' data-placement='right' title='原始值：3.51568'>3.52</span>", "<span data-toggle='tooltip' data-placement='right' title='原始值：0.04278'>0.043</span>", "*", "*", "*", "*", "正常"], ["内蒙古自治区", "黄河流域", "<span data-toggle='tooltip' data-placement='right' title='所在地市:乌海市&#10;所属河流:黄河'>海勃湾</span>", "07-20 08:00", "", "<span data-toggle='tooltip' data-placement='right' title='原始值：22.25305'>22.3</span>", "<span data-toggle='tooltip' data-placement='right' title='原始值：7.79621'>7.80</span>", "<span data-toggle='tooltip' data-placement='right' title='原始值：7.47219'>7.47</span>", "<span data-toggle='tooltip' data-placement='right' title='原始值：560.8168'>560.8</span>", "<span data-toggle='tooltip' data-placement='right' title='原始值：884.2476'>884.2</span>", "<span data-toggle='tooltip' data-placement='right' title='极值过滤'>--</span>", "<span data-toggle='tooltip' data-placement='right' title='原始值：0.14'>0.140</span>", "*", "*", "*", "*", "维护"], ["内蒙古自治区", "松花江流域", "<span data-toggle='tooltip' data-placement='right' title='所在地市:呼伦贝尔市&#10;所属河流:额尔古纳河'>黑山头</span>", null, "", "--", "--", "--", "--", "--", "--", "--", "--", "--", "*", "*", "停站"], ["辽宁省", "辽河流域", "<span data-toggle='tooltip' data-placement='right' title='所在地市:抚顺市&#10;所属河流:浑河'>大伙房水库</span>", "07-20 08:00", "Ⅰ", "<span data-toggle='tooltip' data-placement='right' title='原始值：24.52757'>24.5</span>", "<span data-toggle='tooltip' data-placement='right' title='原始值：6.96839'>6.97</span>", "<span data-toggle='tooltip' data-placement='right' title='原始值：7.65514'>7.66</span>", "<span data-toggle='tooltip' data-placement='right' title='原始值：327.6747'>327.7</span>", "<span data-toggle='tooltip' data-placement='right' title='原始值：11.49908'>11.5</span>", "<span data-toggle='tooltip' data-placement='right' title='原始值：1.57894'>1.58</span>", "<span data-toggle='tooltip' data-placement='right' title='原始值：0.13'>0.130</span>", "<span data-toggle='tooltip' data-placement='right' title='原始值：0.00108'>0.001</span>", "<span data-toggle='tooltip' data-placement='right' title='原始值：1.97823'>1.98</span>", "<span data-toggle='tooltip' data-placement='right' title='极值过滤'>--</span>", "*", "维护"], ["辽宁省", "辽河流域", "<span data-toggle='tooltip' data-placement='right' title='所在地市:丹东市&#10;所属河流:鸭绿江'>江桥</span>", null, "", "--", "--", "--", "--", "--", "--", "--", "--", "--", "*", "*", "维护"], ["辽宁省", "辽河流域", "<span data-toggle='tooltip' data-placement='right' title='所在地市:营口市&#10;所属河流:大辽河'>辽河公园</span>", "07-20 08:00", "Ⅳ", "<span data-toggle='tooltip' data-placement='right' title='原始值：24.13172'>24.1</span>", "<span data-toggle='tooltip' data-placement='right' title='原始值：6.0544'>6.05</span>", "<span data-toggle='tooltip' data-placement='right' title='原始值：7.87922'>7.88</span>", "<span data-toggle='tooltip' data-placement='right' title='原始值：39956.09'>39956.1</span>", "<span data-toggle='tooltip' data-placement='right' title='原始值：103.6113'>103.6</span>", "<span data-toggle='tooltip' data-placement='right' title='原始值：9.75449'>9.75</span>", "<span data-toggle='tooltip' data-placement='right' title='原始值：0.05784'>0.058</span>", "<span data-toggle='tooltip' data-placement='right' title='原始值：0.18035'>0.180</span>", "<span data-toggle='tooltip' data-placement='right' title='原始值：3.5691'>3.57</span>", "*", "*", "正常"], ["辽宁省", "辽河流域", "<span data-toggle='tooltip' data-placement='right' title='所在地市:辽阳市&#10;所属河流:太子河'>汤河水库</span>", "07-20 04:00", "", "<span data-toggle='tooltip' data-placement='right' title='原始值：17.1'>17.1</span>", "<span data-toggle='tooltip' data-placement='right' title='原始值：7.49'>7.49</span>", "<span data-toggle='tooltip' data-placement='right' title='原始值：0.55'>0.55</span>", "<span data-toggle='tooltip' data-placement='right' title='原始值：483.9995'>484.0</span>", "<span data-toggle='tooltip' data-placement='right' title='原始值：136.2644'>136.3</span>", "<span data-toggle='tooltip' data-placement='right' title='原始值：1.4'>1.40</span>", "<span data-toggle='tooltip' data-placement='right' title='原始值：0.0218'>0.022</span>", "<span data-toggle='tooltip' data-placement='right' title='极值过滤'>--</span>", "<span data-toggle='tooltip' data-placement='right' title='极值过滤'>--</span>", "*", "*", "维护"], ["辽宁省", "辽河流域", "<span data-toggle='tooltip' data-placement='right' title='所在地市:盘锦市&#10;所属河流:辽河'>盘锦兴安(兴安)</span>", "07-20 08:00", "Ⅳ", "<span data-toggle='tooltip' data-placement='right' title='原始值：25.27818'>25.3</span>", "<span data-toggle='tooltip' data-placement='right' title='原始值：6.33805'>6.34</span>", "<span data-toggle='tooltip' data-placement='right' title='原始值：4.00686'>4.01</span>", "<span data-toggle='tooltip' data-placement='right' title='极值过滤'>--</span>", "<span data-toggle='tooltip' data-placement='right' title='原始值：103.6534'>103.7</span>", "<span data-toggle='tooltip' data-placement='right' title='原始值：3.36422'>3.36</span>", "<span data-toggle='tooltip' data-placement='right' title='原始值：0.19'>0.190</span>", "<span data-toggle='tooltip' data-placement='right' title='原始值：0.14268'>0.143</span>", "<span data-toggle='tooltip' data-placement='right' title='原始值：0.97035'>0.97</span>", "*", "*", "维护"], ["辽宁省", "辽河流域", "<span data-toggle='tooltip' data-placement='right' title='所在地市:铁岭市&#10;所属河流:辽河'>珠尔山</span>", "07-20 08:00", "Ⅳ", "<span data-toggle='tooltip' data-placement='right' title='原始值：24.44935'>24.4</span>", "<span data-toggle='tooltip' data-placement='right' title='原始值：7.32311'>7.32</span>", "<span data-toggle='tooltip' data-placement='right' title='原始值：7.77302'>7.77</span>", "<span data-toggle='tooltip' data-placement='right' title='原始值：362.918'>362.9</span>", "<span data-toggle='tooltip' data-placement='right' title='原始值：32.6762'>32.7</span>", "<span data-toggle='tooltip' data-placement='right' title='原始值：6.60055'>6.60</span>", "<span data-toggle='tooltip' data-placement='right' title='原始值：0.21'>0.210</span>", "<span data-toggle='tooltip' data-placement='right' title='原始值：0.06935'>0.069</span>", "<span data-toggle='tooltip' data-placement='right' title='原始值：2.06106'>2.06</span>", "*", "*", "正常"], ["吉林省", "松花江流域", "<span data-toggle='tooltip' data-placement='right' title='所在地市:长春市&#10;所属河流:松花江'>松花江村</span>", null, "", "--", "--", "--", "--", "--", "--", "--", "--", "--", "*", "*", "停站"], ["吉林省", "松花江流域", "<span data-toggle='tooltip' data-placement='right' title='所在地市:白城市&#10;所属河流:嫩江'>白沙滩</span>", "07-20 08:00", "Ⅲ", "<span data-toggle='tooltip' data-placement='right' title='原始值：27.40989'>27.4</span>", "<span data-toggle='tooltip' data-placement='right' title='原始值：7.28472'>7.28</span>", "<span data-toggle='tooltip' data-placement='right' title='原始值：7.7047'>7.70</span>", "<span data-toggle='tooltip' data-placement='right' title='原始值：273.4814'>273.5</span>", "<span data-toggle='tooltip' data-placement='right' title='原始值：168.437'>168.4</span>", "<span data-toggle='tooltip' data-placement='right' title='原始值：3.07'>3.07</span>", "<span data-toggle='tooltip' data-placement='right' title='原始值：0.2'>0.200</span>", "<span data-toggle='tooltip' data-placement='right' title='原始值：0.12351'>0.124</span>", "<span data-toggle='tooltip' data-placement='right' title='原始值：2.1448'>2.14</span>", "*", "*", "正常"], ["吉林省", "松花江流域", "<span data-toggle='tooltip' data-placement='right' title='所在地市:延边朝鲜族自治州&#10;所属河流:图们江'>圈河</span>", null, "", "--", "--", "--", "--", "--", "--", "--", "--", "--", "*", "*", "停站"], ["黑龙江省", "松花江流域", "<span data-toggle='tooltip' data-placement='right' title='所在地市:大庆市&#10;所属河流:松花江'>肇源</span>", null, "", "--", "--", "--", "--", "--", "--", "--", "--", "--", "*", "*", "停站"], ["黑龙江省", "松花江流域", "<span data-toggle='tooltip' data-placement='right' title='所在地市:佳木斯市&#10;所属河流:乌苏里江'>乌苏镇</span>", null, "", "--", "--", "--", "--", "--", "--", "--", "--", "--", "*", "*", "停站"], ["黑龙江省", "松花江流域", "<span data-toggle='tooltip' data-placement='right' title='所在地市:佳木斯市&#10;所属河流:松花江'>同江</span>", null, "", "--", "--", "--", "--", "--", "--", "--", "--", "--", "*", "*", "停站"], ["黑龙江省", "松花江流域", "<span data-toggle='tooltip' data-placement='right' title='所在地市:黑河市&#10;所属河流:黑龙江'>黑河下(黑河)</span>", null, "", "--", "--", "--", "--", "--", "--", "--", "--", "--", "*", "*", "停站"], ["上海市", "长江流域", "<span data-toggle='tooltip' data-placement='right' title='所在地市:青浦区&#10;所属河流:淀山湖'>急水港桥</span>", "07-20 08:00", "Ⅳ", "<span data-toggle='tooltip' data-placement='right' title='原始值：26.6'>26.6</span>", "<span data-toggle='tooltip' data-placement='right' title='原始值：7.13'>7.13</span>", "<span data-toggle='tooltip' data-placement='right' title='原始值：3.54'>3.54</span>", "<span data-toggle='tooltip' data-placement='right' title='原始值：451'>451.0</span>", "<span data-toggle='tooltip' data-placement='right' title='原始值：153.1'>153.1</span>", "<span data-toggle='tooltip' data-placement='right' title='原始值：3.07812'>3.08</span>", "<span data-toggle='tooltip' data-placement='right' title='原始值：0.61122'>0.611</span>", "<span data-toggle='tooltip' data-placement='right' title='原始值：0.09375'>0.094</span>", "<span data-toggle='tooltip' data-placement='right' title='原始值：3.09377'>3.09</span>", "<span data-toggle='tooltip' data-placement='right' title='原始值：0.00439'>0.004</span>", "<span data-toggle='tooltip' data-placement='right' title='原始值：4462625'>4462625</span>", "正常"], ["江苏省", "长江流域", "<span data-toggle='tooltip' data-placement='right' title='所在地市:南京市&#10;所属河流:长江'>林山</span>", null, "", "--", "--", "--", "--", "--", "--", "--", "--", "--", "*", "*", "停站"], ["江苏省", "太湖流域", "<span data-toggle='tooltip' data-placement='right' title='所在地市:无锡市&#10;所属河流:太湖'>沙渚</span>", "07-20 08:00", "Ⅲ", "<span data-toggle='tooltip' data-placement='right' title='原始值：25.76902'>25.8</span>", "<span data-toggle='tooltip' data-placement='right' title='原始值：7.950389'>7.95</span>", "<span data-toggle='tooltip' data-placement='right' title='原始值：6.44149'>6.44</span>", "<span data-toggle='tooltip' data-placement='right' title='原始值：350.5181'>350.5</span>", "<span data-toggle='tooltip' data-placement='right' title='原始值：37.96367'>38.0</span>", "<span data-toggle='tooltip' data-placement='right' title='原始值：5.01'>5.01</span>", "<span data-toggle='tooltip' data-placement='right' title='原始值：0.33'>0.330</span>", "<span data-toggle='tooltip' data-placement='right' title='原始值：0.0272'>0.027</span>", "<span data-toggle='tooltip' data-placement='right' title='原始值：0.9227'>0.92</span>", "*", "*", "正常"], ["江苏省", "淮河流域", "<span data-toggle='tooltip' data-placement='right' title='所在地市:徐州市&#10;所属河流:武河'>小红圈</span>", "07-20 08:00", "Ⅳ", "<span data-toggle='tooltip' data-placement='right' title='原始值：24.4'>24.4</span>", "<span data-toggle='tooltip' data-placement='right' title='原始值：7.12'>7.12</span>", "<span data-toggle='tooltip' data-placement='right' title='原始值：3.99'>3.99</span>", "<span data-toggle='tooltip' data-placement='right' title='原始值：783.6'>783.6</span>", "<span data-toggle='tooltip' data-placement='right' title='原始值：36.59'>36.6</span>", "<span data-toggle='tooltip' data-placement='right' title='原始值：6.52'>6.52</span>", "<span data-toggle='tooltip' data-placement='right' title='原始值：0.18'>0.180</span>", "*", "*", "*", "*", "正常"], ["江苏省", "淮河流域", "<span data-toggle='tooltip' data-placement='right' title='所在地市:徐州市&#10;所属河流:沿河'>李集桥</span>", "07-20 08:00", "Ⅳ", "<span data-toggle='tooltip' data-placement='right' title='原始值：26.4'>26.4</span>", "<span data-toggle='tooltip' data-placement='right' title='原始值：7.41'>7.41</span>", "<span data-toggle='tooltip' data-placement='right' title='原始值：6.85'>6.85</span>", "<span data-toggle='tooltip' data-placement='right' title='原始值：1039.8'>1039.8</span>", "<span data-toggle='tooltip' data-placement='right' title='原始值：111.36'>111.4</span>", "<span data-toggle='tooltip' data-placement='right' title='原始值：7.66'>7.66</span>", "<span data-toggle='tooltip' data-placement='right' title='原始值：0.248'>0.248</span>", "<span data-toggle='tooltip' data-placement='right' title='原始值：0.107'>0.107</span>", "<span data-toggle='tooltip' data-placement='right' title='原始值：3.443'>3.44</span>", "*", "*", "正常"], ["江苏省", "淮河流域", "<span data-toggle='tooltip' data-placement='right' title='所在地市:徐州市&#10;所属河流:邳苍分洪道'>艾山西大桥</span>", "07-20 08:00", "Ⅲ", "<span data-toggle='tooltip' data-placement='right' title='原始值：24.0973'>24.1</span>", "<span data-toggle='tooltip' data-placement='right' title='原始值：7.61843'>7.62</span>", "<span data-toggle='tooltip' data-placement='right' title='原始值：7.78616'>7.79</span>", "<span data-toggle='tooltip' data-placement='right' title='原始值：919.98'>920.0</span>", "<span data-toggle='tooltip' data-placement='right' title='原始值：17.0523'>17.1</span>", "<span data-toggle='tooltip' data-placement='right' title='原始值：3.18'>3.18</span>", "<span data-toggle='tooltip' data-placement='right' title='原始值：0.17'>0.170</span>", "<span data-toggle='tooltip' data-placement='right' title='原始值：0.1795'>0.180</span>", "<span data-toggle='tooltip' data-placement='right' title='原始值：6.67431'>6.67</span>", "*", "*", "正常"], ["江苏省", "太湖流域", "<span data-toggle='tooltip' data-placement='right' title='所在地市:苏州市&#10;所属河流:太湖'>兰山嘴(老)</span>", "07-20 08:00", "Ⅱ", "<span data-toggle='tooltip' data-placement='right' title='原始值：26.26373'>26.3</span>", "<span data-toggle='tooltip' data-placement='right' title='原始值：7.17964'>7.18</span>", "<span data-toggle='tooltip' data-placement='right' title='原始值：6.11004'>6.11</span>", "<span data-toggle='tooltip' data-placement='right' title='原始值：221.6701'>221.7</span>", "<span data-toggle='tooltip' data-placement='right' title='原始值：21.25548'>21.3</span>", "<span data-toggle='tooltip' data-placement='right' title='原始值：1.76'>1.76</span>", "<span data-toggle='tooltip' data-placement='right' title='原始值：0.36'>0.360</span>", "<span data-toggle='tooltip' data-placement='right' title='原始值：0.08644'>0.086</span>", "<span data-toggle='tooltip' data-placement='right' title='原始值：1.82063'>1.82</span>", "*", "*", "正常"], ["江苏省", "太湖流域", "<span data-toggle='tooltip' data-placement='right' title='所在地市:苏州市&#10;所属河流:太湖'>西山</span>", "07-20 08:00", "Ⅳ", "<span data-toggle='tooltip' data-placement='right' title='原始值：26.84016'>26.8</span>", "<span data-toggle='tooltip' data-placement='right' title='原始值：7.47366'>7.47</span>", "<span data-toggle='tooltip' data-placement='right' title='原始值：7.30834'>7.31</span>", "<span data-toggle='tooltip' data-placement='right' title='原始值：246.1069'>246.1</span>", "<span data-toggle='tooltip' data-placement='right' title='原始值：81.27751'>81.3</span>", "<span data-toggle='tooltip' data-placement='right' title='原始值：1.02'>1.02</span>", "<span data-toggle='tooltip' data-placement='right' title='原始值：0.13'>0.130</span>", "<span data-toggle='tooltip' data-placement='right' title='原始值：0.0685'>0.068</span>", "<span data-toggle='tooltip' data-placement='right' title='原始值：1.164'>1.16</span>", "*", "*", "正常"], ["江苏省", "淮河流域", "<span data-toggle='tooltip' data-placement='right' title='所在地市:连云港市&#10;所属河流:新沭河'>大兴桥</span>", "07-20 08:00", "劣Ⅴ", "<span data-toggle='tooltip' data-placement='right' title='原始值：24.4'>24.4</span>", "<span data-toggle='tooltip' data-placement='right' title='原始值：6.93'>6.93</span>", "<span data-toggle='tooltip' data-placement='right' title='原始值：3.67'>3.67</span>", "<span data-toggle='tooltip' data-placement='right' title='原始值：568.3'>568.3</span>", "<span data-toggle='tooltip' data-placement='right' title='原始值：323.91'>323.9</span>", "<span data-toggle='tooltip' data-placement='right' title='原始值：7.15'>7.15</span>", "<span data-toggle='tooltip' data-placement='right' title='原始值：2.122'>2.122</span>", "*", "*", "*", "*", "正常"], ["江苏省", "淮河流域", "<span data-toggle='tooltip' data-placement='right' title='所在地市:淮安市&#10;所属河流:淮河'>淮河大桥</span>", "07-20 08:00", "Ⅳ", "<span data-toggle='tooltip' data-placement='right' title='原始值：25.53909'>25.5</span>", "<span data-toggle='tooltip' data-placement='right' title='原始值：7.45911'>7.46</span>", "<span data-toggle='tooltip' data-placement='right' title='原始值：3.14455'>3.14</span>", "<span data-toggle='tooltip' data-placement='right' title='原始值：382.4018'>382.4</span>", "<span data-toggle='tooltip' data-placement='right' title='原始值：137.0614'>137.1</span>", "<span data-toggle='tooltip' data-placement='right' title='原始值：4.77'>4.77</span>", "<span data-toggle='tooltip' data-placement='right' title='原始值：0.05'>0.050</span>", "<span data-toggle='tooltip' data-placement='right' title='原始值：0.2417'>0.242</span>", "<span data-toggle='tooltip' data-placement='right' title='原始值：0.6246'>0.62</span>", "*", "*", "正常"], ["江苏省", "长江流域", "<span data-toggle='tooltip' data-placement='right' title='所在地市:扬州市&#10;所属河流:夹江'>三江营</span>", null, "", "--", "--", "--", "--", "--", "--", "--", "--", "--", "*", "*", "停站"], ["江苏省", "淮河流域", "<span data-toggle='tooltip' data-placement='right' title='所在地市:宿迁市&#10;所属河流:新濉河'>大屈</span>", "07-20 04:00", "", "<span data-toggle='tooltip' data-placement='right' title='原始值：24.3'>24.3</span>", "<span data-toggle='tooltip' data-placement='right' title='原始值：6.91'>6.91</span>", "<span data-toggle='tooltip' data-placement='right' title='原始值：4.4'>4.40</span>", "<span data-toggle='tooltip' data-placement='right' title='原始值：464.3'>464.3</span>", "<span data-toggle='tooltip' data-placement='right' title='原始值：0.12'>0.1</span>", "<span data-toggle='tooltip' data-placement='right' title='原始值：11.85'>11.85</span>", "<span data-toggle='tooltip' data-placement='right' title='原始值：0.89'>0.890</span>", "<span data-toggle='tooltip' data-placement='right' title='极值过滤'>--</span>", "<span data-toggle='tooltip' data-placement='right' title='原始值：5.861'>5.86</span>", "*", "*", "维护"], ["浙江省", "浙闽片河流", "<span data-toggle='tooltip' data-placement='right' title='所在地市:杭州市&#10;所属河流:新安江'>街口(鸠坑口)</span>", null, "", "--", "--", "--", "--", "--", "--", "--", "--", "--", "*", "*", "停站"], ["浙江省", "太湖流域", "<span data-toggle='tooltip' data-placement='right' title='所在地市:嘉兴市&#10;所属河流:斜路港河'>斜路港</span>", "07-20 08:00", "劣Ⅴ", "<span data-toggle='tooltip' data-placement='right' title='原始值：25.5'>25.5</span>", "<span data-toggle='tooltip' data-placement='right' title='原始值：7.4'>7.40</span>", "<span data-toggle='tooltip' data-placement='right' title='原始值：5.86'>5.86</span>", "<span data-toggle='tooltip' data-placement='right' title='原始值：446'>446.0</span>", "<span data-toggle='tooltip' data-placement='right' title='原始值：198.6'>198.6</span>", "<span data-toggle='tooltip' data-placement='right' title='原始值：3.69'>3.69</span>", "<span data-toggle='tooltip' data-placement='right' title='原始值：0.0888'>0.089</span>", "<span data-toggle='tooltip' data-placement='right' title='原始值：0.44869'>0.449</span>", "<span data-toggle='tooltip' data-placement='right' title='原始值：2.59098'>2.59</span>", "*", "*", "正常"], ["浙江省", "太湖流域", "<span data-toggle='tooltip' data-placement='right' title='所在地市:嘉兴市&#10;所属河流:京杭运河'>王江泾</span>", null, "", "--", "--", "--", "--", "--", "--", "--", "--", "--", "*", "*", "停站"], ["浙江省", "太湖流域", "<span data-toggle='tooltip' data-placement='right' title='所在地市:湖州市&#10;所属河流:西苕溪'>新港口(新塘港)</span>", "07-20 08:00", "Ⅲ", "<span data-toggle='tooltip' data-placement='right' title='原始值：24.4928'>24.5</span>", "<span data-toggle='tooltip' data-placement='right' title='原始值：6.83272'>6.83</span>", "<span data-toggle='tooltip' data-placement='right' title='原始值：5.66655'>5.67</span>", "<span data-toggle='tooltip' data-placement='right' title='原始值：185.986'>186.0</span>", "<span data-toggle='tooltip' data-placement='right' title='原始值：35.7628'>35.8</span>", "<span data-toggle='tooltip' data-placement='right' title='原始值：2.76813'>2.77</span>", "<span data-toggle='tooltip' data-placement='right' title='原始值：0.19936'>0.199</span>", "<span data-toggle='tooltip' data-placement='right' title='原始值：0.06508'>0.065</span>", "<span data-toggle='tooltip' data-placement='right' title='原始值：5.76333'>5.76</span>", "*", "*", "正常"], ["安徽省", "巢湖流域", "<span data-toggle='tooltip' data-placement='right' title='所在地市:合肥市&#10;所属河流:巢湖'>湖滨(老)</span>", "07-20 08:00", "Ⅲ", "<span data-toggle='tooltip' data-placement='right' title='原始值：25.66146'>25.7</span>", "<span data-toggle='tooltip' data-placement='right' title='原始值：6.42169'>6.42</span>", "<span data-toggle='tooltip' data-placement='right' title='原始值：6.00488'>6.00</span>", "<span data-toggle='tooltip' data-placement='right' title='原始值：268.6627'>268.7</span>", "<span data-toggle='tooltip' data-placement='right' title='原始值：72.63413'>72.6</span>", "<span data-toggle='tooltip' data-placement='right' title='原始值：5.15'>5.15</span>", "<span data-toggle='tooltip' data-placement='right' title='原始值：0.3'>0.300</span>", "<span data-toggle='tooltip' data-placement='right' title='原始值：0.0442'>0.044</span>", "<span data-toggle='tooltip' data-placement='right' title='原始值：1.703'>1.70</span>", "<span data-toggle='tooltip' data-placement='right' title='原始值：0.01199'>0.012</span>", "*", "正常"], ["安徽省", "巢湖流域", "<span data-toggle='tooltip' data-placement='right' title='所在地市:芜湖市&#10;所属河流:巢湖'>裕溪口(老)</span>", "07-20 08:00", "", "<span data-toggle='tooltip' data-placement='right' title='原始值：24.95601'>25.0</span>", "<span data-toggle='tooltip' data-placement='right' title='原始值：7.38138'>7.38</span>", "<span data-toggle='tooltip' data-placement='right' title='原始值：5.14535'>5.15</span>", "<span data-toggle='tooltip' data-placement='right' title='原始值：296.7467'>296.7</span>", "<span data-toggle='tooltip' data-placement='right' title='原始值：111.1104'>111.1</span>", "<span data-toggle='tooltip' data-placement='right' title='原始值：5.18'>5.18</span>", "<span data-toggle='tooltip' data-placement='right' title='原始值：0.25'>0.250</span>", "<span data-toggle='tooltip' data-placement='right' title='极值过滤'>--</span>", "<span data-toggle='tooltip' data-placement='right' title='原始值：1.148'>1.15</span>", "*", "*", "维护"], ["安徽省", "淮河流域", "<span data-toggle='tooltip' data-placement='right' title='所在地市:蚌埠市&#10;所属河流:淮河'>蚌埠闸上(蚌埠闸)</span>", null, "", "--", "--", "--", "--", "--", "--", "--", "--", "--", "*", "*", "停站"], ["安徽省", "淮河流域", "<span data-toggle='tooltip' data-placement='right' title='所在地市:淮南市&#10;所属河流:淮河'>石头埠(老)</span>", "07-20 08:00", "Ⅳ", "<span data-toggle='tooltip' data-placement='right' title='原始值：24.04076'>24.0</span>", "<span data-toggle='tooltip' data-placement='right' title='原始值：7.22904'>7.23</span>", "<span data-toggle='tooltip' data-placement='right' title='原始值：4.15751'>4.16</span>", "<span data-toggle='tooltip' data-placement='right' title='原始值：250.6146'>250.6</span>", "<span data-toggle='tooltip' data-placement='right' title='原始值：825.1669'>825.2</span>", "<span data-toggle='tooltip' data-placement='right' title='原始值：9.60999'>9.61</span>", "<span data-toggle='tooltip' data-placement='right' title='原始值：0.21'>0.210</span>", "*", "*", "*", "*", "正常"], ["安徽省", "淮河流域", "<span data-toggle='tooltip' data-placement='right' title='所在地市:淮北市&#10;所属河流:沱河'>小王桥</span>", null, "", "--", "--", "--", "--", "--", "--", "--", "--", "--", "*", "*", "停站"], ["安徽省", "长江流域", "<span data-toggle='tooltip' data-placement='right' title='所在地市:安庆市&#10;所属河流:长江'>皖河口</span>", null, "", "--", "--", "--", "--", "--", "--", "--", "--", "--", "*", "*", "停站"], ["安徽省", "淮河流域", "<span data-toggle='tooltip' data-placement='right' title='所在地市:滁州市&#10;所属河流:淮河'>小柳巷</span>", "07-20 08:00", "Ⅳ", "<span data-toggle='tooltip' data-placement='right' title='原始值：25.7'>25.7</span>", "<span data-toggle='tooltip' data-placement='right' title='原始值：7.28'>7.28</span>", "<span data-toggle='tooltip' data-placement='right' title='原始值：4.93'>4.93</span>", "<span data-toggle='tooltip' data-placement='right' title='原始值：310.1'>310.1</span>", "<span data-toggle='tooltip' data-placement='right' title='原始值：416.5'>416.5</span>", "<span data-toggle='tooltip' data-placement='right' title='原始值：4.79'>4.79</span>", "<span data-toggle='tooltip' data-placement='right' title='原始值：0.06'>0.060</span>", "<span data-toggle='tooltip' data-placement='right' title='原始值：0.23'>0.230</span>", "<span data-toggle='tooltip' data-placement='right' title='原始值：1.337'>1.34</span>", "*", "*", "正常"], ["安徽省", "淮河流域", "<span data-toggle='tooltip' data-placement='right' title='所在地市:阜阳市&#10;所属河流:黑茨河'>张大桥</span>", null, "", "--", "--", "--", "--", "--", "--", "--", "--", "--", "*", "*", "停站"], ["安徽省", "淮河流域", "<span data-toggle='tooltip' data-placement='right' title='所在地市:阜阳市&#10;所属河流:淮河'>王家坝</span>", null, "", "--", "--", "--", "--", "--", "--", "--", "--", "--", "*", "*", "停站"], ["安徽省", "淮河流域", "<span data-toggle='tooltip' data-placement='right' title='所在地市:阜阳市&#10;所属河流:颍河'>界首七渡口(七渡口)</span>", "07-20 08:00", "Ⅳ", "<span data-toggle='tooltip' data-placement='right' title='原始值：26.37819'>26.4</span>", "<span data-toggle='tooltip' data-placement='right' title='原始值：6.90713'>6.91</span>", "<span data-toggle='tooltip' data-placement='right' title='原始值：3.5028'>3.50</span>", "<span data-toggle='tooltip' data-placement='right' title='原始值：881.0144'>881.0</span>", "<span data-toggle='tooltip' data-placement='right' title='原始值：15.42007'>15.4</span>", "<span data-toggle='tooltip' data-placement='right' title='原始值：1.6'>1.60</span>", "<span data-toggle='tooltip' data-placement='right' title='原始值：0.71'>0.710</span>", "<span data-toggle='tooltip' data-placement='right' title='原始值：0.11404'>0.114</span>", "<span data-toggle='tooltip' data-placement='right' title='原始值：3.79789'>3.80</span>", "*", "*", "正常"], ["安徽省", "淮河流域", "<span data-toggle='tooltip' data-placement='right' title='所在地市:阜阳市&#10;所属河流:泉河'>许庄(徐庄)</span>", null, "", "--", "--", "--", "--", "--", "--", "--", "--", "--", "*", "*", "维护"], ["安徽省", "淮河流域", "<span data-toggle='tooltip' data-placement='right' title='所在地市:宿州市&#10;所属河流:奎河'>杨庄</span>", "07-20 08:00", "Ⅳ", "<span data-toggle='tooltip' data-placement='right' title='原始值：24.21'>24.2</span>", "<span data-toggle='tooltip' data-placement='right' title='原始值：7.22'>7.22</span>", "<span data-toggle='tooltip' data-placement='right' title='原始值：3.65'>3.65</span>", "<span data-toggle='tooltip' data-placement='right' title='原始值：540.9'>540.9</span>", "<span data-toggle='tooltip' data-placement='right' title='原始值：245.53'>245.5</span>", "<span data-toggle='tooltip' data-placement='right' title='原始值：6.16'>6.16</span>", "<span data-toggle='tooltip' data-placement='right' title='原始值：0.841'>0.841</span>", "*", "*", "*", "*", "正常"], ["安徽省", "淮河流域", "<span data-toggle='tooltip' data-placement='right' title='所在地市:宿州市&#10;所属河流:新汴河'>泗县公路桥</span>", null, "", "--", "--", "--", "--", "--", "--", "--", "*", "*", "*", "*", "维护"], ["安徽省", "淮河流域", "<span data-toggle='tooltip' data-placement='right' title='所在地市:亳州市&#10;所属河流:包河'>颜集</span>", null, "", "--", "--", "--", "--", "--", "--", "--", "--", "--", "*", "*", "维护"], ["福建省", "浙闽片河流", "<span data-toggle='tooltip' data-placement='right' title='所在地市:福州市&#10;所属河流:闽江'>白岩潭</span>", "07-20 08:00", "Ⅰ", "<span data-toggle='tooltip' data-placement='right' title='原始值：29.23'>29.2</span>", "<span data-toggle='tooltip' data-placement='right' title='原始值：6.71'>6.71</span>", "<span data-toggle='tooltip' data-placement='right' title='原始值：7.72'>7.72</span>", "<span data-toggle='tooltip' data-placement='right' title='原始值：223.4'>223.4</span>", "<span data-toggle='tooltip' data-placement='right' title='原始值：36.02'>36.0</span>", "<span data-toggle='tooltip' data-placement='right' title='原始值：1.42'>1.42</span>", "<span data-toggle='tooltip' data-placement='right' title='原始值：0.07'>0.070</span>", "*", "*", "*", "*", "正常"], ["江西省", "长江流域", "<span data-toggle='tooltip' data-placement='right' title='所在地市:南昌市&#10;所属河流:赣江南支'>滁槎</span>", null, "", "--", "--", "--", "--", "--", "--", "--", "--", "--", "*", "*", "维护"], ["江西省", "长江流域", "<span data-toggle='tooltip' data-placement='right' title='所在地市:九江市&#10;所属河流:长江'>姚港(河西水厂)</span>", null, "", "--", "--", "--", "--", "--", "--", "--", "--", "--", "*", "*", "停站"], ["江西省", "长江流域", "<span data-toggle='tooltip' data-placement='right' title='所在地市:九江市&#10;所属河流:鄱阳湖'>蛤蟆石</span>", null, "", "--", "--", "--", "--", "--", "--", "--", "--", "--", "--", "--", "停站"], ["山东省", "黄河流域", "<span data-toggle='tooltip' data-placement='right' title='所在地市:济南市&#10;所属河流:黄河'>泺口</span>", "07-20 08:00", "Ⅱ", "<span data-toggle='tooltip' data-placement='right' title='原始值：25.7572'>25.8</span>", "<span data-toggle='tooltip' data-placement='right' title='原始值：8.42748'>8.43</span>", "<span data-toggle='tooltip' data-placement='right' title='原始值：6.83058'>6.83</span>", "<span data-toggle='tooltip' data-placement='right' title='原始值：820.9319'>820.9</span>", "<span data-toggle='tooltip' data-placement='right' title='原始值：1834.89'>1834.9</span>", "<span data-toggle='tooltip' data-placement='right' title='原始值：2.56'>2.56</span>", "<span data-toggle='tooltip' data-placement='right' title='原始值：0.23941'>0.239</span>", "<span data-toggle='tooltip' data-placement='right' title='原始值：0.01534'>0.015</span>", "<span data-toggle='tooltip' data-placement='right' title='原始值：3.319'>3.32</span>", "*", "*", "正常"], ["山东省", "淮河流域", "<span data-toggle='tooltip' data-placement='right' title='所在地市:枣庄市&#10;所属河流:京杭大运河（韩庄运河）'>台儿庄大桥</span>", "07-20 08:00", "劣Ⅴ", "<span data-toggle='tooltip' data-placement='right' title='原始值：25.09188'>25.1</span>", "<span data-toggle='tooltip' data-placement='right' title='原始值：7.54167'>7.54</span>", "<span data-toggle='tooltip' data-placement='right' title='原始值：4.19332'>4.19</span>", "<span data-toggle='tooltip' data-placement='right' title='原始值：959.4589'>959.5</span>", "<span data-toggle='tooltip' data-placement='right' title='原始值：24.74855'>24.7</span>", "<span data-toggle='tooltip' data-placement='right' title='原始值：4.74706'>4.75</span>", "<span data-toggle='tooltip' data-placement='right' title='原始值：2.97221'>2.972</span>", "<span data-toggle='tooltip' data-placement='right' title='原始值：0.13969'>0.140</span>", "<span data-toggle='tooltip' data-placement='right' title='原始值：10.58138'>10.58</span>", "*", "*", "正常"], ["山东省", "淮河流域", "<span data-toggle='tooltip' data-placement='right' title='所在地市:临沂市&#10;所属河流:沭河'>清泉寺</span>", "07-20 08:00", "Ⅳ", "<span data-toggle='tooltip' data-placement='right' title='原始值：25.14279'>25.1</span>", "<span data-toggle='tooltip' data-placement='right' title='原始值：7.69673'>7.70</span>", "<span data-toggle='tooltip' data-placement='right' title='原始值：7.11051'>7.11</span>", "<span data-toggle='tooltip' data-placement='right' title='原始值：1011.97'>1012.0</span>", "<span data-toggle='tooltip' data-placement='right' title='原始值：11.95762'>12.0</span>", "<span data-toggle='tooltip' data-placement='right' title='原始值：6.53'>6.53</span>", "<span data-toggle='tooltip' data-placement='right' title='原始值：0.67'>0.670</span>", "*", "*", "*", "*", "正常"], ["山东省", "淮河流域", "<span data-toggle='tooltip' data-placement='right' title='所在地市:临沂市&#10;所属河流:沂河'>重坊桥</span>", "07-20 08:00", "Ⅲ", "<span data-toggle='tooltip' data-placement='right' title='原始值：24.97224'>25.0</span>", "<span data-toggle='tooltip' data-placement='right' title='原始值：7.60916'>7.61</span>", "<span data-toggle='tooltip' data-placement='right' title='原始值：7.18473'>7.18</span>", "<span data-toggle='tooltip' data-placement='right' title='原始值：711.9074'>711.9</span>", "<span data-toggle='tooltip' data-placement='right' title='原始值：17.60648'>17.6</span>", "<span data-toggle='tooltip' data-placement='right' title='原始值：4.2'>4.20</span>", "<span data-toggle='tooltip' data-placement='right' title='原始值：0.13806'>0.138</span>", "*", "*", "*", "*", "正常"], ["山东省", "淮河流域", "<span data-toggle='tooltip' data-placement='right' title='所在地市:临沂市&#10;所属河流:白马河'>捷庄(涝沟桥)</span>", "07-20 08:00", "Ⅳ", "<span data-toggle='tooltip' data-placement='right' title='原始值：23.2'>23.2</span>", "<span data-toggle='tooltip' data-placement='right' title='原始值：6.75'>6.75</span>", "<span data-toggle='tooltip' data-placement='right' title='原始值：3.79967'>3.80</span>", "<span data-toggle='tooltip' data-placement='right' title='原始值：1044.001'>1044.0</span>", "<span data-toggle='tooltip' data-placement='right' title='原始值：25.32488'>25.3</span>", "<span data-toggle='tooltip' data-placement='right' title='原始值：3.46'>3.46</span>", "<span data-toggle='tooltip' data-placement='right' title='原始值：0.91443'>0.914</span>", "<span data-toggle='tooltip' data-placement='right' title='原始值：0.18009'>0.180</span>", "<span data-toggle='tooltip' data-placement='right' title='原始值：13.34623'>13.35</span>", "*", "*", "正常"], ["山东省", "海河流域", "<span data-toggle='tooltip' data-placement='right' title='所在地市:聊城市&#10;所属河流:卫运河'>秤勾湾(秤钩湾)</span>", "07-20 08:00", "Ⅲ", "<span data-toggle='tooltip' data-placement='right' title='原始值：26.39682'>26.4</span>", "<span data-toggle='tooltip' data-placement='right' title='原始值：8.06968'>8.07</span>", "<span data-toggle='tooltip' data-placement='right' title='原始值：5.34841'>5.35</span>", "<span data-toggle='tooltip' data-placement='right' title='原始值：1824.031'>1824.0</span>", "<span data-toggle='tooltip' data-placement='right' title='原始值：104.6103'>104.6</span>", "<span data-toggle='tooltip' data-placement='right' title='原始值：3.12'>3.12</span>", "<span data-toggle='tooltip' data-placement='right' title='原始值：0.12315'>0.123</span>", "<span data-toggle='tooltip' data-placement='right' title='原始值：0.11772'>0.118</span>", "<span data-toggle='tooltip' data-placement='right' title='原始值：7.10321'>7.10</span>", "*", "*", "正常"], ["河南省", "长江流域", "<span data-toggle='tooltip' data-placement='right' title='所在地市:南阳市&#10;所属河流:丹江口水库'>陶岔</span>", "07-20 08:00", "Ⅱ", "<span data-toggle='tooltip' data-placement='right' title='原始值：25.89'>25.9</span>", "<span data-toggle='tooltip' data-placement='right' title='原始值：8.129'>8.13</span>", "<span data-toggle='tooltip' data-placement='right' title='原始值：7.91334'>7.91</span>", "<span data-toggle='tooltip' data-placement='right' title='原始值：288.5383'>288.5</span>", "<span data-toggle='tooltip' data-placement='right' title='原始值：1.25811'>1.3</span>", "<span data-toggle='tooltip' data-placement='right' title='原始值：2.2'>2.20</span>", "<span data-toggle='tooltip' data-placement='right' title='原始值：0.02342'>0.023</span>", "<span data-toggle='tooltip' data-placement='right' title='原始值：0.00768'>0.008</span>", "<span data-toggle='tooltip' data-placement='right' title='原始值：0.75026'>0.75</span>", "<span data-toggle='tooltip' data-placement='right' title='原始值：0.00278'>0.003</span>", "<span data-toggle='tooltip' data-placement='right' title='原始值：392461.4'>392461</span>", "正常"], ["河南省", "淮河流域", "<span data-toggle='tooltip' data-placement='right' title='所在地市:商丘市&#10;所属河流:浍河'>黄口</span>", "07-20 08:00", "Ⅳ", "<span data-toggle='tooltip' data-placement='right' title='原始值：26.1'>26.1</span>", "<span data-toggle='tooltip' data-placement='right' title='原始值：7.63002'>7.63</span>", "<span data-toggle='tooltip' data-placement='right' title='原始值：3.71129'>3.71</span>", "<span data-toggle='tooltip' data-placement='right' title='原始值：2184'>2184.0</span>", "<span data-toggle='tooltip' data-placement='right' title='原始值：17.91113'>17.9</span>", "<span data-toggle='tooltip' data-placement='right' title='原始值：7.71'>7.71</span>", "<span data-toggle='tooltip' data-placement='right' title='原始值：0.9173'>0.917</span>", "<span data-toggle='tooltip' data-placement='right' title='原始值：0.2384'>0.238</span>", "<span data-toggle='tooltip' data-placement='right' title='原始值：2.96896'>2.97</span>", "*", "*", "正常"], ["河南省", "淮河流域", "<span data-toggle='tooltip' data-placement='right' title='所在地市:信阳市&#10;所属河流:史灌河'>蒋集</span>", null, "", "--", "--", "--", "--", "--", "--", "--", "--", "--", "*", "*", "停站"], ["河南省", "淮河流域", "<span data-toggle='tooltip' data-placement='right' title='所在地市:信阳市&#10;所属河流:淮河'>淮滨水文站(淮滨)</span>", null, "", "--", "--", "--", "--", "--", "--", "--", "--", "--", "*", "*", "停站"], ["河南省", "淮河流域", "<span data-toggle='tooltip' data-placement='right' title='所在地市:周口市&#10;所属河流:沙河'>沈丘闸</span>", "07-20 08:00", "Ⅲ", "<span data-toggle='tooltip' data-placement='right' title='原始值：24.58677'>24.6</span>", "<span data-toggle='tooltip' data-placement='right' title='原始值：7.19556'>7.20</span>", "<span data-toggle='tooltip' data-placement='right' title='原始值：5.2803'>5.28</span>", "<span data-toggle='tooltip' data-placement='right' title='原始值：1052.582'>1052.6</span>", "<span data-toggle='tooltip' data-placement='right' title='原始值：7.07103'>7.1</span>", "<span data-toggle='tooltip' data-placement='right' title='原始值：3.73'>3.73</span>", "<span data-toggle='tooltip' data-placement='right' title='原始值：0.84'>0.840</span>", "*", "*", "*", "*", "正常"], ["河南省", "淮河流域", "<span data-toggle='tooltip' data-placement='right' title='所在地市:周口市&#10;所属河流:涡河'>鹿邑付桥(鹿邑付桥闸)</span>", "07-20 08:00", "", "<span data-toggle='tooltip' data-placement='right' title='原始值：25.11584'>25.1</span>", "<span data-toggle='tooltip' data-placement='right' title='原始值：8.60105'>8.60</span>", "<span data-toggle='tooltip' data-placement='right' title='原始值：9.92214'>9.92</span>", "<span data-toggle='tooltip' data-placement='right' title='原始值：1347.646'>1347.6</span>", "<span data-toggle='tooltip' data-placement='right' title='原始值：14.48943'>14.5</span>", "<span data-toggle='tooltip' data-placement='right' title='原始值：6.30465'>6.30</span>", "<span data-toggle='tooltip' data-placement='right' title='极值过滤'>--</span>", "<span data-toggle='tooltip' data-placement='right' title='原始值：0.1268'>0.127</span>", "<span data-toggle='tooltip' data-placement='right' title='原始值：1.13394'>1.13</span>", "*", "*", "维护"], ["河南省", "淮河流域", "<span data-toggle='tooltip' data-placement='right' title='所在地市:驻马店市&#10;所属河流:洪河'>新蔡班台(班台)</span>", "07-20 04:00", "Ⅴ", "<span data-toggle='tooltip' data-placement='right' title='原始值：26.0042'>26.0</span>", "<span data-toggle='tooltip' data-placement='right' title='原始值：7.43483'>7.43</span>", "<span data-toggle='tooltip' data-placement='right' title='原始值：9.42198'>9.42</span>", "<span data-toggle='tooltip' data-placement='right' title='极值过滤'>--</span>", "<span data-toggle='tooltip' data-placement='right' title='原始值：0.71416'>0.7</span>", "<span data-toggle='tooltip' data-placement='right' title='原始值：6.42'>6.42</span>", "<span data-toggle='tooltip' data-placement='right' title='原始值：0.26'>0.260</span>", "<span data-toggle='tooltip' data-placement='right' title='原始值：0.38499'>0.385</span>", "<span data-toggle='tooltip' data-placement='right' title='原始值：3.08903'>3.09</span>", "*", "*", "维护"], ["河南省", "黄河流域", "<span data-toggle='tooltip' data-placement='right' title='所在地市:济源市&#10;所属河流:黄河'>小浪底水库(小浪底)</span>", null, "", "--", "--", "--", "--", "--", "--", "--", "--", "--", "*", "*", "停站"], ["湖北省", "长江流域", "<span data-toggle='tooltip' data-placement='right' title='所在地市:武汉市&#10;所属河流:汉江'>宗关</span>", null, "", "--", "--", "--", "--", "--", "--", "--", "--", "--", "*", "*", "停站"], ["湖北省", "长江流域", "<span data-toggle='tooltip' data-placement='right' title='所在地市:十堰市&#10;所属河流:丹江口水库'>坝上中(胡家岭)</span>", null, "", "--", "--", "--", "--", "--", "--", "--", "--", "--", "--", "--", "停站"], ["湖北省", "长江流域", "<span data-toggle='tooltip' data-placement='right' title='所在地市:宜昌市&#10;所属河流:长江'>南津关</span>", null, "", "--", "--", "--", "--", "--", "--", "--", "--", "--", "*", "*", "停站"], ["湖南省", "长江流域", "<span data-toggle='tooltip' data-placement='right' title='所在地市:长沙市&#10;所属河流:湘江'>新港</span>", "07-20 08:00", "", "<span data-toggle='tooltip' data-placement='right' title='原始值：26.52'>26.5</span>", "<span data-toggle='tooltip' data-placement='right' title='原始值：7.07'>7.07</span>", "<span data-toggle='tooltip' data-placement='right' title='原始值：1.08'>1.08</span>", "<span data-toggle='tooltip' data-placement='right' title='原始值：194.52'>194.5</span>", "<span data-toggle='tooltip' data-placement='right' title='原始值：26.36'>26.4</span>", "<span data-toggle='tooltip' data-placement='right' title='原始值：2.83'>2.83</span>", "<span data-toggle='tooltip' data-placement='right' title='极值过滤'>--</span>", "<span data-toggle='tooltip' data-placement='right' title='原始值：0.046'>0.046</span>", "<span data-toggle='tooltip' data-placement='right' title='原始值：1.59'>1.59</span>", "*", "*", "维护"], ["湖南省", "长江流域", "<span data-toggle='tooltip' data-placement='right' title='所在地市:岳阳市&#10;所属河流:洞庭湖'>岳阳楼</span>", null, "", "--", "--", "--", "--", "--", "--", "--", "--", "--", "--", "--", "停站"], ["湖南省", "长江流域", "<span data-toggle='tooltip' data-placement='right' title='所在地市:岳阳市&#10;所属河流:长江'>城陵矶</span>", null, "", "--", "--", "--", "--", "--", "--", "--", "--", "--", "--", "--", "停站"], ["广东省", "珠江流域", "<span data-toggle='tooltip' data-placement='right' title='所在地市:清远市&#10;所属河流:北江'>七星岗</span>", "07-20 08:00", "Ⅲ", "<span data-toggle='tooltip' data-placement='right' title='原始值：29.78339'>29.8</span>", "<span data-toggle='tooltip' data-placement='right' title='原始值：8.14213'>8.14</span>", "<span data-toggle='tooltip' data-placement='right' title='原始值：5.85263'>5.85</span>", "<span data-toggle='tooltip' data-placement='right' title='原始值：175.9915'>176.0</span>", "<span data-toggle='tooltip' data-placement='right' title='原始值：11.17907'>11.2</span>", "<span data-toggle='tooltip' data-placement='right' title='原始值：0.93'>0.93</span>", "<span data-toggle='tooltip' data-placement='right' title='原始值：0.10849'>0.108</span>", "<span data-toggle='tooltip' data-placement='right' title='原始值：0.02427'>0.024</span>", "<span data-toggle='tooltip' data-placement='right' title='原始值：1.3998'>1.40</span>", "*", "*", "正常"], ["广东省", "珠江流域", "<span data-toggle='tooltip' data-placement='right' title='所在地市:中山市&#10;所属河流:西江'>横栏</span>", "07-20 08:00", "Ⅱ", "<span data-toggle='tooltip' data-placement='right' title='原始值：27.3'>27.3</span>", "<span data-toggle='tooltip' data-placement='right' title='原始值：7.64'>7.64</span>", "<span data-toggle='tooltip' data-placement='right' title='原始值：7.24'>7.24</span>", "<span data-toggle='tooltip' data-placement='right' title='原始值：166'>166.0</span>", "<span data-toggle='tooltip' data-placement='right' title='原始值：119.9'>119.9</span>", "<span data-toggle='tooltip' data-placement='right' title='原始值：2.42'>2.42</span>", "<span data-toggle='tooltip' data-placement='right' title='原始值：0.11407'>0.114</span>", "*", "*", "*", "*", "正常"], ["广西壮族自治区", "珠江流域", "<span data-toggle='tooltip' data-placement='right' title='所在地市:南宁市&#10;所属河流:邕江'>老口</span>", "07-20 08:00", "Ⅱ", "<span data-toggle='tooltip' data-placement='right' title='原始值：29.95012'>30.0</span>", "<span data-toggle='tooltip' data-placement='right' title='原始值：7.65041'>7.65</span>", "<span data-toggle='tooltip' data-placement='right' title='原始值：6.54736'>6.55</span>", "<span data-toggle='tooltip' data-placement='right' title='原始值：299.7492'>299.7</span>", "<span data-toggle='tooltip' data-placement='right' title='原始值：5.20658'>5.2</span>", "<span data-toggle='tooltip' data-placement='right' title='原始值：1.28061'>1.28</span>", "<span data-toggle='tooltip' data-placement='right' title='原始值：0.14694'>0.147</span>", "<span data-toggle='tooltip' data-placement='right' title='原始值：0.02133'>0.021</span>", "<span data-toggle='tooltip' data-placement='right' title='原始值：1.80109'>1.80</span>", "*", "*", "正常"], ["广西壮族自治区", "珠江流域", "<span data-toggle='tooltip' data-placement='right' title='所在地市:桂林市&#10;所属河流:漓江'>阳朔</span>", "07-20 08:00", "Ⅱ", "<span data-toggle='tooltip' data-placement='right' title='原始值：26'>26.0</span>", "<span data-toggle='tooltip' data-placement='right' title='原始值：7.34'>7.34</span>", "<span data-toggle='tooltip' data-placement='right' title='原始值：6.65'>6.65</span>", "<span data-toggle='tooltip' data-placement='right' title='原始值：144'>144.0</span>", "<span data-toggle='tooltip' data-placement='right' title='原始值：21.49531'>21.5</span>", "<span data-toggle='tooltip' data-placement='right' title='原始值：1.99822'>2.00</span>", "<span data-toggle='tooltip' data-placement='right' title='原始值：0.0309'>0.031</span>", "<span data-toggle='tooltip' data-placement='right' title='原始值：0.01143'>0.011</span>", "<span data-toggle='tooltip' data-placement='right' title='原始值：2.09779'>2.10</span>", "*", "*", "正常"], ["广西壮族自治区", "珠江流域", "<span data-toggle='tooltip' data-placement='right' title='所在地市:梧州市&#10;所属河流:浔江'>界首</span>", null, "", "--", "--", "--", "--", "--", "--", "--", "--", "--", "*", "*", "停站"], ["广西壮族自治区", "珠江流域", "<span data-toggle='tooltip' data-placement='right' title='所在地市:贵港市&#10;所属河流:浔江'>石嘴</span>", "07-20 08:00", "Ⅱ", "<span data-toggle='tooltip' data-placement='right' title='原始值：28.34204'>28.3</span>", "<span data-toggle='tooltip' data-placement='right' title='原始值：7.3131'>7.31</span>", "<span data-toggle='tooltip' data-placement='right' title='原始值：8.73156'>8.73</span>", "<span data-toggle='tooltip' data-placement='right' title='原始值：264.9754'>265.0</span>", "<span data-toggle='tooltip' data-placement='right' title='原始值：49.15838'>49.2</span>", "<span data-toggle='tooltip' data-placement='right' title='原始值：1.45'>1.45</span>", "<span data-toggle='tooltip' data-placement='right' title='原始值：0.16'>0.160</span>", "<span data-toggle='tooltip' data-placement='right' title='原始值：0.01472'>0.015</span>", "<span data-toggle='tooltip' data-placement='right' title='原始值：2.3887'>2.39</span>", "*", "*", "正常"], ["广西壮族自治区", "珠江流域", "<span data-toggle='tooltip' data-placement='right' title='所在地市:崇左市&#10;所属河流:平而河'>平而关</span>", "07-20 08:00", "Ⅱ", "<span data-toggle='tooltip' data-placement='right' title='原始值：31.15274'>31.2</span>", "<span data-toggle='tooltip' data-placement='right' title='原始值：8.12006'>8.12</span>", "<span data-toggle='tooltip' data-placement='right' title='原始值：6.64942'>6.65</span>", "<span data-toggle='tooltip' data-placement='right' title='原始值：240.5234'>240.5</span>", "<span data-toggle='tooltip' data-placement='right' title='原始值：22.3643'>22.4</span>", "<span data-toggle='tooltip' data-placement='right' title='原始值：1.37554'>1.38</span>", "<span data-toggle='tooltip' data-placement='right' title='原始值：0.12'>0.120</span>", "*", "*", "*", "*", "正常"], ["重庆市", "长江流域", "<span data-toggle='tooltip' data-placement='right' title='所在地市:永川区&#10;所属河流:长江'>朱沱</span>", null, "", "--", "--", "--", "--", "--", "--", "--", "--", "--", "*", "*", "停站"], ["四川省", "长江流域", "<span data-toggle='tooltip' data-placement='right' title='所在地市:攀枝花市&#10;所属河流:金沙江'>龙洞</span>", null, "", "--", "--", "--", "--", "--", "--", "--", "--", "--", "*", "*", "停站"], ["四川省", "长江流域", "<span data-toggle='tooltip' data-placement='right' title='所在地市:泸州市&#10;所属河流:沱江'>沱江大桥(沱江二桥)</span>", "07-20 08:00", "Ⅳ", "<span data-toggle='tooltip' data-placement='right' title='原始值：28.16'>28.2</span>", "<span data-toggle='tooltip' data-placement='right' title='原始值：7.808752'>7.81</span>", "<span data-toggle='tooltip' data-placement='right' title='原始值：6.967233'>6.97</span>", "<span data-toggle='tooltip' data-placement='right' title='原始值：428.5074'>428.5</span>", "<span data-toggle='tooltip' data-placement='right' title='原始值：89.59283'>89.6</span>", "<span data-toggle='tooltip' data-placement='right' title='原始值：6.05'>6.05</span>", "<span data-toggle='tooltip' data-placement='right' title='原始值：0.016'>0.016</span>", "<span data-toggle='tooltip' data-placement='right' title='原始值：0.192145'>0.192</span>", "<span data-toggle='tooltip' data-placement='right' title='原始值：3.816287'>3.82</span>", "*", "*", "正常"], ["四川省", "长江流域", "<span data-toggle='tooltip' data-placement='right' title='所在地市:广元市&#10;所属河流:嘉陵江'>清风峡</span>", "07-20 08:00", "Ⅰ", "<span data-toggle='tooltip' data-placement='right' title='原始值：25.5'>25.5</span>", "<span data-toggle='tooltip' data-placement='right' title='原始值：8.04999'>8.05</span>", "<span data-toggle='tooltip' data-placement='right' title='原始值：8.68638'>8.69</span>", "<span data-toggle='tooltip' data-placement='right' title='原始值：326'>326.0</span>", "<span data-toggle='tooltip' data-placement='right' title='原始值：195.65'>195.6</span>", "<span data-toggle='tooltip' data-placement='right' title='原始值：1.62'>1.62</span>", "<span data-toggle='tooltip' data-placement='right' title='原始值：0.1373'>0.137</span>", "*", "*", "*", "*", "正常"], ["四川省", "长江流域", "<span data-toggle='tooltip' data-placement='right' title='所在地市:乐山市&#10;所属河流:岷江'>岷江大桥</span>", "07-20 08:00", "Ⅱ", "<span data-toggle='tooltip' data-placement='right' title='原始值：23.52878'>23.5</span>", "<span data-toggle='tooltip' data-placement='right' title='原始值：7.63359'>7.63</span>", "<span data-toggle='tooltip' data-placement='right' title='原始值：8.47962'>8.48</span>", "<span data-toggle='tooltip' data-placement='right' title='原始值：294.5115'>294.5</span>", "<span data-toggle='tooltip' data-placement='right' title='原始值：344.1697'>344.2</span>", "<span data-toggle='tooltip' data-placement='right' title='原始值：3.68'>3.68</span>", "<span data-toggle='tooltip' data-placement='right' title='原始值：0.28'>0.280</span>", "*", "*", "*", "*", "正常"], ["四川省", "长江流域", "<span data-toggle='tooltip' data-placement='right' title='所在地市:宜宾市&#10;所属河流:岷江'>凉姜沟</span>", null, "", "--", "--", "--", "--", "--", "--", "--", "--", "--", "*", "*", "停站"], ["云南省", "滇池流域", "<span data-toggle='tooltip' data-placement='right' title='所在地市:昆明市&#10;所属河流:滇池'>西苑隧道</span>", "07-20 08:00", "劣Ⅴ", "<span data-toggle='tooltip' data-placement='right' title='原始值：21.48542'>21.5</span>", "<span data-toggle='tooltip' data-placement='right' title='原始值：6.55529'>6.56</span>", "<span data-toggle='tooltip' data-placement='right' title='原始值：4.47293'>4.47</span>", "<span data-toggle='tooltip' data-placement='right' title='原始值：578.8168'>578.8</span>", "<span data-toggle='tooltip' data-placement='right' title='原始值：28.08927'>28.1</span>", "<span data-toggle='tooltip' data-placement='right' title='原始值：6.64001'>6.64</span>", "<span data-toggle='tooltip' data-placement='right' title='原始值：1.49'>1.490</span>", "<span data-toggle='tooltip' data-placement='right' title='原始值：1.00564'>1.006</span>", "<span data-toggle='tooltip' data-placement='right' title='原始值：1.5643'>1.56</span>", "<span data-toggle='tooltip' data-placement='right' title='原始值：0.09253'>0.093</span>", "<span data-toggle='tooltip' data-placement='right' title='原始值：9775000'>9775000</span>", "正常"], ["云南省", "滇池流域", "<span data-toggle='tooltip' data-placement='right' title='所在地市:昆明市&#10;所属河流:滇池'>观音山</span>", "07-20 08:00", "Ⅴ", "<span data-toggle='tooltip' data-placement='right' title='原始值：21.68824'>21.7</span>", "<span data-toggle='tooltip' data-placement='right' title='原始值：7.1988'>7.20</span>", "<span data-toggle='tooltip' data-placement='right' title='原始值：6.03027'>6.03</span>", "<span data-toggle='tooltip' data-placement='right' title='原始值：446.4303'>446.4</span>", "<span data-toggle='tooltip' data-placement='right' title='原始值：20.46762'>20.5</span>", "<span data-toggle='tooltip' data-placement='right' title='原始值：8.18168'>8.18</span>", "<span data-toggle='tooltip' data-placement='right' title='原始值：0.24'>0.240</span>", "<span data-toggle='tooltip' data-placement='right' title='原始值：0.1066'>0.107</span>", "<span data-toggle='tooltip' data-placement='right' title='原始值：1.79'>1.79</span>", "<span data-toggle='tooltip' data-placement='right' title='原始值：0.05389'>0.054</span>", "<span data-toggle='tooltip' data-placement='right' title='原始值：7699862'>7699862</span>", "正常"], ["云南省", "西南诸河", "<span data-toggle='tooltip' data-placement='right' title='所在地市:红河哈尼族彝族自治州&#10;所属河流:红河'>河口县医院(河口)</span>", "07-20 08:00", "Ⅳ", "<span data-toggle='tooltip' data-placement='right' title='原始值：26.49349'>26.5</span>", "<span data-toggle='tooltip' data-placement='right' title='原始值：7.60097'>7.60</span>", "<span data-toggle='tooltip' data-placement='right' title='原始值：6.66997'>6.67</span>", "<span data-toggle='tooltip' data-placement='right' title='原始值：288.5315'>288.5</span>", "<span data-toggle='tooltip' data-placement='right' title='原始值：24.37541'>24.4</span>", "<span data-toggle='tooltip' data-placement='right' title='原始值：6.20702'>6.21</span>", "<span data-toggle='tooltip' data-placement='right' title='原始值：0.27075'>0.271</span>", "<span data-toggle='tooltip' data-placement='right' title='原始值：0.24957'>0.250</span>", "<span data-toggle='tooltip' data-placement='right' title='原始值：1.6944'>1.69</span>", "*", "*", "正常"], ["云南省", "西南诸河", "<span data-toggle='tooltip' data-placement='right' title='所在地市:西双版纳傣族自治州&#10;所属河流:澜沧江'>橄榄坝</span>", "07-20 08:00", "Ⅱ", "<span data-toggle='tooltip' data-placement='right' title='原始值：18.66385'>18.7</span>", "<span data-toggle='tooltip' data-placement='right' title='原始值：7.49684'>7.50</span>", "<span data-toggle='tooltip' data-placement='right' title='原始值：6.22469'>6.22</span>", "<span data-toggle='tooltip' data-placement='right' title='原始值：601.1017'>601.1</span>", "<span data-toggle='tooltip' data-placement='right' title='原始值：28.51981'>28.5</span>", "<span data-toggle='tooltip' data-placement='right' title='原始值：0.51'>0.51</span>", "<span data-toggle='tooltip' data-placement='right' title='原始值：0.10947'>0.109</span>", "*", "*", "*", "*", "正常"], ["陕西省", "黄河流域", "<span data-toggle='tooltip' data-placement='right' title='所在地市:渭南市&#10;所属河流:渭河'>潼关吊桥</span>", null, "", "--", "--", "--", "--", "--", "--", "--", "--", "--", "*", "*", "停站"], ["甘肃省", "黄河流域", "<span data-toggle='tooltip' data-placement='right' title='所在地市:兰州市&#10;所属河流:黄河'>新城桥</span>", "07-20 08:00", "Ⅱ", "<span data-toggle='tooltip' data-placement='right' title='原始值：15.67962'>15.7</span>", "<span data-toggle='tooltip' data-placement='right' title='原始值：7.57332'>7.57</span>", "<span data-toggle='tooltip' data-placement='right' title='原始值：8.34973'>8.35</span>", "<span data-toggle='tooltip' data-placement='right' title='原始值：454.93'>454.9</span>", "<span data-toggle='tooltip' data-placement='right' title='原始值：880.6115'>880.6</span>", "<span data-toggle='tooltip' data-placement='right' title='原始值：3.55'>3.55</span>", "<span data-toggle='tooltip' data-placement='right' title='原始值：0.28'>0.280</span>", "<span data-toggle='tooltip' data-placement='right' title='原始值：0.07713'>0.077</span>", "<span data-toggle='tooltip' data-placement='right' title='原始值：5.07488'>5.07</span>", "*", "*", "正常"], ["宁夏回族自治区", "黄河流域", "<span data-toggle='tooltip' data-placement='right' title='所在地市:中卫市&#10;所属河流:黄河'>中卫下河沿(新墩)</span>", "07-20 08:00", "Ⅲ", "<span data-toggle='tooltip' data-placement='right' title='原始值：20.87289'>20.9</span>", "<span data-toggle='tooltip' data-placement='right' title='原始值：7.34391'>7.34</span>", "<span data-toggle='tooltip' data-placement='right' title='原始值：7.80875'>7.81</span>", "<span data-toggle='tooltip' data-placement='right' title='原始值：517.9324'>517.9</span>", "<span data-toggle='tooltip' data-placement='right' title='原始值：542.9224'>542.9</span>", "<span data-toggle='tooltip' data-placement='right' title='原始值：4.22'>4.22</span>", "<span data-toggle='tooltip' data-placement='right' title='原始值：0.14'>0.140</span>", "<span data-toggle='tooltip' data-placement='right' title='原始值：0.1281'>0.128</span>", "<span data-toggle='tooltip' data-placement='right' title='原始值：1.936'>1.94</span>", "*", "*", "正常"]]}