{"result": 1, "total": 1, "records": 98, "thead": ["省份", "流域", "断面名称", "监测时间", "水质类别", "水温<br/><span class='unit'>(℃)</span>", "pH<br/><span class='unit'>(无量纲)</span>", "溶解氧<br/><span class='unit'>(mg/L)</span>", "电导率<br/><span class='unit'>(μS/cm)</span>", "浊度<br/><span class='unit'>(NTU)</span>", "高锰酸盐指数<br/><span class='unit'>(mg/L)</span>", "氨氮<br/><span class='unit'>(mg/L)</span>", "总磷<br/><span class='unit'>(mg/L)</span>", "总氮<br/><span class='unit'>(mg/L)</span>", "叶绿素α<br/><span class='unit'>(mg/L)</span>", "藻密度<br/><span class='unit'>(cells/L)</span>", "站点情况"], "tbody": [["北京市", "海河流域", "<span data-toggle='tooltip' data-placement='right' title='所在地市:门头沟区&#10;所属河流:永定河'>沿河城</span>", "07-31 08:00", "Ⅳ", "<span data-toggle='tooltip' data-placement='right' title='原始值：25.54856'>25.5</span>", "<span data-toggle='tooltip' data-placement='right' title='原始值：8.32282'>8.32</span>", "<span data-toggle='tooltip' data-placement='right' title='原始值：7.45288'>7.45</span>", "<span data-toggle='tooltip' data-placement='right' title='原始值：1423.457'>1423.5</span>", "<span data-toggle='tooltip' data-placement='right' title='原始值：11.62618'>11.6</span>", "<span data-toggle='tooltip' data-placement='right' title='原始值：6.25'>6.25</span>", "<span data-toggle='tooltip' data-placement='right' title='原始值：0.1'>0.100</span>", "<span data-toggle='tooltip' data-placement='right' title='原始值：0.03316'>0.033</span>", "<span data-toggle='tooltip' data-placement='right' title='原始值：0.64434'>0.64</span>", "*", "*", "正常"], ["北京市", "海河流域", "<span data-toggle='tooltip' data-placement='right' title='所在地市:密云区&#10;所属河流:潮河'>古北口</span>", "07-31 08:00", "", "<span data-toggle='tooltip' data-placement='right' title='原始值：25.72993'>25.7</span>", "<span data-toggle='tooltip' data-placement='right' title='原始值：7.18843'>7.19</span>", "<span data-toggle='tooltip' data-placement='right' title='原始值：7.29025'>7.29</span>", "<span data-toggle='tooltip' data-placement='right' title='原始值：622.6013'>622.6</span>", "<span data-toggle='tooltip' data-placement='right' title='原始值：3.65992'>3.7</span>", "<span data-toggle='tooltip' data-placement='right' title='原始值：0.9475'>0.95</span>", "<span data-toggle='tooltip' data-placement='right' title='原始值：0.3'>0.300</span>", "<span data-toggle='tooltip' data-placement='right' title='极值过滤'>--</span>", "<span data-toggle='tooltip' data-placement='right' title='原始值：3.9549'>3.95</span>", "*", "*", "维护"], ["天津市", "海河流域", "<span data-toggle='tooltip' data-placement='right' title='所在地市:河北区&#10;所属河流:海河'>三岔口</span>", "07-31 08:00", "Ⅱ", "<span data-toggle='tooltip' data-placement='right' title='原始值：28.7456'>28.7</span>", "<span data-toggle='tooltip' data-placement='right' title='原始值：7.7682'>7.77</span>", "<span data-toggle='tooltip' data-placement='right' title='原始值：7.124'>7.12</span>", "<span data-toggle='tooltip' data-placement='right' title='原始值：308.2464'>308.2</span>", "<span data-toggle='tooltip' data-placement='right' title='原始值：7.221'>7.2</span>", "<span data-toggle='tooltip' data-placement='right' title='原始值：3.55'>3.55</span>", "<span data-toggle='tooltip' data-placement='right' title='原始值：0.11'>0.110</span>", "<span data-toggle='tooltip' data-placement='right' title='原始值：0.0078'>0.008</span>", "<span data-toggle='tooltip' data-placement='right' title='原始值：0.7535'>0.75</span>", "*", "*", "正常"], ["天津市", "海河流域", "<span data-toggle='tooltip' data-placement='right' title='所在地市:蓟州区&#10;所属河流:果河'>果河桥</span>", "07-31 08:00", "Ⅲ", "<span data-toggle='tooltip' data-placement='right' title='原始值：28.5'>28.5</span>", "<span data-toggle='tooltip' data-placement='right' title='原始值：8.045'>8.04</span>", "<span data-toggle='tooltip' data-placement='right' title='原始值：6.559'>6.56</span>", "<span data-toggle='tooltip' data-placement='right' title='原始值：576.215'>576.2</span>", "<span data-toggle='tooltip' data-placement='right' title='原始值：2.797'>2.8</span>", "<span data-toggle='tooltip' data-placement='right' title='原始值：3.0109'>3.01</span>", "<span data-toggle='tooltip' data-placement='right' title='原始值：0.31'>0.310</span>", "<span data-toggle='tooltip' data-placement='right' title='原始值：0.1028'>0.103</span>", "<span data-toggle='tooltip' data-placement='right' title='原始值：2.7076'>2.71</span>", "*", "*", "正常"], ["河北省", "海河流域", "<span data-toggle='tooltip' data-placement='right' title='所在地市:石家庄市&#10;所属河流:滹沱河'>岗南水库</span>", "07-31 08:00", "Ⅱ", "<span data-toggle='tooltip' data-placement='right' title='原始值：27.67503'>27.7</span>", "<span data-toggle='tooltip' data-placement='right' title='原始值：8.33762'>8.34</span>", "<span data-toggle='tooltip' data-placement='right' title='原始值：7.91661'>7.92</span>", "<span data-toggle='tooltip' data-placement='right' title='原始值：557.7157'>557.7</span>", "<span data-toggle='tooltip' data-placement='right' title='原始值：2.30275'>2.3</span>", "<span data-toggle='tooltip' data-placement='right' title='原始值：2.14145'>2.14</span>", "<span data-toggle='tooltip' data-placement='right' title='原始值：0.04'>0.040</span>", "<span data-toggle='tooltip' data-placement='right' title='原始值：0.00356'>0.004</span>", "<span data-toggle='tooltip' data-placement='right' title='原始值：2.19403'>2.19</span>", "*", "*", "正常"], ["河北省", "海河流域", "<span data-toggle='tooltip' data-placement='right' title='所在地市:张家口市&#10;所属河流:永定河'>八号桥</span>", "07-31 08:00", "Ⅱ", "<span data-toggle='tooltip' data-placement='right' title='原始值：26.58371'>26.6</span>", "<span data-toggle='tooltip' data-placement='right' title='原始值：7.67654'>7.68</span>", "<span data-toggle='tooltip' data-placement='right' title='原始值：6.42825'>6.43</span>", "<span data-toggle='tooltip' data-placement='right' title='原始值：1129.711'>1129.7</span>", "<span data-toggle='tooltip' data-placement='right' title='原始值：65.90205'>65.9</span>", "<span data-toggle='tooltip' data-placement='right' title='原始值：3.63'>3.63</span>", "<span data-toggle='tooltip' data-placement='right' title='原始值：0.21'>0.210</span>", "<span data-toggle='tooltip' data-placement='right' title='原始值：0.0955'>0.096</span>", "<span data-toggle='tooltip' data-placement='right' title='原始值：3.01'>3.01</span>", "*", "*", "正常"], ["山西省", "黄河流域", "<span data-toggle='tooltip' data-placement='right' title='所在地市:运城市&#10;所属河流:汾河'>河津大桥</span>", "07-31 08:00", "Ⅳ", "<span data-toggle='tooltip' data-placement='right' title='原始值：29.91012'>29.9</span>", "<span data-toggle='tooltip' data-placement='right' title='原始值：7.43191'>7.43</span>", "<span data-toggle='tooltip' data-placement='right' title='原始值：3.72518'>3.73</span>", "<span data-toggle='tooltip' data-placement='right' title='原始值：1378.725'>1378.7</span>", "<span data-toggle='tooltip' data-placement='right' title='原始值：498.2345'>498.2</span>", "<span data-toggle='tooltip' data-placement='right' title='原始值：6.7'>6.70</span>", "<span data-toggle='tooltip' data-placement='right' title='原始值：0.07'>0.070</span>", "*", "*", "*", "*", "正常"], ["山西省", "黄河流域", "<span data-toggle='tooltip' data-placement='right' title='所在地市:忻州市&#10;所属河流:黄河'>万家寨水库</span>", "07-31 08:00", "劣Ⅴ", "<span data-toggle='tooltip' data-placement='right' title='原始值：25.23568'>25.2</span>", "<span data-toggle='tooltip' data-placement='right' title='原始值：7.91719'>7.92</span>", "<span data-toggle='tooltip' data-placement='right' title='原始值：7.17668'>7.18</span>", "<span data-toggle='tooltip' data-placement='right' title='原始值：736.8152'>736.8</span>", "<span data-toggle='tooltip' data-placement='right' title='原始值：343.5825'>343.6</span>", "<span data-toggle='tooltip' data-placement='right' title='原始值：4.15'>4.15</span>", "<span data-toggle='tooltip' data-placement='right' title='原始值：0.34'>0.340</span>", "<span data-toggle='tooltip' data-placement='right' title='原始值：0.7225'>0.722</span>", "<span data-toggle='tooltip' data-placement='right' title='原始值：0.425'>0.42</span>", "*", "*", "正常"], ["内蒙古自治区", "黄河流域", "<span data-toggle='tooltip' data-placement='right' title='所在地市:包头市&#10;所属河流:黄河'>画匠营子</span>", "07-31 08:00", "Ⅱ", "<span data-toggle='tooltip' data-placement='right' title='原始值：23.8874'>23.9</span>", "<span data-toggle='tooltip' data-placement='right' title='原始值：7.64015'>7.64</span>", "<span data-toggle='tooltip' data-placement='right' title='原始值：7.03081'>7.03</span>", "<span data-toggle='tooltip' data-placement='right' title='原始值：674.6725'>674.7</span>", "<span data-toggle='tooltip' data-placement='right' title='原始值：1976.815'>1976.8</span>", "<span data-toggle='tooltip' data-placement='right' title='原始值：3.26085'>3.26</span>", "<span data-toggle='tooltip' data-placement='right' title='原始值：0.05922'>0.059</span>", "*", "*", "*", "*", "正常"], ["内蒙古自治区", "黄河流域", "<span data-toggle='tooltip' data-placement='right' title='所在地市:乌海市&#10;所属河流:黄河'>海勃湾</span>", "07-31 08:00", "", "<span data-toggle='tooltip' data-placement='right' title='原始值：22.55041'>22.6</span>", "<span data-toggle='tooltip' data-placement='right' title='原始值：7.66477'>7.66</span>", "<span data-toggle='tooltip' data-placement='right' title='原始值：5.62196'>5.62</span>", "<span data-toggle='tooltip' data-placement='right' title='原始值：501.6215'>501.6</span>", "<span data-toggle='tooltip' data-placement='right' title='原始值：466.2946'>466.3</span>", "<span data-toggle='tooltip' data-placement='right' title='原始值：3.74'>3.74</span>", "<span data-toggle='tooltip' data-placement='right' title='极值过滤'>--</span>", "*", "*", "*", "*", "维护"], ["内蒙古自治区", "松花江流域", "<span data-toggle='tooltip' data-placement='right' title='所在地市:呼伦贝尔市&#10;所属河流:额尔古纳河'>黑山头</span>", null, "", "--", "--", "--", "--", "--", "--", "--", "--", "--", "*", "*", "停站"], ["辽宁省", "辽河流域", "<span data-toggle='tooltip' data-placement='right' title='所在地市:抚顺市&#10;所属河流:浑河'>大伙房水库</span>", "07-31 08:00", "", "<span data-toggle='tooltip' data-placement='right' title='原始值：26.60638'>26.6</span>", "<span data-toggle='tooltip' data-placement='right' title='原始值：7.10993'>7.11</span>", "<span data-toggle='tooltip' data-placement='right' title='原始值：6.73707'>6.74</span>", "<span data-toggle='tooltip' data-placement='right' title='原始值：314.1453'>314.1</span>", "<span data-toggle='tooltip' data-placement='right' title='原始值：10.11108'>10.1</span>", "<span data-toggle='tooltip' data-placement='right' title='原始值：2.31404'>2.31</span>", "<span data-toggle='tooltip' data-placement='right' title='原始值：0.07'>0.070</span>", "<span data-toggle='tooltip' data-placement='right' title='极值过滤'>--</span>", "<span data-toggle='tooltip' data-placement='right' title='原始值：1.47141'>1.47</span>", "<span data-toggle='tooltip' data-placement='right' title='极值过滤'>--</span>", "*", "维护"], ["辽宁省", "辽河流域", "<span data-toggle='tooltip' data-placement='right' title='所在地市:丹东市&#10;所属河流:鸭绿江'>江桥</span>", null, "", "--", "--", "--", "--", "--", "--", "--", "--", "--", "*", "*", "维护"], ["辽宁省", "辽河流域", "<span data-toggle='tooltip' data-placement='right' title='所在地市:营口市&#10;所属河流:大辽河'>辽河公园</span>", "07-31 08:00", "Ⅳ", "<span data-toggle='tooltip' data-placement='right' title='原始值：25.85419'>25.9</span>", "<span data-toggle='tooltip' data-placement='right' title='原始值：6.65078'>6.65</span>", "<span data-toggle='tooltip' data-placement='right' title='原始值：7.90763'>7.91</span>", "<span data-toggle='tooltip' data-placement='right' title='原始值：34531.19'>34531.2</span>", "<span data-toggle='tooltip' data-placement='right' title='原始值：149.3506'>149.4</span>", "<span data-toggle='tooltip' data-placement='right' title='原始值：9.19127'>9.19</span>", "<span data-toggle='tooltip' data-placement='right' title='原始值：0.0703'>0.070</span>", "<span data-toggle='tooltip' data-placement='right' title='原始值：0.25984'>0.260</span>", "<span data-toggle='tooltip' data-placement='right' title='原始值：3.61473'>3.61</span>", "*", "*", "正常"], ["辽宁省", "辽河流域", "<span data-toggle='tooltip' data-placement='right' title='所在地市:辽阳市&#10;所属河流:太子河'>汤河水库</span>", "07-31 04:00", "", "<span data-toggle='tooltip' data-placement='right' title='原始值：17.40001'>17.4</span>", "<span data-toggle='tooltip' data-placement='right' title='原始值：7.49'>7.49</span>", "<span data-toggle='tooltip' data-placement='right' title='极值过滤'>--</span>", "<span data-toggle='tooltip' data-placement='right' title='原始值：499.3672'>499.4</span>", "<span data-toggle='tooltip' data-placement='right' title='原始值：1.72617'>1.7</span>", "<span data-toggle='tooltip' data-placement='right' title='原始值：1.61'>1.61</span>", "<span data-toggle='tooltip' data-placement='right' title='原始值：0.0049'>0.005</span>", "<span data-toggle='tooltip' data-placement='right' title='极值过滤'>--</span>", "<span data-toggle='tooltip' data-placement='right' title='极值过滤'>--</span>", "*", "*", "维护"], ["辽宁省", "辽河流域", "<span data-toggle='tooltip' data-placement='right' title='所在地市:盘锦市&#10;所属河流:辽河'>盘锦兴安(兴安)</span>", "07-31 08:00", "Ⅲ", "<span data-toggle='tooltip' data-placement='right' title='原始值：25.46659'>25.5</span>", "<span data-toggle='tooltip' data-placement='right' title='原始值：6.10086'>6.10</span>", "<span data-toggle='tooltip' data-placement='right' title='原始值：6.04042'>6.04</span>", "<span data-toggle='tooltip' data-placement='right' title='极值过滤'>--</span>", "<span data-toggle='tooltip' data-placement='right' title='原始值：77.14314'>77.1</span>", "<span data-toggle='tooltip' data-placement='right' title='原始值：2.74713'>2.75</span>", "<span data-toggle='tooltip' data-placement='right' title='原始值：0.24'>0.240</span>", "<span data-toggle='tooltip' data-placement='right' title='原始值：0.13521'>0.135</span>", "<span data-toggle='tooltip' data-placement='right' title='原始值：0.74382'>0.74</span>", "*", "*", "维护"], ["辽宁省", "辽河流域", "<span data-toggle='tooltip' data-placement='right' title='所在地市:铁岭市&#10;所属河流:辽河'>珠尔山</span>", "07-31 08:00", "Ⅳ", "<span data-toggle='tooltip' data-placement='right' title='原始值：26.4237'>26.4</span>", "<span data-toggle='tooltip' data-placement='right' title='原始值：7.12711'>7.13</span>", "<span data-toggle='tooltip' data-placement='right' title='原始值：8.98971'>8.99</span>", "<span data-toggle='tooltip' data-placement='right' title='原始值：436.6291'>436.6</span>", "<span data-toggle='tooltip' data-placement='right' title='原始值：34.15861'>34.2</span>", "<span data-toggle='tooltip' data-placement='right' title='原始值：6.26767'>6.27</span>", "<span data-toggle='tooltip' data-placement='right' title='原始值：0.11'>0.110</span>", "<span data-toggle='tooltip' data-placement='right' title='原始值：0.08976'>0.090</span>", "<span data-toggle='tooltip' data-placement='right' title='原始值：2.40604'>2.41</span>", "*", "*", "正常"], ["吉林省", "松花江流域", "<span data-toggle='tooltip' data-placement='right' title='所在地市:长春市&#10;所属河流:松花江'>松花江村</span>", null, "", "--", "--", "--", "--", "--", "--", "--", "--", "--", "*", "*", "停站"], ["吉林省", "松花江流域", "<span data-toggle='tooltip' data-placement='right' title='所在地市:白城市&#10;所属河流:嫩江'>白沙滩</span>", null, "", "--", "--", "--", "--", "--", "--", "--", "--", "--", "*", "*", "停站"], ["吉林省", "松花江流域", "<span data-toggle='tooltip' data-placement='right' title='所在地市:延边朝鲜族自治州&#10;所属河流:图们江'>圈河</span>", null, "", "--", "--", "--", "--", "--", "--", "--", "--", "--", "*", "*", "停站"], ["黑龙江省", "松花江流域", "<span data-toggle='tooltip' data-placement='right' title='所在地市:大庆市&#10;所属河流:松花江'>肇源</span>", null, "", "--", "--", "--", "--", "--", "--", "--", "--", "--", "*", "*", "停站"], ["黑龙江省", "松花江流域", "<span data-toggle='tooltip' data-placement='right' title='所在地市:佳木斯市&#10;所属河流:乌苏里江'>乌苏镇</span>", null, "", "--", "--", "--", "--", "--", "--", "--", "--", "--", "*", "*", "停站"], ["黑龙江省", "松花江流域", "<span data-toggle='tooltip' data-placement='right' title='所在地市:佳木斯市&#10;所属河流:松花江'>同江</span>", null, "", "--", "--", "--", "--", "--", "--", "--", "--", "--", "*", "*", "停站"], ["黑龙江省", "松花江流域", "<span data-toggle='tooltip' data-placement='right' title='所在地市:黑河市&#10;所属河流:黑龙江'>黑河下(黑河)</span>", null, "", "--", "--", "--", "--", "--", "--", "--", "--", "--", "*", "*", "停站"], ["上海市", "长江流域", "<span data-toggle='tooltip' data-placement='right' title='所在地市:青浦区&#10;所属河流:淀山湖'>急水港桥</span>", "07-31 08:00", "Ⅳ", "<span data-toggle='tooltip' data-placement='right' title='原始值：30'>30.0</span>", "<span data-toggle='tooltip' data-placement='right' title='原始值：7.21'>7.21</span>", "<span data-toggle='tooltip' data-placement='right' title='原始值：4.33'>4.33</span>", "<span data-toggle='tooltip' data-placement='right' title='原始值：383'>383.0</span>", "<span data-toggle='tooltip' data-placement='right' title='原始值：106.2'>106.2</span>", "<span data-toggle='tooltip' data-placement='right' title='原始值：2.84375'>2.84</span>", "<span data-toggle='tooltip' data-placement='right' title='原始值：0.16458'>0.165</span>", "<span data-toggle='tooltip' data-placement='right' title='原始值：0.08252'>0.083</span>", "<span data-toggle='tooltip' data-placement='right' title='原始值：2.14064'>2.14</span>", "<span data-toggle='tooltip' data-placement='right' title='原始值：0.00732'>0.007</span>", "<span data-toggle='tooltip' data-placement='right' title='原始值：6479912'>6479912</span>", "正常"], ["江苏省", "长江流域", "<span data-toggle='tooltip' data-placement='right' title='所在地市:南京市&#10;所属河流:长江'>林山</span>", null, "", "--", "--", "--", "--", "--", "--", "--", "--", "--", "*", "*", "停站"], ["江苏省", "太湖流域", "<span data-toggle='tooltip' data-placement='right' title='所在地市:无锡市&#10;所属河流:太湖'>沙渚</span>", "07-31 08:00", "Ⅲ", "<span data-toggle='tooltip' data-placement='right' title='原始值：28.09982'>28.1</span>", "<span data-toggle='tooltip' data-placement='right' title='原始值：8.069156'>8.07</span>", "<span data-toggle='tooltip' data-placement='right' title='原始值：5.559558'>5.56</span>", "<span data-toggle='tooltip' data-placement='right' title='原始值：319.2713'>319.3</span>", "<span data-toggle='tooltip' data-placement='right' title='原始值：52.71902'>52.7</span>", "<span data-toggle='tooltip' data-placement='right' title='原始值：4.59'>4.59</span>", "<span data-toggle='tooltip' data-placement='right' title='原始值：0.2'>0.200</span>", "<span data-toggle='tooltip' data-placement='right' title='原始值：0.0672'>0.067</span>", "<span data-toggle='tooltip' data-placement='right' title='原始值：1.337'>1.34</span>", "*", "*", "正常"], ["江苏省", "淮河流域", "<span data-toggle='tooltip' data-placement='right' title='所在地市:徐州市&#10;所属河流:武河'>小红圈</span>", "07-31 08:00", "Ⅳ", "<span data-toggle='tooltip' data-placement='right' title='原始值：26.1'>26.1</span>", "<span data-toggle='tooltip' data-placement='right' title='原始值：7.12'>7.12</span>", "<span data-toggle='tooltip' data-placement='right' title='原始值：6.58'>6.58</span>", "<span data-toggle='tooltip' data-placement='right' title='原始值：979.2'>979.2</span>", "<span data-toggle='tooltip' data-placement='right' title='原始值：31.3'>31.3</span>", "<span data-toggle='tooltip' data-placement='right' title='原始值：6.9'>6.90</span>", "<span data-toggle='tooltip' data-placement='right' title='原始值：0.49'>0.490</span>", "*", "*", "*", "*", "正常"], ["江苏省", "淮河流域", "<span data-toggle='tooltip' data-placement='right' title='所在地市:徐州市&#10;所属河流:沿河'>李集桥</span>", "07-31 08:00", "Ⅳ", "<span data-toggle='tooltip' data-placement='right' title='原始值：27.1'>27.1</span>", "<span data-toggle='tooltip' data-placement='right' title='原始值：7.45'>7.45</span>", "<span data-toggle='tooltip' data-placement='right' title='原始值：4.38'>4.38</span>", "<span data-toggle='tooltip' data-placement='right' title='原始值：698.6'>698.6</span>", "<span data-toggle='tooltip' data-placement='right' title='原始值：88.84'>88.8</span>", "<span data-toggle='tooltip' data-placement='right' title='原始值：6.4'>6.40</span>", "<span data-toggle='tooltip' data-placement='right' title='原始值：1.23'>1.230</span>", "<span data-toggle='tooltip' data-placement='right' title='原始值：0.292'>0.292</span>", "<span data-toggle='tooltip' data-placement='right' title='原始值：4.056'>4.06</span>", "*", "*", "正常"], ["江苏省", "淮河流域", "<span data-toggle='tooltip' data-placement='right' title='所在地市:徐州市&#10;所属河流:邳苍分洪道'>艾山西大桥</span>", "07-31 08:00", "Ⅳ", "<span data-toggle='tooltip' data-placement='right' title='原始值：26.0605'>26.1</span>", "<span data-toggle='tooltip' data-placement='right' title='原始值：7.89102'>7.89</span>", "<span data-toggle='tooltip' data-placement='right' title='原始值：8.67979'>8.68</span>", "<span data-toggle='tooltip' data-placement='right' title='原始值：903.38'>903.4</span>", "<span data-toggle='tooltip' data-placement='right' title='原始值：24.1231'>24.1</span>", "<span data-toggle='tooltip' data-placement='right' title='原始值：3.26'>3.26</span>", "<span data-toggle='tooltip' data-placement='right' title='原始值：0.12'>0.120</span>", "<span data-toggle='tooltip' data-placement='right' title='原始值：0.29174'>0.292</span>", "<span data-toggle='tooltip' data-placement='right' title='原始值：11.25406'>11.25</span>", "*", "*", "正常"], ["江苏省", "太湖流域", "<span data-toggle='tooltip' data-placement='right' title='所在地市:苏州市&#10;所属河流:太湖'>兰山嘴(老)</span>", "07-31 08:00", "劣Ⅴ", "<span data-toggle='tooltip' data-placement='right' title='原始值：29.82526'>29.8</span>", "<span data-toggle='tooltip' data-placement='right' title='原始值：6.97779'>6.98</span>", "<span data-toggle='tooltip' data-placement='right' title='原始值：2.91012'>2.91</span>", "<span data-toggle='tooltip' data-placement='right' title='原始值：225.7717'>225.8</span>", "<span data-toggle='tooltip' data-placement='right' title='原始值：375.3935'>375.4</span>", "<span data-toggle='tooltip' data-placement='right' title='原始值：16.83'>16.83</span>", "<span data-toggle='tooltip' data-placement='right' title='原始值：0.2'>0.200</span>", "<span data-toggle='tooltip' data-placement='right' title='原始值：0.42864'>0.429</span>", "<span data-toggle='tooltip' data-placement='right' title='原始值：4.98141'>4.98</span>", "*", "*", "正常"], ["江苏省", "太湖流域", "<span data-toggle='tooltip' data-placement='right' title='所在地市:苏州市&#10;所属河流:太湖'>西山</span>", "07-31 08:00", "Ⅲ", "<span data-toggle='tooltip' data-placement='right' title='原始值：29.88133'>29.9</span>", "<span data-toggle='tooltip' data-placement='right' title='原始值：7.85599'>7.86</span>", "<span data-toggle='tooltip' data-placement='right' title='原始值：6.24625'>6.25</span>", "<span data-toggle='tooltip' data-placement='right' title='原始值：381.1155'>381.1</span>", "<span data-toggle='tooltip' data-placement='right' title='原始值：30.97762'>31.0</span>", "<span data-toggle='tooltip' data-placement='right' title='原始值：2.26'>2.26</span>", "<span data-toggle='tooltip' data-placement='right' title='原始值：0.11'>0.110</span>", "<span data-toggle='tooltip' data-placement='right' title='原始值：0.0484'>0.048</span>", "<span data-toggle='tooltip' data-placement='right' title='原始值：0.7956'>0.80</span>", "*", "*", "正常"], ["江苏省", "淮河流域", "<span data-toggle='tooltip' data-placement='right' title='所在地市:连云港市&#10;所属河流:新沭河'>大兴桥</span>", null, "", "--", "--", "--", "--", "--", "--", "--", "--", "--", "*", "*", "停站"], ["江苏省", "淮河流域", "<span data-toggle='tooltip' data-placement='right' title='所在地市:淮安市&#10;所属河流:淮河'>淮河大桥</span>", null, "", "--", "--", "--", "--", "--", "--", "--", "--", "--", "*", "*", "停站"], ["江苏省", "长江流域", "<span data-toggle='tooltip' data-placement='right' title='所在地市:扬州市&#10;所属河流:夹江'>三江营</span>", null, "", "--", "--", "--", "--", "--", "--", "--", "--", "--", "*", "*", "停站"], ["江苏省", "淮河流域", "<span data-toggle='tooltip' data-placement='right' title='所在地市:宿迁市&#10;所属河流:新濉河'>大屈</span>", "07-31 08:00", "Ⅳ", "<span data-toggle='tooltip' data-placement='right' title='原始值：27.7'>27.7</span>", "<span data-toggle='tooltip' data-placement='right' title='原始值：6.52'>6.52</span>", "<span data-toggle='tooltip' data-placement='right' title='原始值：7.09'>7.09</span>", "<span data-toggle='tooltip' data-placement='right' title='原始值：618.3'>618.3</span>", "<span data-toggle='tooltip' data-placement='right' title='原始值：50.7'>50.7</span>", "<span data-toggle='tooltip' data-placement='right' title='原始值：7.56'>7.56</span>", "<span data-toggle='tooltip' data-placement='right' title='原始值：0.13'>0.130</span>", "<span data-toggle='tooltip' data-placement='right' title='原始值：0.168'>0.168</span>", "<span data-toggle='tooltip' data-placement='right' title='原始值：2.732'>2.73</span>", "*", "*", "正常"], ["浙江省", "浙闽片河流", "<span data-toggle='tooltip' data-placement='right' title='所在地市:杭州市&#10;所属河流:新安江'>街口(鸠坑口)</span>", null, "", "--", "--", "--", "--", "--", "--", "--", "--", "--", "*", "*", "停站"], ["浙江省", "太湖流域", "<span data-toggle='tooltip' data-placement='right' title='所在地市:嘉兴市&#10;所属河流:斜路港河'>斜路港</span>", "07-31 04:00", "Ⅳ", "<span data-toggle='tooltip' data-placement='right' title='原始值：26.9'>26.9</span>", "<span data-toggle='tooltip' data-placement='right' title='原始值：7.62'>7.62</span>", "<span data-toggle='tooltip' data-placement='right' title='原始值：5.61'>5.61</span>", "<span data-toggle='tooltip' data-placement='right' title='原始值：268'>268.0</span>", "<span data-toggle='tooltip' data-placement='right' title='原始值：45.9'>45.9</span>", "<span data-toggle='tooltip' data-placement='right' title='原始值：6.58'>6.58</span>", "<span data-toggle='tooltip' data-placement='right' title='原始值：0.03363'>0.034</span>", "<span data-toggle='tooltip' data-placement='right' title='原始值：0.11612'>0.116</span>", "<span data-toggle='tooltip' data-placement='right' title='原始值：1.53048'>1.53</span>", "*", "*", "正常"], ["浙江省", "太湖流域", "<span data-toggle='tooltip' data-placement='right' title='所在地市:嘉兴市&#10;所属河流:京杭运河'>王江泾</span>", null, "", "--", "--", "--", "--", "--", "--", "--", "--", "--", "*", "*", "停站"], ["浙江省", "太湖流域", "<span data-toggle='tooltip' data-placement='right' title='所在地市:湖州市&#10;所属河流:西苕溪'>新港口(新塘港)</span>", "07-31 08:00", "Ⅱ", "<span data-toggle='tooltip' data-placement='right' title='原始值：27.1298'>27.1</span>", "<span data-toggle='tooltip' data-placement='right' title='原始值：7.00203'>7.00</span>", "<span data-toggle='tooltip' data-placement='right' title='原始值：6.5377'>6.54</span>", "<span data-toggle='tooltip' data-placement='right' title='原始值：160.737'>160.7</span>", "<span data-toggle='tooltip' data-placement='right' title='原始值：60.3489'>60.3</span>", "<span data-toggle='tooltip' data-placement='right' title='原始值：1.73769'>1.74</span>", "<span data-toggle='tooltip' data-placement='right' title='原始值：0.06317'>0.063</span>", "<span data-toggle='tooltip' data-placement='right' title='原始值：0.04305'>0.043</span>", "<span data-toggle='tooltip' data-placement='right' title='原始值：5.00343'>5.00</span>", "*", "*", "正常"], ["安徽省", "巢湖流域", "<span data-toggle='tooltip' data-placement='right' title='所在地市:合肥市&#10;所属河流:巢湖'>湖滨(老)</span>", "07-31 08:00", "Ⅴ", "<span data-toggle='tooltip' data-placement='right' title='原始值：26.34204'>26.3</span>", "<span data-toggle='tooltip' data-placement='right' title='原始值：6.12163'>6.12</span>", "<span data-toggle='tooltip' data-placement='right' title='原始值：2.46284'>2.46</span>", "<span data-toggle='tooltip' data-placement='right' title='原始值：309.6772'>309.7</span>", "<span data-toggle='tooltip' data-placement='right' title='原始值：78.41135'>78.4</span>", "<span data-toggle='tooltip' data-placement='right' title='原始值：5.09'>5.09</span>", "<span data-toggle='tooltip' data-placement='right' title='原始值：0.27'>0.270</span>", "<span data-toggle='tooltip' data-placement='right' title='原始值：0.0751'>0.075</span>", "<span data-toggle='tooltip' data-placement='right' title='原始值：2.204'>2.20</span>", "<span data-toggle='tooltip' data-placement='right' title='原始值：0.01494'>0.015</span>", "*", "正常"], ["安徽省", "巢湖流域", "<span data-toggle='tooltip' data-placement='right' title='所在地市:芜湖市&#10;所属河流:巢湖'>裕溪口(老)</span>", null, "", "--", "--", "--", "--", "--", "--", "--", "--", "--", "*", "*", "停站"], ["安徽省", "淮河流域", "<span data-toggle='tooltip' data-placement='right' title='所在地市:蚌埠市&#10;所属河流:淮河'>蚌埠闸上(蚌埠闸)</span>", null, "", "--", "--", "--", "--", "--", "--", "--", "--", "--", "*", "*", "停站"], ["安徽省", "淮河流域", "<span data-toggle='tooltip' data-placement='right' title='所在地市:淮南市&#10;所属河流:淮河'>石头埠(老)</span>", "07-31 08:00", "劣Ⅴ", "<span data-toggle='tooltip' data-placement='right' title='原始值：25.72194'>25.7</span>", "<span data-toggle='tooltip' data-placement='right' title='原始值：5.91461'>5.91</span>", "<span data-toggle='tooltip' data-placement='right' title='原始值：4.33272'>4.33</span>", "<span data-toggle='tooltip' data-placement='right' title='原始值：299.349'>299.3</span>", "<span data-toggle='tooltip' data-placement='right' title='原始值：85.26093'>85.3</span>", "<span data-toggle='tooltip' data-placement='right' title='原始值：6.81'>6.81</span>", "<span data-toggle='tooltip' data-placement='right' title='原始值：0.14'>0.140</span>", "*", "*", "*", "*", "正常"], ["安徽省", "淮河流域", "<span data-toggle='tooltip' data-placement='right' title='所在地市:淮北市&#10;所属河流:沱河'>小王桥</span>", null, "", "--", "--", "--", "--", "--", "--", "--", "--", "--", "*", "*", "停站"], ["安徽省", "长江流域", "<span data-toggle='tooltip' data-placement='right' title='所在地市:安庆市&#10;所属河流:长江'>皖河口</span>", null, "", "--", "--", "--", "--", "--", "--", "--", "--", "--", "*", "*", "停站"], ["安徽省", "淮河流域", "<span data-toggle='tooltip' data-placement='right' title='所在地市:滁州市&#10;所属河流:淮河'>小柳巷</span>", null, "", "--", "--", "--", "--", "--", "--", "--", "--", "--", "*", "*", "停站"], ["安徽省", "淮河流域", "<span data-toggle='tooltip' data-placement='right' title='所在地市:阜阳市&#10;所属河流:黑茨河'>张大桥</span>", null, "", "--", "--", "--", "--", "--", "--", "--", "--", "--", "*", "*", "停站"], ["安徽省", "淮河流域", "<span data-toggle='tooltip' data-placement='right' title='所在地市:阜阳市&#10;所属河流:淮河'>王家坝</span>", null, "", "--", "--", "--", "--", "--", "--", "--", "--", "--", "*", "*", "停站"], ["安徽省", "淮河流域", "<span data-toggle='tooltip' data-placement='right' title='所在地市:阜阳市&#10;所属河流:颍河'>界首七渡口(七渡口)</span>", "07-31 08:00", "Ⅳ", "<span data-toggle='tooltip' data-placement='right' title='原始值：26.1664'>26.2</span>", "<span data-toggle='tooltip' data-placement='right' title='原始值：7.59134'>7.59</span>", "<span data-toggle='tooltip' data-placement='right' title='原始值：4.98526'>4.99</span>", "<span data-toggle='tooltip' data-placement='right' title='原始值：675.7179'>675.7</span>", "<span data-toggle='tooltip' data-placement='right' title='原始值：21.61807'>21.6</span>", "<span data-toggle='tooltip' data-placement='right' title='原始值：3.13'>3.13</span>", "<span data-toggle='tooltip' data-placement='right' title='原始值：0.09'>0.090</span>", "<span data-toggle='tooltip' data-placement='right' title='原始值：0.11643'>0.116</span>", "<span data-toggle='tooltip' data-placement='right' title='原始值：3.68235'>3.68</span>", "*", "*", "正常"], ["安徽省", "淮河流域", "<span data-toggle='tooltip' data-placement='right' title='所在地市:阜阳市&#10;所属河流:泉河'>许庄(徐庄)</span>", null, "", "--", "--", "--", "--", "--", "--", "--", "--", "--", "*", "*", "停站"], ["安徽省", "淮河流域", "<span data-toggle='tooltip' data-placement='right' title='所在地市:宿州市&#10;所属河流:奎河'>杨庄</span>", "07-31 08:00", "Ⅲ", "<span data-toggle='tooltip' data-placement='right' title='原始值：27.49'>27.5</span>", "<span data-toggle='tooltip' data-placement='right' title='原始值：7.68'>7.68</span>", "<span data-toggle='tooltip' data-placement='right' title='原始值：5.96'>5.96</span>", "<span data-toggle='tooltip' data-placement='right' title='原始值：634.8'>634.8</span>", "<span data-toggle='tooltip' data-placement='right' title='原始值：126.32'>126.3</span>", "<span data-toggle='tooltip' data-placement='right' title='原始值：4.17'>4.17</span>", "<span data-toggle='tooltip' data-placement='right' title='原始值：0.215'>0.215</span>", "*", "*", "*", "*", "正常"], ["安徽省", "淮河流域", "<span data-toggle='tooltip' data-placement='right' title='所在地市:宿州市&#10;所属河流:新汴河'>泗县公路桥</span>", "07-31 08:00", "Ⅳ", "<span data-toggle='tooltip' data-placement='right' title='原始值：27.8'>27.8</span>", "<span data-toggle='tooltip' data-placement='right' title='原始值：7.57'>7.57</span>", "<span data-toggle='tooltip' data-placement='right' title='原始值：7.87'>7.87</span>", "<span data-toggle='tooltip' data-placement='right' title='原始值：714.5'>714.5</span>", "<span data-toggle='tooltip' data-placement='right' title='原始值：74.88'>74.9</span>", "<span data-toggle='tooltip' data-placement='right' title='原始值：6.36'>6.36</span>", "<span data-toggle='tooltip' data-placement='right' title='原始值：0.23'>0.230</span>", "*", "*", "*", "*", "正常"], ["安徽省", "淮河流域", "<span data-toggle='tooltip' data-placement='right' title='所在地市:亳州市&#10;所属河流:包河'>颜集</span>", null, "", "--", "--", "--", "--", "--", "--", "--", "--", "--", "*", "*", "维护"], ["福建省", "浙闽片河流", "<span data-toggle='tooltip' data-placement='right' title='所在地市:福州市&#10;所属河流:闽江'>白岩潭</span>", "07-31 08:00", "Ⅱ", "<span data-toggle='tooltip' data-placement='right' title='原始值：29.52'>29.5</span>", "<span data-toggle='tooltip' data-placement='right' title='原始值：6.95'>6.95</span>", "<span data-toggle='tooltip' data-placement='right' title='原始值：6.05'>6.05</span>", "<span data-toggle='tooltip' data-placement='right' title='原始值：496.8'>496.8</span>", "<span data-toggle='tooltip' data-placement='right' title='原始值：94.15'>94.2</span>", "<span data-toggle='tooltip' data-placement='right' title='原始值：1.6'>1.60</span>", "<span data-toggle='tooltip' data-placement='right' title='原始值：0.08'>0.080</span>", "*", "*", "*", "*", "正常"], ["江西省", "长江流域", "<span data-toggle='tooltip' data-placement='right' title='所在地市:南昌市&#10;所属河流:赣江南支'>滁槎</span>", "07-31 08:00", "Ⅲ", "<span data-toggle='tooltip' data-placement='right' title='原始值：30.43181'>30.4</span>", "<span data-toggle='tooltip' data-placement='right' title='原始值：8.25661'>8.26</span>", "<span data-toggle='tooltip' data-placement='right' title='原始值：7.4503'>7.45</span>", "<span data-toggle='tooltip' data-placement='right' title='原始值：149.0277'>149.0</span>", "<span data-toggle='tooltip' data-placement='right' title='原始值：20.24591'>20.2</span>", "<span data-toggle='tooltip' data-placement='right' title='原始值：4.15'>4.15</span>", "<span data-toggle='tooltip' data-placement='right' title='原始值：0.2'>0.200</span>", "<span data-toggle='tooltip' data-placement='right' title='原始值：0.08325'>0.083</span>", "<span data-toggle='tooltip' data-placement='right' title='原始值：1.6375'>1.64</span>", "*", "*", "正常"], ["江西省", "长江流域", "<span data-toggle='tooltip' data-placement='right' title='所在地市:九江市&#10;所属河流:长江'>姚港(河西水厂)</span>", "07-31 08:00", "", "<span data-toggle='tooltip' data-placement='right' title='原始值：24.94'>24.9</span>", "<span data-toggle='tooltip' data-placement='right' title='原始值：7.54'>7.54</span>", "<span data-toggle='tooltip' data-placement='right' title='原始值：8.22'>8.22</span>", "<span data-toggle='tooltip' data-placement='right' title='原始值：336.67'>336.7</span>", "<span data-toggle='tooltip' data-placement='right' title='原始值：60.41'>60.4</span>", "<span data-toggle='tooltip' data-placement='right' title='原始值：2.225'>2.22</span>", "<span data-toggle='tooltip' data-placement='right' title='极值过滤'>--</span>", "<span data-toggle='tooltip' data-placement='right' title='原始值：0.109'>0.109</span>", "<span data-toggle='tooltip' data-placement='right' title='原始值：1.38'>1.38</span>", "*", "*", "维护"], ["江西省", "长江流域", "<span data-toggle='tooltip' data-placement='right' title='所在地市:九江市&#10;所属河流:鄱阳湖'>蛤蟆石</span>", null, "", "--", "--", "--", "--", "--", "--", "--", "--", "--", "--", "--", "停站"], ["山东省", "黄河流域", "<span data-toggle='tooltip' data-placement='right' title='所在地市:济南市&#10;所属河流:黄河'>泺口</span>", "07-31 08:00", "Ⅲ", "<span data-toggle='tooltip' data-placement='right' title='原始值：27.6645'>27.7</span>", "<span data-toggle='tooltip' data-placement='right' title='原始值：7.54159'>7.54</span>", "<span data-toggle='tooltip' data-placement='right' title='原始值：5.61454'>5.61</span>", "<span data-toggle='tooltip' data-placement='right' title='原始值：773.566'>773.6</span>", "<span data-toggle='tooltip' data-placement='right' title='原始值：1796.58'>1796.6</span>", "<span data-toggle='tooltip' data-placement='right' title='原始值：2.53'>2.53</span>", "<span data-toggle='tooltip' data-placement='right' title='原始值：0.24079'>0.241</span>", "<span data-toggle='tooltip' data-placement='right' title='原始值：0.02164'>0.022</span>", "<span data-toggle='tooltip' data-placement='right' title='原始值：3.998'>4.00</span>", "*", "*", "正常"], ["山东省", "淮河流域", "<span data-toggle='tooltip' data-placement='right' title='所在地市:枣庄市&#10;所属河流:京杭大运河（韩庄运河）'>台儿庄大桥</span>", "07-31 08:00", "Ⅳ", "<span data-toggle='tooltip' data-placement='right' title='原始值：26.54'>26.5</span>", "<span data-toggle='tooltip' data-placement='right' title='原始值：7.60363'>7.60</span>", "<span data-toggle='tooltip' data-placement='right' title='原始值：4.12859'>4.13</span>", "<span data-toggle='tooltip' data-placement='right' title='原始值：803.8582'>803.9</span>", "<span data-toggle='tooltip' data-placement='right' title='原始值：17.57469'>17.6</span>", "<span data-toggle='tooltip' data-placement='right' title='原始值：4.8144'>4.81</span>", "<span data-toggle='tooltip' data-placement='right' title='原始值：0.03281'>0.033</span>", "<span data-toggle='tooltip' data-placement='right' title='原始值：0.22455'>0.225</span>", "<span data-toggle='tooltip' data-placement='right' title='原始值：8.13015'>8.13</span>", "*", "*", "正常"], ["山东省", "淮河流域", "<span data-toggle='tooltip' data-placement='right' title='所在地市:临沂市&#10;所属河流:沭河'>清泉寺</span>", null, "", "--", "--", "--", "--", "--", "--", "--", "--", "--", "*", "*", "停站"], ["山东省", "淮河流域", "<span data-toggle='tooltip' data-placement='right' title='所在地市:临沂市&#10;所属河流:沂河'>重坊桥</span>", null, "", "--", "--", "--", "--", "--", "--", "--", "--", "--", "*", "*", "停站"], ["山东省", "淮河流域", "<span data-toggle='tooltip' data-placement='right' title='所在地市:临沂市&#10;所属河流:白马河'>捷庄(涝沟桥)</span>", "07-31 08:00", "Ⅴ", "<span data-toggle='tooltip' data-placement='right' title='原始值：25.1'>25.1</span>", "<span data-toggle='tooltip' data-placement='right' title='原始值：6.95998'>6.96</span>", "<span data-toggle='tooltip' data-placement='right' title='原始值：5.70869'>5.71</span>", "<span data-toggle='tooltip' data-placement='right' title='原始值：898.0626'>898.1</span>", "<span data-toggle='tooltip' data-placement='right' title='原始值：50.29892'>50.3</span>", "<span data-toggle='tooltip' data-placement='right' title='原始值：5'>5.00</span>", "<span data-toggle='tooltip' data-placement='right' title='原始值：0.12038'>0.120</span>", "<span data-toggle='tooltip' data-placement='right' title='原始值：0.3445'>0.344</span>", "<span data-toggle='tooltip' data-placement='right' title='原始值：10.58244'>10.58</span>", "*", "*", "正常"], ["山东省", "海河流域", "<span data-toggle='tooltip' data-placement='right' title='所在地市:聊城市&#10;所属河流:卫运河'>秤勾湾(秤钩湾)</span>", "07-31 08:00", "Ⅲ", "<span data-toggle='tooltip' data-placement='right' title='原始值：28.77421'>28.8</span>", "<span data-toggle='tooltip' data-placement='right' title='原始值：7.87992'>7.88</span>", "<span data-toggle='tooltip' data-placement='right' title='原始值：5.05705'>5.06</span>", "<span data-toggle='tooltip' data-placement='right' title='原始值：1106'>1106.0</span>", "<span data-toggle='tooltip' data-placement='right' title='原始值：112.0141'>112.0</span>", "<span data-toggle='tooltip' data-placement='right' title='原始值：2.59'>2.59</span>", "<span data-toggle='tooltip' data-placement='right' title='原始值：0.11499'>0.115</span>", "<span data-toggle='tooltip' data-placement='right' title='原始值：0.0713'>0.071</span>", "<span data-toggle='tooltip' data-placement='right' title='原始值：3.72107'>3.72</span>", "*", "*", "正常"], ["河南省", "长江流域", "<span data-toggle='tooltip' data-placement='right' title='所在地市:南阳市&#10;所属河流:丹江口水库'>陶岔</span>", "07-31 08:00", "Ⅱ", "<span data-toggle='tooltip' data-placement='right' title='原始值：26.89'>26.9</span>", "<span data-toggle='tooltip' data-placement='right' title='原始值：8.02944'>8.03</span>", "<span data-toggle='tooltip' data-placement='right' title='原始值：8.34057'>8.34</span>", "<span data-toggle='tooltip' data-placement='right' title='原始值：299.7246'>299.7</span>", "<span data-toggle='tooltip' data-placement='right' title='原始值：1.32912'>1.3</span>", "<span data-toggle='tooltip' data-placement='right' title='原始值：2.46'>2.46</span>", "<span data-toggle='tooltip' data-placement='right' title='原始值：0.02886'>0.029</span>", "<span data-toggle='tooltip' data-placement='right' title='原始值：0.00786'>0.008</span>", "<span data-toggle='tooltip' data-placement='right' title='原始值：0.75036'>0.75</span>", "<span data-toggle='tooltip' data-placement='right' title='原始值：0.00158'>0.002</span>", "<span data-toggle='tooltip' data-placement='right' title='原始值：359458.5'>359458</span>", "正常"], ["河南省", "淮河流域", "<span data-toggle='tooltip' data-placement='right' title='所在地市:商丘市&#10;所属河流:浍河'>黄口</span>", "07-31 08:00", "Ⅳ", "<span data-toggle='tooltip' data-placement='right' title='原始值：26.8'>26.8</span>", "<span data-toggle='tooltip' data-placement='right' title='原始值：7.45031'>7.45</span>", "<span data-toggle='tooltip' data-placement='right' title='原始值：4.53065'>4.53</span>", "<span data-toggle='tooltip' data-placement='right' title='原始值：1327.03'>1327.0</span>", "<span data-toggle='tooltip' data-placement='right' title='原始值：17.82483'>17.8</span>", "<span data-toggle='tooltip' data-placement='right' title='原始值：8.54'>8.54</span>", "<span data-toggle='tooltip' data-placement='right' title='原始值：0.001'>0.001</span>", "<span data-toggle='tooltip' data-placement='right' title='原始值：0.2781'>0.278</span>", "<span data-toggle='tooltip' data-placement='right' title='原始值：2.64816'>2.65</span>", "*", "*", "正常"], ["河南省", "淮河流域", "<span data-toggle='tooltip' data-placement='right' title='所在地市:信阳市&#10;所属河流:史灌河'>蒋集</span>", null, "", "--", "--", "--", "--", "--", "--", "--", "--", "--", "*", "*", "停站"], ["河南省", "淮河流域", "<span data-toggle='tooltip' data-placement='right' title='所在地市:信阳市&#10;所属河流:淮河'>淮滨水文站(淮滨)</span>", null, "", "--", "--", "--", "--", "--", "--", "--", "--", "--", "*", "*", "停站"], ["河南省", "淮河流域", "<span data-toggle='tooltip' data-placement='right' title='所在地市:周口市&#10;所属河流:沙河'>沈丘闸</span>", "07-31 08:00", "Ⅳ", "<span data-toggle='tooltip' data-placement='right' title='原始值：23.74732'>23.7</span>", "<span data-toggle='tooltip' data-placement='right' title='原始值：7.08101'>7.08</span>", "<span data-toggle='tooltip' data-placement='right' title='原始值：3.80862'>3.81</span>", "<span data-toggle='tooltip' data-placement='right' title='原始值：606.4363'>606.4</span>", "<span data-toggle='tooltip' data-placement='right' title='原始值：58.74383'>58.7</span>", "<span data-toggle='tooltip' data-placement='right' title='原始值：4.705'>4.70</span>", "<span data-toggle='tooltip' data-placement='right' title='原始值：0.13'>0.130</span>", "*", "*", "*", "*", "正常"], ["河南省", "淮河流域", "<span data-toggle='tooltip' data-placement='right' title='所在地市:周口市&#10;所属河流:涡河'>鹿邑付桥(鹿邑付桥闸)</span>", "07-31 08:00", "Ⅴ", "<span data-toggle='tooltip' data-placement='right' title='原始值：24.43523'>24.4</span>", "<span data-toggle='tooltip' data-placement='right' title='原始值：7.70315'>7.70</span>", "<span data-toggle='tooltip' data-placement='right' title='原始值：3.59496'>3.59</span>", "<span data-toggle='tooltip' data-placement='right' title='原始值：1155.841'>1155.8</span>", "<span data-toggle='tooltip' data-placement='right' title='原始值：6.51692'>6.5</span>", "<span data-toggle='tooltip' data-placement='right' title='原始值：6.0675'>6.07</span>", "<span data-toggle='tooltip' data-placement='right' title='原始值：0.75'>0.750</span>", "<span data-toggle='tooltip' data-placement='right' title='原始值：0.3987'>0.399</span>", "<span data-toggle='tooltip' data-placement='right' title='原始值：2.30965'>2.31</span>", "*", "*", "正常"], ["河南省", "淮河流域", "<span data-toggle='tooltip' data-placement='right' title='所在地市:驻马店市&#10;所属河流:洪河'>新蔡班台(班台)</span>", "07-31 08:00", "劣Ⅴ", "<span data-toggle='tooltip' data-placement='right' title='原始值：24.8044'>24.8</span>", "<span data-toggle='tooltip' data-placement='right' title='原始值：6.8791'>6.88</span>", "<span data-toggle='tooltip' data-placement='right' title='原始值：2.43703'>2.44</span>", "<span data-toggle='tooltip' data-placement='right' title='原始值：555.3513'>555.4</span>", "<span data-toggle='tooltip' data-placement='right' title='原始值：153.825'>153.8</span>", "<span data-toggle='tooltip' data-placement='right' title='原始值：5.91'>5.91</span>", "<span data-toggle='tooltip' data-placement='right' title='原始值：0.19'>0.190</span>", "<span data-toggle='tooltip' data-placement='right' title='原始值：0.64194'>0.642</span>", "<span data-toggle='tooltip' data-placement='right' title='原始值：6.84704'>6.85</span>", "*", "*", "正常"], ["河南省", "黄河流域", "<span data-toggle='tooltip' data-placement='right' title='所在地市:济源市&#10;所属河流:黄河'>小浪底水库(小浪底)</span>", null, "", "--", "--", "--", "--", "--", "--", "--", "--", "--", "*", "*", "停站"], ["湖北省", "长江流域", "<span data-toggle='tooltip' data-placement='right' title='所在地市:武汉市&#10;所属河流:汉江'>宗关</span>", null, "", "--", "--", "--", "--", "--", "--", "--", "--", "--", "*", "*", "停站"], ["湖北省", "长江流域", "<span data-toggle='tooltip' data-placement='right' title='所在地市:十堰市&#10;所属河流:丹江口水库'>坝上中(胡家岭)</span>", null, "", "--", "--", "--", "--", "--", "--", "--", "--", "--", "--", "--", "停站"], ["湖北省", "长江流域", "<span data-toggle='tooltip' data-placement='right' title='所在地市:宜昌市&#10;所属河流:长江'>南津关</span>", null, "", "--", "--", "--", "--", "--", "--", "--", "--", "--", "*", "*", "停站"], ["湖南省", "长江流域", "<span data-toggle='tooltip' data-placement='right' title='所在地市:长沙市&#10;所属河流:湘江'>新港</span>", "07-31 08:00", "Ⅳ", "<span data-toggle='tooltip' data-placement='right' title='原始值：28.63'>28.6</span>", "<span data-toggle='tooltip' data-placement='right' title='原始值：7.02'>7.02</span>", "<span data-toggle='tooltip' data-placement='right' title='原始值：4.5'>4.50</span>", "<span data-toggle='tooltip' data-placement='right' title='原始值：235.87'>235.9</span>", "<span data-toggle='tooltip' data-placement='right' title='原始值：31.95'>32.0</span>", "<span data-toggle='tooltip' data-placement='right' title='原始值：2.41'>2.41</span>", "<span data-toggle='tooltip' data-placement='right' title='原始值：0.038'>0.038</span>", "<span data-toggle='tooltip' data-placement='right' title='原始值：0.056'>0.056</span>", "<span data-toggle='tooltip' data-placement='right' title='原始值：1.66'>1.66</span>", "*", "*", "正常"], ["湖南省", "长江流域", "<span data-toggle='tooltip' data-placement='right' title='所在地市:岳阳市&#10;所属河流:洞庭湖'>岳阳楼</span>", null, "", "--", "--", "--", "--", "--", "--", "--", "--", "--", "--", "--", "停站"], ["湖南省", "长江流域", "<span data-toggle='tooltip' data-placement='right' title='所在地市:岳阳市&#10;所属河流:长江'>城陵矶</span>", null, "", "--", "--", "--", "--", "--", "--", "--", "--", "--", "--", "--", "停站"], ["广东省", "珠江流域", "<span data-toggle='tooltip' data-placement='right' title='所在地市:清远市&#10;所属河流:北江'>七星岗</span>", "07-31 08:00", "", "<span data-toggle='tooltip' data-placement='right' title='原始值：29.70224'>29.7</span>", "<span data-toggle='tooltip' data-placement='right' title='原始值：8.18817'>8.19</span>", "<span data-toggle='tooltip' data-placement='right' title='原始值：5.97769'>5.98</span>", "<span data-toggle='tooltip' data-placement='right' title='原始值：176.8313'>176.8</span>", "<span data-toggle='tooltip' data-placement='right' title='原始值：12.50886'>12.5</span>", "<span data-toggle='tooltip' data-placement='right' title='原始值：2.74'>2.74</span>", "<span data-toggle='tooltip' data-placement='right' title='极值过滤'>--</span>", "<span data-toggle='tooltip' data-placement='right' title='原始值：0.01077'>0.011</span>", "<span data-toggle='tooltip' data-placement='right' title='原始值：1.2988'>1.30</span>", "*", "*", "维护"], ["广东省", "珠江流域", "<span data-toggle='tooltip' data-placement='right' title='所在地市:中山市&#10;所属河流:西江'>横栏</span>", "07-31 08:00", "Ⅱ", "<span data-toggle='tooltip' data-placement='right' title='原始值：27.9'>27.9</span>", "<span data-toggle='tooltip' data-placement='right' title='原始值：7.86'>7.86</span>", "<span data-toggle='tooltip' data-placement='right' title='原始值：6.93'>6.93</span>", "<span data-toggle='tooltip' data-placement='right' title='原始值：242'>242.0</span>", "<span data-toggle='tooltip' data-placement='right' title='原始值：27.9'>27.9</span>", "<span data-toggle='tooltip' data-placement='right' title='原始值：2.69'>2.69</span>", "<span data-toggle='tooltip' data-placement='right' title='原始值：0.10022'>0.100</span>", "*", "*", "*", "*", "正常"], ["广西壮族自治区", "珠江流域", "<span data-toggle='tooltip' data-placement='right' title='所在地市:南宁市&#10;所属河流:邕江'>老口</span>", "07-31 08:00", "Ⅱ", "<span data-toggle='tooltip' data-placement='right' title='原始值：29.98281'>30.0</span>", "<span data-toggle='tooltip' data-placement='right' title='原始值：7.50831'>7.51</span>", "<span data-toggle='tooltip' data-placement='right' title='原始值：6.12032'>6.12</span>", "<span data-toggle='tooltip' data-placement='right' title='原始值：288.8551'>288.9</span>", "<span data-toggle='tooltip' data-placement='right' title='原始值：6.02087'>6.0</span>", "<span data-toggle='tooltip' data-placement='right' title='原始值：1.52507'>1.53</span>", "<span data-toggle='tooltip' data-placement='right' title='原始值：0.08881'>0.089</span>", "<span data-toggle='tooltip' data-placement='right' title='原始值：0.01955'>0.020</span>", "<span data-toggle='tooltip' data-placement='right' title='原始值：1.78772'>1.79</span>", "*", "*", "正常"], ["广西壮族自治区", "珠江流域", "<span data-toggle='tooltip' data-placement='right' title='所在地市:桂林市&#10;所属河流:漓江'>阳朔</span>", "07-31 08:00", "Ⅱ", "<span data-toggle='tooltip' data-placement='right' title='原始值：28.9'>28.9</span>", "<span data-toggle='tooltip' data-placement='right' title='原始值：7.91996'>7.92</span>", "<span data-toggle='tooltip' data-placement='right' title='原始值：7.55'>7.55</span>", "<span data-toggle='tooltip' data-placement='right' title='原始值：186'>186.0</span>", "<span data-toggle='tooltip' data-placement='right' title='原始值：9.37499'>9.4</span>", "<span data-toggle='tooltip' data-placement='right' title='原始值：2.13997'>2.14</span>", "<span data-toggle='tooltip' data-placement='right' title='原始值：0.03988'>0.040</span>", "<span data-toggle='tooltip' data-placement='right' title='原始值：0.014'>0.014</span>", "<span data-toggle='tooltip' data-placement='right' title='原始值：1.57237'>1.57</span>", "*", "*", "正常"], ["广西壮族自治区", "珠江流域", "<span data-toggle='tooltip' data-placement='right' title='所在地市:梧州市&#10;所属河流:浔江'>界首</span>", null, "", "--", "--", "--", "--", "--", "--", "--", "--", "--", "*", "*", "停站"], ["广西壮族自治区", "珠江流域", "<span data-toggle='tooltip' data-placement='right' title='所在地市:贵港市&#10;所属河流:浔江'>石嘴</span>", "07-31 08:00", "", "<span data-toggle='tooltip' data-placement='right' title='原始值：29.02765'>29.0</span>", "<span data-toggle='tooltip' data-placement='right' title='原始值：7.24502'>7.25</span>", "<span data-toggle='tooltip' data-placement='right' title='原始值：7.86537'>7.87</span>", "<span data-toggle='tooltip' data-placement='right' title='原始值：314.6824'>314.7</span>", "<span data-toggle='tooltip' data-placement='right' title='原始值：26.13756'>26.1</span>", "<span data-toggle='tooltip' data-placement='right' title='原始值：1.17'>1.17</span>", "<span data-toggle='tooltip' data-placement='right' title='极值过滤'>--</span>", "<span data-toggle='tooltip' data-placement='right' title='原始值：0.00514'>0.005</span>", "<span data-toggle='tooltip' data-placement='right' title='原始值：2.0472'>2.05</span>", "*", "*", "维护"], ["广西壮族自治区", "珠江流域", "<span data-toggle='tooltip' data-placement='right' title='所在地市:崇左市&#10;所属河流:平而河'>平而关</span>", "07-31 08:00", "Ⅱ", "<span data-toggle='tooltip' data-placement='right' title='原始值：30.7295'>30.7</span>", "<span data-toggle='tooltip' data-placement='right' title='原始值：8.05448'>8.05</span>", "<span data-toggle='tooltip' data-placement='right' title='原始值：6.49693'>6.50</span>", "<span data-toggle='tooltip' data-placement='right' title='原始值：259.8932'>259.9</span>", "<span data-toggle='tooltip' data-placement='right' title='原始值：24.41936'>24.4</span>", "<span data-toggle='tooltip' data-placement='right' title='原始值：1.22513'>1.23</span>", "<span data-toggle='tooltip' data-placement='right' title='原始值：0.08'>0.080</span>", "*", "*", "*", "*", "正常"], ["重庆市", "长江流域", "<span data-toggle='tooltip' data-placement='right' title='所在地市:永川区&#10;所属河流:长江'>朱沱</span>", null, "", "--", "--", "--", "--", "--", "--", "--", "--", "--", "*", "*", "停站"], ["四川省", "长江流域", "<span data-toggle='tooltip' data-placement='right' title='所在地市:攀枝花市&#10;所属河流:金沙江'>龙洞</span>", null, "", "--", "--", "--", "--", "--", "--", "--", "--", "--", "*", "*", "停站"], ["四川省", "长江流域", "<span data-toggle='tooltip' data-placement='right' title='所在地市:泸州市&#10;所属河流:沱江'>沱江大桥(沱江二桥)</span>", "07-31 08:00", "Ⅲ", "<span data-toggle='tooltip' data-placement='right' title='原始值：28.65'>28.6</span>", "<span data-toggle='tooltip' data-placement='right' title='原始值：7.922236'>7.92</span>", "<span data-toggle='tooltip' data-placement='right' title='原始值：6.426602'>6.43</span>", "<span data-toggle='tooltip' data-placement='right' title='原始值：423.9246'>423.9</span>", "<span data-toggle='tooltip' data-placement='right' title='原始值：75.74306'>75.7</span>", "<span data-toggle='tooltip' data-placement='right' title='原始值：4.44'>4.44</span>", "<span data-toggle='tooltip' data-placement='right' title='原始值：0.014'>0.014</span>", "<span data-toggle='tooltip' data-placement='right' title='原始值：0.15958'>0.160</span>", "<span data-toggle='tooltip' data-placement='right' title='原始值：3.923414'>3.92</span>", "*", "*", "正常"], ["四川省", "长江流域", "<span data-toggle='tooltip' data-placement='right' title='所在地市:广元市&#10;所属河流:嘉陵江'>清风峡</span>", "07-31 08:00", "Ⅱ", "<span data-toggle='tooltip' data-placement='right' title='原始值：23.4'>23.4</span>", "<span data-toggle='tooltip' data-placement='right' title='原始值：8.09999'>8.10</span>", "<span data-toggle='tooltip' data-placement='right' title='原始值：9.31944'>9.32</span>", "<span data-toggle='tooltip' data-placement='right' title='原始值：299.1945'>299.2</span>", "<span data-toggle='tooltip' data-placement='right' title='原始值：80.07128'>80.1</span>", "<span data-toggle='tooltip' data-placement='right' title='原始值：2.23'>2.23</span>", "<span data-toggle='tooltip' data-placement='right' title='原始值：0.12899'>0.129</span>", "*", "*", "*", "*", "正常"], ["四川省", "长江流域", "<span data-toggle='tooltip' data-placement='right' title='所在地市:乐山市&#10;所属河流:岷江'>岷江大桥</span>", "07-31 08:00", "Ⅲ", "<span data-toggle='tooltip' data-placement='right' title='原始值：24.09079'>24.1</span>", "<span data-toggle='tooltip' data-placement='right' title='原始值：7.35897'>7.36</span>", "<span data-toggle='tooltip' data-placement='right' title='原始值：7.96291'>7.96</span>", "<span data-toggle='tooltip' data-placement='right' title='原始值：364.3649'>364.4</span>", "<span data-toggle='tooltip' data-placement='right' title='原始值：427.7537'>427.8</span>", "<span data-toggle='tooltip' data-placement='right' title='原始值：5.6'>5.60</span>", "<span data-toggle='tooltip' data-placement='right' title='原始值：0.65'>0.650</span>", "*", "*", "*", "*", "正常"], ["四川省", "长江流域", "<span data-toggle='tooltip' data-placement='right' title='所在地市:宜宾市&#10;所属河流:岷江'>凉姜沟</span>", null, "", "--", "--", "--", "--", "--", "--", "--", "--", "--", "*", "*", "停站"], ["云南省", "滇池流域", "<span data-toggle='tooltip' data-placement='right' title='所在地市:昆明市&#10;所属河流:滇池'>西苑隧道</span>", null, "", "--", "--", "--", "--", "--", "--", "--", "--", "--", "--", "--", "停站"], ["云南省", "滇池流域", "<span data-toggle='tooltip' data-placement='right' title='所在地市:昆明市&#10;所属河流:滇池'>观音山</span>", "07-31 08:00", "Ⅳ", "<span data-toggle='tooltip' data-placement='right' title='原始值：24.63005'>24.6</span>", "<span data-toggle='tooltip' data-placement='right' title='原始值：7.1526'>7.15</span>", "<span data-toggle='tooltip' data-placement='right' title='原始值：7.31414'>7.31</span>", "<span data-toggle='tooltip' data-placement='right' title='原始值：443.8356'>443.8</span>", "<span data-toggle='tooltip' data-placement='right' title='原始值：22.76761'>22.8</span>", "<span data-toggle='tooltip' data-placement='right' title='原始值：8.17725'>8.18</span>", "<span data-toggle='tooltip' data-placement='right' title='原始值：0.17'>0.170</span>", "<span data-toggle='tooltip' data-placement='right' title='原始值：0.0885'>0.088</span>", "<span data-toggle='tooltip' data-placement='right' title='原始值：1.633'>1.63</span>", "<span data-toggle='tooltip' data-placement='right' title='原始值：0.04139'>0.041</span>", "<span data-toggle='tooltip' data-placement='right' title='原始值：7699843'>7699843</span>", "正常"], ["云南省", "西南诸河", "<span data-toggle='tooltip' data-placement='right' title='所在地市:红河哈尼族彝族自治州&#10;所属河流:红河'>河口县医院(河口)</span>", "07-31 08:00", "", "<span data-toggle='tooltip' data-placement='right' title='原始值：26.85554'>26.9</span>", "<span data-toggle='tooltip' data-placement='right' title='原始值：7.43889'>7.44</span>", "<span data-toggle='tooltip' data-placement='right' title='原始值：7.17114'>7.17</span>", "<span data-toggle='tooltip' data-placement='right' title='原始值：255.837'>255.8</span>", "<span data-toggle='tooltip' data-placement='right' title='原始值：30.63576'>30.6</span>", "<span data-toggle='tooltip' data-placement='right' title='极值过滤'>--</span>", "<span data-toggle='tooltip' data-placement='right' title='原始值：0.96949'>0.969</span>", "<span data-toggle='tooltip' data-placement='right' title='原始值：0.05659'>0.057</span>", "<span data-toggle='tooltip' data-placement='right' title='原始值：2.11581'>2.12</span>", "*", "*", "维护"], ["云南省", "西南诸河", "<span data-toggle='tooltip' data-placement='right' title='所在地市:西双版纳傣族自治州&#10;所属河流:澜沧江'>橄榄坝</span>", null, "", "--", "--", "--", "--", "--", "--", "--", "*", "*", "*", "*", "维护"], ["陕西省", "黄河流域", "<span data-toggle='tooltip' data-placement='right' title='所在地市:渭南市&#10;所属河流:渭河'>潼关吊桥</span>", null, "", "--", "--", "--", "--", "--", "--", "--", "--", "--", "*", "*", "停站"], ["甘肃省", "黄河流域", "<span data-toggle='tooltip' data-placement='right' title='所在地市:兰州市&#10;所属河流:黄河'>新城桥</span>", "07-31 08:00", "", "<span data-toggle='tooltip' data-placement='right' title='原始值：16.46828'>16.5</span>", "<span data-toggle='tooltip' data-placement='right' title='原始值：6.84143'>6.84</span>", "<span data-toggle='tooltip' data-placement='right' title='原始值：8.1798'>8.18</span>", "<span data-toggle='tooltip' data-placement='right' title='原始值：416.0692'>416.1</span>", "<span data-toggle='tooltip' data-placement='right' title='原始值：198.073'>198.1</span>", "<span data-toggle='tooltip' data-placement='right' title='极值过滤'>--</span>", "<span data-toggle='tooltip' data-placement='right' title='原始值：0.26'>0.260</span>", "<span data-toggle='tooltip' data-placement='right' title='原始值：0.03693'>0.037</span>", "<span data-toggle='tooltip' data-placement='right' title='原始值：3.11153'>3.11</span>", "*", "*", "维护"], ["宁夏回族自治区", "黄河流域", "<span data-toggle='tooltip' data-placement='right' title='所在地市:中卫市&#10;所属河流:黄河'>中卫下河沿(新墩)</span>", "07-31 08:00", "Ⅲ", "<span data-toggle='tooltip' data-placement='right' title='原始值：22.27467'>22.3</span>", "<span data-toggle='tooltip' data-placement='right' title='原始值：7.6995'>7.70</span>", "<span data-toggle='tooltip' data-placement='right' title='原始值：7.6781'>7.68</span>", "<span data-toggle='tooltip' data-placement='right' title='原始值：531.402'>531.4</span>", "<span data-toggle='tooltip' data-placement='right' title='原始值：227.1457'>227.1</span>", "<span data-toggle='tooltip' data-placement='right' title='原始值：3.7'>3.70</span>", "<span data-toggle='tooltip' data-placement='right' title='原始值：0.08'>0.080</span>", "<span data-toggle='tooltip' data-placement='right' title='原始值：0.1102'>0.110</span>", "<span data-toggle='tooltip' data-placement='right' title='原始值：1.8936'>1.89</span>", "*", "*", "正常"]]}