{"result": 1, "total": 1, "records": 98, "thead": ["省份", "流域", "断面名称", "监测时间", "水质类别", "水温<br/><span class='unit'>(℃)</span>", "pH<br/><span class='unit'>(无量纲)</span>", "溶解氧<br/><span class='unit'>(mg/L)</span>", "电导率<br/><span class='unit'>(μS/cm)</span>", "浊度<br/><span class='unit'>(NTU)</span>", "高锰酸盐指数<br/><span class='unit'>(mg/L)</span>", "氨氮<br/><span class='unit'>(mg/L)</span>", "总磷<br/><span class='unit'>(mg/L)</span>", "总氮<br/><span class='unit'>(mg/L)</span>", "叶绿素α<br/><span class='unit'>(mg/L)</span>", "藻密度<br/><span class='unit'>(cells/L)</span>", "站点情况"], "tbody": [["北京市", "海河流域", "<span data-toggle='tooltip' data-placement='right' title='所在地市:门头沟区&#10;所属河流:永定河'>沿河城</span>", "07-14 08:00", "Ⅳ", "<span data-toggle='tooltip' data-placement='right' title='原始值：23.86735'>23.9</span>", "<span data-toggle='tooltip' data-placement='right' title='原始值：8.41335'>8.41</span>", "<span data-toggle='tooltip' data-placement='right' title='原始值：7.91931'>7.92</span>", "<span data-toggle='tooltip' data-placement='right' title='原始值：1446.576'>1446.6</span>", "<span data-toggle='tooltip' data-placement='right' title='原始值：17.55957'>17.6</span>", "<span data-toggle='tooltip' data-placement='right' title='原始值：6.79625'>6.80</span>", "<span data-toggle='tooltip' data-placement='right' title='原始值：0.05'>0.050</span>", "<span data-toggle='tooltip' data-placement='right' title='原始值：0.04002'>0.040</span>", "<span data-toggle='tooltip' data-placement='right' title='原始值：1.06128'>1.06</span>", "*", "*", "正常"], ["北京市", "海河流域", "<span data-toggle='tooltip' data-placement='right' title='所在地市:密云区&#10;所属河流:潮河'>古北口</span>", "07-14 08:00", "Ⅱ", "<span data-toggle='tooltip' data-placement='right' title='原始值：23.78381'>23.8</span>", "<span data-toggle='tooltip' data-placement='right' title='原始值：7.5435'>7.54</span>", "<span data-toggle='tooltip' data-placement='right' title='原始值：7.30901'>7.31</span>", "<span data-toggle='tooltip' data-placement='right' title='原始值：633.025'>633.0</span>", "<span data-toggle='tooltip' data-placement='right' title='原始值：5.46384'>5.5</span>", "<span data-toggle='tooltip' data-placement='right' title='原始值：1.20533'>1.21</span>", "<span data-toggle='tooltip' data-placement='right' title='原始值：0.26'>0.260</span>", "<span data-toggle='tooltip' data-placement='right' title='原始值：0.0031'>0.003</span>", "<span data-toggle='tooltip' data-placement='right' title='原始值：3.063'>3.06</span>", "*", "*", "正常"], ["天津市", "海河流域", "<span data-toggle='tooltip' data-placement='right' title='所在地市:河北区&#10;所属河流:海河'>三岔口</span>", "07-14 08:00", "Ⅱ", "<span data-toggle='tooltip' data-placement='right' title='原始值：27.3313'>27.3</span>", "<span data-toggle='tooltip' data-placement='right' title='原始值：7.4613'>7.46</span>", "<span data-toggle='tooltip' data-placement='right' title='原始值：6.763'>6.76</span>", "<span data-toggle='tooltip' data-placement='right' title='原始值：267.2851'>267.3</span>", "<span data-toggle='tooltip' data-placement='right' title='原始值：12.619'>12.6</span>", "<span data-toggle='tooltip' data-placement='right' title='原始值：1.01'>1.01</span>", "<span data-toggle='tooltip' data-placement='right' title='原始值：0.25'>0.250</span>", "<span data-toggle='tooltip' data-placement='right' title='原始值：0.0438'>0.044</span>", "<span data-toggle='tooltip' data-placement='right' title='原始值：1.1016'>1.10</span>", "*", "*", "正常"], ["天津市", "海河流域", "<span data-toggle='tooltip' data-placement='right' title='所在地市:蓟州区&#10;所属河流:果河'>果河桥</span>", "07-14 08:00", "Ⅱ", "<span data-toggle='tooltip' data-placement='right' title='原始值：23.6'>23.6</span>", "<span data-toggle='tooltip' data-placement='right' title='原始值：8.522'>8.52</span>", "<span data-toggle='tooltip' data-placement='right' title='原始值：12.054'>12.05</span>", "<span data-toggle='tooltip' data-placement='right' title='原始值：570.437'>570.4</span>", "<span data-toggle='tooltip' data-placement='right' title='原始值：4.499'>4.5</span>", "<span data-toggle='tooltip' data-placement='right' title='原始值：2.2581'>2.26</span>", "<span data-toggle='tooltip' data-placement='right' title='原始值：0.06'>0.060</span>", "<span data-toggle='tooltip' data-placement='right' title='原始值：0.0186'>0.019</span>", "<span data-toggle='tooltip' data-placement='right' title='原始值：2.9882'>2.99</span>", "*", "*", "正常"], ["河北省", "海河流域", "<span data-toggle='tooltip' data-placement='right' title='所在地市:石家庄市&#10;所属河流:滹沱河'>岗南水库</span>", "07-14 08:00", "Ⅱ", "<span data-toggle='tooltip' data-placement='right' title='原始值：26.65204'>26.7</span>", "<span data-toggle='tooltip' data-placement='right' title='原始值：8.35764'>8.36</span>", "<span data-toggle='tooltip' data-placement='right' title='原始值：8.13708'>8.14</span>", "<span data-toggle='tooltip' data-placement='right' title='原始值：578.5643'>578.6</span>", "<span data-toggle='tooltip' data-placement='right' title='原始值：2.27537'>2.3</span>", "<span data-toggle='tooltip' data-placement='right' title='原始值：2.00984'>2.01</span>", "<span data-toggle='tooltip' data-placement='right' title='原始值：0.09'>0.090</span>", "<span data-toggle='tooltip' data-placement='right' title='原始值：0.01357'>0.014</span>", "<span data-toggle='tooltip' data-placement='right' title='原始值：1.86414'>1.86</span>", "*", "*", "正常"], ["河北省", "海河流域", "<span data-toggle='tooltip' data-placement='right' title='所在地市:张家口市&#10;所属河流:永定河'>八号桥</span>", "07-14 08:00", "Ⅲ", "<span data-toggle='tooltip' data-placement='right' title='原始值：24.91685'>24.9</span>", "<span data-toggle='tooltip' data-placement='right' title='原始值：7.81989'>7.82</span>", "<span data-toggle='tooltip' data-placement='right' title='原始值：5.91019'>5.91</span>", "<span data-toggle='tooltip' data-placement='right' title='原始值：1237.844'>1237.8</span>", "<span data-toggle='tooltip' data-placement='right' title='原始值：49.48249'>49.5</span>", "<span data-toggle='tooltip' data-placement='right' title='原始值：4.89'>4.89</span>", "<span data-toggle='tooltip' data-placement='right' title='原始值：0.2'>0.200</span>", "<span data-toggle='tooltip' data-placement='right' title='原始值：0.16349'>0.163</span>", "<span data-toggle='tooltip' data-placement='right' title='原始值：4.45'>4.45</span>", "*", "*", "正常"], ["山西省", "黄河流域", "<span data-toggle='tooltip' data-placement='right' title='所在地市:运城市&#10;所属河流:汾河'>河津大桥</span>", "07-14 08:00", "Ⅳ", "<span data-toggle='tooltip' data-placement='right' title='原始值：26.99205'>27.0</span>", "<span data-toggle='tooltip' data-placement='right' title='原始值：7.24474'>7.24</span>", "<span data-toggle='tooltip' data-placement='right' title='原始值：4.93425'>4.93</span>", "<span data-toggle='tooltip' data-placement='right' title='原始值：1184.608'>1184.6</span>", "<span data-toggle='tooltip' data-placement='right' title='原始值：487.5713'>487.6</span>", "<span data-toggle='tooltip' data-placement='right' title='原始值：9.575'>9.58</span>", "<span data-toggle='tooltip' data-placement='right' title='原始值：0.2'>0.200</span>", "*", "*", "*", "*", "正常"], ["山西省", "黄河流域", "<span data-toggle='tooltip' data-placement='right' title='所在地市:忻州市&#10;所属河流:黄河'>万家寨水库</span>", "07-14 08:00", "Ⅱ", "<span data-toggle='tooltip' data-placement='right' title='原始值：24.21473'>24.2</span>", "<span data-toggle='tooltip' data-placement='right' title='原始值：7.93599'>7.94</span>", "<span data-toggle='tooltip' data-placement='right' title='原始值：9.20262'>9.20</span>", "<span data-toggle='tooltip' data-placement='right' title='原始值：707.0857'>707.1</span>", "<span data-toggle='tooltip' data-placement='right' title='原始值：29.68626'>29.7</span>", "<span data-toggle='tooltip' data-placement='right' title='原始值：3.51'>3.51</span>", "<span data-toggle='tooltip' data-placement='right' title='原始值：0.3'>0.300</span>", "<span data-toggle='tooltip' data-placement='right' title='原始值：0.064'>0.064</span>", "<span data-toggle='tooltip' data-placement='right' title='原始值：2.0875'>2.09</span>", "*", "*", "正常"], ["内蒙古自治区", "黄河流域", "<span data-toggle='tooltip' data-placement='right' title='所在地市:包头市&#10;所属河流:黄河'>画匠营子</span>", "07-14 08:00", "Ⅱ", "<span data-toggle='tooltip' data-placement='right' title='原始值：24.72434'>24.7</span>", "<span data-toggle='tooltip' data-placement='right' title='原始值：7.67051'>7.67</span>", "<span data-toggle='tooltip' data-placement='right' title='原始值：7.02786'>7.03</span>", "<span data-toggle='tooltip' data-placement='right' title='原始值：732.4007'>732.4</span>", "<span data-toggle='tooltip' data-placement='right' title='原始值：1707.502'>1707.5</span>", "<span data-toggle='tooltip' data-placement='right' title='原始值：3.79339'>3.79</span>", "<span data-toggle='tooltip' data-placement='right' title='原始值：0.04255'>0.043</span>", "*", "*", "*", "*", "正常"], ["内蒙古自治区", "黄河流域", "<span data-toggle='tooltip' data-placement='right' title='所在地市:乌海市&#10;所属河流:黄河'>海勃湾</span>", "07-14 08:00", "Ⅲ", "<span data-toggle='tooltip' data-placement='right' title='原始值：21.82639'>21.8</span>", "<span data-toggle='tooltip' data-placement='right' title='原始值：7.36737'>7.37</span>", "<span data-toggle='tooltip' data-placement='right' title='原始值：5.91527'>5.92</span>", "<span data-toggle='tooltip' data-placement='right' title='原始值：435.3855'>435.4</span>", "<span data-toggle='tooltip' data-placement='right' title='原始值：1809.379'>1809.4</span>", "<span data-toggle='tooltip' data-placement='right' title='原始值：1.74'>1.74</span>", "<span data-toggle='tooltip' data-placement='right' title='原始值：0.17'>0.170</span>", "*", "*", "*", "*", "正常"], ["内蒙古自治区", "松花江流域", "<span data-toggle='tooltip' data-placement='right' title='所在地市:呼伦贝尔市&#10;所属河流:额尔古纳河'>黑山头</span>", null, "", "--", "--", "--", "--", "--", "--", "--", "--", "--", "*", "*", "停站"], ["辽宁省", "辽河流域", "<span data-toggle='tooltip' data-placement='right' title='所在地市:抚顺市&#10;所属河流:浑河'>大伙房水库</span>", "07-14 08:00", "", "<span data-toggle='tooltip' data-placement='right' title='原始值：23.83957'>23.8</span>", "<span data-toggle='tooltip' data-placement='right' title='原始值：6.64056'>6.64</span>", "<span data-toggle='tooltip' data-placement='right' title='原始值：7.96887'>7.97</span>", "<span data-toggle='tooltip' data-placement='right' title='原始值：336.7214'>336.7</span>", "<span data-toggle='tooltip' data-placement='right' title='原始值：32.70301'>32.7</span>", "<span data-toggle='tooltip' data-placement='right' title='原始值：2.10521'>2.11</span>", "<span data-toggle='tooltip' data-placement='right' title='极值过滤'>--</span>", "<span data-toggle='tooltip' data-placement='right' title='原始值：0.00821'>0.008</span>", "<span data-toggle='tooltip' data-placement='right' title='原始值：2.11172'>2.11</span>", "<span data-toggle='tooltip' data-placement='right' title='极值过滤'>--</span>", "*", "维护"], ["辽宁省", "辽河流域", "<span data-toggle='tooltip' data-placement='right' title='所在地市:丹东市&#10;所属河流:鸭绿江'>江桥</span>", "07-14 08:00", "Ⅱ", "<span data-toggle='tooltip' data-placement='right' title='原始值：17.5'>17.5</span>", "<span data-toggle='tooltip' data-placement='right' title='原始值：6.81'>6.81</span>", "<span data-toggle='tooltip' data-placement='right' title='原始值：8.70484'>8.70</span>", "<span data-toggle='tooltip' data-placement='right' title='原始值：149'>149.0</span>", "<span data-toggle='tooltip' data-placement='right' title='原始值：6.30312'>6.3</span>", "<span data-toggle='tooltip' data-placement='right' title='原始值：2.48'>2.48</span>", "<span data-toggle='tooltip' data-placement='right' title='原始值：0.03028'>0.030</span>", "<span data-toggle='tooltip' data-placement='right' title='原始值：0.0121'>0.012</span>", "<span data-toggle='tooltip' data-placement='right' title='原始值：1.94296'>1.94</span>", "*", "*", "正常"], ["辽宁省", "辽河流域", "<span data-toggle='tooltip' data-placement='right' title='所在地市:营口市&#10;所属河流:大辽河'>辽河公园</span>", "07-14 08:00", "Ⅴ", "<span data-toggle='tooltip' data-placement='right' title='原始值：23.36835'>23.4</span>", "<span data-toggle='tooltip' data-placement='right' title='原始值：7.22073'>7.22</span>", "<span data-toggle='tooltip' data-placement='right' title='原始值：7.79978'>7.80</span>", "<span data-toggle='tooltip' data-placement='right' title='原始值：37295.39'>37295.4</span>", "<span data-toggle='tooltip' data-placement='right' title='原始值：185.8809'>185.9</span>", "<span data-toggle='tooltip' data-placement='right' title='原始值：10.11874'>10.12</span>", "<span data-toggle='tooltip' data-placement='right' title='原始值：0.06236'>0.062</span>", "<span data-toggle='tooltip' data-placement='right' title='原始值：0.23652'>0.237</span>", "<span data-toggle='tooltip' data-placement='right' title='原始值：3.67276'>3.67</span>", "*", "*", "正常"], ["辽宁省", "辽河流域", "<span data-toggle='tooltip' data-placement='right' title='所在地市:辽阳市&#10;所属河流:太子河'>汤河水库</span>", "07-14 08:00", "", "<span data-toggle='tooltip' data-placement='right' title='原始值：17.1'>17.1</span>", "<span data-toggle='tooltip' data-placement='right' title='原始值：7.51'>7.51</span>", "<span data-toggle='tooltip' data-placement='right' title='原始值：1.76254'>1.76</span>", "<span data-toggle='tooltip' data-placement='right' title='原始值：477.6367'>477.6</span>", "<span data-toggle='tooltip' data-placement='right' title='原始值：87.60097'>87.6</span>", "<span data-toggle='tooltip' data-placement='right' title='原始值：0.91'>0.91</span>", "<span data-toggle='tooltip' data-placement='right' title='原始值：0.03708'>0.037</span>", "<span data-toggle='tooltip' data-placement='right' title='极值过滤'>--</span>", "<span data-toggle='tooltip' data-placement='right' title='极值过滤'>--</span>", "*", "*", "维护"], ["辽宁省", "辽河流域", "<span data-toggle='tooltip' data-placement='right' title='所在地市:盘锦市&#10;所属河流:辽河'>盘锦兴安(兴安)</span>", "07-14 08:00", "", "<span data-toggle='tooltip' data-placement='right' title='原始值：26.1613'>26.2</span>", "<span data-toggle='tooltip' data-placement='right' title='原始值：6.25348'>6.25</span>", "<span data-toggle='tooltip' data-placement='right' title='原始值：3.99263'>3.99</span>", "<span data-toggle='tooltip' data-placement='right' title='原始值：1392.842'>1392.8</span>", "<span data-toggle='tooltip' data-placement='right' title='原始值：203.6284'>203.6</span>", "<span data-toggle='tooltip' data-placement='right' title='原始值：3.06559'>3.07</span>", "<span data-toggle='tooltip' data-placement='right' title='极值过滤'>--</span>", "<span data-toggle='tooltip' data-placement='right' title='原始值：0.11816'>0.118</span>", "<span data-toggle='tooltip' data-placement='right' title='原始值：2.23409'>2.23</span>", "*", "*", "维护"], ["辽宁省", "辽河流域", "<span data-toggle='tooltip' data-placement='right' title='所在地市:铁岭市&#10;所属河流:辽河'>珠尔山</span>", "07-14 08:00", "Ⅲ", "<span data-toggle='tooltip' data-placement='right' title='原始值：25.95325'>26.0</span>", "<span data-toggle='tooltip' data-placement='right' title='原始值：7.2716'>7.27</span>", "<span data-toggle='tooltip' data-placement='right' title='原始值：7.81331'>7.81</span>", "<span data-toggle='tooltip' data-placement='right' title='原始值：471.3547'>471.4</span>", "<span data-toggle='tooltip' data-placement='right' title='原始值：56.19939'>56.2</span>", "<span data-toggle='tooltip' data-placement='right' title='原始值：4.76887'>4.77</span>", "<span data-toggle='tooltip' data-placement='right' title='原始值：0.15'>0.150</span>", "<span data-toggle='tooltip' data-placement='right' title='原始值：0.08632'>0.086</span>", "<span data-toggle='tooltip' data-placement='right' title='原始值：2.71324'>2.71</span>", "*", "*", "正常"], ["吉林省", "松花江流域", "<span data-toggle='tooltip' data-placement='right' title='所在地市:长春市&#10;所属河流:松花江'>松花江村</span>", null, "", "--", "--", "--", "--", "--", "--", "--", "--", "--", "*", "*", "停站"], ["吉林省", "松花江流域", "<span data-toggle='tooltip' data-placement='right' title='所在地市:白城市&#10;所属河流:嫩江'>白沙滩</span>", "07-14 08:00", "Ⅲ", "<span data-toggle='tooltip' data-placement='right' title='原始值：28.82431'>28.8</span>", "<span data-toggle='tooltip' data-placement='right' title='原始值：7.05063'>7.05</span>", "<span data-toggle='tooltip' data-placement='right' title='原始值：7.17832'>7.18</span>", "<span data-toggle='tooltip' data-placement='right' title='原始值：269.8864'>269.9</span>", "<span data-toggle='tooltip' data-placement='right' title='原始值：287.6448'>287.6</span>", "<span data-toggle='tooltip' data-placement='right' title='原始值：4.15'>4.15</span>", "<span data-toggle='tooltip' data-placement='right' title='原始值：0.2'>0.200</span>", "<span data-toggle='tooltip' data-placement='right' title='原始值：0.16139'>0.161</span>", "<span data-toggle='tooltip' data-placement='right' title='原始值：2.29917'>2.30</span>", "*", "*", "正常"], ["吉林省", "松花江流域", "<span data-toggle='tooltip' data-placement='right' title='所在地市:延边朝鲜族自治州&#10;所属河流:图们江'>圈河</span>", null, "", "--", "--", "--", "--", "--", "--", "--", "--", "--", "*", "*", "停站"], ["黑龙江省", "松花江流域", "<span data-toggle='tooltip' data-placement='right' title='所在地市:大庆市&#10;所属河流:松花江'>肇源</span>", null, "", "--", "--", "--", "--", "--", "--", "--", "--", "--", "*", "*", "停站"], ["黑龙江省", "松花江流域", "<span data-toggle='tooltip' data-placement='right' title='所在地市:佳木斯市&#10;所属河流:乌苏里江'>乌苏镇</span>", null, "", "--", "--", "--", "--", "--", "--", "--", "--", "--", "*", "*", "停站"], ["黑龙江省", "松花江流域", "<span data-toggle='tooltip' data-placement='right' title='所在地市:佳木斯市&#10;所属河流:松花江'>同江</span>", null, "", "--", "--", "--", "--", "--", "--", "--", "--", "--", "*", "*", "停站"], ["黑龙江省", "松花江流域", "<span data-toggle='tooltip' data-placement='right' title='所在地市:黑河市&#10;所属河流:黑龙江'>黑河下(黑河)</span>", null, "", "--", "--", "--", "--", "--", "--", "--", "--", "--", "*", "*", "停站"], ["上海市", "长江流域", "<span data-toggle='tooltip' data-placement='right' title='所在地市:青浦区&#10;所属河流:淀山湖'>急水港桥</span>", "07-14 08:00", "Ⅳ", "<span data-toggle='tooltip' data-placement='right' title='原始值：27.6'>27.6</span>", "<span data-toggle='tooltip' data-placement='right' title='原始值：7.1'>7.10</span>", "<span data-toggle='tooltip' data-placement='right' title='原始值：6.99'>6.99</span>", "<span data-toggle='tooltip' data-placement='right' title='原始值：486'>486.0</span>", "<span data-toggle='tooltip' data-placement='right' title='原始值：363.5'>363.5</span>", "<span data-toggle='tooltip' data-placement='right' title='原始值：3.25'>3.25</span>", "<span data-toggle='tooltip' data-placement='right' title='原始值：0.17287'>0.173</span>", "<span data-toggle='tooltip' data-placement='right' title='原始值：0.08057'>0.081</span>", "<span data-toggle='tooltip' data-placement='right' title='原始值：3.14064'>3.14</span>", "<span data-toggle='tooltip' data-placement='right' title='原始值：0.00625'>0.006</span>", "<span data-toggle='tooltip' data-placement='right' title='原始值：9391051'>9391051</span>", "正常"], ["江苏省", "长江流域", "<span data-toggle='tooltip' data-placement='right' title='所在地市:南京市&#10;所属河流:长江'>林山</span>", "07-14 08:00", "Ⅳ", "<span data-toggle='tooltip' data-placement='right' title='原始值：26.1303'>26.1</span>", "<span data-toggle='tooltip' data-placement='right' title='原始值：7.6882'>7.69</span>", "<span data-toggle='tooltip' data-placement='right' title='原始值：4.80926'>4.81</span>", "<span data-toggle='tooltip' data-placement='right' title='原始值：262.229'>262.2</span>", "<span data-toggle='tooltip' data-placement='right' title='原始值：116.338'>116.3</span>", "<span data-toggle='tooltip' data-placement='right' title='原始值：1.29'>1.29</span>", "<span data-toggle='tooltip' data-placement='right' title='原始值：0.066'>0.066</span>", "*", "*", "*", "*", "正常"], ["江苏省", "太湖流域", "<span data-toggle='tooltip' data-placement='right' title='所在地市:无锡市&#10;所属河流:太湖'>沙渚</span>", "07-14 04:00", "Ⅲ", "<span data-toggle='tooltip' data-placement='right' title='原始值：27.12252'>27.1</span>", "<span data-toggle='tooltip' data-placement='right' title='原始值：7.657176'>7.66</span>", "<span data-toggle='tooltip' data-placement='right' title='原始值：5.012969'>5.01</span>", "<span data-toggle='tooltip' data-placement='right' title='原始值：380.0557'>380.1</span>", "<span data-toggle='tooltip' data-placement='right' title='原始值：13.61209'>13.6</span>", "<span data-toggle='tooltip' data-placement='right' title='原始值：4.45'>4.45</span>", "<span data-toggle='tooltip' data-placement='right' title='原始值：0.32'>0.320</span>", "<span data-toggle='tooltip' data-placement='right' title='原始值：0.0429'>0.043</span>", "<span data-toggle='tooltip' data-placement='right' title='原始值：1.005'>1.00</span>", "*", "*", "正常"], ["江苏省", "淮河流域", "<span data-toggle='tooltip' data-placement='right' title='所在地市:徐州市&#10;所属河流:武河'>小红圈</span>", "07-14 08:00", "Ⅳ", "<span data-toggle='tooltip' data-placement='right' title='原始值：24.7'>24.7</span>", "<span data-toggle='tooltip' data-placement='right' title='原始值：6.88'>6.88</span>", "<span data-toggle='tooltip' data-placement='right' title='原始值：3.02'>3.02</span>", "<span data-toggle='tooltip' data-placement='right' title='原始值：644.8'>644.8</span>", "<span data-toggle='tooltip' data-placement='right' title='原始值：29.79'>29.8</span>", "<span data-toggle='tooltip' data-placement='right' title='原始值：7.16'>7.16</span>", "<span data-toggle='tooltip' data-placement='right' title='原始值：0.18'>0.180</span>", "*", "*", "*", "*", "正常"], ["江苏省", "淮河流域", "<span data-toggle='tooltip' data-placement='right' title='所在地市:徐州市&#10;所属河流:沿河'>李集桥</span>", "07-14 08:00", "Ⅴ", "<span data-toggle='tooltip' data-placement='right' title='原始值：25.7'>25.7</span>", "<span data-toggle='tooltip' data-placement='right' title='原始值：7.22'>7.22</span>", "<span data-toggle='tooltip' data-placement='right' title='原始值：4.37'>4.37</span>", "<span data-toggle='tooltip' data-placement='right' title='原始值：1049.5'>1049.5</span>", "<span data-toggle='tooltip' data-placement='right' title='原始值：67.46'>67.5</span>", "<span data-toggle='tooltip' data-placement='right' title='原始值：7.55'>7.55</span>", "<span data-toggle='tooltip' data-placement='right' title='原始值：1.713'>1.713</span>", "<span data-toggle='tooltip' data-placement='right' title='原始值：0.152'>0.152</span>", "<span data-toggle='tooltip' data-placement='right' title='原始值：4.497'>4.50</span>", "*", "*", "正常"], ["江苏省", "淮河流域", "<span data-toggle='tooltip' data-placement='right' title='所在地市:徐州市&#10;所属河流:邳苍分洪道'>艾山西大桥</span>", "07-14 08:00", "Ⅴ", "<span data-toggle='tooltip' data-placement='right' title='原始值：24.133'>24.1</span>", "<span data-toggle='tooltip' data-placement='right' title='原始值：7.5595'>7.56</span>", "<span data-toggle='tooltip' data-placement='right' title='原始值：4.80578'>4.81</span>", "<span data-toggle='tooltip' data-placement='right' title='原始值：698.261'>698.3</span>", "<span data-toggle='tooltip' data-placement='right' title='原始值：15.1496'>15.1</span>", "<span data-toggle='tooltip' data-placement='right' title='原始值：2.44'>2.44</span>", "<span data-toggle='tooltip' data-placement='right' title='原始值：1.59'>1.590</span>", "<span data-toggle='tooltip' data-placement='right' title='原始值：0.09574'>0.096</span>", "<span data-toggle='tooltip' data-placement='right' title='原始值：3.89236'>3.89</span>", "*", "*", "正常"], ["江苏省", "太湖流域", "<span data-toggle='tooltip' data-placement='right' title='所在地市:苏州市&#10;所属河流:太湖'>兰山嘴(老)</span>", "07-14 08:00", "劣Ⅴ", "<span data-toggle='tooltip' data-placement='right' title='原始值：27.09585'>27.1</span>", "<span data-toggle='tooltip' data-placement='right' title='原始值：7.04529'>7.05</span>", "<span data-toggle='tooltip' data-placement='right' title='原始值：1.59194'>1.59</span>", "<span data-toggle='tooltip' data-placement='right' title='原始值：273.8896'>273.9</span>", "<span data-toggle='tooltip' data-placement='right' title='原始值：12.11023'>12.1</span>", "<span data-toggle='tooltip' data-placement='right' title='原始值：3.14'>3.14</span>", "<span data-toggle='tooltip' data-placement='right' title='原始值：1.31'>1.310</span>", "<span data-toggle='tooltip' data-placement='right' title='原始值：0.14603'>0.146</span>", "<span data-toggle='tooltip' data-placement='right' title='原始值：2.5154'>2.52</span>", "*", "*", "正常"], ["江苏省", "太湖流域", "<span data-toggle='tooltip' data-placement='right' title='所在地市:苏州市&#10;所属河流:太湖'>西山</span>", "07-14 08:00", "Ⅳ", "<span data-toggle='tooltip' data-placement='right' title='原始值：28.22611'>28.2</span>", "<span data-toggle='tooltip' data-placement='right' title='原始值：7.43691'>7.44</span>", "<span data-toggle='tooltip' data-placement='right' title='原始值：6.54086'>6.54</span>", "<span data-toggle='tooltip' data-placement='right' title='原始值：266.0797'>266.1</span>", "<span data-toggle='tooltip' data-placement='right' title='原始值：140.4561'>140.5</span>", "<span data-toggle='tooltip' data-placement='right' title='原始值：3.02'>3.02</span>", "<span data-toggle='tooltip' data-placement='right' title='原始值：0.11'>0.110</span>", "<span data-toggle='tooltip' data-placement='right' title='原始值：0.0931'>0.093</span>", "<span data-toggle='tooltip' data-placement='right' title='原始值：1.797'>1.80</span>", "*", "*", "正常"], ["江苏省", "淮河流域", "<span data-toggle='tooltip' data-placement='right' title='所在地市:连云港市&#10;所属河流:新沭河'>大兴桥</span>", "07-14 08:00", "", "<span data-toggle='tooltip' data-placement='right' title='原始值：25.2'>25.2</span>", "<span data-toggle='tooltip' data-placement='right' title='原始值：7.04'>7.04</span>", "<span data-toggle='tooltip' data-placement='right' title='原始值：4.58'>4.58</span>", "<span data-toggle='tooltip' data-placement='right' title='原始值：773.2'>773.2</span>", "<span data-toggle='tooltip' data-placement='right' title='原始值：192.17'>192.2</span>", "<span data-toggle='tooltip' data-placement='right' title='极值过滤'>--</span>", "<span data-toggle='tooltip' data-placement='right' title='原始值：0.938'>0.938</span>", "*", "*", "*", "*", "维护"], ["江苏省", "淮河流域", "<span data-toggle='tooltip' data-placement='right' title='所在地市:淮安市&#10;所属河流:淮河'>淮河大桥</span>", "07-14 08:00", "", "<span data-toggle='tooltip' data-placement='right' title='原始值：26.99398'>27.0</span>", "<span data-toggle='tooltip' data-placement='right' title='原始值：7.54191'>7.54</span>", "<span data-toggle='tooltip' data-placement='right' title='原始值：3.77133'>3.77</span>", "<span data-toggle='tooltip' data-placement='right' title='原始值：330.8688'>330.9</span>", "<span data-toggle='tooltip' data-placement='right' title='原始值：101.4618'>101.5</span>", "<span data-toggle='tooltip' data-placement='right' title='原始值：5.12'>5.12</span>", "<span data-toggle='tooltip' data-placement='right' title='极值过滤'>--</span>", "<span data-toggle='tooltip' data-placement='right' title='原始值：0.2204'>0.220</span>", "<span data-toggle='tooltip' data-placement='right' title='原始值：1.132'>1.13</span>", "*", "*", "维护"], ["江苏省", "长江流域", "<span data-toggle='tooltip' data-placement='right' title='所在地市:扬州市&#10;所属河流:夹江'>三江营</span>", null, "", "--", "--", "--", "--", "--", "--", "--", "--", "--", "*", "*", "停站"], ["江苏省", "淮河流域", "<span data-toggle='tooltip' data-placement='right' title='所在地市:宿迁市&#10;所属河流:新濉河'>大屈</span>", "07-14 08:00", "Ⅴ", "<span data-toggle='tooltip' data-placement='right' title='原始值：24.6'>24.6</span>", "<span data-toggle='tooltip' data-placement='right' title='原始值：6.86'>6.86</span>", "<span data-toggle='tooltip' data-placement='right' title='原始值：3.79'>3.79</span>", "<span data-toggle='tooltip' data-placement='right' title='原始值：470.4'>470.4</span>", "<span data-toggle='tooltip' data-placement='right' title='原始值：397.72'>397.7</span>", "<span data-toggle='tooltip' data-placement='right' title='原始值：12.17'>12.17</span>", "<span data-toggle='tooltip' data-placement='right' title='原始值：0.97'>0.970</span>", "<span data-toggle='tooltip' data-placement='right' title='原始值：0.368'>0.368</span>", "<span data-toggle='tooltip' data-placement='right' title='原始值：22.57'>22.57</span>", "*", "*", "正常"], ["浙江省", "浙闽片河流", "<span data-toggle='tooltip' data-placement='right' title='所在地市:杭州市&#10;所属河流:新安江'>街口(鸠坑口)</span>", null, "", "--", "--", "--", "--", "--", "--", "--", "--", "--", "*", "*", "停站"], ["浙江省", "太湖流域", "<span data-toggle='tooltip' data-placement='right' title='所在地市:嘉兴市&#10;所属河流:斜路港河'>斜路港</span>", "07-14 08:00", "劣Ⅴ", "<span data-toggle='tooltip' data-placement='right' title='原始值：24.3'>24.3</span>", "<span data-toggle='tooltip' data-placement='right' title='原始值：7.48'>7.48</span>", "<span data-toggle='tooltip' data-placement='right' title='原始值：5.06'>5.06</span>", "<span data-toggle='tooltip' data-placement='right' title='原始值：476'>476.0</span>", "<span data-toggle='tooltip' data-placement='right' title='原始值：238'>238.0</span>", "<span data-toggle='tooltip' data-placement='right' title='原始值：3.02'>3.02</span>", "<span data-toggle='tooltip' data-placement='right' title='原始值：0.13857'>0.139</span>", "<span data-toggle='tooltip' data-placement='right' title='原始值：0.61738'>0.617</span>", "<span data-toggle='tooltip' data-placement='right' title='原始值：2.03098'>2.03</span>", "*", "*", "正常"], ["浙江省", "太湖流域", "<span data-toggle='tooltip' data-placement='right' title='所在地市:嘉兴市&#10;所属河流:京杭运河'>王江泾</span>", null, "", "--", "--", "--", "--", "--", "--", "--", "--", "--", "*", "*", "停站"], ["浙江省", "太湖流域", "<span data-toggle='tooltip' data-placement='right' title='所在地市:湖州市&#10;所属河流:西苕溪'>新港口(新塘港)</span>", "07-14 08:00", "Ⅱ", "<span data-toggle='tooltip' data-placement='right' title='原始值：25.1385'>25.1</span>", "<span data-toggle='tooltip' data-placement='right' title='原始值：6.96137'>6.96</span>", "<span data-toggle='tooltip' data-placement='right' title='原始值：6.93691'>6.94</span>", "<span data-toggle='tooltip' data-placement='right' title='原始值：161.614'>161.6</span>", "<span data-toggle='tooltip' data-placement='right' title='原始值：78.1969'>78.2</span>", "<span data-toggle='tooltip' data-placement='right' title='原始值：2.27842'>2.28</span>", "<span data-toggle='tooltip' data-placement='right' title='原始值：0.07187'>0.072</span>", "<span data-toggle='tooltip' data-placement='right' title='原始值：0.05734'>0.057</span>", "<span data-toggle='tooltip' data-placement='right' title='原始值：5.38338'>5.38</span>", "*", "*", "正常"], ["安徽省", "巢湖流域", "<span data-toggle='tooltip' data-placement='right' title='所在地市:合肥市&#10;所属河流:巢湖'>湖滨(老)</span>", "07-14 08:00", "Ⅳ", "<span data-toggle='tooltip' data-placement='right' title='原始值：26.95857'>27.0</span>", "<span data-toggle='tooltip' data-placement='right' title='原始值：6.51176'>6.51</span>", "<span data-toggle='tooltip' data-placement='right' title='原始值：5.94251'>5.94</span>", "<span data-toggle='tooltip' data-placement='right' title='原始值：344.615'>344.6</span>", "<span data-toggle='tooltip' data-placement='right' title='原始值：92.75595'>92.8</span>", "<span data-toggle='tooltip' data-placement='right' title='原始值：5.56'>5.56</span>", "<span data-toggle='tooltip' data-placement='right' title='原始值：0.26'>0.260</span>", "<span data-toggle='tooltip' data-placement='right' title='原始值：0.0538'>0.054</span>", "<span data-toggle='tooltip' data-placement='right' title='原始值：2.039'>2.04</span>", "<span data-toggle='tooltip' data-placement='right' title='原始值：0.01553'>0.016</span>", "*", "正常"], ["安徽省", "巢湖流域", "<span data-toggle='tooltip' data-placement='right' title='所在地市:芜湖市&#10;所属河流:巢湖'>裕溪口(老)</span>", "07-14 08:00", "劣Ⅴ", "<span data-toggle='tooltip' data-placement='right' title='原始值：26.41666'>26.4</span>", "<span data-toggle='tooltip' data-placement='right' title='原始值：7.32906'>7.33</span>", "<span data-toggle='tooltip' data-placement='right' title='原始值：7.95732'>7.96</span>", "<span data-toggle='tooltip' data-placement='right' title='原始值：400.6234'>400.6</span>", "<span data-toggle='tooltip' data-placement='right' title='原始值：131.4664'>131.5</span>", "<span data-toggle='tooltip' data-placement='right' title='原始值：3.88'>3.88</span>", "<span data-toggle='tooltip' data-placement='right' title='原始值：0.17'>0.170</span>", "<span data-toggle='tooltip' data-placement='right' title='原始值：1.243'>1.243</span>", "<span data-toggle='tooltip' data-placement='right' title='原始值：0.8768'>0.88</span>", "*", "*", "正常"], ["安徽省", "淮河流域", "<span data-toggle='tooltip' data-placement='right' title='所在地市:蚌埠市&#10;所属河流:淮河'>蚌埠闸上(蚌埠闸)</span>", null, "", "--", "--", "--", "--", "--", "--", "--", "--", "--", "*", "*", "停站"], ["安徽省", "淮河流域", "<span data-toggle='tooltip' data-placement='right' title='所在地市:淮南市&#10;所属河流:淮河'>石头埠(老)</span>", "07-14 08:00", "Ⅳ", "<span data-toggle='tooltip' data-placement='right' title='原始值：25.78395'>25.8</span>", "<span data-toggle='tooltip' data-placement='right' title='原始值：7.25654'>7.26</span>", "<span data-toggle='tooltip' data-placement='right' title='原始值：4.6964'>4.70</span>", "<span data-toggle='tooltip' data-placement='right' title='原始值：362.503'>362.5</span>", "<span data-toggle='tooltip' data-placement='right' title='原始值：206.0399'>206.0</span>", "<span data-toggle='tooltip' data-placement='right' title='原始值：6.4'>6.40</span>", "<span data-toggle='tooltip' data-placement='right' title='原始值：0.2'>0.200</span>", "*", "*", "*", "*", "正常"], ["安徽省", "淮河流域", "<span data-toggle='tooltip' data-placement='right' title='所在地市:淮北市&#10;所属河流:沱河'>小王桥</span>", null, "", "--", "--", "--", "--", "--", "--", "--", "--", "--", "*", "*", "停站"], ["安徽省", "长江流域", "<span data-toggle='tooltip' data-placement='right' title='所在地市:安庆市&#10;所属河流:长江'>皖河口</span>", null, "", "--", "--", "--", "--", "--", "--", "--", "--", "--", "*", "*", "停站"], ["安徽省", "淮河流域", "<span data-toggle='tooltip' data-placement='right' title='所在地市:滁州市&#10;所属河流:淮河'>小柳巷</span>", null, "", "--", "--", "--", "--", "--", "--", "--", "--", "--", "*", "*", "维护"], ["安徽省", "淮河流域", "<span data-toggle='tooltip' data-placement='right' title='所在地市:阜阳市&#10;所属河流:黑茨河'>张大桥</span>", null, "", "--", "--", "--", "--", "--", "--", "--", "--", "--", "*", "*", "停站"], ["安徽省", "淮河流域", "<span data-toggle='tooltip' data-placement='right' title='所在地市:阜阳市&#10;所属河流:淮河'>王家坝</span>", null, "", "--", "--", "--", "--", "--", "--", "--", "--", "--", "*", "*", "停站"], ["安徽省", "淮河流域", "<span data-toggle='tooltip' data-placement='right' title='所在地市:阜阳市&#10;所属河流:颍河'>界首七渡口(七渡口)</span>", "07-14 08:00", "Ⅴ", "<span data-toggle='tooltip' data-placement='right' title='原始值：26.57132'>26.6</span>", "<span data-toggle='tooltip' data-placement='right' title='原始值：7.58399'>7.58</span>", "<span data-toggle='tooltip' data-placement='right' title='原始值：2.56429'>2.56</span>", "<span data-toggle='tooltip' data-placement='right' title='原始值：840.7999'>840.8</span>", "<span data-toggle='tooltip' data-placement='right' title='原始值：11.2049'>11.2</span>", "<span data-toggle='tooltip' data-placement='right' title='原始值：4.48'>4.48</span>", "<span data-toggle='tooltip' data-placement='right' title='原始值：0.06'>0.060</span>", "<span data-toggle='tooltip' data-placement='right' title='原始值：0.11971'>0.120</span>", "<span data-toggle='tooltip' data-placement='right' title='原始值：3.2316'>3.23</span>", "*", "*", "正常"], ["安徽省", "淮河流域", "<span data-toggle='tooltip' data-placement='right' title='所在地市:阜阳市&#10;所属河流:泉河'>许庄(徐庄)</span>", "07-14 08:00", "Ⅲ", "<span data-toggle='tooltip' data-placement='right' title='原始值：24.4'>24.4</span>", "<span data-toggle='tooltip' data-placement='right' title='原始值：7.32'>7.32</span>", "<span data-toggle='tooltip' data-placement='right' title='原始值：6.42'>6.42</span>", "<span data-toggle='tooltip' data-placement='right' title='原始值：761.8'>761.8</span>", "<span data-toggle='tooltip' data-placement='right' title='原始值：132.1'>132.1</span>", "<span data-toggle='tooltip' data-placement='right' title='原始值：2.52'>2.52</span>", "<span data-toggle='tooltip' data-placement='right' title='原始值：0.01'>0.010</span>", "<span data-toggle='tooltip' data-placement='right' title='原始值：0.12'>0.120</span>", "<span data-toggle='tooltip' data-placement='right' title='原始值：1.028'>1.03</span>", "*", "*", "正常"], ["安徽省", "淮河流域", "<span data-toggle='tooltip' data-placement='right' title='所在地市:宿州市&#10;所属河流:奎河'>杨庄</span>", "07-14 08:00", "Ⅲ", "<span data-toggle='tooltip' data-placement='right' title='原始值：25.01'>25.0</span>", "<span data-toggle='tooltip' data-placement='right' title='原始值：7.28'>7.28</span>", "<span data-toggle='tooltip' data-placement='right' title='原始值：5.78'>5.78</span>", "<span data-toggle='tooltip' data-placement='right' title='原始值：515.6'>515.6</span>", "<span data-toggle='tooltip' data-placement='right' title='原始值：143.1'>143.1</span>", "<span data-toggle='tooltip' data-placement='right' title='原始值：5.95'>5.95</span>", "<span data-toggle='tooltip' data-placement='right' title='原始值：0.669'>0.669</span>", "*", "*", "*", "*", "正常"], ["安徽省", "淮河流域", "<span data-toggle='tooltip' data-placement='right' title='所在地市:宿州市&#10;所属河流:新汴河'>泗县公路桥</span>", "07-14 08:00", "Ⅱ", "<span data-toggle='tooltip' data-placement='right' title='原始值：26.6'>26.6</span>", "<span data-toggle='tooltip' data-placement='right' title='原始值：8.08'>8.08</span>", "<span data-toggle='tooltip' data-placement='right' title='原始值：8.11'>8.11</span>", "<span data-toggle='tooltip' data-placement='right' title='原始值：1035.9'>1035.9</span>", "<span data-toggle='tooltip' data-placement='right' title='原始值：102.02'>102.0</span>", "<span data-toggle='tooltip' data-placement='right' title='原始值：3.75'>3.75</span>", "<span data-toggle='tooltip' data-placement='right' title='原始值：0.27'>0.270</span>", "*", "*", "*", "*", "正常"], ["安徽省", "淮河流域", "<span data-toggle='tooltip' data-placement='right' title='所在地市:亳州市&#10;所属河流:包河'>颜集</span>", "07-14 08:00", "Ⅴ", "<span data-toggle='tooltip' data-placement='right' title='原始值：24.8'>24.8</span>", "<span data-toggle='tooltip' data-placement='right' title='原始值：7.58'>7.58</span>", "<span data-toggle='tooltip' data-placement='right' title='原始值：5.64'>5.64</span>", "<span data-toggle='tooltip' data-placement='right' title='原始值：1102.8'>1102.8</span>", "<span data-toggle='tooltip' data-placement='right' title='原始值：157.15'>157.2</span>", "<span data-toggle='tooltip' data-placement='right' title='原始值：4.29'>4.29</span>", "<span data-toggle='tooltip' data-placement='right' title='原始值：1.01'>1.010</span>", "<span data-toggle='tooltip' data-placement='right' title='原始值：0.312'>0.312</span>", "<span data-toggle='tooltip' data-placement='right' title='原始值：4.05'>4.05</span>", "*", "*", "正常"], ["福建省", "浙闽片河流", "<span data-toggle='tooltip' data-placement='right' title='所在地市:福州市&#10;所属河流:闽江'>白岩潭</span>", "07-14 08:00", "Ⅱ", "<span data-toggle='tooltip' data-placement='right' title='原始值：29.96'>30.0</span>", "<span data-toggle='tooltip' data-placement='right' title='原始值：6.53'>6.53</span>", "<span data-toggle='tooltip' data-placement='right' title='原始值：8.79'>8.79</span>", "<span data-toggle='tooltip' data-placement='right' title='原始值：142.8'>142.8</span>", "<span data-toggle='tooltip' data-placement='right' title='原始值：18.75'>18.8</span>", "<span data-toggle='tooltip' data-placement='right' title='原始值：2.46'>2.46</span>", "<span data-toggle='tooltip' data-placement='right' title='原始值：0.06'>0.060</span>", "*", "*", "*", "*", "正常"], ["江西省", "长江流域", "<span data-toggle='tooltip' data-placement='right' title='所在地市:南昌市&#10;所属河流:赣江南支'>滁槎</span>", null, "", "--", "--", "--", "--", "--", "--", "--", "--", "--", "*", "*", "维护"], ["江西省", "长江流域", "<span data-toggle='tooltip' data-placement='right' title='所在地市:九江市&#10;所属河流:长江'>姚港(河西水厂)</span>", null, "", "--", "--", "--", "--", "--", "--", "--", "--", "--", "*", "*", "停站"], ["江西省", "长江流域", "<span data-toggle='tooltip' data-placement='right' title='所在地市:九江市&#10;所属河流:鄱阳湖'>蛤蟆石</span>", null, "", "--", "--", "--", "--", "--", "--", "--", "--", "--", "--", "--", "停站"], ["山东省", "黄河流域", "<span data-toggle='tooltip' data-placement='right' title='所在地市:济南市&#10;所属河流:黄河'>泺口</span>", null, "", "--", "--", "--", "--", "--", "--", "--", "--", "--", "*", "*", "停站"], ["山东省", "淮河流域", "<span data-toggle='tooltip' data-placement='right' title='所在地市:枣庄市&#10;所属河流:京杭大运河（韩庄运河）'>台儿庄大桥</span>", "07-14 08:00", "劣Ⅴ", "<span data-toggle='tooltip' data-placement='right' title='原始值：24.76955'>24.8</span>", "<span data-toggle='tooltip' data-placement='right' title='原始值：7.28106'>7.28</span>", "<span data-toggle='tooltip' data-placement='right' title='原始值：0.95693'>0.96</span>", "<span data-toggle='tooltip' data-placement='right' title='原始值：844.3404'>844.3</span>", "<span data-toggle='tooltip' data-placement='right' title='原始值：30.0871'>30.1</span>", "<span data-toggle='tooltip' data-placement='right' title='原始值：9.05853'>9.06</span>", "<span data-toggle='tooltip' data-placement='right' title='原始值：4.87434'>4.874</span>", "<span data-toggle='tooltip' data-placement='right' title='原始值：0.16782'>0.168</span>", "<span data-toggle='tooltip' data-placement='right' title='原始值：13.10878'>13.11</span>", "*", "*", "正常"], ["山东省", "淮河流域", "<span data-toggle='tooltip' data-placement='right' title='所在地市:临沂市&#10;所属河流:沭河'>清泉寺</span>", null, "", "--", "--", "--", "--", "--", "--", "--", "--", "--", "*", "*", "停站"], ["山东省", "淮河流域", "<span data-toggle='tooltip' data-placement='right' title='所在地市:临沂市&#10;所属河流:沂河'>重坊桥</span>", "07-14 08:00", "Ⅲ", "<span data-toggle='tooltip' data-placement='right' title='原始值：25.16756'>25.2</span>", "<span data-toggle='tooltip' data-placement='right' title='原始值：7.64343'>7.64</span>", "<span data-toggle='tooltip' data-placement='right' title='原始值：7.11334'>7.11</span>", "<span data-toggle='tooltip' data-placement='right' title='原始值：761.1852'>761.2</span>", "<span data-toggle='tooltip' data-placement='right' title='原始值：40.10002'>40.1</span>", "<span data-toggle='tooltip' data-placement='right' title='原始值：4.18'>4.18</span>", "<span data-toggle='tooltip' data-placement='right' title='原始值：0.14687'>0.147</span>", "*", "*", "*", "*", "正常"], ["山东省", "淮河流域", "<span data-toggle='tooltip' data-placement='right' title='所在地市:临沂市&#10;所属河流:白马河'>捷庄(涝沟桥)</span>", "07-14 08:00", "劣Ⅴ", "<span data-toggle='tooltip' data-placement='right' title='原始值：24.49999'>24.5</span>", "<span data-toggle='tooltip' data-placement='right' title='原始值：6.92'>6.92</span>", "<span data-toggle='tooltip' data-placement='right' title='原始值：4.83996'>4.84</span>", "<span data-toggle='tooltip' data-placement='right' title='原始值：509.9961'>510.0</span>", "<span data-toggle='tooltip' data-placement='right' title='原始值：106.2058'>106.2</span>", "<span data-toggle='tooltip' data-placement='right' title='原始值：8.04'>8.04</span>", "<span data-toggle='tooltip' data-placement='right' title='原始值：2.05242'>2.052</span>", "<span data-toggle='tooltip' data-placement='right' title='原始值：0.19093'>0.191</span>", "<span data-toggle='tooltip' data-placement='right' title='原始值：5.55955'>5.56</span>", "*", "*", "正常"], ["山东省", "海河流域", "<span data-toggle='tooltip' data-placement='right' title='所在地市:聊城市&#10;所属河流:卫运河'>秤勾湾(秤钩湾)</span>", "07-14 08:00", "Ⅲ", "<span data-toggle='tooltip' data-placement='right' title='原始值：26.17499'>26.2</span>", "<span data-toggle='tooltip' data-placement='right' title='原始值：7.9675'>7.97</span>", "<span data-toggle='tooltip' data-placement='right' title='原始值：5.01945'>5.02</span>", "<span data-toggle='tooltip' data-placement='right' title='原始值：1296.266'>1296.3</span>", "<span data-toggle='tooltip' data-placement='right' title='原始值：80.77546'>80.8</span>", "<span data-toggle='tooltip' data-placement='right' title='原始值：3.09'>3.09</span>", "<span data-toggle='tooltip' data-placement='right' title='原始值：0.06669'>0.067</span>", "<span data-toggle='tooltip' data-placement='right' title='原始值：0.11037'>0.110</span>", "<span data-toggle='tooltip' data-placement='right' title='原始值：6.41563'>6.42</span>", "*", "*", "正常"], ["河南省", "长江流域", "<span data-toggle='tooltip' data-placement='right' title='所在地市:南阳市&#10;所属河流:丹江口水库'>陶岔</span>", "07-14 08:00", "Ⅱ", "<span data-toggle='tooltip' data-placement='right' title='原始值：25.1'>25.1</span>", "<span data-toggle='tooltip' data-placement='right' title='原始值：8.09428'>8.09</span>", "<span data-toggle='tooltip' data-placement='right' title='原始值：8.367'>8.37</span>", "<span data-toggle='tooltip' data-placement='right' title='原始值：292.5165'>292.5</span>", "<span data-toggle='tooltip' data-placement='right' title='原始值：1.46547'>1.5</span>", "<span data-toggle='tooltip' data-placement='right' title='原始值：2.31'>2.31</span>", "<span data-toggle='tooltip' data-placement='right' title='原始值：0.0213'>0.021</span>", "<span data-toggle='tooltip' data-placement='right' title='原始值：0.01003'>0.010</span>", "<span data-toggle='tooltip' data-placement='right' title='原始值：0.77705'>0.78</span>", "<span data-toggle='tooltip' data-placement='right' title='原始值：0.00425'>0.004</span>", "<span data-toggle='tooltip' data-placement='right' title='原始值：114029.4'>114029</span>", "正常"], ["河南省", "淮河流域", "<span data-toggle='tooltip' data-placement='right' title='所在地市:商丘市&#10;所属河流:浍河'>黄口</span>", "07-14 08:00", "Ⅳ", "<span data-toggle='tooltip' data-placement='right' title='原始值：27.29997'>27.3</span>", "<span data-toggle='tooltip' data-placement='right' title='原始值：7.86'>7.86</span>", "<span data-toggle='tooltip' data-placement='right' title='原始值：7.6'>7.60</span>", "<span data-toggle='tooltip' data-placement='right' title='原始值：3462'>3462.0</span>", "<span data-toggle='tooltip' data-placement='right' title='原始值：42.82928'>42.8</span>", "<span data-toggle='tooltip' data-placement='right' title='原始值：6.42'>6.42</span>", "<span data-toggle='tooltip' data-placement='right' title='原始值：0.21455'>0.215</span>", "<span data-toggle='tooltip' data-placement='right' title='原始值：0.1525'>0.152</span>", "<span data-toggle='tooltip' data-placement='right' title='原始值：3.90114'>3.90</span>", "*", "*", "正常"], ["河南省", "淮河流域", "<span data-toggle='tooltip' data-placement='right' title='所在地市:信阳市&#10;所属河流:史灌河'>蒋集</span>", "07-14 08:00", "Ⅳ", "<span data-toggle='tooltip' data-placement='right' title='原始值：26.49992'>26.5</span>", "<span data-toggle='tooltip' data-placement='right' title='原始值：6.45575'>6.46</span>", "<span data-toggle='tooltip' data-placement='right' title='原始值：4.90512'>4.91</span>", "<span data-toggle='tooltip' data-placement='right' title='原始值：125.2498'>125.2</span>", "<span data-toggle='tooltip' data-placement='right' title='原始值：279.1521'>279.2</span>", "<span data-toggle='tooltip' data-placement='right' title='原始值：4.29'>4.29</span>", "<span data-toggle='tooltip' data-placement='right' title='原始值：0.12634'>0.126</span>", "*", "*", "*", "*", "正常"], ["河南省", "淮河流域", "<span data-toggle='tooltip' data-placement='right' title='所在地市:信阳市&#10;所属河流:淮河'>淮滨水文站(淮滨)</span>", "07-14 08:00", "Ⅴ", "<span data-toggle='tooltip' data-placement='right' title='原始值：24'>24.0</span>", "<span data-toggle='tooltip' data-placement='right' title='原始值：6.49'>6.49</span>", "<span data-toggle='tooltip' data-placement='right' title='原始值：4.88'>4.88</span>", "<span data-toggle='tooltip' data-placement='right' title='原始值：166'>166.0</span>", "<span data-toggle='tooltip' data-placement='right' title='原始值：557.1648'>557.2</span>", "<span data-toggle='tooltip' data-placement='right' title='原始值：6.41059'>6.41</span>", "<span data-toggle='tooltip' data-placement='right' title='原始值：0.25526'>0.255</span>", "<span data-toggle='tooltip' data-placement='right' title='原始值：0.33394'>0.334</span>", "<span data-toggle='tooltip' data-placement='right' title='原始值：2.68724'>2.69</span>", "*", "*", "正常"], ["河南省", "淮河流域", "<span data-toggle='tooltip' data-placement='right' title='所在地市:周口市&#10;所属河流:沙河'>沈丘闸</span>", "07-14 08:00", "Ⅲ", "<span data-toggle='tooltip' data-placement='right' title='原始值：24.97536'>25.0</span>", "<span data-toggle='tooltip' data-placement='right' title='原始值：7.41935'>7.42</span>", "<span data-toggle='tooltip' data-placement='right' title='原始值：5.09952'>5.10</span>", "<span data-toggle='tooltip' data-placement='right' title='原始值：999.3091'>999.3</span>", "<span data-toggle='tooltip' data-placement='right' title='原始值：6.32452'>6.3</span>", "<span data-toggle='tooltip' data-placement='right' title='原始值：3.36487'>3.36</span>", "<span data-toggle='tooltip' data-placement='right' title='原始值：1'>1.000</span>", "*", "*", "*", "*", "正常"], ["河南省", "淮河流域", "<span data-toggle='tooltip' data-placement='right' title='所在地市:周口市&#10;所属河流:涡河'>鹿邑付桥(鹿邑付桥闸)</span>", "07-14 08:00", "", "<span data-toggle='tooltip' data-placement='right' title='原始值：25.1987'>25.2</span>", "<span data-toggle='tooltip' data-placement='right' title='原始值：8.55332'>8.55</span>", "<span data-toggle='tooltip' data-placement='right' title='原始值：9.36646'>9.37</span>", "<span data-toggle='tooltip' data-placement='right' title='原始值：1366.006'>1366.0</span>", "<span data-toggle='tooltip' data-placement='right' title='原始值：11.10142'>11.1</span>", "<span data-toggle='tooltip' data-placement='right' title='原始值：5.035'>5.04</span>", "<span data-toggle='tooltip' data-placement='right' title='极值过滤'>--</span>", "<span data-toggle='tooltip' data-placement='right' title='原始值：0.1322'>0.132</span>", "<span data-toggle='tooltip' data-placement='right' title='原始值：1.34981'>1.35</span>", "*", "*", "维护"], ["河南省", "淮河流域", "<span data-toggle='tooltip' data-placement='right' title='所在地市:驻马店市&#10;所属河流:洪河'>新蔡班台(班台)</span>", "07-14 08:00", "劣Ⅴ", "<span data-toggle='tooltip' data-placement='right' title='原始值：26.05'>26.0</span>", "<span data-toggle='tooltip' data-placement='right' title='原始值：6.85094'>6.85</span>", "<span data-toggle='tooltip' data-placement='right' title='原始值：4.0366'>4.04</span>", "<span data-toggle='tooltip' data-placement='right' title='原始值：695.9714'>696.0</span>", "<span data-toggle='tooltip' data-placement='right' title='原始值：8.67317'>8.7</span>", "<span data-toggle='tooltip' data-placement='right' title='原始值：7.15'>7.15</span>", "<span data-toggle='tooltip' data-placement='right' title='原始值：0.76'>0.760</span>", "<span data-toggle='tooltip' data-placement='right' title='原始值：0.4009'>0.401</span>", "<span data-toggle='tooltip' data-placement='right' title='原始值：4.57886'>4.58</span>", "*", "*", "正常"], ["河南省", "黄河流域", "<span data-toggle='tooltip' data-placement='right' title='所在地市:济源市&#10;所属河流:黄河'>小浪底水库(小浪底)</span>", null, "", "--", "--", "--", "--", "--", "--", "--", "--", "--", "*", "*", "维护"], ["湖北省", "长江流域", "<span data-toggle='tooltip' data-placement='right' title='所在地市:武汉市&#10;所属河流:汉江'>宗关</span>", null, "", "--", "--", "--", "--", "--", "--", "--", "--", "--", "*", "*", "停站"], ["湖北省", "长江流域", "<span data-toggle='tooltip' data-placement='right' title='所在地市:十堰市&#10;所属河流:丹江口水库'>坝上中(胡家岭)</span>", null, "", "--", "--", "--", "--", "--", "--", "--", "--", "--", "--", "--", "停站"], ["湖北省", "长江流域", "<span data-toggle='tooltip' data-placement='right' title='所在地市:宜昌市&#10;所属河流:长江'>南津关</span>", null, "", "--", "--", "--", "--", "--", "--", "--", "--", "--", "*", "*", "停站"], ["湖南省", "长江流域", "<span data-toggle='tooltip' data-placement='right' title='所在地市:长沙市&#10;所属河流:湘江'>新港</span>", "07-14 08:00", "劣Ⅴ", "<span data-toggle='tooltip' data-placement='right' title='原始值：25.66'>25.7</span>", "<span data-toggle='tooltip' data-placement='right' title='原始值：6.99'>6.99</span>", "<span data-toggle='tooltip' data-placement='right' title='原始值：0.03'>0.03</span>", "<span data-toggle='tooltip' data-placement='right' title='原始值：198.9'>198.9</span>", "<span data-toggle='tooltip' data-placement='right' title='原始值：33.75'>33.8</span>", "<span data-toggle='tooltip' data-placement='right' title='原始值：3.16'>3.16</span>", "<span data-toggle='tooltip' data-placement='right' title='原始值：0.032'>0.032</span>", "<span data-toggle='tooltip' data-placement='right' title='原始值：0.06'>0.060</span>", "<span data-toggle='tooltip' data-placement='right' title='原始值：1.95'>1.95</span>", "*", "*", "正常"], ["湖南省", "长江流域", "<span data-toggle='tooltip' data-placement='right' title='所在地市:岳阳市&#10;所属河流:洞庭湖'>岳阳楼</span>", null, "", "--", "--", "--", "--", "--", "--", "--", "--", "--", "--", "--", "停站"], ["湖南省", "长江流域", "<span data-toggle='tooltip' data-placement='right' title='所在地市:岳阳市&#10;所属河流:长江'>城陵矶</span>", null, "", "--", "--", "--", "--", "--", "--", "--", "--", "--", "*", "*", "停站"], ["广东省", "珠江流域", "<span data-toggle='tooltip' data-placement='right' title='所在地市:清远市&#10;所属河流:北江'>七星岗</span>", "07-14 08:00", "Ⅱ", "<span data-toggle='tooltip' data-placement='right' title='原始值：30.67702'>30.7</span>", "<span data-toggle='tooltip' data-placement='right' title='原始值：7.92783'>7.93</span>", "<span data-toggle='tooltip' data-placement='right' title='原始值：6.16656'>6.17</span>", "<span data-toggle='tooltip' data-placement='right' title='原始值：174.7527'>174.8</span>", "<span data-toggle='tooltip' data-placement='right' title='原始值：15.00305'>15.0</span>", "<span data-toggle='tooltip' data-placement='right' title='原始值：0.44'>0.44</span>", "<span data-toggle='tooltip' data-placement='right' title='原始值：0.14099'>0.141</span>", "<span data-toggle='tooltip' data-placement='right' title='原始值：0.08238'>0.082</span>", "<span data-toggle='tooltip' data-placement='right' title='原始值：1.18'>1.18</span>", "*", "*", "正常"], ["广东省", "珠江流域", "<span data-toggle='tooltip' data-placement='right' title='所在地市:中山市&#10;所属河流:西江'>横栏</span>", "07-14 08:00", "Ⅱ", "<span data-toggle='tooltip' data-placement='right' title='原始值：27.8'>27.8</span>", "<span data-toggle='tooltip' data-placement='right' title='原始值：7.89'>7.89</span>", "<span data-toggle='tooltip' data-placement='right' title='原始值：7.27'>7.27</span>", "<span data-toggle='tooltip' data-placement='right' title='原始值：260'>260.0</span>", "<span data-toggle='tooltip' data-placement='right' title='原始值：62.1'>62.1</span>", "<span data-toggle='tooltip' data-placement='right' title='原始值：3.34'>3.34</span>", "<span data-toggle='tooltip' data-placement='right' title='原始值：0.11192'>0.112</span>", "*", "*", "*", "*", "正常"], ["广西壮族自治区", "珠江流域", "<span data-toggle='tooltip' data-placement='right' title='所在地市:南宁市&#10;所属河流:邕江'>老口</span>", "07-14 04:00", "Ⅱ", "<span data-toggle='tooltip' data-placement='right' title='原始值：29.10656'>29.1</span>", "<span data-toggle='tooltip' data-placement='right' title='原始值：7.69102'>7.69</span>", "<span data-toggle='tooltip' data-placement='right' title='原始值：6.48225'>6.48</span>", "<span data-toggle='tooltip' data-placement='right' title='原始值：307.0966'>307.1</span>", "<span data-toggle='tooltip' data-placement='right' title='原始值：5.88103'>5.9</span>", "<span data-toggle='tooltip' data-placement='right' title='原始值：1.19486'>1.19</span>", "<span data-toggle='tooltip' data-placement='right' title='原始值：0.21286'>0.213</span>", "<span data-toggle='tooltip' data-placement='right' title='原始值：0.02439'>0.024</span>", "<span data-toggle='tooltip' data-placement='right' title='原始值：1.88374'>1.88</span>", "*", "*", "正常"], ["广西壮族自治区", "珠江流域", "<span data-toggle='tooltip' data-placement='right' title='所在地市:桂林市&#10;所属河流:漓江'>阳朔</span>", "07-14 08:00", "Ⅱ", "<span data-toggle='tooltip' data-placement='right' title='原始值：25'>25.0</span>", "<span data-toggle='tooltip' data-placement='right' title='原始值：7.07'>7.07</span>", "<span data-toggle='tooltip' data-placement='right' title='原始值：6.86'>6.86</span>", "<span data-toggle='tooltip' data-placement='right' title='原始值：96'>96.0</span>", "<span data-toggle='tooltip' data-placement='right' title='原始值：61.23752'>61.2</span>", "<span data-toggle='tooltip' data-placement='right' title='原始值：1.54318'>1.54</span>", "<span data-toggle='tooltip' data-placement='right' title='原始值：0.0356'>0.036</span>", "<span data-toggle='tooltip' data-placement='right' title='原始值：0.01302'>0.013</span>", "<span data-toggle='tooltip' data-placement='right' title='原始值：2.50399'>2.50</span>", "*", "*", "正常"], ["广西壮族自治区", "珠江流域", "<span data-toggle='tooltip' data-placement='right' title='所在地市:梧州市&#10;所属河流:浔江'>界首</span>", null, "", "--", "--", "--", "--", "--", "--", "--", "--", "--", "*", "*", "停站"], ["广西壮族自治区", "珠江流域", "<span data-toggle='tooltip' data-placement='right' title='所在地市:贵港市&#10;所属河流:浔江'>石嘴</span>", "07-14 08:00", "Ⅳ", "<span data-toggle='tooltip' data-placement='right' title='原始值：27.4888'>27.5</span>", "<span data-toggle='tooltip' data-placement='right' title='原始值：6.82389'>6.82</span>", "<span data-toggle='tooltip' data-placement='right' title='原始值：9.04413'>9.04</span>", "<span data-toggle='tooltip' data-placement='right' title='原始值：199.1288'>199.1</span>", "<span data-toggle='tooltip' data-placement='right' title='原始值：1546.1'>1546.1</span>", "<span data-toggle='tooltip' data-placement='right' title='原始值：9.82'>9.82</span>", "<span data-toggle='tooltip' data-placement='right' title='原始值：0.16'>0.160</span>", "<span data-toggle='tooltip' data-placement='right' title='原始值：0.13465'>0.135</span>", "<span data-toggle='tooltip' data-placement='right' title='原始值：11.1119'>11.11</span>", "*", "*", "正常"], ["广西壮族自治区", "珠江流域", "<span data-toggle='tooltip' data-placement='right' title='所在地市:崇左市&#10;所属河流:平而河'>平而关</span>", "07-14 08:00", "Ⅱ", "<span data-toggle='tooltip' data-placement='right' title='原始值：31.99305'>32.0</span>", "<span data-toggle='tooltip' data-placement='right' title='原始值：7.6682'>7.67</span>", "<span data-toggle='tooltip' data-placement='right' title='原始值：7.15087'>7.15</span>", "<span data-toggle='tooltip' data-placement='right' title='原始值：233.5845'>233.6</span>", "<span data-toggle='tooltip' data-placement='right' title='原始值：24.38812'>24.4</span>", "<span data-toggle='tooltip' data-placement='right' title='原始值：1.245'>1.24</span>", "<span data-toggle='tooltip' data-placement='right' title='原始值：0.06'>0.060</span>", "*", "*", "*", "*", "正常"], ["重庆市", "长江流域", "<span data-toggle='tooltip' data-placement='right' title='所在地市:永川区&#10;所属河流:长江'>朱沱</span>", null, "", "--", "--", "--", "--", "--", "--", "--", "--", "--", "*", "*", "停站"], ["四川省", "长江流域", "<span data-toggle='tooltip' data-placement='right' title='所在地市:攀枝花市&#10;所属河流:金沙江'>龙洞</span>", null, "", "--", "--", "--", "--", "--", "--", "--", "--", "--", "*", "*", "停站"], ["四川省", "长江流域", "<span data-toggle='tooltip' data-placement='right' title='所在地市:泸州市&#10;所属河流:沱江'>沱江大桥(沱江二桥)</span>", null, "", "--", "--", "--", "--", "--", "--", "--", "--", "--", "*", "*", "停站"], ["四川省", "长江流域", "<span data-toggle='tooltip' data-placement='right' title='所在地市:广元市&#10;所属河流:嘉陵江'>清风峡</span>", null, "", "--", "--", "--", "--", "--", "--", "--", "--", "--", "*", "*", "停站"], ["四川省", "长江流域", "<span data-toggle='tooltip' data-placement='right' title='所在地市:乐山市&#10;所属河流:岷江'>岷江大桥</span>", "07-14 08:00", "Ⅱ", "<span data-toggle='tooltip' data-placement='right' title='原始值：26.14291'>26.1</span>", "<span data-toggle='tooltip' data-placement='right' title='原始值：7.5358'>7.54</span>", "<span data-toggle='tooltip' data-placement='right' title='原始值：6.91075'>6.91</span>", "<span data-toggle='tooltip' data-placement='right' title='原始值：391.7484'>391.7</span>", "<span data-toggle='tooltip' data-placement='right' title='原始值：45.73512'>45.7</span>", "<span data-toggle='tooltip' data-placement='right' title='原始值：3.54'>3.54</span>", "<span data-toggle='tooltip' data-placement='right' title='原始值：0.3'>0.300</span>", "*", "*", "*", "*", "正常"], ["四川省", "长江流域", "<span data-toggle='tooltip' data-placement='right' title='所在地市:宜宾市&#10;所属河流:岷江'>凉姜沟</span>", null, "", "--", "--", "--", "--", "--", "--", "--", "--", "--", "*", "*", "停站"], ["云南省", "滇池流域", "<span data-toggle='tooltip' data-placement='right' title='所在地市:昆明市&#10;所属河流:滇池'>西苑隧道</span>", "07-14 08:00", "劣Ⅴ", "<span data-toggle='tooltip' data-placement='right' title='原始值：22.17851'>22.2</span>", "<span data-toggle='tooltip' data-placement='right' title='原始值：6.56102'>6.56</span>", "<span data-toggle='tooltip' data-placement='right' title='原始值：2.84319'>2.84</span>", "<span data-toggle='tooltip' data-placement='right' title='原始值：640.4366'>640.4</span>", "<span data-toggle='tooltip' data-placement='right' title='原始值：25.14136'>25.1</span>", "<span data-toggle='tooltip' data-placement='right' title='原始值：7.19998'>7.20</span>", "<span data-toggle='tooltip' data-placement='right' title='原始值：4.15999'>4.160</span>", "<span data-toggle='tooltip' data-placement='right' title='原始值：1.04636'>1.046</span>", "<span data-toggle='tooltip' data-placement='right' title='原始值：1.57609'>1.58</span>", "<span data-toggle='tooltip' data-placement='right' title='极值过滤'>--</span>", "<span data-toggle='tooltip' data-placement='right' title='原始值：9782500'>9782500</span>", "维护"], ["云南省", "滇池流域", "<span data-toggle='tooltip' data-placement='right' title='所在地市:昆明市&#10;所属河流:滇池'>观音山</span>", "07-14 08:00", "", "<span data-toggle='tooltip' data-placement='right' title='原始值：22.4886'>22.5</span>", "<span data-toggle='tooltip' data-placement='right' title='原始值：7.59789'>7.60</span>", "<span data-toggle='tooltip' data-placement='right' title='原始值：6.84498'>6.84</span>", "<span data-toggle='tooltip' data-placement='right' title='原始值：445.3956'>445.4</span>", "<span data-toggle='tooltip' data-placement='right' title='原始值：25.2617'>25.3</span>", "<span data-toggle='tooltip' data-placement='right' title='极值过滤'>--</span>", "<span data-toggle='tooltip' data-placement='right' title='原始值：0.16'>0.160</span>", "<span data-toggle='tooltip' data-placement='right' title='原始值：0.0885'>0.088</span>", "<span data-toggle='tooltip' data-placement='right' title='原始值：1.612'>1.61</span>", "<span data-toggle='tooltip' data-placement='right' title='原始值：0.04318'>0.043</span>", "<span data-toggle='tooltip' data-placement='right' title='原始值：7699912'>7699912</span>", "维护"], ["云南省", "西南诸河", "<span data-toggle='tooltip' data-placement='right' title='所在地市:红河哈尼族彝族自治州&#10;所属河流:红河'>河口县医院(河口)</span>", "07-14 08:00", "", "<span data-toggle='tooltip' data-placement='right' title='原始值：24.79021'>24.8</span>", "<span data-toggle='tooltip' data-placement='right' title='原始值：7.4929'>7.49</span>", "<span data-toggle='tooltip' data-placement='right' title='原始值：9.20531'>9.21</span>", "<span data-toggle='tooltip' data-placement='right' title='原始值：197.9429'>197.9</span>", "<span data-toggle='tooltip' data-placement='right' title='原始值：64.94753'>64.9</span>", "<span data-toggle='tooltip' data-placement='right' title='极值过滤'>--</span>", "<span data-toggle='tooltip' data-placement='right' title='原始值：0.12046'>0.120</span>", "<span data-toggle='tooltip' data-placement='right' title='原始值：0.09241'>0.092</span>", "<span data-toggle='tooltip' data-placement='right' title='原始值：1.61206'>1.61</span>", "*", "*", "维护"], ["云南省", "西南诸河", "<span data-toggle='tooltip' data-placement='right' title='所在地市:西双版纳傣族自治州&#10;所属河流:澜沧江'>橄榄坝</span>", "07-14 08:00", "", "<span data-toggle='tooltip' data-placement='right' title='原始值：18.51202'>18.5</span>", "<span data-toggle='tooltip' data-placement='right' title='原始值：7.49942'>7.50</span>", "<span data-toggle='tooltip' data-placement='right' title='原始值：6.16185'>6.16</span>", "<span data-toggle='tooltip' data-placement='right' title='原始值：681.2384'>681.2</span>", "<span data-toggle='tooltip' data-placement='right' title='原始值：26.04811'>26.0</span>", "<span data-toggle='tooltip' data-placement='right' title='极值过滤'>--</span>", "<span data-toggle='tooltip' data-placement='right' title='原始值：0.12511'>0.125</span>", "*", "*", "*", "*", "维护"], ["陕西省", "黄河流域", "<span data-toggle='tooltip' data-placement='right' title='所在地市:渭南市&#10;所属河流:渭河'>潼关吊桥</span>", null, "", "--", "--", "--", "--", "--", "--", "--", "--", "--", "*", "*", "停站"], ["甘肃省", "黄河流域", "<span data-toggle='tooltip' data-placement='right' title='所在地市:兰州市&#10;所属河流:黄河'>新城桥</span>", "07-14 08:00", "Ⅱ", "<span data-toggle='tooltip' data-placement='right' title='原始值：17.60369'>17.6</span>", "<span data-toggle='tooltip' data-placement='right' title='原始值：6.70826'>6.71</span>", "<span data-toggle='tooltip' data-placement='right' title='原始值：7.71163'>7.71</span>", "<span data-toggle='tooltip' data-placement='right' title='原始值：343.4457'>343.4</span>", "<span data-toggle='tooltip' data-placement='right' title='原始值：140.467'>140.5</span>", "<span data-toggle='tooltip' data-placement='right' title='原始值：2.17'>2.17</span>", "<span data-toggle='tooltip' data-placement='right' title='原始值：0.19'>0.190</span>", "<span data-toggle='tooltip' data-placement='right' title='原始值：0.03015'>0.030</span>", "<span data-toggle='tooltip' data-placement='right' title='原始值：2.52158'>2.52</span>", "*", "*", "正常"], ["宁夏回族自治区", "黄河流域", "<span data-toggle='tooltip' data-placement='right' title='所在地市:中卫市&#10;所属河流:黄河'>中卫下河沿(新墩)</span>", "07-14 08:00", "劣Ⅴ", "<span data-toggle='tooltip' data-placement='right' title='原始值：19.85858'>19.9</span>", "<span data-toggle='tooltip' data-placement='right' title='原始值：8.21514'>8.22</span>", "<span data-toggle='tooltip' data-placement='right' title='原始值：7.40036'>7.40</span>", "<span data-toggle='tooltip' data-placement='right' title='原始值：547.3321'>547.3</span>", "<span data-toggle='tooltip' data-placement='right' title='极值过滤'>--</span>", "<span data-toggle='tooltip' data-placement='right' title='原始值：8.84'>8.84</span>", "<span data-toggle='tooltip' data-placement='right' title='原始值：0.11'>0.110</span>", "<span data-toggle='tooltip' data-placement='right' title='原始值：0.7964'>0.796</span>", "<span data-toggle='tooltip' data-placement='right' title='原始值：2.3951'>2.40</span>", "*", "*", "维护"]]}