{"result": 1, "total": 1, "records": 98, "thead": ["省份", "流域", "断面名称", "监测时间", "水质类别", "水温<br/><span class='unit'>(℃)</span>", "pH<br/><span class='unit'>(无量纲)</span>", "溶解氧<br/><span class='unit'>(mg/L)</span>", "电导率<br/><span class='unit'>(μS/cm)</span>", "浊度<br/><span class='unit'>(NTU)</span>", "高锰酸盐指数<br/><span class='unit'>(mg/L)</span>", "氨氮<br/><span class='unit'>(mg/L)</span>", "总磷<br/><span class='unit'>(mg/L)</span>", "总氮<br/><span class='unit'>(mg/L)</span>", "叶绿素α<br/><span class='unit'>(mg/L)</span>", "藻密度<br/><span class='unit'>(cells/L)</span>", "站点情况"], "tbody": [["北京市", "海河流域", "<span data-toggle='tooltip' data-placement='right' title='所在地市:门头沟区&#10;所属河流:永定河'>沿河城</span>", null, "", "--", "--", "--", "--", "--", "--", "--", "--", "--", "*", "*", "停站"], ["北京市", "海河流域", "<span data-toggle='tooltip' data-placement='right' title='所在地市:密云区&#10;所属河流:潮河'>古北口</span>", "05-22 08:05", "Ⅱ", "<span data-toggle='tooltip' data-placement='right' title='原始值：23.54201'>23.5</span>", "<span data-toggle='tooltip' data-placement='right' title='原始值：7.17191'>7.17</span>", "<span data-toggle='tooltip' data-placement='right' title='原始值：7.7392'>7.74</span>", "<span data-toggle='tooltip' data-placement='right' title='原始值：592.3826'>592.4</span>", "<span data-toggle='tooltip' data-placement='right' title='原始值：1.18206'>1.2</span>", "<span data-toggle='tooltip' data-placement='right' title='原始值：0.98'>0.98</span>", "<span data-toggle='tooltip' data-placement='right' title='原始值：0.25'>0.250</span>", "<span data-toggle='tooltip' data-placement='right' title='原始值：0.0021'>0.002</span>", "<span data-toggle='tooltip' data-placement='right' title='原始值：4.3047'>4.30</span>", "*", "*", "正常"], ["天津市", "海河流域", "<span data-toggle='tooltip' data-placement='right' title='所在地市:河北区&#10;所属河流:海河'>三岔口</span>", "05-22 08:00", "Ⅳ", "<span data-toggle='tooltip' data-placement='right' title='原始值：21.4188'>21.4</span>", "<span data-toggle='tooltip' data-placement='right' title='原始值：7.5403'>7.54</span>", "<span data-toggle='tooltip' data-placement='right' title='原始值：7.534'>7.53</span>", "<span data-toggle='tooltip' data-placement='right' title='原始值：262.9083'>262.9</span>", "<span data-toggle='tooltip' data-placement='right' title='原始值：22.107'>22.1</span>", "<span data-toggle='tooltip' data-placement='right' title='原始值：0.89'>0.89</span>", "<span data-toggle='tooltip' data-placement='right' title='原始值：0.34'>0.340</span>", "<span data-toggle='tooltip' data-placement='right' title='原始值：0.2304'>0.230</span>", "<span data-toggle='tooltip' data-placement='right' title='原始值：0.8197'>0.82</span>", "*", "*", "正常"], ["天津市", "海河流域", "<span data-toggle='tooltip' data-placement='right' title='所在地市:蓟州区&#10;所属河流:果河'>果河桥</span>", "05-22 08:00", "", "<span data-toggle='tooltip' data-placement='right' title='原始值：17.3'>17.3</span>", "<span data-toggle='tooltip' data-placement='right' title='原始值：8.482'>8.48</span>", "<span data-toggle='tooltip' data-placement='right' title='原始值：8.969'>8.97</span>", "<span data-toggle='tooltip' data-placement='right' title='原始值：588.427'>588.4</span>", "<span data-toggle='tooltip' data-placement='right' title='原始值：6.17'>6.2</span>", "<span data-toggle='tooltip' data-placement='right' title='极值过滤'>--</span>", "<span data-toggle='tooltip' data-placement='right' title='极值过滤'>--</span>", "<span data-toggle='tooltip' data-placement='right' title='极值过滤'>--</span>", "<span data-toggle='tooltip' data-placement='right' title='极值过滤'>--</span>", "*", "*", "维护"], ["河北省", "海河流域", "<span data-toggle='tooltip' data-placement='right' title='所在地市:石家庄市&#10;所属河流:滹沱河'>岗南水库</span>", "05-22 08:00", "", "<span data-toggle='tooltip' data-placement='right' title='原始值：21.55416'>21.6</span>", "<span data-toggle='tooltip' data-placement='right' title='原始值：8.28053'>8.28</span>", "<span data-toggle='tooltip' data-placement='right' title='原始值：9.77191'>9.77</span>", "<span data-toggle='tooltip' data-placement='right' title='原始值：596.9357'>596.9</span>", "<span data-toggle='tooltip' data-placement='right' title='原始值：3.26112'>3.3</span>", "<span data-toggle='tooltip' data-placement='right' title='原始值：2.04684'>2.05</span>", "<span data-toggle='tooltip' data-placement='right' title='极值过滤'>--</span>", "<span data-toggle='tooltip' data-placement='right' title='原始值：0.01975'>0.020</span>", "<span data-toggle='tooltip' data-placement='right' title='原始值：2.34226'>2.34</span>", "*", "*", "维护"], ["河北省", "海河流域", "<span data-toggle='tooltip' data-placement='right' title='所在地市:张家口市&#10;所属河流:永定河'>八号桥</span>", "05-22 08:10", "Ⅳ", "<span data-toggle='tooltip' data-placement='right' title='原始值：17.65709'>17.7</span>", "<span data-toggle='tooltip' data-placement='right' title='原始值：8.2133'>8.21</span>", "<span data-toggle='tooltip' data-placement='right' title='原始值：7.59175'>7.59</span>", "<span data-toggle='tooltip' data-placement='right' title='原始值：1331.412'>1331.4</span>", "<span data-toggle='tooltip' data-placement='right' title='原始值：74.14365'>74.1</span>", "<span data-toggle='tooltip' data-placement='right' title='原始值：6.7'>6.70</span>", "<span data-toggle='tooltip' data-placement='right' title='原始值：0.8'>0.800</span>", "<span data-toggle='tooltip' data-placement='right' title='原始值：0.1625'>0.162</span>", "<span data-toggle='tooltip' data-placement='right' title='原始值：3.905'>3.90</span>", "*", "*", "正常"], ["山西省", "黄河流域", "<span data-toggle='tooltip' data-placement='right' title='所在地市:运城市&#10;所属河流:汾河'>河津大桥</span>", "05-22 08:00", "", "<span data-toggle='tooltip' data-placement='right' title='原始值：24.15686'>24.2</span>", "<span data-toggle='tooltip' data-placement='right' title='原始值：7.86538'>7.87</span>", "<span data-toggle='tooltip' data-placement='right' title='原始值：7.04657'>7.05</span>", "<span data-toggle='tooltip' data-placement='right' title='原始值：1439.084'>1439.1</span>", "<span data-toggle='tooltip' data-placement='right' title='原始值：310.4407'>310.4</span>", "<span data-toggle='tooltip' data-placement='right' title='原始值：9.525'>9.52</span>", "<span data-toggle='tooltip' data-placement='right' title='极值过滤'>--</span>", "*", "*", "*", "*", "维护"], ["山西省", "黄河流域", "<span data-toggle='tooltip' data-placement='right' title='所在地市:忻州市&#10;所属河流:黄河'>万家寨水库</span>", "05-22 08:00", "Ⅲ", "<span data-toggle='tooltip' data-placement='right' title='原始值：17.90462'>17.9</span>", "<span data-toggle='tooltip' data-placement='right' title='原始值：8.22891'>8.23</span>", "<span data-toggle='tooltip' data-placement='right' title='原始值：8.40465'>8.40</span>", "<span data-toggle='tooltip' data-placement='right' title='原始值：790.5854'>790.6</span>", "<span data-toggle='tooltip' data-placement='right' title='原始值：8.04496'>8.0</span>", "<span data-toggle='tooltip' data-placement='right' title='原始值：5.31'>5.31</span>", "<span data-toggle='tooltip' data-placement='right' title='原始值：0.3'>0.300</span>", "<span data-toggle='tooltip' data-placement='right' title='原始值：0.01825'>0.018</span>", "<span data-toggle='tooltip' data-placement='right' title='原始值：1.725'>1.72</span>", "*", "*", "正常"], ["内蒙古自治区", "黄河流域", "<span data-toggle='tooltip' data-placement='right' title='所在地市:包头市&#10;所属河流:黄河'>画匠营子</span>", "05-22 08:00", "Ⅱ", "<span data-toggle='tooltip' data-placement='right' title='原始值：16.08316'>16.1</span>", "<span data-toggle='tooltip' data-placement='right' title='原始值：7.84089'>7.84</span>", "<span data-toggle='tooltip' data-placement='right' title='原始值：8.15663'>8.16</span>", "<span data-toggle='tooltip' data-placement='right' title='原始值：959.0714'>959.1</span>", "<span data-toggle='tooltip' data-placement='right' title='原始值：500.4265'>500.4</span>", "<span data-toggle='tooltip' data-placement='right' title='原始值：3.29137'>3.29</span>", "<span data-toggle='tooltip' data-placement='right' title='原始值：0.04369'>0.044</span>", "*", "*", "*", "*", "正常"], ["内蒙古自治区", "黄河流域", "<span data-toggle='tooltip' data-placement='right' title='所在地市:乌海市&#10;所属河流:黄河'>海勃湾</span>", "05-22 08:05", "Ⅱ", "<span data-toggle='tooltip' data-placement='right' title='原始值：20.15447'>20.2</span>", "<span data-toggle='tooltip' data-placement='right' title='原始值：8.24978'>8.25</span>", "<span data-toggle='tooltip' data-placement='right' title='原始值：6.6987'>6.70</span>", "<span data-toggle='tooltip' data-placement='right' title='原始值：802.4894'>802.5</span>", "<span data-toggle='tooltip' data-placement='right' title='原始值：38.07596'>38.1</span>", "<span data-toggle='tooltip' data-placement='right' title='原始值：1.05'>1.05</span>", "<span data-toggle='tooltip' data-placement='right' title='原始值：0.09'>0.090</span>", "*", "*", "*", "*", "正常"], ["内蒙古自治区", "松花江流域", "<span data-toggle='tooltip' data-placement='right' title='所在地市:呼伦贝尔市&#10;所属河流:额尔古纳河'>黑山头</span>", null, "", "--", "--", "--", "--", "--", "--", "--", "--", "--", "*", "*", "维护"], ["辽宁省", "辽河流域", "<span data-toggle='tooltip' data-placement='right' title='所在地市:抚顺市&#10;所属河流:浑河'>大伙房水库</span>", "05-22 08:00", "", "<span data-toggle='tooltip' data-placement='right' title='原始值：16.48382'>16.5</span>", "<span data-toggle='tooltip' data-placement='right' title='原始值：7.27727'>7.28</span>", "<span data-toggle='tooltip' data-placement='right' title='原始值：10.26334'>10.26</span>", "<span data-toggle='tooltip' data-placement='right' title='原始值：305.5922'>305.6</span>", "<span data-toggle='tooltip' data-placement='right' title='原始值：7.85309'>7.9</span>", "<span data-toggle='tooltip' data-placement='right' title='极值过滤'>--</span>", "<span data-toggle='tooltip' data-placement='right' title='原始值：0.03'>0.030</span>", "<span data-toggle='tooltip' data-placement='right' title='极值过滤'>--</span>", "<span data-toggle='tooltip' data-placement='right' title='原始值：2.40883'>2.41</span>", "<span data-toggle='tooltip' data-placement='right' title='原始值：0.0009'>0.001</span>", "*", "维护"], ["辽宁省", "辽河流域", "<span data-toggle='tooltip' data-placement='right' title='所在地市:丹东市&#10;所属河流:鸭绿江'>江桥</span>", "05-22 08:00", "Ⅲ", "<span data-toggle='tooltip' data-placement='right' title='原始值：11.8'>11.8</span>", "<span data-toggle='tooltip' data-placement='right' title='原始值：7.92'>7.92</span>", "<span data-toggle='tooltip' data-placement='right' title='原始值：7.43871'>7.44</span>", "<span data-toggle='tooltip' data-placement='right' title='原始值：179'>179.0</span>", "<span data-toggle='tooltip' data-placement='right' title='原始值：18.40903'>18.4</span>", "<span data-toggle='tooltip' data-placement='right' title='原始值：0.95'>0.95</span>", "<span data-toggle='tooltip' data-placement='right' title='原始值：0.55896'>0.559</span>", "<span data-toggle='tooltip' data-placement='right' title='原始值：0.01882'>0.019</span>", "<span data-toggle='tooltip' data-placement='right' title='原始值：1.85053'>1.85</span>", "*", "*", "正常"], ["辽宁省", "辽河流域", "<span data-toggle='tooltip' data-placement='right' title='所在地市:营口市&#10;所属河流:大辽河'>辽河公园</span>", "05-22 08:05", "Ⅳ", "<span data-toggle='tooltip' data-placement='right' title='原始值：18.10348'>18.1</span>", "<span data-toggle='tooltip' data-placement='right' title='原始值：6.94538'>6.95</span>", "<span data-toggle='tooltip' data-placement='right' title='原始值：9.88038'>9.88</span>", "<span data-toggle='tooltip' data-placement='right' title='原始值：7654.149'>7654.1</span>", "<span data-toggle='tooltip' data-placement='right' title='原始值：141.1593'>141.2</span>", "<span data-toggle='tooltip' data-placement='right' title='原始值：5.75307'>5.75</span>", "<span data-toggle='tooltip' data-placement='right' title='原始值：0.13779'>0.138</span>", "<span data-toggle='tooltip' data-placement='right' title='原始值：0.20679'>0.207</span>", "<span data-toggle='tooltip' data-placement='right' title='原始值：5.23392'>5.23</span>", "*", "*", "正常"], ["辽宁省", "辽河流域", "<span data-toggle='tooltip' data-placement='right' title='所在地市:辽阳市&#10;所属河流:太子河'>汤河水库</span>", "05-22 08:00", "Ⅱ", "<span data-toggle='tooltip' data-placement='right' title='原始值：15.4'>15.4</span>", "<span data-toggle='tooltip' data-placement='right' title='原始值：8.55'>8.55</span>", "<span data-toggle='tooltip' data-placement='right' title='原始值：8.84969'>8.85</span>", "<span data-toggle='tooltip' data-placement='right' title='原始值：511.0001'>511.0</span>", "<span data-toggle='tooltip' data-placement='right' title='原始值：13.80586'>13.8</span>", "<span data-toggle='tooltip' data-placement='right' title='原始值：2.05'>2.05</span>", "<span data-toggle='tooltip' data-placement='right' title='原始值：0.03452'>0.035</span>", "<span data-toggle='tooltip' data-placement='right' title='原始值：0.008'>0.008</span>", "<span data-toggle='tooltip' data-placement='right' title='原始值：1.17035'>1.17</span>", "*", "*", "正常"], ["辽宁省", "辽河流域", "<span data-toggle='tooltip' data-placement='right' title='所在地市:盘锦市&#10;所属河流:辽河'>盘锦兴安(兴安)</span>", "05-22 08:00", "Ⅲ", "<span data-toggle='tooltip' data-placement='right' title='原始值：16.04268'>16.0</span>", "<span data-toggle='tooltip' data-placement='right' title='原始值：7.15784'>7.16</span>", "<span data-toggle='tooltip' data-placement='right' title='原始值：10.05222'>10.05</span>", "<span data-toggle='tooltip' data-placement='right' title='原始值：626.4651'>626.5</span>", "<span data-toggle='tooltip' data-placement='right' title='原始值：104.0191'>104.0</span>", "<span data-toggle='tooltip' data-placement='right' title='原始值：2.5446'>2.54</span>", "<span data-toggle='tooltip' data-placement='right' title='原始值：0.08'>0.080</span>", "<span data-toggle='tooltip' data-placement='right' title='原始值：0.10224'>0.102</span>", "<span data-toggle='tooltip' data-placement='right' title='原始值：3.49768'>3.50</span>", "*", "*", "正常"], ["辽宁省", "辽河流域", "<span data-toggle='tooltip' data-placement='right' title='所在地市:铁岭市&#10;所属河流:辽河'>珠尔山</span>", "05-22 08:00", "Ⅱ", "<span data-toggle='tooltip' data-placement='right' title='原始值：15.02907'>15.0</span>", "<span data-toggle='tooltip' data-placement='right' title='原始值：7.75218'>7.75</span>", "<span data-toggle='tooltip' data-placement='right' title='原始值：7.43257'>7.43</span>", "<span data-toggle='tooltip' data-placement='right' title='原始值：358.0596'>358.1</span>", "<span data-toggle='tooltip' data-placement='right' title='原始值：31.87061'>31.9</span>", "<span data-toggle='tooltip' data-placement='right' title='原始值：3.02673'>3.03</span>", "<span data-toggle='tooltip' data-placement='right' title='原始值：0.14'>0.140</span>", "<span data-toggle='tooltip' data-placement='right' title='原始值：0.06554'>0.066</span>", "<span data-toggle='tooltip' data-placement='right' title='原始值：2.14978'>2.15</span>", "*", "*", "正常"], ["吉林省", "松花江流域", "<span data-toggle='tooltip' data-placement='right' title='所在地市:长春市&#10;所属河流:松花江'>松花江村</span>", "05-22 08:05", "Ⅱ", "<span data-toggle='tooltip' data-placement='right' title='原始值：18.73987'>18.7</span>", "<span data-toggle='tooltip' data-placement='right' title='原始值：6.92755'>6.93</span>", "<span data-toggle='tooltip' data-placement='right' title='原始值：9.21191'>9.21</span>", "<span data-toggle='tooltip' data-placement='right' title='原始值：304.868'>304.9</span>", "<span data-toggle='tooltip' data-placement='right' title='原始值：22.04259'>22.0</span>", "<span data-toggle='tooltip' data-placement='right' title='原始值：2.5775'>2.58</span>", "<span data-toggle='tooltip' data-placement='right' title='原始值：0.19'>0.190</span>", "<span data-toggle='tooltip' data-placement='right' title='原始值：0.02927'>0.029</span>", "<span data-toggle='tooltip' data-placement='right' title='原始值：2.68325'>2.68</span>", "*", "*", "正常"], ["吉林省", "松花江流域", "<span data-toggle='tooltip' data-placement='right' title='所在地市:白城市&#10;所属河流:嫩江'>白沙滩</span>", null, "", "--", "--", "--", "--", "--", "--", "--", "--", "--", "*", "*", "停站"], ["吉林省", "松花江流域", "<span data-toggle='tooltip' data-placement='right' title='所在地市:延边朝鲜族自治州&#10;所属河流:图们江'>圈河</span>", "05-22 08:00", "Ⅱ", "<span data-toggle='tooltip' data-placement='right' title='原始值：14.3'>14.3</span>", "<span data-toggle='tooltip' data-placement='right' title='原始值：7.61'>7.61</span>", "<span data-toggle='tooltip' data-placement='right' title='原始值：10.82001'>10.82</span>", "<span data-toggle='tooltip' data-placement='right' title='原始值：118'>118.0</span>", "<span data-toggle='tooltip' data-placement='right' title='原始值：36'>36.0</span>", "<span data-toggle='tooltip' data-placement='right' title='原始值：3.28'>3.28</span>", "<span data-toggle='tooltip' data-placement='right' title='原始值：0.22628'>0.226</span>", "<span data-toggle='tooltip' data-placement='right' title='原始值：0.09496'>0.095</span>", "<span data-toggle='tooltip' data-placement='right' title='原始值：1.75571'>1.76</span>", "*", "*", "正常"], ["黑龙江省", "松花江流域", "<span data-toggle='tooltip' data-placement='right' title='所在地市:大庆市&#10;所属河流:松花江'>肇源</span>", null, "", "--", "--", "--", "--", "--", "--", "--", "--", "--", "*", "*", "停站"], ["黑龙江省", "松花江流域", "<span data-toggle='tooltip' data-placement='right' title='所在地市:佳木斯市&#10;所属河流:乌苏里江'>乌苏镇</span>", "05-22 04:00", "Ⅳ", "<span data-toggle='tooltip' data-placement='right' title='极值过滤'>--</span>", "<span data-toggle='tooltip' data-placement='right' title='原始值：6.64651'>6.65</span>", "<span data-toggle='tooltip' data-placement='right' title='原始值：9.29971'>9.30</span>", "<span data-toggle='tooltip' data-placement='right' title='原始值：374.834'>374.8</span>", "<span data-toggle='tooltip' data-placement='right' title='原始值：271.2'>271.2</span>", "<span data-toggle='tooltip' data-placement='right' title='原始值：6.92'>6.92</span>", "<span data-toggle='tooltip' data-placement='right' title='原始值：0.33656'>0.337</span>", "<span data-toggle='tooltip' data-placement='right' title='原始值：0.0699'>0.070</span>", "<span data-toggle='tooltip' data-placement='right' title='原始值：1.20689'>1.21</span>", "*", "*", "维护"], ["黑龙江省", "松花江流域", "<span data-toggle='tooltip' data-placement='right' title='所在地市:佳木斯市&#10;所属河流:松花江'>同江</span>", "05-22 08:00", "", "<span data-toggle='tooltip' data-placement='right' title='原始值：14.5'>14.5</span>", "<span data-toggle='tooltip' data-placement='right' title='极值过滤'>--</span>", "<span data-toggle='tooltip' data-placement='right' title='原始值：11.00002'>11.00</span>", "<span data-toggle='tooltip' data-placement='right' title='原始值：239.2581'>239.3</span>", "<span data-toggle='tooltip' data-placement='right' title='原始值：70.00211'>70.0</span>", "<span data-toggle='tooltip' data-placement='right' title='原始值：5.01259'>5.01</span>", "<span data-toggle='tooltip' data-placement='right' title='原始值：0.14282'>0.143</span>", "<span data-toggle='tooltip' data-placement='right' title='原始值：0.14941'>0.149</span>", "<span data-toggle='tooltip' data-placement='right' title='原始值：2.51683'>2.52</span>", "*", "*", "维护"], ["黑龙江省", "松花江流域", "<span data-toggle='tooltip' data-placement='right' title='所在地市:黑河市&#10;所属河流:黑龙江'>黑河下(黑河)</span>", "05-22 08:05", "", "<span data-toggle='tooltip' data-placement='right' title='原始值：12.11153'>12.1</span>", "<span data-toggle='tooltip' data-placement='right' title='原始值：8.29353'>8.29</span>", "<span data-toggle='tooltip' data-placement='right' title='原始值：8.60282'>8.60</span>", "<span data-toggle='tooltip' data-placement='right' title='原始值：225.7921'>225.8</span>", "<span data-toggle='tooltip' data-placement='right' title='原始值：28.43341'>28.4</span>", "<span data-toggle='tooltip' data-placement='right' title='极值过滤'>--</span>", "<span data-toggle='tooltip' data-placement='right' title='原始值：0.002'>0.002</span>", "--", "--", "*", "*", "维护"], ["上海市", "长江流域", "<span data-toggle='tooltip' data-placement='right' title='所在地市:青浦区&#10;所属河流:淀山湖'>急水港桥</span>", "05-22 08:00", "Ⅳ", "<span data-toggle='tooltip' data-placement='right' title='原始值：23.7'>23.7</span>", "<span data-toggle='tooltip' data-placement='right' title='原始值：7.19'>7.19</span>", "<span data-toggle='tooltip' data-placement='right' title='原始值：7.32'>7.32</span>", "<span data-toggle='tooltip' data-placement='right' title='原始值：661'>661.0</span>", "<span data-toggle='tooltip' data-placement='right' title='原始值：451.1'>451.1</span>", "<span data-toggle='tooltip' data-placement='right' title='原始值：3.94531'>3.95</span>", "<span data-toggle='tooltip' data-placement='right' title='原始值：0.10904'>0.109</span>", "<span data-toggle='tooltip' data-placement='right' title='原始值：0.06445'>0.064</span>", "<span data-toggle='tooltip' data-placement='right' title='原始值：2.95314'>2.95</span>", "<span data-toggle='tooltip' data-placement='right' title='原始值：0.00554'>0.006</span>", "<span data-toggle='tooltip' data-placement='right' title='原始值：4504753'>4504753</span>", "正常"], ["江苏省", "长江流域", "<span data-toggle='tooltip' data-placement='right' title='所在地市:南京市&#10;所属河流:长江'>林山</span>", "05-22 08:00", "Ⅱ", "<span data-toggle='tooltip' data-placement='right' title='原始值：23.4496'>23.4</span>", "<span data-toggle='tooltip' data-placement='right' title='原始值：7.79254'>7.79</span>", "<span data-toggle='tooltip' data-placement='right' title='原始值：7.09695'>7.10</span>", "<span data-toggle='tooltip' data-placement='right' title='原始值：326.36'>326.4</span>", "<span data-toggle='tooltip' data-placement='right' title='原始值：33.9831'>34.0</span>", "<span data-toggle='tooltip' data-placement='right' title='原始值：1.76'>1.76</span>", "<span data-toggle='tooltip' data-placement='right' title='原始值：0.051'>0.051</span>", "*", "*", "*", "*", "正常"], ["江苏省", "太湖流域", "<span data-toggle='tooltip' data-placement='right' title='所在地市:无锡市&#10;所属河流:太湖'>沙渚</span>", "05-22 08:00", "Ⅳ", "<span data-toggle='tooltip' data-placement='right' title='原始值：25.97358'>26.0</span>", "<span data-toggle='tooltip' data-placement='right' title='原始值：8.038488'>8.04</span>", "<span data-toggle='tooltip' data-placement='right' title='原始值：7.957077'>7.96</span>", "<span data-toggle='tooltip' data-placement='right' title='极值过滤'>--</span>", "<span data-toggle='tooltip' data-placement='right' title='极值过滤'>--</span>", "<span data-toggle='tooltip' data-placement='right' title='原始值：6.39'>6.39</span>", "<span data-toggle='tooltip' data-placement='right' title='原始值：0.33'>0.330</span>", "<span data-toggle='tooltip' data-placement='right' title='原始值：0.1677'>0.168</span>", "<span data-toggle='tooltip' data-placement='right' title='原始值：4.637'>4.64</span>", "*", "*", "维护"], ["江苏省", "淮河流域", "<span data-toggle='tooltip' data-placement='right' title='所在地市:徐州市&#10;所属河流:武河'>小红圈</span>", null, "", "--", "--", "--", "--", "--", "--", "--", "--", "--", "*", "*", "停站"], ["江苏省", "淮河流域", "<span data-toggle='tooltip' data-placement='right' title='所在地市:徐州市&#10;所属河流:沿河'>李集桥</span>", "05-22 08:00", "Ⅲ", "<span data-toggle='tooltip' data-placement='right' title='原始值：23.9'>23.9</span>", "<span data-toggle='tooltip' data-placement='right' title='原始值：7.98'>7.98</span>", "<span data-toggle='tooltip' data-placement='right' title='原始值：9.74'>9.74</span>", "<span data-toggle='tooltip' data-placement='right' title='原始值：1081.9'>1081.9</span>", "<span data-toggle='tooltip' data-placement='right' title='原始值：146.86'>146.9</span>", "<span data-toggle='tooltip' data-placement='right' title='原始值：4.73'>4.73</span>", "<span data-toggle='tooltip' data-placement='right' title='原始值：0.018'>0.018</span>", "<span data-toggle='tooltip' data-placement='right' title='原始值：0.085'>0.085</span>", "<span data-toggle='tooltip' data-placement='right' title='原始值：1.321'>1.32</span>", "*", "*", "正常"], ["江苏省", "淮河流域", "<span data-toggle='tooltip' data-placement='right' title='所在地市:徐州市&#10;所属河流:邳苍分洪道'>艾山西大桥</span>", "05-22 08:00", "Ⅳ", "<span data-toggle='tooltip' data-placement='right' title='原始值：25.1805'>25.2</span>", "<span data-toggle='tooltip' data-placement='right' title='原始值：8.59386'>8.59</span>", "<span data-toggle='tooltip' data-placement='right' title='原始值：12.7323'>12.73</span>", "<span data-toggle='tooltip' data-placement='right' title='原始值：651.654'>651.7</span>", "<span data-toggle='tooltip' data-placement='right' title='原始值：8.6642'>8.7</span>", "<span data-toggle='tooltip' data-placement='right' title='原始值：7.82'>7.82</span>", "<span data-toggle='tooltip' data-placement='right' title='原始值：0.16'>0.160</span>", "<span data-toggle='tooltip' data-placement='right' title='原始值：0.05218'>0.052</span>", "<span data-toggle='tooltip' data-placement='right' title='原始值：0.86434'>0.86</span>", "*", "*", "正常"], ["江苏省", "太湖流域", "<span data-toggle='tooltip' data-placement='right' title='所在地市:苏州市&#10;所属河流:太湖'>兰山嘴(老)</span>", "05-22 08:00", "Ⅳ", "<span data-toggle='tooltip' data-placement='right' title='原始值：23.2576'>23.3</span>", "<span data-toggle='tooltip' data-placement='right' title='原始值：7.37324'>7.37</span>", "<span data-toggle='tooltip' data-placement='right' title='原始值：7.0709'>7.07</span>", "<span data-toggle='tooltip' data-placement='right' title='原始值：433.3771'>433.4</span>", "<span data-toggle='tooltip' data-placement='right' title='原始值：231.6478'>231.6</span>", "<span data-toggle='tooltip' data-placement='right' title='原始值：3.6'>3.60</span>", "<span data-toggle='tooltip' data-placement='right' title='原始值：0.24'>0.240</span>", "<span data-toggle='tooltip' data-placement='right' title='原始值：0.23862'>0.239</span>", "<span data-toggle='tooltip' data-placement='right' title='原始值：6.888'>6.89</span>", "*", "*", "正常"], ["江苏省", "太湖流域", "<span data-toggle='tooltip' data-placement='right' title='所在地市:苏州市&#10;所属河流:太湖'>西山</span>", "05-22 08:00", "Ⅲ", "<span data-toggle='tooltip' data-placement='right' title='原始值：24.06041'>24.1</span>", "<span data-toggle='tooltip' data-placement='right' title='原始值：7.72847'>7.73</span>", "<span data-toggle='tooltip' data-placement='right' title='原始值：7.40779'>7.41</span>", "<span data-toggle='tooltip' data-placement='right' title='原始值：459.4016'>459.4</span>", "<span data-toggle='tooltip' data-placement='right' title='原始值：78.08122'>78.1</span>", "<span data-toggle='tooltip' data-placement='right' title='原始值：1.95'>1.95</span>", "<span data-toggle='tooltip' data-placement='right' title='原始值：0.65'>0.650</span>", "<span data-toggle='tooltip' data-placement='right' title='原始值：0.0356'>0.036</span>", "<span data-toggle='tooltip' data-placement='right' title='原始值：0.8836'>0.88</span>", "*", "*", "正常"], ["江苏省", "淮河流域", "<span data-toggle='tooltip' data-placement='right' title='所在地市:连云港市&#10;所属河流:新沭河'>大兴桥</span>", null, "", "--", "--", "--", "--", "--", "--", "--", "*", "*", "*", "*", "维护"], ["江苏省", "淮河流域", "<span data-toggle='tooltip' data-placement='right' title='所在地市:淮安市&#10;所属河流:淮河'>淮河大桥</span>", "05-22 08:00", "", "<span data-toggle='tooltip' data-placement='right' title='原始值：24.09373'>24.1</span>", "<span data-toggle='tooltip' data-placement='right' title='原始值：7.81868'>7.82</span>", "<span data-toggle='tooltip' data-placement='right' title='原始值：8.78519'>8.79</span>", "<span data-toggle='tooltip' data-placement='right' title='原始值：612.0222'>612.0</span>", "<span data-toggle='tooltip' data-placement='right' title='原始值：56.73669'>56.7</span>", "<span data-toggle='tooltip' data-placement='right' title='原始值：3.63'>3.63</span>", "<span data-toggle='tooltip' data-placement='right' title='极值过滤'>--</span>", "<span data-toggle='tooltip' data-placement='right' title='原始值：0.0655'>0.066</span>", "<span data-toggle='tooltip' data-placement='right' title='原始值：1.4675'>1.47</span>", "*", "*", "维护"], ["江苏省", "长江流域", "<span data-toggle='tooltip' data-placement='right' title='所在地市:扬州市&#10;所属河流:夹江'>三江营</span>", null, "", "--", "--", "--", "--", "--", "--", "--", "--", "--", "*", "*", "停站"], ["江苏省", "淮河流域", "<span data-toggle='tooltip' data-placement='right' title='所在地市:宿迁市&#10;所属河流:新濉河'>大屈</span>", "05-22 08:00", "Ⅳ", "<span data-toggle='tooltip' data-placement='right' title='原始值：24.5'>24.5</span>", "<span data-toggle='tooltip' data-placement='right' title='原始值：7.86'>7.86</span>", "<span data-toggle='tooltip' data-placement='right' title='原始值：6.52'>6.52</span>", "<span data-toggle='tooltip' data-placement='right' title='原始值：884.4'>884.4</span>", "<span data-toggle='tooltip' data-placement='right' title='原始值：83.11'>83.1</span>", "<span data-toggle='tooltip' data-placement='right' title='原始值：6.56'>6.56</span>", "<span data-toggle='tooltip' data-placement='right' title='原始值：0.13'>0.130</span>", "<span data-toggle='tooltip' data-placement='right' title='原始值：0.011'>0.011</span>", "<span data-toggle='tooltip' data-placement='right' title='原始值：0.706'>0.71</span>", "*", "*", "正常"], ["浙江省", "浙闽片河流", "<span data-toggle='tooltip' data-placement='right' title='所在地市:杭州市&#10;所属河流:新安江'>街口(鸠坑口)</span>", null, "", "--", "--", "--", "--", "--", "--", "--", "--", "--", "*", "*", "停站"], ["浙江省", "太湖流域", "<span data-toggle='tooltip' data-placement='right' title='所在地市:嘉兴市&#10;所属河流:斜路港河'>斜路港</span>", "05-22 08:00", "Ⅳ", "<span data-toggle='tooltip' data-placement='right' title='原始值：24.3'>24.3</span>", "<span data-toggle='tooltip' data-placement='right' title='原始值：7.38'>7.38</span>", "<span data-toggle='tooltip' data-placement='right' title='原始值：4.21'>4.21</span>", "<span data-toggle='tooltip' data-placement='right' title='原始值：572'>572.0</span>", "<span data-toggle='tooltip' data-placement='right' title='原始值：183.3'>183.3</span>", "<span data-toggle='tooltip' data-placement='right' title='原始值：5.62'>5.62</span>", "<span data-toggle='tooltip' data-placement='right' title='原始值：0.04153'>0.042</span>", "<span data-toggle='tooltip' data-placement='right' title='原始值：0.09812'>0.098</span>", "<span data-toggle='tooltip' data-placement='right' title='原始值：1.47555'>1.48</span>", "*", "*", "正常"], ["浙江省", "太湖流域", "<span data-toggle='tooltip' data-placement='right' title='所在地市:嘉兴市&#10;所属河流:京杭运河'>王江泾</span>", null, "", "--", "--", "--", "--", "--", "--", "--", "--", "--", "*", "*", "停站"], ["浙江省", "太湖流域", "<span data-toggle='tooltip' data-placement='right' title='所在地市:湖州市&#10;所属河流:西苕溪'>新港口(新塘港)</span>", null, "", "--", "--", "--", "--", "--", "--", "--", "--", "--", "*", "*", "维护"], ["安徽省", "巢湖流域", "<span data-toggle='tooltip' data-placement='right' title='所在地市:合肥市&#10;所属河流:巢湖'>湖滨(老)</span>", "05-22 08:00", "Ⅴ", "<span data-toggle='tooltip' data-placement='right' title='原始值：26.69982'>26.7</span>", "<span data-toggle='tooltip' data-placement='right' title='原始值：6.74754'>6.75</span>", "<span data-toggle='tooltip' data-placement='right' title='原始值：2.19191'>2.19</span>", "<span data-toggle='tooltip' data-placement='right' title='原始值：420.9595'>421.0</span>", "<span data-toggle='tooltip' data-placement='right' title='原始值：77.90777'>77.9</span>", "<span data-toggle='tooltip' data-placement='right' title='原始值：6'>6.00</span>", "<span data-toggle='tooltip' data-placement='right' title='原始值：0.4'>0.400</span>", "<span data-toggle='tooltip' data-placement='right' title='原始值：0.0381'>0.038</span>", "<span data-toggle='tooltip' data-placement='right' title='原始值：1.452'>1.45</span>", "<span data-toggle='tooltip' data-placement='right' title='原始值：0.05224'>0.052</span>", "*", "正常"], ["安徽省", "巢湖流域", "<span data-toggle='tooltip' data-placement='right' title='所在地市:芜湖市&#10;所属河流:巢湖'>裕溪口(老)</span>", null, "", "--", "--", "--", "--", "--", "--", "--", "--", "--", "*", "*", "停站"], ["安徽省", "淮河流域", "<span data-toggle='tooltip' data-placement='right' title='所在地市:蚌埠市&#10;所属河流:淮河'>蚌埠闸上(蚌埠闸)</span>", null, "", "--", "--", "--", "--", "--", "--", "--", "--", "--", "*", "*", "停站"], ["安徽省", "淮河流域", "<span data-toggle='tooltip' data-placement='right' title='所在地市:淮南市&#10;所属河流:淮河'>石头埠(老)</span>", "05-22 08:01", "Ⅲ", "<span data-toggle='tooltip' data-placement='right' title='原始值：25.21054'>25.2</span>", "<span data-toggle='tooltip' data-placement='right' title='原始值：6.69566'>6.70</span>", "<span data-toggle='tooltip' data-placement='right' title='原始值：8.0915'>8.09</span>", "<span data-toggle='tooltip' data-placement='right' title='原始值：667.0739'>667.1</span>", "<span data-toggle='tooltip' data-placement='right' title='原始值：38.72887'>38.7</span>", "<span data-toggle='tooltip' data-placement='right' title='原始值：4.07998'>4.08</span>", "<span data-toggle='tooltip' data-placement='right' title='原始值：0.21'>0.210</span>", "*", "*", "*", "*", "正常"], ["安徽省", "淮河流域", "<span data-toggle='tooltip' data-placement='right' title='所在地市:淮北市&#10;所属河流:沱河'>小王桥</span>", null, "", "--", "--", "--", "--", "--", "--", "--", "--", "--", "*", "*", "停站"], ["安徽省", "长江流域", "<span data-toggle='tooltip' data-placement='right' title='所在地市:安庆市&#10;所属河流:长江'>皖河口</span>", null, "", "--", "--", "--", "--", "--", "--", "--", "--", "--", "*", "*", "停站"], ["安徽省", "淮河流域", "<span data-toggle='tooltip' data-placement='right' title='所在地市:滁州市&#10;所属河流:淮河'>小柳巷</span>", "05-22 08:00", "Ⅲ", "<span data-toggle='tooltip' data-placement='right' title='原始值：23.3'>23.3</span>", "<span data-toggle='tooltip' data-placement='right' title='原始值：8.18'>8.18</span>", "<span data-toggle='tooltip' data-placement='right' title='原始值：8.89'>8.89</span>", "<span data-toggle='tooltip' data-placement='right' title='原始值：693.8'>693.8</span>", "<span data-toggle='tooltip' data-placement='right' title='原始值：89.11'>89.1</span>", "<span data-toggle='tooltip' data-placement='right' title='原始值：4.17'>4.17</span>", "<span data-toggle='tooltip' data-placement='right' title='原始值：0.03'>0.030</span>", "<span data-toggle='tooltip' data-placement='right' title='原始值：0.044'>0.044</span>", "<span data-toggle='tooltip' data-placement='right' title='原始值：2.228'>2.23</span>", "*", "*", "正常"], ["安徽省", "淮河流域", "<span data-toggle='tooltip' data-placement='right' title='所在地市:阜阳市&#10;所属河流:黑茨河'>张大桥</span>", "05-22 08:00", "Ⅲ", "<span data-toggle='tooltip' data-placement='right' title='原始值：26.5'>26.5</span>", "<span data-toggle='tooltip' data-placement='right' title='原始值：8.7'>8.70</span>", "<span data-toggle='tooltip' data-placement='right' title='原始值：8.56'>8.56</span>", "<span data-toggle='tooltip' data-placement='right' title='原始值：2512.9'>2512.9</span>", "<span data-toggle='tooltip' data-placement='right' title='原始值：16.87'>16.9</span>", "<span data-toggle='tooltip' data-placement='right' title='原始值：4.13'>4.13</span>", "<span data-toggle='tooltip' data-placement='right' title='原始值：0.02'>0.020</span>", "<span data-toggle='tooltip' data-placement='right' title='原始值：0.137'>0.137</span>", "<span data-toggle='tooltip' data-placement='right' title='原始值：0.996'>1.00</span>", "*", "*", "正常"], ["安徽省", "淮河流域", "<span data-toggle='tooltip' data-placement='right' title='所在地市:阜阳市&#10;所属河流:淮河'>王家坝</span>", "05-22 08:00", "Ⅲ", "<span data-toggle='tooltip' data-placement='right' title='原始值：25.45968'>25.5</span>", "<span data-toggle='tooltip' data-placement='right' title='原始值：8.02072'>8.02</span>", "<span data-toggle='tooltip' data-placement='right' title='原始值：9.52721'>9.53</span>", "<span data-toggle='tooltip' data-placement='right' title='原始值：695.1431'>695.1</span>", "<span data-toggle='tooltip' data-placement='right' title='原始值：25.90931'>25.9</span>", "<span data-toggle='tooltip' data-placement='right' title='原始值：4.51'>4.51</span>", "<span data-toggle='tooltip' data-placement='right' title='原始值：0.3'>0.300</span>", "<span data-toggle='tooltip' data-placement='right' title='原始值：0.00074'>0.001</span>", "<span data-toggle='tooltip' data-placement='right' title='原始值：1.54781'>1.55</span>", "*", "*", "正常"], ["安徽省", "淮河流域", "<span data-toggle='tooltip' data-placement='right' title='所在地市:阜阳市&#10;所属河流:颍河'>界首七渡口(七渡口)</span>", "05-22 08:00", "Ⅳ", "<span data-toggle='tooltip' data-placement='right' title='原始值：19.6295'>19.6</span>", "<span data-toggle='tooltip' data-placement='right' title='原始值：7.63841'>7.64</span>", "<span data-toggle='tooltip' data-placement='right' title='原始值：3.33621'>3.34</span>", "<span data-toggle='tooltip' data-placement='right' title='原始值：935.4353'>935.4</span>", "<span data-toggle='tooltip' data-placement='right' title='原始值：6.88313'>6.9</span>", "<span data-toggle='tooltip' data-placement='right' title='原始值：3.62'>3.62</span>", "<span data-toggle='tooltip' data-placement='right' title='原始值：0.12'>0.120</span>", "<span data-toggle='tooltip' data-placement='right' title='原始值：0.10209'>0.102</span>", "<span data-toggle='tooltip' data-placement='right' title='原始值：3.94783'>3.95</span>", "*", "*", "正常"], ["安徽省", "淮河流域", "<span data-toggle='tooltip' data-placement='right' title='所在地市:阜阳市&#10;所属河流:泉河'>许庄(徐庄)</span>", "05-22 08:00", "Ⅲ", "<span data-toggle='tooltip' data-placement='right' title='原始值：23.3'>23.3</span>", "<span data-toggle='tooltip' data-placement='right' title='原始值：7.41'>7.41</span>", "<span data-toggle='tooltip' data-placement='right' title='原始值：6.96'>6.96</span>", "<span data-toggle='tooltip' data-placement='right' title='原始值：1025.1'>1025.1</span>", "<span data-toggle='tooltip' data-placement='right' title='原始值：50.49'>50.5</span>", "<span data-toggle='tooltip' data-placement='right' title='原始值：4.04'>4.04</span>", "<span data-toggle='tooltip' data-placement='right' title='原始值：0.05'>0.050</span>", "<span data-toggle='tooltip' data-placement='right' title='原始值：0.071'>0.071</span>", "<span data-toggle='tooltip' data-placement='right' title='原始值：0.45'>0.45</span>", "*", "*", "正常"], ["安徽省", "淮河流域", "<span data-toggle='tooltip' data-placement='right' title='所在地市:宿州市&#10;所属河流:奎河'>杨庄</span>", "05-22 08:02", "Ⅳ", "<span data-toggle='tooltip' data-placement='right' title='原始值：23.56'>23.6</span>", "<span data-toggle='tooltip' data-placement='right' title='原始值：7.42'>7.42</span>", "<span data-toggle='tooltip' data-placement='right' title='原始值：5.22'>5.22</span>", "<span data-toggle='tooltip' data-placement='right' title='原始值：995.9'>995.9</span>", "<span data-toggle='tooltip' data-placement='right' title='原始值：67.59'>67.6</span>", "<span data-toggle='tooltip' data-placement='right' title='原始值：7.02'>7.02</span>", "<span data-toggle='tooltip' data-placement='right' title='原始值：0.411'>0.411</span>", "*", "*", "*", "*", "正常"], ["安徽省", "淮河流域", "<span data-toggle='tooltip' data-placement='right' title='所在地市:宿州市&#10;所属河流:新汴河'>泗县公路桥</span>", null, "", "--", "--", "--", "--", "--", "--", "--", "--", "--", "*", "*", "停站"], ["安徽省", "淮河流域", "<span data-toggle='tooltip' data-placement='right' title='所在地市:亳州市&#10;所属河流:包河'>颜集</span>", "05-22 08:00", "", "<span data-toggle='tooltip' data-placement='right' title='原始值：24.2'>24.2</span>", "<span data-toggle='tooltip' data-placement='right' title='原始值：7.76'>7.76</span>", "<span data-toggle='tooltip' data-placement='right' title='原始值：8.07'>8.07</span>", "<span data-toggle='tooltip' data-placement='right' title='原始值：1774.7'>1774.7</span>", "<span data-toggle='tooltip' data-placement='right' title='原始值：521.14'>521.1</span>", "<span data-toggle='tooltip' data-placement='right' title='原始值：4.16'>4.16</span>", "<span data-toggle='tooltip' data-placement='right' title='极值过滤'>--</span>", "<span data-toggle='tooltip' data-placement='right' title='原始值：0.24'>0.240</span>", "<span data-toggle='tooltip' data-placement='right' title='原始值：4.742'>4.74</span>", "*", "*", "维护"], ["福建省", "浙闽片河流", "<span data-toggle='tooltip' data-placement='right' title='所在地市:福州市&#10;所属河流:闽江'>白岩潭</span>", null, "", "--", "--", "--", "--", "--", "--", "--", "--", "--", "*", "*", "停站"], ["江西省", "长江流域", "<span data-toggle='tooltip' data-placement='right' title='所在地市:南昌市&#10;所属河流:赣江南支'>滁槎</span>", "05-22 08:00", "Ⅳ", "<span data-toggle='tooltip' data-placement='right' title='原始值：25.95332'>26.0</span>", "<span data-toggle='tooltip' data-placement='right' title='原始值：7.17294'>7.17</span>", "<span data-toggle='tooltip' data-placement='right' title='原始值：4.53994'>4.54</span>", "<span data-toggle='tooltip' data-placement='right' title='原始值：187.3577'>187.4</span>", "<span data-toggle='tooltip' data-placement='right' title='原始值：18.84721'>18.8</span>", "<span data-toggle='tooltip' data-placement='right' title='原始值：2.07'>2.07</span>", "<span data-toggle='tooltip' data-placement='right' title='原始值：0.2'>0.200</span>", "<span data-toggle='tooltip' data-placement='right' title='原始值：0.0965'>0.096</span>", "<span data-toggle='tooltip' data-placement='right' title='原始值：2.6725'>2.67</span>", "*", "*", "正常"], ["江西省", "长江流域", "<span data-toggle='tooltip' data-placement='right' title='所在地市:九江市&#10;所属河流:长江'>姚港(河西水厂)</span>", null, "", "--", "--", "--", "--", "--", "--", "--", "--", "--", "*", "*", "停站"], ["江西省", "长江流域", "<span data-toggle='tooltip' data-placement='right' title='所在地市:九江市&#10;所属河流:鄱阳湖'>蛤蟆石</span>", null, "", "--", "--", "--", "--", "--", "--", "--", "--", "--", "--", "--", "停站"], ["山东省", "黄河流域", "<span data-toggle='tooltip' data-placement='right' title='所在地市:济南市&#10;所属河流:黄河'>泺口</span>", "05-22 08:00", "Ⅱ", "<span data-toggle='tooltip' data-placement='right' title='原始值：22.9891'>23.0</span>", "<span data-toggle='tooltip' data-placement='right' title='原始值：8.32019'>8.32</span>", "<span data-toggle='tooltip' data-placement='right' title='原始值：7.96059'>7.96</span>", "<span data-toggle='tooltip' data-placement='right' title='原始值：1066.86'>1066.9</span>", "<span data-toggle='tooltip' data-placement='right' title='原始值：1063.69'>1063.7</span>", "<span data-toggle='tooltip' data-placement='right' title='原始值：2.37'>2.37</span>", "<span data-toggle='tooltip' data-placement='right' title='原始值：0.09224'>0.092</span>", "<span data-toggle='tooltip' data-placement='right' title='原始值：0.01615'>0.016</span>", "<span data-toggle='tooltip' data-placement='right' title='原始值：4.075'>4.08</span>", "*", "*", "正常"], ["山东省", "淮河流域", "<span data-toggle='tooltip' data-placement='right' title='所在地市:枣庄市&#10;所属河流:京杭大运河（韩庄运河）'>台儿庄大桥</span>", "05-22 08:00", "Ⅱ", "<span data-toggle='tooltip' data-placement='right' title='原始值：23.065'>23.1</span>", "<span data-toggle='tooltip' data-placement='right' title='原始值：7.89887'>7.90</span>", "<span data-toggle='tooltip' data-placement='right' title='原始值：7.6393'>7.64</span>", "<span data-toggle='tooltip' data-placement='right' title='原始值：730.6052'>730.6</span>", "<span data-toggle='tooltip' data-placement='right' title='原始值：26.04131'>26.0</span>", "<span data-toggle='tooltip' data-placement='right' title='原始值：3.68116'>3.68</span>", "<span data-toggle='tooltip' data-placement='right' title='原始值：0.08833'>0.088</span>", "<span data-toggle='tooltip' data-placement='right' title='原始值：0.05009'>0.050</span>", "<span data-toggle='tooltip' data-placement='right' title='原始值：1.26286'>1.26</span>", "*", "*", "正常"], ["山东省", "淮河流域", "<span data-toggle='tooltip' data-placement='right' title='所在地市:临沂市&#10;所属河流:沭河'>清泉寺</span>", "05-22 08:00", "Ⅳ", "<span data-toggle='tooltip' data-placement='right' title='原始值：22.96746'>23.0</span>", "<span data-toggle='tooltip' data-placement='right' title='原始值：7.6003'>7.60</span>", "<span data-toggle='tooltip' data-placement='right' title='原始值：4.52072'>4.52</span>", "<span data-toggle='tooltip' data-placement='right' title='原始值：1332.788'>1332.8</span>", "<span data-toggle='tooltip' data-placement='right' title='原始值：15.00201'>15.0</span>", "<span data-toggle='tooltip' data-placement='right' title='原始值：6.32001'>6.32</span>", "<span data-toggle='tooltip' data-placement='right' title='原始值：0.16'>0.160</span>", "*", "*", "*", "*", "正常"], ["山东省", "淮河流域", "<span data-toggle='tooltip' data-placement='right' title='所在地市:临沂市&#10;所属河流:沂河'>重坊桥</span>", "05-22 08:00", "Ⅱ", "<span data-toggle='tooltip' data-placement='right' title='原始值：24.09445'>24.1</span>", "<span data-toggle='tooltip' data-placement='right' title='原始值：7.43815'>7.44</span>", "<span data-toggle='tooltip' data-placement='right' title='原始值：7.43361'>7.43</span>", "<span data-toggle='tooltip' data-placement='right' title='原始值：872'>872.0</span>", "<span data-toggle='tooltip' data-placement='right' title='原始值：0.86389'>0.9</span>", "<span data-toggle='tooltip' data-placement='right' title='原始值：3.14'>3.14</span>", "<span data-toggle='tooltip' data-placement='right' title='原始值：0.08099'>0.081</span>", "*", "*", "*", "*", "正常"], ["山东省", "淮河流域", "<span data-toggle='tooltip' data-placement='right' title='所在地市:临沂市&#10;所属河流:白马河'>捷庄(涝沟桥)</span>", "05-22 08:00", "Ⅳ", "<span data-toggle='tooltip' data-placement='right' title='原始值：24.3'>24.3</span>", "<span data-toggle='tooltip' data-placement='right' title='原始值：7.28'>7.28</span>", "<span data-toggle='tooltip' data-placement='right' title='原始值：10.59742'>10.60</span>", "<span data-toggle='tooltip' data-placement='right' title='原始值：950.9961'>951.0</span>", "<span data-toggle='tooltip' data-placement='right' title='原始值：65.55362'>65.6</span>", "<span data-toggle='tooltip' data-placement='right' title='原始值：7.09'>7.09</span>", "<span data-toggle='tooltip' data-placement='right' title='原始值：0.03783'>0.038</span>", "<span data-toggle='tooltip' data-placement='right' title='原始值：0.11533'>0.115</span>", "<span data-toggle='tooltip' data-placement='right' title='原始值：1.14954'>1.15</span>", "*", "*", "正常"], ["山东省", "海河流域", "<span data-toggle='tooltip' data-placement='right' title='所在地市:聊城市&#10;所属河流:卫运河'>秤勾湾(秤钩湾)</span>", null, "", "--", "--", "--", "--", "--", "--", "--", "--", "--", "*", "*", "停站"], ["河南省", "长江流域", "<span data-toggle='tooltip' data-placement='right' title='所在地市:南阳市&#10;所属河流:丹江口水库'>陶岔</span>", null, "", "--", "--", "--", "--", "--", "--", "--", "--", "--", "--", "--", "维护"], ["河南省", "淮河流域", "<span data-toggle='tooltip' data-placement='right' title='所在地市:商丘市&#10;所属河流:浍河'>黄口</span>", "05-22 08:00", "Ⅳ", "<span data-toggle='tooltip' data-placement='right' title='原始值：24.3'>24.3</span>", "<span data-toggle='tooltip' data-placement='right' title='原始值：8.05125'>8.05</span>", "<span data-toggle='tooltip' data-placement='right' title='原始值：4.73258'>4.73</span>", "<span data-toggle='tooltip' data-placement='right' title='原始值：5563.617'>5563.6</span>", "<span data-toggle='tooltip' data-placement='right' title='原始值：100.2135'>100.2</span>", "<span data-toggle='tooltip' data-placement='right' title='原始值：4.25'>4.25</span>", "<span data-toggle='tooltip' data-placement='right' title='原始值：0.18557'>0.186</span>", "<span data-toggle='tooltip' data-placement='right' title='原始值：0.1548'>0.155</span>", "<span data-toggle='tooltip' data-placement='right' title='原始值：2.06233'>2.06</span>", "*", "*", "正常"], ["河南省", "淮河流域", "<span data-toggle='tooltip' data-placement='right' title='所在地市:信阳市&#10;所属河流:史灌河'>蒋集</span>", "05-22 08:00", "", "<span data-toggle='tooltip' data-placement='right' title='原始值：27.2871'>27.3</span>", "<span data-toggle='tooltip' data-placement='right' title='原始值：8.32831'>8.33</span>", "<span data-toggle='tooltip' data-placement='right' title='原始值：7.80022'>7.80</span>", "<span data-toggle='tooltip' data-placement='right' title='原始值：286.5649'>286.6</span>", "<span data-toggle='tooltip' data-placement='right' title='原始值：68.24454'>68.2</span>", "<span data-toggle='tooltip' data-placement='right' title='原始值：2.58'>2.58</span>", "<span data-toggle='tooltip' data-placement='right' title='极值过滤'>--</span>", "*", "*", "*", "*", "维护"], ["河南省", "淮河流域", "<span data-toggle='tooltip' data-placement='right' title='所在地市:信阳市&#10;所属河流:淮河'>淮滨水文站(淮滨)</span>", "05-22 08:00", "Ⅱ", "<span data-toggle='tooltip' data-placement='right' title='原始值：22.9'>22.9</span>", "<span data-toggle='tooltip' data-placement='right' title='原始值：7.8'>7.80</span>", "<span data-toggle='tooltip' data-placement='right' title='原始值：8.92016'>8.92</span>", "<span data-toggle='tooltip' data-placement='right' title='原始值：334'>334.0</span>", "<span data-toggle='tooltip' data-placement='right' title='原始值：59.29038'>59.3</span>", "<span data-toggle='tooltip' data-placement='right' title='原始值：3.1625'>3.16</span>", "<span data-toggle='tooltip' data-placement='right' title='原始值：0.14663'>0.147</span>", "<span data-toggle='tooltip' data-placement='right' title='原始值：0.03794'>0.038</span>", "<span data-toggle='tooltip' data-placement='right' title='原始值：1.78993'>1.79</span>", "*", "*", "正常"], ["河南省", "淮河流域", "<span data-toggle='tooltip' data-placement='right' title='所在地市:周口市&#10;所属河流:沙河'>沈丘闸</span>", "05-22 08:00", "Ⅱ", "<span data-toggle='tooltip' data-placement='right' title='原始值：22.86567'>22.9</span>", "<span data-toggle='tooltip' data-placement='right' title='原始值：8.35546'>8.36</span>", "<span data-toggle='tooltip' data-placement='right' title='原始值：11.58646'>11.59</span>", "<span data-toggle='tooltip' data-placement='right' title='原始值：803.3514'>803.4</span>", "<span data-toggle='tooltip' data-placement='right' title='原始值：46.10418'>46.1</span>", "<span data-toggle='tooltip' data-placement='right' title='原始值：3.685'>3.68</span>", "<span data-toggle='tooltip' data-placement='right' title='原始值：0.1'>0.100</span>", "*", "*", "*", "*", "正常"], ["河南省", "淮河流域", "<span data-toggle='tooltip' data-placement='right' title='所在地市:周口市&#10;所属河流:涡河'>鹿邑付桥(鹿邑付桥闸)</span>", "05-22 08:00", "Ⅲ", "<span data-toggle='tooltip' data-placement='right' title='原始值：23.61394'>23.6</span>", "<span data-toggle='tooltip' data-placement='right' title='原始值：8.50323'>8.50</span>", "<span data-toggle='tooltip' data-placement='right' title='原始值：7.80957'>7.81</span>", "<span data-toggle='tooltip' data-placement='right' title='原始值：1468.613'>1468.6</span>", "<span data-toggle='tooltip' data-placement='right' title='原始值：9.61396'>9.6</span>", "<span data-toggle='tooltip' data-placement='right' title='原始值：5.47'>5.47</span>", "<span data-toggle='tooltip' data-placement='right' title='原始值：0.03'>0.030</span>", "<span data-toggle='tooltip' data-placement='right' title='原始值：0.0708'>0.071</span>", "<span data-toggle='tooltip' data-placement='right' title='原始值：0.87568'>0.88</span>", "*", "*", "正常"], ["河南省", "淮河流域", "<span data-toggle='tooltip' data-placement='right' title='所在地市:驻马店市&#10;所属河流:洪河'>新蔡班台(班台)</span>", "05-22 08:00", "Ⅳ", "<span data-toggle='tooltip' data-placement='right' title='原始值：24.36087'>24.4</span>", "<span data-toggle='tooltip' data-placement='right' title='原始值：6.92773'>6.93</span>", "<span data-toggle='tooltip' data-placement='right' title='原始值：5.94814'>5.95</span>", "<span data-toggle='tooltip' data-placement='right' title='原始值：1038.441'>1038.4</span>", "<span data-toggle='tooltip' data-placement='right' title='原始值：1.40952'>1.4</span>", "<span data-toggle='tooltip' data-placement='right' title='原始值：5.13'>5.13</span>", "<span data-toggle='tooltip' data-placement='right' title='原始值：0.24'>0.240</span>", "<span data-toggle='tooltip' data-placement='right' title='原始值：0.29387'>0.294</span>", "<span data-toggle='tooltip' data-placement='right' title='原始值：2.3946'>2.39</span>", "*", "*", "正常"], ["河南省", "黄河流域", "<span data-toggle='tooltip' data-placement='right' title='所在地市:济源市&#10;所属河流:黄河'>小浪底水库(小浪底)</span>", "05-22 08:00", "Ⅱ", "<span data-toggle='tooltip' data-placement='right' title='原始值：15.45949'>15.5</span>", "<span data-toggle='tooltip' data-placement='right' title='原始值：8.68846'>8.69</span>", "<span data-toggle='tooltip' data-placement='right' title='原始值：7.68024'>7.68</span>", "<span data-toggle='tooltip' data-placement='right' title='原始值：1006.148'>1006.1</span>", "<span data-toggle='tooltip' data-placement='right' title='原始值：4.60323'>4.6</span>", "<span data-toggle='tooltip' data-placement='right' title='原始值：1.56'>1.56</span>", "<span data-toggle='tooltip' data-placement='right' title='原始值：0.1'>0.100</span>", "<span data-toggle='tooltip' data-placement='right' title='原始值：0.0255'>0.026</span>", "<span data-toggle='tooltip' data-placement='right' title='原始值：4.205'>4.20</span>", "*", "*", "正常"], ["湖北省", "长江流域", "<span data-toggle='tooltip' data-placement='right' title='所在地市:武汉市&#10;所属河流:汉江'>宗关</span>", "05-22 04:00", "Ⅱ", "<span data-toggle='tooltip' data-placement='right' title='原始值：22.10145'>22.1</span>", "<span data-toggle='tooltip' data-placement='right' title='原始值：7.89382'>7.89</span>", "<span data-toggle='tooltip' data-placement='right' title='原始值：9.01464'>9.01</span>", "<span data-toggle='tooltip' data-placement='right' title='原始值：339.1976'>339.2</span>", "<span data-toggle='tooltip' data-placement='right' title='原始值：17.2555'>17.3</span>", "<span data-toggle='tooltip' data-placement='right' title='原始值：2.32'>2.32</span>", "<span data-toggle='tooltip' data-placement='right' title='原始值：0.22'>0.220</span>", "<span data-toggle='tooltip' data-placement='right' title='原始值：0.06975'>0.070</span>", "<span data-toggle='tooltip' data-placement='right' title='原始值：1.955'>1.96</span>", "*", "*", "正常"], ["湖北省", "长江流域", "<span data-toggle='tooltip' data-placement='right' title='所在地市:十堰市&#10;所属河流:丹江口水库'>坝上中(胡家岭)</span>", "05-22 08:08", "Ⅱ", "<span data-toggle='tooltip' data-placement='right' title='原始值：22.18287'>22.2</span>", "<span data-toggle='tooltip' data-placement='right' title='原始值：8.97697'>8.98</span>", "<span data-toggle='tooltip' data-placement='right' title='原始值：9.13667'>9.14</span>", "<span data-toggle='tooltip' data-placement='right' title='原始值：294.1023'>294.1</span>", "<span data-toggle='tooltip' data-placement='right' title='原始值：1.71492'>1.7</span>", "<span data-toggle='tooltip' data-placement='right' title='原始值：1.71'>1.71</span>", "<span data-toggle='tooltip' data-placement='right' title='原始值：0.18'>0.180</span>", "<span data-toggle='tooltip' data-placement='right' title='原始值：0.0125'>0.012</span>", "<span data-toggle='tooltip' data-placement='right' title='原始值：1.277'>1.28</span>", "<span data-toggle='tooltip' data-placement='right' title='原始值：0.00282'>0.003</span>", "<span data-toggle='tooltip' data-placement='right' title='原始值：1.321522E+07'>13215220</span>", "正常"], ["湖北省", "长江流域", "<span data-toggle='tooltip' data-placement='right' title='所在地市:宜昌市&#10;所属河流:长江'>南津关</span>", null, "", "--", "--", "--", "--", "--", "--", "--", "--", "--", "*", "*", "停站"], ["湖南省", "长江流域", "<span data-toggle='tooltip' data-placement='right' title='所在地市:长沙市&#10;所属河流:湘江'>新港</span>", null, "", "--", "--", "--", "--", "--", "--", "--", "--", "--", "*", "*", "停站"], ["湖南省", "长江流域", "<span data-toggle='tooltip' data-placement='right' title='所在地市:岳阳市&#10;所属河流:洞庭湖'>岳阳楼</span>", null, "", "--", "--", "--", "--", "--", "--", "--", "--", "--", "--", "--", "停站"], ["湖南省", "长江流域", "<span data-toggle='tooltip' data-placement='right' title='所在地市:岳阳市&#10;所属河流:长江'>城陵矶</span>", null, "", "--", "--", "--", "--", "--", "--", "--", "--", "--", "*", "*", "停站"], ["广东省", "珠江流域", "<span data-toggle='tooltip' data-placement='right' title='所在地市:清远市&#10;所属河流:北江'>七星岗</span>", "05-22 08:00", "Ⅳ", "<span data-toggle='tooltip' data-placement='right' title='原始值：26.38243'>26.4</span>", "<span data-toggle='tooltip' data-placement='right' title='原始值：6.93014'>6.93</span>", "<span data-toggle='tooltip' data-placement='right' title='原始值：4.91352'>4.91</span>", "<span data-toggle='tooltip' data-placement='right' title='原始值：195.0541'>195.1</span>", "<span data-toggle='tooltip' data-placement='right' title='原始值：28.55551'>28.6</span>", "<span data-toggle='tooltip' data-placement='right' title='原始值：0.68'>0.68</span>", "<span data-toggle='tooltip' data-placement='right' title='原始值：0.09316'>0.093</span>", "<span data-toggle='tooltip' data-placement='right' title='原始值：0.1019'>0.102</span>", "<span data-toggle='tooltip' data-placement='right' title='原始值：2.4839'>2.48</span>", "*", "*", "正常"], ["广东省", "珠江流域", "<span data-toggle='tooltip' data-placement='right' title='所在地市:中山市&#10;所属河流:西江'>横栏</span>", "05-22 08:00", "Ⅱ", "<span data-toggle='tooltip' data-placement='right' title='原始值：26.5'>26.5</span>", "<span data-toggle='tooltip' data-placement='right' title='原始值：7.6'>7.60</span>", "<span data-toggle='tooltip' data-placement='right' title='原始值：6.9'>6.90</span>", "<span data-toggle='tooltip' data-placement='right' title='原始值：276'>276.0</span>", "<span data-toggle='tooltip' data-placement='right' title='原始值：9'>9.0</span>", "<span data-toggle='tooltip' data-placement='right' title='原始值：1.79'>1.79</span>", "<span data-toggle='tooltip' data-placement='right' title='原始值：0.12731'>0.127</span>", "*", "*", "*", "*", "正常"], ["广西壮族自治区", "珠江流域", "<span data-toggle='tooltip' data-placement='right' title='所在地市:南宁市&#10;所属河流:邕江'>老口</span>", "05-22 04:00", "Ⅱ", "<span data-toggle='tooltip' data-placement='right' title='原始值：27.81616'>27.8</span>", "<span data-toggle='tooltip' data-placement='right' title='原始值：7.61912'>7.62</span>", "<span data-toggle='tooltip' data-placement='right' title='原始值：6.66619'>6.67</span>", "<span data-toggle='tooltip' data-placement='right' title='原始值：276.0946'>276.1</span>", "<span data-toggle='tooltip' data-placement='right' title='原始值：18.44641'>18.4</span>", "<span data-toggle='tooltip' data-placement='right' title='原始值：1.49844'>1.50</span>", "<span data-toggle='tooltip' data-placement='right' title='原始值：0.06798'>0.068</span>", "<span data-toggle='tooltip' data-placement='right' title='原始值：0.02597'>0.026</span>", "<span data-toggle='tooltip' data-placement='right' title='原始值：1.70755'>1.71</span>", "*", "*", "正常"], ["广西壮族自治区", "珠江流域", "<span data-toggle='tooltip' data-placement='right' title='所在地市:桂林市&#10;所属河流:漓江'>阳朔</span>", "05-22 08:00", "Ⅲ", "<span data-toggle='tooltip' data-placement='right' title='原始值：22.5'>22.5</span>", "<span data-toggle='tooltip' data-placement='right' title='原始值：6.80999'>6.81</span>", "<span data-toggle='tooltip' data-placement='right' title='原始值：5.49952'>5.50</span>", "<span data-toggle='tooltip' data-placement='right' title='原始值：125'>125.0</span>", "<span data-toggle='tooltip' data-placement='right' title='原始值：139.8006'>139.8</span>", "<span data-toggle='tooltip' data-placement='right' title='原始值：2.23'>2.23</span>", "<span data-toggle='tooltip' data-placement='right' title='原始值：0.04789'>0.048</span>", "<span data-toggle='tooltip' data-placement='right' title='原始值：0.08703'>0.087</span>", "<span data-toggle='tooltip' data-placement='right' title='原始值：3.1862'>3.19</span>", "*", "*", "正常"], ["广西壮族自治区", "珠江流域", "<span data-toggle='tooltip' data-placement='right' title='所在地市:梧州市&#10;所属河流:浔江'>界首</span>", null, "", "--", "--", "--", "--", "--", "--", "--", "--", "--", "*", "*", "停站"], ["广西壮族自治区", "珠江流域", "<span data-toggle='tooltip' data-placement='right' title='所在地市:贵港市&#10;所属河流:浔江'>石嘴</span>", "05-22 08:00", "Ⅱ", "<span data-toggle='tooltip' data-placement='right' title='原始值：27.55682'>27.6</span>", "<span data-toggle='tooltip' data-placement='right' title='原始值：6.71963'>6.72</span>", "<span data-toggle='tooltip' data-placement='right' title='原始值：7.89924'>7.90</span>", "<span data-toggle='tooltip' data-placement='right' title='原始值：295.9391'>295.9</span>", "<span data-toggle='tooltip' data-placement='right' title='原始值：37.36855'>37.4</span>", "<span data-toggle='tooltip' data-placement='right' title='原始值：0.87'>0.87</span>", "<span data-toggle='tooltip' data-placement='right' title='原始值：0.11'>0.110</span>", "<span data-toggle='tooltip' data-placement='right' title='原始值：0.03616'>0.036</span>", "<span data-toggle='tooltip' data-placement='right' title='原始值：2.4243'>2.42</span>", "*", "*", "正常"], ["广西壮族自治区", "珠江流域", "<span data-toggle='tooltip' data-placement='right' title='所在地市:崇左市&#10;所属河流:平而河'>平而关</span>", null, "", "--", "--", "--", "--", "--", "--", "--", "*", "*", "*", "*", "维护"], ["重庆市", "长江流域", "<span data-toggle='tooltip' data-placement='right' title='所在地市:永川区&#10;所属河流:长江'>朱沱</span>", null, "", "--", "--", "--", "--", "--", "--", "--", "--", "--", "*", "*", "停站"], ["四川省", "长江流域", "<span data-toggle='tooltip' data-placement='right' title='所在地市:攀枝花市&#10;所属河流:金沙江'>龙洞</span>", "05-22 08:00", "Ⅰ", "<span data-toggle='tooltip' data-placement='right' title='原始值：20.10197'>20.1</span>", "<span data-toggle='tooltip' data-placement='right' title='原始值：8.08682'>8.09</span>", "<span data-toggle='tooltip' data-placement='right' title='原始值：8.63395'>8.63</span>", "<span data-toggle='tooltip' data-placement='right' title='原始值：648.3793'>648.4</span>", "<span data-toggle='tooltip' data-placement='right' title='原始值：2.3199'>2.3</span>", "<span data-toggle='tooltip' data-placement='right' title='原始值：0.72'>0.72</span>", "<span data-toggle='tooltip' data-placement='right' title='原始值：0.06'>0.060</span>", "<span data-toggle='tooltip' data-placement='right' title='原始值：0.00785'>0.008</span>", "<span data-toggle='tooltip' data-placement='right' title='原始值：0.30884'>0.31</span>", "*", "*", "正常"], ["四川省", "长江流域", "<span data-toggle='tooltip' data-placement='right' title='所在地市:泸州市&#10;所属河流:沱江'>沱江大桥(沱江二桥)</span>", null, "", "--", "--", "--", "--", "--", "--", "--", "--", "--", "*", "*", "停站"], ["四川省", "长江流域", "<span data-toggle='tooltip' data-placement='right' title='所在地市:广元市&#10;所属河流:嘉陵江'>清风峡</span>", "05-22 08:00", "Ⅰ", "<span data-toggle='tooltip' data-placement='right' title='原始值：22.4'>22.4</span>", "<span data-toggle='tooltip' data-placement='right' title='原始值：8.09518'>8.10</span>", "<span data-toggle='tooltip' data-placement='right' title='原始值：8.71963'>8.72</span>", "<span data-toggle='tooltip' data-placement='right' title='原始值：330'>330.0</span>", "<span data-toggle='tooltip' data-placement='right' title='原始值：57.33426'>57.3</span>", "<span data-toggle='tooltip' data-placement='right' title='原始值：1.19'>1.19</span>", "<span data-toggle='tooltip' data-placement='right' title='原始值：0.03049'>0.030</span>", "*", "*", "*", "*", "正常"], ["四川省", "长江流域", "<span data-toggle='tooltip' data-placement='right' title='所在地市:乐山市&#10;所属河流:岷江'>岷江大桥</span>", "05-22 08:00", "Ⅱ", "<span data-toggle='tooltip' data-placement='right' title='原始值：25.99804'>26.0</span>", "<span data-toggle='tooltip' data-placement='right' title='原始值：7.55782'>7.56</span>", "<span data-toggle='tooltip' data-placement='right' title='原始值：6.34234'>6.34</span>", "<span data-toggle='tooltip' data-placement='right' title='原始值：451.2549'>451.3</span>", "<span data-toggle='tooltip' data-placement='right' title='原始值：21.71847'>21.7</span>", "<span data-toggle='tooltip' data-placement='right' title='原始值：3.83'>3.83</span>", "<span data-toggle='tooltip' data-placement='right' title='原始值：0.24'>0.240</span>", "*", "*", "*", "*", "正常"], ["四川省", "长江流域", "<span data-toggle='tooltip' data-placement='right' title='所在地市:宜宾市&#10;所属河流:岷江'>凉姜沟</span>", null, "", "--", "--", "--", "--", "--", "--", "--", "--", "--", "*", "*", "停站"], ["云南省", "滇池流域", "<span data-toggle='tooltip' data-placement='right' title='所在地市:昆明市&#10;所属河流:滇池'>西苑隧道</span>", "05-22 08:02", "Ⅴ", "<span data-toggle='tooltip' data-placement='right' title='原始值：24.10316'>24.1</span>", "<span data-toggle='tooltip' data-placement='right' title='原始值：7.3993'>7.40</span>", "<span data-toggle='tooltip' data-placement='right' title='原始值：6.2957'>6.30</span>", "<span data-toggle='tooltip' data-placement='right' title='原始值：642.5386'>642.5</span>", "<span data-toggle='tooltip' data-placement='right' title='原始值：25.62652'>25.6</span>", "<span data-toggle='tooltip' data-placement='right' title='原始值：10.86002'>10.86</span>", "<span data-toggle='tooltip' data-placement='right' title='原始值：0.24'>0.240</span>", "<span data-toggle='tooltip' data-placement='right' title='原始值：0.12221'>0.122</span>", "<span data-toggle='tooltip' data-placement='right' title='原始值：2.43791'>2.44</span>", "<span data-toggle='tooltip' data-placement='right' title='原始值：0.0331'>0.033</span>", "<span data-toggle='tooltip' data-placement='right' title='原始值：7527748'>7527748</span>", "正常"], ["云南省", "滇池流域", "<span data-toggle='tooltip' data-placement='right' title='所在地市:昆明市&#10;所属河流:滇池'>观音山</span>", "05-22 08:00", "Ⅳ", "<span data-toggle='tooltip' data-placement='right' title='原始值：23.05644'>23.1</span>", "<span data-toggle='tooltip' data-placement='right' title='原始值：8.49206'>8.49</span>", "<span data-toggle='tooltip' data-placement='right' title='原始值：7.62079'>7.62</span>", "<span data-toggle='tooltip' data-placement='right' title='原始值：439.6113'>439.6</span>", "<span data-toggle='tooltip' data-placement='right' title='原始值：34.17765'>34.2</span>", "<span data-toggle='tooltip' data-placement='right' title='原始值：4.94'>4.94</span>", "<span data-toggle='tooltip' data-placement='right' title='原始值：0.22'>0.220</span>", "<span data-toggle='tooltip' data-placement='right' title='原始值：0.0792'>0.079</span>", "<span data-toggle='tooltip' data-placement='right' title='原始值：1.202'>1.20</span>", "<span data-toggle='tooltip' data-placement='right' title='原始值：0.03834'>0.038</span>", "<span data-toggle='tooltip' data-placement='right' title='原始值：7699875'>7699875</span>", "正常"], ["云南省", "西南诸河", "<span data-toggle='tooltip' data-placement='right' title='所在地市:红河哈尼族彝族自治州&#10;所属河流:红河'>河口县医院(河口)</span>", "05-22 08:00", "Ⅱ", "<span data-toggle='tooltip' data-placement='right' title='原始值：29.6'>29.6</span>", "<span data-toggle='tooltip' data-placement='right' title='原始值：7.7375'>7.74</span>", "<span data-toggle='tooltip' data-placement='right' title='原始值：6.8975'>6.90</span>", "<span data-toggle='tooltip' data-placement='right' title='原始值：208'>208.0</span>", "<span data-toggle='tooltip' data-placement='right' title='原始值：111.3528'>111.4</span>", "<span data-toggle='tooltip' data-placement='right' title='原始值：2.12'>2.12</span>", "<span data-toggle='tooltip' data-placement='right' title='原始值：0.07291'>0.073</span>", "<span data-toggle='tooltip' data-placement='right' title='原始值：0.0165'>0.016</span>", "<span data-toggle='tooltip' data-placement='right' title='原始值：1.34328'>1.34</span>", "*", "*", "正常"], ["云南省", "西南诸河", "<span data-toggle='tooltip' data-placement='right' title='所在地市:西双版纳傣族自治州&#10;所属河流:澜沧江'>橄榄坝</span>", "05-22 04:01", "", "<span data-toggle='tooltip' data-placement='right' title='原始值：17.91965'>17.9</span>", "<span data-toggle='tooltip' data-placement='right' title='原始值：7.39339'>7.39</span>", "<span data-toggle='tooltip' data-placement='right' title='原始值：5.83992'>5.84</span>", "<span data-toggle='tooltip' data-placement='right' title='原始值：618.9555'>619.0</span>", "<span data-toggle='tooltip' data-placement='right' title='原始值：4.14339'>4.1</span>", "<span data-toggle='tooltip' data-placement='right' title='极值过滤'>--</span>", "<span data-toggle='tooltip' data-placement='right' title='原始值：0.03268'>0.033</span>", "*", "*", "*", "*", "维护"], ["陕西省", "黄河流域", "<span data-toggle='tooltip' data-placement='right' title='所在地市:渭南市&#10;所属河流:渭河'>潼关吊桥</span>", "05-22 08:08", "Ⅲ", "<span data-toggle='tooltip' data-placement='right' title='原始值：22.59687'>22.6</span>", "<span data-toggle='tooltip' data-placement='right' title='原始值：8.21'>8.21</span>", "<span data-toggle='tooltip' data-placement='right' title='原始值：7.80999'>7.81</span>", "<span data-toggle='tooltip' data-placement='right' title='原始值：1051'>1051.0</span>", "<span data-toggle='tooltip' data-placement='right' title='原始值：205.1591'>205.2</span>", "<span data-toggle='tooltip' data-placement='right' title='原始值：4.64'>4.64</span>", "<span data-toggle='tooltip' data-placement='right' title='原始值：0.13'>0.130</span>", "<span data-toggle='tooltip' data-placement='right' title='原始值：0.10918'>0.109</span>", "<span data-toggle='tooltip' data-placement='right' title='原始值：4.48085'>4.48</span>", "*", "*", "正常"], ["甘肃省", "黄河流域", "<span data-toggle='tooltip' data-placement='right' title='所在地市:兰州市&#10;所属河流:黄河'>新城桥</span>", "05-22 08:00", "Ⅱ", "<span data-toggle='tooltip' data-placement='right' title='原始值：14.93077'>14.9</span>", "<span data-toggle='tooltip' data-placement='right' title='原始值：7.78536'>7.79</span>", "<span data-toggle='tooltip' data-placement='right' title='原始值：7.8121'>7.81</span>", "<span data-toggle='tooltip' data-placement='right' title='原始值：538.0183'>538.0</span>", "<span data-toggle='tooltip' data-placement='right' title='原始值：47.73576'>47.7</span>", "<span data-toggle='tooltip' data-placement='right' title='原始值：1.8'>1.80</span>", "<span data-toggle='tooltip' data-placement='right' title='原始值：0.14'>0.140</span>", "<span data-toggle='tooltip' data-placement='right' title='原始值：0.0226'>0.023</span>", "<span data-toggle='tooltip' data-placement='right' title='极值过滤'>--</span>", "*", "*", "维护"], ["宁夏回族自治区", "黄河流域", "<span data-toggle='tooltip' data-placement='right' title='所在地市:中卫市&#10;所属河流:黄河'>中卫下河沿(新墩)</span>", "05-22 08:00", "Ⅲ", "<span data-toggle='tooltip' data-placement='right' title='原始值：17.16502'>17.2</span>", "<span data-toggle='tooltip' data-placement='right' title='原始值：8.11121'>8.11</span>", "<span data-toggle='tooltip' data-placement='right' title='原始值：8.05285'>8.05</span>", "<span data-toggle='tooltip' data-placement='right' title='原始值：513.9688'>514.0</span>", "<span data-toggle='tooltip' data-placement='right' title='原始值：98.29016'>98.3</span>", "<span data-toggle='tooltip' data-placement='right' title='原始值：4.49'>4.49</span>", "<span data-toggle='tooltip' data-placement='right' title='原始值：0.02'>0.020</span>", "<span data-toggle='tooltip' data-placement='right' title='原始值：0.0264'>0.026</span>", "<span data-toggle='tooltip' data-placement='right' title='原始值：1.9932'>1.99</span>", "*", "*", "正常"]]}