{"result": 1, "total": 1, "records": 98, "thead": ["省份", "流域", "断面名称", "监测时间", "水质类别", "水温<br/><span class='unit'>(℃)</span>", "pH<br/><span class='unit'>(无量纲)</span>", "溶解氧<br/><span class='unit'>(mg/L)</span>", "电导率<br/><span class='unit'>(μS/cm)</span>", "浊度<br/><span class='unit'>(NTU)</span>", "高锰酸盐指数<br/><span class='unit'>(mg/L)</span>", "氨氮<br/><span class='unit'>(mg/L)</span>", "总磷<br/><span class='unit'>(mg/L)</span>", "总氮<br/><span class='unit'>(mg/L)</span>", "叶绿素α<br/><span class='unit'>(mg/L)</span>", "藻密度<br/><span class='unit'>(cells/L)</span>", "站点情况"], "tbody": [["北京市", "海河流域", "<span data-toggle='tooltip' data-placement='right' title='所在地市:门头沟区&#10;所属河流:永定河'>沿河城</span>", null, "", "--", "--", "--", "--", "--", "--", "--", "--", "--", "*", "*", "停站"], ["北京市", "海河流域", "<span data-toggle='tooltip' data-placement='right' title='所在地市:密云区&#10;所属河流:潮河'>古北口</span>", null, "", "--", "--", "--", "--", "--", "--", "--", "--", "--", "*", "*", "维护"], ["天津市", "海河流域", "<span data-toggle='tooltip' data-placement='right' title='所在地市:河北区&#10;所属河流:海河'>三岔口</span>", "05-29 08:00", "劣Ⅴ", "<span data-toggle='tooltip' data-placement='right' title='原始值：24.2095'>24.2</span>", "<span data-toggle='tooltip' data-placement='right' title='原始值：7.9713'>7.97</span>", "<span data-toggle='tooltip' data-placement='right' title='原始值：7.798'>7.80</span>", "<span data-toggle='tooltip' data-placement='right' title='原始值：248.905'>248.9</span>", "<span data-toggle='tooltip' data-placement='right' title='原始值：18.392'>18.4</span>", "<span data-toggle='tooltip' data-placement='right' title='原始值：2.06'>2.06</span>", "<span data-toggle='tooltip' data-placement='right' title='原始值：5.74'>5.740</span>", "<span data-toggle='tooltip' data-placement='right' title='原始值：0.0522'>0.052</span>", "<span data-toggle='tooltip' data-placement='right' title='原始值：1.0428'>1.04</span>", "*", "*", "正常"], ["天津市", "海河流域", "<span data-toggle='tooltip' data-placement='right' title='所在地市:蓟州区&#10;所属河流:果河'>果河桥</span>", "05-29 08:00", "Ⅱ", "<span data-toggle='tooltip' data-placement='right' title='原始值：18.7'>18.7</span>", "<span data-toggle='tooltip' data-placement='right' title='原始值：8.461'>8.46</span>", "<span data-toggle='tooltip' data-placement='right' title='原始值：9.288'>9.29</span>", "<span data-toggle='tooltip' data-placement='right' title='原始值：595.796'>595.8</span>", "<span data-toggle='tooltip' data-placement='right' title='原始值：6.127'>6.1</span>", "<span data-toggle='tooltip' data-placement='right' title='原始值：2.1177'>2.12</span>", "<span data-toggle='tooltip' data-placement='right' title='原始值：0.04'>0.040</span>", "<span data-toggle='tooltip' data-placement='right' title='原始值：0.0342'>0.034</span>", "<span data-toggle='tooltip' data-placement='right' title='原始值：3.0227'>3.02</span>", "*", "*", "正常"], ["河北省", "海河流域", "<span data-toggle='tooltip' data-placement='right' title='所在地市:石家庄市&#10;所属河流:滹沱河'>岗南水库</span>", "05-29 08:00", "Ⅱ", "<span data-toggle='tooltip' data-placement='right' title='原始值：23.2031'>23.2</span>", "<span data-toggle='tooltip' data-placement='right' title='原始值：8.27229'>8.27</span>", "<span data-toggle='tooltip' data-placement='right' title='原始值：9.38754'>9.39</span>", "<span data-toggle='tooltip' data-placement='right' title='原始值：573.2227'>573.2</span>", "<span data-toggle='tooltip' data-placement='right' title='原始值：3.38774'>3.4</span>", "<span data-toggle='tooltip' data-placement='right' title='原始值：2.20703'>2.21</span>", "<span data-toggle='tooltip' data-placement='right' title='原始值：0.06'>0.060</span>", "<span data-toggle='tooltip' data-placement='right' title='原始值：0.0217'>0.022</span>", "<span data-toggle='tooltip' data-placement='right' title='原始值：2.25014'>2.25</span>", "*", "*", "正常"], ["河北省", "海河流域", "<span data-toggle='tooltip' data-placement='right' title='所在地市:张家口市&#10;所属河流:永定河'>八号桥</span>", null, "", "--", "--", "--", "--", "--", "--", "--", "--", "--", "*", "*", "维护"], ["山西省", "黄河流域", "<span data-toggle='tooltip' data-placement='right' title='所在地市:运城市&#10;所属河流:汾河'>河津大桥</span>", "05-29 08:00", "", "<span data-toggle='tooltip' data-placement='right' title='原始值：24.45307'>24.5</span>", "<span data-toggle='tooltip' data-placement='right' title='原始值：8.11142'>8.11</span>", "<span data-toggle='tooltip' data-placement='right' title='原始值：8.17309'>8.17</span>", "<span data-toggle='tooltip' data-placement='right' title='原始值：1434.807'>1434.8</span>", "<span data-toggle='tooltip' data-placement='right' title='原始值：288.639'>288.6</span>", "<span data-toggle='tooltip' data-placement='right' title='原始值：10.775'>10.78</span>", "<span data-toggle='tooltip' data-placement='right' title='极值过滤'>--</span>", "*", "*", "*", "*", "维护"], ["山西省", "黄河流域", "<span data-toggle='tooltip' data-placement='right' title='所在地市:忻州市&#10;所属河流:黄河'>万家寨水库</span>", "05-29 08:00", "Ⅲ", "<span data-toggle='tooltip' data-placement='right' title='原始值：19.27042'>19.3</span>", "<span data-toggle='tooltip' data-placement='right' title='原始值：8.15802'>8.16</span>", "<span data-toggle='tooltip' data-placement='right' title='原始值：9.11727'>9.12</span>", "<span data-toggle='tooltip' data-placement='right' title='原始值：884.6906'>884.7</span>", "<span data-toggle='tooltip' data-placement='right' title='原始值：10.26038'>10.3</span>", "<span data-toggle='tooltip' data-placement='right' title='原始值：4.77'>4.77</span>", "<span data-toggle='tooltip' data-placement='right' title='原始值：0.3'>0.300</span>", "<span data-toggle='tooltip' data-placement='right' title='原始值：0.0065'>0.006</span>", "<span data-toggle='tooltip' data-placement='right' title='原始值：1.525'>1.52</span>", "*", "*", "正常"], ["内蒙古自治区", "黄河流域", "<span data-toggle='tooltip' data-placement='right' title='所在地市:包头市&#10;所属河流:黄河'>画匠营子</span>", "05-29 08:00", "Ⅱ", "<span data-toggle='tooltip' data-placement='right' title='原始值：16.82369'>16.8</span>", "<span data-toggle='tooltip' data-placement='right' title='原始值：7.67293'>7.67</span>", "<span data-toggle='tooltip' data-placement='right' title='原始值：7.66713'>7.67</span>", "<span data-toggle='tooltip' data-placement='right' title='原始值：933.0056'>933.0</span>", "<span data-toggle='tooltip' data-placement='right' title='原始值：1249.948'>1249.9</span>", "<span data-toggle='tooltip' data-placement='right' title='原始值：3.9292'>3.93</span>", "<span data-toggle='tooltip' data-placement='right' title='原始值：0.03199'>0.032</span>", "*", "*", "*", "*", "正常"], ["内蒙古自治区", "黄河流域", "<span data-toggle='tooltip' data-placement='right' title='所在地市:乌海市&#10;所属河流:黄河'>海勃湾</span>", "05-29 08:05", "Ⅱ", "<span data-toggle='tooltip' data-placement='right' title='原始值：18.98849'>19.0</span>", "<span data-toggle='tooltip' data-placement='right' title='原始值：8.28607'>8.29</span>", "<span data-toggle='tooltip' data-placement='right' title='原始值：6.74115'>6.74</span>", "<span data-toggle='tooltip' data-placement='right' title='原始值：777.7618'>777.8</span>", "<span data-toggle='tooltip' data-placement='right' title='原始值：37.47827'>37.5</span>", "<span data-toggle='tooltip' data-placement='right' title='原始值：3.14'>3.14</span>", "<span data-toggle='tooltip' data-placement='right' title='原始值：0.18'>0.180</span>", "*", "*", "*", "*", "正常"], ["内蒙古自治区", "松花江流域", "<span data-toggle='tooltip' data-placement='right' title='所在地市:呼伦贝尔市&#10;所属河流:额尔古纳河'>黑山头</span>", null, "", "--", "--", "--", "--", "--", "--", "--", "--", "--", "*", "*", "维护"], ["辽宁省", "辽河流域", "<span data-toggle='tooltip' data-placement='right' title='所在地市:抚顺市&#10;所属河流:浑河'>大伙房水库</span>", "05-29 08:00", "Ⅱ", "<span data-toggle='tooltip' data-placement='right' title='原始值：18.43036'>18.4</span>", "<span data-toggle='tooltip' data-placement='right' title='原始值：7.35183'>7.35</span>", "<span data-toggle='tooltip' data-placement='right' title='原始值：10.22217'>10.22</span>", "<span data-toggle='tooltip' data-placement='right' title='原始值：355.1678'>355.2</span>", "<span data-toggle='tooltip' data-placement='right' title='原始值：6.88542'>6.9</span>", "<span data-toggle='tooltip' data-placement='right' title='原始值：2.76'>2.76</span>", "<span data-toggle='tooltip' data-placement='right' title='原始值：0.05'>0.050</span>", "<span data-toggle='tooltip' data-placement='right' title='原始值：0.01942'>0.019</span>", "<span data-toggle='tooltip' data-placement='right' title='原始值：2.40945'>2.41</span>", "<span data-toggle='tooltip' data-placement='right' title='原始值：0.00086'>0.001</span>", "*", "正常"], ["辽宁省", "辽河流域", "<span data-toggle='tooltip' data-placement='right' title='所在地市:丹东市&#10;所属河流:鸭绿江'>江桥</span>", null, "", "--", "--", "--", "--", "--", "--", "--", "--", "--", "*", "*", "维护"], ["辽宁省", "辽河流域", "<span data-toggle='tooltip' data-placement='right' title='所在地市:营口市&#10;所属河流:大辽河'>辽河公园</span>", "05-29 08:05", "Ⅳ", "<span data-toggle='tooltip' data-placement='right' title='原始值：19.84551'>19.8</span>", "<span data-toggle='tooltip' data-placement='right' title='原始值：6.92193'>6.92</span>", "<span data-toggle='tooltip' data-placement='right' title='原始值：5.60385'>5.60</span>", "<span data-toggle='tooltip' data-placement='right' title='原始值：2150.988'>2151.0</span>", "<span data-toggle='tooltip' data-placement='right' title='原始值：118.568'>118.6</span>", "<span data-toggle='tooltip' data-placement='right' title='原始值：6.04167'>6.04</span>", "<span data-toggle='tooltip' data-placement='right' title='原始值：0.08484'>0.085</span>", "<span data-toggle='tooltip' data-placement='right' title='原始值：0.16967'>0.170</span>", "<span data-toggle='tooltip' data-placement='right' title='原始值：5.52134'>5.52</span>", "*", "*", "正常"], ["辽宁省", "辽河流域", "<span data-toggle='tooltip' data-placement='right' title='所在地市:辽阳市&#10;所属河流:太子河'>汤河水库</span>", "05-29 08:00", "", "<span data-toggle='tooltip' data-placement='right' title='原始值：14.4'>14.4</span>", "<span data-toggle='tooltip' data-placement='right' title='原始值：8.03'>8.03</span>", "<span data-toggle='tooltip' data-placement='right' title='原始值：6.56998'>6.57</span>", "<span data-toggle='tooltip' data-placement='right' title='原始值：493.2499'>493.2</span>", "<span data-toggle='tooltip' data-placement='right' title='原始值：20.28634'>20.3</span>", "<span data-toggle='tooltip' data-placement='right' title='原始值：0.47'>0.47</span>", "<span data-toggle='tooltip' data-placement='right' title='原始值：0.002'>0.002</span>", "<span data-toggle='tooltip' data-placement='right' title='极值过滤'>--</span>", "<span data-toggle='tooltip' data-placement='right' title='极值过滤'>--</span>", "*", "*", "维护"], ["辽宁省", "辽河流域", "<span data-toggle='tooltip' data-placement='right' title='所在地市:盘锦市&#10;所属河流:辽河'>盘锦兴安(兴安)</span>", "05-29 08:00", "", "<span data-toggle='tooltip' data-placement='right' title='原始值：17.99052'>18.0</span>", "<span data-toggle='tooltip' data-placement='right' title='原始值：6.7668'>6.77</span>", "<span data-toggle='tooltip' data-placement='right' title='原始值：8.92801'>8.93</span>", "<span data-toggle='tooltip' data-placement='right' title='原始值：709.4924'>709.5</span>", "<span data-toggle='tooltip' data-placement='right' title='原始值：124.6829'>124.7</span>", "<span data-toggle='tooltip' data-placement='right' title='极值过滤'>--</span>", "<span data-toggle='tooltip' data-placement='right' title='极值过滤'>--</span>", "<span data-toggle='tooltip' data-placement='right' title='原始值：0.08852'>0.089</span>", "<span data-toggle='tooltip' data-placement='right' title='原始值：2.59723'>2.60</span>", "*", "*", "维护"], ["辽宁省", "辽河流域", "<span data-toggle='tooltip' data-placement='right' title='所在地市:铁岭市&#10;所属河流:辽河'>珠尔山</span>", "05-29 08:00", "Ⅱ", "<span data-toggle='tooltip' data-placement='right' title='原始值：20.2331'>20.2</span>", "<span data-toggle='tooltip' data-placement='right' title='原始值：8.39658'>8.40</span>", "<span data-toggle='tooltip' data-placement='right' title='原始值：8.54877'>8.55</span>", "<span data-toggle='tooltip' data-placement='right' title='原始值：481.5852'>481.6</span>", "<span data-toggle='tooltip' data-placement='right' title='原始值：36.0226'>36.0</span>", "<span data-toggle='tooltip' data-placement='right' title='原始值：3.74964'>3.75</span>", "<span data-toggle='tooltip' data-placement='right' title='原始值：0.12'>0.120</span>", "<span data-toggle='tooltip' data-placement='right' title='原始值：0.0587'>0.059</span>", "<span data-toggle='tooltip' data-placement='right' title='原始值：3.37234'>3.37</span>", "*", "*", "正常"], ["吉林省", "松花江流域", "<span data-toggle='tooltip' data-placement='right' title='所在地市:长春市&#10;所属河流:松花江'>松花江村</span>", "05-29 08:05", "Ⅱ", "<span data-toggle='tooltip' data-placement='right' title='原始值：16.93107'>16.9</span>", "<span data-toggle='tooltip' data-placement='right' title='原始值：7.30522'>7.31</span>", "<span data-toggle='tooltip' data-placement='right' title='原始值：9.74557'>9.75</span>", "<span data-toggle='tooltip' data-placement='right' title='原始值：281.2572'>281.3</span>", "<span data-toggle='tooltip' data-placement='right' title='原始值：22.98559'>23.0</span>", "<span data-toggle='tooltip' data-placement='right' title='原始值：2.37756'>2.38</span>", "<span data-toggle='tooltip' data-placement='right' title='原始值：0.11'>0.110</span>", "<span data-toggle='tooltip' data-placement='right' title='原始值：0.01471'>0.015</span>", "<span data-toggle='tooltip' data-placement='right' title='原始值：1.83991'>1.84</span>", "*", "*", "正常"], ["吉林省", "松花江流域", "<span data-toggle='tooltip' data-placement='right' title='所在地市:白城市&#10;所属河流:嫩江'>白沙滩</span>", null, "", "--", "--", "--", "--", "--", "--", "--", "--", "--", "*", "*", "停站"], ["吉林省", "松花江流域", "<span data-toggle='tooltip' data-placement='right' title='所在地市:延边朝鲜族自治州&#10;所属河流:图们江'>圈河</span>", "05-29 08:00", "Ⅳ", "<span data-toggle='tooltip' data-placement='right' title='原始值：19'>19.0</span>", "<span data-toggle='tooltip' data-placement='right' title='原始值：7.64'>7.64</span>", "<span data-toggle='tooltip' data-placement='right' title='原始值：7.78516'>7.79</span>", "<span data-toggle='tooltip' data-placement='right' title='原始值：164'>164.0</span>", "<span data-toggle='tooltip' data-placement='right' title='原始值：23'>23.0</span>", "<span data-toggle='tooltip' data-placement='right' title='原始值：6.31'>6.31</span>", "<span data-toggle='tooltip' data-placement='right' title='原始值：0.12464'>0.125</span>", "<span data-toggle='tooltip' data-placement='right' title='原始值：0.10353'>0.104</span>", "<span data-toggle='tooltip' data-placement='right' title='原始值：1.58079'>1.58</span>", "*", "*", "正常"], ["黑龙江省", "松花江流域", "<span data-toggle='tooltip' data-placement='right' title='所在地市:大庆市&#10;所属河流:松花江'>肇源</span>", null, "", "--", "--", "--", "--", "--", "--", "--", "--", "--", "*", "*", "停站"], ["黑龙江省", "松花江流域", "<span data-toggle='tooltip' data-placement='right' title='所在地市:佳木斯市&#10;所属河流:乌苏里江'>乌苏镇</span>", null, "", "--", "--", "--", "--", "--", "--", "--", "--", "--", "*", "*", "停站"], ["黑龙江省", "松花江流域", "<span data-toggle='tooltip' data-placement='right' title='所在地市:佳木斯市&#10;所属河流:松花江'>同江</span>", "05-29 08:00", "", "<span data-toggle='tooltip' data-placement='right' title='原始值：16.75'>16.8</span>", "<span data-toggle='tooltip' data-placement='right' title='极值过滤'>--</span>", "<span data-toggle='tooltip' data-placement='right' title='原始值：10.25002'>10.25</span>", "<span data-toggle='tooltip' data-placement='right' title='原始值：263.6724'>263.7</span>", "<span data-toggle='tooltip' data-placement='right' title='原始值：89.00211'>89.0</span>", "<span data-toggle='tooltip' data-placement='right' title='原始值：4.48768'>4.49</span>", "<span data-toggle='tooltip' data-placement='right' title='原始值：0.17052'>0.171</span>", "<span data-toggle='tooltip' data-placement='right' title='原始值：0.12988'>0.130</span>", "<span data-toggle='tooltip' data-placement='right' title='原始值：2.85304'>2.85</span>", "*", "*", "维护"], ["黑龙江省", "松花江流域", "<span data-toggle='tooltip' data-placement='right' title='所在地市:黑河市&#10;所属河流:黑龙江'>黑河下(黑河)</span>", null, "", "--", "--", "--", "--", "--", "--", "--", "--", "--", "*", "*", "维护"], ["上海市", "长江流域", "<span data-toggle='tooltip' data-placement='right' title='所在地市:青浦区&#10;所属河流:淀山湖'>急水港桥</span>", "05-29 08:00", "Ⅳ", "<span data-toggle='tooltip' data-placement='right' title='原始值：22.2'>22.2</span>", "<span data-toggle='tooltip' data-placement='right' title='原始值：6.89'>6.89</span>", "<span data-toggle='tooltip' data-placement='right' title='原始值：8.96'>8.96</span>", "<span data-toggle='tooltip' data-placement='right' title='原始值：724'>724.0</span>", "<span data-toggle='tooltip' data-placement='right' title='原始值：151.2'>151.2</span>", "<span data-toggle='tooltip' data-placement='right' title='原始值：1.72656'>1.73</span>", "<span data-toggle='tooltip' data-placement='right' title='原始值：0.002'>0.002</span>", "<span data-toggle='tooltip' data-placement='right' title='原始值：0.06226'>0.062</span>", "<span data-toggle='tooltip' data-placement='right' title='原始值：3.23439'>3.23</span>", "<span data-toggle='tooltip' data-placement='right' title='原始值：0.00641'>0.006</span>", "<span data-toggle='tooltip' data-placement='right' title='原始值：5.680451E+07'>56804510</span>", "正常"], ["江苏省", "长江流域", "<span data-toggle='tooltip' data-placement='right' title='所在地市:南京市&#10;所属河流:长江'>林山</span>", "05-29 08:00", "Ⅱ", "<span data-toggle='tooltip' data-placement='right' title='原始值：24.2845'>24.3</span>", "<span data-toggle='tooltip' data-placement='right' title='原始值：7.78575'>7.79</span>", "<span data-toggle='tooltip' data-placement='right' title='原始值：6.74574'>6.75</span>", "<span data-toggle='tooltip' data-placement='right' title='原始值：302.914'>302.9</span>", "<span data-toggle='tooltip' data-placement='right' title='原始值：37.9711'>38.0</span>", "<span data-toggle='tooltip' data-placement='right' title='原始值：1.43'>1.43</span>", "<span data-toggle='tooltip' data-placement='right' title='原始值：0.052'>0.052</span>", "*", "*", "*", "*", "正常"], ["江苏省", "太湖流域", "<span data-toggle='tooltip' data-placement='right' title='所在地市:无锡市&#10;所属河流:太湖'>沙渚</span>", "05-29 08:00", "Ⅳ", "<span data-toggle='tooltip' data-placement='right' title='原始值：24.74514'>24.7</span>", "<span data-toggle='tooltip' data-placement='right' title='原始值：8.355259'>8.36</span>", "<span data-toggle='tooltip' data-placement='right' title='原始值：7.774859'>7.77</span>", "<span data-toggle='tooltip' data-placement='right' title='原始值：468.0916'>468.1</span>", "<span data-toggle='tooltip' data-placement='right' title='原始值：62.21441'>62.2</span>", "<span data-toggle='tooltip' data-placement='right' title='原始值：6.95'>6.95</span>", "<span data-toggle='tooltip' data-placement='right' title='原始值：0.28'>0.280</span>", "<span data-toggle='tooltip' data-placement='right' title='原始值：0.0786'>0.079</span>", "<span data-toggle='tooltip' data-placement='right' title='原始值：1.529'>1.53</span>", "*", "*", "正常"], ["江苏省", "淮河流域", "<span data-toggle='tooltip' data-placement='right' title='所在地市:徐州市&#10;所属河流:武河'>小红圈</span>", null, "", "--", "--", "--", "--", "--", "--", "--", "--", "--", "*", "*", "停站"], ["江苏省", "淮河流域", "<span data-toggle='tooltip' data-placement='right' title='所在地市:徐州市&#10;所属河流:沿河'>李集桥</span>", "05-29 08:00", "Ⅳ", "<span data-toggle='tooltip' data-placement='right' title='原始值：25.8'>25.8</span>", "<span data-toggle='tooltip' data-placement='right' title='原始值：7.54'>7.54</span>", "<span data-toggle='tooltip' data-placement='right' title='原始值：3.37'>3.37</span>", "<span data-toggle='tooltip' data-placement='right' title='原始值：1179.4'>1179.4</span>", "<span data-toggle='tooltip' data-placement='right' title='原始值：34.15'>34.2</span>", "<span data-toggle='tooltip' data-placement='right' title='原始值：4.99'>4.99</span>", "<span data-toggle='tooltip' data-placement='right' title='原始值：1.187'>1.187</span>", "<span data-toggle='tooltip' data-placement='right' title='原始值：0.18'>0.180</span>", "<span data-toggle='tooltip' data-placement='right' title='原始值：1.518'>1.52</span>", "*", "*", "正常"], ["江苏省", "淮河流域", "<span data-toggle='tooltip' data-placement='right' title='所在地市:徐州市&#10;所属河流:邳苍分洪道'>艾山西大桥</span>", "05-29 08:00", "Ⅲ", "<span data-toggle='tooltip' data-placement='right' title='原始值：26.3416'>26.3</span>", "<span data-toggle='tooltip' data-placement='right' title='原始值：8.35307'>8.35</span>", "<span data-toggle='tooltip' data-placement='right' title='原始值：8.99035'>8.99</span>", "<span data-toggle='tooltip' data-placement='right' title='原始值：610.244'>610.2</span>", "<span data-toggle='tooltip' data-placement='right' title='原始值：14.0916'>14.1</span>", "<span data-toggle='tooltip' data-placement='right' title='原始值：5.06'>5.06</span>", "<span data-toggle='tooltip' data-placement='right' title='原始值：0.14'>0.140</span>", "<span data-toggle='tooltip' data-placement='right' title='原始值：0.05164'>0.052</span>", "<span data-toggle='tooltip' data-placement='right' title='原始值：1.05265'>1.05</span>", "*", "*", "正常"], ["江苏省", "太湖流域", "<span data-toggle='tooltip' data-placement='right' title='所在地市:苏州市&#10;所属河流:太湖'>兰山嘴(老)</span>", "05-29 08:00", "Ⅳ", "<span data-toggle='tooltip' data-placement='right' title='原始值：25.44973'>25.4</span>", "<span data-toggle='tooltip' data-placement='right' title='原始值：7.11127'>7.11</span>", "<span data-toggle='tooltip' data-placement='right' title='原始值：4.88534'>4.89</span>", "<span data-toggle='tooltip' data-placement='right' title='原始值：493.0092'>493.0</span>", "<span data-toggle='tooltip' data-placement='right' title='原始值：76.51614'>76.5</span>", "<span data-toggle='tooltip' data-placement='right' title='原始值：3.91'>3.91</span>", "<span data-toggle='tooltip' data-placement='right' title='原始值：0.37'>0.370</span>", "<span data-toggle='tooltip' data-placement='right' title='原始值：0.112'>0.112</span>", "<span data-toggle='tooltip' data-placement='right' title='原始值：3.55796'>3.56</span>", "*", "*", "正常"], ["江苏省", "太湖流域", "<span data-toggle='tooltip' data-placement='right' title='所在地市:苏州市&#10;所属河流:太湖'>西山</span>", "05-29 08:00", "Ⅲ", "<span data-toggle='tooltip' data-placement='right' title='原始值：24.94306'>24.9</span>", "<span data-toggle='tooltip' data-placement='right' title='原始值：7.64758'>7.65</span>", "<span data-toggle='tooltip' data-placement='right' title='原始值：7.32039'>7.32</span>", "<span data-toggle='tooltip' data-placement='right' title='原始值：372.5351'>372.5</span>", "<span data-toggle='tooltip' data-placement='right' title='原始值：56.77039'>56.8</span>", "<span data-toggle='tooltip' data-placement='right' title='原始值：2.8'>2.80</span>", "<span data-toggle='tooltip' data-placement='right' title='原始值：0.16'>0.160</span>", "<span data-toggle='tooltip' data-placement='right' title='原始值：0.0331'>0.033</span>", "<span data-toggle='tooltip' data-placement='right' title='原始值：0.7221'>0.72</span>", "*", "*", "正常"], ["江苏省", "淮河流域", "<span data-toggle='tooltip' data-placement='right' title='所在地市:连云港市&#10;所属河流:新沭河'>大兴桥</span>", "05-29 08:00", "Ⅲ", "<span data-toggle='tooltip' data-placement='right' title='原始值：25.6'>25.6</span>", "<span data-toggle='tooltip' data-placement='right' title='原始值：8.16'>8.16</span>", "<span data-toggle='tooltip' data-placement='right' title='原始值：8.79'>8.79</span>", "<span data-toggle='tooltip' data-placement='right' title='原始值：1185.2'>1185.2</span>", "<span data-toggle='tooltip' data-placement='right' title='原始值：34.04'>34.0</span>", "<span data-toggle='tooltip' data-placement='right' title='原始值：5.19'>5.19</span>", "<span data-toggle='tooltip' data-placement='right' title='原始值：0.073'>0.073</span>", "*", "*", "*", "*", "正常"], ["江苏省", "淮河流域", "<span data-toggle='tooltip' data-placement='right' title='所在地市:淮安市&#10;所属河流:淮河'>淮河大桥</span>", "05-29 08:00", "", "<span data-toggle='tooltip' data-placement='right' title='原始值：26.23616'>26.2</span>", "<span data-toggle='tooltip' data-placement='right' title='原始值：8.00691'>8.01</span>", "<span data-toggle='tooltip' data-placement='right' title='原始值：6.1687'>6.17</span>", "<span data-toggle='tooltip' data-placement='right' title='原始值：612.652'>612.7</span>", "<span data-toggle='tooltip' data-placement='right' title='原始值：64.29189'>64.3</span>", "<span data-toggle='tooltip' data-placement='right' title='原始值：3.81'>3.81</span>", "<span data-toggle='tooltip' data-placement='right' title='极值过滤'>--</span>", "<span data-toggle='tooltip' data-placement='right' title='原始值：0.09775'>0.098</span>", "<span data-toggle='tooltip' data-placement='right' title='原始值：0.8375'>0.84</span>", "*", "*", "维护"], ["江苏省", "长江流域", "<span data-toggle='tooltip' data-placement='right' title='所在地市:扬州市&#10;所属河流:夹江'>三江营</span>", null, "", "--", "--", "--", "--", "--", "--", "--", "--", "--", "*", "*", "停站"], ["江苏省", "淮河流域", "<span data-toggle='tooltip' data-placement='right' title='所在地市:宿迁市&#10;所属河流:新濉河'>大屈</span>", "05-29 08:00", "Ⅳ", "<span data-toggle='tooltip' data-placement='right' title='原始值：25.3'>25.3</span>", "<span data-toggle='tooltip' data-placement='right' title='原始值：7.73'>7.73</span>", "<span data-toggle='tooltip' data-placement='right' title='原始值：6.13'>6.13</span>", "<span data-toggle='tooltip' data-placement='right' title='原始值：885'>885.0</span>", "<span data-toggle='tooltip' data-placement='right' title='原始值：139.33'>139.3</span>", "<span data-toggle='tooltip' data-placement='right' title='原始值：9.48'>9.48</span>", "<span data-toggle='tooltip' data-placement='right' title='原始值：0.1'>0.100</span>", "<span data-toggle='tooltip' data-placement='right' title='原始值：0.011'>0.011</span>", "<span data-toggle='tooltip' data-placement='right' title='原始值：0.96'>0.96</span>", "*", "*", "正常"], ["浙江省", "浙闽片河流", "<span data-toggle='tooltip' data-placement='right' title='所在地市:杭州市&#10;所属河流:新安江'>街口(鸠坑口)</span>", null, "", "--", "--", "--", "--", "--", "--", "--", "--", "--", "*", "*", "停站"], ["浙江省", "太湖流域", "<span data-toggle='tooltip' data-placement='right' title='所在地市:嘉兴市&#10;所属河流:斜路港河'>斜路港</span>", "05-29 08:00", "Ⅳ", "<span data-toggle='tooltip' data-placement='right' title='原始值：25.1'>25.1</span>", "<span data-toggle='tooltip' data-placement='right' title='原始值：7.33'>7.33</span>", "<span data-toggle='tooltip' data-placement='right' title='原始值：4.11'>4.11</span>", "<span data-toggle='tooltip' data-placement='right' title='原始值：649'>649.0</span>", "<span data-toggle='tooltip' data-placement='right' title='原始值：75.2'>75.2</span>", "<span data-toggle='tooltip' data-placement='right' title='原始值：5.49'>5.49</span>", "<span data-toggle='tooltip' data-placement='right' title='原始值：0.06407'>0.064</span>", "<span data-toggle='tooltip' data-placement='right' title='原始值：0.05249'>0.052</span>", "<span data-toggle='tooltip' data-placement='right' title='原始值：1.74258'>1.74</span>", "*", "*", "正常"], ["浙江省", "太湖流域", "<span data-toggle='tooltip' data-placement='right' title='所在地市:嘉兴市&#10;所属河流:京杭运河'>王江泾</span>", null, "", "--", "--", "--", "--", "--", "--", "--", "--", "--", "*", "*", "停站"], ["浙江省", "太湖流域", "<span data-toggle='tooltip' data-placement='right' title='所在地市:湖州市&#10;所属河流:西苕溪'>新港口(新塘港)</span>", "05-29 08:00", "Ⅱ", "<span data-toggle='tooltip' data-placement='right' title='原始值：24.1931'>24.2</span>", "<span data-toggle='tooltip' data-placement='right' title='原始值：7.3379'>7.34</span>", "<span data-toggle='tooltip' data-placement='right' title='原始值：6.74019'>6.74</span>", "<span data-toggle='tooltip' data-placement='right' title='原始值：335.993'>336.0</span>", "<span data-toggle='tooltip' data-placement='right' title='原始值：197.527'>197.5</span>", "<span data-toggle='tooltip' data-placement='right' title='原始值：2.70628'>2.71</span>", "<span data-toggle='tooltip' data-placement='right' title='原始值：0.10666'>0.107</span>", "<span data-toggle='tooltip' data-placement='right' title='原始值：0.08731'>0.087</span>", "<span data-toggle='tooltip' data-placement='right' title='原始值：9.73678'>9.74</span>", "*", "*", "正常"], ["安徽省", "巢湖流域", "<span data-toggle='tooltip' data-placement='right' title='所在地市:合肥市&#10;所属河流:巢湖'>湖滨(老)</span>", "05-29 08:00", "Ⅳ", "<span data-toggle='tooltip' data-placement='right' title='原始值：27.8835'>27.9</span>", "<span data-toggle='tooltip' data-placement='right' title='原始值：7.30143'>7.30</span>", "<span data-toggle='tooltip' data-placement='right' title='原始值：8.18456'>8.18</span>", "<span data-toggle='tooltip' data-placement='right' title='原始值：422.6272'>422.6</span>", "<span data-toggle='tooltip' data-placement='right' title='原始值：133.4281'>133.4</span>", "<span data-toggle='tooltip' data-placement='right' title='原始值：7.48'>7.48</span>", "<span data-toggle='tooltip' data-placement='right' title='原始值：0.19'>0.190</span>", "<span data-toggle='tooltip' data-placement='right' title='原始值：0.0728'>0.073</span>", "<span data-toggle='tooltip' data-placement='right' title='原始值：0.6654'>0.67</span>", "<span data-toggle='tooltip' data-placement='right' title='原始值：0.04951'>0.050</span>", "*", "正常"], ["安徽省", "巢湖流域", "<span data-toggle='tooltip' data-placement='right' title='所在地市:芜湖市&#10;所属河流:巢湖'>裕溪口(老)</span>", null, "", "--", "--", "--", "--", "--", "--", "--", "--", "--", "*", "*", "停站"], ["安徽省", "淮河流域", "<span data-toggle='tooltip' data-placement='right' title='所在地市:蚌埠市&#10;所属河流:淮河'>蚌埠闸上(蚌埠闸)</span>", null, "", "--", "--", "--", "--", "--", "--", "--", "--", "--", "*", "*", "停站"], ["安徽省", "淮河流域", "<span data-toggle='tooltip' data-placement='right' title='所在地市:淮南市&#10;所属河流:淮河'>石头埠(老)</span>", "05-29 08:01", "Ⅱ", "<span data-toggle='tooltip' data-placement='right' title='原始值：26.60238'>26.6</span>", "<span data-toggle='tooltip' data-placement='right' title='原始值：6.90378'>6.90</span>", "<span data-toggle='tooltip' data-placement='right' title='原始值：7.26369'>7.26</span>", "<span data-toggle='tooltip' data-placement='right' title='原始值：689.8608'>689.9</span>", "<span data-toggle='tooltip' data-placement='right' title='原始值：33.59248'>33.6</span>", "<span data-toggle='tooltip' data-placement='right' title='原始值：3.35999'>3.36</span>", "<span data-toggle='tooltip' data-placement='right' title='原始值：0.13'>0.130</span>", "*", "*", "*", "*", "正常"], ["安徽省", "淮河流域", "<span data-toggle='tooltip' data-placement='right' title='所在地市:淮北市&#10;所属河流:沱河'>小王桥</span>", null, "", "--", "--", "--", "--", "--", "--", "--", "--", "--", "*", "*", "停站"], ["安徽省", "长江流域", "<span data-toggle='tooltip' data-placement='right' title='所在地市:安庆市&#10;所属河流:长江'>皖河口</span>", null, "", "--", "--", "--", "--", "--", "--", "--", "--", "--", "*", "*", "停站"], ["安徽省", "淮河流域", "<span data-toggle='tooltip' data-placement='right' title='所在地市:滁州市&#10;所属河流:淮河'>小柳巷</span>", "05-29 08:00", "Ⅱ", "<span data-toggle='tooltip' data-placement='right' title='原始值：25'>25.0</span>", "<span data-toggle='tooltip' data-placement='right' title='原始值：7.69'>7.69</span>", "<span data-toggle='tooltip' data-placement='right' title='原始值：7.97'>7.97</span>", "<span data-toggle='tooltip' data-placement='right' title='原始值：716.7'>716.7</span>", "<span data-toggle='tooltip' data-placement='right' title='原始值：49.3'>49.3</span>", "<span data-toggle='tooltip' data-placement='right' title='原始值：3.08'>3.08</span>", "<span data-toggle='tooltip' data-placement='right' title='原始值：0.04'>0.040</span>", "<span data-toggle='tooltip' data-placement='right' title='原始值：0.055'>0.055</span>", "<span data-toggle='tooltip' data-placement='right' title='原始值：2.105'>2.10</span>", "*", "*", "正常"], ["安徽省", "淮河流域", "<span data-toggle='tooltip' data-placement='right' title='所在地市:阜阳市&#10;所属河流:黑茨河'>张大桥</span>", "05-29 08:00", "Ⅲ", "<span data-toggle='tooltip' data-placement='right' title='原始值：26.9'>26.9</span>", "<span data-toggle='tooltip' data-placement='right' title='原始值：8.57'>8.57</span>", "<span data-toggle='tooltip' data-placement='right' title='原始值：7.62'>7.62</span>", "<span data-toggle='tooltip' data-placement='right' title='原始值：2574.9'>2574.9</span>", "<span data-toggle='tooltip' data-placement='right' title='原始值：24.37'>24.4</span>", "<span data-toggle='tooltip' data-placement='right' title='原始值：4.98'>4.98</span>", "<span data-toggle='tooltip' data-placement='right' title='原始值：0.04'>0.040</span>", "<span data-toggle='tooltip' data-placement='right' title='原始值：0.121'>0.121</span>", "<span data-toggle='tooltip' data-placement='right' title='原始值：0.965'>0.96</span>", "*", "*", "正常"], ["安徽省", "淮河流域", "<span data-toggle='tooltip' data-placement='right' title='所在地市:阜阳市&#10;所属河流:淮河'>王家坝</span>", "05-29 08:00", "", "<span data-toggle='tooltip' data-placement='right' title='原始值：26.6175'>26.6</span>", "<span data-toggle='tooltip' data-placement='right' title='原始值：8.258'>8.26</span>", "<span data-toggle='tooltip' data-placement='right' title='原始值：8.43999'>8.44</span>", "<span data-toggle='tooltip' data-placement='right' title='原始值：560.6152'>560.6</span>", "<span data-toggle='tooltip' data-placement='right' title='原始值：12.44462'>12.4</span>", "<span data-toggle='tooltip' data-placement='right' title='原始值：5.42'>5.42</span>", "<span data-toggle='tooltip' data-placement='right' title='原始值：0.375'>0.375</span>", "<span data-toggle='tooltip' data-placement='right' title='极值过滤'>--</span>", "<span data-toggle='tooltip' data-placement='right' title='原始值：1.47626'>1.48</span>", "*", "*", "维护"], ["安徽省", "淮河流域", "<span data-toggle='tooltip' data-placement='right' title='所在地市:阜阳市&#10;所属河流:颍河'>界首七渡口(七渡口)</span>", "05-29 08:00", "Ⅲ", "<span data-toggle='tooltip' data-placement='right' title='原始值：20.86972'>20.9</span>", "<span data-toggle='tooltip' data-placement='right' title='原始值：7.55983'>7.56</span>", "<span data-toggle='tooltip' data-placement='right' title='原始值：5.09953'>5.10</span>", "<span data-toggle='tooltip' data-placement='right' title='原始值：887.9471'>887.9</span>", "<span data-toggle='tooltip' data-placement='right' title='原始值：8.97236'>9.0</span>", "<span data-toggle='tooltip' data-placement='right' title='原始值：2.38'>2.38</span>", "<span data-toggle='tooltip' data-placement='right' title='原始值：0.23'>0.230</span>", "<span data-toggle='tooltip' data-placement='right' title='原始值：0.08164'>0.082</span>", "<span data-toggle='tooltip' data-placement='right' title='原始值：3.88849'>3.89</span>", "*", "*", "正常"], ["安徽省", "淮河流域", "<span data-toggle='tooltip' data-placement='right' title='所在地市:阜阳市&#10;所属河流:泉河'>许庄(徐庄)</span>", "05-29 08:00", "Ⅱ", "<span data-toggle='tooltip' data-placement='right' title='原始值：24.4'>24.4</span>", "<span data-toggle='tooltip' data-placement='right' title='原始值：7.36'>7.36</span>", "<span data-toggle='tooltip' data-placement='right' title='原始值：6.69'>6.69</span>", "<span data-toggle='tooltip' data-placement='right' title='原始值：1023.5'>1023.5</span>", "<span data-toggle='tooltip' data-placement='right' title='原始值：59.87'>59.9</span>", "<span data-toggle='tooltip' data-placement='right' title='原始值：3.64'>3.64</span>", "<span data-toggle='tooltip' data-placement='right' title='原始值：0.01'>0.010</span>", "<span data-toggle='tooltip' data-placement='right' title='原始值：0.077'>0.077</span>", "<span data-toggle='tooltip' data-placement='right' title='原始值：0.65'>0.65</span>", "*", "*", "正常"], ["安徽省", "淮河流域", "<span data-toggle='tooltip' data-placement='right' title='所在地市:宿州市&#10;所属河流:奎河'>杨庄</span>", "05-29 08:02", "Ⅲ", "<span data-toggle='tooltip' data-placement='right' title='原始值：24.46'>24.5</span>", "<span data-toggle='tooltip' data-placement='right' title='原始值：7.27'>7.27</span>", "<span data-toggle='tooltip' data-placement='right' title='原始值：6.56'>6.56</span>", "<span data-toggle='tooltip' data-placement='right' title='原始值：1027.1'>1027.1</span>", "<span data-toggle='tooltip' data-placement='right' title='原始值：62.99'>63.0</span>", "<span data-toggle='tooltip' data-placement='right' title='原始值：5.92'>5.92</span>", "<span data-toggle='tooltip' data-placement='right' title='原始值：0.297'>0.297</span>", "*", "*", "*", "*", "正常"], ["安徽省", "淮河流域", "<span data-toggle='tooltip' data-placement='right' title='所在地市:宿州市&#10;所属河流:新汴河'>泗县公路桥</span>", null, "", "--", "--", "--", "--", "--", "--", "--", "--", "--", "*", "*", "停站"], ["安徽省", "淮河流域", "<span data-toggle='tooltip' data-placement='right' title='所在地市:亳州市&#10;所属河流:包河'>颜集</span>", "05-29 08:00", "劣Ⅴ", "<span data-toggle='tooltip' data-placement='right' title='原始值：25.4'>25.4</span>", "<span data-toggle='tooltip' data-placement='right' title='原始值：8.11'>8.11</span>", "<span data-toggle='tooltip' data-placement='right' title='原始值：12.75'>12.75</span>", "<span data-toggle='tooltip' data-placement='right' title='原始值：1855.8'>1855.8</span>", "<span data-toggle='tooltip' data-placement='right' title='原始值：209.68'>209.7</span>", "<span data-toggle='tooltip' data-placement='right' title='原始值：5.04'>5.04</span>", "<span data-toggle='tooltip' data-placement='right' title='原始值：0.07'>0.070</span>", "<span data-toggle='tooltip' data-placement='right' title='原始值：0.448'>0.448</span>", "<span data-toggle='tooltip' data-placement='right' title='原始值：2.101'>2.10</span>", "*", "*", "正常"], ["福建省", "浙闽片河流", "<span data-toggle='tooltip' data-placement='right' title='所在地市:福州市&#10;所属河流:闽江'>白岩潭</span>", "05-29 08:00", "Ⅱ", "<span data-toggle='tooltip' data-placement='right' title='原始值：25.27'>25.3</span>", "<span data-toggle='tooltip' data-placement='right' title='原始值：6.42'>6.42</span>", "<span data-toggle='tooltip' data-placement='right' title='原始值：6.15'>6.15</span>", "<span data-toggle='tooltip' data-placement='right' title='原始值：163'>163.0</span>", "<span data-toggle='tooltip' data-placement='right' title='原始值：12.53'>12.5</span>", "<span data-toggle='tooltip' data-placement='right' title='原始值：2.68'>2.68</span>", "<span data-toggle='tooltip' data-placement='right' title='原始值：0.05'>0.050</span>", "*", "*", "*", "*", "正常"], ["江西省", "长江流域", "<span data-toggle='tooltip' data-placement='right' title='所在地市:南昌市&#10;所属河流:赣江南支'>滁槎</span>", "05-29 08:00", "Ⅲ", "<span data-toggle='tooltip' data-placement='right' title='原始值：27.0068'>27.0</span>", "<span data-toggle='tooltip' data-placement='right' title='原始值：7.04392'>7.04</span>", "<span data-toggle='tooltip' data-placement='right' title='原始值：5.04485'>5.04</span>", "<span data-toggle='tooltip' data-placement='right' title='原始值：179.1105'>179.1</span>", "<span data-toggle='tooltip' data-placement='right' title='原始值：11.63593'>11.6</span>", "<span data-toggle='tooltip' data-placement='right' title='原始值：1.06'>1.06</span>", "<span data-toggle='tooltip' data-placement='right' title='原始值：0.04'>0.040</span>", "<span data-toggle='tooltip' data-placement='right' title='原始值：0.07075'>0.071</span>", "<span data-toggle='tooltip' data-placement='right' title='原始值：2.26'>2.26</span>", "*", "*", "正常"], ["江西省", "长江流域", "<span data-toggle='tooltip' data-placement='right' title='所在地市:九江市&#10;所属河流:长江'>姚港(河西水厂)</span>", null, "", "--", "--", "--", "--", "--", "--", "--", "--", "--", "*", "*", "停站"], ["江西省", "长江流域", "<span data-toggle='tooltip' data-placement='right' title='所在地市:九江市&#10;所属河流:鄱阳湖'>蛤蟆石</span>", null, "", "--", "--", "--", "--", "--", "--", "--", "--", "--", "--", "--", "停站"], ["山东省", "黄河流域", "<span data-toggle='tooltip' data-placement='right' title='所在地市:济南市&#10;所属河流:黄河'>泺口</span>", "05-29 08:00", "Ⅱ", "<span data-toggle='tooltip' data-placement='right' title='原始值：23.8927'>23.9</span>", "<span data-toggle='tooltip' data-placement='right' title='原始值：8.37896'>8.38</span>", "<span data-toggle='tooltip' data-placement='right' title='原始值：7.97612'>7.98</span>", "<span data-toggle='tooltip' data-placement='right' title='原始值：1071.18'>1071.2</span>", "<span data-toggle='tooltip' data-placement='right' title='原始值：673.783'>673.8</span>", "<span data-toggle='tooltip' data-placement='right' title='原始值：2.63'>2.63</span>", "<span data-toggle='tooltip' data-placement='right' title='原始值：0.11032'>0.110</span>", "<span data-toggle='tooltip' data-placement='right' title='原始值：0.01137'>0.011</span>", "<span data-toggle='tooltip' data-placement='right' title='原始值：3.975'>3.98</span>", "*", "*", "正常"], ["山东省", "淮河流域", "<span data-toggle='tooltip' data-placement='right' title='所在地市:枣庄市&#10;所属河流:京杭大运河（韩庄运河）'>台儿庄大桥</span>", "05-29 08:00", "Ⅱ", "<span data-toggle='tooltip' data-placement='right' title='原始值：24.8'>24.8</span>", "<span data-toggle='tooltip' data-placement='right' title='原始值：7.9338'>7.93</span>", "<span data-toggle='tooltip' data-placement='right' title='原始值：7.34409'>7.34</span>", "<span data-toggle='tooltip' data-placement='right' title='原始值：723.5963'>723.6</span>", "<span data-toggle='tooltip' data-placement='right' title='原始值：35.70457'>35.7</span>", "<span data-toggle='tooltip' data-placement='right' title='原始值：3.91678'>3.92</span>", "<span data-toggle='tooltip' data-placement='right' title='原始值：0.03098'>0.031</span>", "<span data-toggle='tooltip' data-placement='right' title='原始值：0.04274'>0.043</span>", "<span data-toggle='tooltip' data-placement='right' title='原始值：0.99112'>0.99</span>", "*", "*", "正常"], ["山东省", "淮河流域", "<span data-toggle='tooltip' data-placement='right' title='所在地市:临沂市&#10;所属河流:沭河'>清泉寺</span>", "05-29 08:00", "Ⅳ", "<span data-toggle='tooltip' data-placement='right' title='原始值：23.96026'>24.0</span>", "<span data-toggle='tooltip' data-placement='right' title='原始值：7.67014'>7.67</span>", "<span data-toggle='tooltip' data-placement='right' title='原始值：5.08064'>5.08</span>", "<span data-toggle='tooltip' data-placement='right' title='原始值：1351.226'>1351.2</span>", "<span data-toggle='tooltip' data-placement='right' title='原始值：15.48643'>15.5</span>", "<span data-toggle='tooltip' data-placement='right' title='原始值：6.26'>6.26</span>", "<span data-toggle='tooltip' data-placement='right' title='原始值：0.27'>0.270</span>", "*", "*", "*", "*", "正常"], ["山东省", "淮河流域", "<span data-toggle='tooltip' data-placement='right' title='所在地市:临沂市&#10;所属河流:沂河'>重坊桥</span>", "05-29 08:00", "Ⅱ", "<span data-toggle='tooltip' data-placement='right' title='原始值：24.60001'>24.6</span>", "<span data-toggle='tooltip' data-placement='right' title='原始值：7.43925'>7.44</span>", "<span data-toggle='tooltip' data-placement='right' title='原始值：6.72617'>6.73</span>", "<span data-toggle='tooltip' data-placement='right' title='原始值：881.7103'>881.7</span>", "<span data-toggle='tooltip' data-placement='right' title='原始值：1.37103'>1.4</span>", "<span data-toggle='tooltip' data-placement='right' title='原始值：3.33'>3.33</span>", "<span data-toggle='tooltip' data-placement='right' title='原始值：0.09852'>0.099</span>", "*", "*", "*", "*", "正常"], ["山东省", "淮河流域", "<span data-toggle='tooltip' data-placement='right' title='所在地市:临沂市&#10;所属河流:白马河'>捷庄(涝沟桥)</span>", "05-29 08:00", "Ⅲ", "<span data-toggle='tooltip' data-placement='right' title='原始值：24.1'>24.1</span>", "<span data-toggle='tooltip' data-placement='right' title='原始值：7.23'>7.23</span>", "<span data-toggle='tooltip' data-placement='right' title='原始值：5.65871'>5.66</span>", "<span data-toggle='tooltip' data-placement='right' title='原始值：993.002'>993.0</span>", "<span data-toggle='tooltip' data-placement='right' title='原始值：28.14359'>28.1</span>", "<span data-toggle='tooltip' data-placement='right' title='原始值：5.81'>5.81</span>", "<span data-toggle='tooltip' data-placement='right' title='原始值：0.16859'>0.169</span>", "<span data-toggle='tooltip' data-placement='right' title='原始值：0.10047'>0.100</span>", "<span data-toggle='tooltip' data-placement='right' title='原始值：2.09957'>2.10</span>", "*", "*", "正常"], ["山东省", "海河流域", "<span data-toggle='tooltip' data-placement='right' title='所在地市:聊城市&#10;所属河流:卫运河'>秤勾湾(秤钩湾)</span>", null, "", "--", "--", "--", "--", "--", "--", "--", "--", "--", "*", "*", "停站"], ["河南省", "长江流域", "<span data-toggle='tooltip' data-placement='right' title='所在地市:南阳市&#10;所属河流:丹江口水库'>陶岔</span>", null, "", "--", "--", "--", "--", "--", "--", "--", "--", "--", "--", "--", "维护"], ["河南省", "淮河流域", "<span data-toggle='tooltip' data-placement='right' title='所在地市:商丘市&#10;所属河流:浍河'>黄口</span>", "05-29 08:00", "Ⅳ", "<span data-toggle='tooltip' data-placement='right' title='原始值：25.2875'>25.3</span>", "<span data-toggle='tooltip' data-placement='right' title='原始值：8.13'>8.13</span>", "<span data-toggle='tooltip' data-placement='right' title='原始值：4.58004'>4.58</span>", "<span data-toggle='tooltip' data-placement='right' title='原始值：5376.875'>5376.9</span>", "<span data-toggle='tooltip' data-placement='right' title='原始值：74.64945'>74.6</span>", "<span data-toggle='tooltip' data-placement='right' title='原始值：4.19'>4.19</span>", "<span data-toggle='tooltip' data-placement='right' title='原始值：0.06905'>0.069</span>", "<span data-toggle='tooltip' data-placement='right' title='原始值：0.1179'>0.118</span>", "<span data-toggle='tooltip' data-placement='right' title='原始值：1.97071'>1.97</span>", "*", "*", "正常"], ["河南省", "淮河流域", "<span data-toggle='tooltip' data-placement='right' title='所在地市:信阳市&#10;所属河流:史灌河'>蒋集</span>", "05-29 08:00", "Ⅳ", "<span data-toggle='tooltip' data-placement='right' title='原始值：28.08398'>28.1</span>", "<span data-toggle='tooltip' data-placement='right' title='原始值：7.52331'>7.52</span>", "<span data-toggle='tooltip' data-placement='right' title='原始值：4.635'>4.64</span>", "<span data-toggle='tooltip' data-placement='right' title='原始值：300.5044'>300.5</span>", "<span data-toggle='tooltip' data-placement='right' title='原始值：254.8956'>254.9</span>", "<span data-toggle='tooltip' data-placement='right' title='原始值：2.43'>2.43</span>", "<span data-toggle='tooltip' data-placement='right' title='原始值：0.06166'>0.062</span>", "*", "*", "*", "*", "正常"], ["河南省", "淮河流域", "<span data-toggle='tooltip' data-placement='right' title='所在地市:信阳市&#10;所属河流:淮河'>淮滨水文站(淮滨)</span>", "05-29 08:00", "", "<span data-toggle='tooltip' data-placement='right' title='原始值：24.9875'>25.0</span>", "<span data-toggle='tooltip' data-placement='right' title='原始值：8.31998'>8.32</span>", "<span data-toggle='tooltip' data-placement='right' title='原始值：8.93873'>8.94</span>", "<span data-toggle='tooltip' data-placement='right' title='原始值：323'>323.0</span>", "<span data-toggle='tooltip' data-placement='right' title='原始值：24.19999'>24.2</span>", "<span data-toggle='tooltip' data-placement='right' title='极值过滤'>--</span>", "<span data-toggle='tooltip' data-placement='right' title='原始值：1.37906'>1.379</span>", "<span data-toggle='tooltip' data-placement='right' title='原始值：0.02393'>0.024</span>", "<span data-toggle='tooltip' data-placement='right' title='原始值：0.94692'>0.95</span>", "*", "*", "维护"], ["河南省", "淮河流域", "<span data-toggle='tooltip' data-placement='right' title='所在地市:周口市&#10;所属河流:沙河'>沈丘闸</span>", "05-29 08:00", "Ⅱ", "<span data-toggle='tooltip' data-placement='right' title='原始值：24.68477'>24.7</span>", "<span data-toggle='tooltip' data-placement='right' title='原始值：8.3789'>8.38</span>", "<span data-toggle='tooltip' data-placement='right' title='原始值：13.28299'>13.28</span>", "<span data-toggle='tooltip' data-placement='right' title='原始值：806.1982'>806.2</span>", "<span data-toggle='tooltip' data-placement='right' title='原始值：41.88114'>41.9</span>", "<span data-toggle='tooltip' data-placement='right' title='原始值：3.51392'>3.51</span>", "<span data-toggle='tooltip' data-placement='right' title='原始值：0.12'>0.120</span>", "*", "*", "*", "*", "正常"], ["河南省", "淮河流域", "<span data-toggle='tooltip' data-placement='right' title='所在地市:周口市&#10;所属河流:涡河'>鹿邑付桥(鹿邑付桥闸)</span>", "05-29 08:00", "Ⅲ", "<span data-toggle='tooltip' data-placement='right' title='原始值：25.4583'>25.5</span>", "<span data-toggle='tooltip' data-placement='right' title='原始值：8.47796'>8.48</span>", "<span data-toggle='tooltip' data-placement='right' title='原始值：8.24035'>8.24</span>", "<span data-toggle='tooltip' data-placement='right' title='原始值：1502.14'>1502.1</span>", "<span data-toggle='tooltip' data-placement='right' title='原始值：11.97252'>12.0</span>", "<span data-toggle='tooltip' data-placement='right' title='原始值：5.51157'>5.51</span>", "<span data-toggle='tooltip' data-placement='right' title='原始值：0.03'>0.030</span>", "<span data-toggle='tooltip' data-placement='right' title='原始值：0.0938'>0.094</span>", "<span data-toggle='tooltip' data-placement='right' title='原始值：1.50469'>1.50</span>", "*", "*", "正常"], ["河南省", "淮河流域", "<span data-toggle='tooltip' data-placement='right' title='所在地市:驻马店市&#10;所属河流:洪河'>新蔡班台(班台)</span>", "05-29 08:00", "Ⅳ", "<span data-toggle='tooltip' data-placement='right' title='原始值：24.72554'>24.7</span>", "<span data-toggle='tooltip' data-placement='right' title='原始值：6.44738'>6.45</span>", "<span data-toggle='tooltip' data-placement='right' title='原始值：4.41038'>4.41</span>", "<span data-toggle='tooltip' data-placement='right' title='原始值：1289.413'>1289.4</span>", "<span data-toggle='tooltip' data-placement='right' title='原始值：1.13843'>1.1</span>", "<span data-toggle='tooltip' data-placement='right' title='原始值：6.325'>6.32</span>", "<span data-toggle='tooltip' data-placement='right' title='原始值：0.34'>0.340</span>", "<span data-toggle='tooltip' data-placement='right' title='原始值：0.24373'>0.244</span>", "<span data-toggle='tooltip' data-placement='right' title='原始值：2.24171'>2.24</span>", "*", "*", "正常"], ["河南省", "黄河流域", "<span data-toggle='tooltip' data-placement='right' title='所在地市:济源市&#10;所属河流:黄河'>小浪底水库(小浪底)</span>", "05-29 08:00", "Ⅱ", "<span data-toggle='tooltip' data-placement='right' title='原始值：16.94809'>16.9</span>", "<span data-toggle='tooltip' data-placement='right' title='原始值：8.70151'>8.70</span>", "<span data-toggle='tooltip' data-placement='right' title='原始值：7.07906'>7.08</span>", "<span data-toggle='tooltip' data-placement='right' title='原始值：1007.292'>1007.3</span>", "<span data-toggle='tooltip' data-placement='right' title='原始值：5.11724'>5.1</span>", "<span data-toggle='tooltip' data-placement='right' title='原始值：2.0425'>2.04</span>", "<span data-toggle='tooltip' data-placement='right' title='原始值：0.13'>0.130</span>", "<span data-toggle='tooltip' data-placement='right' title='原始值：0.03348'>0.033</span>", "<span data-toggle='tooltip' data-placement='right' title='原始值：4.0175'>4.02</span>", "*", "*", "正常"], ["湖北省", "长江流域", "<span data-toggle='tooltip' data-placement='right' title='所在地市:武汉市&#10;所属河流:汉江'>宗关</span>", null, "", "--", "--", "--", "--", "--", "--", "--", "--", "--", "*", "*", "停站"], ["湖北省", "长江流域", "<span data-toggle='tooltip' data-placement='right' title='所在地市:十堰市&#10;所属河流:丹江口水库'>坝上中(胡家岭)</span>", "05-29 08:08", "Ⅱ", "<span data-toggle='tooltip' data-placement='right' title='原始值：23.03723'>23.0</span>", "<span data-toggle='tooltip' data-placement='right' title='原始值：8.51285'>8.51</span>", "<span data-toggle='tooltip' data-placement='right' title='原始值：8.83338'>8.83</span>", "<span data-toggle='tooltip' data-placement='right' title='原始值：303.6372'>303.6</span>", "<span data-toggle='tooltip' data-placement='right' title='原始值：3.27268'>3.3</span>", "<span data-toggle='tooltip' data-placement='right' title='原始值：2.06'>2.06</span>", "<span data-toggle='tooltip' data-placement='right' title='原始值：0.21'>0.210</span>", "<span data-toggle='tooltip' data-placement='right' title='原始值：0.022'>0.022</span>", "<span data-toggle='tooltip' data-placement='right' title='原始值：1.218'>1.22</span>", "<span data-toggle='tooltip' data-placement='right' title='原始值：0.00631'>0.006</span>", "<span data-toggle='tooltip' data-placement='right' title='原始值：2.112942E+07'>21129420</span>", "正常"], ["湖北省", "长江流域", "<span data-toggle='tooltip' data-placement='right' title='所在地市:宜昌市&#10;所属河流:长江'>南津关</span>", null, "", "--", "--", "--", "--", "--", "--", "--", "--", "--", "*", "*", "停站"], ["湖南省", "长江流域", "<span data-toggle='tooltip' data-placement='right' title='所在地市:长沙市&#10;所属河流:湘江'>新港</span>", null, "", "--", "--", "--", "--", "--", "--", "--", "--", "--", "*", "*", "停站"], ["湖南省", "长江流域", "<span data-toggle='tooltip' data-placement='right' title='所在地市:岳阳市&#10;所属河流:洞庭湖'>岳阳楼</span>", null, "", "--", "--", "--", "--", "--", "--", "--", "--", "--", "--", "--", "停站"], ["湖南省", "长江流域", "<span data-toggle='tooltip' data-placement='right' title='所在地市:岳阳市&#10;所属河流:长江'>城陵矶</span>", null, "", "--", "--", "--", "--", "--", "--", "--", "--", "--", "*", "*", "停站"], ["广东省", "珠江流域", "<span data-toggle='tooltip' data-placement='right' title='所在地市:清远市&#10;所属河流:北江'>七星岗</span>", "05-29 08:00", "", "<span data-toggle='tooltip' data-placement='right' title='原始值：26.17987'>26.2</span>", "<span data-toggle='tooltip' data-placement='right' title='原始值：6.70184'>6.70</span>", "<span data-toggle='tooltip' data-placement='right' title='原始值：5.34612'>5.35</span>", "<span data-toggle='tooltip' data-placement='right' title='原始值：177.8661'>177.9</span>", "<span data-toggle='tooltip' data-placement='right' title='原始值：17.1506'>17.2</span>", "<span data-toggle='tooltip' data-placement='right' title='原始值：0.09'>0.09</span>", "<span data-toggle='tooltip' data-placement='right' title='极值过滤'>--</span>", "<span data-toggle='tooltip' data-placement='right' title='原始值：0.02465'>0.025</span>", "<span data-toggle='tooltip' data-placement='right' title='原始值：1.5356'>1.54</span>", "*", "*", "维护"], ["广东省", "珠江流域", "<span data-toggle='tooltip' data-placement='right' title='所在地市:中山市&#10;所属河流:西江'>横栏</span>", "05-29 08:00", "Ⅱ", "<span data-toggle='tooltip' data-placement='right' title='原始值：26.5'>26.5</span>", "<span data-toggle='tooltip' data-placement='right' title='原始值：7.57'>7.57</span>", "<span data-toggle='tooltip' data-placement='right' title='原始值：6.96'>6.96</span>", "<span data-toggle='tooltip' data-placement='right' title='原始值：269'>269.0</span>", "<span data-toggle='tooltip' data-placement='right' title='原始值：18'>18.0</span>", "<span data-toggle='tooltip' data-placement='right' title='原始值：1.88'>1.88</span>", "<span data-toggle='tooltip' data-placement='right' title='原始值：0.002'>0.002</span>", "*", "*", "*", "*", "正常"], ["广西壮族自治区", "珠江流域", "<span data-toggle='tooltip' data-placement='right' title='所在地市:南宁市&#10;所属河流:邕江'>老口</span>", "05-29 04:00", "Ⅲ", "<span data-toggle='tooltip' data-placement='right' title='原始值：27.7178'>27.7</span>", "<span data-toggle='tooltip' data-placement='right' title='原始值：7.59553'>7.60</span>", "<span data-toggle='tooltip' data-placement='right' title='原始值：5.95132'>5.95</span>", "<span data-toggle='tooltip' data-placement='right' title='原始值：291.1999'>291.2</span>", "<span data-toggle='tooltip' data-placement='right' title='原始值：6.87308'>6.9</span>", "<span data-toggle='tooltip' data-placement='right' title='原始值：0.87892'>0.88</span>", "<span data-toggle='tooltip' data-placement='right' title='原始值：0.06409'>0.064</span>", "<span data-toggle='tooltip' data-placement='right' title='原始值：0.03054'>0.031</span>", "<span data-toggle='tooltip' data-placement='right' title='原始值：2.18939'>2.19</span>", "*", "*", "正常"], ["广西壮族自治区", "珠江流域", "<span data-toggle='tooltip' data-placement='right' title='所在地市:桂林市&#10;所属河流:漓江'>阳朔</span>", "05-29 08:00", "Ⅲ", "<span data-toggle='tooltip' data-placement='right' title='原始值：23.8'>23.8</span>", "<span data-toggle='tooltip' data-placement='right' title='原始值：7.2'>7.20</span>", "<span data-toggle='tooltip' data-placement='right' title='原始值：5.9695'>5.97</span>", "<span data-toggle='tooltip' data-placement='right' title='原始值：191'>191.0</span>", "<span data-toggle='tooltip' data-placement='right' title='原始值：18.99043'>19.0</span>", "<span data-toggle='tooltip' data-placement='right' title='原始值：1.63'>1.63</span>", "<span data-toggle='tooltip' data-placement='right' title='原始值：0.03214'>0.032</span>", "<span data-toggle='tooltip' data-placement='right' title='原始值：0.01622'>0.016</span>", "<span data-toggle='tooltip' data-placement='right' title='原始值：2.0641'>2.06</span>", "*", "*", "正常"], ["广西壮族自治区", "珠江流域", "<span data-toggle='tooltip' data-placement='right' title='所在地市:梧州市&#10;所属河流:浔江'>界首</span>", null, "", "--", "--", "--", "--", "--", "--", "--", "--", "--", "*", "*", "停站"], ["广西壮族自治区", "珠江流域", "<span data-toggle='tooltip' data-placement='right' title='所在地市:贵港市&#10;所属河流:浔江'>石嘴</span>", "05-29 08:00", "Ⅱ", "<span data-toggle='tooltip' data-placement='right' title='原始值：28.1724'>28.2</span>", "<span data-toggle='tooltip' data-placement='right' title='原始值：6.45357'>6.45</span>", "<span data-toggle='tooltip' data-placement='right' title='原始值：7.7677'>7.77</span>", "<span data-toggle='tooltip' data-placement='right' title='原始值：240.1362'>240.1</span>", "<span data-toggle='tooltip' data-placement='right' title='原始值：118.7619'>118.8</span>", "<span data-toggle='tooltip' data-placement='right' title='原始值：1.3'>1.30</span>", "<span data-toggle='tooltip' data-placement='right' title='原始值：0.17'>0.170</span>", "<span data-toggle='tooltip' data-placement='right' title='原始值：0.04738'>0.047</span>", "<span data-toggle='tooltip' data-placement='right' title='原始值：3.5241'>3.52</span>", "*", "*", "正常"], ["广西壮族自治区", "珠江流域", "<span data-toggle='tooltip' data-placement='right' title='所在地市:崇左市&#10;所属河流:平而河'>平而关</span>", null, "", "--", "--", "--", "--", "--", "--", "--", "*", "*", "*", "*", "维护"], ["重庆市", "长江流域", "<span data-toggle='tooltip' data-placement='right' title='所在地市:永川区&#10;所属河流:长江'>朱沱</span>", null, "", "--", "--", "--", "--", "--", "--", "--", "--", "--", "*", "*", "停站"], ["四川省", "长江流域", "<span data-toggle='tooltip' data-placement='right' title='所在地市:攀枝花市&#10;所属河流:金沙江'>龙洞</span>", "05-29 08:00", "Ⅰ", "<span data-toggle='tooltip' data-placement='right' title='原始值：17.35019'>17.4</span>", "<span data-toggle='tooltip' data-placement='right' title='原始值：8.02285'>8.02</span>", "<span data-toggle='tooltip' data-placement='right' title='原始值：8.93443'>8.93</span>", "<span data-toggle='tooltip' data-placement='right' title='原始值：566.1973'>566.2</span>", "<span data-toggle='tooltip' data-placement='right' title='原始值：1.93932'>1.9</span>", "<span data-toggle='tooltip' data-placement='right' title='原始值：1.35'>1.35</span>", "<span data-toggle='tooltip' data-placement='right' title='原始值：0.06'>0.060</span>", "<span data-toggle='tooltip' data-placement='right' title='原始值：0.00388'>0.004</span>", "<span data-toggle='tooltip' data-placement='right' title='原始值：0.2914'>0.29</span>", "*", "*", "正常"], ["四川省", "长江流域", "<span data-toggle='tooltip' data-placement='right' title='所在地市:泸州市&#10;所属河流:沱江'>沱江大桥(沱江二桥)</span>", null, "", "--", "--", "--", "--", "--", "--", "--", "--", "--", "*", "*", "停站"], ["四川省", "长江流域", "<span data-toggle='tooltip' data-placement='right' title='所在地市:广元市&#10;所属河流:嘉陵江'>清风峡</span>", "05-29 08:00", "Ⅴ", "<span data-toggle='tooltip' data-placement='right' title='原始值：22.4'>22.4</span>", "<span data-toggle='tooltip' data-placement='right' title='原始值：8.21804'>8.22</span>", "<span data-toggle='tooltip' data-placement='right' title='原始值：8.89575'>8.90</span>", "<span data-toggle='tooltip' data-placement='right' title='原始值：352'>352.0</span>", "<span data-toggle='tooltip' data-placement='right' title='原始值：23.90463'>23.9</span>", "<span data-toggle='tooltip' data-placement='right' title='原始值：0.7'>0.70</span>", "<span data-toggle='tooltip' data-placement='right' title='原始值：1.79676'>1.797</span>", "*", "*", "*", "*", "正常"], ["四川省", "长江流域", "<span data-toggle='tooltip' data-placement='right' title='所在地市:乐山市&#10;所属河流:岷江'>岷江大桥</span>", "05-29 08:00", "Ⅱ", "<span data-toggle='tooltip' data-placement='right' title='原始值：23.95353'>24.0</span>", "<span data-toggle='tooltip' data-placement='right' title='原始值：7.51849'>7.52</span>", "<span data-toggle='tooltip' data-placement='right' title='原始值：6.83314'>6.83</span>", "<span data-toggle='tooltip' data-placement='right' title='原始值：524.8812'>524.9</span>", "<span data-toggle='tooltip' data-placement='right' title='原始值：27.9869'>28.0</span>", "<span data-toggle='tooltip' data-placement='right' title='原始值：3.63'>3.63</span>", "<span data-toggle='tooltip' data-placement='right' title='原始值：0.34'>0.340</span>", "*", "*", "*", "*", "正常"], ["四川省", "长江流域", "<span data-toggle='tooltip' data-placement='right' title='所在地市:宜宾市&#10;所属河流:岷江'>凉姜沟</span>", null, "", "--", "--", "--", "--", "--", "--", "--", "--", "--", "*", "*", "停站"], ["云南省", "滇池流域", "<span data-toggle='tooltip' data-placement='right' title='所在地市:昆明市&#10;所属河流:滇池'>西苑隧道</span>", "05-29 08:02", "劣Ⅴ", "<span data-toggle='tooltip' data-placement='right' title='原始值：19.39745'>19.4</span>", "<span data-toggle='tooltip' data-placement='right' title='原始值：7.49645'>7.50</span>", "<span data-toggle='tooltip' data-placement='right' title='原始值：2.84532'>2.85</span>", "<span data-toggle='tooltip' data-placement='right' title='原始值：670.6068'>670.6</span>", "<span data-toggle='tooltip' data-placement='right' title='原始值：14.13259'>14.1</span>", "<span data-toggle='tooltip' data-placement='right' title='原始值：11.95998'>11.96</span>", "<span data-toggle='tooltip' data-placement='right' title='原始值：0.51'>0.510</span>", "<span data-toggle='tooltip' data-placement='right' title='原始值：0.25708'>0.257</span>", "<span data-toggle='tooltip' data-placement='right' title='原始值：2.53402'>2.53</span>", "<span data-toggle='tooltip' data-placement='right' title='极值过滤'>--</span>", "<span data-toggle='tooltip' data-placement='right' title='原始值：8837708'>8837708</span>", "维护"], ["云南省", "滇池流域", "<span data-toggle='tooltip' data-placement='right' title='所在地市:昆明市&#10;所属河流:滇池'>观音山</span>", "05-29 04:00", "Ⅴ", "<span data-toggle='tooltip' data-placement='right' title='原始值：21.21308'>21.2</span>", "<span data-toggle='tooltip' data-placement='right' title='原始值：8.54587'>8.55</span>", "<span data-toggle='tooltip' data-placement='right' title='原始值：6.83538'>6.84</span>", "<span data-toggle='tooltip' data-placement='right' title='原始值：441.5934'>441.6</span>", "<span data-toggle='tooltip' data-placement='right' title='原始值：75.1608'>75.2</span>", "<span data-toggle='tooltip' data-placement='right' title='原始值：10.24'>10.24</span>", "<span data-toggle='tooltip' data-placement='right' title='原始值：0.32'>0.320</span>", "<span data-toggle='tooltip' data-placement='right' title='原始值：0.1142'>0.114</span>", "<span data-toggle='tooltip' data-placement='right' title='原始值：1.419'>1.42</span>", "<span data-toggle='tooltip' data-placement='right' title='原始值：0.03196'>0.032</span>", "<span data-toggle='tooltip' data-placement='right' title='原始值：7699822'>7699822</span>", "正常"], ["云南省", "西南诸河", "<span data-toggle='tooltip' data-placement='right' title='所在地市:红河哈尼族彝族自治州&#10;所属河流:红河'>河口县医院(河口)</span>", "05-29 08:00", "Ⅰ", "<span data-toggle='tooltip' data-placement='right' title='原始值：24.3'>24.3</span>", "<span data-toggle='tooltip' data-placement='right' title='原始值：7.53'>7.53</span>", "<span data-toggle='tooltip' data-placement='right' title='原始值：7.84516'>7.85</span>", "<span data-toggle='tooltip' data-placement='right' title='原始值：183'>183.0</span>", "<span data-toggle='tooltip' data-placement='right' title='原始值：428.8845'>428.9</span>", "<span data-toggle='tooltip' data-placement='right' title='原始值：1.7'>1.70</span>", "<span data-toggle='tooltip' data-placement='right' title='原始值：0.09965'>0.100</span>", "<span data-toggle='tooltip' data-placement='right' title='原始值：0.01655'>0.017</span>", "<span data-toggle='tooltip' data-placement='right' title='原始值：0.98442'>0.98</span>", "*", "*", "正常"], ["云南省", "西南诸河", "<span data-toggle='tooltip' data-placement='right' title='所在地市:西双版纳傣族自治州&#10;所属河流:澜沧江'>橄榄坝</span>", "05-29 04:01", "", "<span data-toggle='tooltip' data-placement='right' title='原始值：17.86219'>17.9</span>", "<span data-toggle='tooltip' data-placement='right' title='原始值：7.36049'>7.36</span>", "<span data-toggle='tooltip' data-placement='right' title='原始值：5.78933'>5.79</span>", "<span data-toggle='tooltip' data-placement='right' title='原始值：494.6079'>494.6</span>", "<span data-toggle='tooltip' data-placement='right' title='原始值：7.39066'>7.4</span>", "<span data-toggle='tooltip' data-placement='right' title='极值过滤'>--</span>", "<span data-toggle='tooltip' data-placement='right' title='原始值：0.06068'>0.061</span>", "*", "*", "*", "*", "维护"], ["陕西省", "黄河流域", "<span data-toggle='tooltip' data-placement='right' title='所在地市:渭南市&#10;所属河流:渭河'>潼关吊桥</span>", null, "", "--", "--", "--", "--", "--", "--", "--", "--", "--", "*", "*", "停站"], ["甘肃省", "黄河流域", "<span data-toggle='tooltip' data-placement='right' title='所在地市:兰州市&#10;所属河流:黄河'>新城桥</span>", "05-29 08:00", "Ⅱ", "<span data-toggle='tooltip' data-placement='right' title='原始值：14.19663'>14.2</span>", "<span data-toggle='tooltip' data-placement='right' title='原始值：7.69138'>7.69</span>", "<span data-toggle='tooltip' data-placement='right' title='原始值：7.87525'>7.88</span>", "<span data-toggle='tooltip' data-placement='right' title='原始值：447.7913'>447.8</span>", "<span data-toggle='tooltip' data-placement='right' title='原始值：60.26048'>60.3</span>", "<span data-toggle='tooltip' data-placement='right' title='原始值：2.24'>2.24</span>", "<span data-toggle='tooltip' data-placement='right' title='原始值：0.14'>0.140</span>", "<span data-toggle='tooltip' data-placement='right' title='原始值：0.02939'>0.029</span>", "<span data-toggle='tooltip' data-placement='right' title='原始值：2.16857'>2.17</span>", "*", "*", "正常"], ["宁夏回族自治区", "黄河流域", "<span data-toggle='tooltip' data-placement='right' title='所在地市:中卫市&#10;所属河流:黄河'>中卫下河沿(新墩)</span>", "05-29 08:00", "Ⅱ", "<span data-toggle='tooltip' data-placement='right' title='原始值：17.19032'>17.2</span>", "<span data-toggle='tooltip' data-placement='right' title='原始值：7.95363'>7.95</span>", "<span data-toggle='tooltip' data-placement='right' title='原始值：7.64959'>7.65</span>", "<span data-toggle='tooltip' data-placement='right' title='原始值：498.1113'>498.1</span>", "<span data-toggle='tooltip' data-placement='right' title='原始值：188.6665'>188.7</span>", "<span data-toggle='tooltip' data-placement='right' title='原始值：2.46'>2.46</span>", "<span data-toggle='tooltip' data-placement='right' title='原始值：0.09'>0.090</span>", "<span data-toggle='tooltip' data-placement='right' title='原始值：0.0637'>0.064</span>", "<span data-toggle='tooltip' data-placement='right' title='原始值：2.2741'>2.27</span>", "*", "*", "正常"]]}