{"result": 1, "total": 1, "records": 98, "thead": ["省份", "流域", "断面名称", "监测时间", "水质类别", "水温<br/><span class='unit'>(℃)</span>", "pH<br/><span class='unit'>(无量纲)</span>", "溶解氧<br/><span class='unit'>(mg/L)</span>", "电导率<br/><span class='unit'>(μS/cm)</span>", "浊度<br/><span class='unit'>(NTU)</span>", "高锰酸盐指数<br/><span class='unit'>(mg/L)</span>", "氨氮<br/><span class='unit'>(mg/L)</span>", "总磷<br/><span class='unit'>(mg/L)</span>", "总氮<br/><span class='unit'>(mg/L)</span>", "叶绿素α<br/><span class='unit'>(mg/L)</span>", "藻密度<br/><span class='unit'>(cells/L)</span>", "站点情况"], "tbody": [["北京市", "海河流域", "<span data-toggle='tooltip' data-placement='right' title='所在地市:门头沟区&#10;所属河流:永定河'>沿河城</span>", null, "", "--", "--", "--", "--", "--", "--", "--", "--", "--", "*", "*", "停站"], ["北京市", "海河流域", "<span data-toggle='tooltip' data-placement='right' title='所在地市:密云区&#10;所属河流:潮河'>古北口</span>", "05-11 08:05", "", "<span data-toggle='tooltip' data-placement='right' title='原始值：17.53502'>17.5</span>", "<span data-toggle='tooltip' data-placement='right' title='原始值：7.43532'>7.44</span>", "<span data-toggle='tooltip' data-placement='right' title='原始值：9.83681'>9.84</span>", "<span data-toggle='tooltip' data-placement='right' title='原始值：630.9886'>631.0</span>", "<span data-toggle='tooltip' data-placement='right' title='原始值：7.37498'>7.4</span>", "<span data-toggle='tooltip' data-placement='right' title='原始值：0.5775'>0.58</span>", "<span data-toggle='tooltip' data-placement='right' title='原始值：0.21'>0.210</span>", "<span data-toggle='tooltip' data-placement='right' title='极值过滤'>--</span>", "<span data-toggle='tooltip' data-placement='right' title='原始值：5.5426'>5.54</span>", "*", "*", "维护"], ["天津市", "海河流域", "<span data-toggle='tooltip' data-placement='right' title='所在地市:河北区&#10;所属河流:海河'>三岔口</span>", "05-11 08:00", "Ⅲ", "<span data-toggle='tooltip' data-placement='right' title='原始值：18.9631'>19.0</span>", "<span data-toggle='tooltip' data-placement='right' title='原始值：7.577'>7.58</span>", "<span data-toggle='tooltip' data-placement='right' title='原始值：7.587'>7.59</span>", "<span data-toggle='tooltip' data-placement='right' title='原始值：497.3708'>497.4</span>", "<span data-toggle='tooltip' data-placement='right' title='原始值：7.476'>7.5</span>", "<span data-toggle='tooltip' data-placement='right' title='原始值：2.43'>2.43</span>", "<span data-toggle='tooltip' data-placement='right' title='原始值：0.48'>0.480</span>", "<span data-toggle='tooltip' data-placement='right' title='原始值：0.1195'>0.120</span>", "<span data-toggle='tooltip' data-placement='right' title='原始值：1.151'>1.15</span>", "*", "*", "正常"], ["天津市", "海河流域", "<span data-toggle='tooltip' data-placement='right' title='所在地市:蓟州区&#10;所属河流:果河'>果河桥</span>", "05-11 08:00", "Ⅱ", "<span data-toggle='tooltip' data-placement='right' title='原始值：15.3'>15.3</span>", "<span data-toggle='tooltip' data-placement='right' title='原始值：8.329'>8.33</span>", "<span data-toggle='tooltip' data-placement='right' title='原始值：9.828'>9.83</span>", "<span data-toggle='tooltip' data-placement='right' title='原始值：600.953'>601.0</span>", "<span data-toggle='tooltip' data-placement='right' title='原始值：11.43'>11.4</span>", "<span data-toggle='tooltip' data-placement='right' title='原始值：2.0872'>2.09</span>", "<span data-toggle='tooltip' data-placement='right' title='原始值：0.07'>0.070</span>", "<span data-toggle='tooltip' data-placement='right' title='原始值：0.0373'>0.037</span>", "<span data-toggle='tooltip' data-placement='right' title='原始值：3.5807'>3.58</span>", "*", "*", "正常"], ["河北省", "海河流域", "<span data-toggle='tooltip' data-placement='right' title='所在地市:石家庄市&#10;所属河流:滹沱河'>岗南水库</span>", "05-11 08:00", "Ⅱ", "<span data-toggle='tooltip' data-placement='right' title='原始值：19.2271'>19.2</span>", "<span data-toggle='tooltip' data-placement='right' title='原始值：8.33151'>8.33</span>", "<span data-toggle='tooltip' data-placement='right' title='原始值：9.84229'>9.84</span>", "<span data-toggle='tooltip' data-placement='right' title='原始值：537.8484'>537.8</span>", "<span data-toggle='tooltip' data-placement='right' title='原始值：1.59637'>1.6</span>", "<span data-toggle='tooltip' data-placement='right' title='原始值：2.02389'>2.02</span>", "<span data-toggle='tooltip' data-placement='right' title='原始值：0.16'>0.160</span>", "<span data-toggle='tooltip' data-placement='right' title='原始值：0.02255'>0.023</span>", "<span data-toggle='tooltip' data-placement='right' title='原始值：2.3969'>2.40</span>", "*", "*", "正常"], ["河北省", "海河流域", "<span data-toggle='tooltip' data-placement='right' title='所在地市:张家口市&#10;所属河流:永定河'>八号桥</span>", "05-11 08:10", "Ⅲ", "<span data-toggle='tooltip' data-placement='right' title='原始值：15.43012'>15.4</span>", "<span data-toggle='tooltip' data-placement='right' title='原始值：7.97773'>7.98</span>", "<span data-toggle='tooltip' data-placement='right' title='原始值：8.39827'>8.40</span>", "<span data-toggle='tooltip' data-placement='right' title='原始值：1356.862'>1356.9</span>", "<span data-toggle='tooltip' data-placement='right' title='原始值：64.0793'>64.1</span>", "<span data-toggle='tooltip' data-placement='right' title='原始值：4.68'>4.68</span>", "<span data-toggle='tooltip' data-placement='right' title='原始值：0.16'>0.160</span>", "<span data-toggle='tooltip' data-placement='right' title='原始值：0.097'>0.097</span>", "<span data-toggle='tooltip' data-placement='right' title='原始值：3.25'>3.25</span>", "*", "*", "正常"], ["山西省", "黄河流域", "<span data-toggle='tooltip' data-placement='right' title='所在地市:运城市&#10;所属河流:汾河'>河津大桥</span>", "05-11 08:00", "-", "<span data-toggle='tooltip' data-placement='right' title='原始值：20.92643'>20.9</span>", "<span data-toggle='tooltip' data-placement='right' title='原始值：7.39466'>7.39</span>", "<span data-toggle='tooltip' data-placement='right' title='原始值：4.5924'>4.59</span>", "<span data-toggle='tooltip' data-placement='right' title='原始值：1116.072'>1116.1</span>", "<span data-toggle='tooltip' data-placement='right' title='原始值：401.2817'>401.3</span>", "<span data-toggle='tooltip' data-placement='right' title='原始值：9.25'>9.25</span>", "<span data-toggle='tooltip' data-placement='right' title='原始值：0.43'>0.430</span>", "*", "*", "*", "*", "正常"], ["山西省", "黄河流域", "<span data-toggle='tooltip' data-placement='right' title='所在地市:忻州市&#10;所属河流:黄河'>万家寨水库</span>", "05-11 08:00", "Ⅲ", "<span data-toggle='tooltip' data-placement='right' title='原始值：19.44472'>19.4</span>", "<span data-toggle='tooltip' data-placement='right' title='原始值：8.31912'>8.32</span>", "<span data-toggle='tooltip' data-placement='right' title='原始值：9.2298'>9.23</span>", "<span data-toggle='tooltip' data-placement='right' title='原始值：839.422'>839.4</span>", "<span data-toggle='tooltip' data-placement='right' title='原始值：9.1846'>9.2</span>", "<span data-toggle='tooltip' data-placement='right' title='原始值：4.29'>4.29</span>", "<span data-toggle='tooltip' data-placement='right' title='原始值：0.32'>0.320</span>", "<span data-toggle='tooltip' data-placement='right' title='原始值：0.00575'>0.006</span>", "<span data-toggle='tooltip' data-placement='right' title='原始值：2'>2.00</span>", "*", "*", "正常"], ["内蒙古自治区", "黄河流域", "<span data-toggle='tooltip' data-placement='right' title='所在地市:包头市&#10;所属河流:黄河'>画匠营子</span>", "05-11 08:00", "-", "<span data-toggle='tooltip' data-placement='right' title='原始值：11.62087'>11.6</span>", "<span data-toggle='tooltip' data-placement='right' title='原始值：7.88776'>7.89</span>", "<span data-toggle='tooltip' data-placement='right' title='原始值：8.96365'>8.96</span>", "<span data-toggle='tooltip' data-placement='right' title='原始值：810.8315'>810.8</span>", "<span data-toggle='tooltip' data-placement='right' title='原始值：632.4899'>632.5</span>", "<span data-toggle='tooltip' data-placement='right' title='原始值：3.45312'>3.45</span>", "<span data-toggle='tooltip' data-placement='right' title='原始值：0.03521'>0.035</span>", "*", "*", "*", "*", "正常"], ["内蒙古自治区", "黄河流域", "<span data-toggle='tooltip' data-placement='right' title='所在地市:乌海市&#10;所属河流:黄河'>海勃湾</span>", "05-11 08:05", "-", "<span data-toggle='tooltip' data-placement='right' title='原始值：16.21796'>16.2</span>", "<span data-toggle='tooltip' data-placement='right' title='原始值：7.89015'>7.89</span>", "<span data-toggle='tooltip' data-placement='right' title='原始值：8.34992'>8.35</span>", "<span data-toggle='tooltip' data-placement='right' title='原始值：598.4936'>598.5</span>", "<span data-toggle='tooltip' data-placement='right' title='原始值：182.9561'>183.0</span>", "<span data-toggle='tooltip' data-placement='right' title='原始值：1.87'>1.87</span>", "<span data-toggle='tooltip' data-placement='right' title='原始值：0.1'>0.100</span>", "*", "*", "*", "*", "正常"], ["内蒙古自治区", "松花江流域", "<span data-toggle='tooltip' data-placement='right' title='所在地市:呼伦贝尔市&#10;所属河流:额尔古纳河'>黑山头</span>", "05-11 08:00", "Ⅱ", "<span data-toggle='tooltip' data-placement='right' title='原始值：14.6'>14.6</span>", "<span data-toggle='tooltip' data-placement='right' title='原始值：7.53'>7.53</span>", "<span data-toggle='tooltip' data-placement='right' title='原始值：8.36012'>8.36</span>", "<span data-toggle='tooltip' data-placement='right' title='原始值：256.9999'>257.0</span>", "<span data-toggle='tooltip' data-placement='right' title='原始值：8.57539'>8.6</span>", "<span data-toggle='tooltip' data-placement='right' title='原始值：3.87'>3.87</span>", "<span data-toggle='tooltip' data-placement='right' title='原始值：0.14916'>0.149</span>", "<span data-toggle='tooltip' data-placement='right' title='原始值：0.07036'>0.070</span>", "<span data-toggle='tooltip' data-placement='right' title='原始值：0.39236'>0.39</span>", "*", "*", "正常"], ["辽宁省", "辽河流域", "<span data-toggle='tooltip' data-placement='right' title='所在地市:抚顺市&#10;所属河流:浑河'>大伙房水库</span>", "05-11 08:00", "", "<span data-toggle='tooltip' data-placement='right' title='原始值：10.78505'>10.8</span>", "<span data-toggle='tooltip' data-placement='right' title='原始值：7.01383'>7.01</span>", "<span data-toggle='tooltip' data-placement='right' title='原始值：11.48977'>11.49</span>", "<span data-toggle='tooltip' data-placement='right' title='原始值：307.9565'>308.0</span>", "<span data-toggle='tooltip' data-placement='right' title='原始值：48.98856'>49.0</span>", "<span data-toggle='tooltip' data-placement='right' title='原始值：2.14'>2.14</span>", "<span data-toggle='tooltip' data-placement='right' title='原始值：0.09'>0.090</span>", "<span data-toggle='tooltip' data-placement='right' title='极值过滤'>--</span>", "<span data-toggle='tooltip' data-placement='right' title='极值过滤'>--</span>", "<span data-toggle='tooltip' data-placement='right' title='原始值：0.00088'>0.001</span>", "*", "维护"], ["辽宁省", "辽河流域", "<span data-toggle='tooltip' data-placement='right' title='所在地市:丹东市&#10;所属河流:鸭绿江'>江桥</span>", "05-11 08:00", "Ⅱ", "<span data-toggle='tooltip' data-placement='right' title='原始值：12.2'>12.2</span>", "<span data-toggle='tooltip' data-placement='right' title='原始值：8.09'>8.09</span>", "<span data-toggle='tooltip' data-placement='right' title='原始值：9.69988'>9.70</span>", "<span data-toggle='tooltip' data-placement='right' title='原始值：171'>171.0</span>", "<span data-toggle='tooltip' data-placement='right' title='原始值：8.67543'>8.7</span>", "<span data-toggle='tooltip' data-placement='right' title='原始值：0.95'>0.95</span>", "<span data-toggle='tooltip' data-placement='right' title='原始值：0.16086'>0.161</span>", "<span data-toggle='tooltip' data-placement='right' title='原始值：0.02319'>0.023</span>", "<span data-toggle='tooltip' data-placement='right' title='原始值：1.99392'>1.99</span>", "*", "*", "正常"], ["辽宁省", "辽河流域", "<span data-toggle='tooltip' data-placement='right' title='所在地市:营口市&#10;所属河流:大辽河'>辽河公园</span>", "05-11 08:05", "Ⅴ", "<span data-toggle='tooltip' data-placement='right' title='原始值：17.49511'>17.5</span>", "<span data-toggle='tooltip' data-placement='right' title='原始值：7.46498'>7.46</span>", "<span data-toggle='tooltip' data-placement='right' title='原始值：8.76464'>8.76</span>", "<span data-toggle='tooltip' data-placement='right' title='原始值：9330.016'>9330.0</span>", "<span data-toggle='tooltip' data-placement='right' title='原始值：430.3531'>430.4</span>", "<span data-toggle='tooltip' data-placement='right' title='原始值：8.04025'>8.04</span>", "<span data-toggle='tooltip' data-placement='right' title='原始值：0.05891'>0.059</span>", "<span data-toggle='tooltip' data-placement='right' title='原始值：0.34828'>0.348</span>", "<span data-toggle='tooltip' data-placement='right' title='原始值：6.79042'>6.79</span>", "*", "*", "正常"], ["辽宁省", "辽河流域", "<span data-toggle='tooltip' data-placement='right' title='所在地市:辽阳市&#10;所属河流:太子河'>汤河水库</span>", "05-11 08:00", "", "<span data-toggle='tooltip' data-placement='right' title='原始值：13.1'>13.1</span>", "<span data-toggle='tooltip' data-placement='right' title='原始值：8.3'>8.30</span>", "<span data-toggle='tooltip' data-placement='right' title='原始值：9.04873'>9.05</span>", "<span data-toggle='tooltip' data-placement='right' title='原始值：373.25'>373.2</span>", "<span data-toggle='tooltip' data-placement='right' title='原始值：12.6'>12.6</span>", "<span data-toggle='tooltip' data-placement='right' title='原始值：1.15'>1.15</span>", "<span data-toggle='tooltip' data-placement='right' title='原始值：0.00475'>0.005</span>", "<span data-toggle='tooltip' data-placement='right' title='极值过滤'>--</span>", "<span data-toggle='tooltip' data-placement='right' title='原始值：1.84984'>1.85</span>", "*", "*", "维护"], ["辽宁省", "辽河流域", "<span data-toggle='tooltip' data-placement='right' title='所在地市:盘锦市&#10;所属河流:辽河'>盘锦兴安(兴安)</span>", "05-11 08:00", "Ⅱ", "<span data-toggle='tooltip' data-placement='right' title='原始值：14.96559'>15.0</span>", "<span data-toggle='tooltip' data-placement='right' title='原始值：6.94411'>6.94</span>", "<span data-toggle='tooltip' data-placement='right' title='原始值：7.63513'>7.64</span>", "<span data-toggle='tooltip' data-placement='right' title='原始值：1032.71'>1032.7</span>", "<span data-toggle='tooltip' data-placement='right' title='原始值：1279.973'>1280.0</span>", "<span data-toggle='tooltip' data-placement='right' title='原始值：3.3745'>3.37</span>", "<span data-toggle='tooltip' data-placement='right' title='原始值：0.11'>0.110</span>", "<span data-toggle='tooltip' data-placement='right' title='原始值：0.06843'>0.068</span>", "<span data-toggle='tooltip' data-placement='right' title='原始值：1.75271'>1.75</span>", "*", "*", "正常"], ["辽宁省", "辽河流域", "<span data-toggle='tooltip' data-placement='right' title='所在地市:铁岭市&#10;所属河流:辽河'>珠尔山</span>", "05-11 08:00", "Ⅲ", "<span data-toggle='tooltip' data-placement='right' title='原始值：14.05326'>14.1</span>", "<span data-toggle='tooltip' data-placement='right' title='原始值：7.66233'>7.66</span>", "<span data-toggle='tooltip' data-placement='right' title='原始值：7.16105'>7.16</span>", "<span data-toggle='tooltip' data-placement='right' title='原始值：329.0302'>329.0</span>", "<span data-toggle='tooltip' data-placement='right' title='原始值：144.5198'>144.5</span>", "<span data-toggle='tooltip' data-placement='right' title='原始值：3.10564'>3.11</span>", "<span data-toggle='tooltip' data-placement='right' title='原始值：0.15'>0.150</span>", "<span data-toggle='tooltip' data-placement='right' title='原始值：0.13747'>0.137</span>", "<span data-toggle='tooltip' data-placement='right' title='原始值：2.95782'>2.96</span>", "*", "*", "正常"], ["吉林省", "松花江流域", "<span data-toggle='tooltip' data-placement='right' title='所在地市:长春市&#10;所属河流:松花江'>松花江村</span>", "05-11 08:05", "Ⅱ", "<span data-toggle='tooltip' data-placement='right' title='原始值：18.04917'>18.0</span>", "<span data-toggle='tooltip' data-placement='right' title='原始值：7.37455'>7.37</span>", "<span data-toggle='tooltip' data-placement='right' title='原始值：9.43143'>9.43</span>", "<span data-toggle='tooltip' data-placement='right' title='原始值：298.3884'>298.4</span>", "<span data-toggle='tooltip' data-placement='right' title='原始值：23.51377'>23.5</span>", "<span data-toggle='tooltip' data-placement='right' title='原始值：2.77919'>2.78</span>", "<span data-toggle='tooltip' data-placement='right' title='原始值：0.11'>0.110</span>", "<span data-toggle='tooltip' data-placement='right' title='原始值：0.0219'>0.022</span>", "<span data-toggle='tooltip' data-placement='right' title='原始值：2.23211'>2.23</span>", "*", "*", "正常"], ["吉林省", "松花江流域", "<span data-toggle='tooltip' data-placement='right' title='所在地市:白城市&#10;所属河流:嫩江'>白沙滩</span>", null, "", "--", "--", "--", "--", "--", "--", "--", "--", "--", "*", "*", "停站"], ["吉林省", "松花江流域", "<span data-toggle='tooltip' data-placement='right' title='所在地市:延边朝鲜族自治州&#10;所属河流:图们江'>圈河</span>", "05-11 08:00", "Ⅱ", "<span data-toggle='tooltip' data-placement='right' title='原始值：17.2'>17.2</span>", "<span data-toggle='tooltip' data-placement='right' title='原始值：7.48'>7.48</span>", "<span data-toggle='tooltip' data-placement='right' title='原始值：7.80004'>7.80</span>", "<span data-toggle='tooltip' data-placement='right' title='原始值：109'>109.0</span>", "<span data-toggle='tooltip' data-placement='right' title='原始值：97.99999'>98.0</span>", "<span data-toggle='tooltip' data-placement='right' title='原始值：3.97'>3.97</span>", "<span data-toggle='tooltip' data-placement='right' title='原始值：0.002'>0.002</span>", "<span data-toggle='tooltip' data-placement='right' title='原始值：0.09413'>0.094</span>", "<span data-toggle='tooltip' data-placement='right' title='原始值：1.7631'>1.76</span>", "*", "*", "正常"], ["黑龙江省", "松花江流域", "<span data-toggle='tooltip' data-placement='right' title='所在地市:大庆市&#10;所属河流:松花江'>肇源</span>", null, "", "--", "--", "--", "--", "--", "--", "--", "--", "--", "*", "*", "停站"], ["黑龙江省", "松花江流域", "<span data-toggle='tooltip' data-placement='right' title='所在地市:佳木斯市&#10;所属河流:乌苏里江'>乌苏镇</span>", "05-11 04:00", "Ⅳ", "<span data-toggle='tooltip' data-placement='right' title='极值过滤'>--</span>", "<span data-toggle='tooltip' data-placement='right' title='原始值：6.58133'>6.58</span>", "<span data-toggle='tooltip' data-placement='right' title='原始值：9.32884'>9.33</span>", "<span data-toggle='tooltip' data-placement='right' title='原始值：362.0723'>362.1</span>", "<span data-toggle='tooltip' data-placement='right' title='原始值：275.8'>275.8</span>", "<span data-toggle='tooltip' data-placement='right' title='原始值：6.48'>6.48</span>", "<span data-toggle='tooltip' data-placement='right' title='原始值：0.24678'>0.247</span>", "<span data-toggle='tooltip' data-placement='right' title='原始值：0.08983'>0.090</span>", "<span data-toggle='tooltip' data-placement='right' title='原始值：1.01535'>1.02</span>", "*", "*", "维护"], ["黑龙江省", "松花江流域", "<span data-toggle='tooltip' data-placement='right' title='所在地市:佳木斯市&#10;所属河流:松花江'>同江</span>", "05-11 08:00", "", "<span data-toggle='tooltip' data-placement='right' title='原始值：12.5625'>12.6</span>", "<span data-toggle='tooltip' data-placement='right' title='极值过滤'>--</span>", "<span data-toggle='tooltip' data-placement='right' title='原始值：13.50002'>13.50</span>", "<span data-toggle='tooltip' data-placement='right' title='原始值：173.8284'>173.8</span>", "<span data-toggle='tooltip' data-placement='right' title='原始值：107.0002'>107.0</span>", "<span data-toggle='tooltip' data-placement='right' title='原始值：5.99222'>5.99</span>", "<span data-toggle='tooltip' data-placement='right' title='原始值：0.14282'>0.143</span>", "<span data-toggle='tooltip' data-placement='right' title='原始值：0.1582'>0.158</span>", "<span data-toggle='tooltip' data-placement='right' title='原始值：2.03269'>2.03</span>", "*", "*", "维护"], ["黑龙江省", "松花江流域", "<span data-toggle='tooltip' data-placement='right' title='所在地市:黑河市&#10;所属河流:黑龙江'>黑河下(黑河)</span>", "05-11 08:05", "", "<span data-toggle='tooltip' data-placement='right' title='原始值：10.86976'>10.9</span>", "<span data-toggle='tooltip' data-placement='right' title='原始值：7.90148'>7.90</span>", "<span data-toggle='tooltip' data-placement='right' title='原始值：8.84432'>8.84</span>", "<span data-toggle='tooltip' data-placement='right' title='原始值：251.9962'>252.0</span>", "<span data-toggle='tooltip' data-placement='right' title='原始值：19.38104'>19.4</span>", "<span data-toggle='tooltip' data-placement='right' title='极值过滤'>--</span>", "<span data-toggle='tooltip' data-placement='right' title='原始值：0.33252'>0.333</span>", "--", "--", "*", "*", "维护"], ["上海市", "长江流域", "<span data-toggle='tooltip' data-placement='right' title='所在地市:青浦区&#10;所属河流:淀山湖'>急水港桥</span>", "05-11 08:00", "Ⅳ", "<span data-toggle='tooltip' data-placement='right' title='原始值：22.7'>22.7</span>", "<span data-toggle='tooltip' data-placement='right' title='原始值：6.93'>6.93</span>", "<span data-toggle='tooltip' data-placement='right' title='原始值：3.97'>3.97</span>", "<span data-toggle='tooltip' data-placement='right' title='原始值：658'>658.0</span>", "<span data-toggle='tooltip' data-placement='right' title='原始值：147.9'>147.9</span>", "<span data-toggle='tooltip' data-placement='right' title='原始值：4.8125'>4.81</span>", "<span data-toggle='tooltip' data-placement='right' title='原始值：0.36958'>0.370</span>", "<span data-toggle='tooltip' data-placement='right' title='原始值：0.06494'>0.065</span>", "<span data-toggle='tooltip' data-placement='right' title='原始值：4.96879'>4.97</span>", "<span data-toggle='tooltip' data-placement='right' title='原始值：0.00953'>0.010</span>", "<span data-toggle='tooltip' data-placement='right' title='原始值：5002909'>5002909</span>", "正常"], ["江苏省", "长江流域", "<span data-toggle='tooltip' data-placement='right' title='所在地市:南京市&#10;所属河流:长江'>林山</span>", "05-11 08:00", "-", "<span data-toggle='tooltip' data-placement='right' title='原始值：22.1612'>22.2</span>", "<span data-toggle='tooltip' data-placement='right' title='原始值：7.99687'>8.00</span>", "<span data-toggle='tooltip' data-placement='right' title='原始值：8.11305'>8.11</span>", "<span data-toggle='tooltip' data-placement='right' title='原始值：335.473'>335.5</span>", "<span data-toggle='tooltip' data-placement='right' title='原始值：50.8315'>50.8</span>", "<span data-toggle='tooltip' data-placement='right' title='原始值：1.33'>1.33</span>", "<span data-toggle='tooltip' data-placement='right' title='原始值：0.061'>0.061</span>", "*", "*", "*", "*", "正常"], ["江苏省", "太湖流域", "<span data-toggle='tooltip' data-placement='right' title='所在地市:无锡市&#10;所属河流:太湖'>沙渚</span>", "05-11 08:00", "Ⅲ", "<span data-toggle='tooltip' data-placement='right' title='原始值：26.60049'>26.6</span>", "<span data-toggle='tooltip' data-placement='right' title='原始值：7.811151'>7.81</span>", "<span data-toggle='tooltip' data-placement='right' title='原始值：7.635463'>7.64</span>", "<span data-toggle='tooltip' data-placement='right' title='原始值：491.2352'>491.2</span>", "<span data-toggle='tooltip' data-placement='right' title='原始值：102.0737'>102.1</span>", "<span data-toggle='tooltip' data-placement='right' title='原始值：4.56'>4.56</span>", "<span data-toggle='tooltip' data-placement='right' title='原始值：0.31'>0.310</span>", "<span data-toggle='tooltip' data-placement='right' title='原始值：0.0698'>0.070</span>", "<span data-toggle='tooltip' data-placement='right' title='原始值：1.649'>1.65</span>", "*", "*", "正常"], ["江苏省", "淮河流域", "<span data-toggle='tooltip' data-placement='right' title='所在地市:徐州市&#10;所属河流:武河'>小红圈</span>", null, "", "--", "--", "--", "--", "--", "--", "--", "--", "--", "*", "*", "停站"], ["江苏省", "淮河流域", "<span data-toggle='tooltip' data-placement='right' title='所在地市:徐州市&#10;所属河流:沿河'>李集桥</span>", "05-11 08:00", "Ⅲ", "<span data-toggle='tooltip' data-placement='right' title='原始值：21.4'>21.4</span>", "<span data-toggle='tooltip' data-placement='right' title='原始值：7.31'>7.31</span>", "<span data-toggle='tooltip' data-placement='right' title='原始值：7.06'>7.06</span>", "<span data-toggle='tooltip' data-placement='right' title='原始值：1273.9'>1273.9</span>", "<span data-toggle='tooltip' data-placement='right' title='原始值：45.57'>45.6</span>", "<span data-toggle='tooltip' data-placement='right' title='原始值：3.52'>3.52</span>", "<span data-toggle='tooltip' data-placement='right' title='原始值：0.256'>0.256</span>", "<span data-toggle='tooltip' data-placement='right' title='原始值：0.126'>0.126</span>", "<span data-toggle='tooltip' data-placement='right' title='原始值：1.683'>1.68</span>", "*", "*", "正常"], ["江苏省", "淮河流域", "<span data-toggle='tooltip' data-placement='right' title='所在地市:徐州市&#10;所属河流:邳苍分洪道'>艾山西大桥</span>", "05-11 08:00", "Ⅲ", "<span data-toggle='tooltip' data-placement='right' title='原始值：21.3746'>21.4</span>", "<span data-toggle='tooltip' data-placement='right' title='原始值：8.15484'>8.15</span>", "<span data-toggle='tooltip' data-placement='right' title='原始值：7.24518'>7.25</span>", "<span data-toggle='tooltip' data-placement='right' title='原始值：691.434'>691.4</span>", "<span data-toggle='tooltip' data-placement='right' title='原始值：3.9756'>4.0</span>", "<span data-toggle='tooltip' data-placement='right' title='原始值：4.85'>4.85</span>", "<span data-toggle='tooltip' data-placement='right' title='原始值：0.17'>0.170</span>", "<span data-toggle='tooltip' data-placement='right' title='原始值：0.03001'>0.030</span>", "<span data-toggle='tooltip' data-placement='right' title='原始值：1.7308'>1.73</span>", "*", "*", "正常"], ["江苏省", "太湖流域", "<span data-toggle='tooltip' data-placement='right' title='所在地市:苏州市&#10;所属河流:太湖'>兰山嘴(老)</span>", "05-11 08:00", "Ⅲ", "<span data-toggle='tooltip' data-placement='right' title='原始值：22.32749'>22.3</span>", "<span data-toggle='tooltip' data-placement='right' title='原始值：7.50945'>7.51</span>", "<span data-toggle='tooltip' data-placement='right' title='原始值：6.66036'>6.66</span>", "<span data-toggle='tooltip' data-placement='right' title='原始值：442.8481'>442.8</span>", "<span data-toggle='tooltip' data-placement='right' title='原始值：29.31119'>29.3</span>", "<span data-toggle='tooltip' data-placement='right' title='原始值：1.06'>1.06</span>", "<span data-toggle='tooltip' data-placement='right' title='原始值：0.64'>0.640</span>", "<span data-toggle='tooltip' data-placement='right' title='原始值：0.03429'>0.034</span>", "<span data-toggle='tooltip' data-placement='right' title='原始值：1.66042'>1.66</span>", "*", "*", "正常"], ["江苏省", "太湖流域", "<span data-toggle='tooltip' data-placement='right' title='所在地市:苏州市&#10;所属河流:太湖'>西山</span>", "05-11 08:00", "Ⅳ", "<span data-toggle='tooltip' data-placement='right' title='原始值：23.36776'>23.4</span>", "<span data-toggle='tooltip' data-placement='right' title='原始值：7.78446'>7.78</span>", "<span data-toggle='tooltip' data-placement='right' title='原始值：7.47446'>7.47</span>", "<span data-toggle='tooltip' data-placement='right' title='原始值：314.045'>314.0</span>", "<span data-toggle='tooltip' data-placement='right' title='原始值：167.4297'>167.4</span>", "<span data-toggle='tooltip' data-placement='right' title='原始值：7.86'>7.86</span>", "<span data-toggle='tooltip' data-placement='right' title='原始值：0.2'>0.200</span>", "<span data-toggle='tooltip' data-placement='right' title='原始值：0.0911'>0.091</span>", "<span data-toggle='tooltip' data-placement='right' title='原始值：0.9828'>0.98</span>", "*", "*", "正常"], ["江苏省", "淮河流域", "<span data-toggle='tooltip' data-placement='right' title='所在地市:连云港市&#10;所属河流:新沭河'>大兴桥</span>", "05-11 08:00", "-", "<span data-toggle='tooltip' data-placement='right' title='原始值：21.5'>21.5</span>", "<span data-toggle='tooltip' data-placement='right' title='原始值：7.94'>7.94</span>", "<span data-toggle='tooltip' data-placement='right' title='原始值：7.79'>7.79</span>", "<span data-toggle='tooltip' data-placement='right' title='原始值：1036.8'>1036.8</span>", "<span data-toggle='tooltip' data-placement='right' title='原始值：24.95'>25.0</span>", "<span data-toggle='tooltip' data-placement='right' title='原始值：5.42'>5.42</span>", "<span data-toggle='tooltip' data-placement='right' title='原始值：0.145'>0.145</span>", "*", "*", "*", "*", "正常"], ["江苏省", "淮河流域", "<span data-toggle='tooltip' data-placement='right' title='所在地市:淮安市&#10;所属河流:淮河'>淮河大桥</span>", "05-11 08:00", "Ⅲ", "<span data-toggle='tooltip' data-placement='right' title='原始值：21.29057'>21.3</span>", "<span data-toggle='tooltip' data-placement='right' title='原始值：8.02175'>8.02</span>", "<span data-toggle='tooltip' data-placement='right' title='原始值：7.05107'>7.05</span>", "<span data-toggle='tooltip' data-placement='right' title='原始值：616.374'>616.4</span>", "<span data-toggle='tooltip' data-placement='right' title='原始值：34.75028'>34.8</span>", "<span data-toggle='tooltip' data-placement='right' title='原始值：2.97'>2.97</span>", "<span data-toggle='tooltip' data-placement='right' title='原始值：0.57'>0.570</span>", "<span data-toggle='tooltip' data-placement='right' title='原始值：0.074'>0.074</span>", "<span data-toggle='tooltip' data-placement='right' title='原始值：1.435'>1.44</span>", "*", "*", "正常"], ["江苏省", "长江流域", "<span data-toggle='tooltip' data-placement='right' title='所在地市:扬州市&#10;所属河流:夹江'>三江营</span>", null, "", "--", "--", "--", "--", "--", "--", "--", "--", "--", "*", "*", "停站"], ["江苏省", "淮河流域", "<span data-toggle='tooltip' data-placement='right' title='所在地市:宿迁市&#10;所属河流:新濉河'>大屈</span>", "05-11 08:00", "Ⅲ", "<span data-toggle='tooltip' data-placement='right' title='原始值：21.4'>21.4</span>", "<span data-toggle='tooltip' data-placement='right' title='原始值：7.79'>7.79</span>", "<span data-toggle='tooltip' data-placement='right' title='原始值：6.7'>6.70</span>", "<span data-toggle='tooltip' data-placement='right' title='原始值：940.1'>940.1</span>", "<span data-toggle='tooltip' data-placement='right' title='原始值：12.24'>12.2</span>", "<span data-toggle='tooltip' data-placement='right' title='原始值：5.03'>5.03</span>", "<span data-toggle='tooltip' data-placement='right' title='原始值：0.1'>0.100</span>", "<span data-toggle='tooltip' data-placement='right' title='原始值：0.01'>0.010</span>", "<span data-toggle='tooltip' data-placement='right' title='原始值：0.914'>0.91</span>", "*", "*", "正常"], ["浙江省", "浙闽片河流", "<span data-toggle='tooltip' data-placement='right' title='所在地市:杭州市&#10;所属河流:新安江'>街口(鸠坑口)</span>", null, "", "--", "--", "--", "--", "--", "--", "--", "--", "--", "*", "*", "停站"], ["浙江省", "太湖流域", "<span data-toggle='tooltip' data-placement='right' title='所在地市:嘉兴市&#10;所属河流:斜路港河'>斜路港</span>", "05-11 08:00", "Ⅳ", "<span data-toggle='tooltip' data-placement='right' title='原始值：23.7'>23.7</span>", "<span data-toggle='tooltip' data-placement='right' title='原始值：7.17'>7.17</span>", "<span data-toggle='tooltip' data-placement='right' title='原始值：4.11'>4.11</span>", "<span data-toggle='tooltip' data-placement='right' title='原始值：576'>576.0</span>", "<span data-toggle='tooltip' data-placement='right' title='原始值：158.2'>158.2</span>", "<span data-toggle='tooltip' data-placement='right' title='原始值：5.3'>5.30</span>", "<span data-toggle='tooltip' data-placement='right' title='原始值：0.07048'>0.070</span>", "<span data-toggle='tooltip' data-placement='right' title='原始值：0.06874'>0.069</span>", "<span data-toggle='tooltip' data-placement='right' title='原始值：2.34684'>2.35</span>", "*", "*", "正常"], ["浙江省", "太湖流域", "<span data-toggle='tooltip' data-placement='right' title='所在地市:嘉兴市&#10;所属河流:京杭运河'>王江泾</span>", null, "", "--", "--", "--", "--", "--", "--", "--", "--", "--", "*", "*", "停站"], ["浙江省", "太湖流域", "<span data-toggle='tooltip' data-placement='right' title='所在地市:湖州市&#10;所属河流:西苕溪'>新港口(新塘港)</span>", "05-11 08:00", "Ⅱ", "<span data-toggle='tooltip' data-placement='right' title='原始值：21.6472'>21.6</span>", "<span data-toggle='tooltip' data-placement='right' title='原始值：7.25217'>7.25</span>", "<span data-toggle='tooltip' data-placement='right' title='原始值：7.68462'>7.68</span>", "<span data-toggle='tooltip' data-placement='right' title='原始值：334.939'>334.9</span>", "<span data-toggle='tooltip' data-placement='right' title='原始值：170.061'>170.1</span>", "<span data-toggle='tooltip' data-placement='right' title='原始值：3.57122'>3.57</span>", "<span data-toggle='tooltip' data-placement='right' title='原始值：0.24948'>0.249</span>", "<span data-toggle='tooltip' data-placement='right' title='原始值：0.0846'>0.085</span>", "<span data-toggle='tooltip' data-placement='right' title='原始值：9.60098'>9.60</span>", "*", "*", "正常"], ["安徽省", "巢湖流域", "<span data-toggle='tooltip' data-placement='right' title='所在地市:合肥市&#10;所属河流:巢湖'>湖滨(老)</span>", "05-11 08:00", "Ⅳ", "<span data-toggle='tooltip' data-placement='right' title='原始值：23.57792'>23.6</span>", "<span data-toggle='tooltip' data-placement='right' title='原始值：7.04995'>7.05</span>", "<span data-toggle='tooltip' data-placement='right' title='原始值：5.8738'>5.87</span>", "<span data-toggle='tooltip' data-placement='right' title='原始值：423.413'>423.4</span>", "<span data-toggle='tooltip' data-placement='right' title='原始值：98.04134'>98.0</span>", "<span data-toggle='tooltip' data-placement='right' title='原始值：5.83'>5.83</span>", "<span data-toggle='tooltip' data-placement='right' title='原始值：0.31'>0.310</span>", "<span data-toggle='tooltip' data-placement='right' title='原始值：0.0637'>0.064</span>", "<span data-toggle='tooltip' data-placement='right' title='原始值：1.538'>1.54</span>", "<span data-toggle='tooltip' data-placement='right' title='原始值：0.02052'>0.021</span>", "*", "正常"], ["安徽省", "巢湖流域", "<span data-toggle='tooltip' data-placement='right' title='所在地市:芜湖市&#10;所属河流:巢湖'>裕溪口(老)</span>", null, "", "--", "--", "--", "--", "--", "--", "--", "--", "--", "*", "*", "停站"], ["安徽省", "淮河流域", "<span data-toggle='tooltip' data-placement='right' title='所在地市:蚌埠市&#10;所属河流:淮河'>蚌埠闸上(蚌埠闸)</span>", null, "", "--", "--", "--", "--", "--", "--", "--", "--", "--", "*", "*", "停站"], ["安徽省", "淮河流域", "<span data-toggle='tooltip' data-placement='right' title='所在地市:淮南市&#10;所属河流:淮河'>石头埠(老)</span>", null, "", "--", "--", "--", "--", "--", "--", "--", "--", "--", "*", "*", "停站"], ["安徽省", "淮河流域", "<span data-toggle='tooltip' data-placement='right' title='所在地市:淮北市&#10;所属河流:沱河'>小王桥</span>", null, "", "--", "--", "--", "--", "--", "--", "--", "--", "--", "*", "*", "停站"], ["安徽省", "长江流域", "<span data-toggle='tooltip' data-placement='right' title='所在地市:安庆市&#10;所属河流:长江'>皖河口</span>", null, "", "--", "--", "--", "--", "--", "--", "--", "--", "--", "*", "*", "停站"], ["安徽省", "淮河流域", "<span data-toggle='tooltip' data-placement='right' title='所在地市:滁州市&#10;所属河流:淮河'>小柳巷</span>", null, "", "--", "--", "--", "--", "--", "--", "--", "--", "--", "*", "*", "维护"], ["安徽省", "淮河流域", "<span data-toggle='tooltip' data-placement='right' title='所在地市:阜阳市&#10;所属河流:黑茨河'>张大桥</span>", "05-11 08:00", "", "<span data-toggle='tooltip' data-placement='right' title='原始值：20.8'>20.8</span>", "<span data-toggle='tooltip' data-placement='right' title='原始值：8.89'>8.89</span>", "<span data-toggle='tooltip' data-placement='right' title='原始值：9.86'>9.86</span>", "<span data-toggle='tooltip' data-placement='right' title='原始值：2410.9'>2410.9</span>", "<span data-toggle='tooltip' data-placement='right' title='原始值：25.48'>25.5</span>", "<span data-toggle='tooltip' data-placement='right' title='原始值：4.71'>4.71</span>", "<span data-toggle='tooltip' data-placement='right' title='极值过滤'>--</span>", "<span data-toggle='tooltip' data-placement='right' title='原始值：0.16'>0.160</span>", "<span data-toggle='tooltip' data-placement='right' title='原始值：1.606'>1.61</span>", "*", "*", "维护"], ["安徽省", "淮河流域", "<span data-toggle='tooltip' data-placement='right' title='所在地市:阜阳市&#10;所属河流:淮河'>王家坝</span>", "05-11 08:00", "Ⅲ", "<span data-toggle='tooltip' data-placement='right' title='原始值：22.40984'>22.4</span>", "<span data-toggle='tooltip' data-placement='right' title='原始值：7.59616'>7.60</span>", "<span data-toggle='tooltip' data-placement='right' title='原始值：5.63701'>5.64</span>", "<span data-toggle='tooltip' data-placement='right' title='原始值：507.5571'>507.6</span>", "<span data-toggle='tooltip' data-placement='right' title='原始值：16.81287'>16.8</span>", "<span data-toggle='tooltip' data-placement='right' title='原始值：4.85'>4.85</span>", "<span data-toggle='tooltip' data-placement='right' title='原始值：0.576'>0.576</span>", "<span data-toggle='tooltip' data-placement='right' title='原始值：0.02034'>0.020</span>", "<span data-toggle='tooltip' data-placement='right' title='极值过滤'>--</span>", "*", "*", "维护"], ["安徽省", "淮河流域", "<span data-toggle='tooltip' data-placement='right' title='所在地市:阜阳市&#10;所属河流:颍河'>界首七渡口(七渡口)</span>", "05-11 08:00", "Ⅲ", "<span data-toggle='tooltip' data-placement='right' title='原始值：20.11216'>20.1</span>", "<span data-toggle='tooltip' data-placement='right' title='原始值：7.79372'>7.79</span>", "<span data-toggle='tooltip' data-placement='right' title='原始值：6.10663'>6.11</span>", "<span data-toggle='tooltip' data-placement='right' title='原始值：1015.425'>1015.4</span>", "<span data-toggle='tooltip' data-placement='right' title='原始值：11.15752'>11.2</span>", "<span data-toggle='tooltip' data-placement='right' title='原始值：3.37'>3.37</span>", "<span data-toggle='tooltip' data-placement='right' title='原始值：0.39'>0.390</span>", "<span data-toggle='tooltip' data-placement='right' title='原始值：0.11354'>0.114</span>", "<span data-toggle='tooltip' data-placement='right' title='原始值：5.23298'>5.23</span>", "*", "*", "正常"], ["安徽省", "淮河流域", "<span data-toggle='tooltip' data-placement='right' title='所在地市:阜阳市&#10;所属河流:泉河'>许庄(徐庄)</span>", "05-11 08:00", "", "<span data-toggle='tooltip' data-placement='right' title='原始值：18.9'>18.9</span>", "<span data-toggle='tooltip' data-placement='right' title='原始值：7.55'>7.55</span>", "<span data-toggle='tooltip' data-placement='right' title='原始值：6.82'>6.82</span>", "<span data-toggle='tooltip' data-placement='right' title='原始值：942.2'>942.2</span>", "<span data-toggle='tooltip' data-placement='right' title='原始值：297.12'>297.1</span>", "<span data-toggle='tooltip' data-placement='right' title='原始值：4.58'>4.58</span>", "<span data-toggle='tooltip' data-placement='right' title='极值过滤'>--</span>", "<span data-toggle='tooltip' data-placement='right' title='原始值：0.073'>0.073</span>", "<span data-toggle='tooltip' data-placement='right' title='原始值：0.566'>0.57</span>", "*", "*", "维护"], ["安徽省", "淮河流域", "<span data-toggle='tooltip' data-placement='right' title='所在地市:宿州市&#10;所属河流:奎河'>杨庄</span>", "05-11 08:03", "-", "<span data-toggle='tooltip' data-placement='right' title='原始值：19.76'>19.8</span>", "<span data-toggle='tooltip' data-placement='right' title='原始值：7.29'>7.29</span>", "<span data-toggle='tooltip' data-placement='right' title='原始值：8.06'>8.06</span>", "<span data-toggle='tooltip' data-placement='right' title='原始值：878'>878.0</span>", "<span data-toggle='tooltip' data-placement='right' title='原始值：64.94'>64.9</span>", "<span data-toggle='tooltip' data-placement='right' title='原始值：5.77'>5.77</span>", "<span data-toggle='tooltip' data-placement='right' title='原始值：4.048'>4.048</span>", "*", "*", "*", "*", "正常"], ["安徽省", "淮河流域", "<span data-toggle='tooltip' data-placement='right' title='所在地市:宿州市&#10;所属河流:新汴河'>泗县公路桥</span>", null, "", "--", "--", "--", "--", "--", "--", "--", "--", "--", "*", "*", "停站"], ["安徽省", "淮河流域", "<span data-toggle='tooltip' data-placement='right' title='所在地市:亳州市&#10;所属河流:包河'>颜集</span>", "05-11 08:00", "Ⅳ", "<span data-toggle='tooltip' data-placement='right' title='原始值：19.7'>19.7</span>", "<span data-toggle='tooltip' data-placement='right' title='原始值：7.67'>7.67</span>", "<span data-toggle='tooltip' data-placement='right' title='原始值：7.36'>7.36</span>", "<span data-toggle='tooltip' data-placement='right' title='原始值：1583.2'>1583.2</span>", "<span data-toggle='tooltip' data-placement='right' title='原始值：494.46'>494.5</span>", "<span data-toggle='tooltip' data-placement='right' title='原始值：4.43'>4.43</span>", "<span data-toggle='tooltip' data-placement='right' title='原始值：0.07'>0.070</span>", "<span data-toggle='tooltip' data-placement='right' title='原始值：0.246'>0.246</span>", "<span data-toggle='tooltip' data-placement='right' title='原始值：3.303'>3.30</span>", "*", "*", "正常"], ["福建省", "浙闽片河流", "<span data-toggle='tooltip' data-placement='right' title='所在地市:福州市&#10;所属河流:闽江'>白岩潭</span>", "05-11 08:00", "-", "<span data-toggle='tooltip' data-placement='right' title='原始值：23.16'>23.2</span>", "<span data-toggle='tooltip' data-placement='right' title='原始值：6.76'>6.76</span>", "<span data-toggle='tooltip' data-placement='right' title='原始值：6.3'>6.30</span>", "<span data-toggle='tooltip' data-placement='right' title='原始值：197.4'>197.4</span>", "<span data-toggle='tooltip' data-placement='right' title='原始值：62.49'>62.5</span>", "<span data-toggle='tooltip' data-placement='right' title='原始值：2.28'>2.28</span>", "<span data-toggle='tooltip' data-placement='right' title='原始值：0.1'>0.100</span>", "*", "*", "*", "*", "正常"], ["江西省", "长江流域", "<span data-toggle='tooltip' data-placement='right' title='所在地市:南昌市&#10;所属河流:赣江南支'>滁槎</span>", "05-11 08:00", "Ⅲ", "<span data-toggle='tooltip' data-placement='right' title='原始值：24.58706'>24.6</span>", "<span data-toggle='tooltip' data-placement='right' title='原始值：7.14048'>7.14</span>", "<span data-toggle='tooltip' data-placement='right' title='原始值：5.27894'>5.28</span>", "<span data-toggle='tooltip' data-placement='right' title='原始值：167.4728'>167.5</span>", "<span data-toggle='tooltip' data-placement='right' title='原始值：13.11257'>13.1</span>", "<span data-toggle='tooltip' data-placement='right' title='原始值：2.07'>2.07</span>", "<span data-toggle='tooltip' data-placement='right' title='原始值：0.7'>0.700</span>", "<span data-toggle='tooltip' data-placement='right' title='原始值：0.10175'>0.102</span>", "<span data-toggle='tooltip' data-placement='right' title='原始值：2.135'>2.14</span>", "*", "*", "正常"], ["江西省", "长江流域", "<span data-toggle='tooltip' data-placement='right' title='所在地市:九江市&#10;所属河流:长江'>姚港(河西水厂)</span>", null, "", "--", "--", "--", "--", "--", "--", "--", "--", "--", "*", "*", "停站"], ["江西省", "长江流域", "<span data-toggle='tooltip' data-placement='right' title='所在地市:九江市&#10;所属河流:鄱阳湖'>蛤蟆石</span>", null, "", "--", "--", "--", "--", "--", "--", "--", "--", "--", "--", "--", "停站"], ["山东省", "黄河流域", "<span data-toggle='tooltip' data-placement='right' title='所在地市:济南市&#10;所属河流:黄河'>泺口</span>", "05-11 08:00", "Ⅱ", "<span data-toggle='tooltip' data-placement='right' title='原始值：17.2572'>17.3</span>", "<span data-toggle='tooltip' data-placement='right' title='原始值：8.26684'>8.27</span>", "<span data-toggle='tooltip' data-placement='right' title='原始值：8.97858'>8.98</span>", "<span data-toggle='tooltip' data-placement='right' title='原始值：980.709'>980.7</span>", "<span data-toggle='tooltip' data-placement='right' title='原始值：1011.33'>1011.3</span>", "<span data-toggle='tooltip' data-placement='right' title='原始值：2.24'>2.24</span>", "<span data-toggle='tooltip' data-placement='right' title='原始值：0.22293'>0.223</span>", "<span data-toggle='tooltip' data-placement='right' title='原始值：0.02018'>0.020</span>", "<span data-toggle='tooltip' data-placement='right' title='原始值：4.302'>4.30</span>", "*", "*", "正常"], ["山东省", "淮河流域", "<span data-toggle='tooltip' data-placement='right' title='所在地市:枣庄市&#10;所属河流:京杭大运河（韩庄运河）'>台儿庄大桥</span>", "05-11 08:00", "Ⅱ", "<span data-toggle='tooltip' data-placement='right' title='原始值：19.87016'>19.9</span>", "<span data-toggle='tooltip' data-placement='right' title='原始值：7.79325'>7.79</span>", "<span data-toggle='tooltip' data-placement='right' title='原始值：7.86559'>7.87</span>", "<span data-toggle='tooltip' data-placement='right' title='原始值：714.8843'>714.9</span>", "<span data-toggle='tooltip' data-placement='right' title='原始值：36.69822'>36.7</span>", "<span data-toggle='tooltip' data-placement='right' title='原始值：3.83158'>3.83</span>", "<span data-toggle='tooltip' data-placement='right' title='原始值：0.0179'>0.018</span>", "<span data-toggle='tooltip' data-placement='right' title='原始值：0.06055'>0.061</span>", "<span data-toggle='tooltip' data-placement='right' title='原始值：1.36978'>1.37</span>", "*", "*", "正常"], ["山东省", "淮河流域", "<span data-toggle='tooltip' data-placement='right' title='所在地市:临沂市&#10;所属河流:沭河'>清泉寺</span>", "05-11 08:00", "-", "<span data-toggle='tooltip' data-placement='right' title='原始值：20.8371'>20.8</span>", "<span data-toggle='tooltip' data-placement='right' title='原始值：7.92183'>7.92</span>", "<span data-toggle='tooltip' data-placement='right' title='原始值：7.5021'>7.50</span>", "<span data-toggle='tooltip' data-placement='right' title='原始值：1263.848'>1263.8</span>", "<span data-toggle='tooltip' data-placement='right' title='原始值：25.82357'>25.8</span>", "<span data-toggle='tooltip' data-placement='right' title='原始值：7.02'>7.02</span>", "<span data-toggle='tooltip' data-placement='right' title='原始值：0.12'>0.120</span>", "*", "*", "*", "*", "正常"], ["山东省", "淮河流域", "<span data-toggle='tooltip' data-placement='right' title='所在地市:临沂市&#10;所属河流:沂河'>重坊桥</span>", "05-11 08:00", "-", "<span data-toggle='tooltip' data-placement='right' title='原始值：20.90001'>20.9</span>", "<span data-toggle='tooltip' data-placement='right' title='原始值：7.27703'>7.28</span>", "<span data-toggle='tooltip' data-placement='right' title='原始值：5.93963'>5.94</span>", "<span data-toggle='tooltip' data-placement='right' title='原始值：836.2407'>836.2</span>", "<span data-toggle='tooltip' data-placement='right' title='原始值：0.78056'>0.8</span>", "<span data-toggle='tooltip' data-placement='right' title='原始值：3.5'>3.50</span>", "<span data-toggle='tooltip' data-placement='right' title='原始值：0.10379'>0.104</span>", "*", "*", "*", "*", "正常"], ["山东省", "淮河流域", "<span data-toggle='tooltip' data-placement='right' title='所在地市:临沂市&#10;所属河流:白马河'>捷庄(涝沟桥)</span>", "05-11 08:00", "Ⅳ", "<span data-toggle='tooltip' data-placement='right' title='原始值：21.5'>21.5</span>", "<span data-toggle='tooltip' data-placement='right' title='原始值：7.41999'>7.42</span>", "<span data-toggle='tooltip' data-placement='right' title='原始值：11.39924'>11.40</span>", "<span data-toggle='tooltip' data-placement='right' title='原始值：931'>931.0</span>", "<span data-toggle='tooltip' data-placement='right' title='原始值：23.28751'>23.3</span>", "<span data-toggle='tooltip' data-placement='right' title='原始值：6.07'>6.07</span>", "<span data-toggle='tooltip' data-placement='right' title='原始值：0.04705'>0.047</span>", "<span data-toggle='tooltip' data-placement='right' title='原始值：0.1092'>0.109</span>", "<span data-toggle='tooltip' data-placement='right' title='原始值：2.79196'>2.79</span>", "*", "*", "正常"], ["山东省", "海河流域", "<span data-toggle='tooltip' data-placement='right' title='所在地市:聊城市&#10;所属河流:卫运河'>秤勾湾(秤钩湾)</span>", null, "", "--", "--", "--", "--", "--", "--", "--", "--", "--", "*", "*", "停站"], ["河南省", "长江流域", "<span data-toggle='tooltip' data-placement='right' title='所在地市:南阳市&#10;所属河流:丹江口水库'>陶岔</span>", "05-11 04:00", "Ⅱ", "<span data-toggle='tooltip' data-placement='right' title='原始值：19.48'>19.5</span>", "<span data-toggle='tooltip' data-placement='right' title='原始值：7.99614'>8.00</span>", "<span data-toggle='tooltip' data-placement='right' title='原始值：9.46'>9.46</span>", "<span data-toggle='tooltip' data-placement='right' title='原始值：305.164'>305.2</span>", "<span data-toggle='tooltip' data-placement='right' title='原始值：2.98661'>3.0</span>", "<span data-toggle='tooltip' data-placement='right' title='原始值：3.11'>3.11</span>", "<span data-toggle='tooltip' data-placement='right' title='原始值：0.02226'>0.022</span>", "<span data-toggle='tooltip' data-placement='right' title='原始值：0.0084'>0.008</span>", "<span data-toggle='tooltip' data-placement='right' title='原始值：0.83459'>0.83</span>", "<span data-toggle='tooltip' data-placement='right' title='原始值：0.02714'>0.027</span>", "<span data-toggle='tooltip' data-placement='right' title='原始值：61224.59'>61225</span>", "正常"], ["河南省", "淮河流域", "<span data-toggle='tooltip' data-placement='right' title='所在地市:商丘市&#10;所属河流:浍河'>黄口</span>", "05-11 08:00", "Ⅳ", "<span data-toggle='tooltip' data-placement='right' title='原始值：20.8'>20.8</span>", "<span data-toggle='tooltip' data-placement='right' title='原始值：8.54'>8.54</span>", "<span data-toggle='tooltip' data-placement='right' title='原始值：10.72809'>10.73</span>", "<span data-toggle='tooltip' data-placement='right' title='原始值：5403.062'>5403.1</span>", "<span data-toggle='tooltip' data-placement='right' title='原始值：30.14365'>30.1</span>", "<span data-toggle='tooltip' data-placement='right' title='原始值：9.5'>9.50</span>", "<span data-toggle='tooltip' data-placement='right' title='原始值：0.17582'>0.176</span>", "<span data-toggle='tooltip' data-placement='right' title='原始值：0.1376'>0.138</span>", "<span data-toggle='tooltip' data-placement='right' title='原始值：3.34713'>3.35</span>", "*", "*", "正常"], ["河南省", "淮河流域", "<span data-toggle='tooltip' data-placement='right' title='所在地市:信阳市&#10;所属河流:史灌河'>蒋集</span>", "05-11 08:00", "-", "<span data-toggle='tooltip' data-placement='right' title='原始值：24.03434'>24.0</span>", "<span data-toggle='tooltip' data-placement='right' title='原始值：7.38839'>7.39</span>", "<span data-toggle='tooltip' data-placement='right' title='原始值：5.99988'>6.00</span>", "<span data-toggle='tooltip' data-placement='right' title='原始值：272.625'>272.6</span>", "<span data-toggle='tooltip' data-placement='right' title='原始值：71.86502'>71.9</span>", "<span data-toggle='tooltip' data-placement='right' title='原始值：1.57'>1.57</span>", "<span data-toggle='tooltip' data-placement='right' title='原始值：0.11294'>0.113</span>", "*", "*", "*", "*", "正常"], ["河南省", "淮河流域", "<span data-toggle='tooltip' data-placement='right' title='所在地市:信阳市&#10;所属河流:淮河'>淮滨水文站(淮滨)</span>", "05-11 08:00", "Ⅲ", "<span data-toggle='tooltip' data-placement='right' title='原始值：21'>21.0</span>", "<span data-toggle='tooltip' data-placement='right' title='原始值：7.47'>7.47</span>", "<span data-toggle='tooltip' data-placement='right' title='原始值：7.07129'>7.07</span>", "<span data-toggle='tooltip' data-placement='right' title='原始值：326.998'>327.0</span>", "<span data-toggle='tooltip' data-placement='right' title='原始值：26.52582'>26.5</span>", "<span data-toggle='tooltip' data-placement='right' title='原始值：0.02503'>0.03</span>", "<span data-toggle='tooltip' data-placement='right' title='原始值：0.64795'>0.648</span>", "<span data-toggle='tooltip' data-placement='right' title='原始值：0.05905'>0.059</span>", "<span data-toggle='tooltip' data-placement='right' title='原始值：1.68672'>1.69</span>", "*", "*", "正常"], ["河南省", "淮河流域", "<span data-toggle='tooltip' data-placement='right' title='所在地市:周口市&#10;所属河流:沙河'>沈丘闸</span>", "05-11 08:00", "-", "<span data-toggle='tooltip' data-placement='right' title='原始值：20.78488'>20.8</span>", "<span data-toggle='tooltip' data-placement='right' title='原始值：7.7708'>7.77</span>", "<span data-toggle='tooltip' data-placement='right' title='原始值：6.53827'>6.54</span>", "<span data-toggle='tooltip' data-placement='right' title='原始值：964.8289'>964.8</span>", "<span data-toggle='tooltip' data-placement='right' title='原始值：6.63992'>6.6</span>", "<span data-toggle='tooltip' data-placement='right' title='原始值：3.685'>3.68</span>", "<span data-toggle='tooltip' data-placement='right' title='原始值：0.36'>0.360</span>", "*", "*", "*", "*", "正常"], ["河南省", "淮河流域", "<span data-toggle='tooltip' data-placement='right' title='所在地市:周口市&#10;所属河流:涡河'>鹿邑付桥(鹿邑付桥闸)</span>", "05-11 08:00", "", "<span data-toggle='tooltip' data-placement='right' title='原始值：21.17419'>21.2</span>", "<span data-toggle='tooltip' data-placement='right' title='原始值：8.64337'>8.64</span>", "<span data-toggle='tooltip' data-placement='right' title='原始值：9.38977'>9.39</span>", "<span data-toggle='tooltip' data-placement='right' title='原始值：1424.271'>1424.3</span>", "<span data-toggle='tooltip' data-placement='right' title='原始值：9.13531'>9.1</span>", "<span data-toggle='tooltip' data-placement='right' title='原始值：6.87'>6.87</span>", "<span data-toggle='tooltip' data-placement='right' title='极值过滤'>--</span>", "<span data-toggle='tooltip' data-placement='right' title='原始值：0.0897'>0.090</span>", "<span data-toggle='tooltip' data-placement='right' title='原始值：1.11778'>1.12</span>", "*", "*", "维护"], ["河南省", "淮河流域", "<span data-toggle='tooltip' data-placement='right' title='所在地市:驻马店市&#10;所属河流:洪河'>新蔡班台(班台)</span>", "05-11 08:00", "Ⅲ", "<span data-toggle='tooltip' data-placement='right' title='原始值：22.14999'>22.1</span>", "<span data-toggle='tooltip' data-placement='right' title='原始值：7.15955'>7.16</span>", "<span data-toggle='tooltip' data-placement='right' title='原始值：9.64492'>9.64</span>", "<span data-toggle='tooltip' data-placement='right' title='原始值：1324.677'>1324.7</span>", "<span data-toggle='tooltip' data-placement='right' title='原始值：11.69617'>11.7</span>", "<span data-toggle='tooltip' data-placement='right' title='原始值：4.825'>4.82</span>", "<span data-toggle='tooltip' data-placement='right' title='原始值：0.34'>0.340</span>", "<span data-toggle='tooltip' data-placement='right' title='原始值：0.18225'>0.182</span>", "<span data-toggle='tooltip' data-placement='right' title='原始值：2.4701'>2.47</span>", "*", "*", "正常"], ["河南省", "黄河流域", "<span data-toggle='tooltip' data-placement='right' title='所在地市:济源市&#10;所属河流:黄河'>小浪底水库(小浪底)</span>", "05-11 08:00", "Ⅱ", "<span data-toggle='tooltip' data-placement='right' title='原始值：13.36538'>13.4</span>", "<span data-toggle='tooltip' data-placement='right' title='原始值：8.71322'>8.71</span>", "<span data-toggle='tooltip' data-placement='right' title='原始值：9.54459'>9.54</span>", "<span data-toggle='tooltip' data-placement='right' title='原始值：964.9541'>965.0</span>", "<span data-toggle='tooltip' data-placement='right' title='原始值：4.3091'>4.3</span>", "<span data-toggle='tooltip' data-placement='right' title='原始值：1.59'>1.59</span>", "<span data-toggle='tooltip' data-placement='right' title='原始值：0.14'>0.140</span>", "<span data-toggle='tooltip' data-placement='right' title='原始值：0.0415'>0.042</span>", "<span data-toggle='tooltip' data-placement='right' title='原始值：4.815'>4.82</span>", "*", "*", "正常"], ["湖北省", "长江流域", "<span data-toggle='tooltip' data-placement='right' title='所在地市:武汉市&#10;所属河流:汉江'>宗关</span>", "05-11 04:00", "Ⅱ", "<span data-toggle='tooltip' data-placement='right' title='原始值：20.84212'>20.8</span>", "<span data-toggle='tooltip' data-placement='right' title='原始值：7.58111'>7.58</span>", "<span data-toggle='tooltip' data-placement='right' title='原始值：8.95624'>8.96</span>", "<span data-toggle='tooltip' data-placement='right' title='原始值：316.6025'>316.6</span>", "<span data-toggle='tooltip' data-placement='right' title='原始值：31.85322'>31.9</span>", "<span data-toggle='tooltip' data-placement='right' title='原始值：2.19'>2.19</span>", "<span data-toggle='tooltip' data-placement='right' title='原始值：0.4'>0.400</span>", "<span data-toggle='tooltip' data-placement='right' title='原始值：0.084'>0.084</span>", "<span data-toggle='tooltip' data-placement='right' title='原始值：2.3025'>2.30</span>", "*", "*", "正常"], ["湖北省", "长江流域", "<span data-toggle='tooltip' data-placement='right' title='所在地市:十堰市&#10;所属河流:丹江口水库'>坝上中(胡家岭)</span>", "05-11 08:08", "Ⅱ", "<span data-toggle='tooltip' data-placement='right' title='原始值：20.32154'>20.3</span>", "<span data-toggle='tooltip' data-placement='right' title='原始值：7.37307'>7.37</span>", "<span data-toggle='tooltip' data-placement='right' title='原始值：9.01854'>9.02</span>", "<span data-toggle='tooltip' data-placement='right' title='原始值：334.6076'>334.6</span>", "<span data-toggle='tooltip' data-placement='right' title='原始值：2.90665'>2.9</span>", "<span data-toggle='tooltip' data-placement='right' title='原始值：1.61'>1.61</span>", "<span data-toggle='tooltip' data-placement='right' title='原始值：0.17'>0.170</span>", "<span data-toggle='tooltip' data-placement='right' title='原始值：0.0082'>0.008</span>", "<span data-toggle='tooltip' data-placement='right' title='原始值：1.262'>1.26</span>", "<span data-toggle='tooltip' data-placement='right' title='原始值：0.00177'>0.002</span>", "<span data-toggle='tooltip' data-placement='right' title='原始值：8195024'>8195024</span>", "正常"], ["湖北省", "长江流域", "<span data-toggle='tooltip' data-placement='right' title='所在地市:宜昌市&#10;所属河流:长江'>南津关</span>", "05-11 08:00", "Ⅱ", "<span data-toggle='tooltip' data-placement='right' title='原始值：19.57825'>19.6</span>", "<span data-toggle='tooltip' data-placement='right' title='原始值：7.68989'>7.69</span>", "<span data-toggle='tooltip' data-placement='right' title='原始值：9.03896'>9.04</span>", "<span data-toggle='tooltip' data-placement='right' title='原始值：427.4874'>427.5</span>", "<span data-toggle='tooltip' data-placement='right' title='原始值：9.13085'>9.1</span>", "<span data-toggle='tooltip' data-placement='right' title='原始值：1.56'>1.56</span>", "<span data-toggle='tooltip' data-placement='right' title='原始值：0.07'>0.070</span>", "<span data-toggle='tooltip' data-placement='right' title='原始值：0.0412'>0.041</span>", "<span data-toggle='tooltip' data-placement='right' title='原始值：1.342'>1.34</span>", "*", "*", "正常"], ["湖南省", "长江流域", "<span data-toggle='tooltip' data-placement='right' title='所在地市:长沙市&#10;所属河流:湘江'>新港</span>", null, "", "--", "--", "--", "--", "--", "--", "--", "--", "--", "*", "*", "停站"], ["湖南省", "长江流域", "<span data-toggle='tooltip' data-placement='right' title='所在地市:岳阳市&#10;所属河流:洞庭湖'>岳阳楼</span>", null, "", "--", "--", "--", "--", "--", "--", "--", "--", "--", "--", "--", "停站"], ["湖南省", "长江流域", "<span data-toggle='tooltip' data-placement='right' title='所在地市:岳阳市&#10;所属河流:长江'>城陵矶</span>", null, "", "--", "--", "--", "--", "--", "--", "--", "--", "--", "*", "*", "停站"], ["广东省", "珠江流域", "<span data-toggle='tooltip' data-placement='right' title='所在地市:清远市&#10;所属河流:北江'>七星岗</span>", "05-11 08:00", "Ⅱ", "<span data-toggle='tooltip' data-placement='right' title='原始值：25.99151'>26.0</span>", "<span data-toggle='tooltip' data-placement='right' title='原始值：7.53984'>7.54</span>", "<span data-toggle='tooltip' data-placement='right' title='原始值：6.69853'>6.70</span>", "<span data-toggle='tooltip' data-placement='right' title='原始值：198.8191'>198.8</span>", "<span data-toggle='tooltip' data-placement='right' title='原始值：17.28257'>17.3</span>", "<span data-toggle='tooltip' data-placement='right' title='原始值：0.47'>0.47</span>", "<span data-toggle='tooltip' data-placement='right' title='原始值：0.2076'>0.208</span>", "<span data-toggle='tooltip' data-placement='right' title='原始值：0.01672'>0.017</span>", "<span data-toggle='tooltip' data-placement='right' title='原始值：2.2798'>2.28</span>", "*", "*", "正常"], ["广东省", "珠江流域", "<span data-toggle='tooltip' data-placement='right' title='所在地市:中山市&#10;所属河流:西江'>横栏</span>", "05-11 08:00", "-", "<span data-toggle='tooltip' data-placement='right' title='原始值：24.8'>24.8</span>", "<span data-toggle='tooltip' data-placement='right' title='原始值：8.23'>8.23</span>", "<span data-toggle='tooltip' data-placement='right' title='原始值：7.69'>7.69</span>", "<span data-toggle='tooltip' data-placement='right' title='原始值：294'>294.0</span>", "<span data-toggle='tooltip' data-placement='right' title='原始值：8.5'>8.5</span>", "<span data-toggle='tooltip' data-placement='right' title='原始值：1.46'>1.46</span>", "<span data-toggle='tooltip' data-placement='right' title='原始值：0.15233'>0.152</span>", "*", "*", "*", "*", "正常"], ["广西壮族自治区", "珠江流域", "<span data-toggle='tooltip' data-placement='right' title='所在地市:南宁市&#10;所属河流:邕江'>老口</span>", "05-11 08:00", "Ⅱ", "<span data-toggle='tooltip' data-placement='right' title='原始值：26.78044'>26.8</span>", "<span data-toggle='tooltip' data-placement='right' title='原始值：7.61758'>7.62</span>", "<span data-toggle='tooltip' data-placement='right' title='原始值：7.31898'>7.32</span>", "<span data-toggle='tooltip' data-placement='right' title='原始值：311.8628'>311.9</span>", "<span data-toggle='tooltip' data-placement='right' title='原始值：15.97348'>16.0</span>", "<span data-toggle='tooltip' data-placement='right' title='原始值：3.07775'>3.08</span>", "<span data-toggle='tooltip' data-placement='right' title='原始值：0.1117'>0.112</span>", "<span data-toggle='tooltip' data-placement='right' title='原始值：0.02821'>0.028</span>", "<span data-toggle='tooltip' data-placement='right' title='原始值：1.85565'>1.86</span>", "*", "*", "正常"], ["广西壮族自治区", "珠江流域", "<span data-toggle='tooltip' data-placement='right' title='所在地市:桂林市&#10;所属河流:漓江'>阳朔</span>", "05-11 08:00", "劣Ⅴ", "<span data-toggle='tooltip' data-placement='right' title='原始值：22.6'>22.6</span>", "<span data-toggle='tooltip' data-placement='right' title='原始值：7.26'>7.26</span>", "<span data-toggle='tooltip' data-placement='right' title='原始值：0.79049'>0.79</span>", "<span data-toggle='tooltip' data-placement='right' title='原始值：188'>188.0</span>", "<span data-toggle='tooltip' data-placement='right' title='原始值：19.49912'>19.5</span>", "<span data-toggle='tooltip' data-placement='right' title='原始值：1.33'>1.33</span>", "<span data-toggle='tooltip' data-placement='right' title='原始值：0.04954'>0.050</span>", "<span data-toggle='tooltip' data-placement='right' title='原始值：0.00501'>0.005</span>", "<span data-toggle='tooltip' data-placement='right' title='原始值：0.6231'>0.62</span>", "*", "*", "正常"], ["广西壮族自治区", "珠江流域", "<span data-toggle='tooltip' data-placement='right' title='所在地市:梧州市&#10;所属河流:浔江'>界首</span>", null, "", "--", "--", "--", "--", "--", "--", "--", "--", "--", "*", "*", "停站"], ["广西壮族自治区", "珠江流域", "<span data-toggle='tooltip' data-placement='right' title='所在地市:贵港市&#10;所属河流:浔江'>石嘴</span>", "05-11 08:00", "Ⅱ", "<span data-toggle='tooltip' data-placement='right' title='原始值：25.16956'>25.2</span>", "<span data-toggle='tooltip' data-placement='right' title='原始值：7.06109'>7.06</span>", "<span data-toggle='tooltip' data-placement='right' title='原始值：8.72163'>8.72</span>", "<span data-toggle='tooltip' data-placement='right' title='原始值：320.9909'>321.0</span>", "<span data-toggle='tooltip' data-placement='right' title='原始值：20.86507'>20.9</span>", "<span data-toggle='tooltip' data-placement='right' title='原始值：1.2'>1.20</span>", "<span data-toggle='tooltip' data-placement='right' title='原始值：0.16'>0.160</span>", "<span data-toggle='tooltip' data-placement='right' title='原始值：0.00693'>0.007</span>", "<span data-toggle='tooltip' data-placement='right' title='原始值：2.0796'>2.08</span>", "*", "*", "正常"], ["广西壮族自治区", "珠江流域", "<span data-toggle='tooltip' data-placement='right' title='所在地市:崇左市&#10;所属河流:平而河'>平而关</span>", "05-11 08:00", "-", "<span data-toggle='tooltip' data-placement='right' title='原始值：30.52668'>30.5</span>", "<span data-toggle='tooltip' data-placement='right' title='原始值：8.10372'>8.10</span>", "<span data-toggle='tooltip' data-placement='right' title='原始值：7.48335'>7.48</span>", "<span data-toggle='tooltip' data-placement='right' title='原始值：239.2182'>239.2</span>", "<span data-toggle='tooltip' data-placement='right' title='原始值：20.43243'>20.4</span>", "<span data-toggle='tooltip' data-placement='right' title='原始值：1.56'>1.56</span>", "<span data-toggle='tooltip' data-placement='right' title='原始值：0.09'>0.090</span>", "*", "*", "*", "*", "正常"], ["重庆市", "长江流域", "<span data-toggle='tooltip' data-placement='right' title='所在地市:永川区&#10;所属河流:长江'>朱沱</span>", null, "", "--", "--", "--", "--", "--", "--", "--", "--", "--", "*", "*", "停站"], ["四川省", "长江流域", "<span data-toggle='tooltip' data-placement='right' title='所在地市:攀枝花市&#10;所属河流:金沙江'>龙洞</span>", "05-11 08:00", "Ⅰ", "<span data-toggle='tooltip' data-placement='right' title='原始值：19.36061'>19.4</span>", "<span data-toggle='tooltip' data-placement='right' title='原始值：8.14295'>8.14</span>", "<span data-toggle='tooltip' data-placement='right' title='原始值：8.78651'>8.79</span>", "<span data-toggle='tooltip' data-placement='right' title='原始值：693.4435'>693.4</span>", "<span data-toggle='tooltip' data-placement='right' title='原始值：2.07065'>2.1</span>", "<span data-toggle='tooltip' data-placement='right' title='原始值：0.85'>0.85</span>", "<span data-toggle='tooltip' data-placement='right' title='原始值：0.07'>0.070</span>", "<span data-toggle='tooltip' data-placement='right' title='原始值：0.00722'>0.007</span>", "<span data-toggle='tooltip' data-placement='right' title='原始值：0.35061'>0.35</span>", "*", "*", "正常"], ["四川省", "长江流域", "<span data-toggle='tooltip' data-placement='right' title='所在地市:泸州市&#10;所属河流:沱江'>沱江大桥(沱江二桥)</span>", null, "", "--", "--", "--", "--", "--", "--", "--", "--", "--", "*", "*", "停站"], ["四川省", "长江流域", "<span data-toggle='tooltip' data-placement='right' title='所在地市:广元市&#10;所属河流:嘉陵江'>清风峡</span>", "05-11 08:00", "-", "<span data-toggle='tooltip' data-placement='right' title='原始值：21.20924'>21.2</span>", "<span data-toggle='tooltip' data-placement='right' title='原始值：8.03999'>8.04</span>", "<span data-toggle='tooltip' data-placement='right' title='原始值：9.4823'>9.48</span>", "<span data-toggle='tooltip' data-placement='right' title='原始值：350'>350.0</span>", "<span data-toggle='tooltip' data-placement='right' title='原始值：316.2899'>316.3</span>", "<span data-toggle='tooltip' data-placement='right' title='原始值：1.42'>1.42</span>", "<span data-toggle='tooltip' data-placement='right' title='原始值：0.0288'>0.029</span>", "*", "*", "*", "*", "正常"], ["四川省", "长江流域", "<span data-toggle='tooltip' data-placement='right' title='所在地市:乐山市&#10;所属河流:岷江'>岷江大桥</span>", "05-11 08:00", "-", "<span data-toggle='tooltip' data-placement='right' title='原始值：26.54028'>26.5</span>", "<span data-toggle='tooltip' data-placement='right' title='原始值：7.50465'>7.50</span>", "<span data-toggle='tooltip' data-placement='right' title='原始值：5.82538'>5.83</span>", "<span data-toggle='tooltip' data-placement='right' title='原始值：553.8702'>553.9</span>", "<span data-toggle='tooltip' data-placement='right' title='原始值：11.37384'>11.4</span>", "<span data-toggle='tooltip' data-placement='right' title='原始值：2.71'>2.71</span>", "<span data-toggle='tooltip' data-placement='right' title='原始值：0.29'>0.290</span>", "*", "*", "*", "*", "正常"], ["四川省", "长江流域", "<span data-toggle='tooltip' data-placement='right' title='所在地市:宜宾市&#10;所属河流:岷江'>凉姜沟</span>", null, "", "--", "--", "--", "--", "--", "--", "--", "--", "--", "*", "*", "停站"], ["云南省", "滇池流域", "<span data-toggle='tooltip' data-placement='right' title='所在地市:昆明市&#10;所属河流:滇池'>西苑隧道</span>", "05-11 08:02", "Ⅴ", "<span data-toggle='tooltip' data-placement='right' title='原始值：23.31964'>23.3</span>", "<span data-toggle='tooltip' data-placement='right' title='原始值：7.50324'>7.50</span>", "<span data-toggle='tooltip' data-placement='right' title='原始值：7.43457'>7.43</span>", "<span data-toggle='tooltip' data-placement='right' title='原始值：584.6924'>584.7</span>", "<span data-toggle='tooltip' data-placement='right' title='原始值：41.6107'>41.6</span>", "<span data-toggle='tooltip' data-placement='right' title='原始值：10.93996'>10.94</span>", "<span data-toggle='tooltip' data-placement='right' title='原始值：0.26'>0.260</span>", "<span data-toggle='tooltip' data-placement='right' title='原始值：0.17042'>0.170</span>", "<span data-toggle='tooltip' data-placement='right' title='原始值：2.76572'>2.77</span>", "<span data-toggle='tooltip' data-placement='right' title='原始值：0.02529'>0.025</span>", "<span data-toggle='tooltip' data-placement='right' title='原始值：6259733'>6259733</span>", "正常"], ["云南省", "滇池流域", "<span data-toggle='tooltip' data-placement='right' title='所在地市:昆明市&#10;所属河流:滇池'>观音山</span>", "05-11 08:00", "Ⅴ", "<span data-toggle='tooltip' data-placement='right' title='原始值：23.05267'>23.1</span>", "<span data-toggle='tooltip' data-placement='right' title='原始值：7.72935'>7.73</span>", "<span data-toggle='tooltip' data-placement='right' title='原始值：6.99661'>7.00</span>", "<span data-toggle='tooltip' data-placement='right' title='原始值：457.6478'>457.6</span>", "<span data-toggle='tooltip' data-placement='right' title='原始值：30.15882'>30.2</span>", "<span data-toggle='tooltip' data-placement='right' title='原始值：10.49'>10.49</span>", "<span data-toggle='tooltip' data-placement='right' title='原始值：0.17'>0.170</span>", "<span data-toggle='tooltip' data-placement='right' title='原始值：0.1028'>0.103</span>", "<span data-toggle='tooltip' data-placement='right' title='原始值：1.652'>1.65</span>", "<span data-toggle='tooltip' data-placement='right' title='原始值：0.03903'>0.039</span>", "<span data-toggle='tooltip' data-placement='right' title='原始值：7698762'>7698762</span>", "正常"], ["云南省", "西南诸河", "<span data-toggle='tooltip' data-placement='right' title='所在地市:红河哈尼族彝族自治州&#10;所属河流:红河'>河口县医院(河口)</span>", "05-11 08:00", "", "<span data-toggle='tooltip' data-placement='right' title='原始值：28.3'>28.3</span>", "<span data-toggle='tooltip' data-placement='right' title='原始值：7.95'>7.95</span>", "<span data-toggle='tooltip' data-placement='right' title='原始值：7.43'>7.43</span>", "<span data-toggle='tooltip' data-placement='right' title='原始值：348'>348.0</span>", "<span data-toggle='tooltip' data-placement='right' title='原始值：88.91222'>88.9</span>", "<span data-toggle='tooltip' data-placement='right' title='原始值：0.94'>0.94</span>", "<span data-toggle='tooltip' data-placement='right' title='原始值：0.08461'>0.085</span>", "<span data-toggle='tooltip' data-placement='right' title='极值过滤'>--</span>", "<span data-toggle='tooltip' data-placement='right' title='原始值：1.22749'>1.23</span>", "*", "*", "维护"], ["云南省", "西南诸河", "<span data-toggle='tooltip' data-placement='right' title='所在地市:西双版纳傣族自治州&#10;所属河流:澜沧江'>橄榄坝</span>", "05-11 08:01", "", "<span data-toggle='tooltip' data-placement='right' title='原始值：18.58238'>18.6</span>", "<span data-toggle='tooltip' data-placement='right' title='原始值：7.38804'>7.39</span>", "<span data-toggle='tooltip' data-placement='right' title='原始值：6.87841'>6.88</span>", "<span data-toggle='tooltip' data-placement='right' title='原始值：352.2128'>352.2</span>", "<span data-toggle='tooltip' data-placement='right' title='原始值：4.05142'>4.1</span>", "<span data-toggle='tooltip' data-placement='right' title='极值过滤'>--</span>", "<span data-toggle='tooltip' data-placement='right' title='原始值：0.10639'>0.106</span>", "*", "*", "*", "*", "维护"], ["陕西省", "黄河流域", "<span data-toggle='tooltip' data-placement='right' title='所在地市:渭南市&#10;所属河流:渭河'>潼关吊桥</span>", "05-11 08:08", "Ⅳ", "<span data-toggle='tooltip' data-placement='right' title='原始值：19.375'>19.4</span>", "<span data-toggle='tooltip' data-placement='right' title='原始值：7.61'>7.61</span>", "<span data-toggle='tooltip' data-placement='right' title='原始值：5.69016'>5.69</span>", "<span data-toggle='tooltip' data-placement='right' title='原始值：948.9999'>949.0</span>", "<span data-toggle='tooltip' data-placement='right' title='原始值：1018.985'>1019.0</span>", "<span data-toggle='tooltip' data-placement='right' title='原始值：4.33'>4.33</span>", "<span data-toggle='tooltip' data-placement='right' title='原始值：1.02'>1.020</span>", "<span data-toggle='tooltip' data-placement='right' title='原始值：0.15498'>0.155</span>", "<span data-toggle='tooltip' data-placement='right' title='原始值：6.65889'>6.66</span>", "*", "*", "正常"], ["甘肃省", "黄河流域", "<span data-toggle='tooltip' data-placement='right' title='所在地市:兰州市&#10;所属河流:黄河'>新城桥</span>", "05-11 08:00", "Ⅱ", "<span data-toggle='tooltip' data-placement='right' title='原始值：12.41987'>12.4</span>", "<span data-toggle='tooltip' data-placement='right' title='原始值：7.48055'>7.48</span>", "<span data-toggle='tooltip' data-placement='right' title='原始值：8.56862'>8.57</span>", "<span data-toggle='tooltip' data-placement='right' title='原始值：518.0966'>518.1</span>", "<span data-toggle='tooltip' data-placement='right' title='原始值：106.9448'>106.9</span>", "<span data-toggle='tooltip' data-placement='right' title='原始值：1.89'>1.89</span>", "<span data-toggle='tooltip' data-placement='right' title='原始值：0.14'>0.140</span>", "<span data-toggle='tooltip' data-placement='right' title='原始值：0.02548'>0.025</span>", "<span data-toggle='tooltip' data-placement='right' title='原始值：2.08389'>2.08</span>", "*", "*", "正常"], ["宁夏回族自治区", "黄河流域", "<span data-toggle='tooltip' data-placement='right' title='所在地市:中卫市&#10;所属河流:黄河'>中卫下河沿(新墩)</span>", "05-11 08:00", "劣Ⅴ", "<span data-toggle='tooltip' data-placement='right' title='原始值：14.57912'>14.6</span>", "<span data-toggle='tooltip' data-placement='right' title='原始值：7.89018'>7.89</span>", "<span data-toggle='tooltip' data-placement='right' title='原始值：8.37952'>8.38</span>", "<span data-toggle='tooltip' data-placement='right' title='原始值：546.7433'>546.7</span>", "<span data-toggle='tooltip' data-placement='right' title='原始值：1488.911'>1488.9</span>", "<span data-toggle='tooltip' data-placement='right' title='原始值：3.89'>3.89</span>", "<span data-toggle='tooltip' data-placement='right' title='原始值：0.07'>0.070</span>", "<span data-toggle='tooltip' data-placement='right' title='原始值：0.7861'>0.786</span>", "<span data-toggle='tooltip' data-placement='right' title='原始值：2.7439'>2.74</span>", "*", "*", "正常"]]}