{"result": 1, "total": 1, "records": 98, "thead": ["省份", "流域", "断面名称", "监测时间", "水质类别", "水温<br/><span class='unit'>(℃)</span>", "pH<br/><span class='unit'>(无量纲)</span>", "溶解氧<br/><span class='unit'>(mg/L)</span>", "电导率<br/><span class='unit'>(μS/cm)</span>", "浊度<br/><span class='unit'>(NTU)</span>", "高锰酸盐指数<br/><span class='unit'>(mg/L)</span>", "氨氮<br/><span class='unit'>(mg/L)</span>", "总磷<br/><span class='unit'>(mg/L)</span>", "总氮<br/><span class='unit'>(mg/L)</span>", "叶绿素α<br/><span class='unit'>(mg/L)</span>", "藻密度<br/><span class='unit'>(cells/L)</span>", "站点情况"], "tbody": [["北京市", "海河流域", "<span data-toggle='tooltip' data-placement='right' title='所在地市:门头沟区&#10;所属河流:永定河'>沿河城</span>", null, "", "--", "--", "--", "--", "--", "--", "--", "--", "--", "*", "*", "停站"], ["北京市", "海河流域", "<span data-toggle='tooltip' data-placement='right' title='所在地市:密云区&#10;所属河流:潮河'>古北口</span>", "05-18 08:05", "", "<span data-toggle='tooltip' data-placement='right' title='原始值：16.34218'>16.3</span>", "<span data-toggle='tooltip' data-placement='right' title='原始值：7.42921'>7.43</span>", "<span data-toggle='tooltip' data-placement='right' title='原始值：9.97894'>9.98</span>", "<span data-toggle='tooltip' data-placement='right' title='原始值：629.6675'>629.7</span>", "<span data-toggle='tooltip' data-placement='right' title='原始值：4.59644'>4.6</span>", "<span data-toggle='tooltip' data-placement='right' title='原始值：1.24766'>1.25</span>", "<span data-toggle='tooltip' data-placement='right' title='原始值：0.2'>0.200</span>", "<span data-toggle='tooltip' data-placement='right' title='极值过滤'>--</span>", "<span data-toggle='tooltip' data-placement='right' title='原始值：4.7647'>4.76</span>", "*", "*", "维护"], ["天津市", "海河流域", "<span data-toggle='tooltip' data-placement='right' title='所在地市:河北区&#10;所属河流:海河'>三岔口</span>", "05-18 08:00", "Ⅱ", "<span data-toggle='tooltip' data-placement='right' title='原始值：19.9286'>19.9</span>", "<span data-toggle='tooltip' data-placement='right' title='原始值：7.5932'>7.59</span>", "<span data-toggle='tooltip' data-placement='right' title='原始值：7.604'>7.60</span>", "<span data-toggle='tooltip' data-placement='right' title='原始值：274.1614'>274.2</span>", "<span data-toggle='tooltip' data-placement='right' title='原始值：9.434'>9.4</span>", "<span data-toggle='tooltip' data-placement='right' title='原始值：0.95'>0.95</span>", "<span data-toggle='tooltip' data-placement='right' title='原始值：0.38'>0.380</span>", "<span data-toggle='tooltip' data-placement='right' title='原始值：0.0909'>0.091</span>", "<span data-toggle='tooltip' data-placement='right' title='原始值：1'>1.00</span>", "*", "*", "正常"], ["天津市", "海河流域", "<span data-toggle='tooltip' data-placement='right' title='所在地市:蓟州区&#10;所属河流:果河'>果河桥</span>", "05-18 08:00", "Ⅱ", "<span data-toggle='tooltip' data-placement='right' title='原始值：15'>15.0</span>", "<span data-toggle='tooltip' data-placement='right' title='原始值：8.443'>8.44</span>", "<span data-toggle='tooltip' data-placement='right' title='原始值：10.05'>10.05</span>", "<span data-toggle='tooltip' data-placement='right' title='原始值：597.219'>597.2</span>", "<span data-toggle='tooltip' data-placement='right' title='原始值：6.143'>6.1</span>", "<span data-toggle='tooltip' data-placement='right' title='原始值：2.2004'>2.20</span>", "<span data-toggle='tooltip' data-placement='right' title='原始值：0.1'>0.100</span>", "<span data-toggle='tooltip' data-placement='right' title='原始值：0.0373'>0.037</span>", "<span data-toggle='tooltip' data-placement='right' title='原始值：3.7067'>3.71</span>", "*", "*", "正常"], ["河北省", "海河流域", "<span data-toggle='tooltip' data-placement='right' title='所在地市:石家庄市&#10;所属河流:滹沱河'>岗南水库</span>", "05-18 08:00", "Ⅲ", "<span data-toggle='tooltip' data-placement='right' title='原始值：20.71596'>20.7</span>", "<span data-toggle='tooltip' data-placement='right' title='原始值：8.25796'>8.26</span>", "<span data-toggle='tooltip' data-placement='right' title='原始值：9.89783'>9.90</span>", "<span data-toggle='tooltip' data-placement='right' title='原始值：506.3652'>506.4</span>", "<span data-toggle='tooltip' data-placement='right' title='原始值：2.96578'>3.0</span>", "<span data-toggle='tooltip' data-placement='right' title='原始值：2.01967'>2.02</span>", "<span data-toggle='tooltip' data-placement='right' title='原始值：0.83'>0.830</span>", "<span data-toggle='tooltip' data-placement='right' title='原始值：0.02228'>0.022</span>", "<span data-toggle='tooltip' data-placement='right' title='原始值：2.36149'>2.36</span>", "*", "*", "正常"], ["河北省", "海河流域", "<span data-toggle='tooltip' data-placement='right' title='所在地市:张家口市&#10;所属河流:永定河'>八号桥</span>", "05-18 08:10", "Ⅲ", "<span data-toggle='tooltip' data-placement='right' title='原始值：15.04046'>15.0</span>", "<span data-toggle='tooltip' data-placement='right' title='原始值：7.99702'>8.00</span>", "<span data-toggle='tooltip' data-placement='right' title='原始值：8.1011'>8.10</span>", "<span data-toggle='tooltip' data-placement='right' title='原始值：1243.369'>1243.4</span>", "<span data-toggle='tooltip' data-placement='right' title='原始值：68.86916'>68.9</span>", "<span data-toggle='tooltip' data-placement='right' title='原始值：5.45'>5.45</span>", "<span data-toggle='tooltip' data-placement='right' title='原始值：0.15'>0.150</span>", "<span data-toggle='tooltip' data-placement='right' title='原始值：0.096'>0.096</span>", "<span data-toggle='tooltip' data-placement='right' title='原始值：2.92'>2.92</span>", "*", "*", "正常"], ["山西省", "黄河流域", "<span data-toggle='tooltip' data-placement='right' title='所在地市:运城市&#10;所属河流:汾河'>河津大桥</span>", "05-18 08:00", "Ⅳ", "<span data-toggle='tooltip' data-placement='right' title='原始值：23.62804'>23.6</span>", "<span data-toggle='tooltip' data-placement='right' title='原始值：7.63315'>7.63</span>", "<span data-toggle='tooltip' data-placement='right' title='原始值：5.58261'>5.58</span>", "<span data-toggle='tooltip' data-placement='right' title='原始值：1452.598'>1452.6</span>", "<span data-toggle='tooltip' data-placement='right' title='原始值：355.6943'>355.7</span>", "<span data-toggle='tooltip' data-placement='right' title='原始值：9.4'>9.40</span>", "<span data-toggle='tooltip' data-placement='right' title='原始值：0.1'>0.100</span>", "*", "*", "*", "*", "正常"], ["山西省", "黄河流域", "<span data-toggle='tooltip' data-placement='right' title='所在地市:忻州市&#10;所属河流:黄河'>万家寨水库</span>", "05-18 08:00", "Ⅲ", "<span data-toggle='tooltip' data-placement='right' title='原始值：18.48046'>18.5</span>", "<span data-toggle='tooltip' data-placement='right' title='原始值：8.35631'>8.36</span>", "<span data-toggle='tooltip' data-placement='right' title='原始值：9.05816'>9.06</span>", "<span data-toggle='tooltip' data-placement='right' title='原始值：831.465'>831.5</span>", "<span data-toggle='tooltip' data-placement='right' title='原始值：6.60247'>6.6</span>", "<span data-toggle='tooltip' data-placement='right' title='原始值：4.95'>4.95</span>", "<span data-toggle='tooltip' data-placement='right' title='原始值：0.31'>0.310</span>", "<span data-toggle='tooltip' data-placement='right' title='原始值：0.01075'>0.011</span>", "<span data-toggle='tooltip' data-placement='right' title='原始值：2.0875'>2.09</span>", "*", "*", "正常"], ["内蒙古自治区", "黄河流域", "<span data-toggle='tooltip' data-placement='right' title='所在地市:包头市&#10;所属河流:黄河'>画匠营子</span>", "05-18 08:00", "Ⅱ", "<span data-toggle='tooltip' data-placement='right' title='原始值：12.9426'>12.9</span>", "<span data-toggle='tooltip' data-placement='right' title='原始值：7.95832'>7.96</span>", "<span data-toggle='tooltip' data-placement='right' title='原始值：8.88904'>8.89</span>", "<span data-toggle='tooltip' data-placement='right' title='原始值：897.8429'>897.8</span>", "<span data-toggle='tooltip' data-placement='right' title='原始值：587.7076'>587.7</span>", "<span data-toggle='tooltip' data-placement='right' title='原始值：3.61944'>3.62</span>", "<span data-toggle='tooltip' data-placement='right' title='原始值：0.03712'>0.037</span>", "*", "*", "*", "*", "正常"], ["内蒙古自治区", "黄河流域", "<span data-toggle='tooltip' data-placement='right' title='所在地市:乌海市&#10;所属河流:黄河'>海勃湾</span>", "05-18 08:05", "Ⅱ", "<span data-toggle='tooltip' data-placement='right' title='原始值：17.33066'>17.3</span>", "<span data-toggle='tooltip' data-placement='right' title='原始值：8.56913'>8.57</span>", "<span data-toggle='tooltip' data-placement='right' title='原始值：7.14208'>7.14</span>", "<span data-toggle='tooltip' data-placement='right' title='原始值：765.651'>765.7</span>", "<span data-toggle='tooltip' data-placement='right' title='原始值：56.72372'>56.7</span>", "<span data-toggle='tooltip' data-placement='right' title='原始值：2.29'>2.29</span>", "<span data-toggle='tooltip' data-placement='right' title='原始值：0.04'>0.040</span>", "*", "*", "*", "*", "正常"], ["内蒙古自治区", "松花江流域", "<span data-toggle='tooltip' data-placement='right' title='所在地市:呼伦贝尔市&#10;所属河流:额尔古纳河'>黑山头</span>", null, "", "--", "--", "--", "--", "--", "--", "--", "--", "--", "*", "*", "维护"], ["辽宁省", "辽河流域", "<span data-toggle='tooltip' data-placement='right' title='所在地市:抚顺市&#10;所属河流:浑河'>大伙房水库</span>", "05-18 08:00", "Ⅱ", "<span data-toggle='tooltip' data-placement='right' title='原始值：15.58319'>15.6</span>", "<span data-toggle='tooltip' data-placement='right' title='原始值：7.296'>7.30</span>", "<span data-toggle='tooltip' data-placement='right' title='原始值：10.37375'>10.37</span>", "<span data-toggle='tooltip' data-placement='right' title='原始值：308.3016'>308.3</span>", "<span data-toggle='tooltip' data-placement='right' title='原始值：9.21924'>9.2</span>", "<span data-toggle='tooltip' data-placement='right' title='原始值：2.42'>2.42</span>", "<span data-toggle='tooltip' data-placement='right' title='原始值：0.06'>0.060</span>", "<span data-toggle='tooltip' data-placement='right' title='原始值：0.01074'>0.011</span>", "<span data-toggle='tooltip' data-placement='right' title='原始值：2.33191'>2.33</span>", "<span data-toggle='tooltip' data-placement='right' title='原始值：0.00089'>0.001</span>", "*", "正常"], ["辽宁省", "辽河流域", "<span data-toggle='tooltip' data-placement='right' title='所在地市:丹东市&#10;所属河流:鸭绿江'>江桥</span>", null, "", "--", "--", "--", "--", "--", "--", "--", "--", "--", "*", "*", "维护"], ["辽宁省", "辽河流域", "<span data-toggle='tooltip' data-placement='right' title='所在地市:营口市&#10;所属河流:大辽河'>辽河公园</span>", "05-18 08:05", "Ⅲ", "<span data-toggle='tooltip' data-placement='right' title='原始值：18.74062'>18.7</span>", "<span data-toggle='tooltip' data-placement='right' title='原始值：7.0561'>7.06</span>", "<span data-toggle='tooltip' data-placement='right' title='原始值：9.43667'>9.44</span>", "<span data-toggle='tooltip' data-placement='right' title='原始值：11290.64'>11290.6</span>", "<span data-toggle='tooltip' data-placement='right' title='原始值：125.1728'>125.2</span>", "<span data-toggle='tooltip' data-placement='right' title='原始值：5.19723'>5.20</span>", "<span data-toggle='tooltip' data-placement='right' title='原始值：0.13542'>0.135</span>", "<span data-toggle='tooltip' data-placement='right' title='原始值：0.18211'>0.182</span>", "<span data-toggle='tooltip' data-placement='right' title='原始值：7.21001'>7.21</span>", "*", "*", "正常"], ["辽宁省", "辽河流域", "<span data-toggle='tooltip' data-placement='right' title='所在地市:辽阳市&#10;所属河流:太子河'>汤河水库</span>", "05-18 08:00", "Ⅰ", "<span data-toggle='tooltip' data-placement='right' title='原始值：13.4'>13.4</span>", "<span data-toggle='tooltip' data-placement='right' title='原始值：8.21'>8.21</span>", "<span data-toggle='tooltip' data-placement='right' title='原始值：8.08999'>8.09</span>", "<span data-toggle='tooltip' data-placement='right' title='原始值：518.999'>519.0</span>", "<span data-toggle='tooltip' data-placement='right' title='极值过滤'>--</span>", "<span data-toggle='tooltip' data-placement='right' title='原始值：0.87'>0.87</span>", "<span data-toggle='tooltip' data-placement='right' title='原始值：0.02992'>0.030</span>", "<span data-toggle='tooltip' data-placement='right' title='原始值：0'>0</span>", "<span data-toggle='tooltip' data-placement='right' title='原始值：1.75659'>1.76</span>", "*", "*", "维护"], ["辽宁省", "辽河流域", "<span data-toggle='tooltip' data-placement='right' title='所在地市:盘锦市&#10;所属河流:辽河'>盘锦兴安(兴安)</span>", "05-18 08:00", "Ⅲ", "<span data-toggle='tooltip' data-placement='right' title='原始值：16.0297'>16.0</span>", "<span data-toggle='tooltip' data-placement='right' title='原始值：7.12049'>7.12</span>", "<span data-toggle='tooltip' data-placement='right' title='原始值：9.86226'>9.86</span>", "<span data-toggle='tooltip' data-placement='right' title='原始值：554.4851'>554.5</span>", "<span data-toggle='tooltip' data-placement='right' title='原始值：131.3109'>131.3</span>", "<span data-toggle='tooltip' data-placement='right' title='原始值：2.47065'>2.47</span>", "<span data-toggle='tooltip' data-placement='right' title='原始值：0.03'>0.030</span>", "<span data-toggle='tooltip' data-placement='right' title='原始值：0.10048'>0.100</span>", "<span data-toggle='tooltip' data-placement='right' title='原始值：3.75138'>3.75</span>", "*", "*", "正常"], ["辽宁省", "辽河流域", "<span data-toggle='tooltip' data-placement='right' title='所在地市:铁岭市&#10;所属河流:辽河'>珠尔山</span>", "05-18 08:00", "劣Ⅴ", "<span data-toggle='tooltip' data-placement='right' title='原始值：13.68341'>13.7</span>", "<span data-toggle='tooltip' data-placement='right' title='原始值：7.68505'>7.69</span>", "<span data-toggle='tooltip' data-placement='right' title='原始值：8.87176'>8.87</span>", "<span data-toggle='tooltip' data-placement='right' title='原始值：322.7321'>322.7</span>", "<span data-toggle='tooltip' data-placement='right' title='原始值：33.83647'>33.8</span>", "<span data-toggle='tooltip' data-placement='right' title='原始值：0'>0</span>", "<span data-toggle='tooltip' data-placement='right' title='原始值：0.12'>0.120</span>", "<span data-toggle='tooltip' data-placement='right' title='原始值：0.40694'>0.407</span>", "<span data-toggle='tooltip' data-placement='right' title='原始值：0.27237'>0.27</span>", "*", "*", "正常"], ["吉林省", "松花江流域", "<span data-toggle='tooltip' data-placement='right' title='所在地市:长春市&#10;所属河流:松花江'>松花江村</span>", "05-18 08:05", "Ⅲ", "<span data-toggle='tooltip' data-placement='right' title='原始值：19.22506'>19.2</span>", "<span data-toggle='tooltip' data-placement='right' title='原始值：7.33808'>7.34</span>", "<span data-toggle='tooltip' data-placement='right' title='原始值：9.21235'>9.21</span>", "<span data-toggle='tooltip' data-placement='right' title='原始值：298.6044'>298.6</span>", "<span data-toggle='tooltip' data-placement='right' title='原始值：22.40589'>22.4</span>", "<span data-toggle='tooltip' data-placement='right' title='原始值：4.27681'>4.28</span>", "<span data-toggle='tooltip' data-placement='right' title='原始值：0.22'>0.220</span>", "<span data-toggle='tooltip' data-placement='right' title='原始值：0.02039'>0.020</span>", "<span data-toggle='tooltip' data-placement='right' title='原始值：0'>0</span>", "*", "*", "正常"], ["吉林省", "松花江流域", "<span data-toggle='tooltip' data-placement='right' title='所在地市:白城市&#10;所属河流:嫩江'>白沙滩</span>", null, "", "--", "--", "--", "--", "--", "--", "--", "--", "--", "*", "*", "停站"], ["吉林省", "松花江流域", "<span data-toggle='tooltip' data-placement='right' title='所在地市:延边朝鲜族自治州&#10;所属河流:图们江'>圈河</span>", "05-18 08:00", "Ⅱ", "<span data-toggle='tooltip' data-placement='right' title='原始值：14.6'>14.6</span>", "<span data-toggle='tooltip' data-placement='right' title='原始值：7.56'>7.56</span>", "<span data-toggle='tooltip' data-placement='right' title='原始值：10.7525'>10.75</span>", "<span data-toggle='tooltip' data-placement='right' title='原始值：116'>116.0</span>", "<span data-toggle='tooltip' data-placement='right' title='原始值：110'>110.0</span>", "<span data-toggle='tooltip' data-placement='right' title='原始值：3.08'>3.08</span>", "<span data-toggle='tooltip' data-placement='right' title='原始值：0.26855'>0.269</span>", "<span data-toggle='tooltip' data-placement='right' title='原始值：0.06442'>0.064</span>", "<span data-toggle='tooltip' data-placement='right' title='原始值：1.75571'>1.76</span>", "*", "*", "正常"], ["黑龙江省", "松花江流域", "<span data-toggle='tooltip' data-placement='right' title='所在地市:大庆市&#10;所属河流:松花江'>肇源</span>", null, "", "--", "--", "--", "--", "--", "--", "--", "--", "--", "*", "*", "停站"], ["黑龙江省", "松花江流域", "<span data-toggle='tooltip' data-placement='right' title='所在地市:佳木斯市&#10;所属河流:乌苏里江'>乌苏镇</span>", "05-18 08:00", "Ⅳ", "<span data-toggle='tooltip' data-placement='right' title='极值过滤'>--</span>", "<span data-toggle='tooltip' data-placement='right' title='原始值：6.81505'>6.82</span>", "<span data-toggle='tooltip' data-placement='right' title='原始值：9.46312'>9.46</span>", "<span data-toggle='tooltip' data-placement='right' title='原始值：348.3527'>348.4</span>", "<span data-toggle='tooltip' data-placement='right' title='原始值：273.3'>273.3</span>", "<span data-toggle='tooltip' data-placement='right' title='原始值：6.75'>6.75</span>", "<span data-toggle='tooltip' data-placement='right' title='原始值：0.1332'>0.133</span>", "<span data-toggle='tooltip' data-placement='right' title='原始值：0.06008'>0.060</span>", "<span data-toggle='tooltip' data-placement='right' title='原始值：1.09126'>1.09</span>", "*", "*", "维护"], ["黑龙江省", "松花江流域", "<span data-toggle='tooltip' data-placement='right' title='所在地市:佳木斯市&#10;所属河流:松花江'>同江</span>", "05-18 04:00", "", "<span data-toggle='tooltip' data-placement='right' title='原始值：12.25'>12.2</span>", "<span data-toggle='tooltip' data-placement='right' title='极值过滤'>--</span>", "<span data-toggle='tooltip' data-placement='right' title='原始值：10.37502'>10.38</span>", "<span data-toggle='tooltip' data-placement='right' title='原始值：213.8674'>213.9</span>", "<span data-toggle='tooltip' data-placement='right' title='原始值：99.50211'>99.5</span>", "<span data-toggle='tooltip' data-placement='right' title='原始值：5.69161'>5.69</span>", "<span data-toggle='tooltip' data-placement='right' title='原始值：0.1941'>0.194</span>", "<span data-toggle='tooltip' data-placement='right' title='原始值：0.00537'>0.005</span>", "<span data-toggle='tooltip' data-placement='right' title='原始值：2.60206'>2.60</span>", "*", "*", "维护"], ["黑龙江省", "松花江流域", "<span data-toggle='tooltip' data-placement='right' title='所在地市:黑河市&#10;所属河流:黑龙江'>黑河下(黑河)</span>", "05-18 08:05", "", "<span data-toggle='tooltip' data-placement='right' title='原始值：11.57798'>11.6</span>", "<span data-toggle='tooltip' data-placement='right' title='原始值：8.08489'>8.08</span>", "<span data-toggle='tooltip' data-placement='right' title='原始值：8.86954'>8.87</span>", "<span data-toggle='tooltip' data-placement='right' title='原始值：239.5319'>239.5</span>", "<span data-toggle='tooltip' data-placement='right' title='原始值：19.31385'>19.3</span>", "<span data-toggle='tooltip' data-placement='right' title='原始值：0'>0</span>", "<span data-toggle='tooltip' data-placement='right' title='原始值：0.002'>0.002</span>", "--", "--", "*", "*", "维护"], ["上海市", "长江流域", "<span data-toggle='tooltip' data-placement='right' title='所在地市:青浦区&#10;所属河流:淀山湖'>急水港桥</span>", "05-18 08:00", "Ⅳ", "<span data-toggle='tooltip' data-placement='right' title='原始值：25.6'>25.6</span>", "<span data-toggle='tooltip' data-placement='right' title='原始值：6.99'>6.99</span>", "<span data-toggle='tooltip' data-placement='right' title='原始值：3.93'>3.93</span>", "<span data-toggle='tooltip' data-placement='right' title='原始值：684'>684.0</span>", "<span data-toggle='tooltip' data-placement='right' title='原始值：179.3'>179.3</span>", "<span data-toggle='tooltip' data-placement='right' title='原始值：3.8125'>3.81</span>", "<span data-toggle='tooltip' data-placement='right' title='原始值：0.27534'>0.275</span>", "<span data-toggle='tooltip' data-placement='right' title='原始值：0.05518'>0.055</span>", "<span data-toggle='tooltip' data-placement='right' title='原始值：2.85939'>2.86</span>", "<span data-toggle='tooltip' data-placement='right' title='原始值：0.01088'>0.011</span>", "<span data-toggle='tooltip' data-placement='right' title='原始值：1.247425E+07'>12474250</span>", "正常"], ["江苏省", "长江流域", "<span data-toggle='tooltip' data-placement='right' title='所在地市:南京市&#10;所属河流:长江'>林山</span>", "05-18 08:00", "Ⅱ", "<span data-toggle='tooltip' data-placement='right' title='原始值：23.8212'>23.8</span>", "<span data-toggle='tooltip' data-placement='right' title='原始值：7.73779'>7.74</span>", "<span data-toggle='tooltip' data-placement='right' title='原始值：6.38859'>6.39</span>", "<span data-toggle='tooltip' data-placement='right' title='原始值：326.232'>326.2</span>", "<span data-toggle='tooltip' data-placement='right' title='原始值：38.2168'>38.2</span>", "<span data-toggle='tooltip' data-placement='right' title='原始值：1.29'>1.29</span>", "<span data-toggle='tooltip' data-placement='right' title='原始值：0.057'>0.057</span>", "*", "*", "*", "*", "正常"], ["江苏省", "太湖流域", "<span data-toggle='tooltip' data-placement='right' title='所在地市:无锡市&#10;所属河流:太湖'>沙渚</span>", "05-18 08:00", "Ⅲ", "<span data-toggle='tooltip' data-placement='right' title='原始值：27.20115'>27.2</span>", "<span data-toggle='tooltip' data-placement='right' title='原始值：8.461781'>8.46</span>", "<span data-toggle='tooltip' data-placement='right' title='原始值：7.534079'>7.53</span>", "<span data-toggle='tooltip' data-placement='right' title='原始值：505.6481'>505.6</span>", "<span data-toggle='tooltip' data-placement='right' title='原始值：107.7399'>107.7</span>", "<span data-toggle='tooltip' data-placement='right' title='原始值：5.79'>5.79</span>", "<span data-toggle='tooltip' data-placement='right' title='原始值：0.27'>0.270</span>", "<span data-toggle='tooltip' data-placement='right' title='原始值：0.0931'>0.093</span>", "<span data-toggle='tooltip' data-placement='right' title='原始值：1.628'>1.63</span>", "*", "*", "正常"], ["江苏省", "淮河流域", "<span data-toggle='tooltip' data-placement='right' title='所在地市:徐州市&#10;所属河流:武河'>小红圈</span>", null, "", "--", "--", "--", "--", "--", "--", "--", "--", "--", "*", "*", "停站"], ["江苏省", "淮河流域", "<span data-toggle='tooltip' data-placement='right' title='所在地市:徐州市&#10;所属河流:沿河'>李集桥</span>", null, "", "--", "--", "--", "--", "--", "--", "--", "--", "--", "*", "*", "维护"], ["江苏省", "淮河流域", "<span data-toggle='tooltip' data-placement='right' title='所在地市:徐州市&#10;所属河流:邳苍分洪道'>艾山西大桥</span>", "05-18 08:00", "Ⅲ", "<span data-toggle='tooltip' data-placement='right' title='原始值：24.1359'>24.1</span>", "<span data-toggle='tooltip' data-placement='right' title='原始值：8.61332'>8.61</span>", "<span data-toggle='tooltip' data-placement='right' title='原始值：11.1721'>11.17</span>", "<span data-toggle='tooltip' data-placement='right' title='原始值：663.13'>663.1</span>", "<span data-toggle='tooltip' data-placement='right' title='原始值：6.22949'>6.2</span>", "<span data-toggle='tooltip' data-placement='right' title='原始值：5.48'>5.48</span>", "<span data-toggle='tooltip' data-placement='right' title='原始值：0.15'>0.150</span>", "<span data-toggle='tooltip' data-placement='right' title='原始值：0.04704'>0.047</span>", "<span data-toggle='tooltip' data-placement='right' title='原始值：1.5372'>1.54</span>", "*", "*", "正常"], ["江苏省", "太湖流域", "<span data-toggle='tooltip' data-placement='right' title='所在地市:苏州市&#10;所属河流:太湖'>兰山嘴(老)</span>", "05-18 08:00", "Ⅲ", "<span data-toggle='tooltip' data-placement='right' title='原始值：26.01998'>26.0</span>", "<span data-toggle='tooltip' data-placement='right' title='原始值：7.21021'>7.21</span>", "<span data-toggle='tooltip' data-placement='right' title='原始值：5.5228'>5.52</span>", "<span data-toggle='tooltip' data-placement='right' title='原始值：448.2906'>448.3</span>", "<span data-toggle='tooltip' data-placement='right' title='原始值：31.69113'>31.7</span>", "<span data-toggle='tooltip' data-placement='right' title='原始值：2.86'>2.86</span>", "<span data-toggle='tooltip' data-placement='right' title='原始值：0.59'>0.590</span>", "<span data-toggle='tooltip' data-placement='right' title='原始值：0.07671'>0.077</span>", "<span data-toggle='tooltip' data-placement='right' title='原始值：1.82237'>1.82</span>", "*", "*", "正常"], ["江苏省", "太湖流域", "<span data-toggle='tooltip' data-placement='right' title='所在地市:苏州市&#10;所属河流:太湖'>西山</span>", "05-18 08:00", "Ⅲ", "<span data-toggle='tooltip' data-placement='right' title='原始值：24.00883'>24.0</span>", "<span data-toggle='tooltip' data-placement='right' title='原始值：7.71632'>7.72</span>", "<span data-toggle='tooltip' data-placement='right' title='原始值：6.26058'>6.26</span>", "<span data-toggle='tooltip' data-placement='right' title='原始值：530.5429'>530.5</span>", "<span data-toggle='tooltip' data-placement='right' title='原始值：84.8162'>84.8</span>", "<span data-toggle='tooltip' data-placement='right' title='原始值：2.18'>2.18</span>", "<span data-toggle='tooltip' data-placement='right' title='原始值：0.1'>0.100</span>", "<span data-toggle='tooltip' data-placement='right' title='原始值：0.0381'>0.038</span>", "<span data-toggle='tooltip' data-placement='right' title='原始值：1.088'>1.09</span>", "*", "*", "正常"], ["江苏省", "淮河流域", "<span data-toggle='tooltip' data-placement='right' title='所在地市:连云港市&#10;所属河流:新沭河'>大兴桥</span>", "05-18 08:00", "Ⅲ", "<span data-toggle='tooltip' data-placement='right' title='原始值：24.2'>24.2</span>", "<span data-toggle='tooltip' data-placement='right' title='原始值：8.2'>8.20</span>", "<span data-toggle='tooltip' data-placement='right' title='原始值：9.23'>9.23</span>", "<span data-toggle='tooltip' data-placement='right' title='原始值：1146.8'>1146.8</span>", "<span data-toggle='tooltip' data-placement='right' title='原始值：57.84'>57.8</span>", "<span data-toggle='tooltip' data-placement='right' title='原始值：5.43'>5.43</span>", "<span data-toggle='tooltip' data-placement='right' title='原始值：0.079'>0.079</span>", "*", "*", "*", "*", "正常"], ["江苏省", "淮河流域", "<span data-toggle='tooltip' data-placement='right' title='所在地市:淮安市&#10;所属河流:淮河'>淮河大桥</span>", "05-18 08:00", "Ⅱ", "<span data-toggle='tooltip' data-placement='right' title='原始值：23.27977'>23.3</span>", "<span data-toggle='tooltip' data-placement='right' title='原始值：8.00631'>8.01</span>", "<span data-toggle='tooltip' data-placement='right' title='原始值：7.81344'>7.81</span>", "<span data-toggle='tooltip' data-placement='right' title='原始值：619.4023'>619.4</span>", "<span data-toggle='tooltip' data-placement='right' title='原始值：51.82137'>51.8</span>", "<span data-toggle='tooltip' data-placement='right' title='原始值：3.5'>3.50</span>", "<span data-toggle='tooltip' data-placement='right' title='原始值：0.5'>0.500</span>", "<span data-toggle='tooltip' data-placement='right' title='原始值：0.08025'>0.080</span>", "<span data-toggle='tooltip' data-placement='right' title='原始值：1.09'>1.09</span>", "*", "*", "正常"], ["江苏省", "长江流域", "<span data-toggle='tooltip' data-placement='right' title='所在地市:扬州市&#10;所属河流:夹江'>三江营</span>", null, "", "--", "--", "--", "--", "--", "--", "--", "--", "--", "*", "*", "停站"], ["江苏省", "淮河流域", "<span data-toggle='tooltip' data-placement='right' title='所在地市:宿迁市&#10;所属河流:新濉河'>大屈</span>", "05-18 08:00", "", "<span data-toggle='tooltip' data-placement='right' title='原始值：23.9'>23.9</span>", "<span data-toggle='tooltip' data-placement='right' title='原始值：7.86'>7.86</span>", "<span data-toggle='tooltip' data-placement='right' title='原始值：6.87'>6.87</span>", "<span data-toggle='tooltip' data-placement='right' title='原始值：872.3'>872.3</span>", "<span data-toggle='tooltip' data-placement='right' title='原始值：19.71'>19.7</span>", "<span data-toggle='tooltip' data-placement='right' title='原始值：6.67'>6.67</span>", "<span data-toggle='tooltip' data-placement='right' title='极值过滤'>--</span>", "<span data-toggle='tooltip' data-placement='right' title='原始值：0.008'>0.008</span>", "<span data-toggle='tooltip' data-placement='right' title='原始值：0.699'>0.70</span>", "*", "*", "维护"], ["浙江省", "浙闽片河流", "<span data-toggle='tooltip' data-placement='right' title='所在地市:杭州市&#10;所属河流:新安江'>街口(鸠坑口)</span>", null, "", "--", "--", "--", "--", "--", "--", "--", "--", "--", "*", "*", "停站"], ["浙江省", "太湖流域", "<span data-toggle='tooltip' data-placement='right' title='所在地市:嘉兴市&#10;所属河流:斜路港河'>斜路港</span>", "05-18 08:00", "Ⅳ", "<span data-toggle='tooltip' data-placement='right' title='原始值：26.2'>26.2</span>", "<span data-toggle='tooltip' data-placement='right' title='原始值：7.22'>7.22</span>", "<span data-toggle='tooltip' data-placement='right' title='原始值：3.18'>3.18</span>", "<span data-toggle='tooltip' data-placement='right' title='原始值：602'>602.0</span>", "<span data-toggle='tooltip' data-placement='right' title='原始值：166.8'>166.8</span>", "<span data-toggle='tooltip' data-placement='right' title='原始值：4.94'>4.94</span>", "<span data-toggle='tooltip' data-placement='right' title='原始值：0.04775'>0.048</span>", "<span data-toggle='tooltip' data-placement='right' title='原始值：0.06432'>0.064</span>", "<span data-toggle='tooltip' data-placement='right' title='原始值：1.91196'>1.91</span>", "*", "*", "正常"], ["浙江省", "太湖流域", "<span data-toggle='tooltip' data-placement='right' title='所在地市:嘉兴市&#10;所属河流:京杭运河'>王江泾</span>", null, "", "--", "--", "--", "--", "--", "--", "--", "--", "--", "*", "*", "停站"], ["浙江省", "太湖流域", "<span data-toggle='tooltip' data-placement='right' title='所在地市:湖州市&#10;所属河流:西苕溪'>新港口(新塘港)</span>", "05-18 08:00", "Ⅲ", "<span data-toggle='tooltip' data-placement='right' title='原始值：24.3967'>24.4</span>", "<span data-toggle='tooltip' data-placement='right' title='原始值：7.1777'>7.18</span>", "<span data-toggle='tooltip' data-placement='right' title='原始值：5.70256'>5.70</span>", "<span data-toggle='tooltip' data-placement='right' title='原始值：403.429'>403.4</span>", "<span data-toggle='tooltip' data-placement='right' title='原始值：190.526'>190.5</span>", "<span data-toggle='tooltip' data-placement='right' title='原始值：3.96308'>3.96</span>", "<span data-toggle='tooltip' data-placement='right' title='原始值：0.20142'>0.201</span>", "<span data-toggle='tooltip' data-placement='right' title='原始值：0.08649'>0.086</span>", "<span data-toggle='tooltip' data-placement='right' title='原始值：5.64431'>5.64</span>", "*", "*", "正常"], ["安徽省", "巢湖流域", "<span data-toggle='tooltip' data-placement='right' title='所在地市:合肥市&#10;所属河流:巢湖'>湖滨(老)</span>", "05-18 08:00", "Ⅳ", "<span data-toggle='tooltip' data-placement='right' title='原始值：26.1465'>26.1</span>", "<span data-toggle='tooltip' data-placement='right' title='原始值：7.27811'>7.28</span>", "<span data-toggle='tooltip' data-placement='right' title='原始值：6.512'>6.51</span>", "<span data-toggle='tooltip' data-placement='right' title='原始值：453.5756'>453.6</span>", "<span data-toggle='tooltip' data-placement='right' title='原始值：219.0334'>219.0</span>", "<span data-toggle='tooltip' data-placement='right' title='原始值：7.05'>7.05</span>", "<span data-toggle='tooltip' data-placement='right' title='原始值：0.15'>0.150</span>", "<span data-toggle='tooltip' data-placement='right' title='原始值：0.052'>0.052</span>", "<span data-toggle='tooltip' data-placement='right' title='原始值：1.471'>1.47</span>", "<span data-toggle='tooltip' data-placement='right' title='原始值：0.03468'>0.035</span>", "*", "正常"], ["安徽省", "巢湖流域", "<span data-toggle='tooltip' data-placement='right' title='所在地市:芜湖市&#10;所属河流:巢湖'>裕溪口(老)</span>", null, "", "--", "--", "--", "--", "--", "--", "--", "--", "--", "*", "*", "停站"], ["安徽省", "淮河流域", "<span data-toggle='tooltip' data-placement='right' title='所在地市:蚌埠市&#10;所属河流:淮河'>蚌埠闸上(蚌埠闸)</span>", null, "", "--", "--", "--", "--", "--", "--", "--", "--", "--", "*", "*", "停站"], ["安徽省", "淮河流域", "<span data-toggle='tooltip' data-placement='right' title='所在地市:淮南市&#10;所属河流:淮河'>石头埠(老)</span>", null, "", "--", "--", "--", "--", "--", "--", "--", "--", "--", "*", "*", "停站"], ["安徽省", "淮河流域", "<span data-toggle='tooltip' data-placement='right' title='所在地市:淮北市&#10;所属河流:沱河'>小王桥</span>", null, "", "--", "--", "--", "--", "--", "--", "--", "--", "--", "*", "*", "停站"], ["安徽省", "长江流域", "<span data-toggle='tooltip' data-placement='right' title='所在地市:安庆市&#10;所属河流:长江'>皖河口</span>", null, "", "--", "--", "--", "--", "--", "--", "--", "--", "--", "*", "*", "停站"], ["安徽省", "淮河流域", "<span data-toggle='tooltip' data-placement='right' title='所在地市:滁州市&#10;所属河流:淮河'>小柳巷</span>", "05-18 08:00", "劣Ⅴ", "<span data-toggle='tooltip' data-placement='right' title='原始值：22.4'>22.4</span>", "<span data-toggle='tooltip' data-placement='right' title='原始值：9.02'>9.02</span>", "<span data-toggle='tooltip' data-placement='right' title='原始值：7.55'>7.55</span>", "<span data-toggle='tooltip' data-placement='right' title='原始值：690.9'>690.9</span>", "<span data-toggle='tooltip' data-placement='right' title='原始值：153.96'>154.0</span>", "<span data-toggle='tooltip' data-placement='right' title='原始值：3.96'>3.96</span>", "<span data-toggle='tooltip' data-placement='right' title='原始值：0.04'>0.040</span>", "<span data-toggle='tooltip' data-placement='right' title='原始值：0.059'>0.059</span>", "<span data-toggle='tooltip' data-placement='right' title='原始值：2.321'>2.32</span>", "*", "*", "正常"], ["安徽省", "淮河流域", "<span data-toggle='tooltip' data-placement='right' title='所在地市:阜阳市&#10;所属河流:黑茨河'>张大桥</span>", null, "", "--", "--", "--", "--", "--", "--", "--", "--", "--", "*", "*", "停站"], ["安徽省", "淮河流域", "<span data-toggle='tooltip' data-placement='right' title='所在地市:阜阳市&#10;所属河流:淮河'>王家坝</span>", "05-18 08:00", "Ⅳ", "<span data-toggle='tooltip' data-placement='right' title='原始值：23.68999'>23.7</span>", "<span data-toggle='tooltip' data-placement='right' title='原始值：7.40975'>7.41</span>", "<span data-toggle='tooltip' data-placement='right' title='原始值：3.24258'>3.24</span>", "<span data-toggle='tooltip' data-placement='right' title='原始值：546.4772'>546.5</span>", "<span data-toggle='tooltip' data-placement='right' title='原始值：28.54255'>28.5</span>", "<span data-toggle='tooltip' data-placement='right' title='原始值：4'>4.00</span>", "<span data-toggle='tooltip' data-placement='right' title='原始值：0.303'>0.303</span>", "<span data-toggle='tooltip' data-placement='right' title='原始值：0.01314'>0.013</span>", "<span data-toggle='tooltip' data-placement='right' title='原始值：1.70166'>1.70</span>", "*", "*", "正常"], ["安徽省", "淮河流域", "<span data-toggle='tooltip' data-placement='right' title='所在地市:阜阳市&#10;所属河流:颍河'>界首七渡口(七渡口)</span>", "05-18 08:00", "Ⅱ", "<span data-toggle='tooltip' data-placement='right' title='原始值：20.2601'>20.3</span>", "<span data-toggle='tooltip' data-placement='right' title='原始值：7.69889'>7.70</span>", "<span data-toggle='tooltip' data-placement='right' title='原始值：6.14407'>6.14</span>", "<span data-toggle='tooltip' data-placement='right' title='原始值：952.7491'>952.7</span>", "<span data-toggle='tooltip' data-placement='right' title='原始值：15.9455'>15.9</span>", "<span data-toggle='tooltip' data-placement='right' title='原始值：3.97'>3.97</span>", "<span data-toggle='tooltip' data-placement='right' title='原始值：0.13'>0.130</span>", "<span data-toggle='tooltip' data-placement='right' title='原始值：0.09044'>0.090</span>", "<span data-toggle='tooltip' data-placement='right' title='原始值：4.00282'>4.00</span>", "*", "*", "正常"], ["安徽省", "淮河流域", "<span data-toggle='tooltip' data-placement='right' title='所在地市:阜阳市&#10;所属河流:泉河'>许庄(徐庄)</span>", "05-18 04:00", "Ⅱ", "<span data-toggle='tooltip' data-placement='right' title='原始值：21.7'>21.7</span>", "<span data-toggle='tooltip' data-placement='right' title='原始值：7.38'>7.38</span>", "<span data-toggle='tooltip' data-placement='right' title='原始值：6.64'>6.64</span>", "<span data-toggle='tooltip' data-placement='right' title='原始值：1010.3'>1010.3</span>", "<span data-toggle='tooltip' data-placement='right' title='原始值：77.31'>77.3</span>", "<span data-toggle='tooltip' data-placement='right' title='原始值：3.91'>3.91</span>", "<span data-toggle='tooltip' data-placement='right' title='原始值：0.03'>0.030</span>", "<span data-toggle='tooltip' data-placement='right' title='原始值：0.078'>0.078</span>", "<span data-toggle='tooltip' data-placement='right' title='原始值：0.665'>0.66</span>", "*", "*", "正常"], ["安徽省", "淮河流域", "<span data-toggle='tooltip' data-placement='right' title='所在地市:宿州市&#10;所属河流:奎河'>杨庄</span>", "05-18 08:02", "Ⅲ", "<span data-toggle='tooltip' data-placement='right' title='原始值：23.32'>23.3</span>", "<span data-toggle='tooltip' data-placement='right' title='原始值：7.57'>7.57</span>", "<span data-toggle='tooltip' data-placement='right' title='原始值：6.65'>6.65</span>", "<span data-toggle='tooltip' data-placement='right' title='原始值：1068.4'>1068.4</span>", "<span data-toggle='tooltip' data-placement='right' title='原始值：85.89'>85.9</span>", "<span data-toggle='tooltip' data-placement='right' title='原始值：5.7'>5.70</span>", "<span data-toggle='tooltip' data-placement='right' title='原始值：0.121'>0.121</span>", "*", "*", "*", "*", "正常"], ["安徽省", "淮河流域", "<span data-toggle='tooltip' data-placement='right' title='所在地市:宿州市&#10;所属河流:新汴河'>泗县公路桥</span>", null, "", "--", "--", "--", "--", "--", "--", "--", "--", "--", "*", "*", "停站"], ["安徽省", "淮河流域", "<span data-toggle='tooltip' data-placement='right' title='所在地市:亳州市&#10;所属河流:包河'>颜集</span>", null, "", "--", "--", "--", "--", "--", "--", "--", "--", "--", "*", "*", "维护"], ["福建省", "浙闽片河流", "<span data-toggle='tooltip' data-placement='right' title='所在地市:福州市&#10;所属河流:闽江'>白岩潭</span>", null, "", "--", "--", "--", "--", "--", "--", "--", "*", "*", "*", "*", "维护"], ["江西省", "长江流域", "<span data-toggle='tooltip' data-placement='right' title='所在地市:南昌市&#10;所属河流:赣江南支'>滁槎</span>", "05-18 08:00", "Ⅳ", "<span data-toggle='tooltip' data-placement='right' title='原始值：26.04841'>26.0</span>", "<span data-toggle='tooltip' data-placement='right' title='原始值：6.94283'>6.94</span>", "<span data-toggle='tooltip' data-placement='right' title='原始值：4.16958'>4.17</span>", "<span data-toggle='tooltip' data-placement='right' title='原始值：214.3783'>214.4</span>", "<span data-toggle='tooltip' data-placement='right' title='原始值：11.31285'>11.3</span>", "<span data-toggle='tooltip' data-placement='right' title='原始值：2.13'>2.13</span>", "<span data-toggle='tooltip' data-placement='right' title='原始值：0.65'>0.650</span>", "<span data-toggle='tooltip' data-placement='right' title='原始值：0.0895'>0.090</span>", "<span data-toggle='tooltip' data-placement='right' title='原始值：2.8725'>2.87</span>", "*", "*", "正常"], ["江西省", "长江流域", "<span data-toggle='tooltip' data-placement='right' title='所在地市:九江市&#10;所属河流:长江'>姚港(河西水厂)</span>", null, "", "--", "--", "--", "--", "--", "--", "--", "--", "--", "*", "*", "停站"], ["江西省", "长江流域", "<span data-toggle='tooltip' data-placement='right' title='所在地市:九江市&#10;所属河流:鄱阳湖'>蛤蟆石</span>", null, "", "--", "--", "--", "--", "--", "--", "--", "--", "--", "--", "--", "停站"], ["山东省", "黄河流域", "<span data-toggle='tooltip' data-placement='right' title='所在地市:济南市&#10;所属河流:黄河'>泺口</span>", "05-18 08:00", "Ⅱ", "<span data-toggle='tooltip' data-placement='right' title='原始值：21.3305'>21.3</span>", "<span data-toggle='tooltip' data-placement='right' title='原始值：8.33312'>8.33</span>", "<span data-toggle='tooltip' data-placement='right' title='原始值：8.26045'>8.26</span>", "<span data-toggle='tooltip' data-placement='right' title='原始值：1040.8'>1040.8</span>", "<span data-toggle='tooltip' data-placement='right' title='原始值：880.604'>880.6</span>", "<span data-toggle='tooltip' data-placement='right' title='原始值：2.59'>2.59</span>", "<span data-toggle='tooltip' data-placement='right' title='原始值：0.08492'>0.085</span>", "<span data-toggle='tooltip' data-placement='right' title='原始值：0.01375'>0.014</span>", "<span data-toggle='tooltip' data-placement='right' title='原始值：4.318'>4.32</span>", "*", "*", "正常"], ["山东省", "淮河流域", "<span data-toggle='tooltip' data-placement='right' title='所在地市:枣庄市&#10;所属河流:京杭大运河（韩庄运河）'>台儿庄大桥</span>", "05-18 08:00", "Ⅱ", "<span data-toggle='tooltip' data-placement='right' title='原始值：22.48375'>22.5</span>", "<span data-toggle='tooltip' data-placement='right' title='原始值：7.92309'>7.92</span>", "<span data-toggle='tooltip' data-placement='right' title='原始值：7.35076'>7.35</span>", "<span data-toggle='tooltip' data-placement='right' title='原始值：719.7858'>719.8</span>", "<span data-toggle='tooltip' data-placement='right' title='原始值：23.2397'>23.2</span>", "<span data-toggle='tooltip' data-placement='right' title='原始值：3.71226'>3.71</span>", "<span data-toggle='tooltip' data-placement='right' title='原始值：0.03805'>0.038</span>", "<span data-toggle='tooltip' data-placement='right' title='原始值：0.04764'>0.048</span>", "<span data-toggle='tooltip' data-placement='right' title='原始值：1.2547'>1.25</span>", "*", "*", "正常"], ["山东省", "淮河流域", "<span data-toggle='tooltip' data-placement='right' title='所在地市:临沂市&#10;所属河流:沭河'>清泉寺</span>", "05-18 08:00", "Ⅳ", "<span data-toggle='tooltip' data-placement='right' title='原始值：22.18364'>22.2</span>", "<span data-toggle='tooltip' data-placement='right' title='原始值：7.52442'>7.52</span>", "<span data-toggle='tooltip' data-placement='right' title='原始值：4.92258'>4.92</span>", "<span data-toggle='tooltip' data-placement='right' title='原始值：1300.527'>1300.5</span>", "<span data-toggle='tooltip' data-placement='right' title='原始值：20.0122'>20.0</span>", "<span data-toggle='tooltip' data-placement='right' title='原始值：6.44'>6.44</span>", "<span data-toggle='tooltip' data-placement='right' title='原始值：0.22'>0.220</span>", "*", "*", "*", "*", "正常"], ["山东省", "淮河流域", "<span data-toggle='tooltip' data-placement='right' title='所在地市:临沂市&#10;所属河流:沂河'>重坊桥</span>", "05-18 08:00", "Ⅲ", "<span data-toggle='tooltip' data-placement='right' title='原始值：22.9'>22.9</span>", "<span data-toggle='tooltip' data-placement='right' title='原始值：7.25704'>7.26</span>", "<span data-toggle='tooltip' data-placement='right' title='原始值：5.48065'>5.48</span>", "<span data-toggle='tooltip' data-placement='right' title='原始值：815.3333'>815.3</span>", "<span data-toggle='tooltip' data-placement='right' title='原始值：4.56111'>4.6</span>", "<span data-toggle='tooltip' data-placement='right' title='原始值：3.56'>3.56</span>", "<span data-toggle='tooltip' data-placement='right' title='原始值：0.20652'>0.207</span>", "*", "*", "*", "*", "正常"], ["山东省", "淮河流域", "<span data-toggle='tooltip' data-placement='right' title='所在地市:临沂市&#10;所属河流:白马河'>捷庄(涝沟桥)</span>", "05-18 08:00", "Ⅲ", "<span data-toggle='tooltip' data-placement='right' title='原始值：24.1'>24.1</span>", "<span data-toggle='tooltip' data-placement='right' title='原始值：7.34873'>7.35</span>", "<span data-toggle='tooltip' data-placement='right' title='原始值：10.06111'>10.06</span>", "<span data-toggle='tooltip' data-placement='right' title='原始值：987.875'>987.9</span>", "<span data-toggle='tooltip' data-placement='right' title='原始值：71.73648'>71.7</span>", "<span data-toggle='tooltip' data-placement='right' title='原始值：5.74'>5.74</span>", "<span data-toggle='tooltip' data-placement='right' title='原始值：0.02707'>0.027</span>", "<span data-toggle='tooltip' data-placement='right' title='原始值：0.12109'>0.121</span>", "<span data-toggle='tooltip' data-placement='right' title='原始值：2.188'>2.19</span>", "*", "*", "正常"], ["山东省", "海河流域", "<span data-toggle='tooltip' data-placement='right' title='所在地市:聊城市&#10;所属河流:卫运河'>秤勾湾(秤钩湾)</span>", null, "", "--", "--", "--", "--", "--", "--", "--", "--", "--", "*", "*", "停站"], ["河南省", "长江流域", "<span data-toggle='tooltip' data-placement='right' title='所在地市:南阳市&#10;所属河流:丹江口水库'>陶岔</span>", "05-18 04:01", "Ⅱ", "<span data-toggle='tooltip' data-placement='right' title='原始值：23.12'>23.1</span>", "<span data-toggle='tooltip' data-placement='right' title='原始值：8.31008'>8.31</span>", "<span data-toggle='tooltip' data-placement='right' title='原始值：9.64598'>9.65</span>", "<span data-toggle='tooltip' data-placement='right' title='原始值：305.1053'>305.1</span>", "<span data-toggle='tooltip' data-placement='right' title='原始值：3.76247'>3.8</span>", "<span data-toggle='tooltip' data-placement='right' title='原始值：3.09'>3.09</span>", "<span data-toggle='tooltip' data-placement='right' title='原始值：0.01084'>0.011</span>", "<span data-toggle='tooltip' data-placement='right' title='原始值：0.01253'>0.013</span>", "<span data-toggle='tooltip' data-placement='right' title='原始值：1.03904'>1.04</span>", "<span data-toggle='tooltip' data-placement='right' title='原始值：0.01164'>0.012</span>", "<span data-toggle='tooltip' data-placement='right' title='原始值：1177275'>1177275</span>", "正常"], ["河南省", "淮河流域", "<span data-toggle='tooltip' data-placement='right' title='所在地市:商丘市&#10;所属河流:浍河'>黄口</span>", "05-18 08:00", "Ⅳ", "<span data-toggle='tooltip' data-placement='right' title='原始值：22.2998'>22.3</span>", "<span data-toggle='tooltip' data-placement='right' title='原始值：8.02125'>8.02</span>", "<span data-toggle='tooltip' data-placement='right' title='原始值：3.94379'>3.94</span>", "<span data-toggle='tooltip' data-placement='right' title='原始值：5523'>5523.0</span>", "<span data-toggle='tooltip' data-placement='right' title='原始值：56.9632'>57.0</span>", "<span data-toggle='tooltip' data-placement='right' title='原始值：5.3'>5.30</span>", "<span data-toggle='tooltip' data-placement='right' title='原始值：0.31021'>0.310</span>", "<span data-toggle='tooltip' data-placement='right' title='原始值：0.1129'>0.113</span>", "<span data-toggle='tooltip' data-placement='right' title='原始值：1.36921'>1.37</span>", "*", "*", "正常"], ["河南省", "淮河流域", "<span data-toggle='tooltip' data-placement='right' title='所在地市:信阳市&#10;所属河流:史灌河'>蒋集</span>", "05-18 08:00", "劣Ⅴ", "<span data-toggle='tooltip' data-placement='right' title='原始值：27.0375'>27.0</span>", "<span data-toggle='tooltip' data-placement='right' title='原始值：8.505'>8.50</span>", "<span data-toggle='tooltip' data-placement='right' title='原始值：6.45'>6.45</span>", "<span data-toggle='tooltip' data-placement='right' title='极值过滤'>--</span>", "<span data-toggle='tooltip' data-placement='right' title='极值过滤'>--</span>", "<span data-toggle='tooltip' data-placement='right' title='原始值：1.68'>1.68</span>", "<span data-toggle='tooltip' data-placement='right' title='原始值：7.0037'>7.004</span>", "*", "*", "*", "*", "维护"], ["河南省", "淮河流域", "<span data-toggle='tooltip' data-placement='right' title='所在地市:信阳市&#10;所属河流:淮河'>淮滨水文站(淮滨)</span>", "05-18 08:00", "Ⅲ", "<span data-toggle='tooltip' data-placement='right' title='原始值：22.19688'>22.2</span>", "<span data-toggle='tooltip' data-placement='right' title='原始值：7.39'>7.39</span>", "<span data-toggle='tooltip' data-placement='right' title='原始值：6.93032'>6.93</span>", "<span data-toggle='tooltip' data-placement='right' title='原始值：335'>335.0</span>", "<span data-toggle='tooltip' data-placement='right' title='原始值：66.82138'>66.8</span>", "<span data-toggle='tooltip' data-placement='right' title='原始值：1.5625'>1.56</span>", "<span data-toggle='tooltip' data-placement='right' title='原始值：0.05307'>0.053</span>", "<span data-toggle='tooltip' data-placement='right' title='原始值：0.12366'>0.124</span>", "<span data-toggle='tooltip' data-placement='right' title='原始值：1.65581'>1.66</span>", "*", "*", "正常"], ["河南省", "淮河流域", "<span data-toggle='tooltip' data-placement='right' title='所在地市:周口市&#10;所属河流:沙河'>沈丘闸</span>", "05-18 08:00", "Ⅲ", "<span data-toggle='tooltip' data-placement='right' title='原始值：21.94588'>21.9</span>", "<span data-toggle='tooltip' data-placement='right' title='原始值：8.04696'>8.05</span>", "<span data-toggle='tooltip' data-placement='right' title='原始值：9.27555'>9.28</span>", "<span data-toggle='tooltip' data-placement='right' title='原始值：872.1081'>872.1</span>", "<span data-toggle='tooltip' data-placement='right' title='原始值：13.77701'>13.8</span>", "<span data-toggle='tooltip' data-placement='right' title='原始值：4.515'>4.52</span>", "<span data-toggle='tooltip' data-placement='right' title='原始值：0.12'>0.120</span>", "*", "*", "*", "*", "正常"], ["河南省", "淮河流域", "<span data-toggle='tooltip' data-placement='right' title='所在地市:周口市&#10;所属河流:涡河'>鹿邑付桥(鹿邑付桥闸)</span>", "05-18 08:00", "Ⅳ", "<span data-toggle='tooltip' data-placement='right' title='原始值：23.6591'>23.7</span>", "<span data-toggle='tooltip' data-placement='right' title='原始值：8.60903'>8.61</span>", "<span data-toggle='tooltip' data-placement='right' title='原始值：9.84766'>9.85</span>", "<span data-toggle='tooltip' data-placement='right' title='原始值：1451.443'>1451.4</span>", "<span data-toggle='tooltip' data-placement='right' title='原始值：6.56147'>6.6</span>", "<span data-toggle='tooltip' data-placement='right' title='原始值：6.19'>6.19</span>", "<span data-toggle='tooltip' data-placement='right' title='原始值：0.06'>0.060</span>", "<span data-toggle='tooltip' data-placement='right' title='原始值：0.0707'>0.071</span>", "<span data-toggle='tooltip' data-placement='right' title='原始值：0.83895'>0.84</span>", "*", "*", "正常"], ["河南省", "淮河流域", "<span data-toggle='tooltip' data-placement='right' title='所在地市:驻马店市&#10;所属河流:洪河'>新蔡班台(班台)</span>", "05-18 08:00", "Ⅲ", "<span data-toggle='tooltip' data-placement='right' title='原始值：25.58852'>25.6</span>", "<span data-toggle='tooltip' data-placement='right' title='原始值：6.9305'>6.93</span>", "<span data-toggle='tooltip' data-placement='right' title='原始值：7.21625'>7.22</span>", "<span data-toggle='tooltip' data-placement='right' title='原始值：1386.137'>1386.1</span>", "<span data-toggle='tooltip' data-placement='right' title='原始值：2.62129'>2.6</span>", "<span data-toggle='tooltip' data-placement='right' title='原始值：5.4'>5.40</span>", "<span data-toggle='tooltip' data-placement='right' title='原始值：0.17'>0.170</span>", "<span data-toggle='tooltip' data-placement='right' title='原始值：0.16068'>0.161</span>", "<span data-toggle='tooltip' data-placement='right' title='原始值：2.182'>2.18</span>", "*", "*", "正常"], ["河南省", "黄河流域", "<span data-toggle='tooltip' data-placement='right' title='所在地市:济源市&#10;所属河流:黄河'>小浪底水库(小浪底)</span>", "05-18 08:00", "Ⅰ", "<span data-toggle='tooltip' data-placement='right' title='原始值：14.7026'>14.7</span>", "<span data-toggle='tooltip' data-placement='right' title='原始值：8.70652'>8.71</span>", "<span data-toggle='tooltip' data-placement='right' title='原始值：8.20508'>8.21</span>", "<span data-toggle='tooltip' data-placement='right' title='原始值：999.7082'>999.7</span>", "<span data-toggle='tooltip' data-placement='right' title='原始值：4.31723'>4.3</span>", "<span data-toggle='tooltip' data-placement='right' title='原始值：1.9825'>1.98</span>", "<span data-toggle='tooltip' data-placement='right' title='原始值：0.09'>0.090</span>", "<span data-toggle='tooltip' data-placement='right' title='原始值：0'>0</span>", "<span data-toggle='tooltip' data-placement='right' title='极值过滤'>--</span>", "*", "*", "维护"], ["湖北省", "长江流域", "<span data-toggle='tooltip' data-placement='right' title='所在地市:武汉市&#10;所属河流:汉江'>宗关</span>", "05-18 04:00", "劣Ⅴ", "<span data-toggle='tooltip' data-placement='right' title='原始值：21.71222'>21.7</span>", "<span data-toggle='tooltip' data-placement='right' title='原始值：7.4685'>7.47</span>", "<span data-toggle='tooltip' data-placement='right' title='原始值：8.7252'>8.73</span>", "<span data-toggle='tooltip' data-placement='right' title='原始值：343.7477'>343.7</span>", "<span data-toggle='tooltip' data-placement='right' title='原始值：22.11202'>22.1</span>", "<span data-toggle='tooltip' data-placement='right' title='原始值：2.74'>2.74</span>", "<span data-toggle='tooltip' data-placement='right' title='原始值：2.67'>2.670</span>", "<span data-toggle='tooltip' data-placement='right' title='原始值：0.0725'>0.072</span>", "<span data-toggle='tooltip' data-placement='right' title='原始值：2.08875'>2.09</span>", "*", "*", "正常"], ["湖北省", "长江流域", "<span data-toggle='tooltip' data-placement='right' title='所在地市:十堰市&#10;所属河流:丹江口水库'>坝上中(胡家岭)</span>", "05-18 04:08", "Ⅱ", "<span data-toggle='tooltip' data-placement='right' title='原始值：21.71629'>21.7</span>", "<span data-toggle='tooltip' data-placement='right' title='原始值：7.9544'>7.95</span>", "<span data-toggle='tooltip' data-placement='right' title='原始值：8.82394'>8.82</span>", "<span data-toggle='tooltip' data-placement='right' title='原始值：299.2878'>299.3</span>", "<span data-toggle='tooltip' data-placement='right' title='原始值：3.02586'>3.0</span>", "<span data-toggle='tooltip' data-placement='right' title='原始值：1.88'>1.88</span>", "<span data-toggle='tooltip' data-placement='right' title='原始值：0.16'>0.160</span>", "<span data-toggle='tooltip' data-placement='right' title='原始值：0.0104'>0.010</span>", "<span data-toggle='tooltip' data-placement='right' title='原始值：1.184'>1.18</span>", "<span data-toggle='tooltip' data-placement='right' title='原始值：0.00333'>0.003</span>", "<span data-toggle='tooltip' data-placement='right' title='原始值：1.051134E+07'>10511340</span>", "正常"], ["湖北省", "长江流域", "<span data-toggle='tooltip' data-placement='right' title='所在地市:宜昌市&#10;所属河流:长江'>南津关</span>", null, "", "--", "--", "--", "--", "--", "--", "--", "--", "--", "*", "*", "停站"], ["湖南省", "长江流域", "<span data-toggle='tooltip' data-placement='right' title='所在地市:长沙市&#10;所属河流:湘江'>新港</span>", null, "", "--", "--", "--", "--", "--", "--", "--", "--", "--", "*", "*", "停站"], ["湖南省", "长江流域", "<span data-toggle='tooltip' data-placement='right' title='所在地市:岳阳市&#10;所属河流:洞庭湖'>岳阳楼</span>", null, "", "--", "--", "--", "--", "--", "--", "--", "--", "--", "--", "--", "停站"], ["湖南省", "长江流域", "<span data-toggle='tooltip' data-placement='right' title='所在地市:岳阳市&#10;所属河流:长江'>城陵矶</span>", null, "", "--", "--", "--", "--", "--", "--", "--", "--", "--", "*", "*", "停站"], ["广东省", "珠江流域", "<span data-toggle='tooltip' data-placement='right' title='所在地市:清远市&#10;所属河流:北江'>七星岗</span>", "05-18 08:00", "Ⅲ", "<span data-toggle='tooltip' data-placement='right' title='原始值：22.99791'>23.0</span>", "<span data-toggle='tooltip' data-placement='right' title='原始值：7.86097'>7.86</span>", "<span data-toggle='tooltip' data-placement='right' title='原始值：5.55614'>5.56</span>", "<span data-toggle='tooltip' data-placement='right' title='原始值：207.6958'>207.7</span>", "<span data-toggle='tooltip' data-placement='right' title='原始值：6.42019'>6.4</span>", "<span data-toggle='tooltip' data-placement='right' title='原始值：1.12'>1.12</span>", "<span data-toggle='tooltip' data-placement='right' title='原始值：0.17693'>0.177</span>", "<span data-toggle='tooltip' data-placement='right' title='原始值：0.01384'>0.014</span>", "<span data-toggle='tooltip' data-placement='right' title='原始值：1.8494'>1.85</span>", "*", "*", "正常"], ["广东省", "珠江流域", "<span data-toggle='tooltip' data-placement='right' title='所在地市:中山市&#10;所属河流:西江'>横栏</span>", "05-18 08:00", "Ⅱ", "<span data-toggle='tooltip' data-placement='right' title='原始值：25.3'>25.3</span>", "<span data-toggle='tooltip' data-placement='right' title='原始值：7.74'>7.74</span>", "<span data-toggle='tooltip' data-placement='right' title='原始值：7.39'>7.39</span>", "<span data-toggle='tooltip' data-placement='right' title='原始值：290'>290.0</span>", "<span data-toggle='tooltip' data-placement='right' title='原始值：65.8'>65.8</span>", "<span data-toggle='tooltip' data-placement='right' title='原始值：1.35'>1.35</span>", "<span data-toggle='tooltip' data-placement='right' title='原始值：0.13154'>0.132</span>", "*", "*", "*", "*", "正常"], ["广西壮族自治区", "珠江流域", "<span data-toggle='tooltip' data-placement='right' title='所在地市:南宁市&#10;所属河流:邕江'>老口</span>", "05-18 08:00", "Ⅱ", "<span data-toggle='tooltip' data-placement='right' title='原始值：28.09727'>28.1</span>", "<span data-toggle='tooltip' data-placement='right' title='原始值：7.5232'>7.52</span>", "<span data-toggle='tooltip' data-placement='right' title='原始值：6.55607'>6.56</span>", "<span data-toggle='tooltip' data-placement='right' title='原始值：280.5602'>280.6</span>", "<span data-toggle='tooltip' data-placement='right' title='原始值：9.16171'>9.2</span>", "<span data-toggle='tooltip' data-placement='right' title='原始值：3.21965'>3.22</span>", "<span data-toggle='tooltip' data-placement='right' title='原始值：0.09911'>0.099</span>", "<span data-toggle='tooltip' data-placement='right' title='原始值：0.01904'>0.019</span>", "<span data-toggle='tooltip' data-placement='right' title='原始值：1.23383'>1.23</span>", "*", "*", "正常"], ["广西壮族自治区", "珠江流域", "<span data-toggle='tooltip' data-placement='right' title='所在地市:桂林市&#10;所属河流:漓江'>阳朔</span>", "05-18 08:00", "Ⅳ", "<span data-toggle='tooltip' data-placement='right' title='原始值：22.2'>22.2</span>", "<span data-toggle='tooltip' data-placement='right' title='原始值：6.96998'>6.97</span>", "<span data-toggle='tooltip' data-placement='right' title='原始值：4.49871'>4.50</span>", "<span data-toggle='tooltip' data-placement='right' title='原始值：170'>170.0</span>", "<span data-toggle='tooltip' data-placement='right' title='原始值：168.4947'>168.5</span>", "<span data-toggle='tooltip' data-placement='right' title='原始值：2.53'>2.53</span>", "<span data-toggle='tooltip' data-placement='right' title='原始值：0.1231'>0.123</span>", "<span data-toggle='tooltip' data-placement='right' title='原始值：0.18768'>0.188</span>", "<span data-toggle='tooltip' data-placement='right' title='原始值：4.0392'>4.04</span>", "*", "*", "正常"], ["广西壮族自治区", "珠江流域", "<span data-toggle='tooltip' data-placement='right' title='所在地市:梧州市&#10;所属河流:浔江'>界首</span>", null, "", "--", "--", "--", "--", "--", "--", "--", "--", "--", "*", "*", "停站"], ["广西壮族自治区", "珠江流域", "<span data-toggle='tooltip' data-placement='right' title='所在地市:贵港市&#10;所属河流:浔江'>石嘴</span>", null, "", "--", "--", "--", "--", "--", "--", "--", "--", "--", "*", "*", "维护"], ["广西壮族自治区", "珠江流域", "<span data-toggle='tooltip' data-placement='right' title='所在地市:崇左市&#10;所属河流:平而河'>平而关</span>", "05-18 08:00", "Ⅲ", "<span data-toggle='tooltip' data-placement='right' title='原始值：28.78258'>28.8</span>", "<span data-toggle='tooltip' data-placement='right' title='原始值：7.41693'>7.42</span>", "<span data-toggle='tooltip' data-placement='right' title='原始值：5.82445'>5.82</span>", "<span data-toggle='tooltip' data-placement='right' title='原始值：172.9315'>172.9</span>", "<span data-toggle='tooltip' data-placement='right' title='原始值：286.5758'>286.6</span>", "<span data-toggle='tooltip' data-placement='right' title='原始值：5.485'>5.48</span>", "<span data-toggle='tooltip' data-placement='right' title='原始值：0.24'>0.240</span>", "*", "*", "*", "*", "正常"], ["重庆市", "长江流域", "<span data-toggle='tooltip' data-placement='right' title='所在地市:永川区&#10;所属河流:长江'>朱沱</span>", null, "", "--", "--", "--", "--", "--", "--", "--", "--", "--", "*", "*", "停站"], ["四川省", "长江流域", "<span data-toggle='tooltip' data-placement='right' title='所在地市:攀枝花市&#10;所属河流:金沙江'>龙洞</span>", "05-18 08:00", "Ⅰ", "<span data-toggle='tooltip' data-placement='right' title='原始值：19.21902'>19.2</span>", "<span data-toggle='tooltip' data-placement='right' title='原始值：8.14879'>8.15</span>", "<span data-toggle='tooltip' data-placement='right' title='原始值：8.71268'>8.71</span>", "<span data-toggle='tooltip' data-placement='right' title='原始值：705.3102'>705.3</span>", "<span data-toggle='tooltip' data-placement='right' title='原始值：2.42694'>2.4</span>", "<span data-toggle='tooltip' data-placement='right' title='原始值：0.96'>0.96</span>", "<span data-toggle='tooltip' data-placement='right' title='原始值：0.05'>0.050</span>", "<span data-toggle='tooltip' data-placement='right' title='原始值：0.00789'>0.008</span>", "<span data-toggle='tooltip' data-placement='right' title='原始值：0.39906'>0.40</span>", "*", "*", "正常"], ["四川省", "长江流域", "<span data-toggle='tooltip' data-placement='right' title='所在地市:泸州市&#10;所属河流:沱江'>沱江大桥(沱江二桥)</span>", null, "", "--", "--", "--", "--", "--", "--", "--", "--", "--", "*", "*", "停站"], ["四川省", "长江流域", "<span data-toggle='tooltip' data-placement='right' title='所在地市:广元市&#10;所属河流:嘉陵江'>清风峡</span>", "05-18 08:00", "Ⅲ", "<span data-toggle='tooltip' data-placement='right' title='原始值：21.09999'>21.1</span>", "<span data-toggle='tooltip' data-placement='right' title='原始值：8.04916'>8.05</span>", "<span data-toggle='tooltip' data-placement='right' title='原始值：9.48137'>9.48</span>", "<span data-toggle='tooltip' data-placement='right' title='原始值：314.4815'>314.5</span>", "<span data-toggle='tooltip' data-placement='right' title='原始值：80.72688'>80.7</span>", "<span data-toggle='tooltip' data-placement='right' title='原始值：4.54'>4.54</span>", "<span data-toggle='tooltip' data-placement='right' title='原始值：0.01492'>0.015</span>", "*", "*", "*", "*", "正常"], ["四川省", "长江流域", "<span data-toggle='tooltip' data-placement='right' title='所在地市:乐山市&#10;所属河流:岷江'>岷江大桥</span>", "05-18 08:00", "Ⅱ", "<span data-toggle='tooltip' data-placement='right' title='原始值：25.33601'>25.3</span>", "<span data-toggle='tooltip' data-placement='right' title='原始值：7.64385'>7.64</span>", "<span data-toggle='tooltip' data-placement='right' title='原始值：6.63544'>6.64</span>", "<span data-toggle='tooltip' data-placement='right' title='原始值：463.9969'>464.0</span>", "<span data-toggle='tooltip' data-placement='right' title='原始值：22.64655'>22.6</span>", "<span data-toggle='tooltip' data-placement='right' title='原始值：3.61'>3.61</span>", "<span data-toggle='tooltip' data-placement='right' title='原始值：0.25'>0.250</span>", "*", "*", "*", "*", "正常"], ["四川省", "长江流域", "<span data-toggle='tooltip' data-placement='right' title='所在地市:宜宾市&#10;所属河流:岷江'>凉姜沟</span>", null, "", "--", "--", "--", "--", "--", "--", "--", "--", "--", "*", "*", "停站"], ["云南省", "滇池流域", "<span data-toggle='tooltip' data-placement='right' title='所在地市:昆明市&#10;所属河流:滇池'>西苑隧道</span>", "05-18 08:02", "Ⅴ", "<span data-toggle='tooltip' data-placement='right' title='原始值：22.71179'>22.7</span>", "<span data-toggle='tooltip' data-placement='right' title='原始值：7.4602'>7.46</span>", "<span data-toggle='tooltip' data-placement='right' title='原始值：5.79732'>5.80</span>", "<span data-toggle='tooltip' data-placement='right' title='原始值：628.4294'>628.4</span>", "<span data-toggle='tooltip' data-placement='right' title='原始值：26.50943'>26.5</span>", "<span data-toggle='tooltip' data-placement='right' title='原始值：10.26001'>10.26</span>", "<span data-toggle='tooltip' data-placement='right' title='原始值：0.3'>0.300</span>", "<span data-toggle='tooltip' data-placement='right' title='原始值：0.08288'>0.083</span>", "<span data-toggle='tooltip' data-placement='right' title='原始值：2.76834'>2.77</span>", "<span data-toggle='tooltip' data-placement='right' title='原始值：0.05042'>0.050</span>", "<span data-toggle='tooltip' data-placement='right' title='原始值：7672649'>7672649</span>", "正常"], ["云南省", "滇池流域", "<span data-toggle='tooltip' data-placement='right' title='所在地市:昆明市&#10;所属河流:滇池'>观音山</span>", "05-18 04:00", "Ⅳ", "<span data-toggle='tooltip' data-placement='right' title='原始值：23.92687'>23.9</span>", "<span data-toggle='tooltip' data-placement='right' title='原始值：8.6018'>8.60</span>", "<span data-toggle='tooltip' data-placement='right' title='原始值：9.34537'>9.35</span>", "<span data-toggle='tooltip' data-placement='right' title='原始值：438.6579'>438.7</span>", "<span data-toggle='tooltip' data-placement='right' title='原始值：30.80412'>30.8</span>", "<span data-toggle='tooltip' data-placement='right' title='原始值：5.86'>5.86</span>", "<span data-toggle='tooltip' data-placement='right' title='原始值：0.23'>0.230</span>", "<span data-toggle='tooltip' data-placement='right' title='原始值：0.0879'>0.088</span>", "<span data-toggle='tooltip' data-placement='right' title='原始值：1.375'>1.38</span>", "<span data-toggle='tooltip' data-placement='right' title='原始值：0'>0</span>", "<span data-toggle='tooltip' data-placement='right' title='原始值：7699859'>7699859</span>", "正常"], ["云南省", "西南诸河", "<span data-toggle='tooltip' data-placement='right' title='所在地市:红河哈尼族彝族自治州&#10;所属河流:红河'>河口县医院(河口)</span>", "05-18 08:00", "Ⅱ", "<span data-toggle='tooltip' data-placement='right' title='原始值：29.1'>29.1</span>", "<span data-toggle='tooltip' data-placement='right' title='原始值：8.0475'>8.05</span>", "<span data-toggle='tooltip' data-placement='right' title='原始值：7.16'>7.16</span>", "<span data-toggle='tooltip' data-placement='right' title='原始值：327'>327.0</span>", "<span data-toggle='tooltip' data-placement='right' title='原始值：73.57383'>73.6</span>", "<span data-toggle='tooltip' data-placement='right' title='原始值：0.79'>0.79</span>", "<span data-toggle='tooltip' data-placement='right' title='原始值：0.09603'>0.096</span>", "<span data-toggle='tooltip' data-placement='right' title='原始值：0.01749'>0.017</span>", "<span data-toggle='tooltip' data-placement='right' title='原始值：0.79913'>0.80</span>", "*", "*", "正常"], ["云南省", "西南诸河", "<span data-toggle='tooltip' data-placement='right' title='所在地市:西双版纳傣族自治州&#10;所属河流:澜沧江'>橄榄坝</span>", "05-18 08:01", "Ⅱ", "<span data-toggle='tooltip' data-placement='right' title='原始值：18.45432'>18.5</span>", "<span data-toggle='tooltip' data-placement='right' title='原始值：7.32196'>7.32</span>", "<span data-toggle='tooltip' data-placement='right' title='原始值：6.96986'>6.97</span>", "<span data-toggle='tooltip' data-placement='right' title='原始值：330.3957'>330.4</span>", "<span data-toggle='tooltip' data-placement='right' title='原始值：4.62962'>4.6</span>", "<span data-toggle='tooltip' data-placement='right' title='原始值：0'>0</span>", "<span data-toggle='tooltip' data-placement='right' title='原始值：0.08554'>0.086</span>", "*", "*", "*", "*", "正常"], ["陕西省", "黄河流域", "<span data-toggle='tooltip' data-placement='right' title='所在地市:渭南市&#10;所属河流:渭河'>潼关吊桥</span>", "05-18 00:08", "Ⅳ", "<span data-toggle='tooltip' data-placement='right' title='原始值：22.075'>22.1</span>", "<span data-toggle='tooltip' data-placement='right' title='原始值：7.82'>7.82</span>", "<span data-toggle='tooltip' data-placement='right' title='原始值：6.29'>6.29</span>", "<span data-toggle='tooltip' data-placement='right' title='原始值：908'>908.0</span>", "<span data-toggle='tooltip' data-placement='right' title='原始值：1857.168'>1857.2</span>", "<span data-toggle='tooltip' data-placement='right' title='原始值：8.92'>8.92</span>", "<span data-toggle='tooltip' data-placement='right' title='原始值：0.09'>0.090</span>", "<span data-toggle='tooltip' data-placement='right' title='原始值：0.24695'>0.247</span>", "<span data-toggle='tooltip' data-placement='right' title='原始值：5.75734'>5.76</span>", "*", "*", "正常"], ["甘肃省", "黄河流域", "<span data-toggle='tooltip' data-placement='right' title='所在地市:兰州市&#10;所属河流:黄河'>新城桥</span>", "05-18 08:00", "Ⅱ", "<span data-toggle='tooltip' data-placement='right' title='原始值：14.30874'>14.3</span>", "<span data-toggle='tooltip' data-placement='right' title='原始值：7.91478'>7.91</span>", "<span data-toggle='tooltip' data-placement='right' title='原始值：8.11228'>8.11</span>", "<span data-toggle='tooltip' data-placement='right' title='原始值：524.1373'>524.1</span>", "<span data-toggle='tooltip' data-placement='right' title='原始值：53.02265'>53.0</span>", "<span data-toggle='tooltip' data-placement='right' title='原始值：1.74'>1.74</span>", "<span data-toggle='tooltip' data-placement='right' title='原始值：0.18'>0.180</span>", "<span data-toggle='tooltip' data-placement='right' title='原始值：0.02278'>0.023</span>", "<span data-toggle='tooltip' data-placement='right' title='原始值：1.6411'>1.64</span>", "*", "*", "正常"], ["宁夏回族自治区", "黄河流域", "<span data-toggle='tooltip' data-placement='right' title='所在地市:中卫市&#10;所属河流:黄河'>中卫下河沿(新墩)</span>", "05-18 08:00", "Ⅱ", "<span data-toggle='tooltip' data-placement='right' title='原始值：16.99121'>17.0</span>", "<span data-toggle='tooltip' data-placement='right' title='原始值：7.98341'>7.98</span>", "<span data-toggle='tooltip' data-placement='right' title='原始值：8.03375'>8.03</span>", "<span data-toggle='tooltip' data-placement='right' title='原始值：509.1439'>509.1</span>", "<span data-toggle='tooltip' data-placement='right' title='原始值：119.1264'>119.1</span>", "<span data-toggle='tooltip' data-placement='right' title='原始值：2.09'>2.09</span>", "<span data-toggle='tooltip' data-placement='right' title='原始值：0.06'>0.060</span>", "<span data-toggle='tooltip' data-placement='right' title='原始值：0.0519'>0.052</span>", "<span data-toggle='tooltip' data-placement='right' title='原始值：2.0623'>2.06</span>", "*", "*", "正常"]]}