{"result": 1, "total": 1, "records": 98, "thead": ["省份", "流域", "断面名称", "监测时间", "水质类别", "水温<br/><span class='unit'>(℃)</span>", "pH<br/><span class='unit'>(无量纲)</span>", "溶解氧<br/><span class='unit'>(mg/L)</span>", "电导率<br/><span class='unit'>(μS/cm)</span>", "浊度<br/><span class='unit'>(NTU)</span>", "高锰酸盐指数<br/><span class='unit'>(mg/L)</span>", "氨氮<br/><span class='unit'>(mg/L)</span>", "总磷<br/><span class='unit'>(mg/L)</span>", "总氮<br/><span class='unit'>(mg/L)</span>", "叶绿素α<br/><span class='unit'>(mg/L)</span>", "藻密度<br/><span class='unit'>(cells/L)</span>", "站点情况"], "tbody": [["北京市", "海河流域", "<span data-toggle='tooltip' data-placement='right' title='所在地市:门头沟区&#10;所属河流:永定河'>沿河城</span>", null, "", "--", "--", "--", "--", "--", "--", "--", "--", "--", "*", "*", "停站"], ["北京市", "海河流域", "<span data-toggle='tooltip' data-placement='right' title='所在地市:密云区&#10;所属河流:潮河'>古北口</span>", "05-14 08:05", "Ⅱ", "<span data-toggle='tooltip' data-placement='right' title='原始值：19.33296'>19.3</span>", "<span data-toggle='tooltip' data-placement='right' title='原始值：7.40752'>7.41</span>", "<span data-toggle='tooltip' data-placement='right' title='原始值：9.43955'>9.44</span>", "<span data-toggle='tooltip' data-placement='right' title='原始值：629.3644'>629.4</span>", "<span data-toggle='tooltip' data-placement='right' title='原始值：5.90614'>5.9</span>", "<span data-toggle='tooltip' data-placement='right' title='原始值：1.4725'>1.47</span>", "<span data-toggle='tooltip' data-placement='right' title='原始值：0.22'>0.220</span>", "<span data-toggle='tooltip' data-placement='right' title='原始值：0.0001'>0.0001</span>", "<span data-toggle='tooltip' data-placement='right' title='原始值：5.1753'>5.18</span>", "*", "*", "正常"], ["天津市", "海河流域", "<span data-toggle='tooltip' data-placement='right' title='所在地市:河北区&#10;所属河流:海河'>三岔口</span>", "05-14 08:00", "Ⅱ", "<span data-toggle='tooltip' data-placement='right' title='原始值：20.7609'>20.8</span>", "<span data-toggle='tooltip' data-placement='right' title='原始值：7.5718'>7.57</span>", "<span data-toggle='tooltip' data-placement='right' title='原始值：7.623'>7.62</span>", "<span data-toggle='tooltip' data-placement='right' title='原始值：316.2028'>316.2</span>", "<span data-toggle='tooltip' data-placement='right' title='原始值：6.614'>6.6</span>", "<span data-toggle='tooltip' data-placement='right' title='原始值：1.35'>1.35</span>", "<span data-toggle='tooltip' data-placement='right' title='原始值：0.36'>0.360</span>", "<span data-toggle='tooltip' data-placement='right' title='原始值：0.0979'>0.098</span>", "<span data-toggle='tooltip' data-placement='right' title='原始值：0.9689'>0.97</span>", "*", "*", "正常"], ["天津市", "海河流域", "<span data-toggle='tooltip' data-placement='right' title='所在地市:蓟州区&#10;所属河流:果河'>果河桥</span>", "05-14 08:00", "Ⅱ", "<span data-toggle='tooltip' data-placement='right' title='原始值：16.8'>16.8</span>", "<span data-toggle='tooltip' data-placement='right' title='原始值：8.39'>8.39</span>", "<span data-toggle='tooltip' data-placement='right' title='原始值：9.692'>9.69</span>", "<span data-toggle='tooltip' data-placement='right' title='原始值：599.524'>599.5</span>", "<span data-toggle='tooltip' data-placement='right' title='原始值：8.897'>8.9</span>", "<span data-toggle='tooltip' data-placement='right' title='原始值：2.2479'>2.25</span>", "<span data-toggle='tooltip' data-placement='right' title='原始值：0.06'>0.060</span>", "<span data-toggle='tooltip' data-placement='right' title='原始值：0.0332'>0.033</span>", "<span data-toggle='tooltip' data-placement='right' title='原始值：3.0484'>3.05</span>", "*", "*", "正常"], ["河北省", "海河流域", "<span data-toggle='tooltip' data-placement='right' title='所在地市:石家庄市&#10;所属河流:滹沱河'>岗南水库</span>", "05-14 08:00", "Ⅱ", "<span data-toggle='tooltip' data-placement='right' title='原始值：20.68029'>20.7</span>", "<span data-toggle='tooltip' data-placement='right' title='原始值：8.30291'>8.30</span>", "<span data-toggle='tooltip' data-placement='right' title='原始值：9.84785'>9.85</span>", "<span data-toggle='tooltip' data-placement='right' title='原始值：531.0074'>531.0</span>", "<span data-toggle='tooltip' data-placement='right' title='原始值：11.60369'>11.6</span>", "<span data-toggle='tooltip' data-placement='right' title='原始值：1.94877'>1.95</span>", "<span data-toggle='tooltip' data-placement='right' title='原始值：0.06'>0.060</span>", "<span data-toggle='tooltip' data-placement='right' title='原始值：0.02045'>0.020</span>", "<span data-toggle='tooltip' data-placement='right' title='原始值：2.32302'>2.32</span>", "*", "*", "正常"], ["河北省", "海河流域", "<span data-toggle='tooltip' data-placement='right' title='所在地市:张家口市&#10;所属河流:永定河'>八号桥</span>", "05-14 08:10", "Ⅲ", "<span data-toggle='tooltip' data-placement='right' title='原始值：17.179'>17.2</span>", "<span data-toggle='tooltip' data-placement='right' title='原始值：7.96395'>7.96</span>", "<span data-toggle='tooltip' data-placement='right' title='原始值：8.37625'>8.38</span>", "<span data-toggle='tooltip' data-placement='right' title='原始值：1383.232'>1383.2</span>", "<span data-toggle='tooltip' data-placement='right' title='原始值：66.8455'>66.8</span>", "<span data-toggle='tooltip' data-placement='right' title='原始值：5.68'>5.68</span>", "<span data-toggle='tooltip' data-placement='right' title='原始值：0.17'>0.170</span>", "<span data-toggle='tooltip' data-placement='right' title='原始值：0.107'>0.107</span>", "<span data-toggle='tooltip' data-placement='right' title='原始值：3.405'>3.40</span>", "*", "*", "正常"], ["山西省", "黄河流域", "<span data-toggle='tooltip' data-placement='right' title='所在地市:运城市&#10;所属河流:汾河'>河津大桥</span>", "05-14 08:00", "-", "<span data-toggle='tooltip' data-placement='right' title='原始值：21.49141'>21.5</span>", "<span data-toggle='tooltip' data-placement='right' title='原始值：7.53981'>7.54</span>", "<span data-toggle='tooltip' data-placement='right' title='原始值：5.84193'>5.84</span>", "<span data-toggle='tooltip' data-placement='right' title='原始值：1434.732'>1434.7</span>", "<span data-toggle='tooltip' data-placement='right' title='原始值：319.4486'>319.4</span>", "<span data-toggle='tooltip' data-placement='right' title='原始值：9.1'>9.10</span>", "<span data-toggle='tooltip' data-placement='right' title='原始值：0.36'>0.360</span>", "*", "*", "*", "*", "正常"], ["山西省", "黄河流域", "<span data-toggle='tooltip' data-placement='right' title='所在地市:忻州市&#10;所属河流:黄河'>万家寨水库</span>", "05-14 08:00", "Ⅲ", "<span data-toggle='tooltip' data-placement='right' title='原始值：19.43998'>19.4</span>", "<span data-toggle='tooltip' data-placement='right' title='原始值：8.31263'>8.31</span>", "<span data-toggle='tooltip' data-placement='right' title='原始值：8.53809'>8.54</span>", "<span data-toggle='tooltip' data-placement='right' title='原始值：826.024'>826.0</span>", "<span data-toggle='tooltip' data-placement='right' title='原始值：9.00363'>9.0</span>", "<span data-toggle='tooltip' data-placement='right' title='原始值：4.85'>4.85</span>", "<span data-toggle='tooltip' data-placement='right' title='原始值：0.32'>0.320</span>", "<span data-toggle='tooltip' data-placement='right' title='原始值：0.0565'>0.056</span>", "<span data-toggle='tooltip' data-placement='right' title='原始值：1.9875'>1.99</span>", "*", "*", "正常"], ["内蒙古自治区", "黄河流域", "<span data-toggle='tooltip' data-placement='right' title='所在地市:包头市&#10;所属河流:黄河'>画匠营子</span>", "05-14 08:00", "-", "<span data-toggle='tooltip' data-placement='right' title='原始值：13.63029'>13.6</span>", "<span data-toggle='tooltip' data-placement='right' title='原始值：7.84582'>7.85</span>", "<span data-toggle='tooltip' data-placement='right' title='原始值：8.81547'>8.82</span>", "<span data-toggle='tooltip' data-placement='right' title='原始值：798.3845'>798.4</span>", "<span data-toggle='tooltip' data-placement='right' title='原始值：598.3084'>598.3</span>", "<span data-toggle='tooltip' data-placement='right' title='原始值：3.70642'>3.71</span>", "<span data-toggle='tooltip' data-placement='right' title='原始值：0.03177'>0.032</span>", "*", "*", "*", "*", "正常"], ["内蒙古自治区", "黄河流域", "<span data-toggle='tooltip' data-placement='right' title='所在地市:乌海市&#10;所属河流:黄河'>海勃湾</span>", "05-14 08:05", "-", "<span data-toggle='tooltip' data-placement='right' title='原始值：17.62437'>17.6</span>", "<span data-toggle='tooltip' data-placement='right' title='原始值：7.88207'>7.88</span>", "<span data-toggle='tooltip' data-placement='right' title='原始值：7.18813'>7.19</span>", "<span data-toggle='tooltip' data-placement='right' title='原始值：679.5301'>679.5</span>", "<span data-toggle='tooltip' data-placement='right' title='原始值：131.7387'>131.7</span>", "<span data-toggle='tooltip' data-placement='right' title='原始值：1.2'>1.20</span>", "<span data-toggle='tooltip' data-placement='right' title='原始值：0.07'>0.070</span>", "*", "*", "*", "*", "正常"], ["内蒙古自治区", "松花江流域", "<span data-toggle='tooltip' data-placement='right' title='所在地市:呼伦贝尔市&#10;所属河流:额尔古纳河'>黑山头</span>", "05-14 08:00", "Ⅱ", "<span data-toggle='tooltip' data-placement='right' title='原始值：13.6'>13.6</span>", "<span data-toggle='tooltip' data-placement='right' title='原始值：7.52'>7.52</span>", "<span data-toggle='tooltip' data-placement='right' title='原始值：8.84'>8.84</span>", "<span data-toggle='tooltip' data-placement='right' title='原始值：257'>257.0</span>", "<span data-toggle='tooltip' data-placement='right' title='原始值：31.80151'>31.8</span>", "<span data-toggle='tooltip' data-placement='right' title='原始值：3.52'>3.52</span>", "<span data-toggle='tooltip' data-placement='right' title='原始值：0.13653'>0.137</span>", "<span data-toggle='tooltip' data-placement='right' title='原始值：0.07062'>0.071</span>", "<span data-toggle='tooltip' data-placement='right' title='原始值：0.41741'>0.42</span>", "*", "*", "正常"], ["辽宁省", "辽河流域", "<span data-toggle='tooltip' data-placement='right' title='所在地市:抚顺市&#10;所属河流:浑河'>大伙房水库</span>", "05-14 08:00", "Ⅱ", "<span data-toggle='tooltip' data-placement='right' title='原始值：14.07202'>14.1</span>", "<span data-toggle='tooltip' data-placement='right' title='原始值：7.35615'>7.36</span>", "<span data-toggle='tooltip' data-placement='right' title='原始值：11.06663'>11.07</span>", "<span data-toggle='tooltip' data-placement='right' title='原始值：306.737'>306.7</span>", "<span data-toggle='tooltip' data-placement='right' title='原始值：5.68812'>5.7</span>", "<span data-toggle='tooltip' data-placement='right' title='原始值：2.45'>2.45</span>", "<span data-toggle='tooltip' data-placement='right' title='原始值：0.16'>0.160</span>", "<span data-toggle='tooltip' data-placement='right' title='原始值：0.01238'>0.012</span>", "<span data-toggle='tooltip' data-placement='right' title='原始值：2.32971'>2.33</span>", "<span data-toggle='tooltip' data-placement='right' title='原始值：0.00088'>0.001</span>", "*", "正常"], ["辽宁省", "辽河流域", "<span data-toggle='tooltip' data-placement='right' title='所在地市:丹东市&#10;所属河流:鸭绿江'>江桥</span>", "05-14 08:00", "Ⅲ", "<span data-toggle='tooltip' data-placement='right' title='原始值：11.90001'>11.9</span>", "<span data-toggle='tooltip' data-placement='right' title='原始值：7.99'>7.99</span>", "<span data-toggle='tooltip' data-placement='right' title='原始值：9.08'>9.08</span>", "<span data-toggle='tooltip' data-placement='right' title='原始值：171'>171.0</span>", "<span data-toggle='tooltip' data-placement='right' title='原始值：12.89443'>12.9</span>", "<span data-toggle='tooltip' data-placement='right' title='原始值：0.95'>0.95</span>", "<span data-toggle='tooltip' data-placement='right' title='原始值：0.50106'>0.501</span>", "<span data-toggle='tooltip' data-placement='right' title='原始值：0.01613'>0.016</span>", "<span data-toggle='tooltip' data-placement='right' title='原始值：1.71176'>1.71</span>", "*", "*", "正常"], ["辽宁省", "辽河流域", "<span data-toggle='tooltip' data-placement='right' title='所在地市:营口市&#10;所属河流:大辽河'>辽河公园</span>", null, "", "--", "--", "--", "--", "--", "--", "--", "--", "--", "*", "*", "维护"], ["辽宁省", "辽河流域", "<span data-toggle='tooltip' data-placement='right' title='所在地市:辽阳市&#10;所属河流:太子河'>汤河水库</span>", "05-14 04:00", "Ⅰ", "<span data-toggle='tooltip' data-placement='right' title='原始值：15.30078'>15.3</span>", "<span data-toggle='tooltip' data-placement='right' title='原始值：8.61'>8.61</span>", "<span data-toggle='tooltip' data-placement='right' title='原始值：8.61992'>8.62</span>", "<span data-toggle='tooltip' data-placement='right' title='原始值：366.0078'>366.0</span>", "<span data-toggle='tooltip' data-placement='right' title='原始值：14.1'>14.1</span>", "<span data-toggle='tooltip' data-placement='right' title='原始值：0.96'>0.96</span>", "<span data-toggle='tooltip' data-placement='right' title='原始值：0.01129'>0.011</span>", "<span data-toggle='tooltip' data-placement='right' title='原始值：0'>0</span>", "<span data-toggle='tooltip' data-placement='right' title='原始值：1.79502'>1.80</span>", "*", "*", "正常"], ["辽宁省", "辽河流域", "<span data-toggle='tooltip' data-placement='right' title='所在地市:盘锦市&#10;所属河流:辽河'>盘锦兴安(兴安)</span>", "05-14 08:00", "Ⅲ", "<span data-toggle='tooltip' data-placement='right' title='原始值：15.55775'>15.6</span>", "<span data-toggle='tooltip' data-placement='right' title='原始值：7.034'>7.03</span>", "<span data-toggle='tooltip' data-placement='right' title='原始值：8.59589'>8.60</span>", "<span data-toggle='tooltip' data-placement='right' title='原始值：838.8278'>838.8</span>", "<span data-toggle='tooltip' data-placement='right' title='原始值：271.4767'>271.5</span>", "<span data-toggle='tooltip' data-placement='right' title='原始值：2.84581'>2.85</span>", "<span data-toggle='tooltip' data-placement='right' title='原始值：0.06'>0.060</span>", "<span data-toggle='tooltip' data-placement='right' title='原始值：0.19661'>0.197</span>", "<span data-toggle='tooltip' data-placement='right' title='原始值：3.53692'>3.54</span>", "*", "*", "正常"], ["辽宁省", "辽河流域", "<span data-toggle='tooltip' data-placement='right' title='所在地市:铁岭市&#10;所属河流:辽河'>珠尔山</span>", "05-14 08:00", "Ⅱ", "<span data-toggle='tooltip' data-placement='right' title='原始值：15.12365'>15.1</span>", "<span data-toggle='tooltip' data-placement='right' title='原始值：7.70662'>7.71</span>", "<span data-toggle='tooltip' data-placement='right' title='原始值：8.06627'>8.07</span>", "<span data-toggle='tooltip' data-placement='right' title='原始值：319.7147'>319.7</span>", "<span data-toggle='tooltip' data-placement='right' title='原始值：85.42656'>85.4</span>", "<span data-toggle='tooltip' data-placement='right' title='原始值：3.054'>3.05</span>", "<span data-toggle='tooltip' data-placement='right' title='原始值：0.13'>0.130</span>", "<span data-toggle='tooltip' data-placement='right' title='原始值：0.08874'>0.089</span>", "<span data-toggle='tooltip' data-placement='right' title='原始值：3.97251'>3.97</span>", "*", "*", "正常"], ["吉林省", "松花江流域", "<span data-toggle='tooltip' data-placement='right' title='所在地市:长春市&#10;所属河流:松花江'>松花江村</span>", "05-14 08:05", "Ⅳ", "<span data-toggle='tooltip' data-placement='right' title='原始值：17.8399'>17.8</span>", "<span data-toggle='tooltip' data-placement='right' title='原始值：7.37704'>7.38</span>", "<span data-toggle='tooltip' data-placement='right' title='原始值：9.38216'>9.38</span>", "<span data-toggle='tooltip' data-placement='right' title='原始值：297.9448'>297.9</span>", "<span data-toggle='tooltip' data-placement='right' title='原始值：22.88698'>22.9</span>", "<span data-toggle='tooltip' data-placement='right' title='原始值：9.98176'>9.98</span>", "<span data-toggle='tooltip' data-placement='right' title='原始值：0.23'>0.230</span>", "<span data-toggle='tooltip' data-placement='right' title='原始值：0.01816'>0.018</span>", "<span data-toggle='tooltip' data-placement='right' title='原始值：2.26743'>2.27</span>", "*", "*", "正常"], ["吉林省", "松花江流域", "<span data-toggle='tooltip' data-placement='right' title='所在地市:白城市&#10;所属河流:嫩江'>白沙滩</span>", null, "", "--", "--", "--", "--", "--", "--", "--", "--", "--", "*", "*", "停站"], ["吉林省", "松花江流域", "<span data-toggle='tooltip' data-placement='right' title='所在地市:延边朝鲜族自治州&#10;所属河流:图们江'>圈河</span>", "05-14 08:00", "Ⅲ", "<span data-toggle='tooltip' data-placement='right' title='原始值：16.8'>16.8</span>", "<span data-toggle='tooltip' data-placement='right' title='原始值：7.54001'>7.54</span>", "<span data-toggle='tooltip' data-placement='right' title='原始值：8.42001'>8.42</span>", "<span data-toggle='tooltip' data-placement='right' title='原始值：113'>113.0</span>", "<span data-toggle='tooltip' data-placement='right' title='原始值：96'>96.0</span>", "<span data-toggle='tooltip' data-placement='right' title='原始值：4.13'>4.13</span>", "<span data-toggle='tooltip' data-placement='right' title='原始值：0.20484'>0.205</span>", "<span data-toggle='tooltip' data-placement='right' title='原始值：0.09293'>0.093</span>", "<span data-toggle='tooltip' data-placement='right' title='原始值：1.99781'>2.00</span>", "*", "*", "正常"], ["黑龙江省", "松花江流域", "<span data-toggle='tooltip' data-placement='right' title='所在地市:大庆市&#10;所属河流:松花江'>肇源</span>", null, "", "--", "--", "--", "--", "--", "--", "--", "--", "--", "*", "*", "停站"], ["黑龙江省", "松花江流域", "<span data-toggle='tooltip' data-placement='right' title='所在地市:佳木斯市&#10;所属河流:乌苏里江'>乌苏镇</span>", "05-14 08:00", "Ⅳ", "<span data-toggle='tooltip' data-placement='right' title='极值过滤'>--</span>", "<span data-toggle='tooltip' data-placement='right' title='原始值：7.17536'>7.18</span>", "<span data-toggle='tooltip' data-placement='right' title='原始值：9.77302'>9.77</span>", "<span data-toggle='tooltip' data-placement='right' title='原始值：308.305'>308.3</span>", "<span data-toggle='tooltip' data-placement='right' title='原始值：273.1'>273.1</span>", "<span data-toggle='tooltip' data-placement='right' title='原始值：6.41'>6.41</span>", "<span data-toggle='tooltip' data-placement='right' title='原始值：0.24827'>0.248</span>", "<span data-toggle='tooltip' data-placement='right' title='原始值：0.05001'>0.050</span>", "<span data-toggle='tooltip' data-placement='right' title='原始值：1.09539'>1.10</span>", "*", "*", "维护"], ["黑龙江省", "松花江流域", "<span data-toggle='tooltip' data-placement='right' title='所在地市:佳木斯市&#10;所属河流:松花江'>同江</span>", "05-14 08:00", "", "<span data-toggle='tooltip' data-placement='right' title='原始值：11.8125'>11.8</span>", "<span data-toggle='tooltip' data-placement='right' title='极值过滤'>--</span>", "<span data-toggle='tooltip' data-placement='right' title='原始值：14.31252'>14.31</span>", "<span data-toggle='tooltip' data-placement='right' title='原始值：199.219'>199.2</span>", "<span data-toggle='tooltip' data-placement='right' title='原始值：95.00015'>95.0</span>", "<span data-toggle='tooltip' data-placement='right' title='原始值：5.05074'>5.05</span>", "<span data-toggle='tooltip' data-placement='right' title='极值过滤'>--</span>", "<span data-toggle='tooltip' data-placement='right' title='原始值：0.1582'>0.158</span>", "<span data-toggle='tooltip' data-placement='right' title='原始值：2.01429'>2.01</span>", "*", "*", "维护"], ["黑龙江省", "松花江流域", "<span data-toggle='tooltip' data-placement='right' title='所在地市:黑河市&#10;所属河流:黑龙江'>黑河下(黑河)</span>", "05-14 08:05", "", "<span data-toggle='tooltip' data-placement='right' title='原始值：10.98212'>11.0</span>", "<span data-toggle='tooltip' data-placement='right' title='原始值：7.95238'>7.95</span>", "<span data-toggle='tooltip' data-placement='right' title='原始值：8.81139'>8.81</span>", "<span data-toggle='tooltip' data-placement='right' title='原始值：273.4534'>273.5</span>", "<span data-toggle='tooltip' data-placement='right' title='原始值：17.59003'>17.6</span>", "<span data-toggle='tooltip' data-placement='right' title='原始值：0'>0</span>", "<span data-toggle='tooltip' data-placement='right' title='原始值：0.28489'>0.285</span>", "--", "--", "*", "*", "维护"], ["上海市", "长江流域", "<span data-toggle='tooltip' data-placement='right' title='所在地市:青浦区&#10;所属河流:淀山湖'>急水港桥</span>", "05-14 08:00", "Ⅳ", "<span data-toggle='tooltip' data-placement='right' title='原始值：22.7'>22.7</span>", "<span data-toggle='tooltip' data-placement='right' title='原始值：6.92'>6.92</span>", "<span data-toggle='tooltip' data-placement='right' title='原始值：5.7'>5.70</span>", "<span data-toggle='tooltip' data-placement='right' title='原始值：680'>680.0</span>", "<span data-toggle='tooltip' data-placement='right' title='原始值：34.2'>34.2</span>", "<span data-toggle='tooltip' data-placement='right' title='原始值：5.6875'>5.69</span>", "<span data-toggle='tooltip' data-placement='right' title='原始值：0.20231'>0.202</span>", "<span data-toggle='tooltip' data-placement='right' title='原始值：0.06543'>0.065</span>", "<span data-toggle='tooltip' data-placement='right' title='原始值：4.90629'>4.91</span>", "<span data-toggle='tooltip' data-placement='right' title='原始值：0.0133'>0.013</span>", "<span data-toggle='tooltip' data-placement='right' title='原始值：1.491644E+07'>14916440</span>", "正常"], ["江苏省", "长江流域", "<span data-toggle='tooltip' data-placement='right' title='所在地市:南京市&#10;所属河流:长江'>林山</span>", "05-14 08:00", "-", "<span data-toggle='tooltip' data-placement='right' title='原始值：22.9633'>23.0</span>", "<span data-toggle='tooltip' data-placement='right' title='原始值：7.99645'>8.00</span>", "<span data-toggle='tooltip' data-placement='right' title='原始值：7.1053'>7.11</span>", "<span data-toggle='tooltip' data-placement='right' title='原始值：333.775'>333.8</span>", "<span data-toggle='tooltip' data-placement='right' title='原始值：43.9472'>43.9</span>", "<span data-toggle='tooltip' data-placement='right' title='原始值：1.09'>1.09</span>", "<span data-toggle='tooltip' data-placement='right' title='原始值：0.053'>0.053</span>", "*", "*", "*", "*", "正常"], ["江苏省", "太湖流域", "<span data-toggle='tooltip' data-placement='right' title='所在地市:无锡市&#10;所属河流:太湖'>沙渚</span>", null, "", "--", "--", "--", "--", "--", "--", "--", "--", "--", "*", "*", "维护"], ["江苏省", "淮河流域", "<span data-toggle='tooltip' data-placement='right' title='所在地市:徐州市&#10;所属河流:武河'>小红圈</span>", null, "", "--", "--", "--", "--", "--", "--", "--", "--", "--", "*", "*", "停站"], ["江苏省", "淮河流域", "<span data-toggle='tooltip' data-placement='right' title='所在地市:徐州市&#10;所属河流:沿河'>李集桥</span>", "05-14 08:00", "Ⅳ", "<span data-toggle='tooltip' data-placement='right' title='原始值：21.6'>21.6</span>", "<span data-toggle='tooltip' data-placement='right' title='原始值：7.46'>7.46</span>", "<span data-toggle='tooltip' data-placement='right' title='原始值：10.48'>10.48</span>", "<span data-toggle='tooltip' data-placement='right' title='原始值：1264.4'>1264.4</span>", "<span data-toggle='tooltip' data-placement='right' title='原始值：61.88'>61.9</span>", "<span data-toggle='tooltip' data-placement='right' title='原始值：6.64'>6.64</span>", "<span data-toggle='tooltip' data-placement='right' title='原始值：0.078'>0.078</span>", "<span data-toggle='tooltip' data-placement='right' title='原始值：0.225'>0.225</span>", "<span data-toggle='tooltip' data-placement='right' title='原始值：2.165'>2.16</span>", "*", "*", "正常"], ["江苏省", "淮河流域", "<span data-toggle='tooltip' data-placement='right' title='所在地市:徐州市&#10;所属河流:邳苍分洪道'>艾山西大桥</span>", "05-14 08:00", "Ⅲ", "<span data-toggle='tooltip' data-placement='right' title='原始值：22.2613'>22.3</span>", "<span data-toggle='tooltip' data-placement='right' title='原始值：8.68581'>8.69</span>", "<span data-toggle='tooltip' data-placement='right' title='原始值：10.13'>10.13</span>", "<span data-toggle='tooltip' data-placement='right' title='原始值：671.717'>671.7</span>", "<span data-toggle='tooltip' data-placement='right' title='原始值：45.6723'>45.7</span>", "<span data-toggle='tooltip' data-placement='right' title='原始值：5.26'>5.26</span>", "<span data-toggle='tooltip' data-placement='right' title='原始值：0.15'>0.150</span>", "<span data-toggle='tooltip' data-placement='right' title='原始值：0.03236'>0.032</span>", "<span data-toggle='tooltip' data-placement='right' title='原始值：1.6141'>1.61</span>", "*", "*", "正常"], ["江苏省", "太湖流域", "<span data-toggle='tooltip' data-placement='right' title='所在地市:苏州市&#10;所属河流:太湖'>兰山嘴(老)</span>", "05-14 08:00", "Ⅳ", "<span data-toggle='tooltip' data-placement='right' title='原始值：22.42623'>22.4</span>", "<span data-toggle='tooltip' data-placement='right' title='原始值：7.58626'>7.59</span>", "<span data-toggle='tooltip' data-placement='right' title='原始值：7.19206'>7.19</span>", "<span data-toggle='tooltip' data-placement='right' title='原始值：435.9522'>436.0</span>", "<span data-toggle='tooltip' data-placement='right' title='原始值：248.0314'>248.0</span>", "<span data-toggle='tooltip' data-placement='right' title='原始值：5.56'>5.56</span>", "<span data-toggle='tooltip' data-placement='right' title='原始值：0.36'>0.360</span>", "<span data-toggle='tooltip' data-placement='right' title='原始值：0.24534'>0.245</span>", "<span data-toggle='tooltip' data-placement='right' title='原始值：6.79914'>6.80</span>", "*", "*", "正常"], ["江苏省", "太湖流域", "<span data-toggle='tooltip' data-placement='right' title='所在地市:苏州市&#10;所属河流:太湖'>西山</span>", "05-14 08:00", "Ⅳ", "<span data-toggle='tooltip' data-placement='right' title='原始值：22.7377'>22.7</span>", "<span data-toggle='tooltip' data-placement='right' title='原始值：7.84644'>7.85</span>", "<span data-toggle='tooltip' data-placement='right' title='原始值：7.93503'>7.94</span>", "<span data-toggle='tooltip' data-placement='right' title='原始值：391.9767'>392.0</span>", "<span data-toggle='tooltip' data-placement='right' title='原始值：118.1718'>118.2</span>", "<span data-toggle='tooltip' data-placement='right' title='原始值：2.99'>2.99</span>", "<span data-toggle='tooltip' data-placement='right' title='原始值：0.16'>0.160</span>", "<span data-toggle='tooltip' data-placement='right' title='原始值：0.0621'>0.062</span>", "<span data-toggle='tooltip' data-placement='right' title='原始值：1.535'>1.54</span>", "*", "*", "正常"], ["江苏省", "淮河流域", "<span data-toggle='tooltip' data-placement='right' title='所在地市:连云港市&#10;所属河流:新沭河'>大兴桥</span>", "05-14 08:00", "-", "<span data-toggle='tooltip' data-placement='right' title='原始值：22'>22.0</span>", "<span data-toggle='tooltip' data-placement='right' title='原始值：8.35'>8.35</span>", "<span data-toggle='tooltip' data-placement='right' title='原始值：10.45'>10.45</span>", "<span data-toggle='tooltip' data-placement='right' title='原始值：1132.8'>1132.8</span>", "<span data-toggle='tooltip' data-placement='right' title='原始值：28.75'>28.8</span>", "<span data-toggle='tooltip' data-placement='right' title='原始值：6.62'>6.62</span>", "<span data-toggle='tooltip' data-placement='right' title='原始值：0.059'>0.059</span>", "*", "*", "*", "*", "正常"], ["江苏省", "淮河流域", "<span data-toggle='tooltip' data-placement='right' title='所在地市:淮安市&#10;所属河流:淮河'>淮河大桥</span>", "05-14 08:00", "Ⅱ", "<span data-toggle='tooltip' data-placement='right' title='原始值：21.4895'>21.5</span>", "<span data-toggle='tooltip' data-placement='right' title='原始值：8.11436'>8.11</span>", "<span data-toggle='tooltip' data-placement='right' title='原始值：7.84302'>7.84</span>", "<span data-toggle='tooltip' data-placement='right' title='原始值：614.734'>614.7</span>", "<span data-toggle='tooltip' data-placement='right' title='原始值：47.32719'>47.3</span>", "<span data-toggle='tooltip' data-placement='right' title='原始值：3.4'>3.40</span>", "<span data-toggle='tooltip' data-placement='right' title='原始值：0.25'>0.250</span>", "<span data-toggle='tooltip' data-placement='right' title='原始值：0.0895'>0.090</span>", "<span data-toggle='tooltip' data-placement='right' title='原始值：1.1375'>1.14</span>", "*", "*", "正常"], ["江苏省", "长江流域", "<span data-toggle='tooltip' data-placement='right' title='所在地市:扬州市&#10;所属河流:夹江'>三江营</span>", null, "", "--", "--", "--", "--", "--", "--", "--", "--", "--", "*", "*", "停站"], ["江苏省", "淮河流域", "<span data-toggle='tooltip' data-placement='right' title='所在地市:宿迁市&#10;所属河流:新濉河'>大屈</span>", "05-14 08:00", "Ⅲ", "<span data-toggle='tooltip' data-placement='right' title='原始值：22.7'>22.7</span>", "<span data-toggle='tooltip' data-placement='right' title='原始值：8.02'>8.02</span>", "<span data-toggle='tooltip' data-placement='right' title='原始值：7.07'>7.07</span>", "<span data-toggle='tooltip' data-placement='right' title='原始值：917'>917.0</span>", "<span data-toggle='tooltip' data-placement='right' title='原始值：74.55'>74.6</span>", "<span data-toggle='tooltip' data-placement='right' title='原始值：5.34'>5.34</span>", "<span data-toggle='tooltip' data-placement='right' title='原始值：0.05'>0.050</span>", "<span data-toggle='tooltip' data-placement='right' title='原始值：0.008'>0.008</span>", "<span data-toggle='tooltip' data-placement='right' title='原始值：1.017'>1.02</span>", "*", "*", "正常"], ["浙江省", "浙闽片河流", "<span data-toggle='tooltip' data-placement='right' title='所在地市:杭州市&#10;所属河流:新安江'>街口(鸠坑口)</span>", null, "", "--", "--", "--", "--", "--", "--", "--", "--", "--", "*", "*", "停站"], ["浙江省", "太湖流域", "<span data-toggle='tooltip' data-placement='right' title='所在地市:嘉兴市&#10;所属河流:斜路港河'>斜路港</span>", "05-14 08:00", "Ⅳ", "<span data-toggle='tooltip' data-placement='right' title='原始值：23.3'>23.3</span>", "<span data-toggle='tooltip' data-placement='right' title='原始值：7.27'>7.27</span>", "<span data-toggle='tooltip' data-placement='right' title='原始值：4.42'>4.42</span>", "<span data-toggle='tooltip' data-placement='right' title='原始值：813'>813.0</span>", "<span data-toggle='tooltip' data-placement='right' title='原始值：68.3'>68.3</span>", "<span data-toggle='tooltip' data-placement='right' title='原始值：5.28'>5.28</span>", "<span data-toggle='tooltip' data-placement='right' title='原始值：0.53252'>0.533</span>", "<span data-toggle='tooltip' data-placement='right' title='原始值：0.06279'>0.063</span>", "<span data-toggle='tooltip' data-placement='right' title='原始值：2.93889'>2.94</span>", "*", "*", "正常"], ["浙江省", "太湖流域", "<span data-toggle='tooltip' data-placement='right' title='所在地市:嘉兴市&#10;所属河流:京杭运河'>王江泾</span>", null, "", "--", "--", "--", "--", "--", "--", "--", "--", "--", "*", "*", "停站"], ["浙江省", "太湖流域", "<span data-toggle='tooltip' data-placement='right' title='所在地市:湖州市&#10;所属河流:西苕溪'>新港口(新塘港)</span>", "05-14 08:00", "Ⅲ", "<span data-toggle='tooltip' data-placement='right' title='原始值：22.3107'>22.3</span>", "<span data-toggle='tooltip' data-placement='right' title='原始值：7.24739'>7.25</span>", "<span data-toggle='tooltip' data-placement='right' title='原始值：7.58247'>7.58</span>", "<span data-toggle='tooltip' data-placement='right' title='原始值：301.132'>301.1</span>", "<span data-toggle='tooltip' data-placement='right' title='原始值：200.809'>200.8</span>", "<span data-toggle='tooltip' data-placement='right' title='原始值：3.07472'>3.07</span>", "<span data-toggle='tooltip' data-placement='right' title='原始值：0.09888'>0.099</span>", "<span data-toggle='tooltip' data-placement='right' title='原始值：0.11223'>0.112</span>", "<span data-toggle='tooltip' data-placement='right' title='原始值：12.79469'>12.79</span>", "*", "*", "正常"], ["安徽省", "巢湖流域", "<span data-toggle='tooltip' data-placement='right' title='所在地市:合肥市&#10;所属河流:巢湖'>湖滨(老)</span>", "05-14 08:00", "Ⅳ", "<span data-toggle='tooltip' data-placement='right' title='原始值：25.27771'>25.3</span>", "<span data-toggle='tooltip' data-placement='right' title='原始值：6.88159'>6.88</span>", "<span data-toggle='tooltip' data-placement='right' title='原始值：5.34068'>5.34</span>", "<span data-toggle='tooltip' data-placement='right' title='原始值：449.6899'>449.7</span>", "<span data-toggle='tooltip' data-placement='right' title='原始值：151.7243'>151.7</span>", "<span data-toggle='tooltip' data-placement='right' title='原始值：6.61'>6.61</span>", "<span data-toggle='tooltip' data-placement='right' title='原始值：0.29'>0.290</span>", "<span data-toggle='tooltip' data-placement='right' title='原始值：0.0784'>0.078</span>", "<span data-toggle='tooltip' data-placement='right' title='原始值：1.441'>1.44</span>", "<span data-toggle='tooltip' data-placement='right' title='原始值：0.02323'>0.023</span>", "*", "正常"], ["安徽省", "巢湖流域", "<span data-toggle='tooltip' data-placement='right' title='所在地市:芜湖市&#10;所属河流:巢湖'>裕溪口(老)</span>", null, "", "--", "--", "--", "--", "--", "--", "--", "--", "--", "*", "*", "停站"], ["安徽省", "淮河流域", "<span data-toggle='tooltip' data-placement='right' title='所在地市:蚌埠市&#10;所属河流:淮河'>蚌埠闸上(蚌埠闸)</span>", null, "", "--", "--", "--", "--", "--", "--", "--", "--", "--", "*", "*", "停站"], ["安徽省", "淮河流域", "<span data-toggle='tooltip' data-placement='right' title='所在地市:淮南市&#10;所属河流:淮河'>石头埠(老)</span>", null, "", "--", "--", "--", "--", "--", "--", "--", "--", "--", "*", "*", "停站"], ["安徽省", "淮河流域", "<span data-toggle='tooltip' data-placement='right' title='所在地市:淮北市&#10;所属河流:沱河'>小王桥</span>", null, "", "--", "--", "--", "--", "--", "--", "--", "--", "--", "*", "*", "停站"], ["安徽省", "长江流域", "<span data-toggle='tooltip' data-placement='right' title='所在地市:安庆市&#10;所属河流:长江'>皖河口</span>", null, "", "--", "--", "--", "--", "--", "--", "--", "--", "--", "*", "*", "停站"], ["安徽省", "淮河流域", "<span data-toggle='tooltip' data-placement='right' title='所在地市:滁州市&#10;所属河流:淮河'>小柳巷</span>", "05-14 08:00", "Ⅱ", "<span data-toggle='tooltip' data-placement='right' title='原始值：21.1'>21.1</span>", "<span data-toggle='tooltip' data-placement='right' title='原始值：8.64'>8.64</span>", "<span data-toggle='tooltip' data-placement='right' title='原始值：8.95'>8.95</span>", "<span data-toggle='tooltip' data-placement='right' title='原始值：671'>671.0</span>", "<span data-toggle='tooltip' data-placement='right' title='原始值：61.61'>61.6</span>", "<span data-toggle='tooltip' data-placement='right' title='原始值：3.2'>3.20</span>", "<span data-toggle='tooltip' data-placement='right' title='原始值：0.06'>0.060</span>", "<span data-toggle='tooltip' data-placement='right' title='原始值：0.065'>0.065</span>", "<span data-toggle='tooltip' data-placement='right' title='原始值：2.384'>2.38</span>", "*", "*", "正常"], ["安徽省", "淮河流域", "<span data-toggle='tooltip' data-placement='right' title='所在地市:阜阳市&#10;所属河流:黑茨河'>张大桥</span>", "05-14 08:00", "Ⅲ", "<span data-toggle='tooltip' data-placement='right' title='原始值：24.1'>24.1</span>", "<span data-toggle='tooltip' data-placement='right' title='原始值：8.85'>8.85</span>", "<span data-toggle='tooltip' data-placement='right' title='原始值：8.93'>8.93</span>", "<span data-toggle='tooltip' data-placement='right' title='原始值：2445.3'>2445.3</span>", "<span data-toggle='tooltip' data-placement='right' title='原始值：25.33'>25.3</span>", "<span data-toggle='tooltip' data-placement='right' title='原始值：4.5'>4.50</span>", "<span data-toggle='tooltip' data-placement='right' title='原始值：0.01'>0.010</span>", "<span data-toggle='tooltip' data-placement='right' title='原始值：0.15'>0.150</span>", "<span data-toggle='tooltip' data-placement='right' title='原始值：0.139'>0.14</span>", "*", "*", "正常"], ["安徽省", "淮河流域", "<span data-toggle='tooltip' data-placement='right' title='所在地市:阜阳市&#10;所属河流:淮河'>王家坝</span>", "05-14 08:00", "Ⅳ", "<span data-toggle='tooltip' data-placement='right' title='原始值：23.12683'>23.1</span>", "<span data-toggle='tooltip' data-placement='right' title='原始值：7.51529'>7.52</span>", "<span data-toggle='tooltip' data-placement='right' title='原始值：4.11333'>4.11</span>", "<span data-toggle='tooltip' data-placement='right' title='原始值：549.489'>549.5</span>", "<span data-toggle='tooltip' data-placement='right' title='原始值：20.29081'>20.3</span>", "<span data-toggle='tooltip' data-placement='right' title='原始值：4.73'>4.73</span>", "<span data-toggle='tooltip' data-placement='right' title='原始值：1.022'>1.022</span>", "<span data-toggle='tooltip' data-placement='right' title='原始值：0.07871'>0.079</span>", "<span data-toggle='tooltip' data-placement='right' title='原始值：1.44397'>1.44</span>", "*", "*", "正常"], ["安徽省", "淮河流域", "<span data-toggle='tooltip' data-placement='right' title='所在地市:阜阳市&#10;所属河流:颍河'>界首七渡口(七渡口)</span>", "05-14 08:00", "Ⅲ", "<span data-toggle='tooltip' data-placement='right' title='原始值：16.24319'>16.2</span>", "<span data-toggle='tooltip' data-placement='right' title='原始值：7.87153'>7.87</span>", "<span data-toggle='tooltip' data-placement='right' title='原始值：6.82611'>6.83</span>", "<span data-toggle='tooltip' data-placement='right' title='原始值：1034.614'>1034.6</span>", "<span data-toggle='tooltip' data-placement='right' title='原始值：13.05264'>13.1</span>", "<span data-toggle='tooltip' data-placement='right' title='原始值：3.27'>3.27</span>", "<span data-toggle='tooltip' data-placement='right' title='原始值：0.19'>0.190</span>", "<span data-toggle='tooltip' data-placement='right' title='原始值：0.11125'>0.111</span>", "<span data-toggle='tooltip' data-placement='right' title='原始值：5.06591'>5.07</span>", "*", "*", "正常"], ["安徽省", "淮河流域", "<span data-toggle='tooltip' data-placement='right' title='所在地市:阜阳市&#10;所属河流:泉河'>许庄(徐庄)</span>", "05-14 08:00", "Ⅱ", "<span data-toggle='tooltip' data-placement='right' title='原始值：20.8'>20.8</span>", "<span data-toggle='tooltip' data-placement='right' title='原始值：7.57'>7.57</span>", "<span data-toggle='tooltip' data-placement='right' title='原始值：6.99'>6.99</span>", "<span data-toggle='tooltip' data-placement='right' title='原始值：958.6'>958.6</span>", "<span data-toggle='tooltip' data-placement='right' title='原始值：73.68'>73.7</span>", "<span data-toggle='tooltip' data-placement='right' title='原始值：3.94'>3.94</span>", "<span data-toggle='tooltip' data-placement='right' title='原始值：0.04'>0.040</span>", "<span data-toggle='tooltip' data-placement='right' title='原始值：0.064'>0.064</span>", "<span data-toggle='tooltip' data-placement='right' title='原始值：0.576'>0.58</span>", "*", "*", "正常"], ["安徽省", "淮河流域", "<span data-toggle='tooltip' data-placement='right' title='所在地市:宿州市&#10;所属河流:奎河'>杨庄</span>", "05-14 08:03", "-", "<span data-toggle='tooltip' data-placement='right' title='原始值：22.38'>22.4</span>", "<span data-toggle='tooltip' data-placement='right' title='原始值：7.43'>7.43</span>", "<span data-toggle='tooltip' data-placement='right' title='原始值：5.09'>5.09</span>", "<span data-toggle='tooltip' data-placement='right' title='原始值：1045.6'>1045.6</span>", "<span data-toggle='tooltip' data-placement='right' title='原始值：56.1'>56.1</span>", "<span data-toggle='tooltip' data-placement='right' title='原始值：5.11'>5.11</span>", "<span data-toggle='tooltip' data-placement='right' title='原始值：1.147'>1.147</span>", "*", "*", "*", "*", "正常"], ["安徽省", "淮河流域", "<span data-toggle='tooltip' data-placement='right' title='所在地市:宿州市&#10;所属河流:新汴河'>泗县公路桥</span>", null, "", "--", "--", "--", "--", "--", "--", "--", "--", "--", "*", "*", "停站"], ["安徽省", "淮河流域", "<span data-toggle='tooltip' data-placement='right' title='所在地市:亳州市&#10;所属河流:包河'>颜集</span>", "05-14 08:00", "Ⅲ", "<span data-toggle='tooltip' data-placement='right' title='原始值：22.3'>22.3</span>", "<span data-toggle='tooltip' data-placement='right' title='原始值：7.94'>7.94</span>", "<span data-toggle='tooltip' data-placement='right' title='原始值：8.49'>8.49</span>", "<span data-toggle='tooltip' data-placement='right' title='原始值：1599.6'>1599.6</span>", "<span data-toggle='tooltip' data-placement='right' title='原始值：104.38'>104.4</span>", "<span data-toggle='tooltip' data-placement='right' title='原始值：3.73'>3.73</span>", "<span data-toggle='tooltip' data-placement='right' title='原始值：0.04'>0.040</span>", "<span data-toggle='tooltip' data-placement='right' title='原始值：0.2'>0.200</span>", "<span data-toggle='tooltip' data-placement='right' title='原始值：3.452'>3.45</span>", "*", "*", "正常"], ["福建省", "浙闽片河流", "<span data-toggle='tooltip' data-placement='right' title='所在地市:福州市&#10;所属河流:闽江'>白岩潭</span>", "05-14 08:00", "-", "<span data-toggle='tooltip' data-placement='right' title='原始值：23.24'>23.2</span>", "<span data-toggle='tooltip' data-placement='right' title='原始值：6.71'>6.71</span>", "<span data-toggle='tooltip' data-placement='right' title='原始值：7.88'>7.88</span>", "<span data-toggle='tooltip' data-placement='right' title='原始值：179.3'>179.3</span>", "<span data-toggle='tooltip' data-placement='right' title='原始值：39.37'>39.4</span>", "<span data-toggle='tooltip' data-placement='right' title='原始值：2.07'>2.07</span>", "<span data-toggle='tooltip' data-placement='right' title='原始值：0.11'>0.110</span>", "*", "*", "*", "*", "正常"], ["江西省", "长江流域", "<span data-toggle='tooltip' data-placement='right' title='所在地市:南昌市&#10;所属河流:赣江南支'>滁槎</span>", "05-14 08:00", "", "<span data-toggle='tooltip' data-placement='right' title='原始值：26.06768'>26.1</span>", "<span data-toggle='tooltip' data-placement='right' title='原始值：7.12749'>7.13</span>", "<span data-toggle='tooltip' data-placement='right' title='原始值：8.593'>8.59</span>", "<span data-toggle='tooltip' data-placement='right' title='原始值：162.6007'>162.6</span>", "<span data-toggle='tooltip' data-placement='right' title='原始值：10.46692'>10.5</span>", "<span data-toggle='tooltip' data-placement='right' title='极值过滤'>--</span>", "<span data-toggle='tooltip' data-placement='right' title='极值过滤'>--</span>", "<span data-toggle='tooltip' data-placement='right' title='原始值：0.06875'>0.069</span>", "<span data-toggle='tooltip' data-placement='right' title='原始值：2.535'>2.54</span>", "*", "*", "维护"], ["江西省", "长江流域", "<span data-toggle='tooltip' data-placement='right' title='所在地市:九江市&#10;所属河流:长江'>姚港(河西水厂)</span>", null, "", "--", "--", "--", "--", "--", "--", "--", "--", "--", "*", "*", "停站"], ["江西省", "长江流域", "<span data-toggle='tooltip' data-placement='right' title='所在地市:九江市&#10;所属河流:鄱阳湖'>蛤蟆石</span>", null, "", "--", "--", "--", "--", "--", "--", "--", "--", "--", "--", "--", "停站"], ["山东省", "黄河流域", "<span data-toggle='tooltip' data-placement='right' title='所在地市:济南市&#10;所属河流:黄河'>泺口</span>", "05-14 08:00", "Ⅱ", "<span data-toggle='tooltip' data-placement='right' title='原始值：19.5134'>19.5</span>", "<span data-toggle='tooltip' data-placement='right' title='原始值：8.28926'>8.29</span>", "<span data-toggle='tooltip' data-placement='right' title='原始值：8.57138'>8.57</span>", "<span data-toggle='tooltip' data-placement='right' title='原始值：1001.72'>1001.7</span>", "<span data-toggle='tooltip' data-placement='right' title='原始值：849.432'>849.4</span>", "<span data-toggle='tooltip' data-placement='right' title='原始值：1.94'>1.94</span>", "<span data-toggle='tooltip' data-placement='right' title='原始值：0.17968'>0.180</span>", "<span data-toggle='tooltip' data-placement='right' title='原始值：0.01981'>0.020</span>", "<span data-toggle='tooltip' data-placement='right' title='原始值：3.496'>3.50</span>", "*", "*", "正常"], ["山东省", "淮河流域", "<span data-toggle='tooltip' data-placement='right' title='所在地市:枣庄市&#10;所属河流:京杭大运河（韩庄运河）'>台儿庄大桥</span>", "05-14 08:00", "Ⅱ", "<span data-toggle='tooltip' data-placement='right' title='原始值：20.98001'>21.0</span>", "<span data-toggle='tooltip' data-placement='right' title='原始值：7.81195'>7.81</span>", "<span data-toggle='tooltip' data-placement='right' title='原始值：7.65154'>7.65</span>", "<span data-toggle='tooltip' data-placement='right' title='原始值：717.2958'>717.3</span>", "<span data-toggle='tooltip' data-placement='right' title='原始值：26.67085'>26.7</span>", "<span data-toggle='tooltip' data-placement='right' title='原始值：3.75765'>3.76</span>", "<span data-toggle='tooltip' data-placement='right' title='原始值：0.02784'>0.028</span>", "<span data-toggle='tooltip' data-placement='right' title='原始值：0.05729'>0.057</span>", "<span data-toggle='tooltip' data-placement='right' title='原始值：1.25827'>1.26</span>", "*", "*", "正常"], ["山东省", "淮河流域", "<span data-toggle='tooltip' data-placement='right' title='所在地市:临沂市&#10;所属河流:沭河'>清泉寺</span>", "05-14 08:00", "-", "<span data-toggle='tooltip' data-placement='right' title='原始值：21.28363'>21.3</span>", "<span data-toggle='tooltip' data-placement='right' title='原始值：7.64946'>7.65</span>", "<span data-toggle='tooltip' data-placement='right' title='原始值：5.25893'>5.26</span>", "<span data-toggle='tooltip' data-placement='right' title='原始值：1247.742'>1247.7</span>", "<span data-toggle='tooltip' data-placement='right' title='原始值：15.97901'>16.0</span>", "<span data-toggle='tooltip' data-placement='right' title='原始值：6.52'>6.52</span>", "<span data-toggle='tooltip' data-placement='right' title='原始值：0.16'>0.160</span>", "*", "*", "*", "*", "正常"], ["山东省", "淮河流域", "<span data-toggle='tooltip' data-placement='right' title='所在地市:临沂市&#10;所属河流:沂河'>重坊桥</span>", "05-14 08:00", "-", "<span data-toggle='tooltip' data-placement='right' title='原始值：21.19157'>21.2</span>", "<span data-toggle='tooltip' data-placement='right' title='原始值：7.34999'>7.35</span>", "<span data-toggle='tooltip' data-placement='right' title='原始值：6.21831'>6.22</span>", "<span data-toggle='tooltip' data-placement='right' title='原始值：872'>872.0</span>", "<span data-toggle='tooltip' data-placement='right' title='原始值：1.71122'>1.7</span>", "<span data-toggle='tooltip' data-placement='right' title='原始值：3.36'>3.36</span>", "<span data-toggle='tooltip' data-placement='right' title='原始值：0.09227'>0.092</span>", "*", "*", "*", "*", "正常"], ["山东省", "淮河流域", "<span data-toggle='tooltip' data-placement='right' title='所在地市:临沂市&#10;所属河流:白马河'>捷庄(涝沟桥)</span>", "05-14 08:00", "Ⅲ", "<span data-toggle='tooltip' data-placement='right' title='原始值：22.6'>22.6</span>", "<span data-toggle='tooltip' data-placement='right' title='原始值：7.26'>7.26</span>", "<span data-toggle='tooltip' data-placement='right' title='原始值：8.54432'>8.54</span>", "<span data-toggle='tooltip' data-placement='right' title='原始值：964'>964.0</span>", "<span data-toggle='tooltip' data-placement='right' title='原始值：36.54356'>36.5</span>", "<span data-toggle='tooltip' data-placement='right' title='原始值：5.22'>5.22</span>", "<span data-toggle='tooltip' data-placement='right' title='原始值：0.06087'>0.061</span>", "<span data-toggle='tooltip' data-placement='right' title='原始值：0.09233'>0.092</span>", "<span data-toggle='tooltip' data-placement='right' title='原始值：2.40518'>2.41</span>", "*", "*", "正常"], ["山东省", "海河流域", "<span data-toggle='tooltip' data-placement='right' title='所在地市:聊城市&#10;所属河流:卫运河'>秤勾湾(秤钩湾)</span>", null, "", "--", "--", "--", "--", "--", "--", "--", "--", "--", "*", "*", "停站"], ["河南省", "长江流域", "<span data-toggle='tooltip' data-placement='right' title='所在地市:南阳市&#10;所属河流:丹江口水库'>陶岔</span>", "05-14 04:00", "Ⅱ", "<span data-toggle='tooltip' data-placement='right' title='原始值：20.68'>20.7</span>", "<span data-toggle='tooltip' data-placement='right' title='原始值：8.0781'>8.08</span>", "<span data-toggle='tooltip' data-placement='right' title='原始值：8.9643'>8.96</span>", "<span data-toggle='tooltip' data-placement='right' title='原始值：301.3265'>301.3</span>", "<span data-toggle='tooltip' data-placement='right' title='原始值：2.69375'>2.7</span>", "<span data-toggle='tooltip' data-placement='right' title='原始值：3.38'>3.38</span>", "<span data-toggle='tooltip' data-placement='right' title='原始值：0.01408'>0.014</span>", "<span data-toggle='tooltip' data-placement='right' title='原始值：0.00755'>0.008</span>", "<span data-toggle='tooltip' data-placement='right' title='原始值：0.86684'>0.87</span>", "<span data-toggle='tooltip' data-placement='right' title='原始值：0.04723'>0.047</span>", "<span data-toggle='tooltip' data-placement='right' title='原始值：223354.4'>223354</span>", "正常"], ["河南省", "淮河流域", "<span data-toggle='tooltip' data-placement='right' title='所在地市:商丘市&#10;所属河流:浍河'>黄口</span>", "05-14 08:00", "Ⅲ", "<span data-toggle='tooltip' data-placement='right' title='原始值：22.49688'>22.5</span>", "<span data-toggle='tooltip' data-placement='right' title='原始值：8.15031'>8.15</span>", "<span data-toggle='tooltip' data-placement='right' title='原始值：7.43032'>7.43</span>", "<span data-toggle='tooltip' data-placement='right' title='原始值：2803.841'>2803.8</span>", "<span data-toggle='tooltip' data-placement='right' title='原始值：44.00009'>44.0</span>", "<span data-toggle='tooltip' data-placement='right' title='原始值：5.25'>5.25</span>", "<span data-toggle='tooltip' data-placement='right' title='原始值：0.05938'>0.059</span>", "<span data-toggle='tooltip' data-placement='right' title='原始值：0.1285'>0.128</span>", "<span data-toggle='tooltip' data-placement='right' title='原始值：0.82305'>0.82</span>", "*", "*", "正常"], ["河南省", "淮河流域", "<span data-toggle='tooltip' data-placement='right' title='所在地市:信阳市&#10;所属河流:史灌河'>蒋集</span>", "05-14 08:00", "-", "<span data-toggle='tooltip' data-placement='right' title='原始值：26.2'>26.2</span>", "<span data-toggle='tooltip' data-placement='right' title='原始值：8.428'>8.43</span>", "<span data-toggle='tooltip' data-placement='right' title='原始值：6.795'>6.80</span>", "<span data-toggle='tooltip' data-placement='right' title='极值过滤'>--</span>", "<span data-toggle='tooltip' data-placement='right' title='极值过滤'>--</span>", "<span data-toggle='tooltip' data-placement='right' title='原始值：3.02'>3.02</span>", "<span data-toggle='tooltip' data-placement='right' title='原始值：0.0358'>0.036</span>", "*", "*", "*", "*", "维护"], ["河南省", "淮河流域", "<span data-toggle='tooltip' data-placement='right' title='所在地市:信阳市&#10;所属河流:淮河'>淮滨水文站(淮滨)</span>", "05-14 08:00", "Ⅱ", "<span data-toggle='tooltip' data-placement='right' title='原始值：20.79922'>20.8</span>", "<span data-toggle='tooltip' data-placement='right' title='原始值：7.36'>7.36</span>", "<span data-toggle='tooltip' data-placement='right' title='原始值：6.86266'>6.86</span>", "<span data-toggle='tooltip' data-placement='right' title='原始值：326.9923'>327.0</span>", "<span data-toggle='tooltip' data-placement='right' title='原始值：37.08136'>37.1</span>", "<span data-toggle='tooltip' data-placement='right' title='原始值：2.28594'>2.29</span>", "<span data-toggle='tooltip' data-placement='right' title='原始值：0.09989'>0.100</span>", "<span data-toggle='tooltip' data-placement='right' title='原始值：0.07511'>0.075</span>", "<span data-toggle='tooltip' data-placement='right' title='原始值：1.73222'>1.73</span>", "*", "*", "正常"], ["河南省", "淮河流域", "<span data-toggle='tooltip' data-placement='right' title='所在地市:周口市&#10;所属河流:沙河'>沈丘闸</span>", "05-14 08:00", "-", "<span data-toggle='tooltip' data-placement='right' title='原始值：21.14305'>21.1</span>", "<span data-toggle='tooltip' data-placement='right' title='原始值：7.60911'>7.61</span>", "<span data-toggle='tooltip' data-placement='right' title='原始值：5.4517'>5.45</span>", "<span data-toggle='tooltip' data-placement='right' title='原始值：908'>908.0</span>", "<span data-toggle='tooltip' data-placement='right' title='原始值：5.78438'>5.8</span>", "<span data-toggle='tooltip' data-placement='right' title='原始值：3.555'>3.56</span>", "<span data-toggle='tooltip' data-placement='right' title='原始值：0.31'>0.310</span>", "*", "*", "*", "*", "正常"], ["河南省", "淮河流域", "<span data-toggle='tooltip' data-placement='right' title='所在地市:周口市&#10;所属河流:涡河'>鹿邑付桥(鹿邑付桥闸)</span>", "05-14 08:00", "Ⅱ", "<span data-toggle='tooltip' data-placement='right' title='原始值：23.25711'>23.3</span>", "<span data-toggle='tooltip' data-placement='right' title='原始值：8.75797'>8.76</span>", "<span data-toggle='tooltip' data-placement='right' title='原始值：10.42422'>10.42</span>", "<span data-toggle='tooltip' data-placement='right' title='原始值：1421.554'>1421.6</span>", "<span data-toggle='tooltip' data-placement='right' title='原始值：7.52758'>7.5</span>", "<span data-toggle='tooltip' data-placement='right' title='原始值：3.42'>3.42</span>", "<span data-toggle='tooltip' data-placement='right' title='原始值：0.03'>0.030</span>", "<span data-toggle='tooltip' data-placement='right' title='原始值：0.0783'>0.078</span>", "<span data-toggle='tooltip' data-placement='right' title='原始值：1.07879'>1.08</span>", "*", "*", "正常"], ["河南省", "淮河流域", "<span data-toggle='tooltip' data-placement='right' title='所在地市:驻马店市&#10;所属河流:洪河'>新蔡班台(班台)</span>", "05-14 08:00", "Ⅳ", "<span data-toggle='tooltip' data-placement='right' title='原始值：24.17688'>24.2</span>", "<span data-toggle='tooltip' data-placement='right' title='原始值：6.94556'>6.95</span>", "<span data-toggle='tooltip' data-placement='right' title='原始值：8.11191'>8.11</span>", "<span data-toggle='tooltip' data-placement='right' title='原始值：1342.354'>1342.4</span>", "<span data-toggle='tooltip' data-placement='right' title='原始值：3.74378'>3.7</span>", "<span data-toggle='tooltip' data-placement='right' title='原始值：4.58'>4.58</span>", "<span data-toggle='tooltip' data-placement='right' title='原始值：0.23'>0.230</span>", "<span data-toggle='tooltip' data-placement='right' title='原始值：0.22751'>0.228</span>", "<span data-toggle='tooltip' data-placement='right' title='原始值：0'>0</span>", "*", "*", "正常"], ["河南省", "黄河流域", "<span data-toggle='tooltip' data-placement='right' title='所在地市:济源市&#10;所属河流:黄河'>小浪底水库(小浪底)</span>", "05-14 08:00", "Ⅱ", "<span data-toggle='tooltip' data-placement='right' title='原始值：14.01583'>14.0</span>", "<span data-toggle='tooltip' data-placement='right' title='原始值：8.72322'>8.72</span>", "<span data-toggle='tooltip' data-placement='right' title='原始值：8.54364'>8.54</span>", "<span data-toggle='tooltip' data-placement='right' title='原始值：989.4616'>989.5</span>", "<span data-toggle='tooltip' data-placement='right' title='原始值：2.16516'>2.2</span>", "<span data-toggle='tooltip' data-placement='right' title='原始值：2.0375'>2.04</span>", "<span data-toggle='tooltip' data-placement='right' title='原始值：0.13'>0.130</span>", "<span data-toggle='tooltip' data-placement='right' title='原始值：0.04'>0.040</span>", "<span data-toggle='tooltip' data-placement='right' title='原始值：4.6175'>4.62</span>", "*", "*", "正常"], ["湖北省", "长江流域", "<span data-toggle='tooltip' data-placement='right' title='所在地市:武汉市&#10;所属河流:汉江'>宗关</span>", "05-14 04:00", "Ⅱ", "<span data-toggle='tooltip' data-placement='right' title='原始值：21.01946'>21.0</span>", "<span data-toggle='tooltip' data-placement='right' title='原始值：7.56611'>7.57</span>", "<span data-toggle='tooltip' data-placement='right' title='原始值：9.40385'>9.40</span>", "<span data-toggle='tooltip' data-placement='right' title='原始值：332.2256'>332.2</span>", "<span data-toggle='tooltip' data-placement='right' title='原始值：23.13186'>23.1</span>", "<span data-toggle='tooltip' data-placement='right' title='原始值：2.3'>2.30</span>", "<span data-toggle='tooltip' data-placement='right' title='原始值：0.25'>0.250</span>", "<span data-toggle='tooltip' data-placement='right' title='原始值：0.0815'>0.082</span>", "<span data-toggle='tooltip' data-placement='right' title='原始值：2.11537'>2.12</span>", "*", "*", "正常"], ["湖北省", "长江流域", "<span data-toggle='tooltip' data-placement='right' title='所在地市:十堰市&#10;所属河流:丹江口水库'>坝上中(胡家岭)</span>", "05-14 08:08", "Ⅱ", "<span data-toggle='tooltip' data-placement='right' title='原始值：19.99924'>20.0</span>", "<span data-toggle='tooltip' data-placement='right' title='原始值：7.71888'>7.72</span>", "<span data-toggle='tooltip' data-placement='right' title='原始值：8.96522'>8.97</span>", "<span data-toggle='tooltip' data-placement='right' title='原始值：338.8846'>338.9</span>", "<span data-toggle='tooltip' data-placement='right' title='原始值：1.42475'>1.4</span>", "<span data-toggle='tooltip' data-placement='right' title='原始值：1.78'>1.78</span>", "<span data-toggle='tooltip' data-placement='right' title='原始值：0.16'>0.160</span>", "<span data-toggle='tooltip' data-placement='right' title='原始值：0.0086'>0.009</span>", "<span data-toggle='tooltip' data-placement='right' title='原始值：1.252'>1.25</span>", "<span data-toggle='tooltip' data-placement='right' title='原始值：0.00164'>0.002</span>", "<span data-toggle='tooltip' data-placement='right' title='原始值：7276903'>7276903</span>", "正常"], ["湖北省", "长江流域", "<span data-toggle='tooltip' data-placement='right' title='所在地市:宜昌市&#10;所属河流:长江'>南津关</span>", null, "", "--", "--", "--", "--", "--", "--", "--", "--", "--", "*", "*", "停站"], ["湖南省", "长江流域", "<span data-toggle='tooltip' data-placement='right' title='所在地市:长沙市&#10;所属河流:湘江'>新港</span>", null, "", "--", "--", "--", "--", "--", "--", "--", "--", "--", "*", "*", "停站"], ["湖南省", "长江流域", "<span data-toggle='tooltip' data-placement='right' title='所在地市:岳阳市&#10;所属河流:洞庭湖'>岳阳楼</span>", null, "", "--", "--", "--", "--", "--", "--", "--", "--", "--", "--", "--", "停站"], ["湖南省", "长江流域", "<span data-toggle='tooltip' data-placement='right' title='所在地市:岳阳市&#10;所属河流:长江'>城陵矶</span>", null, "", "--", "--", "--", "--", "--", "--", "--", "--", "--", "*", "*", "停站"], ["广东省", "珠江流域", "<span data-toggle='tooltip' data-placement='right' title='所在地市:清远市&#10;所属河流:北江'>七星岗</span>", "05-14 08:00", "Ⅱ", "<span data-toggle='tooltip' data-placement='right' title='原始值：26.48462'>26.5</span>", "<span data-toggle='tooltip' data-placement='right' title='原始值：7.73398'>7.73</span>", "<span data-toggle='tooltip' data-placement='right' title='原始值：6.46485'>6.46</span>", "<span data-toggle='tooltip' data-placement='right' title='原始值：204.2801'>204.3</span>", "<span data-toggle='tooltip' data-placement='right' title='原始值：13.01214'>13.0</span>", "<span data-toggle='tooltip' data-placement='right' title='原始值：0.88'>0.88</span>", "<span data-toggle='tooltip' data-placement='right' title='原始值：0.18769'>0.188</span>", "<span data-toggle='tooltip' data-placement='right' title='原始值：0.02053'>0.021</span>", "<span data-toggle='tooltip' data-placement='right' title='原始值：1.809'>1.81</span>", "*", "*", "正常"], ["广东省", "珠江流域", "<span data-toggle='tooltip' data-placement='right' title='所在地市:中山市&#10;所属河流:西江'>横栏</span>", "05-14 08:00", "-", "<span data-toggle='tooltip' data-placement='right' title='原始值：24.8'>24.8</span>", "<span data-toggle='tooltip' data-placement='right' title='原始值：8.21'>8.21</span>", "<span data-toggle='tooltip' data-placement='right' title='原始值：7.47'>7.47</span>", "<span data-toggle='tooltip' data-placement='right' title='原始值：292'>292.0</span>", "<span data-toggle='tooltip' data-placement='right' title='原始值：8.8'>8.8</span>", "<span data-toggle='tooltip' data-placement='right' title='原始值：1.62'>1.62</span>", "<span data-toggle='tooltip' data-placement='right' title='原始值：0.13316'>0.133</span>", "*", "*", "*", "*", "正常"], ["广西壮族自治区", "珠江流域", "<span data-toggle='tooltip' data-placement='right' title='所在地市:南宁市&#10;所属河流:邕江'>老口</span>", "05-14 08:00", "Ⅱ", "<span data-toggle='tooltip' data-placement='right' title='原始值：26.98943'>27.0</span>", "<span data-toggle='tooltip' data-placement='right' title='原始值：7.60616'>7.61</span>", "<span data-toggle='tooltip' data-placement='right' title='原始值：7.23361'>7.23</span>", "<span data-toggle='tooltip' data-placement='right' title='原始值：277.8099'>277.8</span>", "<span data-toggle='tooltip' data-placement='right' title='原始值：11.47214'>11.5</span>", "<span data-toggle='tooltip' data-placement='right' title='原始值：2.1088'>2.11</span>", "<span data-toggle='tooltip' data-placement='right' title='原始值：0.10529'>0.105</span>", "<span data-toggle='tooltip' data-placement='right' title='原始值：0.02536'>0.025</span>", "<span data-toggle='tooltip' data-placement='right' title='原始值：1.50454'>1.50</span>", "*", "*", "正常"], ["广西壮族自治区", "珠江流域", "<span data-toggle='tooltip' data-placement='right' title='所在地市:桂林市&#10;所属河流:漓江'>阳朔</span>", "05-14 04:00", "Ⅳ", "<span data-toggle='tooltip' data-placement='right' title='原始值：24'>24.0</span>", "<span data-toggle='tooltip' data-placement='right' title='原始值：7.43968'>7.44</span>", "<span data-toggle='tooltip' data-placement='right' title='原始值：4.85001'>4.85</span>", "<span data-toggle='tooltip' data-placement='right' title='原始值：184'>184.0</span>", "<span data-toggle='tooltip' data-placement='right' title='原始值：3.8998'>3.9</span>", "<span data-toggle='tooltip' data-placement='right' title='原始值：1.24'>1.24</span>", "<span data-toggle='tooltip' data-placement='right' title='原始值：0.0659'>0.066</span>", "<span data-toggle='tooltip' data-placement='right' title='原始值：0.00326'>0.003</span>", "<span data-toggle='tooltip' data-placement='right' title='原始值：1.8987'>1.90</span>", "*", "*", "正常"], ["广西壮族自治区", "珠江流域", "<span data-toggle='tooltip' data-placement='right' title='所在地市:梧州市&#10;所属河流:浔江'>界首</span>", null, "", "--", "--", "--", "--", "--", "--", "--", "--", "--", "*", "*", "停站"], ["广西壮族自治区", "珠江流域", "<span data-toggle='tooltip' data-placement='right' title='所在地市:贵港市&#10;所属河流:浔江'>石嘴</span>", "05-14 08:00", "Ⅱ", "<span data-toggle='tooltip' data-placement='right' title='原始值：27.33138'>27.3</span>", "<span data-toggle='tooltip' data-placement='right' title='原始值：7.01904'>7.02</span>", "<span data-toggle='tooltip' data-placement='right' title='原始值：8.19168'>8.19</span>", "<span data-toggle='tooltip' data-placement='right' title='原始值：318.5314'>318.5</span>", "<span data-toggle='tooltip' data-placement='right' title='原始值：66.04869'>66.0</span>", "<span data-toggle='tooltip' data-placement='right' title='原始值：1.67'>1.67</span>", "<span data-toggle='tooltip' data-placement='right' title='原始值：0.08'>0.080</span>", "<span data-toggle='tooltip' data-placement='right' title='原始值：0.02958'>0.030</span>", "<span data-toggle='tooltip' data-placement='right' title='原始值：2.8971'>2.90</span>", "*", "*", "正常"], ["广西壮族自治区", "珠江流域", "<span data-toggle='tooltip' data-placement='right' title='所在地市:崇左市&#10;所属河流:平而河'>平而关</span>", "05-14 08:00", "-", "<span data-toggle='tooltip' data-placement='right' title='原始值：29.18248'>29.2</span>", "<span data-toggle='tooltip' data-placement='right' title='原始值：7.95166'>7.95</span>", "<span data-toggle='tooltip' data-placement='right' title='原始值：7.11792'>7.12</span>", "<span data-toggle='tooltip' data-placement='right' title='原始值：239.448'>239.4</span>", "<span data-toggle='tooltip' data-placement='right' title='原始值：20.17019'>20.2</span>", "<span data-toggle='tooltip' data-placement='right' title='原始值：0.6977'>0.70</span>", "<span data-toggle='tooltip' data-placement='right' title='原始值：0.2'>0.200</span>", "*", "*", "*", "*", "正常"], ["重庆市", "长江流域", "<span data-toggle='tooltip' data-placement='right' title='所在地市:永川区&#10;所属河流:长江'>朱沱</span>", null, "", "--", "--", "--", "--", "--", "--", "--", "--", "--", "*", "*", "停站"], ["四川省", "长江流域", "<span data-toggle='tooltip' data-placement='right' title='所在地市:攀枝花市&#10;所属河流:金沙江'>龙洞</span>", "05-14 08:00", "Ⅰ", "<span data-toggle='tooltip' data-placement='right' title='原始值：19.54096'>19.5</span>", "<span data-toggle='tooltip' data-placement='right' title='原始值：8.16028'>8.16</span>", "<span data-toggle='tooltip' data-placement='right' title='原始值：8.57168'>8.57</span>", "<span data-toggle='tooltip' data-placement='right' title='原始值：701.9384'>701.9</span>", "<span data-toggle='tooltip' data-placement='right' title='原始值：1.98189'>2.0</span>", "<span data-toggle='tooltip' data-placement='right' title='原始值：1.06'>1.06</span>", "<span data-toggle='tooltip' data-placement='right' title='原始值：0.07'>0.070</span>", "<span data-toggle='tooltip' data-placement='right' title='原始值：0.00745'>0.007</span>", "<span data-toggle='tooltip' data-placement='right' title='原始值：0.43281'>0.43</span>", "*", "*", "正常"], ["四川省", "长江流域", "<span data-toggle='tooltip' data-placement='right' title='所在地市:泸州市&#10;所属河流:沱江'>沱江大桥(沱江二桥)</span>", null, "", "--", "--", "--", "--", "--", "--", "--", "--", "--", "*", "*", "停站"], ["四川省", "长江流域", "<span data-toggle='tooltip' data-placement='right' title='所在地市:广元市&#10;所属河流:嘉陵江'>清风峡</span>", "05-14 08:00", "-", "<span data-toggle='tooltip' data-placement='right' title='原始值：19.09998'>19.1</span>", "<span data-toggle='tooltip' data-placement='right' title='原始值：7.98999'>7.99</span>", "<span data-toggle='tooltip' data-placement='right' title='原始值：9.65372'>9.65</span>", "<span data-toggle='tooltip' data-placement='right' title='原始值：306'>306.0</span>", "<span data-toggle='tooltip' data-placement='right' title='原始值：131.3944'>131.4</span>", "<span data-toggle='tooltip' data-placement='right' title='原始值：3.29'>3.29</span>", "<span data-toggle='tooltip' data-placement='right' title='原始值：0.01909'>0.019</span>", "*", "*", "*", "*", "正常"], ["四川省", "长江流域", "<span data-toggle='tooltip' data-placement='right' title='所在地市:乐山市&#10;所属河流:岷江'>岷江大桥</span>", "05-14 08:00", "-", "<span data-toggle='tooltip' data-placement='right' title='原始值：24.82449'>24.8</span>", "<span data-toggle='tooltip' data-placement='right' title='原始值：7.71659'>7.72</span>", "<span data-toggle='tooltip' data-placement='right' title='原始值：6.82376'>6.82</span>", "<span data-toggle='tooltip' data-placement='right' title='原始值：553.9094'>553.9</span>", "<span data-toggle='tooltip' data-placement='right' title='原始值：19.09437'>19.1</span>", "<span data-toggle='tooltip' data-placement='right' title='原始值：3.86'>3.86</span>", "<span data-toggle='tooltip' data-placement='right' title='原始值：0.31'>0.310</span>", "*", "*", "*", "*", "正常"], ["四川省", "长江流域", "<span data-toggle='tooltip' data-placement='right' title='所在地市:宜宾市&#10;所属河流:岷江'>凉姜沟</span>", null, "", "--", "--", "--", "--", "--", "--", "--", "--", "--", "*", "*", "停站"], ["云南省", "滇池流域", "<span data-toggle='tooltip' data-placement='right' title='所在地市:昆明市&#10;所属河流:滇池'>西苑隧道</span>", "05-14 08:02", "Ⅴ", "<span data-toggle='tooltip' data-placement='right' title='原始值：22.16384'>22.2</span>", "<span data-toggle='tooltip' data-placement='right' title='原始值：7.74477'>7.74</span>", "<span data-toggle='tooltip' data-placement='right' title='原始值：4.96539'>4.97</span>", "<span data-toggle='tooltip' data-placement='right' title='原始值：608.6174'>608.6</span>", "<span data-toggle='tooltip' data-placement='right' title='原始值：26.76864'>26.8</span>", "<span data-toggle='tooltip' data-placement='right' title='原始值：10.26001'>10.26</span>", "<span data-toggle='tooltip' data-placement='right' title='原始值：0.32'>0.320</span>", "<span data-toggle='tooltip' data-placement='right' title='原始值：0.15622'>0.156</span>", "<span data-toggle='tooltip' data-placement='right' title='原始值：5.79228'>5.79</span>", "<span data-toggle='tooltip' data-placement='right' title='原始值：0.04414'>0.044</span>", "<span data-toggle='tooltip' data-placement='right' title='原始值：6275771'>6275771</span>", "正常"], ["云南省", "滇池流域", "<span data-toggle='tooltip' data-placement='right' title='所在地市:昆明市&#10;所属河流:滇池'>观音山</span>", null, "", "--", "--", "--", "--", "--", "--", "--", "--", "--", "--", "--", "维护"], ["云南省", "西南诸河", "<span data-toggle='tooltip' data-placement='right' title='所在地市:红河哈尼族彝族自治州&#10;所属河流:红河'>河口县医院(河口)</span>", "05-14 08:00", "Ⅱ", "<span data-toggle='tooltip' data-placement='right' title='原始值：26.4'>26.4</span>", "<span data-toggle='tooltip' data-placement='right' title='原始值：7.87'>7.87</span>", "<span data-toggle='tooltip' data-placement='right' title='原始值：7.71998'>7.72</span>", "<span data-toggle='tooltip' data-placement='right' title='原始值：257.998'>258.0</span>", "<span data-toggle='tooltip' data-placement='right' title='原始值：177.5636'>177.6</span>", "<span data-toggle='tooltip' data-placement='right' title='原始值：0.94'>0.94</span>", "<span data-toggle='tooltip' data-placement='right' title='原始值：0.19957'>0.200</span>", "<span data-toggle='tooltip' data-placement='right' title='原始值：0.07609'>0.076</span>", "<span data-toggle='tooltip' data-placement='right' title='原始值：0.91844'>0.92</span>", "*", "*", "正常"], ["云南省", "西南诸河", "<span data-toggle='tooltip' data-placement='right' title='所在地市:西双版纳傣族自治州&#10;所属河流:澜沧江'>橄榄坝</span>", "05-14 08:01", "-", "<span data-toggle='tooltip' data-placement='right' title='原始值：18.64041'>18.6</span>", "<span data-toggle='tooltip' data-placement='right' title='原始值：7.41876'>7.42</span>", "<span data-toggle='tooltip' data-placement='right' title='原始值：7.32509'>7.33</span>", "<span data-toggle='tooltip' data-placement='right' title='原始值：366.5778'>366.6</span>", "<span data-toggle='tooltip' data-placement='right' title='原始值：5.4416'>5.4</span>", "<span data-toggle='tooltip' data-placement='right' title='原始值：0'>0</span>", "<span data-toggle='tooltip' data-placement='right' title='原始值：0.08032'>0.080</span>", "*", "*", "*", "*", "正常"], ["陕西省", "黄河流域", "<span data-toggle='tooltip' data-placement='right' title='所在地市:渭南市&#10;所属河流:渭河'>潼关吊桥</span>", "05-14 04:08", "Ⅴ", "<span data-toggle='tooltip' data-placement='right' title='原始值：22.2'>22.2</span>", "<span data-toggle='tooltip' data-placement='right' title='原始值：7.62'>7.62</span>", "<span data-toggle='tooltip' data-placement='right' title='原始值：6.59'>6.59</span>", "<span data-toggle='tooltip' data-placement='right' title='原始值：724'>724.0</span>", "<span data-toggle='tooltip' data-placement='right' title='原始值：114.3547'>114.4</span>", "<span data-toggle='tooltip' data-placement='right' title='原始值：14.82'>14.82</span>", "<span data-toggle='tooltip' data-placement='right' title='原始值：0.12'>0.120</span>", "<span data-toggle='tooltip' data-placement='right' title='原始值：0.03249'>0.032</span>", "<span data-toggle='tooltip' data-placement='right' title='原始值：6.2376'>6.24</span>", "*", "*", "正常"], ["甘肃省", "黄河流域", "<span data-toggle='tooltip' data-placement='right' title='所在地市:兰州市&#10;所属河流:黄河'>新城桥</span>", "05-14 08:00", "Ⅱ", "<span data-toggle='tooltip' data-placement='right' title='原始值：13.44034'>13.4</span>", "<span data-toggle='tooltip' data-placement='right' title='原始值：7.23582'>7.24</span>", "<span data-toggle='tooltip' data-placement='right' title='原始值：7.96257'>7.96</span>", "<span data-toggle='tooltip' data-placement='right' title='原始值：483.8242'>483.8</span>", "<span data-toggle='tooltip' data-placement='right' title='原始值：43.72645'>43.7</span>", "<span data-toggle='tooltip' data-placement='right' title='原始值：1.63'>1.63</span>", "<span data-toggle='tooltip' data-placement='right' title='原始值：0.15'>0.150</span>", "<span data-toggle='tooltip' data-placement='right' title='原始值：0.02648'>0.026</span>", "<span data-toggle='tooltip' data-placement='right' title='原始值：1.56199'>1.56</span>", "*", "*", "正常"], ["宁夏回族自治区", "黄河流域", "<span data-toggle='tooltip' data-placement='right' title='所在地市:中卫市&#10;所属河流:黄河'>中卫下河沿(新墩)</span>", "05-14 08:00", "Ⅱ", "<span data-toggle='tooltip' data-placement='right' title='原始值：15.63561'>15.6</span>", "<span data-toggle='tooltip' data-placement='right' title='原始值：7.86731'>7.87</span>", "<span data-toggle='tooltip' data-placement='right' title='原始值：8.14996'>8.15</span>", "<span data-toggle='tooltip' data-placement='right' title='原始值：479.3846'>479.4</span>", "<span data-toggle='tooltip' data-placement='right' title='原始值：223.7187'>223.7</span>", "<span data-toggle='tooltip' data-placement='right' title='原始值：2.15'>2.15</span>", "<span data-toggle='tooltip' data-placement='right' title='原始值：0.09'>0.090</span>", "<span data-toggle='tooltip' data-placement='right' title='原始值：0.0526'>0.053</span>", "<span data-toggle='tooltip' data-placement='right' title='原始值：1.805'>1.80</span>", "*", "*", "正常"]]}